gtin,image_url,page_url,checked_on,file
00074742,https://assets.sainsburys-groceries.co.uk/gol/30175/1/640x640.jpg,https://www.sainsburys.co.uk/groceries/product/sainsburys-raspberry-conserve-taste-the-difference-340g,2026-10-07,c1f6cf07b6b1.webp
00080477,https://assets.sainsburys-groceries.co.uk/gol/80477/1/640x640.jpg,https://www.sainsburys.co.uk/groceries/product/sainsburys-mackerel-fillets-in-tomato-sauce-125g,2026-10-08,4d40d00b4d61.webp
00084260,https://assets.sainsburys-groceries.co.uk/gol/84260/1/640x640.jpg,https://www.sainsburys.co.uk/groceries/product/sainsburys-macaroni-pasta-500g,2026-10-08,d195dd319a2b.webp
00100816,https://assets.sainsburys-groceries.co.uk/gol/7623571/image.jpg,https://www.sainsburys.co.uk/gol-ui/product/sainsburys-strawberry-jam-cream-horns-98g,2026-10-07,1d29cd533171.webp
00101639,https://assets.sainsburys-groceries.co.uk/gol/7624442/image.jpg,https://www.sainsburys.co.uk/gol-ui/product/sainsburys-sausage-rolls-x2-120g,2026-10-07,0f50eea91fc1.webp
00101813,https://assets.sainsburys-groceries.co.uk/gol/7624516/image.jpg,https://www.sainsburys.co.uk/gol-ui/product/sainsburys-sausage-rolls-x6-360g,2026-10-07,a92eff113572.webp
00108171,https://assets.sainsburys-groceries.co.uk/gol/7629539/image.jpg,https://www.sainsburys.co.uk/gol-ui/product/sainsburys-sweet-chilli-asc-scottish-salmon-portions-x2-180g-ready-to-eat,2026-10-07,540b8e1cd28e.webp
00109840,https://assets.sainsburys-groceries.co.uk/gol/7631771/image.jpg,https://www.sainsburys.co.uk/gol-ui/product/sainsburys-poppadoms-plain-64g,2026-10-07,a0ecadb29e00.webp
00109871,https://assets.sainsburys-groceries.co.uk/gol/7631795/image.jpg,https://www.sainsburys.co.uk/gol-ui/product/sainsburys-240g-broccoli-cauliflower,2026-10-07,a8c11678cc8e.webp
00113168,https://assets.sainsburys-groceries.co.uk/gol/113168/image.jpg,https://www.sainsburys.co.uk/gol-ui/product/sainsburys-petits-pois-910g,2026-10-07,4a727b3797be.webp
00118286,https://assets.sainsburys-groceries.co.uk/gol/7640099/image.jpg,https://www.sainsburys.co.uk/gol-ui/product/sainsburys-smoked-thick-cut-back-bacon-rashers-x6-300g,2026-10-07,c73a25cd4ab7.webp
00120265,https://assets.sainsburys-groceries.co.uk/gol/7641833/image.jpg,https://www.sainsburys.co.uk/gol-ui/product/sainsburys-smoked-air-dried-dry-cured-thinly-sliced-pancetta-taste-the-difference-180g,2026-10-07,9707405297b4.webp
00120807,https://assets.sainsburys-groceries.co.uk/gol/7642335/image.jpg,https://www.sainsburys.co.uk/gol-ui/product/sainsburys-16-cooked-ham-slices-375g,2026-10-07,a8529f3b385d.webp
00120814,https://assets.sainsburys-groceries.co.uk/gol/7642393/image.jpg,https://www.sainsburys.co.uk/gol-ui/product/sainsburys-12-breaded-cooked-ham-slices-240g,2026-10-07,fe8669b715c9.webp
00121019,https://assets.sainsburys-groceries.co.uk/gol/7642483/image.jpg,https://www.sainsburys.co.uk/gol-ui/product/sainsburys-12-cooked-ham-slices-240g,2026-10-07,50fe43d2fe04.webp
00121033,https://assets.sainsburys-groceries.co.uk/gol/7642487/image.jpg,https://www.sainsburys.co.uk/gol-ui/product/sainsburys-12-honey-roast-ham-slices-240g,2026-10-07,f1dfb6e9da9c.webp
00122030,https://assets.sainsburys-groceries.co.uk/gol/7644178/image.jpg,https://www.sainsburys.co.uk/gol-ui/product/sainsburys-sweet-potato-coconut-chilli-soup-taste-the-difference-600g,2026-10-07,6ae065943d03.webp
00129503,https://assets.sainsburys-groceries.co.uk/gol/7653037/image.jpg,https://www.sainsburys.co.uk/gol-ui/product/sainsburys-extra-mature-cheddar-cherrywood-smoked-bacon-quich-lorraine-taste-the-difference-400g,2026-10-07,52b79de64db4.webp
00130486,https://assets.sainsburys-groceries.co.uk/gol/130486/image.jpg,https://www.sainsburys.co.uk/gol-ui/product/sainsburys-ardennes-pate-170g,2026-10-07,b49535c92825.webp
00130677,https://assets.sainsburys-groceries.co.uk/gol/7655417/image.jpg,https://www.sainsburys.co.uk/gol-ui/product/sainsburys-beef-red-wine-gravy-taste-the-difference-450g-serves-4,2026-10-07,c61de591b1a0.webp
00131544,https://assets.sainsburys-groceries.co.uk/gol/131544/image.jpg,https://www.sainsburys.co.uk/gol-ui/product/sainsburys-brown-onions-x3,2026-10-07,1a52af609e49.webp
00133272,https://assets.sainsburys-groceries.co.uk/gol/7657263/image.jpg,https://www.sainsburys.co.uk/gol-ui/product/sainsburys-italian-parma-ham-slices-x6-80g,2026-10-07,4db8117676bb.webp
00133555,https://assets.sainsburys-groceries.co.uk/gol/7657423/image.jpg,https://www.sainsburys.co.uk/gol-ui/product/sainsburys-italian-antipasto-selection-120g,2026-10-07,fade62020859.webp
00133647,https://assets.sainsburys-groceries.co.uk/gol/7657472/image.jpg,https://www.sainsburys.co.uk/gol-ui/product/sainsburys-mortadella-slow-cooked-taste-the-difference-130g,2026-10-07,63d92732d9c9.webp
00133845,https://assets.sainsburys-groceries.co.uk/gol/7657802/image.jpg,https://www.sainsburys.co.uk/gol-ui/product/sainsburys-2l-fresher-for-longer-filtered-semi-skimmed-milk,2026-10-07,d3722f505376.webp
00136860,https://assets.sainsburys-groceries.co.uk/gol/7659897/image.jpg,https://www.sainsburys.co.uk/gol-ui/product/sainsburys-best-of-british-apples-x6,2026-10-07,fa4b6bbabe6c.webp
00146098,https://assets.sainsburys-groceries.co.uk/gol/7665214/image.jpg,https://www.sainsburys.co.uk/gol-ui/product/sainsburys-natural-yogurt-500g,2026-10-07,db455c8b22e7.webp
00159111,https://assets.sainsburys-groceries.co.uk/gol/7683267/1/640x640.jpg,https://www.sainsburys.co.uk/groceries/product/sainsburys-coconut-milk-400ml,2026-10-08,5119c05b2938.webp
00159197,https://assets.sainsburys-groceries.co.uk/gol/7683516/image.jpg,https://www.sainsburys.co.uk/gol-ui/product/sainsburys-black-pepper-sea-salt-croutons-100g,2026-10-07,10c733b6610f.webp
00159388,https://assets.sainsburys-groceries.co.uk/gol/7683692/1/640x640.jpg,https://www.sainsburys.co.uk/groceries/product/sainsburys-coconut-cream-250ml,2026-10-07,e0850fcfa52a.webp
00160582,https://assets.sainsburys-groceries.co.uk/gol/7684903/image.jpg,https://www.sainsburys.co.uk/gol-ui/product/sainsburys-mini-plain-naan-x4-188g,2026-10-07,7dfa266700ac.webp
00160599,https://assets.sainsburys-groceries.co.uk/gol/7684923/image.jpg,https://www.sainsburys.co.uk/gol-ui/product/sainsburys-garlic-coriander-mini-naan-x4-188g,2026-10-07,f5690671094c.webp
00160605,https://assets.sainsburys-groceries.co.uk/gol/7684925/image.jpg,https://www.sainsburys.co.uk/gol-ui/product/sainsburys-garlic-coriander-naan-x2-260g,2026-10-07,558e42fc37bc.webp
00160612,https://assets.sainsburys-groceries.co.uk/gol/7684928/image.jpg,https://www.sainsburys.co.uk/gol-ui/product/sainsburys-plain-naan-x-2-260g,2026-10-07,78a1ba456e3b.webp
00160650,https://assets.sainsburys-groceries.co.uk/gol/7684937/image.jpg,https://www.sainsburys.co.uk/gol-ui/product/sainsburys-beef-meatballs-500g,2026-10-07,ab4a5bfb8043.webp
00163019,https://assets.sainsburys-groceries.co.uk/gol/7691485/1/640x640.jpg,https://www.sainsburys.co.uk/groceries/product/sainsburys-sweet-chilli-sauce-280g,2026-10-08,3a8e08999a7a.webp
00163040,https://assets.sainsburys-groceries.co.uk/gol/7691552/image.jpg,https://www.sainsburys.co.uk/gol-ui/product/sainsburys-garlic-coriander-poppadoms-80g,2026-10-07,895f8bcdff00.webp
00163071,https://assets.sainsburys-groceries.co.uk/gol/7691560/1/640x640.jpg,https://www.sainsburys.co.uk/groceries/product/sainsburys-spicy-thai-crackers-80g,2026-10-08,9fe75fa1cb11.webp
00166553,https://assets.sainsburys-groceries.co.uk/gol/8031348/image.jpg,https://www.sainsburys.co.uk/gol-ui/product/sainsburys-free-from-9-x-254g-multipack-mini-mince-pies-taste-the-difference,2026-10-07,19cef2c95d2f.webp
00176422,https://assets.sainsburys-groceries.co.uk/gol/176422/1/640x640.jpg,https://www.sainsburys.co.uk/groceries/product/sainsburys-mixed-bean-salad-400g-265g,2026-10-08,e17542aed0d7.webp
00176996,https://assets.sainsburys-groceries.co.uk/gol/7710557/1/640x640.jpg,https://www.sainsburys.co.uk/groceries/product/sainsburys-fine-sea-salt-350g,2026-10-07,9d181670fd21.webp
00181136,https://assets.sainsburys-groceries.co.uk/gol/7714190/image.jpg,https://www.sainsburys.co.uk/gol-ui/product/sainsburys-beef-meatballs-taste-the-difference-350g,2026-10-07,4a3d6c7d8c2a.webp
00181358,https://assets.sainsburys-groceries.co.uk/gol/181358/1/640x640.jpg,https://www.sainsburys.co.uk/groceries/product/sainsburys-british-whole-milk-568ml-1-pint,2026-10-07,f225800d6907.webp
00181402,https://assets.sainsburys-groceries.co.uk/gol/181402/1/640x640.jpg,https://www.sainsburys.co.uk/groceries/product/sainsburys-british-whole-milk-2-27l-4-pint,2026-10-07,18d7dc712a97.webp
00181495,https://assets.sainsburys-groceries.co.uk/gol/7714646/image.jpg,https://www.sainsburys.co.uk/gol-ui/product/sainsburys-stonebaked-margherita-pizza-265g,2026-10-07,e14e1ecfd509.webp
00181525,https://assets.sainsburys-groceries.co.uk/gol/7714684/image.jpg,https://www.sainsburys.co.uk/gol-ui/product/sainsburys-stonebaked-pepperoni-pizza-270g,2026-10-07,ef43e991a61d.webp
00181600,https://assets.sainsburys-groceries.co.uk/gol/7714760/image.jpg,https://www.sainsburys.co.uk/gol-ui/product/sainsburys-290g-spinach-ricotta-stonebaked-pizza,2026-10-07,5238b248e007.webp
00184915,https://assets.sainsburys-groceries.co.uk/gol/7718228/image.jpg,https://www.sainsburys.co.uk/gol-ui/product/by-sainsburys-4-x-small-ripe-ready-avocados,2026-10-07,ad9e453ca3d8.webp
00185363,https://assets.sainsburys-groceries.co.uk/gol/7720193/1/640x640.jpg,https://www.sainsburys.co.uk/groceries/product/sainsburys-spicy-bean-burgers-x4-454g,2026-10-08,c2fb6ff1c433.webp
00185370,https://assets.sainsburys-groceries.co.uk/gol/7720226/1/640x640.jpg,https://www.sainsburys.co.uk/groceries/product/sainsburys-baking-powder-160g,2026-10-07,02903131deee.webp
00192125,https://assets.sainsburys-groceries.co.uk/gol/7728545/1/640x640.jpg,https://www.sainsburys.co.uk/groceries/product/sainsburys-tuna-chunks-in-spring-water-4x145g,2026-10-08,21d31a0d8c32.webp
00194433,https://assets.sainsburys-groceries.co.uk/gol/7731419/image.jpg,https://www.sainsburys.co.uk/gol-ui/product/sainsburys-baking-sweet-potatoes-x2,2026-10-07,15292c3cbf43.webp
00195973,https://assets.sainsburys-groceries.co.uk/gol/7732081/image.jpg,https://www.sainsburys.co.uk/gol-ui/product/sainsburys-breaded-yorkshire-cured-cooked-british-ham-slices-taste-the-difference-x4-120g,2026-10-07,5768efcf9981.webp
00199391,https://assets.sainsburys-groceries.co.uk/gol/7738243/image.jpg,https://www.sainsburys.co.uk/gol-ui/product/sainsburys-british-or-irish-21-day-matured-sirloin-steak-225g,2026-10-07,914fce25b4a4.webp
00200356,https://assets.sainsburys-groceries.co.uk/gol/7741949/image.jpg,https://www.sainsburys.co.uk/gol-ui/product/sainsburys-dried-grated-hard-cheese-80g,2026-10-07,d862c9251a77.webp
00200424,https://assets.sainsburys-groceries.co.uk/gol/7742144/image.jpg,https://www.sainsburys.co.uk/gol-ui/product/sainsbury-s-pineapple-160g,2026-10-07,e5f97c02f623.webp
00209700,https://assets.sainsburys-groceries.co.uk/gol/7756946/image.jpg,https://www.sainsburys.co.uk/gol-ui/product/sainsburys-stilton-blue-cheese-220g,2026-10-07,481db625c0e9.webp
00210133,https://assets.sainsburys-groceries.co.uk/gol/7758317/image.jpg,https://www.sainsburys.co.uk/gol-ui/product/sainsburys-large-king-prawns-asc-taste-the-difference-150g,2026-10-07,bb9206c673e3.webp
00216036,https://assets.sainsburys-groceries.co.uk/gol/7768021/image.jpg,https://www.sainsburys.co.uk/gol-ui/product/sainsburys-chinese-egg-fried-rice-ready-meal-side-for-2-400g,2026-10-07,50f49df417ee.webp
00220231,https://assets.sainsburys-groceries.co.uk/gol/7773835/image.jpg,https://www.sainsburys.co.uk/gol-ui/product/sainsburys-berry-fruit-salad-240g,2026-10-07,80197ffaac22.webp
00220804,https://assets.sainsburys-groceries.co.uk/gol/7774358/image.jpg,https://www.sainsburys.co.uk/gol-ui/product/sainsburys-2-british-mackerel-fillets-180g,2026-10-07,86073cc9bb4d.webp
00224888,https://assets.sainsburys-groceries.co.uk/gol/7778405/image.jpg,https://www.sainsburys.co.uk/gol-ui/product/sainsburys-large-tomatoes-so-organic-400g,2026-10-07,7013716ce3a2.webp
00225359,https://assets.sainsburys-groceries.co.uk/gol/7779640/image.jpg,https://www.sainsburys.co.uk/gol-ui/product/sainsburys-conchiglioni-pasta-taste-the-difference-500g,2026-10-07,663296bb68b6.webp
00232340,https://assets.sainsburys-groceries.co.uk/gol/7791046/image.jpg,https://www.sainsburys.co.uk/gol-ui/product/sainsburys-wild-rocket-60g,2026-10-07,ca1a57b088f7.webp
00235327,https://assets.sainsburys-groceries.co.uk/gol/7797386/image.jpg,https://www.sainsburys.co.uk/gol-ui/product/sainsburys-best-of-british-tomatoes-taste-the-difference-250g,2026-10-07,ad5c389f8f61.webp
00235624,https://assets.sainsburys-groceries.co.uk/gol/7797564/image.jpg,https://www.sainsburys.co.uk/gol-ui/product/sainsburys-tuna-sweetcorn-on-malted-bread-sandwich,2026-10-07,47eef8d0bd63.webp
00235785,https://assets.sainsburys-groceries.co.uk/gol/7797598/image.jpg,https://www.sainsburys.co.uk/gol-ui/product/sainsburys-chicken-with-sage-onion-stuffing-on-white-bread-sandwich,2026-10-07,070980260ecc.webp
00235914,https://assets.sainsburys-groceries.co.uk/gol/7797628/image.jpg,https://www.sainsburys.co.uk/gol-ui/product/sainsburys-free-range-egg-cress-on-malted-bread-sandwich,2026-10-07,e04914fb2444.webp
00236546,https://assets.sainsburys-groceries.co.uk/gol/7797950/image.jpg,https://www.sainsburys.co.uk/gol-ui/product/sainsburys-chicken-sweetcorn-with-black-pepper-mayo-on-malted-bread-sandwich,2026-10-07,7f5934bad38b.webp
00236553,https://assets.sainsburys-groceries.co.uk/gol/7797975/image.jpg,https://www.sainsburys.co.uk/gol-ui/product/sainsburys-no-mayo-cheddar-cheese-on-white-bread-sandwich,2026-10-07,3c76ec4962be.webp
00236959,https://assets.sainsburys-groceries.co.uk/gol/7798199/image.jpg,https://www.sainsburys.co.uk/gol-ui/product/sainsburys-new-yorker-inspired-sandwich-taste-the-difference,2026-10-07,da580b366e26.webp
00237628,https://assets.sainsburys-groceries.co.uk/gol/7798442/image.jpg,https://www.sainsburys.co.uk/gol-ui/product/sainsburys-falafel-houmous-wrap,2026-10-07,709c50e94de4.webp
00237758,https://assets.sainsburys-groceries.co.uk/gol/7798602/image.jpg,https://www.sainsburys.co.uk/gol-ui/product/sainsburys-red-leicester-ploughmans-sandwich,2026-10-07,585d73abbb5e.webp
00238366,https://assets.sainsburys-groceries.co.uk/gol/7798851/image.jpg,https://www.sainsburys.co.uk/gol-ui/product/sainsburys-high-protein-chicken-salad-sandwich,2026-10-07,9a54cc532876.webp
00238373,https://assets.sainsburys-groceries.co.uk/gol/7798864/image.jpg,https://www.sainsburys.co.uk/gol-ui/product/sainsburys-chicken-bacon-with-black-pepper-mayo-on-malted-bread-sandwich,2026-10-07,d9c35af05669.webp
00238403,https://assets.sainsburys-groceries.co.uk/gol/7798974/image.jpg,https://www.sainsburys.co.uk/gol-ui/product/sainsburys-bacon-free-range-egg-on-malted-bread-sandwich,2026-10-07,87ade968784e.webp
00238427,https://assets.sainsburys-groceries.co.uk/gol/7799020/image.jpg,https://www.sainsburys.co.uk/gol-ui/product/sainsburys-tuna-mayo-on-oatmeal-bread-sandwich,2026-10-07,eb1d9b4187b1.webp
00238502,https://assets.sainsburys-groceries.co.uk/gol/7799118/image.jpg,https://www.sainsburys.co.uk/gol-ui/product/sainsburys-blt-on-malted-bread-sandwich,2026-10-07,cf7473acce61.webp
00239073,https://assets.sainsburys-groceries.co.uk/gol/7799565/image.jpg,https://www.sainsburys.co.uk/gol-ui/product/sainsburys-no-mayo-hoisin-duck-wrap,2026-10-07,4828cfa996a9.webp
00239097,https://assets.sainsburys-groceries.co.uk/gol/7799642/image.jpg,https://www.sainsburys.co.uk/gol-ui/product/sainsburys-smoked-salmon-cream-cheese-on-oatmeal-bread-sandwich,2026-10-07,600116c8490d.webp
00239844,https://assets.sainsburys-groceries.co.uk/gol/7800721/image.jpg,https://www.sainsburys.co.uk/gol-ui/product/sainsburys-peeled-coldwater-prawns-msc-150g,2026-10-07,3955a4b51aa8.webp
00242103,https://assets.sainsburys-groceries.co.uk/gol/7802533/image.jpg,https://www.sainsburys.co.uk/gol-ui/product/sainsburys-chicken-tikka-masala-with-pilau-rice-taste-the-difference-ready-meal-for-1-400g,2026-10-07,e4783f8e670a.webp
00242530,https://assets.sainsburys-groceries.co.uk/gol/7803282/image.jpg,https://www.sainsburys.co.uk/gol-ui/product/sainsburys-smoked-bacon-lardons-250g,2026-10-07,f9d3719ca350.webp
00244947,https://assets.sainsburys-groceries.co.uk/gol/7807322/image.jpg,https://www.sainsburys.co.uk/gol-ui/product/sainsburys-indian-king-prawn-makhani-with-pilau-rice-ready-meal-for-1-400g,2026-10-07,a6dd62fa6422.webp
00244961,https://assets.sainsburys-groceries.co.uk/gol/7807338/image.jpg,https://www.sainsburys.co.uk/gol-ui/product/sainsburys-indian-lamb-rogan-josh-with-pilau-rice-ready-meal-for-1-400g,2026-10-07,e709995d4b25.webp
00244978,https://assets.sainsburys-groceries.co.uk/gol/7807348/image.jpg,https://www.sainsburys.co.uk/gol-ui/product/sainsburys-indian-chicken-tikka-masala-with-pilau-rice-ready-meal-for-1-400g,2026-10-07,fd8f68854ff9.webp
00244985,https://assets.sainsburys-groceries.co.uk/gol/7807364/image.jpg,https://www.sainsburys.co.uk/gol-ui/product/sainsburys-indian-chicken-korma-with-pilau-rice-ready-meal-for-1-400g,2026-10-07,8a55b544b484.webp
00244992,https://assets.sainsburys-groceries.co.uk/gol/7807379/image.jpg,https://www.sainsburys.co.uk/gol-ui/product/sainsburys-indian-chicken-jalfrezi-with-pilau-rice-ready-meal-for-1-400g,2026-10-07,2a82ad5eb35a.webp
00245050,https://assets.sainsburys-groceries.co.uk/gol/7807460/image.jpg,https://www.sainsburys.co.uk/gol-ui/product/sainsburys-indian-chicken-pakoras-ready-meal-side-for-2-x2-100g,2026-10-07,e2f842cec508.webp
00245067,https://assets.sainsburys-groceries.co.uk/gol/7807468/image.jpg,https://www.sainsburys.co.uk/gol-ui/product/sainsburys-indian-vegetable-masala-ready-meal-side-for-2-300g,2026-10-07,d77f611e40a0.webp
00245081,https://assets.sainsburys-groceries.co.uk/gol/7807485/image.jpg,https://www.sainsburys.co.uk/gol-ui/product/sainsburys-indian-pilau-rice-ready-meal-side-for-2-400g,2026-10-07,05ace1e99d4a.webp
00246057,https://assets.sainsburys-groceries.co.uk/gol/7808239/image.jpg,https://www.sainsburys.co.uk/gol-ui/product/sainsburys-indian-chicken-tikka-biryani-with-basmati-rice-ready-meal-for-1-400g,2026-10-07,be7968a76ba0.webp
00248013,https://assets.sainsburys-groceries.co.uk/gol/7809681/image.jpg,https://www.sainsburys.co.uk/gol-ui/product/sainsburys-british-or-irish-21-day-matured-rump-steak-225g,2026-10-07,478d7bff8296.webp
00248877,https://assets.sainsburys-groceries.co.uk/gol/7811440/image.jpg,https://www.sainsburys.co.uk/gol-ui/product/sainsburys-indian-vegetable-biryani-with-basmati-rice-ready-meal-for-1-400g,2026-10-07,006dcabcf11a.webp
00251105,https://assets.sainsburys-groceries.co.uk/gol/7815044/image.jpg,https://www.sainsburys.co.uk/gol-ui/product/deli-express-british-roast-cooked-turkey-slices-x4-150g,2026-10-07,4049f35727b5.webp
00251112,https://assets.sainsburys-groceries.co.uk/gol/7815046/image.jpg,https://www.sainsburys.co.uk/gol-ui/product/deli-express-british-honey-roast-cooked-ham-slices-x4-150g,2026-10-07,e6f189f0a9af.webp
00251303,https://assets.sainsburys-groceries.co.uk/gol/7815580/1/640x640.jpg,https://www.sainsburys.co.uk/groceries/product/sainsburys-rice-pops-375g,2026-10-07,55b5402205db.webp
00251587,https://assets.sainsburys-groceries.co.uk/gol/7816878/image.jpg,https://www.sainsburys.co.uk/gol-ui/product/sainsburys-zamli-dates-taste-the-difference-200g,2026-10-07,421f50064ecf.webp
00253536,https://assets.sainsburys-groceries.co.uk/gol/7821759/image.jpg,https://www.sainsburys.co.uk/gol-ui/product/sainsburys-butternut-squash-spinach-croquettes-225g,2026-10-07,e446cffe61a0.webp
00255752,https://assets.sainsburys-groceries.co.uk/gol/7824403/image.jpg,https://www.sainsburys.co.uk/gol-ui/product/sainsburys-mozzarella-cherry-tomato-pizza-taste-the-difference-484g,2026-10-07,952ea3aadf4a.webp
00255783,https://assets.sainsburys-groceries.co.uk/gol/7824416/image.jpg,https://www.sainsburys.co.uk/gol-ui/product/sainsburys-spicy-pepperoni-roquito-pizza-taste-the-difference-472g,2026-10-07,9207a239f088.webp
00255790,https://assets.sainsburys-groceries.co.uk/gol/7824433/image.jpg,https://www.sainsburys.co.uk/gol-ui/product/sainsburys-stuffed-crust-pepperoni-delight-pizza-616g,2026-10-07,caf619f4c77c.webp
00255837,https://assets.sainsburys-groceries.co.uk/gol/7824465/image.jpg,https://www.sainsburys.co.uk/gol-ui/product/sainsburys-stuffed-crust-cheese-feast-pizza-599g,2026-10-07,f5c553263d33.webp
00255868,https://assets.sainsburys-groceries.co.uk/gol/7824511/image.jpg,https://www.sainsburys.co.uk/gol-ui/product/sainsburys-prosciutto-mushroom-mascarpone-pizza-taste-the-difference-252g,2026-10-07,b3852b98fe0f.webp
00255875,https://assets.sainsburys-groceries.co.uk/gol/7824551/image.jpg,https://www.sainsburys.co.uk/gol-ui/product/sainsburys-mozzarella-cherry-tomato-pizza-taste-the-difference-260g,2026-10-07,753d9f65e5bf.webp
00255998,https://assets.sainsburys-groceries.co.uk/gol/7825041/image.jpg,https://www.sainsburys.co.uk/gol-ui/product/sainsburys-unsweetened-long-life-almond-drink-1l,2026-10-07,9917fdaa3890.webp
00256650,https://assets.sainsburys-groceries.co.uk/gol/7825513/image.jpg,https://www.sainsburys.co.uk/gol-ui/product/sainsburys-slow-cooked-british-pork-ribs-smokey-bbq-sauce-646g-serves-2,2026-10-07,dd35d7b885bc.webp
00263207,https://assets.sainsburys-groceries.co.uk/gol/7832864/image.jpg,https://www.sainsburys.co.uk/gol-ui/product/sainsburys-frozen-mango-chunks-450g,2026-10-07,41050cc83dc4.webp
00263221,https://assets.sainsburys-groceries.co.uk/gol/7832878/image.jpg,https://www.sainsburys.co.uk/gol-ui/product/sainsburys-frozen-summer-fruits-450g,2026-10-07,66b906ad1818.webp
00263269,https://assets.sainsburys-groceries.co.uk/gol/7832903/image.jpg,https://www.sainsburys.co.uk/gol-ui/product/sainsburys-360g-frozen-blueberries,2026-10-07,a7e5e23c8784.webp
00263283,https://assets.sainsburys-groceries.co.uk/gol/7832930/image.jpg,https://www.sainsburys.co.uk/gol-ui/product/sainsburys-315g-frozen-raspberries,2026-10-07,d192a77bac9f.webp
00265324,https://assets.sainsburys-groceries.co.uk/gol/7838981/image.jpg,https://www.sainsburys.co.uk/gol-ui/product/sainsburys-edamame-beans-175g,2026-10-07,7527f938cc2c.webp
00265454,https://assets.sainsburys-groceries.co.uk/gol/7839772/image.jpg,https://www.sainsburys.co.uk/gol-ui/product/sainsburys-8-x-british-turkey-sausages-454g,2026-10-07,cfdd947b8b6f.webp
00271493,https://assets.sainsburys-groceries.co.uk/gol/7845255/1/640x640.jpg,https://www.sainsburys.co.uk/groceries/product/stamford-street-co-muesli-1kg,2026-10-08,36b0deac9c2a.webp
00272537,https://assets.sainsburys-groceries.co.uk/gol/7845969/image.jpg,https://www.sainsburys.co.uk/gol-ui/product/sainsburys-roasted-vegetable-couscous-200g,2026-10-07,49c7971633c3.webp
00272872,https://assets.sainsburys-groceries.co.uk/gol/7846274/image.jpg,https://www.sainsburys.co.uk/gol-ui/product/sainsburys-pasta-spinach-pinenut-salad-200g,2026-10-07,54bd6e566f98.webp
00272896,https://assets.sainsburys-groceries.co.uk/gol/7846281/image.jpg,https://www.sainsburys.co.uk/gol-ui/product/sainsburys-four-bean-salad-250g,2026-10-07,33c02496abca.webp
00273442,https://assets.sainsburys-groceries.co.uk/gol/7847033/image.jpg,https://www.sainsburys.co.uk/gol-ui/product/sainsburys-brie-bacon-chilli-chutney-on-malted-bread-sandwich,2026-10-07,f1357957c064.webp
00273886,https://assets.sainsburys-groceries.co.uk/gol/7847696/image.jpg,https://www.sainsburys.co.uk/gol-ui/product/sainsburys-sweet-chilli-houmous-200g,2026-10-07,599af8d1caeb.webp
00277181,https://assets.sainsburys-groceries.co.uk/gol/7852451/image.jpg,https://www.sainsburys.co.uk/gol-ui/product/sainsburys-just-cook-hunters-chicken-breasts-430g,2026-10-07,6b19e0655382.webp
00277679,https://assets.sainsburys-groceries.co.uk/gol/7852995/1/640x640.jpg,https://www.sainsburys.co.uk/groceries/product/sainsburys-greek-style-natural-yogurt-1kg,2026-10-07,febd555909ea.webp
00279338,https://assets.sainsburys-groceries.co.uk/gol/7855051/image.jpg,https://www.sainsburys.co.uk/gol-ui/product/sainsburys-extra-mature-cheddar-caramelised-onion-quiche-taste-the-difference-400g,2026-10-07,92a435373770.webp
00279345,https://assets.sainsburys-groceries.co.uk/gol/7855063/image.jpg,https://www.sainsburys.co.uk/gol-ui/product/sainsburys-400g-salmon-broccoli-cheddar-quiche-taste-the-difference,2026-10-07,6ccaf3e18c66.webp
00280655,https://assets.sainsburys-groceries.co.uk/gol/7856475/image.jpg,https://www.sainsburys.co.uk/gol-ui/product/sainsburys-sausage-pasta-bake-ready-meal-for-1-400g,2026-10-07,b03686270130.webp
00283960,https://assets.sainsburys-groceries.co.uk/gol/283960/image.jpg,https://www.sainsburys.co.uk/gol-ui/product/sainsburys-100-pressed-apple-juice-not-from-concentrate-1l,2026-10-07,589ee55c8d86.webp
00284493,https://assets.sainsburys-groceries.co.uk/gol/1304343/1/640x640.jpg,https://www.sainsburys.co.uk/groceries/product/sainsburys-dijon-mustard-185g,2026-10-08,bd24c982d634.webp
00285094,https://assets.sainsburys-groceries.co.uk/gol/7861608/image.jpg,https://www.sainsburys.co.uk/gol-ui/product/sainsburys-sweet-chilli-sliced-british-chicken-breast-180g,2026-10-07,02271b867dc5.webp
00285131,https://assets.sainsburys-groceries.co.uk/gol/7861637/image.jpg,https://www.sainsburys.co.uk/gol-ui/product/sainsburys-sweet-smokey-bbq-sliced-british-chicken-breast-180g,2026-10-07,aebdec1a5df6.webp
00286541,https://assets.sainsburys-groceries.co.uk/gol/7863307/image.jpg,https://www.sainsburys.co.uk/gol-ui/product/sainsburys-chargrilled-british-chicken-breast-slices-360g,2026-10-07,e12006136b0c.webp
00286558,https://assets.sainsburys-groceries.co.uk/gol/7863309/image.jpg,https://www.sainsburys.co.uk/gol-ui/product/sainsburys-chargrilled-british-chicken-breast-slices-180g,2026-10-07,bb57285ddc6d.webp
00286589,https://assets.sainsburys-groceries.co.uk/gol/7863340/image.jpg,https://www.sainsburys.co.uk/gol-ui/product/sainsburys-firecracker-british-chicken-breast-slices-180g,2026-10-07,947634c7d4b3.webp
00288187,https://assets.sainsburys-groceries.co.uk/gol/7865307/image.jpg,https://www.sainsburys.co.uk/gol-ui/product/sainsburys-british-or-irish-5-fat-beef-mince-750g,2026-10-07,1619df5a94d0.webp
00288248,https://assets.sainsburys-groceries.co.uk/gol/7865345/image.jpg,https://www.sainsburys.co.uk/gol-ui/product/sainsburys-organic-british-beef-mince-5-fat-500g,2026-10-07,76d8688e75e2.webp
00291491,https://assets.sainsburys-groceries.co.uk/gol/7870766/1/640x640.jpg,https://www.sainsburys.co.uk/groceries/product/sainsburys-1kg-british-fresh-skinless-boneless-chicken-breast-fillets,2026-10-08,9add7f12c2a7.webp
00293358,https://assets.sainsburys-groceries.co.uk/gol/7871910/image.jpg,https://www.sainsburys.co.uk/gol-ui/product/sainsburys-210g-greek-style-berry-granola-yogurt,2026-10-07,61e93c06ad3b.webp
00293716,https://assets.sainsburys-groceries.co.uk/gol/7872411/image.jpg,https://www.sainsburys.co.uk/gol-ui/product/sainsburys-indian-butter-chicken-with-pilau-rice-ready-meal-for-1-400g,2026-10-07,ebba2ff2a207.webp
00294591,https://assets.sainsburys-groceries.co.uk/gol/7873697/image.jpg,https://www.sainsburys.co.uk/gol-ui/product/sainsburys-roast-whole-cooked-british-chicken-894g-1112g,2026-10-07,eec36a8244e9.webp
00296458,https://assets.sainsburys-groceries.co.uk/gol/7874754/image.jpg,https://www.sainsburys.co.uk/gol-ui/product/sainsburys-mixed-olives-greek-feta-160g,2026-10-07,6023141d42a7.webp
00296496,https://assets.sainsburys-groceries.co.uk/gol/7874764/image.jpg,https://www.sainsburys.co.uk/gol-ui/product/sainsburys-mixed-olives-greek-feta-285g,2026-10-07,5e1326ee5185.webp
00296755,https://assets.sainsburys-groceries.co.uk/gol/7874927/image.jpg,https://www.sainsburys.co.uk/gol-ui/product/sainsburys-640g-british-fresh-skinless-boneless-chicken-breast-fillets,2026-10-07,4989e418c05c.webp
00296953,https://assets.sainsburys-groceries.co.uk/gol/7875193/image.jpg,https://www.sainsburys.co.uk/gol-ui/product/sainsburys-1-6kg-british-fresh-medium-whole-chicken,2026-10-07,dff75981aeae.webp
00299473,https://assets.sainsburys-groceries.co.uk/gol/7877537/image.jpg,https://www.sainsburys.co.uk/gol-ui/product/sainsburys-buttermilk-pancakes-x6-240g,2026-10-07,39e587265dc5.webp
00299756,https://assets.sainsburys-groceries.co.uk/gol/7877995/image.jpg,https://www.sainsburys.co.uk/gol-ui/product/sainsburys-1kg-british-fresh-chicken-wings,2026-10-07,e4372663f889.webp
00299909,https://assets.sainsburys-groceries.co.uk/gol/7878123/image.jpg,https://www.sainsburys.co.uk/gol-ui/product/sainsburys-slow-cook-lamb-shanks-with-mint-680g-serves-2,2026-10-07,fc96a8ac7888.webp
00301428,https://assets.sainsburys-groceries.co.uk/gol/7880069/image.jpg,https://www.sainsburys.co.uk/gol-ui/product/sainsburys-breaded-fresh-british-chicken-mini-fillets-305g,2026-10-07,9096a796b4c8.webp
00301435,https://assets.sainsburys-groceries.co.uk/gol/7880074/image.jpg,https://www.sainsburys.co.uk/gol-ui/product/sainsburys-breaded-fresh-british-chicken-goujons-270g,2026-10-07,c86f440f24cb.webp
00302425,https://assets.sainsburys-groceries.co.uk/gol/7881130/image.jpg,https://www.sainsburys.co.uk/gol-ui/product/sainsburys-fresh-british-chicken-breast-fillet-garlic-kyiv-x2-390g,2026-10-07,14c24e32ebe0.webp
00302487,https://assets.sainsburys-groceries.co.uk/gol/7881203/image.jpg,https://www.sainsburys.co.uk/gol-ui/product/sainsburys-breaded-firecracker-british-fresh-chicken-breast-mini-fillets-305g,2026-10-07,8ec9532cc074.webp
00302531,https://assets.sainsburys-groceries.co.uk/gol/7881218/image.jpg,https://www.sainsburys.co.uk/gol-ui/product/sainsburys-breaded-fresh-british-chicken-breast-fillets-x2-350g,2026-10-07,ef3c6e71ba21.webp
00303156,https://assets.sainsburys-groceries.co.uk/gol/7881956/image.jpg,https://www.sainsburys.co.uk/gol-ui/product/sainsburys-welsh-hill-lamb-rump-steaks-taste-the-difference-x2-300g,2026-10-07,5abe8d5a4868.webp
00303996,https://assets.sainsburys-groceries.co.uk/gol/7882413/image.jpg,https://www.sainsburys.co.uk/gol-ui/product/sainsburys-garlic-stuffed-halkidiki-olives-160g,2026-10-07,bd9f4c84cf43.webp
00305556,https://assets.sainsburys-groceries.co.uk/gol/7885433/image.jpg,https://www.sainsburys.co.uk/gol-ui/product/sainsburys-mini-garlic-coriander-naans-x4,2026-10-07,acf304f04ec1.webp
00306645,https://assets.sainsburys-groceries.co.uk/gol/7887705/image.jpg,https://www.sainsburys.co.uk/gol-ui/product/sainsburys-honey-roast-wafer-thin-yorkshire-cured-ham-slices-taste-the-difference-x8-120g,2026-10-07,eac5f1dfe6ef.webp
00306669,https://assets.sainsburys-groceries.co.uk/gol/7887723/image.jpg,https://www.sainsburys.co.uk/gol-ui/product/sainsburys-finely-sliced-yorkshire-dry-cured-cooked-british-ham-taste-the-difference-120g,2026-10-07,88a3cb723594.webp
00307147,https://assets.sainsburys-groceries.co.uk/gol/7888565/image.jpg,https://www.sainsburys.co.uk/gol-ui/product/sainsburys-190g-cheese-garlic-stuffed-mushrooms,2026-10-07,bacfe28a29cf.webp
00311670,https://assets.sainsburys-groceries.co.uk/gol/7898457/image.jpg,https://www.sainsburys.co.uk/gol-ui/product/sainsburys-british-pork-belly-slices-500g,2026-10-07,41368f455c44.webp
00311939,https://assets.sainsburys-groceries.co.uk/gol/7898856/image.jpg,https://www.sainsburys.co.uk/gol-ui/product/sainsburys-british-pork-loin-steaks-x2-240g,2026-10-07,cbe9a2ac0438.webp
00311946,https://assets.sainsburys-groceries.co.uk/gol/7898930/image.jpg,https://www.sainsburys.co.uk/gol-ui/product/sainsburys-british-pork-loin-steaks-x4-480g,2026-10-07,1f964d4a84dc.webp
00312967,https://assets.sainsburys-groceries.co.uk/gol/312967/image.jpg,https://www.sainsburys.co.uk/gol-ui/product/sainsburys-6-x-55g-chocolate-mousse,2026-10-07,205899847494.webp
00315388,https://assets.sainsburys-groceries.co.uk/gol/7905577/image.jpg,https://www.sainsburys.co.uk/gol-ui/product/sainsburys-barber-s-red-cruncher-cheese-taste-the-difference-350g,2026-10-07,692cd08b7bef.webp
00316248,https://assets.sainsburys-groceries.co.uk/gol/7906340/image.jpg,https://www.sainsburys.co.uk/gol-ui/product/sainsburys-barber-s-mature-cruncher-cheese-taste-the-difference-350g,2026-10-07,053e81902aef.webp
00316286,https://assets.sainsburys-groceries.co.uk/gol/7906365/1/640x640.jpg,https://www.sainsburys.co.uk/groceries/product/sainsburys-fat-free-greek-style-natural-yogurt-1kg,2026-10-08,cd075db21174.webp
00318143,https://assets.sainsburys-groceries.co.uk/gol/7907704/image.jpg,https://www.sainsburys.co.uk/gol-ui/product/sainsburys-cypriot-halloumi-taste-the-difference-250g,2026-10-07,6d9bc9b1ced4.webp
00318266,https://assets.sainsburys-groceries.co.uk/gol/7907831/image.jpg,https://www.sainsburys.co.uk/gol-ui/product/sainsburys-mozzarella-cheese-pearls-125g,2026-10-07,f24a6afdafde.webp
00322508,https://assets.sainsburys-groceries.co.uk/gol/7910943/image.jpg,https://www.sainsburys.co.uk/gol-ui/product/sainsburys-500g-carrots,2026-10-07,c7bc5e72f3dc.webp
00322775,https://assets.sainsburys-groceries.co.uk/gol/7911289/1/640x640.jpg,https://www.sainsburys.co.uk/groceries/product/sainsburys-wholewheat-medium-noodles-250g,2026-10-08,3c6aaf93a5bd.webp
00324755,https://assets.sainsburys-groceries.co.uk/gol/7912812/image.jpg,https://www.sainsburys.co.uk/gol-ui/product/sainsburys-tangy-tomato-basil-pasta-470g,2026-10-07,6167cc0159fb.webp
00324939,https://assets.sainsburys-groceries.co.uk/gol/7912860/image.jpg,https://www.sainsburys.co.uk/gol-ui/product/sainsburys-free-from-chicken-dippers-400g,2026-10-07,146796e8524b.webp
00327152,https://assets.sainsburys-groceries.co.uk/gol/7915705/image.jpg,https://www.sainsburys.co.uk/gol-ui/product/sainsburys-smoked-16-back-bacon-rashers-2x250g,2026-10-07,004b61fae50b.webp
00327329,https://assets.sainsburys-groceries.co.uk/gol/7915774/image.jpg,https://www.sainsburys.co.uk/gol-ui/product/sainsburys-30-days-matured-british-beef-ribeye-steak-so-organic-225g,2026-10-07,5e79b7348d2e.webp
00328463,https://assets.sainsburys-groceries.co.uk/gol/7916557/image.jpg,https://www.sainsburys.co.uk/gol-ui/product/sainsburys-british-wafer-thin-honey-cured-ham-slices-150g,2026-10-07,e1b40e20c932.webp
00328500,https://assets.sainsburys-groceries.co.uk/gol/7916565/image.jpg,https://www.sainsburys.co.uk/gol-ui/product/sainsburys-british-wafer-thin-cooked-chicken-slices-150g,2026-10-07,d3e79060239b.webp
00328586,https://assets.sainsburys-groceries.co.uk/gol/7916746/1/640x640.jpg,https://www.sainsburys.co.uk/groceries/product/sainsburys-asc-scottish-mild-smoked-salmon-100g-ready-to-eat,2026-10-08,7cdccf33ad4f.webp
00328593,https://assets.sainsburys-groceries.co.uk/gol/7916764/image.jpg,https://www.sainsburys.co.uk/gol-ui/product/sainsburys-asc-oak-smoked-scottish-salmon-taste-the-difference-100g-ready-to-eat,2026-10-07,7394c98a4b01.webp
00328692,https://assets.sainsburys-groceries.co.uk/gol/7916893/image.jpg,https://www.sainsburys.co.uk/gol-ui/product/sainsburys-200g-mild-scottish-smoked-salmon,2026-10-07,72c46fef796e.webp
00330046,https://assets.sainsburys-groceries.co.uk/gol/7918161/image.jpg,https://www.sainsburys.co.uk/gol-ui/product/sainsburys-scottish-smoked-salmon-trimmings-100g-ready-to-eat,2026-10-07,dfed0b077829.webp
00330329,https://assets.sainsburys-groceries.co.uk/gol/7918518/image.jpg,https://www.sainsburys.co.uk/gol-ui/product/sainsburys-scottish-salmon-spinach-cheddar-en-croute-taste-the-difference-x2-380g,2026-10-07,54ac4526b741.webp
00332286,https://assets.sainsburys-groceries.co.uk/gol/332286/image.jpg,https://www.sainsburys.co.uk/gol-ui/product/sainsburys-braeburn-apples-x6,2026-10-07,af3f28d732d9.webp
00335072,https://assets.sainsburys-groceries.co.uk/gol/7924489/image.jpg,https://www.sainsburys.co.uk/gol-ui/product/sainsburys-garlic-herb-green-olives-160g,2026-10-07,d6ac8d1ef345.webp
00336680,https://assets.sainsburys-groceries.co.uk/gol/7937891/image.jpg,https://www.sainsburys.co.uk/gol-ui/product/sainsburys-smokey-chorizo-tortelloni-300g,2026-10-07,8761ee665242.webp
00336697,https://assets.sainsburys-groceries.co.uk/gol/7930089/image.jpg,https://www.sainsburys.co.uk/gol-ui/product/sainsburys-ham-cheese-tortelloni-300g,2026-10-07,e7f9fb7d038e.webp
00336703,https://assets.sainsburys-groceries.co.uk/gol/7930092/image.jpg,https://www.sainsburys.co.uk/gol-ui/product/sainsburys-prosciutto-cappelletti-300g,2026-10-07,c1b880e5e426.webp
00336710,https://assets.sainsburys-groceries.co.uk/gol/7930095/image.jpg,https://www.sainsburys.co.uk/gol-ui/product/sainsburys-tomato-mozzarella-tortelloni-300g,2026-10-07,66ff5b8d1589.webp
00336772,https://assets.sainsburys-groceries.co.uk/gol/7930272/image.jpg,https://www.sainsburys.co.uk/gol-ui/product/sainsburys-chicken-bacon-tortelloni-300g,2026-10-07,5935935e997b.webp
00336789,https://assets.sainsburys-groceries.co.uk/gol/7930286/1/640x640.jpg,https://www.sainsburys.co.uk/groceries/product/sainsburys-spinach-ricotta-tortelloni-300g,2026-10-07,7f974f1c3603.webp
00337175,https://assets.sainsburys-groceries.co.uk/gol/7932001/image.jpg,https://www.sainsburys.co.uk/gol-ui/product/sainsburys-lightly-dusted-msc-cod-fillets-x2-255g,2026-10-07,af9405da066c.webp
00343411,https://assets.sainsburys-groceries.co.uk/gol/7938941/image.jpg,https://www.sainsburys.co.uk/gol-ui/product/sainsburys-butcher-s-choice-british-pork-sausagemeat-400g,2026-10-07,774ced8f9492.webp
00343688,https://assets.sainsburys-groceries.co.uk/gol/7939585/image.jpg,https://www.sainsburys.co.uk/gol-ui/product/sainsburys-cream-slices-2x58g,2026-10-07,3ed493dc2c4c.webp
00343695,https://assets.sainsburys-groceries.co.uk/gol/7939619/image.jpg,https://www.sainsburys.co.uk/gol-ui/product/sainsburys-belgian-chocolate-choux-buns-2x68g,2026-10-07,270a0378f0a5.webp
00343787,https://assets.sainsburys-groceries.co.uk/gol/7939666/image.jpg,https://www.sainsburys.co.uk/gol-ui/product/sainsburys-belgian-chocolate-profiteroles-x12-220g,2026-10-07,32b7234bc8c1.webp
00345606,https://assets.sainsburys-groceries.co.uk/gol/7942163/image.jpg,https://www.sainsburys.co.uk/gol-ui/product/sainsburys-onion-bhaji-x4-200g,2026-10-07,cc49ecac496d.webp
00346085,https://assets.sainsburys-groceries.co.uk/gol/7943123/image.jpg,https://www.sainsburys.co.uk/gol-ui/product/sainsburys-everyday-lactose-free-semi-skimmed-dairy-drink-1l,2026-10-07,397d0b568f34.webp
00347167,https://assets.sainsburys-groceries.co.uk/gol/7944883/image.jpg,https://www.sainsburys.co.uk/gol-ui/product/stamford-street-co-british-chicken-kyivs-with-garlic-butter-x2-240g,2026-10-07,131578eb943f.webp
00347495,https://assets.sainsburys-groceries.co.uk/gol/7945263/image.jpg,https://www.sainsburys.co.uk/gol-ui/product/stamford-street-co-cooking-bacon-500g,2026-10-07,397a45f67e8c.webp
00347686,https://assets.sainsburys-groceries.co.uk/gol/7945515/image.jpg,https://www.sainsburys.co.uk/gol-ui/product/sainsburys-everyday-lactose-free-skimmed-dairy-drink-1l,2026-10-07,e85d93f5c100.webp
00349215,https://assets.sainsburys-groceries.co.uk/gol/7947559/1/640x640.jpg,https://www.sainsburys.co.uk/groceries/product/sainsburys-houmous-200g,2026-10-07,8a646eeacf2b.webp
00349222,https://assets.sainsburys-groceries.co.uk/gol/7947566/1/640x640.jpg,https://www.sainsburys.co.uk/groceries/product/sainsburys-classic-houmous-so-organic-200g,2026-10-07,b9fc7efde608.webp
00349246,https://assets.sainsburys-groceries.co.uk/gol/7947574/image.jpg,https://www.sainsburys.co.uk/gol-ui/product/sainsburys-houmous-be-good-to-yourself-200g,2026-10-07,cada42dcb3d5.webp
00350600,https://assets.sainsburys-groceries.co.uk/gol/350600/image.jpg,https://www.sainsburys.co.uk/gol-ui/product/sainsburys-freshly-squeezed-orange-juice-with-bits-taste-the-difference-1l,2026-10-07,d49f315cd105.webp
00351010,https://assets.sainsburys-groceries.co.uk/gol/4237/image.jpg,https://www.sainsburys.co.uk/gol-ui/product/sainsburys-scotch-eggs-x2-226g,2026-10-07,0dd00373f1b6.webp
00351546,https://assets.sainsburys-groceries.co.uk/gol/1304/image.jpg,https://www.sainsburys.co.uk/gol-ui/product/sainsburys-british-butter-salted-250g,2026-10-07,1723ca229e03.webp
00355094,https://assets.sainsburys-groceries.co.uk/gol/355094/image.jpg,https://www.sainsburys.co.uk/gol-ui/product/sainsburys-garlic-baguette-195g,2026-10-07,afae7acccf20.webp
00355292,https://assets.sainsburys-groceries.co.uk/gol/7958341/image.jpg,https://www.sainsburys.co.uk/gol-ui/product/sainsburys-greek-style-chicken-tzatziki-wrap-taste-the-difference,2026-10-07,0832d38c0c57.webp
00356251,https://assets.sainsburys-groceries.co.uk/gol/7961691/1/640x640.jpg,https://www.sainsburys.co.uk/groceries/product/sainsburys-super-seeds-white-farmhouse-bread-taste-the-difference-800g,2026-10-07,827e97202481.webp
00357500,https://assets.sainsburys-groceries.co.uk/gol/357500/image.jpg,https://www.sainsburys.co.uk/gol-ui/product/sainsburys-british-skimmed-milk-2-27l-4-pint,2026-10-07,3c653cd8e631.webp
00357579,https://assets.sainsburys-groceries.co.uk/gol/7964634/image.jpg,https://www.sainsburys.co.uk/gol-ui/product/sainsburys-chicken-bacon-leek-pie-taste-the-difference-serves-1-400g,2026-10-07,6410523ae238.webp
00357937,https://assets.sainsburys-groceries.co.uk/gol/357937/1/640x640.jpg,https://www.sainsburys.co.uk/groceries/product/sainsburys-british-semi-skimmed-milk-2-27l-4-pint,2026-10-07,dace817ee0ab.webp
00358149,https://assets.sainsburys-groceries.co.uk/gol/2097/1/640x640.jpg,https://www.sainsburys.co.uk/groceries/product/sainsburys-cornflakes-cereal-500g,2026-10-07,11f5659c3c59.webp
00358415,https://assets.sainsburys-groceries.co.uk/gol/7965955/1/640x640.jpg,https://www.sainsburys.co.uk/groceries/product/sainsburys-300g-blueberries,2026-10-07,5478f86921ac.webp
00358767,https://assets.sainsburys-groceries.co.uk/gol/6347/1/640x640.jpg,https://www.sainsburys.co.uk/groceries/product/sainsburys-vegetable-oil-1l,2026-10-08,fa0988190d8c.webp
00359474,https://assets.sainsburys-groceries.co.uk/gol/7967235/image.jpg,https://www.sainsburys.co.uk/gol-ui/product/sainsburys-jumbo-kalamata-olives-with-oak-smoked-oil-taste-the-difference-160g,2026-10-07,15e64a1c447f.webp
00360333,https://assets.sainsburys-groceries.co.uk/gol/7969226/image.jpg,https://www.sainsburys.co.uk/gol-ui/product/sainsburys-lamb-hotpot-taste-the-difference-serves-1-400g,2026-10-07,3bf63ab6c836.webp
00361637,https://assets.sainsburys-groceries.co.uk/gol/7971209/image.jpg,https://www.sainsburys.co.uk/gol-ui/product/sainsburys-300g-bbq-chicken-stonebaked-pizza,2026-10-07,37ef5175b168.webp
00364461,https://assets.sainsburys-groceries.co.uk/gol/7975633/image.jpg,https://www.sainsburys.co.uk/gol-ui/product/sainsburys-deglet-nour-dates-200g,2026-10-07,d6d495c8f116.webp
00366656,https://assets.sainsburys-groceries.co.uk/gol/7977376/image.jpg,https://www.sainsburys.co.uk/gol-ui/product/sainsburys-1kg-british-fresh-skin-on-chicken-legs,2026-10-07,0a46430e0e21.webp
00366670,https://assets.sainsburys-groceries.co.uk/gol/7977417/image.jpg,https://www.sainsburys.co.uk/gol-ui/product/sainsburys-400g-british-fresh-diced-chicken-breast,2026-10-07,78470f5c2e39.webp
00366953,https://assets.sainsburys-groceries.co.uk/gol/7977624/image.jpg,https://www.sainsburys.co.uk/gol-ui/product/sainsburys-german-bavarian-smoked-ham-slices-x5-100g,2026-10-07,4a81aef17ec3.webp
00366991,https://assets.sainsburys-groceries.co.uk/gol/7977681/image.jpg,https://www.sainsburys.co.uk/gol-ui/product/sainsburys-320g-british-fresh-skinless-boneless-chicken-breast-fillets,2026-10-07,5c1d649fd33c.webp
00367066,https://assets.sainsburys-groceries.co.uk/gol/7977946/image.jpg,https://www.sainsburys.co.uk/gol-ui/product/sainsburys-extra-mature-farmhouse-cheddar-taste-the-difference-350g,2026-10-07,09f524cfdccd.webp
00367714,https://assets.sainsburys-groceries.co.uk/gol/7979621/image.jpg,https://www.sainsburys.co.uk/gol-ui/product/sainsburys-french-torchon-ham-x4-slices-200g,2026-10-07,54fa7c82ba22.webp
00369534,https://assets.sainsburys-groceries.co.uk/gol/7980929/image.jpg,https://www.sainsburys.co.uk/gol-ui/product/sainsburys-grated-four-cheese-mix-250g,2026-10-07,340201e40783.webp
00369541,https://assets.sainsburys-groceries.co.uk/gol/7980932/image.jpg,https://www.sainsburys.co.uk/gol-ui/product/sainsburys-grated-cheddar-mozzarella-mix-250g,2026-10-07,c5deee12bf4a.webp
00369626,https://assets.sainsburys-groceries.co.uk/gol/7980962/1/640x640.jpg,https://www.sainsburys.co.uk/groceries/product/sainsburys-clear-honey-454g,2026-10-08,66d797341299.webp
00373272,https://assets.sainsburys-groceries.co.uk/gol/7984707/image.jpg,https://www.sainsburys.co.uk/gol-ui/product/stamford-street-co-grated-mozzarella-500g,2026-10-07,72d829166feb.webp
00377478,https://assets.sainsburys-groceries.co.uk/gol/377478/image.jpg,https://www.sainsburys.co.uk/gol-ui/product/sainsburys-somerset-goats-cheese-100g,2026-10-07,af09678983f3.webp
00378017,https://assets.sainsburys-groceries.co.uk/gol/7990179/image.jpg,https://www.sainsburys.co.uk/gol-ui/product/sainsburys-mango-120g,2026-10-07,5b6c28be415c.webp
00378253,https://assets.sainsburys-groceries.co.uk/gol/7990635/image.jpg,https://www.sainsburys.co.uk/gol-ui/product/plant-pioneers-coleslaw-300g,2026-10-07,7d33e239e7ca.webp
00378451,https://assets.sainsburys-groceries.co.uk/gol/7991084/image.jpg,https://www.sainsburys.co.uk/gol-ui/product/stamford-street-co-peas-850g,2026-10-07,55a7b3a97767.webp
00379274,https://assets.sainsburys-groceries.co.uk/gol/7992360/image.jpg,https://www.sainsburys.co.uk/gol-ui/product/sainsburys-apple-grape-strawberry-135g,2026-10-07,b35b65eb4312.webp
00381437,https://assets.sainsburys-groceries.co.uk/gol/7995709/image.jpg,https://www.sainsburys.co.uk/gol-ui/product/sainsburys-chorizo-ring-mild-225g,2026-10-07,618ce9c64c4d.webp
00381635,https://assets.sainsburys-groceries.co.uk/gol/7996498/image.jpg,https://www.sainsburys.co.uk/gol-ui/product/sainsburys-unsweetened-soya-drink-1l,2026-10-07,54c45c50f9a8.webp
00381659,https://assets.sainsburys-groceries.co.uk/gol/7996537/image.jpg,https://www.sainsburys.co.uk/gol-ui/product/sainsburys-unsweetened-almond-drink-1l,2026-10-07,4f9a9ad1627b.webp
00382052,https://assets.sainsburys-groceries.co.uk/gol/7998066/1/640x640.jpg,https://www.sainsburys.co.uk/groceries/product/sainsburys-natural-yoghurt-1kg,2026-10-08,dc43bb0d90ca.webp
00384322,https://assets.sainsburys-groceries.co.uk/gol/8001352/image.jpg,https://www.sainsburys.co.uk/gol-ui/product/sainsburys-creamy-classic-houmous-315g,2026-10-07,82d25ef06bf1.webp
00385701,https://assets.sainsburys-groceries.co.uk/gol/8002849/image.jpg,https://www.sainsburys.co.uk/gol-ui/product/sainsburys-southern-fried-breaded-fresh-british-chicken-goujons-270g,2026-10-07,14f8e90a9fff.webp
00388030,https://assets.sainsburys-groceries.co.uk/gol/8005604/1/640x640.jpg,https://www.sainsburys.co.uk/groceries/product/sainsburys-wholegrain-bran-flakes-750g,2026-10-08,c3ec0e269b34.webp
00388061,https://assets.sainsburys-groceries.co.uk/gol/388061/image.jpg,https://www.sainsburys.co.uk/gol-ui/product/sainsburys-egg-bites-x12-216g,2026-10-07,1768c8370933.webp
00389259,https://assets.sainsburys-groceries.co.uk/gol/8008264/image.jpg,https://www.sainsburys.co.uk/gol-ui/product/sainsburys-365g-beer-battered-msc-cod-fillets-taste-the-difference,2026-10-07,8784a303a0cf.webp
00389334,https://assets.sainsburys-groceries.co.uk/gol/8008348/image.jpg,https://www.sainsburys.co.uk/gol-ui/product/sainsburys-skin-on-asc-scottish-salmon-fillets-so-organic-x2-240g,2026-10-07,e5ca47ed1c8c.webp
00389501,https://assets.sainsburys-groceries.co.uk/gol/8009487/image.jpg,https://www.sainsburys.co.uk/gol-ui/product/sainsburys-bistro-salad-150g,2026-10-07,4a19bdf61a20.webp
00389808,https://assets.sainsburys-groceries.co.uk/gol/8011230/image.jpg,https://www.sainsburys.co.uk/gol-ui/product/sainsburys-large-raw-peeled-king-prawns-asc-taste-the-difference-165g,2026-10-07,342c9499289f.webp
00389914,https://assets.sainsburys-groceries.co.uk/gol/8011721/image.jpg,https://www.sainsburys.co.uk/gol-ui/product/sainsburys-pork-sausage-rolls-summer-edition-taste-the-difference-x4-188g,2026-10-07,e7f795ad919d.webp
00392051,https://assets.sainsburys-groceries.co.uk/gol/8015781/image.jpg,https://www.sainsburys.co.uk/gol-ui/product/sainsburys-305g-meat-feast-stonebaked-pizza,2026-10-07,ffa2623286b9.webp
00392792,https://assets.sainsburys-groceries.co.uk/gol/8016571/image.jpg,https://www.sainsburys.co.uk/gol-ui/product/sainsburys-caesar-dressing-150ml,2026-10-07,173dd6567805.webp
00392815,https://assets.sainsburys-groceries.co.uk/gol/8016666/image.jpg,https://www.sainsburys.co.uk/gol-ui/product/sainsburys-caesar-dressing-be-good-to-yourself-150ml,2026-10-07,c44194cc866a.webp
00392891,https://assets.sainsburys-groceries.co.uk/gol/8016785/image.jpg,https://www.sainsburys.co.uk/gol-ui/product/sainsburys-french-style-dressing-150ml,2026-10-07,8726273d94bb.webp
00393003,https://assets.sainsburys-groceries.co.uk/gol/8017012/image.jpg,https://www.sainsburys.co.uk/gol-ui/product/sainsburys-classic-salad-bowl-175g,2026-10-07,258caf1786e6.webp
00395755,https://assets.sainsburys-groceries.co.uk/gol/8022404/image.jpg,https://www.sainsburys.co.uk/gol-ui/product/sainsburys-strawberry-banana-smoothie-750ml,2026-10-07,7c557658793b.webp
00395762,https://assets.sainsburys-groceries.co.uk/gol/8022452/image.jpg,https://www.sainsburys.co.uk/gol-ui/product/sainsburys-pineapple-banana-coconut-smoothie-750ml,2026-10-07,271ce26d4fde.webp
00395779,https://assets.sainsburys-groceries.co.uk/gol/8022462/image.jpg,https://www.sainsburys.co.uk/gol-ui/product/sainsburys-mango-passionfruit-smoothie-750ml,2026-10-07,dbf8d62bdd16.webp
00396202,https://assets.sainsburys-groceries.co.uk/gol/8022778/image.jpg,https://www.sainsburys.co.uk/gol-ui/product/sainsburys-cucumber-kiwi-lime-smoothie-750ml,2026-10-07,ef36d1889afb.webp
00396240,https://assets.sainsburys-groceries.co.uk/gol/8022806/image.jpg,https://www.sainsburys.co.uk/gol-ui/product/sainsburys-extra-mature-cumbrian-cheddar-taste-the-difference-350g,2026-10-07,69667444a906.webp
00398022,https://assets.sainsburys-groceries.co.uk/gol/8024601/image.jpg,https://www.sainsburys.co.uk/gol-ui/product/sainsburys-lancashire-cheese-250g,2026-10-07,d81d1ffce34d.webp
00400299,https://assets.sainsburys-groceries.co.uk/gol/8028160/image.jpg,https://www.sainsburys.co.uk/gol-ui/product/sainsburys-parmesan-garlic-twists-taste-the-difference-100g,2026-10-07,b4d2bafe461d.webp
00400817,https://assets.sainsburys-groceries.co.uk/gol/8029027/image.jpg,https://www.sainsburys.co.uk/gol-ui/product/plant-pioneers-vegan-meat-free-lasagne-400g,2026-10-07,ec74cdd49196.webp
00400893,https://assets.sainsburys-groceries.co.uk/gol/8029090/image.jpg,https://www.sainsburys.co.uk/gol-ui/product/sainsburys-steak-casserole-dumplings-taste-the-difference-serves-1-400g,2026-10-07,d53866b83b91.webp
00401920,https://assets.sainsburys-groceries.co.uk/gol/8029933/image.jpg,https://www.sainsburys.co.uk/gol-ui/product/sainsburys-british-or-irish-5-fat-12-beef-meatballs-350g,2026-10-07,01a364bc404a.webp
00403559,https://assets.sainsburys-groceries.co.uk/gol/8032010/image.jpg,https://www.sainsburys.co.uk/gol-ui/product/sainsburys-leek-potato-barber-s-cheddar-soup-taste-the-difference-600g,2026-10-07,c3839e585978.webp
00404877,https://assets.sainsburys-groceries.co.uk/gol/8033799/image.jpg,https://www.sainsburys.co.uk/gol-ui/product/sainsburys-slow-cook-british-pork-ribs-with-a-sweet-honey-glaze-646g-serves-2,2026-10-07,ff0dfde6f258.webp
00405768,https://assets.sainsburys-groceries.co.uk/gol/405768/image.jpg,https://www.sainsburys.co.uk/gol-ui/product/sainsburys-brussels-pate-170g,2026-10-07,96061c0727ba.webp
00408059,https://assets.sainsburys-groceries.co.uk/gol/408059/image.jpg,https://www.sainsburys.co.uk/gol-ui/product/sainsburys-beetroot-in-vinegar-300g,2026-10-07,f0644a95c514.webp
00408752,https://assets.sainsburys-groceries.co.uk/gol/8037552/1/640x640.jpg,https://www.sainsburys.co.uk/groceries/product/sainsburys-british-butter-roast-chicken-150g,2026-10-08,25df8c874d9a.webp
00408950,https://assets.sainsburys-groceries.co.uk/gol/408950/1/640x640.jpg,https://www.sainsburys.co.uk/groceries/product/sainsburys-green-pesto-190g,2026-10-08,29586942854a.webp
00410175,https://assets.sainsburys-groceries.co.uk/gol/410175/image.jpg,https://www.sainsburys.co.uk/gol-ui/product/sainsburys-fresh-british-chicken-breaded-kyiv-with-garlic-herb-butter-x2-260g,2026-10-07,4d221c358ab5.webp
00410199,https://assets.sainsburys-groceries.co.uk/gol/410199/image.jpg,https://www.sainsburys.co.uk/gol-ui/product/sainsburys-cheese-ham-chicken-kyivs-x2-260g,2026-10-07,543a9859cf03.webp
00411233,https://assets.sainsburys-groceries.co.uk/gol/8039905/image.jpg,https://www.sainsburys.co.uk/gol-ui/product/deli-express-roast-cooked-british-beef-slices-x5-130g,2026-10-07,5ced7b956e27.webp
00411646,https://assets.sainsburys-groceries.co.uk/gol/8041577/image.jpg,https://www.sainsburys.co.uk/gol-ui/product/sainsburys-sides-breaded-chicken-pops-250g,2026-10-07,28fd90775d51.webp
00412896,https://assets.sainsburys-groceries.co.uk/gol/8043465/1/640x640.jpg,https://www.sainsburys.co.uk/groceries/product/sainsburys-so-organic-super-firm-tofu-300g,2026-10-08,e2e48a84d843.webp
00415668,https://assets.sainsburys-groceries.co.uk/gol/115292/1/640x640.jpg,https://www.sainsburys.co.uk/groceries/product/sainsburys-olive-oil-1l,2026-10-08,03618bfedb4e.webp
00416092,https://assets.sainsburys-groceries.co.uk/gol/8049057/image.jpg,https://www.sainsburys.co.uk/gol-ui/product/sainsburys-mini-sausage-rolls-x38-380g,2026-10-07,aa54f5905257.webp
00418638,https://assets.sainsburys-groceries.co.uk/gol/8051983/image.jpg,https://www.sainsburys.co.uk/gol-ui/product/sainsburys-lightly-dusted-basa-fillets-asc-x2-265g,2026-10-07,f0ad0e7ce231.webp
00418768,https://assets.sainsburys-groceries.co.uk/gol/8052388/image.jpg,https://www.sainsburys.co.uk/gol-ui/product/sainsburys-300g-southern-fried-chicken-pasta,2026-10-07,ebdb74fa1248.webp
00420044,https://assets.sainsburys-groceries.co.uk/gol/8053895/image.jpg,https://www.sainsburys.co.uk/gol-ui/product/sainsburys-90g-free-range-egg-pot,2026-10-07,eedfa9dc51e3.webp
00420129,https://assets.sainsburys-groceries.co.uk/gol/8054062/image.jpg,https://www.sainsburys.co.uk/gol-ui/product/sainsburys-180g-chicken-caesar-salad,2026-10-07,31e9da914c0e.webp
00420365,https://assets.sainsburys-groceries.co.uk/gol/8054292/image.jpg,https://www.sainsburys.co.uk/gol-ui/product/sainsburys-smoked-salmon-pate-taste-the-difference-100g,2026-10-07,ab6e562dc0b3.webp
00420389,https://assets.sainsburys-groceries.co.uk/gol/8054296/image.jpg,https://www.sainsburys.co.uk/gol-ui/product/sainsburys-salmon-pate-100g,2026-10-07,42ea274ee49a.webp
00420396,https://assets.sainsburys-groceries.co.uk/gol/8054298/image.jpg,https://www.sainsburys.co.uk/gol-ui/product/sainsburys-smoked-mackerel-pate-100g,2026-10-07,f8d99cbf6f6a.webp
00423045,https://assets.sainsburys-groceries.co.uk/gol/8057198/image.jpg,https://www.sainsburys.co.uk/gol-ui/product/sainsburys-lemon-herb-queen-green-olives-280g,2026-10-07,2750cdc74062.webp
00423168,https://assets.sainsburys-groceries.co.uk/gol/8057938/image.jpg,https://www.sainsburys.co.uk/gol-ui/product/sainsburys-scotch-eggs-taste-the-difference-x2-260g,2026-10-07,9bba941d2fd7.webp
00423311,https://assets.sainsburys-groceries.co.uk/gol/8058076/image.jpg,https://www.sainsburys.co.uk/gol-ui/product/sainsburys-roasted-mushroom-pate-100g,2026-10-07,15f684cdaa4a.webp
00424806,https://assets.sainsburys-groceries.co.uk/gol/8060798/image.jpg,https://www.sainsburys.co.uk/gol-ui/product/sainsburys-roast-british-cooked-chicken-thighs-450g,2026-10-07,14c4d45069f3.webp
00424820,https://assets.sainsburys-groceries.co.uk/gol/8060809/image.jpg,https://www.sainsburys.co.uk/gol-ui/product/sainsburys-roast-british-cooked-breast-chicken-slices-180g,2026-10-07,eb8f24349e8d.webp
00424899,https://assets.sainsburys-groceries.co.uk/gol/8058457/image.jpg,https://www.sainsburys.co.uk/gol-ui/product/sainsburys-sweet-smoky-bbq-cooked-british-chicken-wings-525g,2026-10-07,69e7389a146b.webp
00425278,https://assets.sainsburys-groceries.co.uk/gol/8061417/image.jpg,https://www.sainsburys.co.uk/gol-ui/product/sainsburys-steam-cooked-british-chicken-breast-fillets-x2-220g,2026-10-07,ba560fbd2ab8.webp
00425766,https://assets.sainsburys-groceries.co.uk/gol/8062214/image.jpg,https://www.sainsburys.co.uk/gol-ui/product/sainsburys-slow-cooked-sweet-honey-bbq-pulled-british-pork-569g-serves-x2,2026-10-07,10402d569207.webp
00426718,https://assets.sainsburys-groceries.co.uk/gol/8062909/image.jpg,https://www.sainsburys.co.uk/gol-ui/product/sainsburys-feta-dip-with-mint-oil-taste-the-difference-170g,2026-10-07,2b219252915d.webp
00426725,https://assets.sainsburys-groceries.co.uk/gol/8062926/image.jpg,https://www.sainsburys.co.uk/gol-ui/product/sainsburys-mild-salsa-200g,2026-10-07,0ec8f492b95d.webp
00426800,https://assets.sainsburys-groceries.co.uk/gol/8001352/1/640x640.jpg,https://www.sainsburys.co.uk/groceries/product/sainsburys-creamy-classic-houmous-315g,2026-10-08,82d25ef06bf1.webp
00427272,https://assets.sainsburys-groceries.co.uk/gol/8058465/image.jpg,https://www.sainsburys.co.uk/gol-ui/product/sainsburys-chargrilled-cooked-british-chicken-breast-mini-fillets-170g,2026-10-07,da79c8a1de7f.webp
00427753,https://assets.sainsburys-groceries.co.uk/gol/8064106/image.jpg,https://www.sainsburys.co.uk/gol-ui/product/sainsburys-whole-green-beans-900g,2026-10-07,0a35e08a4eb9.webp
00427920,https://assets.sainsburys-groceries.co.uk/gol/8064466/1/640x640.jpg,https://www.sainsburys.co.uk/groceries/product/sainsburys-black-beans-in-water-400g-235g,2026-10-08,5854cb150bc0.webp
00429849,https://assets.sainsburys-groceries.co.uk/gol/6910013/1/640x640.jpg,https://www.sainsburys.co.uk/groceries/product/stamford-street-co-salted-peanuts-200g,2026-10-08,6817b64e93fe.webp
00433228,https://assets.sainsburys-groceries.co.uk/gol/433228/1/640x640.jpg,https://www.sainsburys.co.uk/groceries/product/sainsburys-pesto-red-190g,2026-10-08,9a1cd056b198.webp
00434775,https://assets.sainsburys-groceries.co.uk/gol/8073942/image.jpg,https://www.sainsburys.co.uk/gol-ui/product/sainsburys-black-truffle-grana-padano-ravioli-taste-the-difference-250g,2026-10-07,23bdc0691527.webp
00434799,https://assets.sainsburys-groceries.co.uk/gol/8073948/image.jpg,https://www.sainsburys.co.uk/gol-ui/product/sainsburys-prawn-chilli-garlic-ravioli-taste-the-difference-250g,2026-10-07,78931236dad4.webp
00435154,https://assets.sainsburys-groceries.co.uk/gol/8074259/1/640x640.jpg,https://www.sainsburys.co.uk/groceries/product/sainsburys-basil-pine-nuts-ravioli-taste-the-difference-250g,2026-10-08,65f65e43f76c.webp
00439183,https://assets.sainsburys-groceries.co.uk/gol/8078474/image.jpg,https://www.sainsburys.co.uk/gol-ui/product/so-organic-super-firm-smoked-vegan-tofu-300g,2026-10-07,241dd04938ee.webp
00439817,https://assets.sainsburys-groceries.co.uk/gol/439817/image.jpg,https://www.sainsburys.co.uk/gol-ui/product/sainsburys-quiche-lorraine-400g,2026-10-07,e657a819c738.webp
00440127,https://assets.sainsburys-groceries.co.uk/gol/8079432/1/640x640.jpg,https://www.sainsburys.co.uk/groceries/product/sainsburys-cream-cracker-300g,2026-10-08,7bf506cc0529.webp
00440783,https://assets.sainsburys-groceries.co.uk/gol/440783/1/640x640.jpg,https://www.sainsburys.co.uk/groceries/product/sainsburys-grissini-bread-sticks-125g,2026-10-07,e5d138935813.webp
00440929,https://assets.sainsburys-groceries.co.uk/gol/8080310/image.jpg,https://www.sainsburys.co.uk/gol-ui/product/sainsburys-large-black-tiger-prawns-asc-taste-the-difference-150g,2026-10-07,512c1ac9cfe7.webp
00443265,https://assets.sainsburys-groceries.co.uk/gol/8083837/image.jpg,https://www.sainsburys.co.uk/gol-ui/product/sainsburys-tiramis-desserts-x2-85g,2026-10-07,e7cb308d5f68.webp
00446334,https://assets.sainsburys-groceries.co.uk/gol/8088507/image.jpg,https://www.sainsburys.co.uk/gol-ui/product/sainsburys-330g-cherry-tomatoes,2026-10-07,475cd1c6c829.webp
00447010,https://assets.sainsburys-groceries.co.uk/gol/447010/1/640x640.jpg,https://www.sainsburys.co.uk/groceries/product/sainsburys-grissini-bread-sticks-sesame-seed-125g,2026-10-08,16a8e08ac51e.webp
00450584,https://assets.sainsburys-groceries.co.uk/gol/450584/image.jpg,https://www.sainsburys.co.uk/gol-ui/product/sainsburys-beechwood-smoked-cheese-150g,2026-10-07,462669518be1.webp
00450645,https://assets.sainsburys-groceries.co.uk/gol/8091877/image.jpg,https://www.sainsburys.co.uk/gol-ui/product/sainsburys-white-cabbage-each,2026-10-07,29b736b49731.webp
00450850,https://assets.sainsburys-groceries.co.uk/gol/8092133/image.jpg,https://www.sainsburys.co.uk/gol-ui/product/sainsburys-masala-spiced-cauliflower-soup-taste-the-difference-600g,2026-10-07,080b2458b258.webp
00452953,https://assets.sainsburys-groceries.co.uk/gol/8097729/1/640x640.jpg,https://www.sainsburys.co.uk/groceries/product/sainsburys-strawberries-250g,2026-10-07,59e6f7d14665.webp
00454629,https://assets.sainsburys-groceries.co.uk/gol/8100792/image.jpg,https://www.sainsburys.co.uk/gol-ui/product/sainsburys-wild-garlic-british-chicken-breast-kyiv-with-west-country-butter-sourdough-crumb-taste-the-difference-x2-385g,2026-10-07,fe1ba46c496a.webp
00455664,https://assets.sainsburys-groceries.co.uk/gol/455664/image.jpg,https://www.sainsburys.co.uk/gol-ui/product/sainsburys-royal-gala-apples-so-organic-x6,2026-10-07,27516d6fdf90.webp
00456418,https://assets.sainsburys-groceries.co.uk/gol/8103593/image.jpg,https://www.sainsburys.co.uk/gol-ui/product/sainsburys-british-10-fat-pork-mince-750g,2026-10-07,d56940c1671c.webp
00457811,https://assets.sainsburys-groceries.co.uk/gol/8105537/image.jpg,https://www.sainsburys.co.uk/gol-ui/product/sainsburys-jersey-milk-taste-the-difference-1l,2026-10-07,fb32cd44c33f.webp
00457958,https://assets.sainsburys-groceries.co.uk/gol/8105838/image.jpg,https://www.sainsburys.co.uk/gol-ui/product/sainsburys-apple-grape-130g,2026-10-07,1566351552a9.webp
00458016,https://assets.sainsburys-groceries.co.uk/gol/7214579/image.jpg,https://www.sainsburys.co.uk/gol-ui/product/sainsburys-calorie-counted-mediterranean-vegetable-style-pasta-380g,2026-10-07,bcd488bb7fef.webp
00458078,https://assets.sainsburys-groceries.co.uk/gol/8105954/image.jpg,https://www.sainsburys.co.uk/gol-ui/product/sainsburys-beef-lasagne-ready-meal-for-4-1-5kg,2026-10-07,d956a6218025.webp
00460118,https://assets.sainsburys-groceries.co.uk/gol/8107565/image.jpg,https://www.sainsburys.co.uk/gol-ui/product/sainsburys-tabbouleh-with-herb-roasted-garlic-lemon-dressing-taste-the-difference-200g,2026-10-07,a30a03eef2b0.webp
00460217,https://assets.sainsburys-groceries.co.uk/gol/8107784/image.jpg,https://www.sainsburys.co.uk/gol-ui/product/sainsburys-french-comt-taste-the-difference-180g,2026-10-07,3f353182efe8.webp
00460309,https://assets.sainsburys-groceries.co.uk/gol/8107916/image.jpg,https://www.sainsburys.co.uk/gol-ui/product/sainsburys-chopped-onions-500g,2026-10-07,f11916cdd3a2.webp
00461481,https://assets.sainsburys-groceries.co.uk/gol/1179095/1/640x640.jpg,https://www.sainsburys.co.uk/groceries/product/sainsburys-peanut-butter-crunchy-340g,2026-10-08,b111cc07bf95.webp
00463737,https://assets.sainsburys-groceries.co.uk/gol/8112861/image.jpg,https://www.sainsburys.co.uk/gol-ui/product/sainsburys-wafer-thin-ham-air-dried-taste-the-difference-225g,2026-10-07,766e1d59e3f0.webp
00463744,https://assets.sainsburys-groceries.co.uk/gol/8112863/image.jpg,https://www.sainsburys.co.uk/gol-ui/product/sainsburys-breaded-british-yorkshire-cured-ham-slices-taste-the-difference-x7-225g,2026-10-07,faf4f7a21146.webp
00463751,https://assets.sainsburys-groceries.co.uk/gol/8112865/image.jpg,https://www.sainsburys.co.uk/gol-ui/product/sainsburys-honey-roast-yorkshire-cured-british-ham-slices-taste-the-difference-x7-225g,2026-10-07,371c16742956.webp
00469494,https://assets.sainsburys-groceries.co.uk/gol/8119458/image.jpg,https://www.sainsburys.co.uk/gol-ui/product/sainsburys-watermelon-160g,2026-10-07,b9365673501b.webp
00469609,https://assets.sainsburys-groceries.co.uk/gol/8119481/image.jpg,https://www.sainsburys.co.uk/gol-ui/product/sainsburys-500g-winter-berry-crumble-taste-the-difference-limited-edition,2026-10-07,7f5bac826c75.webp
00469623,https://assets.sainsburys-groceries.co.uk/gol/8119483/image.jpg,https://www.sainsburys.co.uk/gol-ui/product/sainsburys-oat-apple-crumble-taste-the-difference-500g,2026-10-07,218dd3ac7c2a.webp
00471138,https://assets.sainsburys-groceries.co.uk/gol/8120931/image.jpg,https://www.sainsburys.co.uk/gol-ui/product/sainsburys-beef-pork-red-wine-ragu-cappellacci-taste-the-difference-250g,2026-10-07,33078696ea1c.webp
00471190,https://assets.sainsburys-groceries.co.uk/gol/8120998/image.jpg,https://www.sainsburys.co.uk/gol-ui/product/sainsburys-stonebaked-three-cheese-265g,2026-10-07,0f31a96bd737.webp
00473255,https://assets.sainsburys-groceries.co.uk/gol/8123902/image.jpg,https://www.sainsburys.co.uk/gol-ui/product/sainsburys-unsmoked-back-bacon-rashers-x10-300g,2026-10-07,13e7ac64a7d7.webp
00485913,https://assets.sainsburys-groceries.co.uk/gol/7620643/image.jpg,https://www.sainsburys.co.uk/gol-ui/product/sainsburys-smoked-basa-fillets-asc-240g,2026-10-07,00273735fb1f.webp
00487641,https://assets.sainsburys-groceries.co.uk/gol/487641/1/640x640.jpg,https://www.sainsburys.co.uk/groceries/product/sainsburys-olive-spread-500g,2026-10-08,b82d616e27ed.webp
00488464,https://assets.sainsburys-groceries.co.uk/gol/488464/image.jpg,https://www.sainsburys.co.uk/gol-ui/product/sainsbury-s-pure-apple-juice-1l,2026-10-07,79fd1def6df6.webp
00489812,https://assets.sainsburys-groceries.co.uk/gol/8144031/image.jpg,https://www.sainsburys.co.uk/gol-ui/product/sainsburys-chunky-triple-cook-chips-taste-the-difference-400g,2026-10-07,d7a175f3f3ef.webp
00490061,https://assets.sainsburys-groceries.co.uk/gol/8144329/image.jpg,https://www.sainsburys.co.uk/gol-ui/product/sainsburys-2-x-signature-beef-rib-brisket-burgers-taste-the-difference-340g,2026-10-07,7c4f79052409.webp
00490160,https://assets.sainsburys-groceries.co.uk/gol/8144404/1/640x640.jpg,https://www.sainsburys.co.uk/groceries/product/sainsburys-thick-lightly-seeded-bread-800g,2026-10-07,7660ef3d19a9.webp
00490269,https://assets.sainsburys-groceries.co.uk/gol/8144533/image.jpg,https://www.sainsburys.co.uk/gol-ui/product/sainsburys-dauphinoise-potatoes-with-garlic-and-nutmeg-taste-the-difference-400g,2026-10-07,ea17af9698c8.webp
00490658,https://assets.sainsburys-groceries.co.uk/gol/8144836/image.jpg,https://www.sainsburys.co.uk/gol-ui/product/sainsburys-300g-closed-cup-chestnut-mushrooms,2026-10-07,4fba47f451a0.webp
00490979,https://assets.sainsburys-groceries.co.uk/gol/8145141/image.jpg,https://www.sainsburys.co.uk/gol-ui/product/stamford-street-co-mature-white-cheddar-400g,2026-10-07,9d47bbb01d3b.webp
00491181,https://assets.sainsburys-groceries.co.uk/gol/8145403/image.jpg,https://www.sainsburys.co.uk/gol-ui/product/sainsburys-sheet-puff-pastry-x1-320g,2026-10-07,d7a44a709e4a.webp
00491600,https://assets.sainsburys-groceries.co.uk/gol/8145870/image.jpg,https://www.sainsburys.co.uk/gol-ui/product/sainsburys-ready-rolled-shortcrust-pastry-320g,2026-10-07,492811462aa0.webp
00492287,https://assets.sainsburys-groceries.co.uk/gol/8147201/image.jpg,https://www.sainsburys.co.uk/gol-ui/product/sainsburys-cornish-clotted-cream-taste-the-difference-200g,2026-10-07,b9d9ff089ec3.webp
00494168,https://assets.sainsburys-groceries.co.uk/gol/8149082/1/640x640.jpg,https://www.sainsburys.co.uk/groceries/product/sainsburys-caramelised-onion-chutney-taste-the-difference-230g,2026-10-07,ec4202b8cc23.webp
00494465,https://assets.sainsburys-groceries.co.uk/gol/8149894/image.jpg,https://www.sainsburys.co.uk/gol-ui/product/deli-express-honey-roast-ham-225g,2026-10-07,c99612c9ea31.webp
00494519,https://assets.sainsburys-groceries.co.uk/gol/8149943/image.jpg,https://www.sainsburys.co.uk/gol-ui/product/sainsburys-smoky-cheddar-tomato-antipasti-taste-the-difference-160g,2026-10-07,26194dbe38e5.webp
00494588,https://assets.sainsburys-groceries.co.uk/gol/8150165/image.jpg,https://www.sainsburys.co.uk/gol-ui/product/sainsburys-220g-greek-inspired-whipped-feta-salad-taste-the-difference,2026-10-07,0714ad068e77.webp
00494625,https://assets.sainsburys-groceries.co.uk/gol/8150179/image.jpg,https://www.sainsburys.co.uk/gol-ui/product/sainsburys-extra-smooth-houmous-taste-the-difference-170g,2026-10-07,bb0bdf04523a.webp
00494885,https://assets.sainsburys-groceries.co.uk/gol/8150679/image.jpg,https://www.sainsburys.co.uk/gol-ui/product/sainsburys-brunswick-ham-slices-x6-120g,2026-10-07,8e6ac21667d9.webp
00494915,https://assets.sainsburys-groceries.co.uk/gol/8150683/image.jpg,https://www.sainsburys.co.uk/gol-ui/product/sainsburys-peppered-german-salami-slices-x17-170g,2026-10-07,e625d55c2fbb.webp
00494939,https://assets.sainsburys-groceries.co.uk/gol/8150687/image.jpg,https://www.sainsburys.co.uk/gol-ui/product/sainsburys-german-salami-slices-x17-170g,2026-10-07,f88302a47856.webp
00494946,https://assets.sainsburys-groceries.co.uk/gol/8150689/image.jpg,https://www.sainsburys.co.uk/gol-ui/product/sainsburys-wafer-thin-brunswick-ham-slices-125g,2026-10-07,7bc0edd7b9ac.webp
00497091,https://assets.sainsburys-groceries.co.uk/gol/8153103/image.jpg,https://www.sainsburys.co.uk/gol-ui/product/sainsburys-serrano-ham-100g,2026-10-07,94bb3e777c66.webp
00497121,https://assets.sainsburys-groceries.co.uk/gol/8153109/1/640x640.jpg,https://www.sainsburys.co.uk/groceries/product/sainsburys-italian-prosciutto-crudo-x9-120g,2026-10-08,2600655d7d56.webp
00497145,https://assets.sainsburys-groceries.co.uk/gol/8153113/image.jpg,https://www.sainsburys.co.uk/gol-ui/product/sainsburys-italian-milano-salami-slices-x10-53g,2026-10-07,e100377aceb1.webp
00497657,https://assets.sainsburys-groceries.co.uk/gol/8153834/1/640x640.jpg,https://www.sainsburys.co.uk/groceries/product/sainsburys-brioche-burger-buns-rolls-x4,2026-10-08,53aa4b2f1a6b.webp
00498913,https://assets.sainsburys-groceries.co.uk/gol/8154692/image.jpg,https://www.sainsburys.co.uk/gol-ui/product/sainsburys-chargrilled-chicken-breast-chunks-80g,2026-10-07,55e1e98d1916.webp
00498968,https://assets.sainsburys-groceries.co.uk/gol/8154702/image.jpg,https://www.sainsburys.co.uk/gol-ui/product/sainsburys-roast-british-chicken-breast-sliced-360g-ready-to-eat,2026-10-07,c9849dcb7f68.webp
00498975,https://assets.sainsburys-groceries.co.uk/gol/8154704/image.jpg,https://www.sainsburys.co.uk/gol-ui/product/sainsburys-chargrilled-shredded-british-chicken-breast-160g-ready-to-eat,2026-10-07,39a749fe9da7.webp
00498999,https://assets.sainsburys-groceries.co.uk/gol/8157181/image.jpg,https://www.sainsburys.co.uk/gol-ui/product/sainsburys-skin-on-boneless-smoked-msc-haddock-fillets-240g,2026-10-07,12a49496264b.webp
00502146,https://assets.sainsburys-groceries.co.uk/gol/8157803/image.jpg,https://www.sainsburys.co.uk/gol-ui/product/sainsburys-british-pork-chipolatas-taste-the-difference-x20-625g,2026-10-07,54509a6eb0aa.webp
00503259,https://assets.sainsburys-groceries.co.uk/gol/8159232/image.jpg,https://www.sainsburys.co.uk/gol-ui/product/sainsburys-fresh-rigatoni-taste-the-difference-300g,2026-10-07,0f57e9cd1d4e.webp
00504331,https://assets.sainsburys-groceries.co.uk/gol/8160209/image.jpg,https://www.sainsburys.co.uk/gol-ui/product/sainsburys-basil-pesto-taste-the-difference-150g,2026-10-07,d9a116dc3b9b.webp
00504935,https://assets.sainsburys-groceries.co.uk/gol/8160904/image.jpg,https://www.sainsburys.co.uk/gol-ui/product/sainsburys-sticky-toffee-pudding-taste-the-difference-400g,2026-10-07,cd5f489b0628.webp
00505208,https://assets.sainsburys-groceries.co.uk/gol/8161426/image.jpg,https://www.sainsburys.co.uk/gol-ui/product/sainsburys-sticky-toffee-pudding-taste-the-difference-200g,2026-10-07,c7f4184fe468.webp
00505352,https://assets.sainsburys-groceries.co.uk/gol/8161569/image.jpg,https://www.sainsburys.co.uk/gol-ui/product/sainsburys-gold-kiwi-taste-the-difference,2026-10-07,3a6970ce7752.webp
00505673,https://assets.sainsburys-groceries.co.uk/gol/8161967/image.jpg,https://www.sainsburys.co.uk/gol-ui/product/sainsburys-coleslaw-taste-the-difference-180g,2026-10-07,f93d3c1588d3.webp
00506014,https://assets.sainsburys-groceries.co.uk/gol/8162345/image.jpg,https://www.sainsburys.co.uk/gol-ui/product/sainsburys-300g-reduced-fat-coleslaw,2026-10-07,0f678d75d70e.webp
00507288,https://assets.sainsburys-groceries.co.uk/gol/8164283/image.jpg,https://www.sainsburys.co.uk/gol-ui/product/sainsburys-225g-pesto-mozzarella-pasta,2026-10-07,eca3a83ba3f5.webp
00507301,https://assets.sainsburys-groceries.co.uk/gol/8164355/image.jpg,https://www.sainsburys.co.uk/gol-ui/product/sainsburys-italian-burrata-taste-the-difference-150g,2026-10-07,e8eb2780cc77.webp
00508148,https://assets.sainsburys-groceries.co.uk/gol/8165098/image.jpg,https://www.sainsburys.co.uk/gol-ui/product/sainsburys-beef-lasagne-taste-the-difference-700g,2026-10-07,88b961881873.webp
00508216,https://assets.sainsburys-groceries.co.uk/gol/8165183/image.jpg,https://www.sainsburys.co.uk/gol-ui/product/sainsburys-asc-scottish-hickory-wood-smoked-salmon-taste-the-difference-100g-ready-to-eat,2026-10-07,892754490e3a.webp
00508643,https://assets.sainsburys-groceries.co.uk/gol/8165622/image.jpg,https://www.sainsburys.co.uk/gol-ui/product/sainsburys-mozzarella-slices-250g,2026-10-07,31ea68fb114f.webp
00508780,https://assets.sainsburys-groceries.co.uk/gol/8165807/image.jpg,https://www.sainsburys.co.uk/gol-ui/product/sainsburys-shepherd-s-pie-taste-the-difference-400g-serves-1,2026-10-07,6410523ae238.webp
00508896,https://assets.sainsburys-groceries.co.uk/gol/8165964/image.jpg,https://www.sainsburys.co.uk/gol-ui/product/sainsburys-skin-on-asc-lightly-smoked-scottish-salmon-fillets-taste-the-difference-x2-240g,2026-10-07,dae690b9ab43.webp
00511483,https://assets.sainsburys-groceries.co.uk/gol/8168211/image.jpg,https://www.sainsburys.co.uk/gol-ui/product/sainsburys-just-cook-british-chicken-breast-with-cheese-leek-380g,2026-10-07,371132b23687.webp
00511889,https://assets.sainsburys-groceries.co.uk/gol/8168543/image.jpg,https://www.sainsburys.co.uk/gol-ui/product/sainsburys-meal-for-1-paneer-tikka-masala-with-cumin-rice-limited-edition-400g,2026-10-07,dbc6b7eb107d.webp
00512534,https://assets.sainsburys-groceries.co.uk/gol/8169774/image.jpg,https://www.sainsburys.co.uk/gol-ui/product/sainsburys-scottish-salmon-en-croute-taste-the-difference-x2-380g,2026-10-07,cbb8657f92d2.webp
00516280,https://assets.sainsburys-groceries.co.uk/gol/8174204/image.jpg,https://www.sainsburys.co.uk/gol-ui/product/sainsburys-lighter-puff-pastry-320g,2026-10-07,57d2d170f644.webp
00521475,https://assets.sainsburys-groceries.co.uk/gol/8179943/image.jpg,https://www.sainsburys.co.uk/gol-ui/product/sainsburys-2-x-melting-middle-fish-pie-fishcakes-taste-the-difference-290g,2026-10-07,f17e072d26a3.webp
00521505,https://assets.sainsburys-groceries.co.uk/gol/8179951/image.jpg,https://www.sainsburys.co.uk/gol-ui/product/sainsburys-scottish-salmon-spinach-lemon-fishcakes-taste-the-difference-x2-290g,2026-10-07,d2a721622cc1.webp
00523547,https://assets.sainsburys-groceries.co.uk/gol/8184250/image.jpg,https://www.sainsburys.co.uk/gol-ui/product/sainsburys-sweet-potato-fries-340g,2026-10-07,26914b71ffb9.webp
00524711,https://assets.sainsburys-groceries.co.uk/gol/8185810/image.jpg,https://www.sainsburys.co.uk/gol-ui/product/sainsburys-280g-chicken-bacon-pasta,2026-10-07,c547657dd592.webp
00526807,https://assets.sainsburys-groceries.co.uk/gol/8189621/image.jpg,https://www.sainsburys.co.uk/gol-ui/product/sainsburys-buttermilk-british-chicken-mini-fillets-305g,2026-10-07,31d895dcedbf.webp
00536608,https://assets.sainsburys-groceries.co.uk/gol/536608/image.jpg,https://www.sainsburys.co.uk/gol-ui/product/sainsburys-1kg-baby-potatoes,2026-10-07,cfd5114786e3.webp
00553179,https://assets.sainsburys-groceries.co.uk/gol/553179/1/640x640.jpg,https://www.sainsburys.co.uk/groceries/product/sainsburys-scottish-porridge-oats-1-5kg,2026-10-07,4a4208c9a033.webp
00584265,https://assets.sainsburys-groceries.co.uk/gol/584265/image.jpg,https://www.sainsburys.co.uk/gol-ui/product/sainsburys-broccoli-tomato-cheese-quiche-400g,2026-10-07,f037d5acff77.webp
00606516,https://assets.sainsburys-groceries.co.uk/gol/606516/image.jpg,https://www.sainsburys.co.uk/gol-ui/product/sainsburys-classic-round-tomatoes-x6,2026-10-07,a83fdbd729ad.webp
00614375,https://assets.sainsburys-groceries.co.uk/gol/1024463/image.jpg,https://www.sainsburys.co.uk/gol-ui/product/sainsburys-tiramisu-italian-dessert-500g,2026-10-07,ad11bc26bd8d.webp
00635974,https://assets.sainsburys-groceries.co.uk/gol/635974/image.jpg,https://www.sainsburys.co.uk/gol-ui/product/sainsburys-100-pure-squeezed-pink-grapefruit-juice-not-from-concentrate-1l,2026-10-07,2fbf949d07d0.webp
00636056,https://assets.sainsburys-groceries.co.uk/gol/636056/1/640x640.jpg,https://www.sainsburys.co.uk/groceries/product/sainsburys-fresh-egg-tagliatelle-500g,2026-10-08,6a711364f00d.webp
00636162,https://assets.sainsburys-groceries.co.uk/gol/636162/image.jpg,https://www.sainsburys.co.uk/gol-ui/product/sainsburys-fresh-egg-lasagne-sheets-250g,2026-10-07,4d98ac5b0fbe.webp
00636186,https://assets.sainsburys-groceries.co.uk/gol/636186/image.jpg,https://www.sainsburys.co.uk/gol-ui/product/sainsburys-fresh-gnocchi-500g,2026-10-07,1a7982bf5945.webp
00662789,https://assets.sainsburys-groceries.co.uk/gol/662789/image.jpg,https://www.sainsburys.co.uk/gol-ui/product/sainsburys-250g-vittoria-cherry-vine-tomatoes-taste-the-difference,2026-10-07,f5d794a9e843.webp
00675611,https://assets.sainsburys-groceries.co.uk/gol/675611/image.jpg,https://www.sainsburys.co.uk/gol-ui/product/sainsburys-french-camembert-cheese-taste-the-difference-250g,2026-10-07,7c33c49ff007.webp
00678902,https://assets.sainsburys-groceries.co.uk/gol/678902/image.jpg,https://www.sainsburys.co.uk/gol-ui/product/sainsburys-garlic-baguette-x2-390g,2026-10-07,56ab2a73d2b0.webp
01002942,https://assets.sainsburys-groceries.co.uk/gol/1242942/1/640x640.jpg,https://www.sainsburys.co.uk/groceries/product/sainsburys-wholegrain-malties-cereal-750g,2026-10-08,ee30344b976b.webp
01007770,https://assets.sainsburys-groceries.co.uk/gol/6002373/image.jpg,https://www.sainsburys.co.uk/gol-ui/product/sainsburys-1kg-carrots,2026-10-07,eab190aaf88c.webp
01011302,https://assets.sainsburys-groceries.co.uk/gol/1011302/image.jpg,https://www.sainsburys.co.uk/gol-ui/product/sainsburys-british-pork-mince-5-fat-500g,2026-10-07,fb876a47d79e.webp
01016154,https://assets.sainsburys-groceries.co.uk/gol/6004829/1/640x640.jpg,https://www.sainsburys.co.uk/groceries/product/sainsburys-chicken-sweetcorn-soup-600g,2026-10-07,02029ee6fb08.webp
01016369,https://assets.sainsburys-groceries.co.uk/gol/6004831/image.jpg,https://www.sainsburys.co.uk/gol-ui/product/sainsburys-minestrone-soup-600g,2026-10-07,638e70485999.webp
01016451,https://assets.sainsburys-groceries.co.uk/gol/6005025/image.jpg,https://www.sainsburys.co.uk/gol-ui/product/sainsburys-tomato-basil-soup-600g,2026-10-07,ec99a1e3a805.webp
01019209,https://assets.sainsburys-groceries.co.uk/gol/1019209/image.jpg,https://www.sainsburys.co.uk/gol-ui/product/sainsburys-baby-potatoes-with-herbs-butter-385g,2026-10-07,46474a414369.webp
01024388,https://assets.sainsburys-groceries.co.uk/gol/6006822/image.jpg,https://www.sainsburys.co.uk/gol-ui/product/sainsburys-potato-carrot-swede-mash-400g,2026-10-07,07c631e5a2ec.webp
01032550,https://assets.sainsburys-groceries.co.uk/gol/6008871/image.jpg,https://www.sainsburys.co.uk/gol-ui/product/sainsburys-kale-200g,2026-10-07,8c69b3fb2b7f.webp
01034752,https://assets.sainsburys-groceries.co.uk/gol/1034752/image.jpg,https://www.sainsburys.co.uk/gol-ui/product/sainsburys-butterlicious-spread-500g,2026-10-07,62a5957e8b86.webp
01043686,https://assets.sainsburys-groceries.co.uk/gol/1224931/image.jpg,https://www.sainsburys.co.uk/gol-ui/product/sainsburys-fresh-custard-slices-x2-180g,2026-10-07,263efaba8047.webp
01061345,https://assets.sainsburys-groceries.co.uk/gol/1061345/1/640x640.jpg,https://www.sainsburys.co.uk/groceries/product/sainsburys-ready-salted-multipack-crisps-6x25g,2026-10-08,7c9e073b5603.webp
01068290,https://assets.sainsburys-groceries.co.uk/gol/1068290/image.jpg,https://www.sainsburys.co.uk/gol-ui/product/sainsburys-greek-style-honey-yogurt-450g,2026-10-07,43dc51dc8f5b.webp
01075045,https://assets.sainsburys-groceries.co.uk/gol/6023856/image.jpg,https://www.sainsburys.co.uk/gol-ui/product/sainsburys-british-pork-cumberland-sausages-taste-the-difference-x6-400g,2026-10-07,34b6fc4be8e4.webp
01081237,https://assets.sainsburys-groceries.co.uk/gol/6025933/image.jpg,https://www.sainsburys.co.uk/gol-ui/product/sainsburys-butcher-s-choice-lincolnshire-british-pork-sausage-x8-454g,2026-10-07,a8a7dd0d47f9.webp
01081275,https://assets.sainsburys-groceries.co.uk/gol/6025936/image.jpg,https://www.sainsburys.co.uk/gol-ui/product/sainsburys-butcher-s-choice-british-pork-sausage-x8-454g,2026-10-07,6b8712082f53.webp
01081343,https://assets.sainsburys-groceries.co.uk/gol/6025948/image.jpg,https://www.sainsburys.co.uk/gol-ui/product/sainsburys-butcher-s-choice-cumberland-british-pork-sausage-x8-454g,2026-10-07,40865c15eade.webp
01082388,https://assets.sainsburys-groceries.co.uk/gol/1082388/image.jpg,https://www.sainsburys.co.uk/gol-ui/product/sainsburys-apple-mango-juice-not-from-concentrate-1l,2026-10-07,4e74ef07de0e.webp
01083989,https://assets.sainsburys-groceries.co.uk/gol/6026707/image.jpg,https://www.sainsburys.co.uk/gol-ui/product/sainsburys-butcher-s-choice-british-fresh-beef-sausages-x8-454g,2026-10-07,bec407ce3ace.webp
01090581,https://assets.sainsburys-groceries.co.uk/gol/1090581/image.jpg,https://www.sainsburys.co.uk/gol-ui/product/sainsburys-cheese-onion-rolls-x2-120g,2026-10-07,571756105661.webp
01091977,https://assets.sainsburys-groceries.co.uk/gol/6028945/image.jpg,https://www.sainsburys.co.uk/gol-ui/product/sainsburys-tropical-juice-not-from-concentrate-1l,2026-10-07,292a9ccb05d9.webp
01094985,https://assets.sainsburys-groceries.co.uk/gol/6030332/image.jpg,https://www.sainsburys.co.uk/gol-ui/product/sainsburys-duck-orange-pate-170g,2026-10-07,1e4d53645ce1.webp
01095678,https://assets.sainsburys-groceries.co.uk/gol/6030825/image.jpg,https://www.sainsburys.co.uk/gol-ui/product/sainsburys-limes-x5,2026-10-07,5808e6df9980.webp
01097122,https://assets.sainsburys-groceries.co.uk/gol/6031477/image.jpg,https://www.sainsburys.co.uk/gol-ui/product/sainsburys-msc-seafood-sticks-x16-250g,2026-10-07,4f290063551f.webp
01099096,https://assets.sainsburys-groceries.co.uk/gol/6032646/image.jpg,https://www.sainsburys.co.uk/gol-ui/product/sainsburys-grated-mozzarella-cheese-250g,2026-10-07,e37f7b7011a5.webp
01099126,https://assets.sainsburys-groceries.co.uk/gol/6032649/image.jpg,https://www.sainsburys.co.uk/gol-ui/product/sainsburys-grated-mozzarella-cheese-500g,2026-10-07,d9d2229bfb4c.webp
01111323,https://assets.sainsburys-groceries.co.uk/gol/1111323/1/640x640.jpg,https://www.sainsburys.co.uk/groceries/product/sainsburys-white-seedless-grapes-500g,2026-10-08,3d1af9af05e8.webp
01111385,https://assets.sainsburys-groceries.co.uk/gol/1111385/image.jpg,https://www.sainsburys.co.uk/gol-ui/product/sainsburys-toulouse-inspired-sausages-taste-the-difference-x6-400g,2026-10-07,79c282e692da.webp
01115215,https://assets.sainsburys-groceries.co.uk/gol/6259624/1/640x640.jpg,https://www.sainsburys.co.uk/groceries/product/sainsburys-vanilla-custard-taste-the-difference-500g,2026-10-08,9694d6a5f9e4.webp
01117011,https://assets.sainsburys-groceries.co.uk/gol/1117011/image.jpg,https://www.sainsburys.co.uk/gol-ui/product/sainsburys-british-butter-unsalted-250g,2026-10-07,9f20f2a0e27b.webp
01121124,https://assets.sainsburys-groceries.co.uk/gol/6767562/1/640x640.jpg,https://www.sainsburys.co.uk/groceries/product/sainsburys-400g-kalamata-olive-bloomer-bread-taste-the-difference,2026-10-08,76e6a8a36880.webp
01123159,https://assets.sainsburys-groceries.co.uk/gol/1123159/image.jpg,https://www.sainsburys.co.uk/gol-ui/product/sainsburys-syrup-sponge-puddings-2-x-105g,2026-10-07,057a37a0181f.webp
01123166,https://assets.sainsburys-groceries.co.uk/gol/1123166/image.jpg,https://www.sainsburys.co.uk/gol-ui/product/sainsburys-sticky-toffee-sponge-pudding-2x110g,2026-10-07,6829eb0093d3.webp
01127409,https://assets.sainsburys-groceries.co.uk/gol/1127409/image.jpg,https://www.sainsburys.co.uk/gol-ui/product/sainsburys-tomato-mascarpone-sauce-350g-serves-2,2026-10-07,b78ce4771723.webp
01132724,https://assets.sainsburys-groceries.co.uk/gol/1132724/image.jpg,https://www.sainsburys.co.uk/gol-ui/product/sainsburys-wensleydale-cheese-with-cranberries-200g,2026-10-07,203a6d9bf291.webp
01133196,https://assets.sainsburys-groceries.co.uk/gol/1133196/image.jpg,https://www.sainsburys.co.uk/gol-ui/product/sainsburys-beetroot-vacuum-pack-so-organic-250g,2026-10-07,2bfd4cb10491.webp
01137408,https://assets.sainsburys-groceries.co.uk/gol/6274397/image.jpg,https://www.sainsburys.co.uk/gol-ui/product/sainsburys-oriental-vegetable-stir-fry-300g,2026-10-07,981610793a53.webp
01137637,https://assets.sainsburys-groceries.co.uk/gol/1137637/1/640x640.jpg,https://www.sainsburys.co.uk/groceries/product/sainsburys-british-semi-skimmed-milk-1-13l-2-pint,2026-10-07,0551e8fc9a0c.webp
01137729,https://assets.sainsburys-groceries.co.uk/gol/1137729/image.jpg,https://www.sainsburys.co.uk/gol-ui/product/sainsburys-british-skimmed-milk-1-13l-2-pint,2026-10-07,ad6bd52bee2f.webp
01142457,https://assets.sainsburys-groceries.co.uk/gol/7938719/1/640x640.jpg,https://www.sainsburys.co.uk/groceries/product/sainsburys-400g-white-sourdough-bloomer-bread-taste-the-difference,2026-10-07,af4933fabe1d.webp
01142945,https://assets.sainsburys-groceries.co.uk/gol/7972999/1/640x640.jpg,https://www.sainsburys.co.uk/groceries/product/sainsburys-400g-brown-sourdough-bloomer-bread-taste-the-difference,2026-10-08,296e169edd35.webp
01143058,https://assets.sainsburys-groceries.co.uk/gol/6280588/image.jpg,https://www.sainsburys.co.uk/gol-ui/product/sainsburys-fresh-egg-fusilli-500g,2026-10-07,1673b821529a.webp
01145267,https://assets.sainsburys-groceries.co.uk/gol/1145267/image.jpg,https://www.sainsburys.co.uk/gol-ui/product/sainsburys-quiche-lorraine-170g,2026-10-07,396d9e4d9609.webp
01147537,https://assets.sainsburys-groceries.co.uk/gol/8181937/1/640x640.jpg,https://www.sainsburys.co.uk/groceries/product/sainsburys-400g-walnut-pave-bread-taste-the-difference,2026-10-08,354b9901366a.webp
01147551,https://assets.sainsburys-groceries.co.uk/gol/8181941/1/640x640.jpg,https://www.sainsburys.co.uk/groceries/product/sainsburys-350g-rye-sourdough-bloomer-bread-taste-the-difference,2026-10-07,d6ae58f2c316.webp
01150841,https://assets.sainsburys-groceries.co.uk/gol/6288331/image.jpg,https://www.sainsburys.co.uk/gol-ui/product/sainsburys-cottage-pie-taste-the-difference-400g-serves-1,2026-10-07,f179d824afa5.webp
01151428,https://assets.sainsburys-groceries.co.uk/gol/6288597/image.jpg,https://www.sainsburys.co.uk/gol-ui/product/sainsburys-fish-pie-taste-the-difference-400g-serves-1,2026-10-07,7c289995bbe9.webp
01151886,https://assets.sainsburys-groceries.co.uk/gol/6289037/image.jpg,https://www.sainsburys.co.uk/gol-ui/product/sainsburys-abergavenny-goats-cheese-125g,2026-10-07,5633529fa279.webp
01155259,https://assets.sainsburys-groceries.co.uk/gol/6290851/image.jpg,https://www.sainsburys.co.uk/gol-ui/product/sainsburys-strawberry-milkshake-1l,2026-10-07,2281ae50cf04.webp
01155280,https://assets.sainsburys-groceries.co.uk/gol/6290865/image.jpg,https://www.sainsburys.co.uk/gol-ui/product/sainsburys-chocolate-milkshake-1l,2026-10-07,fa9b747d8109.webp
01162615,https://assets.sainsburys-groceries.co.uk/gol/1162615/1/640x640.jpg,https://www.sainsburys.co.uk/groceries/product/sainsburys-red-kidney-beans-in-water-400g-240g,2026-10-08,7cded0be5cf7.webp
01162622,https://assets.sainsburys-groceries.co.uk/gol/1162622/1/640x640.jpg,https://www.sainsburys.co.uk/groceries/product/sainsburys-chickpeas-in-water-400g-240g,2026-10-07,dcadd50287c0.webp
01164862,https://assets.sainsburys-groceries.co.uk/gol/1164862/image.jpg,https://www.sainsburys.co.uk/gol-ui/product/sainsburys-indian-aloo-saag-ready-meal-side-for-2-300g,2026-10-07,d8d6b1af6cb0.webp
01167177,https://assets.sainsburys-groceries.co.uk/gol/6296740/1/640x640.jpg,https://www.sainsburys.co.uk/groceries/product/sainsburys-green-lentils-in-water-400g-265g,2026-10-08,48c350ebb678.webp
01167351,https://assets.sainsburys-groceries.co.uk/gol/1167351/image.jpg,https://www.sainsburys.co.uk/gol-ui/product/sainsburys-british-pork-sausages-taste-the-difference-x6-400g,2026-10-07,ebf222bac9b7.webp
01171204,https://assets.sainsburys-groceries.co.uk/gol/6300574/image.jpg,https://www.sainsburys.co.uk/gol-ui/product/sainsburys-600g-raspberry-trifle-dessert,2026-10-07,1e4b6d68f7bc.webp
01173321,https://assets.sainsburys-groceries.co.uk/gol/6302030/image.jpg,https://www.sainsburys.co.uk/gol-ui/product/sainsburys-lamb-moussaka-taste-the-difference-400g-serves-1,2026-10-07,b5f884356072.webp
01173413,https://assets.sainsburys-groceries.co.uk/gol/6302747/image.jpg,https://www.sainsburys.co.uk/gol-ui/product/sainsburys-deli-style-traditional-coleslaw-300g,2026-10-07,104e8e3b0462.webp
01174281,https://assets.sainsburys-groceries.co.uk/gol/1246377/1/640x640.jpg,https://www.sainsburys.co.uk/groceries/product/sainsburys-easy-peelers-600g,2026-10-08,53a8d9d40f1d.webp
01174472,https://assets.sainsburys-groceries.co.uk/gol/6303134/image.jpg,https://www.sainsburys.co.uk/gol-ui/product/sainsburys-chinese-sweet-sour-chicken-with-rice-ready-meal-for-1-400g,2026-10-07,c365c440ac5d.webp
01175424,https://assets.sainsburys-groceries.co.uk/gol/6304359/image.jpg,https://www.sainsburys.co.uk/gol-ui/product/sainsburys-roasted-red-pepper-houmous-200g,2026-10-07,a4fc102c4639.webp
01175462,https://assets.sainsburys-groceries.co.uk/gol/6304368/image.jpg,https://www.sainsburys.co.uk/gol-ui/product/sainsburys-red-pepper-houmous-be-good-to-yourself-200g,2026-10-07,350a0372fd79.webp
01178395,https://assets.sainsburys-groceries.co.uk/gol/6305456/1/640x640.jpg,https://www.sainsburys.co.uk/groceries/product/sainsburys-greek-feta-cheese-200g,2026-10-07,d656d5444984.webp
01179095,https://assets.sainsburys-groceries.co.uk/gol/1179095/1/640x640.jpg,https://www.sainsburys.co.uk/groceries/product/sainsburys-peanut-butter-crunchy-340g,2026-10-08,b111cc07bf95.webp
01179101,https://assets.sainsburys-groceries.co.uk/gol/1179101/1/640x640.jpg,https://www.sainsburys.co.uk/groceries/product/sainsburys-peanut-butter-smooth-340g,2026-10-07,3189b67c2727.webp
01180992,https://assets.sainsburys-groceries.co.uk/gol/1180992/1/640x640.jpg,https://www.sainsburys.co.uk/groceries/product/sainsburys-lemon-juice-250ml,2026-10-07,95a32397c644.webp
01190649,https://assets.sainsburys-groceries.co.uk/gol/1216639/image.jpg,https://www.sainsburys.co.uk/gol-ui/product/sainsburys-beef-casserole-with-dumplings-400g-serves-1,2026-10-07,737040e399f9.webp
01190847,https://assets.sainsburys-groceries.co.uk/gol/1190847/image.jpg,https://www.sainsburys.co.uk/gol-ui/product/sainsburys-indian-chicken-tikka-masala-ready-meal-main-for-2-400g,2026-10-07,45808965aeae.webp
01191073,https://assets.sainsburys-groceries.co.uk/gol/1191073/image.jpg,https://www.sainsburys.co.uk/gol-ui/product/sainsburys-indian-butter-chicken-ready-meal-main-for-2-400g,2026-10-07,ed49320fe2c5.webp
01191417,https://assets.sainsburys-groceries.co.uk/gol/1191417/image.jpg,https://www.sainsburys.co.uk/gol-ui/product/sainsburys-sweet-potato-1-25kg,2026-10-07,2437efd9597f.webp
01191691,https://assets.sainsburys-groceries.co.uk/gol/1191691/image.jpg,https://www.sainsburys.co.uk/gol-ui/product/sainsburys-indian-bombay-potato-ready-meal-side-for-2-300g,2026-10-07,f0591321a786.webp
01192193,https://assets.sainsburys-groceries.co.uk/gol/1192193/image.jpg,https://www.sainsburys.co.uk/gol-ui/product/sainsburys-shepherds-pie-400g-serves-1,2026-10-07,45b3391516f4.webp
01192377,https://assets.sainsburys-groceries.co.uk/gol/1192377/image.jpg,https://www.sainsburys.co.uk/gol-ui/product/sainsburys-lighter-mozzarella-cheese-125g,2026-10-07,54fc010b9d61.webp
01192926,https://assets.sainsburys-groceries.co.uk/gol/1192926/image.jpg,https://www.sainsburys.co.uk/gol-ui/product/sainsburys-smooth-pure-orange-juice-1l,2026-10-07,f6be8fd648d4.webp
01196573,https://assets.sainsburys-groceries.co.uk/gol/6316222/image.jpg,https://www.sainsburys.co.uk/gol-ui/product/sainsburys-moroccan-cous-cous-taste-the-difference-200g,2026-10-07,319d5e6322f0.webp
01197037,https://assets.sainsburys-groceries.co.uk/gol/1197037/image.jpg,https://www.sainsburys.co.uk/gol-ui/product/sainsburys-reduced-fat-smoked-bacon-medallions-x8-200g,2026-10-07,4d2373ffe191.webp
01198126,https://assets.sainsburys-groceries.co.uk/gol/6317780/image.jpg,https://www.sainsburys.co.uk/gol-ui/product/sainsburys-aromatic-garlic-coriander-naans-taste-difference-x2-280g,2026-10-07,f0263d2a5da8.webp
01199376,https://assets.sainsburys-groceries.co.uk/gol/6318944/image.jpg,https://www.sainsburys.co.uk/gol-ui/product/sainsburys-ready-to-roast-mediterranean-style-vegetables-400g-serves-2,2026-10-07,33f11a8f805d.webp
01199635,https://assets.sainsburys-groceries.co.uk/gol/6319221/image.jpg,https://www.sainsburys.co.uk/gol-ui/product/sainsburys-banana-milkshake-1l,2026-10-07,b6167e21b0c5.webp
01206098,https://assets.sainsburys-groceries.co.uk/gol/6325939/image.jpg,https://www.sainsburys.co.uk/gol-ui/product/sainsburys-greek-style-low-fat-natural-yogurt-500g,2026-10-07,92fa21d1e6d5.webp
01206111,https://assets.sainsburys-groceries.co.uk/gol/6325944/1/640x640.jpg,https://www.sainsburys.co.uk/groceries/product/sainsburys-greek-style-natural-yogurt-500g,2026-10-07,4bf6b877f6b6.webp
01208450,https://assets.sainsburys-groceries.co.uk/gol/1208450/image.jpg,https://www.sainsburys.co.uk/gol-ui/product/sainsburys-british-semi-skimmed-milk-so-organic-2-27l-4-pint,2026-10-07,82491f11c4e7.webp
01210941,https://assets.sainsburys-groceries.co.uk/gol/1210941/image.jpg,https://www.sainsburys.co.uk/gol-ui/product/sainsburys-indian-saag-paneer-ready-meal-side-for-2-300g,2026-10-07,12483b15324b.webp
01210958,https://assets.sainsburys-groceries.co.uk/gol/1210958/image.jpg,https://www.sainsburys.co.uk/gol-ui/product/sainsburys-indian-chicken-jalfrezi-ready-meal-main-for-2-400g,2026-10-07,724dda958a4c.webp
01214383,https://assets.sainsburys-groceries.co.uk/gol/1214383/image.jpg,https://www.sainsburys.co.uk/gol-ui/product/sainsburys-sweet-potato-so-organic-750g,2026-10-07,c1a487f2fd32.webp
01217117,https://assets.sainsburys-groceries.co.uk/gol/6334094/1/640x640.jpg,https://www.sainsburys.co.uk/groceries/product/sainsburys-british-free-range-eggs-large-x6,2026-10-08,2b12e3237d8a.webp
01217155,https://assets.sainsburys-groceries.co.uk/gol/6334096/image.jpg,https://www.sainsburys.co.uk/gol-ui/product/sainsburys-british-free-range-eggs-medium-x6,2026-10-07,57e66f9ffd6b.webp
01218565,https://assets.sainsburys-groceries.co.uk/gol/1218565/image.jpg,https://www.sainsburys.co.uk/gol-ui/product/sainsburys-mediterranean-style-vegetable-quiche-400g,2026-10-07,5853ed4c5b1b.webp
01219487,https://assets.sainsburys-groceries.co.uk/gol/6336293/image.jpg,https://www.sainsburys.co.uk/gol-ui/product/sainsburys-british-whole-milk-so-organic-1-13l-2-pint,2026-10-07,2876b1b27f85.webp
01219494,https://assets.sainsburys-groceries.co.uk/gol/6336297/image.jpg,https://www.sainsburys.co.uk/gol-ui/product/sainsburys-british-semi-skimmed-milk-so-organic-1-13l-2-pint,2026-10-07,a573a1021d3b.webp
01222500,https://assets.sainsburys-groceries.co.uk/gol/6338089/image.jpg,https://www.sainsburys.co.uk/gol-ui/product/sainsburys-edam-cheese-slices-250g,2026-10-07,f0282315838c.webp
01222593,https://assets.sainsburys-groceries.co.uk/gol/6338120/image.jpg,https://www.sainsburys.co.uk/gol-ui/product/sainsburys-red-leicester-cheese-slices-240g,2026-10-07,419bc8705d73.webp
01222685,https://assets.sainsburys-groceries.co.uk/gol/6338182/1/640x640.jpg,https://www.sainsburys.co.uk/groceries/product/sainsburys-gouda-cheese-slices-250g,2026-10-08,0f5a9efd70c4.webp
01224993,https://assets.sainsburys-groceries.co.uk/gol/1224993/image.jpg,https://www.sainsburys.co.uk/gol-ui/product/sainsburys-2-x-55g-belgian-chocolate-clairs,2026-10-07,9c65ad643789.webp
01225976,https://assets.sainsburys-groceries.co.uk/gol/1225976/image.jpg,https://www.sainsburys.co.uk/gol-ui/product/sainsburys-british-mild-cheddar-cheese-slices-240g,2026-10-07,6564f3bc8e14.webp
01225983,https://assets.sainsburys-groceries.co.uk/gol/1225983/image.jpg,https://www.sainsburys.co.uk/gol-ui/product/sainsburys-british-medium-cheddar-cheese-slices-240g,2026-10-07,7a6b17bf9838.webp
01225990,https://assets.sainsburys-groceries.co.uk/gol/1225990/image.jpg,https://www.sainsburys.co.uk/gol-ui/product/sainsburys-british-mature-cheddar-cheese-slices-240g,2026-10-07,a72fb0ad7ffa.webp
01226003,https://assets.sainsburys-groceries.co.uk/gol/1226003/image.jpg,https://www.sainsburys.co.uk/gol-ui/product/sainsburys-british-extra-mature-cheddar-cheese-slices-240g,2026-10-07,75b245099126.webp
01232851,https://assets.sainsburys-groceries.co.uk/gol/6345021/image.jpg,https://www.sainsburys.co.uk/gol-ui/product/sainsburys-chinese-sauce-175g,2026-10-07,4ce3a55f2c58.webp
01235005,https://assets.sainsburys-groceries.co.uk/gol/1235005/image.jpg,https://www.sainsburys.co.uk/gol-ui/product/sainsburys-chinese-chicken-chow-mein-ready-meal-for-1-400g,2026-10-07,2035d9559dc5.webp
01242942,https://assets.sainsburys-groceries.co.uk/gol/1242942/1/640x640.jpg,https://www.sainsburys.co.uk/groceries/product/sainsburys-wholegrain-malties-cereal-750g,2026-10-08,ee30344b976b.webp
01248692,https://assets.sainsburys-groceries.co.uk/gol/1248692/image.jpg,https://www.sainsburys.co.uk/gol-ui/product/sainsburys-italian-pepperoni-100g,2026-10-07,5a8100b95196.webp
01257090,https://assets.sainsburys-groceries.co.uk/gol/1257090/image.jpg,https://www.sainsburys.co.uk/gol-ui/product/sainsburys-tenderstem-broccoli-200g,2026-10-07,061093c7e5e5.webp
01260847,https://assets.sainsburys-groceries.co.uk/gol/6362231/image.jpg,https://www.sainsburys.co.uk/gol-ui/product/sainsburys-butcher-s-choice-reduced-fat-cumberland-british-pork-sausage-454g,2026-10-07,e051c0e2d5ae.webp
01268478,https://assets.sainsburys-groceries.co.uk/gol/6365337/1/640x640.jpg,https://www.sainsburys.co.uk/groceries/product/sainsburys-italian-chopped-tomatoes-4-400g,2026-10-08,f8af40d40983.webp
01268584,https://assets.sainsburys-groceries.co.uk/gol/1268584/1/640x640.jpg,https://www.sainsburys.co.uk/groceries/product/sainsburys-lemon-curd-411g,2026-10-07,d3db28cc98cb.webp
01273649,https://assets.sainsburys-groceries.co.uk/gol/6369234/image.jpg,https://www.sainsburys.co.uk/gol-ui/product/sainsburys-beansprouts-300g,2026-10-07,b74684a9b989.webp
01274189,https://assets.sainsburys-groceries.co.uk/gol/1274189/image.jpg,https://www.sainsburys.co.uk/gol-ui/product/sainsburys-buffalo-mozzarella-taste-the-difference-125g,2026-10-07,08871b1a2f7d.webp
01282603,https://assets.sainsburys-groceries.co.uk/gol/1282603/image.jpg,https://www.sainsburys.co.uk/gol-ui/product/sainsburys-freshly-squeezed-smooth-orange-juice-taste-the-difference-1l,2026-10-07,3dfc7fad168a.webp
01291063,https://assets.sainsburys-groceries.co.uk/gol/1291063/image.jpg,https://www.sainsburys.co.uk/gol-ui/product/sainsburys-mashed-potato-400g,2026-10-07,cd67c8f6e5f4.webp
01291476,https://assets.sainsburys-groceries.co.uk/gol/1291476/image.jpg,https://www.sainsburys.co.uk/gol-ui/product/sainsburys-fresh-packed-basil-30g,2026-10-07,86cd7deb5d33.webp
01292824,https://assets.sainsburys-groceries.co.uk/gol/1292824/image.jpg,https://www.sainsburys.co.uk/gol-ui/product/sainsburys-british-pork-apple-sausages-taste-the-difference-x6-400g,2026-10-07,2e599cce88ed.webp
01294934,https://assets.sainsburys-groceries.co.uk/gol/1294934/image.jpg,https://www.sainsburys.co.uk/gol-ui/product/sainsburys-egg-custard-tarts-4-x-81g,2026-10-07,8031346c1c11.webp
01298550,https://assets.sainsburys-groceries.co.uk/gol/6379763/image.jpg,https://www.sainsburys.co.uk/gol-ui/product/sainsburys-woodland-free-range-large-eggs-so-organic-x6,2026-10-07,671ca5834d6b.webp
01298727,https://assets.sainsburys-groceries.co.uk/gol/6379768/image.jpg,https://www.sainsburys.co.uk/gol-ui/product/sainsburys-woodland-free-range-medium-eggs-so-organic-x6,2026-10-07,2d5da1db73e5.webp
01299182,https://assets.sainsburys-groceries.co.uk/gol/6380267/image.jpg,https://www.sainsburys.co.uk/gol-ui/product/sainsburys-mini-houmous-snack-pots-be-good-to-yourself-3x60g,2026-10-07,86085e55caf4.webp
01304893,https://assets.sainsburys-groceries.co.uk/gol/1304893/image.jpg,https://www.sainsburys.co.uk/gol-ui/product/sainsburys-mozzarella-cheese-150g,2026-10-07,f777821488e7.webp
01305098,https://assets.sainsburys-groceries.co.uk/gol/1305098/image.jpg,https://www.sainsburys.co.uk/gol-ui/product/sainsburys-mascarpone-cheese-250g,2026-10-07,b7b5e23edfe4.webp
01305210,https://assets.sainsburys-groceries.co.uk/gol/6385461/image.jpg,https://www.sainsburys.co.uk/gol-ui/product/sainsburys-scottish-marine-stewardship-council-msc-mussels-in-white-wine-500g-serves-x2,2026-10-07,a70f676ea69d.webp
01305326,https://assets.sainsburys-groceries.co.uk/gol/1305326/image.jpg,https://www.sainsburys.co.uk/gol-ui/product/sainsburys-100-pure-squeezed-orange-juice-with-bits-not-from-concentrate-1l,2026-10-07,14bc900e23d4.webp
01305333,https://assets.sainsburys-groceries.co.uk/gol/1305333/image.jpg,https://www.sainsburys.co.uk/gol-ui/product/sainsburys-100-pure-squeezed-smooth-orange-juice-not-from-concentrate-1l,2026-10-07,32dfbfaa5198.webp
01305647,https://assets.sainsburys-groceries.co.uk/gol/1305647/image.jpg,https://www.sainsburys.co.uk/gol-ui/product/sainsburys-orange-juice-so-organic-1l,2026-10-07,44c0f2a2b1de.webp
01307610,https://assets.sainsburys-groceries.co.uk/gol/6387640/image.jpg,https://www.sainsburys.co.uk/gol-ui/product/sainsburys-scottish-msc-mussels-in-garlic-butter-500g-serves-x2,2026-10-07,301f30e53bd5.webp
01308693,https://assets.sainsburys-groceries.co.uk/gol/1308693/image.jpg,https://www.sainsburys.co.uk/gol-ui/product/sainsburys-british-or-new-zealand-20-fat-lamb-mince-500g,2026-10-07,8a2cb4b1d90c.webp
01320121,https://assets.sainsburys-groceries.co.uk/gol/1320121/image.jpg,https://www.sainsburys.co.uk/gol-ui/product/sainsburys-cheese-red-onion-on-oatmeal-bread,2026-10-07,59ea2594e03a.webp
01327229,https://assets.sainsburys-groceries.co.uk/gol/1327229/1/640x640.jpg,https://www.sainsburys.co.uk/groceries/product/sainsburys-tomato-herb-bolognese-pasta-sauce-500g,2026-10-08,8bdfddf90489.webp
01331059,https://assets.sainsburys-groceries.co.uk/gol/6393065/image.jpg,https://www.sainsburys.co.uk/gol-ui/product/sainsburys-buttersoft-lighter-spreadable-500g,2026-10-07,f7a1b0491fa9.webp
01343199,https://assets.sainsburys-groceries.co.uk/gol/6395515/image.jpg,https://www.sainsburys.co.uk/gol-ui/product/sainsburys-mushroom-farmhouse-cheddar-quiche-400g,2026-10-07,87e77f3123a5.webp
01344943,https://assets.sainsburys-groceries.co.uk/gol/1344943/image.jpg,https://www.sainsburys.co.uk/gol-ui/product/sainsburys-carrots-so-organic-700g,2026-10-07,b3cab4014b06.webp
01351293,https://assets.sainsburys-groceries.co.uk/gol/1351293/1/640x640.jpg,https://www.sainsburys.co.uk/groceries/product/sainsburys-greek-feta-so-organic-200g,2026-10-08,b9ee5ed9cf7c.webp
01352177,https://assets.sainsburys-groceries.co.uk/gol/6402200/image.jpg,https://www.sainsburys.co.uk/gol-ui/product/sainsburys-british-wiltshire-cured-ham-x4-slices-taste-the-difference-120g,2026-10-07,fb541c14792f.webp
01357295,https://assets.sainsburys-groceries.co.uk/gol/1357295/image.jpg,https://www.sainsburys.co.uk/gol-ui/product/sainsburys-british-butter-unsalted-so-organic-250g,2026-10-07,e7a7ac4fc43e.webp
01357318,https://assets.sainsburys-groceries.co.uk/gol/1357318/1/640x640.jpg,https://www.sainsburys.co.uk/groceries/product/sainsburys-british-butter-slightly-salted-so-organic-250g,2026-10-07,07bb5477d534.webp
01359893,https://assets.sainsburys-groceries.co.uk/gol/1359701/image.jpg,https://www.sainsburys.co.uk/gol-ui/product/sainsburys-fresh-grated-parmigiano-cheese-60g,2026-10-07,acbd8986f472.webp
01363289,https://assets.sainsburys-groceries.co.uk/gol/1363289/image.jpg,https://www.sainsburys.co.uk/gol-ui/product/sainsburys-chicken-gravy-taste-the-difference-450g-serves-4,2026-10-07,093083b4f30e.webp
01368420,https://assets.sainsburys-groceries.co.uk/gol/1368420/image.jpg,https://www.sainsburys.co.uk/gol-ui/product/sainsburys-mixed-vegetables-1kg,2026-10-07,90354f472dda.webp
01386011,https://assets.sainsburys-groceries.co.uk/gol/1386011/image.jpg,https://www.sainsburys.co.uk/gol-ui/product/sainsburys-yorkshire-puddings-x6-132g,2026-10-07,a01966c20b42.webp
01387544,https://assets.sainsburys-groceries.co.uk/gol/1387544/image.jpg,https://www.sainsburys.co.uk/gol-ui/product/sainsburys-giant-cous-cous-feta-salad-taste-the-difference-220g,2026-10-07,d3fe9e16878e.webp
01389814,https://assets.sainsburys-groceries.co.uk/gol/1389807/image.jpg,https://www.sainsburys.co.uk/gol-ui/product/sainsburys-4-quarter-pounder-british-beef-burgers-454g,2026-10-07,787815628c12.webp
01390988,https://assets.sainsburys-groceries.co.uk/gol/6417238/image.jpg,https://www.sainsburys.co.uk/gol-ui/product/sainsburys-bacon-cheese-quiche-400g,2026-10-07,23ac26c80491.webp
01399653,https://assets.sainsburys-groceries.co.uk/gol/1399653/1/640x640.jpg,https://www.sainsburys.co.uk/groceries/product/sainsburys-cocoa-250g,2026-10-07,284f1d76e0a8.webp
01408713,https://assets.sainsburys-groceries.co.uk/gol/1408713/image.jpg,https://www.sainsburys.co.uk/gol-ui/product/sainsburys-british-mature-grated-cheddar-cheese-250g,2026-10-07,2fd13b536865.webp
01408737,https://assets.sainsburys-groceries.co.uk/gol/1408737/image.jpg,https://www.sainsburys.co.uk/gol-ui/product/sainsburys-british-mature-grated-cheddar-cheese-500g,2026-10-07,14e30cfe24d7.webp
01408744,https://assets.sainsburys-groceries.co.uk/gol/1408744/image.jpg,https://www.sainsburys.co.uk/gol-ui/product/sainsburys-british-medium-grated-cheddar-cheese-250g,2026-10-07,7f9bf07830d6.webp
01420296,https://assets.sainsburys-groceries.co.uk/gol/1420296/image.jpg,https://www.sainsburys.co.uk/gol-ui/product/sainsburys-100-pure-squeezed-orange-juice-with-bits-not-from-concentrate-1-75l,2026-10-07,705b2baa23dc.webp
01420340,https://assets.sainsburys-groceries.co.uk/gol/1420340/image.jpg,https://www.sainsburys.co.uk/gol-ui/product/sainsburys-100-pure-squeezed-smooth-orange-juice-not-from-concentrate-1-75l,2026-10-07,2dbc6a2a7e23.webp
01425970,https://assets.sainsburys-groceries.co.uk/gol/1425970/image.jpg,https://www.sainsburys.co.uk/gol-ui/product/sainsburys-pears-ripe-ready-x4,2026-10-07,7618df0ace6a.webp
01438130,https://assets.sainsburys-groceries.co.uk/gol/6447344/image.jpg,https://www.sainsburys.co.uk/gol-ui/product/sainsburys-skin-on-asc-scottish-salmon-fillets-x2-240g,2026-10-07,5986e614ea46.webp
01447798,https://assets.sainsburys-groceries.co.uk/gol/6455182/image.jpg,https://www.sainsburys.co.uk/gol-ui/product/sainsburys-british-pork-and-red-onion-sausages-taste-the-difference-x6-400g,2026-10-07,289a7615a622.webp
01454437,https://assets.sainsburys-groceries.co.uk/gol/6468897/image.jpg,https://www.sainsburys.co.uk/gol-ui/product/sainsburys-british-free-range-eggs-large-x12,2026-10-07,29fa8193fae9.webp
01454468,https://assets.sainsburys-groceries.co.uk/gol/6468901/1/640x640.jpg,https://www.sainsburys.co.uk/groceries/product/sainsburys-british-free-range-eggs-medium-x12,2026-10-07,58a7411540b7.webp
01454482,https://assets.sainsburys-groceries.co.uk/gol/6468905/image.jpg,https://www.sainsburys.co.uk/gol-ui/product/sainsburys-british-free-range-eggs-extra-large-x6,2026-10-07,7ed0eb9d944b.webp
01457636,https://assets.sainsburys-groceries.co.uk/gol/6477738/image.jpg,https://www.sainsburys.co.uk/gol-ui/product/sainsburys-chinese-duck-in-plum-sauce-with-egg-fried-rice-ready-meal-for-1-400g,2026-10-07,a8dff539d814.webp
01458121,https://assets.sainsburys-groceries.co.uk/gol/6479588/image.jpg,https://www.sainsburys.co.uk/gol-ui/product/stamford-street-co-greek-style-salad-cheese-200g,2026-10-07,1c47d1b682e9.webp
01461954,https://assets.sainsburys-groceries.co.uk/gol/6486737/1/640x640.jpg,https://www.sainsburys.co.uk/groceries/product/sainsburys-caramelised-onion-houmous-200g,2026-10-07,d32b9f9a5a6b.webp
01486711,https://assets.sainsburys-groceries.co.uk/gol/6556290/image.jpg,https://www.sainsburys.co.uk/gol-ui/product/sainsburys-caesar-salad-265g,2026-10-07,ff286eb2a9e3.webp
01498257,https://assets.sainsburys-groceries.co.uk/gol/6577504/1/640x640.jpg,https://www.sainsburys.co.uk/groceries/product/sainsburys-spicy-tomato-lentil-red-pepper-soup-600g,2026-10-08,b276e8b3501c.webp
01503265,https://assets.sainsburys-groceries.co.uk/gol/6593368/image.jpg,https://www.sainsburys.co.uk/gol-ui/product/sainsburys-crunchy-traditional-coleslaw-180g,2026-10-07,50440b1af78f.webp
01504972,https://assets.sainsburys-groceries.co.uk/gol/6596913/image.jpg,https://www.sainsburys.co.uk/gol-ui/product/sainsburys-white-soft-cheese-300g,2026-10-07,7cf033a78eb7.webp
01510232,https://assets.sainsburys-groceries.co.uk/gol/6615172/image.jpg,https://www.sainsburys.co.uk/gol-ui/product/sainsburys-british-single-cream-150ml,2026-10-07,02c53c2f5e20.webp
01510256,https://assets.sainsburys-groceries.co.uk/gol/6615175/image.jpg,https://www.sainsburys.co.uk/gol-ui/product/sainsburys-british-single-cream-300ml,2026-10-07,32c011783501.webp
01510263,https://assets.sainsburys-groceries.co.uk/gol/6615181/image.jpg,https://www.sainsburys.co.uk/gol-ui/product/sainsburys-british-single-fresh-cream-600ml,2026-10-07,61fb475c9051.webp
01510294,https://assets.sainsburys-groceries.co.uk/gol/6615186/image.jpg,https://www.sainsburys.co.uk/gol-ui/product/sainsburys-double-cream-300ml,2026-10-07,c9ea01cd90b6.webp
01510317,https://assets.sainsburys-groceries.co.uk/gol/6615192/image.jpg,https://www.sainsburys.co.uk/gol-ui/product/sainsburys-double-cream-600ml,2026-10-07,8b004aafa1e1.webp
01510355,https://assets.sainsburys-groceries.co.uk/gol/6615203/image.jpg,https://www.sainsburys.co.uk/gol-ui/product/sainsburys-british-extra-thick-double-fresh-cream-300ml,2026-10-07,468b062b2abf.webp
01510393,https://assets.sainsburys-groceries.co.uk/gol/6615217/image.jpg,https://www.sainsburys.co.uk/gol-ui/product/sainsburys-fresh-soured-cream-150ml,2026-10-07,70a41c7c2dbb.webp
01510409,https://assets.sainsburys-groceries.co.uk/gol/6615221/image.jpg,https://www.sainsburys.co.uk/gol-ui/product/sainsburys-soured-cream-300ml,2026-10-07,7472146b1f13.webp
01514308,https://assets.sainsburys-groceries.co.uk/gol/6621757/image.jpg,https://www.sainsburys.co.uk/gol-ui/product/sainsburys-conference-pears-ripe-ready-x4,2026-10-07,4f6e5070278f.webp
01536591,https://assets.sainsburys-groceries.co.uk/gol/6658620/image.jpg,https://www.sainsburys.co.uk/gol-ui/product/sainsburys-onion-garlic-dip-200g,2026-10-07,6584294939b4.webp
01536812,https://assets.sainsburys-groceries.co.uk/gol/6658685/image.jpg,https://www.sainsburys.co.uk/gol-ui/product/sainsburys-cheddar-cheese-chive-dip-200g,2026-10-07,26aa92b0cbe0.webp
01537925,https://assets.sainsburys-groceries.co.uk/gol/6661050/1/640x640.jpg,https://www.sainsburys.co.uk/groceries/product/sainsburys-soured-cream-chive-dip-200g,2026-10-08,22c57f89d869.webp
01538229,https://assets.sainsburys-groceries.co.uk/gol/6662187/1/640x640.jpg,https://www.sainsburys.co.uk/groceries/product/sainsburys-moroccan-style-chicken-chickpea-soup-taste-the-difference-600g,2026-10-07,39aca64bcf0d.webp
01539615,https://assets.sainsburys-groceries.co.uk/gol/6669413/image.jpg,https://www.sainsburys.co.uk/gol-ui/product/sainsburys-rich-taramasalata-200g,2026-10-07,4cc4ca8a1eb7.webp
01544138,https://assets.sainsburys-groceries.co.uk/gol/603379/image.jpg,https://www.sainsburys.co.uk/gol-ui/product/sainsburys-british-semi-skimmed-milk-so-organic-568ml-1-pint,2026-10-07,110bd27d956f.webp
01547146,https://assets.sainsburys-groceries.co.uk/gol/6696401/1/640x640.jpg,https://www.sainsburys.co.uk/groceries/product/sainsburys-fat-free-natural-yogurt-500g,2026-10-08,e7be56d25e3e.webp
01550368,https://assets.sainsburys-groceries.co.uk/gol/6710016/image.jpg,https://www.sainsburys.co.uk/gol-ui/product/sainsburys-unsweetened-long-life-soya-drink-1l,2026-10-07,7cf987494bda.webp
01550412,https://assets.sainsburys-groceries.co.uk/gol/6710040/image.jpg,https://www.sainsburys.co.uk/gol-ui/product/sainsburys-sweetened-long-life-soya-drink-1l,2026-10-07,07f0efe9ed70.webp
01565430,https://assets.sainsburys-groceries.co.uk/gol/6755123/image.jpg,https://www.sainsburys.co.uk/gol-ui/product/sainsburys-brussels-spreadable-pate-175g,2026-10-07,fc2fc370b667.webp
01565447,https://assets.sainsburys-groceries.co.uk/gol/6755135/image.jpg,https://www.sainsburys.co.uk/gol-ui/product/sainsburys-ardennes-spreadable-pate-175g,2026-10-07,f6ef0a67954c.webp
01576009,https://assets.sainsburys-groceries.co.uk/gol/6773467/image.jpg,https://www.sainsburys.co.uk/gol-ui/product/sainsburys-aromatic-moroccan-style-houmous-200g,2026-10-07,d506afa9b8d9.webp
01577778,https://assets.sainsburys-groceries.co.uk/gol/6778795/image.jpg,https://www.sainsburys.co.uk/gol-ui/product/sainsburys-apple-pear-juice-not-from-concentrate-1l,2026-10-07,3f6562f08ba7.webp
01586435,https://assets.sainsburys-groceries.co.uk/gol/6800530/image.jpg,https://www.sainsburys.co.uk/gol-ui/product/sainsburys-barrel-aged-feta-taste-the-difference-200g,2026-10-07,738f1c9a4c28.webp
01587029,https://assets.sainsburys-groceries.co.uk/gol/6802246/image.jpg,https://www.sainsburys.co.uk/gol-ui/product/sainsburys-monkey-nuts-in-shell-500g,2026-10-07,1bd80b5fc6cc.webp
01587173,https://assets.sainsburys-groceries.co.uk/gol/6803452/image.jpg,https://www.sainsburys.co.uk/gol-ui/product/sainsburys-medjool-dates-taste-the-difference-200g,2026-10-07,8c67398a26aa.webp
01587180,https://assets.sainsburys-groceries.co.uk/gol/6803466/image.jpg,https://www.sainsburys.co.uk/gol-ui/product/sainsburys-medjool-dates-so-organic-200g,2026-10-07,71b7305b3e3a.webp
01594577,https://assets.sainsburys-groceries.co.uk/gol/6820644/1/640x640.jpg,https://www.sainsburys.co.uk/groceries/product/sainsburys-british-cr-me-fra-che-300ml,2026-10-08,4ecddd6db8bf.webp
01594591,https://assets.sainsburys-groceries.co.uk/gol/6820695/image.jpg,https://www.sainsburys.co.uk/gol-ui/product/sainsburys-british-lighter-cr-me-fra-che-300ml,2026-10-07,66a1c7e297a8.webp
01596755,https://assets.sainsburys-groceries.co.uk/gol/6829557/image.jpg,https://www.sainsburys.co.uk/gol-ui/product/sainsburys-lard-250g,2026-10-07,7ea63ebda506.webp
01598377,https://assets.sainsburys-groceries.co.uk/gol/6832257/image.jpg,https://www.sainsburys.co.uk/gol-ui/product/sainsburys-gouda-cheese-265g,2026-10-07,dc5198a87e7d.webp
01600322,https://assets.sainsburys-groceries.co.uk/gol/6834746/1/640x640.jpg,https://www.sainsburys.co.uk/groceries/product/sainsburys-2-x-ripe-ready-avocados,2026-10-08,b4430fc05fdf.webp
01610215,https://assets.sainsburys-groceries.co.uk/gol/6844353/1/640x640.jpg,https://www.sainsburys.co.uk/groceries/product/sainsburys-italian-milano-salami-slices-86g,2026-10-08,6d5a0205a8f7.webp
01615838,https://assets.sainsburys-groceries.co.uk/gol/6850577/image.jpg,https://www.sainsburys.co.uk/gol-ui/product/sainsburys-smoked-air-dried-wiltshire-cured-back-bacon-rashers-taste-the-difference-x8-240g,2026-10-07,4058170de4b8.webp
01621372,https://assets.sainsburys-groceries.co.uk/gol/6857778/image.jpg,https://www.sainsburys.co.uk/gol-ui/product/sainsburys-british-or-new-zealand-20-fat-lamb-mince-250g,2026-10-07,3cac491056ad.webp
01629330,https://assets.sainsburys-groceries.co.uk/gol/6873053/image.jpg,https://www.sainsburys.co.uk/gol-ui/product/sainsburys-butcher-s-choice-british-pork-sausage-x12-681g,2026-10-07,2a795be85238.webp
01642629,https://assets.sainsburys-groceries.co.uk/gol/6917874/1/640x640.jpg,https://www.sainsburys.co.uk/groceries/product/sainsburys-butter-beans-carton-so-organic-380g-230g,2026-10-08,94e198a30ba4.webp
01642636,https://assets.sainsburys-groceries.co.uk/gol/6917887/1/640x640.jpg,https://www.sainsburys.co.uk/groceries/product/sainsburys-black-beans-carton-so-organic-380g-230g,2026-10-08,8351d3b8421a.webp
01644432,https://assets.sainsburys-groceries.co.uk/gol/6923971/1/640x640.jpg,https://www.sainsburys.co.uk/groceries/product/sainsburys-parmigiano-reggiano-cheese-200g,2026-10-08,cf4e99290adf.webp
01644500,https://assets.sainsburys-groceries.co.uk/gol/6924077/image.jpg,https://www.sainsburys.co.uk/gol-ui/product/sainsburys-parmigiano-reggiano-cheese-taste-the-difference-200g,2026-10-07,529ea20e21a6.webp
01644531,https://assets.sainsburys-groceries.co.uk/gol/6923999/image.jpg,https://www.sainsburys.co.uk/gol-ui/product/sainsburys-parmigiano-reggiano-cheese-so-organic-200g,2026-10-07,be90ea545691.webp
01644548,https://assets.sainsburys-groceries.co.uk/gol/6923943/image.jpg,https://www.sainsburys.co.uk/gol-ui/product/sainsburys-pecorino-romano-cheese-170g,2026-10-07,73a9c08ffde5.webp
01654899,https://assets.sainsburys-groceries.co.uk/gol/7007931/image.jpg,https://www.sainsburys.co.uk/gol-ui/product/sainsburys-300g-no-mayo-cheese-tomato-pasta,2026-10-07,77106a83ac0f.webp
01669756,https://assets.sainsburys-groceries.co.uk/gol/7070432/image.jpg,https://www.sainsburys.co.uk/gol-ui/product/sainsburys-black-seedless-grapes-500g,2026-10-07,fec312d15db5.webp
01672787,https://assets.sainsburys-groceries.co.uk/gol/7077056/image.jpg,https://www.sainsburys.co.uk/gol-ui/product/sainsburys-tomato-basil-sauce-350g-serves-2,2026-10-07,bcdafee42950.webp
01672800,https://assets.sainsburys-groceries.co.uk/gol/7077112/image.jpg,https://www.sainsburys.co.uk/gol-ui/product/sainsburys-arrabiata-sauce-350g-serves-2,2026-10-07,85f1c22b968a.webp
01673791,https://assets.sainsburys-groceries.co.uk/gol/7079990/image.jpg,https://www.sainsburys.co.uk/gol-ui/product/sainsburys-somerset-brie-cheese-160g,2026-10-07,95cbbfede9fa.webp
01674286,https://assets.sainsburys-groceries.co.uk/gol/7080467/image.jpg,https://www.sainsburys.co.uk/gol-ui/product/sainsburys-indian-chapatti-x2-170g,2026-10-07,8a05af8d2c1b.webp
01674361,https://assets.sainsburys-groceries.co.uk/gol/7080527/image.jpg,https://www.sainsburys.co.uk/gol-ui/product/sainsburys-indian-plain-naan-x2-260g,2026-10-07,cd6e9b936efc.webp
01674736,https://assets.sainsburys-groceries.co.uk/gol/7081213/image.jpg,https://www.sainsburys.co.uk/gol-ui/product/sainsburys-chocolate-trifle-500g,2026-10-07,0d7523051a03.webp
01678932,https://assets.sainsburys-groceries.co.uk/gol/7088045/image.jpg,https://www.sainsburys.co.uk/gol-ui/product/sainsburys-pimento-stuffed-olives-with-spanish-cheese-160g,2026-10-07,ee4738be759d.webp
01679793,https://assets.sainsburys-groceries.co.uk/gol/7093354/image.jpg,https://www.sainsburys.co.uk/gol-ui/product/sainsburys-cream-of-tomato-soup-600g,2026-10-07,2a7d778e0db0.webp
01681321,https://assets.sainsburys-groceries.co.uk/gol/7103124/image.jpg,https://www.sainsburys.co.uk/gol-ui/product/sainsburys-6-cooked-ham-slices-120g,2026-10-07,f68b4072c528.webp
01681369,https://assets.sainsburys-groceries.co.uk/gol/7103155/image.jpg,https://www.sainsburys.co.uk/gol-ui/product/sainsburys-6-breaded-cooked-ham-slices-120g,2026-10-07,da4e1cd36cdc.webp
01681376,https://assets.sainsburys-groceries.co.uk/gol/7103161/image.jpg,https://www.sainsburys.co.uk/gol-ui/product/sainsburys-6-smoked-ham-slices-120g,2026-10-07,b46907e959f5.webp
01681383,https://assets.sainsburys-groceries.co.uk/gol/7103166/1/640x640.jpg,https://www.sainsburys.co.uk/groceries/product/sainsburys-6-honey-roast-ham-slices-120g,2026-10-08,2e03aa2fa55a.webp
01681642,https://assets.sainsburys-groceries.co.uk/gol/7104013/image.jpg,https://www.sainsburys.co.uk/gol-ui/product/sainsburys-8-wafer-thin-cooked-ham-slices-120g,2026-10-07,2cd558e55635.webp
01682779,https://assets.sainsburys-groceries.co.uk/gol/7108850/image.jpg,https://www.sainsburys.co.uk/gol-ui/product/sainsburys-120g-wiltshire-cured-smoked-ham-taste-the-difference,2026-10-07,b4e83dbae3e7.webp
01687644,https://assets.sainsburys-groceries.co.uk/gol/7135489/image.jpg,https://www.sainsburys.co.uk/gol-ui/product/sainsburys-10-cooked-chicken-slices-115g,2026-10-07,822cc688f36b.webp
01687675,https://assets.sainsburys-groceries.co.uk/gol/7135624/image.jpg,https://www.sainsburys.co.uk/gol-ui/product/sainsburys-british-wafer-thin-cooked-ham-slices-400g,2026-10-07,1d3b5e7740cb.webp
01687699,https://assets.sainsburys-groceries.co.uk/gol/7135631/image.jpg,https://www.sainsburys.co.uk/gol-ui/product/sainsburys-british-wafer-thin-honey-cured-ham-slices-400g,2026-10-07,a6514dedd539.webp
01687798,https://assets.sainsburys-groceries.co.uk/gol/7135683/image.jpg,https://www.sainsburys.co.uk/gol-ui/product/sainsburys-british-cooked-ham-slices-x10-115g,2026-10-07,915fac33eae0.webp
01687842,https://assets.sainsburys-groceries.co.uk/gol/7135828/image.jpg,https://www.sainsburys.co.uk/gol-ui/product/sainsburys-baby-leaf-spinach-200g,2026-10-07,8535652cc29c.webp
01690972,https://assets.sainsburys-groceries.co.uk/gol/7158066/1/640x640.jpg,https://www.sainsburys.co.uk/groceries/product/sainsburys-hash-browns-700g,2026-10-08,9619e462bacf.webp
01693171,https://assets.sainsburys-groceries.co.uk/gol/7168021/image.jpg,https://www.sainsburys.co.uk/gol-ui/product/sainsburys-chicken-king-prawn-paella-taste-the-difference-800g-serves-2,2026-10-07,a7c69a903fb1.webp
01693188,https://assets.sainsburys-groceries.co.uk/gol/7168029/image.jpg,https://www.sainsburys.co.uk/gol-ui/product/sainsburys-chicken-king-prawn-paella-taste-the-difference-400g-serves-1,2026-10-07,25a9457dc203.webp
01693607,https://assets.sainsburys-groceries.co.uk/gol/7169175/1/640x640.jpg,https://www.sainsburys.co.uk/groceries/product/sainsburys-green-pesto-light-190g,2026-10-07,fa994f700ba1.webp
01695427,https://assets.sainsburys-groceries.co.uk/gol/7174680/image.jpg,https://www.sainsburys.co.uk/gol-ui/product/sainsburys-pork-cocktail-sausages-200g,2026-10-07,c30ee4a8def2.webp
01695878,https://assets.sainsburys-groceries.co.uk/gol/7176881/image.jpg,https://www.sainsburys.co.uk/gol-ui/product/sainsburys-baby-leaf-spinach-120g,2026-10-07,0222b93e7b66.webp
01696059,https://assets.sainsburys-groceries.co.uk/gol/7177503/image.jpg,https://www.sainsburys.co.uk/gol-ui/product/sainsburys-crispy-potato-slices-350g,2026-10-07,90178398e7fa.webp
01696738,https://assets.sainsburys-groceries.co.uk/gol/7178885/image.jpg,https://www.sainsburys.co.uk/gol-ui/product/sainsburys-british-medium-cheddar-cheese-400g,2026-10-07,bfbc21273fd9.webp
01696776,https://assets.sainsburys-groceries.co.uk/gol/7178920/image.jpg,https://www.sainsburys.co.uk/gol-ui/product/sainsburys-west-country-farmhouse-mature-cheddar-cheese-400g,2026-10-07,a0f2909be29c.webp
01696844,https://assets.sainsburys-groceries.co.uk/gol/7178941/1/640x640.jpg,https://www.sainsburys.co.uk/groceries/product/sainsburys-british-extra-mature-cheddar-cheese-400g,2026-10-07,5c8602a18115.webp
01697063,https://assets.sainsburys-groceries.co.uk/gol/7178868/1/640x640.jpg,https://www.sainsburys.co.uk/groceries/product/sainsburys-british-mature-cheddar-cheese-400g,2026-10-08,d423e87e8148.webp
01697315,https://assets.sainsburys-groceries.co.uk/gol/7179695/image.jpg,https://www.sainsburys.co.uk/gol-ui/product/sainsburys-somerset-brie-cheese-230g,2026-10-07,8009d01e2050.webp
01697582,https://assets.sainsburys-groceries.co.uk/gol/7180612/image.jpg,https://www.sainsburys.co.uk/gol-ui/product/sainsburys-cambozola-blue-cheese-175g,2026-10-07,0c66ddbe1ca8.webp
01704884,https://assets.sainsburys-groceries.co.uk/gol/7207643/image.jpg,https://www.sainsburys.co.uk/gol-ui/product/sainsburys-smoked-streaky-bacon-rashers-x14-300g,2026-10-07,d3a6c72d36db.webp
01705461,https://assets.sainsburys-groceries.co.uk/gol/7210825/1/640x640.jpg,https://www.sainsburys.co.uk/groceries/product/sainsburys-rough-oatcakes-250g,2026-10-08,06054bc23283.webp
01706833,https://assets.sainsburys-groceries.co.uk/gol/7213977/image.jpg,https://www.sainsburys.co.uk/gol-ui/product/sainsburys-teriyaki-stir-fry-sauce-175g,2026-10-07,8cf541e046bd.webp
01706864,https://assets.sainsburys-groceries.co.uk/gol/7213980/image.jpg,https://www.sainsburys.co.uk/gol-ui/product/sainsburys-sweet-chilli-stir-fry-sauce-175g,2026-10-07,c52d0e4ac188.webp
01707144,https://assets.sainsburys-groceries.co.uk/gol/7214566/image.jpg,https://www.sainsburys.co.uk/gol-ui/product/sainsburys-calorie-counted-400g-tomato-basil-chicken-be-good-to-yourself-serves-1,2026-10-07,2dda5bd58b87.webp
01709353,https://assets.sainsburys-groceries.co.uk/gol/7223425/image.jpg,https://www.sainsburys.co.uk/gol-ui/product/sainsburys-beacon-fell-creamy-lancashire-cheese-taste-the-difference-240g,2026-10-07,f41b9996b0d0.webp
01709360,https://assets.sainsburys-groceries.co.uk/gol/7223430/image.jpg,https://www.sainsburys.co.uk/gol-ui/product/sainsburys-wensleydale-cheese-taste-the-difference-240g,2026-10-07,41f38e2b8e51.webp
01714753,https://assets.sainsburys-groceries.co.uk/gol/7241570/image.jpg,https://www.sainsburys.co.uk/gol-ui/product/sainsburys-lighter-mature-cheese-400g,2026-10-07,007666e5534d.webp
01721850,https://assets.sainsburys-groceries.co.uk/gol/7260568/image.jpg,https://www.sainsburys.co.uk/gol-ui/product/sainsburys-bramley-apple-crumble-dessert-500g,2026-10-07,660ff1582418.webp
01723526,https://assets.sainsburys-groceries.co.uk/gol/7264909/image.jpg,https://www.sainsburys.co.uk/gol-ui/product/sainsburys-british-or-irish-10-fat-12-beef-meatballs-350g,2026-10-07,f0af7e3c2fa2.webp
01728637,https://assets.sainsburys-groceries.co.uk/gol/7279959/1/640x640.jpg,https://www.sainsburys.co.uk/groceries/product/sainsburys-wholegrain-seeded-flour-taste-the-difference-1kg,2026-10-08,5ea1a1da4f0e.webp
01729290,https://assets.sainsburys-groceries.co.uk/gol/7280609/image.jpg,https://www.sainsburys.co.uk/gol-ui/product/sainsburys-lighter-cypriot-cheese-225g,2026-10-07,a6bb876763fb.webp
01729313,https://assets.sainsburys-groceries.co.uk/gol/7280625/1/640x640.jpg,https://www.sainsburys.co.uk/groceries/product/sainsburys-cypriot-halloumi-cheese-225g,2026-10-07,d81bb529e89d.webp
01729511,https://assets.sainsburys-groceries.co.uk/gol/7281089/image.jpg,https://www.sainsburys.co.uk/gol-ui/product/stamford-street-co-italian-hard-cheese-200g,2026-10-07,8164823cf675.webp
01729580,https://assets.sainsburys-groceries.co.uk/gol/7281043/image.jpg,https://www.sainsburys.co.uk/gol-ui/product/sainsburys-emmental-cheese-slices-250g,2026-10-07,ef6462d2be24.webp
01729597,https://assets.sainsburys-groceries.co.uk/gol/7281033/1/640x640.jpg,https://www.sainsburys.co.uk/groceries/product/sainsburys-emmental-cheese-250g,2026-10-08,e99b2fd3649f.webp
01730173,https://assets.sainsburys-groceries.co.uk/gol/7280943/image.jpg,https://www.sainsburys.co.uk/gol-ui/product/sainsburys-grana-padano-cheese-200g,2026-10-07,bc21ac5f15a1.webp
01734621,https://assets.sainsburys-groceries.co.uk/gol/7299656/image.jpg,https://www.sainsburys.co.uk/gol-ui/product/sainsburys-double-gloucester-cheese-250g,2026-10-07,c7d4e6ba50b2.webp
01737721,https://assets.sainsburys-groceries.co.uk/gol/7316225/image.jpg,https://www.sainsburys.co.uk/gol-ui/product/sainsburys-spanish-chorizo-slices-x34-170g,2026-10-07,c8696ae46502.webp
01737769,https://assets.sainsburys-groceries.co.uk/gol/7316254/image.jpg,https://www.sainsburys.co.uk/gol-ui/product/sainsburys-15-x-spanish-chorizo-slices-75g,2026-10-07,5d08e43e69d9.webp
01738339,https://assets.sainsburys-groceries.co.uk/gol/7317686/image.jpg,https://www.sainsburys.co.uk/gol-ui/product/sainsburys-spanish-chorizo-ring-225g,2026-10-07,9cb91cfa37ad.webp
01738704,https://assets.sainsburys-groceries.co.uk/gol/7318884/image.jpg,https://www.sainsburys.co.uk/gol-ui/product/sainsburys-italian-prosciutto-cotto-slices-with-herbs-x4-100g,2026-10-07,79beb29c61ed.webp
01739015,https://assets.sainsburys-groceries.co.uk/gol/7320597/image.jpg,https://www.sainsburys.co.uk/gol-ui/product/sainsburys-italian-bresaola-taste-the-difference-x15-80g,2026-10-07,98d5a5ec95b2.webp
01743425,https://assets.sainsburys-groceries.co.uk/gol/7333722/image.jpg,https://www.sainsburys.co.uk/gol-ui/product/sainsburys-triple-chocolate-sundae-125,2026-10-07,8bcd4a1dfed3.webp
01743609,https://assets.sainsburys-groceries.co.uk/gol/7334084/image.jpg,https://www.sainsburys.co.uk/gol-ui/product/sainsburys-swiss-mature-reserve-gruyere-cheese-taste-the-difference-200g,2026-10-07,6667d03ecae5.webp
01744422,https://assets.sainsburys-groceries.co.uk/gol/7336787/image.jpg,https://www.sainsburys.co.uk/gol-ui/product/sainsburys-farmhouse-butter-taste-the-difference-250g,2026-10-07,08718f964229.webp
01758702,https://assets.sainsburys-groceries.co.uk/gol/7388644/1/640x640.jpg,https://www.sainsburys.co.uk/groceries/product/sainsburys-light-soy-sauce-150ml,2026-10-08,190dbd509c49.webp
01768558,https://assets.sainsburys-groceries.co.uk/gol/7430790/image.jpg,https://www.sainsburys.co.uk/gol-ui/product/sainsburys-fairtrade-bananas-x5,2026-10-07,062df6eeea72.webp
01768688,https://assets.sainsburys-groceries.co.uk/gol/7431384/image.jpg,https://www.sainsburys.co.uk/gol-ui/product/sainsburys-mango-250g,2026-10-07,842afe68dedd.webp
01772616,https://assets.sainsburys-groceries.co.uk/gol/7441105/image.jpg,https://www.sainsburys.co.uk/gol-ui/product/sainsburys-butcher-s-choice-cumberland-british-pork-sausage-x12-681g,2026-10-07,79ac96ce5fbb.webp
01772814,https://assets.sainsburys-groceries.co.uk/gol/7441161/image.jpg,https://www.sainsburys.co.uk/gol-ui/product/sainsburys-breaded-msc-haddock-fillets-x2-300g,2026-10-07,72936bfb7652.webp
01772852,https://assets.sainsburys-groceries.co.uk/gol/7441185/image.jpg,https://www.sainsburys.co.uk/gol-ui/product/sainsburys-breaded-msc-cod-fillets-x2-300g,2026-10-07,be247b294e4a.webp
01772876,https://assets.sainsburys-groceries.co.uk/gol/7441195/image.jpg,https://www.sainsburys.co.uk/gol-ui/product/sainsburys-breaded-chunky-msc-cod-loins-taste-the-difference-x2-350g,2026-10-07,3fce2ed93a28.webp
01773163,https://assets.sainsburys-groceries.co.uk/gol/7442857/image.jpg,https://www.sainsburys.co.uk/gol-ui/product/sainsburys-fishcakes-melting-middle-smoked-msc-haddock-with-cheddar-leek-taste-the-difference-x2-290g,2026-10-07,d09d3a84995a.webp
01774047,https://assets.sainsburys-groceries.co.uk/gol/7450867/1/640x640.jpg,https://www.sainsburys.co.uk/groceries/product/sainsburys-mini-breadsticks-packs-6x20g,2026-10-07,1a295ffb2d85.webp
01774207,https://assets.sainsburys-groceries.co.uk/gol/7452483/1/640x640.jpg,https://www.sainsburys.co.uk/groceries/product/sainsburys-tomato-ketchup-sauce-460g,2026-10-08,bcf52b8c55c9.webp
01780284,https://assets.sainsburys-groceries.co.uk/gol/7466414/image.jpg,https://www.sainsburys.co.uk/gol-ui/product/sainsburys-garlic-flatbread-taste-the-difference-195g,2026-10-07,b043a9ecc9f9.webp
01780390,https://assets.sainsburys-groceries.co.uk/gol/7466446/image.jpg,https://www.sainsburys.co.uk/gol-ui/product/sainsburys-bramley-apple-pie-550g,2026-10-07,341249c384bd.webp
01781052,https://assets.sainsburys-groceries.co.uk/gol/7467148/image.jpg,https://www.sainsburys.co.uk/gol-ui/product/sainsburys-egg-bacon-deli-filler-220g,2026-10-07,94c4ee47a547.webp
01781250,https://assets.sainsburys-groceries.co.uk/gol/7467280/image.jpg,https://www.sainsburys.co.uk/gol-ui/product/sainsburys-egg-mayo-deli-filler-220g,2026-10-07,4b324e5649a6.webp
01782103,https://assets.sainsburys-groceries.co.uk/gol/7468131/image.jpg,https://www.sainsburys.co.uk/gol-ui/product/sainsburys-coronation-chicken-deli-filler-385g,2026-10-07,6209044778bf.webp
01785722,https://assets.sainsburys-groceries.co.uk/gol/7474600/image.jpg,https://www.sainsburys.co.uk/gol-ui/product/sainsburys-unsmoked-air-dried-dry-cured-back-bacon-rashers-taste-the-difference-x6-220g,2026-10-07,41a7726e382a.webp
01785746,https://assets.sainsburys-groceries.co.uk/gol/7474615/image.jpg,https://www.sainsburys.co.uk/gol-ui/product/sainsburys-smoked-air-dried-dry-cured-back-bacon-rashers-taste-the-difference-x6-220g,2026-10-07,f8ccebe20fb5.webp
01785784,https://assets.sainsburys-groceries.co.uk/gol/7474626/image.jpg,https://www.sainsburys.co.uk/gol-ui/product/sainsburys-smoked-air-dried-streaky-bacon-rashers-taste-the-difference-x14-220g,2026-10-07,3d08c8caf6fd.webp
01787306,https://assets.sainsburys-groceries.co.uk/gol/7477570/1/640x640.jpg,https://www.sainsburys.co.uk/groceries/product/sainsburys-yeast-extract-reduced-salt-225g,2026-10-08,29bd267417f1.webp
01787535,https://assets.sainsburys-groceries.co.uk/gol/7478263/1/640x640.jpg,https://www.sainsburys.co.uk/groceries/product/sainsburys-stock-cubes-chicken-10x10g,2026-10-08,4a6ac61e7eef.webp
01787573,https://assets.sainsburys-groceries.co.uk/gol/7478275/1/640x640.jpg,https://www.sainsburys.co.uk/groceries/product/sainsburys-vegetable-stock-cubes-10-x-10g,2026-10-08,70e6e4b90b7a.webp
01789621,https://assets.sainsburys-groceries.co.uk/gol/7485397/1/640x640.jpg,https://www.sainsburys.co.uk/groceries/product/sainsburys-runny-honey-340g,2026-10-08,c4eaacd2654b.webp
01789768,https://assets.sainsburys-groceries.co.uk/gol/7486848/image.jpg,https://www.sainsburys.co.uk/gol-ui/product/sainsburys-orange-mango-juice-not-from-concentrate-1l,2026-10-07,068eb23e4788.webp
01794090,https://assets.sainsburys-groceries.co.uk/gol/7497804/image.jpg,https://www.sainsburys.co.uk/gol-ui/product/sainsburys-tuna-sweetcorn-deli-filler-220g,2026-10-07,c76de4c5b5d2.webp
01798630,https://assets.sainsburys-groceries.co.uk/gol/7508827/image.jpg,https://www.sainsburys.co.uk/gol-ui/product/sainsburys-cumberland-british-pork-chipolata-sausages-taste-the-difference-x12-375g,2026-10-07,63c767c3bc15.webp
01798647,https://assets.sainsburys-groceries.co.uk/gol/7508829/image.jpg,https://www.sainsburys.co.uk/gol-ui/product/sainsburys-british-pork-chipolata-sausages-taste-the-difference-x12-375g,2026-10-07,83b116084065.webp
01799095,https://assets.sainsburys-groceries.co.uk/gol/7509605/image.jpg,https://www.sainsburys.co.uk/gol-ui/product/sainsburys-lentil-dhal-soup-600g,2026-10-07,15a349f139b9.webp
01800074,https://assets.sainsburys-groceries.co.uk/gol/7510575/image.jpg,https://www.sainsburys.co.uk/gol-ui/product/sainsburys-carrot-honey-roast-parsnip-soup-taste-the-difference-600g,2026-10-07,8e0cd9d2585f.webp
01802016,https://assets.sainsburys-groceries.co.uk/gol/7512912/1/640x640.jpg,https://www.sainsburys.co.uk/groceries/product/sainsburys-french-fries-900g,2026-10-08,63b1fe61d1eb.webp
01804171,https://assets.sainsburys-groceries.co.uk/gol/7515593/image.jpg,https://www.sainsburys.co.uk/gol-ui/product/sainsburys-chargrilled-mediterranean-vegetables-aubergine-courgette-red-yellow-peppers-500g,2026-10-07,59268a348152.webp
01804225,https://assets.sainsburys-groceries.co.uk/gol/7515640/image.jpg,https://www.sainsburys.co.uk/gol-ui/product/sainsburys-chilli-coriander-king-prawns-asc-150g,2026-10-07,45cebf719da3.webp
01806267,https://assets.sainsburys-groceries.co.uk/gol/7517603/image.jpg,https://www.sainsburys.co.uk/gol-ui/product/sainsburys-2-beef-steak-burgers-taste-the-difference-340g,2026-10-07,45153b161b00.webp
01810295,https://assets.sainsburys-groceries.co.uk/gol/7522490/1/640x640.jpg,https://www.sainsburys.co.uk/groceries/product/sainsburys-plain-tortilla-wraps-x8-496g,2026-10-07,0769ae2382d3.webp
01810349,https://assets.sainsburys-groceries.co.uk/gol/7522551/image.jpg,https://www.sainsburys.co.uk/gol-ui/product/sainsburys-echalion-shallots-400g,2026-10-07,fe04250e29e4.webp
01810370,https://assets.sainsburys-groceries.co.uk/gol/7522573/image.jpg,https://www.sainsburys.co.uk/gol-ui/product/sainsburys-light-garlic-herb-soft-cheese-250g,2026-10-07,e084fbec179f.webp
01810387,https://assets.sainsburys-groceries.co.uk/gol/7522736/image.jpg,https://www.sainsburys.co.uk/gol-ui/product/sainsburys-light-soft-cheese-250g,2026-10-07,870c043be8a7.webp
01811865,https://assets.sainsburys-groceries.co.uk/gol/7526109/image.jpg,https://www.sainsburys.co.uk/gol-ui/product/sainsburys-farmhouse-pate-with-mushrooms-170g,2026-10-07,2f55c8398543.webp
01815795,https://assets.sainsburys-groceries.co.uk/gol/7534091/image.jpg,https://www.sainsburys.co.uk/gol-ui/product/sainsburys-indian-vegetable-samosas-x4-200g-serves-2,2026-10-07,e30197712d92.webp
01817676,https://assets.sainsburys-groceries.co.uk/gol/7536100/image.jpg,https://www.sainsburys.co.uk/gol-ui/product/sainsburys-skin-on-asc-scottish-salmon-fillets-x4-480g,2026-10-07,6fa181fadd7b.webp
01817966,https://assets.sainsburys-groceries.co.uk/gol/7536542/1/640x640.jpg,https://www.sainsburys.co.uk/groceries/product/sainsburys-fruity-muesli-750g,2026-10-07,90e5a258a9f0.webp
01822618,https://assets.sainsburys-groceries.co.uk/gol/7542221/image.jpg,https://www.sainsburys.co.uk/gol-ui/product/sainsburys-chinese-chicken-curry-rice-ready-meal-for-1-400g,2026-10-07,b3657e5bd04d.webp
01822625,https://assets.sainsburys-groceries.co.uk/gol/7542224/image.jpg,https://www.sainsburys.co.uk/gol-ui/product/sainsburys-chinese-crispy-sweet-sour-chicken-with-egg-fried-rice-ready-meal-for-1-400g,2026-10-07,a2ac1fb4bd6d.webp
01822946,https://assets.sainsburys-groceries.co.uk/gol/7542386/image.jpg,https://www.sainsburys.co.uk/gol-ui/product/sainsburys-calorie-counted-380g-chicken-tikka-masala-rice-be-good-to-yourself-serves-1,2026-10-07,989980e80f4a.webp
01824155,https://assets.sainsburys-groceries.co.uk/gol/7542971/image.jpg,https://www.sainsburys.co.uk/gol-ui/product/sainsburys-british-or-irish-5-fat-beef-mince-500g,2026-10-07,e1262a248654.webp
01829860,https://assets.sainsburys-groceries.co.uk/gol/7547978/image.jpg,https://www.sainsburys.co.uk/gol-ui/product/sainsburys-300g-majestic-vine-tomatoes-taste-the-difference,2026-10-07,a2ccd0a44377.webp
01830750,https://assets.sainsburys-groceries.co.uk/gol/7549868/image.jpg,https://www.sainsburys.co.uk/gol-ui/product/sainsburys-large-king-prawns-asc-150g,2026-10-07,30bc5432c9c3.webp
01832587,https://assets.sainsburys-groceries.co.uk/gol/7552390/image.jpg,https://www.sainsburys.co.uk/gol-ui/product/sainsburys-reduced-fat-unsmoked-bacon-medallions-x8-200g,2026-10-07,4e9a5140872c.webp
01832785,https://assets.sainsburys-groceries.co.uk/gol/7552524/image.jpg,https://www.sainsburys.co.uk/gol-ui/product/sainsburys-4-reduced-fat-quarter-pounder-beef-burgers-454g,2026-10-07,e1366553ef39.webp
01832839,https://assets.sainsburys-groceries.co.uk/gol/7552562/image.jpg,https://www.sainsburys.co.uk/gol-ui/product/sainsburys-4-british-beef-steak-burgers-taste-the-difference-680g,2026-10-07,0e9f2a873583.webp
01833317,https://assets.sainsburys-groceries.co.uk/gol/7553276/image.jpg,https://www.sainsburys.co.uk/gol-ui/product/sainsburys-fairtrade-bananas-x8,2026-10-07,fe2cac5160d8.webp
01834581,https://assets.sainsburys-groceries.co.uk/gol/7554911/image.jpg,https://www.sainsburys.co.uk/gol-ui/product/sainsburys-wafer-thin-air-dried-british-ham-slices-taste-the-difference-120g,2026-10-07,e4a29f318ff0.webp
01834635,https://assets.sainsburys-groceries.co.uk/gol/7554964/image.jpg,https://www.sainsburys.co.uk/gol-ui/product/sainsburys-air-dried-english-honey-roast-wafer-thin-lean-cooked-british-ham-taste-the-difference-120g,2026-10-07,166a73d30b0f.webp
01835182,https://assets.sainsburys-groceries.co.uk/gol/7555403/image.jpg,https://www.sainsburys.co.uk/gol-ui/product/sainsburys-broccoli-tomato-cheese-quiche-170g,2026-10-07,68bd7307223d.webp
01837032,https://assets.sainsburys-groceries.co.uk/gol/7559223/image.jpg,https://www.sainsburys.co.uk/gol-ui/product/sainsburys-mini-sausage-rolls-x20-200g,2026-10-07,c8ee48a111a8.webp
01840506,https://assets.sainsburys-groceries.co.uk/gol/7564677/image.jpg,https://www.sainsburys.co.uk/gol-ui/product/sainsburys-2-x-90g-raspberry-cheesecakes,2026-10-07,cd3f4fd74a90.webp
01844146,https://assets.sainsburys-groceries.co.uk/gol/7568037/1/640x640.jpg,https://www.sainsburys.co.uk/groceries/product/sainsburys-creamy-tomato-pasta-bake-sauce-480g,2026-10-08,675f4b2d29e5.webp
01844269,https://assets.sainsburys-groceries.co.uk/gol/7568203/image.jpg,https://www.sainsburys.co.uk/gol-ui/product/sainsburys-gorgonzola-dolce-blue-cheese-taste-the-difference-200g,2026-10-07,50b6845860ed.webp
01847758,https://assets.sainsburys-groceries.co.uk/gol/7571526/image.jpg,https://www.sainsburys.co.uk/gol-ui/product/sainsburys-spanish-manchego-cheese-taste-the-difference-170g,2026-10-07,9da099ac9bbc.webp
01848151,https://assets.sainsburys-groceries.co.uk/gol/7571958/image.jpg,https://www.sainsburys.co.uk/gol-ui/product/sainsburys-lighter-mature-grated-cheese-250g,2026-10-07,2652b00575c0.webp
01848885,https://assets.sainsburys-groceries.co.uk/gol/7573402/image.jpg,https://www.sainsburys.co.uk/gol-ui/product/sainsburys-sea-bass-fillets-asc-180g,2026-10-07,44333130ed1d.webp
01850246,https://assets.sainsburys-groceries.co.uk/gol/7574642/image.jpg,https://www.sainsburys.co.uk/gol-ui/product/sainsburys-jazz-apples-x4,2026-10-07,c3c85bfc7829.webp
01851465,https://assets.sainsburys-groceries.co.uk/gol/7575850/1/640x640.jpg,https://www.sainsburys.co.uk/groceries/product/sainsburys-tomato-three-bean-soup-be-good-to-yourself-400g,2026-10-08,a8dc692831bf.webp
01851472,https://assets.sainsburys-groceries.co.uk/gol/7575853/image.jpg,https://www.sainsburys.co.uk/gol-ui/product/sainsburys-pasta-sauce-sweet-pepper-500g,2026-10-07,c704ac7fe9c2.webp
01857276,https://assets.sainsburys-groceries.co.uk/gol/7583037/image.jpg,https://www.sainsburys.co.uk/gol-ui/product/sainsburys-ham-leek-gratin-in-rich-cheese-sauce-taste-the-difference-400g-serves-1,2026-10-07,6abc16db1452.webp
01863819,https://assets.sainsburys-groceries.co.uk/gol/7587839/image.jpg,https://www.sainsburys.co.uk/gol-ui/product/sainsburys-msc-cod-fishcakes-x2-270g,2026-10-07,3878acacd99e.webp
01863826,https://assets.sainsburys-groceries.co.uk/gol/7587841/1/640x640.jpg,https://www.sainsburys.co.uk/groceries/product/sainsburys-fishcakes-scottish-salmon-x2-270g,2026-10-07,470b06f4cd0d.webp
01863857,https://assets.sainsburys-groceries.co.uk/gol/7587893/image.jpg,https://www.sainsburys.co.uk/gol-ui/product/sainsburys-msc-haddock-fishcakes-x2-270g,2026-10-07,9afdfa2bdb8c.webp
01865332,https://assets.sainsburys-groceries.co.uk/gol/7590750/image.jpg,https://www.sainsburys.co.uk/gol-ui/product/sainsburys-british-butter-salted-500g,2026-10-07,8d1f2f56477c.webp
01872347,https://assets.sainsburys-groceries.co.uk/gol/7596590/image.jpg,https://www.sainsburys.co.uk/gol-ui/product/sainsburys-sweet-pancakes-x6-375g,2026-10-07,db599b7605b6.webp
01889468,https://assets.sainsburys-groceries.co.uk/gol/7609558/1/640x640.jpg,https://www.sainsburys.co.uk/groceries/product/sainsburys-cornflour-500g,2026-10-08,73b9a1203ead.webp
01892987,https://assets.sainsburys-groceries.co.uk/gol/7613483/image.jpg,https://www.sainsburys.co.uk/gol-ui/product/sainsburys-thin-crispy-10-pizza-base-x2-260g,2026-10-07,d764dca0d06f.webp
01897630,https://assets.sainsburys-groceries.co.uk/gol/7621163/image.jpg,https://www.sainsburys.co.uk/gol-ui/product/sainsburys-vittoria-cherry-vine-tomatoes-taste-the-difference-400g,2026-10-07,229c6db5c7dc.webp
01897753,https://assets.sainsburys-groceries.co.uk/gol/7621307/image.jpg,https://www.sainsburys.co.uk/gol-ui/product/sainsburys-crustless-quiche-lorraine-150g,2026-10-07,60d23cd9fc34.webp
01897883,https://assets.sainsburys-groceries.co.uk/gol/7621373/image.jpg,https://www.sainsburys.co.uk/gol-ui/product/sainsburys-pesto-parmesan-pasta-taste-the-difference-185g,2026-10-07,83f89f6f983d.webp
01898811,https://assets.sainsburys-groceries.co.uk/gol/7622136/image.jpg,https://www.sainsburys.co.uk/gol-ui/product/sainsburys-greek-style-fat-free-natural-yogurt-500g,2026-10-07,6eb77c0c1d1c.webp
5063334000752,https://assets.sainsburys-groceries.co.uk/gol/8181695/image.jpg,https://www.sainsburys.co.uk/gol-ui/product/sainsburys-extra-thick-tzatziki-taste-the-difference-170g,2026-10-07,fb9bfc2ea351.webp
5063334000936,https://assets.sainsburys-groceries.co.uk/gol/8181846/image.jpg,https://www.sainsburys.co.uk/gol-ui/product/sainsburys-garlic-chicken-smoked-bacon-caesar-taste-the-difference-465g,2026-10-07,fe735c9a62c8.webp
5063334001193,https://assets.sainsburys-groceries.co.uk/gol/8182038/image.jpg,https://www.sainsburys.co.uk/gol-ui/product/sainsburys-falafels-summer-edition-taste-the-difference-144g,2026-10-07,aeb5f2a16a68.webp
5063334001247,https://assets.sainsburys-groceries.co.uk/gol/8182028/image.jpg,https://www.sainsburys.co.uk/gol-ui/product/sainsburys-sweet-potato-falafels-limited-edition-taste-the-difference-144g,2026-10-07,f2ad6d99b858.webp
5063334002381,https://assets.sainsburys-groceries.co.uk/gol/8184291/image.jpg,https://www.sainsburys.co.uk/gol-ui/product/sainsburys-belgian-chocolate-mousse-taste-the-difference-100g,2026-10-07,64d33484cef9.webp
5063334002534,https://assets.sainsburys-groceries.co.uk/gol/8184535/image.jpg,https://www.sainsburys.co.uk/gol-ui/product/sainsburys-chargrilled-italian-artichokes-taste-the-difference-140g,2026-10-07,b4aa4fc11529.webp
5063334002855,https://assets.sainsburys-groceries.co.uk/gol/8185718/image.jpg,https://www.sainsburys.co.uk/gol-ui/product/sainsburys-white-chocolate-raspberry-milk-taste-the-difference-750ml,2026-10-07,d7db22c2d9cd.webp
5063334003289,https://assets.sainsburys-groceries.co.uk/gol/8186900/image.jpg,https://www.sainsburys.co.uk/gol-ui/product/sainsburys-free-range-golden-yolk-eggs-taste-the-difference-x12,2026-10-07,cf2069603bd4.webp
5063334003562,https://assets.sainsburys-groceries.co.uk/gol/8189537/image.jpg,https://www.sainsburys.co.uk/gol-ui/product/sainsburys-peppercorn-sauce-taste-the-difference-200g,2026-10-07,dee101140704.webp
5063334005566,https://assets.sainsburys-groceries.co.uk/gol/8195428/1/640x640.jpg,https://www.sainsburys.co.uk/groceries/product/sainsburys-golden-yolk-free-range-british-eggs-taste-the-difference-x6-328g,2026-10-08,0c46986d023a.webp
5063334005764,https://assets.sainsburys-groceries.co.uk/gol/8195645/image.jpg,https://www.sainsburys.co.uk/gol-ui/product/sainsburys-shropshire-red-chorizo-bake-taste-the-difference-150g,2026-10-07,48396a52f756.webp
5063334006518,https://assets.sainsburys-groceries.co.uk/gol/8196778/image.jpg,https://www.sainsburys.co.uk/gol-ui/product/sainsburys-400g-banana-blonde-sponge-pudding-taste-the-difference-limited-edition,2026-10-07,18b3be60ad91.webp
5063334007126,https://assets.sainsburys-groceries.co.uk/gol/8197269/image.jpg,https://www.sainsburys.co.uk/gol-ui/product/sainsburys-188g-pork-apple-onion-rolls-taste-the-difference,2026-10-07,feeb71b3f2a1.webp
5063334007713,https://assets.sainsburys-groceries.co.uk/gol/8198415/image.jpg,https://www.sainsburys.co.uk/gol-ui/product/sainsburys-ultimate-pork-sausage-rolls-taste-the-difference-270g,2026-10-07,f325690e8b86.webp
5063334008062,https://assets.sainsburys-groceries.co.uk/gol/8199211/image.jpg,https://www.sainsburys.co.uk/gol-ui/product/sainsburys-italian-style-sausage-ragu-limited-edition-taste-the-difference-350g,2026-10-07,5d76bd1bda36.webp
5063334009403,https://assets.sainsburys-groceries.co.uk/gol/8200896/image.jpg,https://www.sainsburys.co.uk/gol-ui/product/sainsburys-slow-cooked-545g-beef-bourguignon-taste-the-difference,2026-10-07,2067e4847565.webp
5063334010621,https://assets.sainsburys-groceries.co.uk/gol/8202499/1/640x640.jpg,https://www.sainsburys.co.uk/groceries/product/sainsburys-digestives-400g,2026-10-08,bce57b64bb2a.webp
5063334011970,https://assets.sainsburys-groceries.co.uk/gol/7997262/image.jpg,https://www.sainsburys.co.uk/gol-ui/product/sainsburys-lactose-free-greek-style-yogurt-450g,2026-10-07,92827e90c1a9.webp
5063334012144,https://assets.sainsburys-groceries.co.uk/gol/8204792/image.jpg,https://www.sainsburys.co.uk/gol-ui/product/sainsburys-traditional-style-old-english-pork-sausages-taste-the-difference-454g,2026-10-07,79ead5c7ade5.webp
5063334012243,https://assets.sainsburys-groceries.co.uk/gol/8203987/1/640x640.jpg,https://www.sainsburys.co.uk/groceries/product/sainsburys-oat-barista-1l,2026-10-08,52b20ed73964.webp
5063334012359,https://assets.sainsburys-groceries.co.uk/gol/8205126/1/640x640.jpg,https://www.sainsburys.co.uk/groceries/product/sainsbury-s-custard-creams-200g,2026-10-08,0a082beac304.webp
5063334015312,https://assets.sainsburys-groceries.co.uk/gol/8211358/image.jpg,https://www.sainsburys.co.uk/gol-ui/product/sainsburys-oat-drink-1l,2026-10-07,721095f0b59b.webp
5063334015626,https://assets.sainsburys-groceries.co.uk/gol/8211771/image.jpg,https://www.sainsburys.co.uk/gol-ui/product/sainsburys-freshly-squeezed-orange-mango-taste-the-difference,2026-10-07,8a0f64ef1ac2.webp
5063334015725,https://assets.sainsburys-groceries.co.uk/gol/8211999/1/640x640.jpg,https://www.sainsburys.co.uk/groceries/product/sainsburys-6-x-hot-cross-buns,2026-10-08,024492114eac.webp
5063334019792,https://assets.sainsburys-groceries.co.uk/gol/8219290/image.jpg,https://www.sainsburys.co.uk/gol-ui/product/sainsburys-jalapeno-houmous-200g,2026-10-07,3c66d750d631.webp
5063334019877,https://assets.sainsburys-groceries.co.uk/gol/8219369/image.jpg,https://www.sainsburys.co.uk/gol-ui/product/sainsburys-300g-crispy-ancho-chilli-potatoes-with-garlic-sauce-taste-the-difference,2026-10-07,ca428863fd70.webp
5063334019907,https://assets.sainsburys-groceries.co.uk/gol/8219387/image.jpg,https://www.sainsburys.co.uk/gol-ui/product/sainsburys-200g-creamy-labneh-with-tomatoes-harissa-oil-dip-taste-the-difference,2026-10-07,768ff0410923.webp
5063334019969,https://assets.sainsburys-groceries.co.uk/gol/8219417/image.jpg,https://www.sainsburys.co.uk/gol-ui/product/sainsburys-spanish-mushroom-croquetas-with-aioli-pecorino-taste-the-difference-200g,2026-10-07,2ea45ada38cf.webp
5063334020026,https://assets.sainsburys-groceries.co.uk/gol/8219474/image.jpg,https://www.sainsburys.co.uk/gol-ui/product/sainsburys-orzo-sunblush-tomato-salad-limited-edition-taste-the-difference-220g,2026-10-07,d497e9890162.webp
5063334020101,https://assets.sainsburys-groceries.co.uk/gol/8219774/image.jpg,https://www.sainsburys.co.uk/gol-ui/product/sainsburys-goats-cheese-caramelised-onion-quiches-limited-edition-taste-the-difference-x2-280g,2026-10-07,530eb0dc870c.webp
5063334020477,https://assets.sainsburys-groceries.co.uk/gol/8220175/image.jpg,https://www.sainsburys.co.uk/gol-ui/product/sainsburys-paneer-200g,2026-10-07,18f41ad44386.webp
5063334021269,https://assets.sainsburys-groceries.co.uk/gol/8220841/image.jpg,https://www.sainsburys.co.uk/gol-ui/product/sainsburys-napoli-salami-roquito-pepper-wood-fired-pizza-taste-the-difference-213g,2026-10-07,4e8a11852002.webp
5063334023171,https://assets.sainsburys-groceries.co.uk/gol/8223112/image.jpg,https://www.sainsburys.co.uk/gol-ui/product/sainsburys-summer-picnic-triple,2026-10-07,ac5bdf363098.webp
5063334025601,https://assets.sainsburys-groceries.co.uk/gol/8227707/image.jpg,https://www.sainsburys.co.uk/gol-ui/product/sainsburys-closed-cup-mushrooms-vitamin-d-625g,2026-10-07,81c6fa1935dc.webp
5063334026431,https://assets.sainsburys-groceries.co.uk/gol/8231001/image.jpg,https://www.sainsburys.co.uk/gol-ui/product/sainsburys-kiln-smoked-british-kipper-fillets-taste-the-difference-240g,2026-10-07,07460f7ba697.webp
5063334027056,https://assets.sainsburys-groceries.co.uk/gol/8232005/image.jpg,https://www.sainsburys.co.uk/gol-ui/product/sainsburys-chilli-ginger-soy-stir-fry-greens-taste-the-difference-600g,2026-10-07,031aea1d1007.webp
5063334027742,https://assets.sainsburys-groceries.co.uk/gol/8232746/image.jpg,https://www.sainsburys.co.uk/gol-ui/product/sainsburys-british-finely-sliced-drury-lane-ham-150g,2026-10-07,c214230ca070.webp
5063334030186,https://assets.sainsburys-groceries.co.uk/gol/8235222/image.jpg,https://www.sainsburys.co.uk/gol-ui/product/sainsburys-slow-cook-hot-honey-korean-beef-taste-the-difference-500g,2026-10-07,ee2be80f60fd.webp
5063334031367,https://assets.sainsburys-groceries.co.uk/gol/8235956/image.jpg,https://www.sainsburys.co.uk/gol-ui/product/sainsburys-salted-caramel-peanut-cheesecake-taste-the-difference-190g,2026-10-07,cb83bfdfbd5b.webp
5063334031411,https://assets.sainsburys-groceries.co.uk/gol/8235970/image.jpg,https://www.sainsburys.co.uk/gol-ui/product/sainsburys-discovery-360g-35-day-salt-dry-aged-thick-cut-aberdeen-angus-ribeye-steak-taste-the-difference,2026-10-07,7a6424999e79.webp
5063334035983,https://assets.sainsburys-groceries.co.uk/gol/8246595/image.jpg,https://www.sainsburys.co.uk/gol-ui/product/sainsburys-high-protein-fajita-halloumi-wrap,2026-10-07,08f381355df2.webp
5063334035990,https://assets.sainsburys-groceries.co.uk/gol/8246598/image.jpg,https://www.sainsburys.co.uk/gol-ui/product/sainsburys-high-protein-buffalo-chicken-wrap,2026-10-07,e913d3100ae0.webp
5063334037048,https://assets.sainsburys-groceries.co.uk/gol/8249577/image.jpg,https://www.sainsburys.co.uk/gol-ui/product/sainsburys-350g-three-cheese-wild-garlic-frittata-taste-the-difference,2026-10-07,b9a79d6d5484.webp
5063334047528,https://assets.sainsburys-groceries.co.uk/gol/8266580/image.jpg,https://www.sainsburys.co.uk/gol-ui/product/sainsburys-500g-mixed-berry-cheesecake-taste-the-difference,2026-10-07,4745f5ba6b6f.webp
8719200070707,https://assets.sainsburys-groceries.co.uk/gol/6779638/image.jpg,https://www.sainsburys.co.uk/gol-ui/product/bertolli-olive-oil-light-spread-alternative-to-spreadable-butter-450g,2026-10-07,5eb46cb60f6e.webp
