product_id,per,state,kj,kcal,fat_g,saturates_g,carbs_g,sugars_g,fibre_g,protein_g,salt_g,checked_on,page_url
7up-zero-sugar-lemon-lime-bottle-500ml,ml,,8,2,<0.1,<0.1,<0.1,<0.1,,<0.1,<0.5,2026-10-09,https://www.sainsburys.co.uk/groceries/product/7up-zero-sugar-lemon-lime-bottle-500ml
actimel-8-x-100g-raspberry-immune-support-yoghurt-drink,g,,287,68,1.4,1,9.6,9.4,1,2.9,<0.5,2026-10-09,https://www.sainsburys.co.uk/groceries/product/actimel-8-x-100g-raspberry-immune-support-yoghurt-drink
actimel-8-x-100g-simple-immune-support-natural-yoghurt-drink,g,,193,46,1.6,1,4.2,4.2,<0.1,3.7,<0.5,2026-10-09,https://www.sainsburys.co.uk/groceries/product/actimel-8-x-100g-simple-immune-support-natural-yoghurt-drink
actimel-blueberry-cultured-yogurt-drink-8x100g,g,,292,69,1.4,1,9.8,9.5,1.1,2.9,<0.5,2026-10-09,https://www.sainsburys.co.uk/groceries/product/actimel-blueberry-cultured-yogurt-drink-8x100g
actimel-kids-strawberry-banana-yoghurt-drink-4x100g,g,,262,62,1.4,0.9,8.9,,,3.3,<0.5,2026-10-09,https://www.sainsburys.co.uk/groceries/product/actimel-kids-strawberry-banana-yoghurt-drink-4x100g
actimel-multifruit-cultured-yogurt-drink-8x100g,g,,288,68,1.4,1,9.7,9.5,1,2.9,<0.5,2026-10-09,https://www.sainsburys.co.uk/groceries/product/actimel-multifruit-cultured-yogurt-drink-8x100g
actimel-original-0-added-sugar-fat-free-yogurt-drink-8x100g,g,,115,27,<0.5,<0.1,3,3,<0.5,2.7,<0.5,2026-10-09,https://www.sainsburys.co.uk/groceries/product/actimel-original-0-added-sugar-fat-free-yogurt-drink-8x100g
actimel-strawberry-0-added-sugar-fat-free-yogurt-drink-12x100g,g,,116,27,<0.5,<0.1,3.2,,<0.5,2.6,<0.5,2026-10-09,https://www.sainsburys.co.uk/groceries/product/actimel-strawberry-0-added-sugar-fat-free-yogurt-drink-12x100g
actimel-strawberry-0-added-sugar-fat-free-yogurt-drink-8x100g,g,,116,27,<0.5,<0.1,3.2,3,<0.5,2.6,<0.5,2026-10-09,https://www.sainsburys.co.uk/groceries/product/actimel-strawberry-0-added-sugar-fat-free-yogurt-drink-8x100g
actimel-strawberry-cultured-yogurt-drink-8x100g,g,,286,68,1.4,1,9.5,9.3,1,2.9,<0.5,2026-10-09,https://www.sainsburys.co.uk/groceries/product/actimel-strawberry-cultured-yogurt-drink-8x100g
actimel-triple-action-strawberry-pomegranate-yoghurt-drink-8-x-100g,g,,309,73,1.4,1,11,11,1,2.8,<0.5,2026-10-09,https://www.sainsburys.co.uk/groceries/product/actimel-triple-action-strawberry-pomegranate-yoghurt-drink-8-x-100g
activia-280ml-kefir-mango-gut-health-fruit-yoghurt-drink,g,,306,73,3.1,2,8.1,8,,3.1,<0.5,2026-10-09,https://www.sainsburys.co.uk/groceries/product/activia-280ml-kefir-mango-gut-health-fruit-yoghurt-drink
activia-4-x-115g-mango-gut-health-multipack-yoghurt,g,,372,88,2.9,1.9,12,12,<0.5,3.8,<0.5,2026-10-09,https://www.sainsburys.co.uk/groceries/product/activia-4-x-115g-mango-gut-health-multipack-yoghurt
activia-8-x-115g-rhubarb-mixed-fruit-8-x-115g-low-gut-health-yoghurt,g,,381,91,2.8,1.9,12,12,<0.5,3.8,<0.5,2026-10-09,https://www.sainsburys.co.uk/groceries/product/activia-8-x-115g-rhubarb-mixed-fruit-8-x-115g-low-gut-health-yoghurt
activia-8-x-115g-vanilla-peach-passion-berries-multipack-gut-health-yoghurt,g,,381,91,2.8,1.9,12,12,<0.5,3.8,<0.5,2026-10-09,https://www.sainsburys.co.uk/groceries/product/activia-8-x-115g-vanilla-peach-passion-berries-multipack-gut-health-yoghurt
activia-fibre-walnut-oat-gut-health-breakfast-yoghurt-multipack-4-x-115g,g,,418,100,3.1,1.7,13,,1.5,4.1,<0.5,2026-10-09,https://www.sainsburys.co.uk/groceries/product/activia-fibre-walnut-oat-gut-health-breakfast-yoghurt-multipack-4-x-115g
activia-fusions-blueberry-acai-gut-health-fruit-yoghurt-multipack-4-x-120g,g,,414,98,3.5,2.4,13,,,3.3,<0.5,2026-10-09,https://www.sainsburys.co.uk/groceries/product/activia-fusions-blueberry-acai-gut-health-fruit-yoghurt-multipack-4-x-120g
activia-fusions-prune-gut-health-fruit-yoghurt-multipack-4-x-120g,g,,419,99,2.7,,15.1,,,3.5,,2026-10-09,https://www.sainsburys.co.uk/groceries/product/activia-fusions-prune-gut-health-fruit-yoghurt-multipack-4-x-120g
activia-gut-health-380g-kefir-strawberry-raspberry-yoghurt,g,,325,77,3.1,2,8.7,8.2,<0.5,3.6,<0.5,2026-10-09,https://www.sainsburys.co.uk/groceries/product/activia-gut-health-380g-kefir-strawberry-raspberry-yoghurt
activia-gut-health-400g-natural-high-protein-probiotic-yoghurt,g,,299,71,3.5,2.3,5.3,5.3,<0.1,4.7,<0.5,2026-10-09,https://www.sainsburys.co.uk/groceries/product/activia-gut-health-400g-natural-high-protein-probiotic-yoghurt
activia-gut-health-fibre-400g-cereals-probiotic-yoghurt,g,,365,87,2.9,1.9,11,9.8,1.4,4,<0.5,2026-10-09,https://www.sainsburys.co.uk/groceries/product/activia-gut-health-fibre-400g-cereals-probiotic-yoghurt
activia-peach-fat-free-no-added-sugar-gut-health-fruit-yoghurt-multipack-4-x-115g,g,,206,49,<0.5,<0.1,7.2,,,4.7,<0.5,2026-10-09,https://www.sainsburys.co.uk/groceries/product/activia-peach-fat-free-no-added-sugar-gut-health-fruit-yoghurt-multipack-4-x-115g
activia-strawberry-gut-health-fruit-yoghurt-multipack-4-x-115g,g,,379,90,2.8,1.9,12,,,3.9,<0.5,2026-10-09,https://www.sainsburys.co.uk/groceries/product/activia-strawberry-gut-health-fruit-yoghurt-multipack-4-x-115g
activia-vanilla-fat-free-no-added-sugar-gut-health-fruit-yoghurt-multipack-4x115g,g,,201,47,<0.5,<0.5,6.8,,,4.9,<0.5,2026-10-09,https://www.sainsburys.co.uk/groceries/product/activia-vanilla-fat-free-no-added-sugar-gut-health-fruit-yoghurt-multipack-4x115g
aero-creations-milk-chocolate-mousse-4x57g,g,,876,207,11.6,,18.8,,2.3,5.6,<0.5,2026-10-09,https://www.sainsburys.co.uk/groceries/product/aero-creations-milk-chocolate-mousse-4x57g
after-eight-chocolate-peppermint-flavoured-mousse-4x57g,g,,893,214,13.7,,18.1,,0.9,4.2,<0.5,2026-10-09,https://www.sainsburys.co.uk/groceries/product/after-eight-chocolate-peppermint-flavoured-mousse-4x57g
alpro-150g-lemon-cheesecake-flavour-dessert,g,,299,71,2.1,<0.5,8.7,8.4,0.8,3.7,<0.5,2026-10-09,https://www.sainsburys.co.uk/groceries/product/alpro-150g-lemon-cheesecake-flavour-dessert
alpro-kids-4-x-115g-soya-apricot-dairy-free-yoghurt-alternative,g,,253,60,2.1,<0.5,6,5.9,1,3.7,<0.5,2026-10-09,https://www.sainsburys.co.uk/groceries/product/alpro-kids-4-x-115g-soya-apricot-dairy-free-yoghurt-alternative
alpro-kids-strawberry-soya-dairy-free-yoghurt-alternatives-4-x-115g,g,,265,63,2,<0.5,7,6.6,1,3.6,<0.5,2026-10-09,https://www.sainsburys.co.uk/groceries/product/alpro-kids-strawberry-soya-dairy-free-yoghurt-alternatives-4-x-115g
argal-fuet-iberico-150g,g,,1899,458,38,15,2,2,0.5,27,4,2026-10-09,https://www.sainsburys.co.uk/groceries/product/argal-fuet-iberico-150g
arla-protein-200g-blueberry-yogurt,g,,302,71,<0.5,<0.5,6.4,6,,10,<0.5,2026-10-09,https://www.sainsburys.co.uk/groceries/product/arla-protein-200g-blueberry-yogurt
arla-protein-200g-mango-yogurt,g,,299,70,0.6,<0.5,5.4,5.1,,10,<0.5,2026-10-09,https://www.sainsburys.co.uk/groceries/product/arla-protein-200g-mango-yogurt
arla-protein-200g-raspberry-yogurt,g,,302,71,<0.5,<0.5,6.4,6,,10,<0.5,2026-10-09,https://www.sainsburys.co.uk/groceries/product/arla-protein-200g-raspberry-yogurt
arla-protein-200g-salted-caramel-yogurt,g,,330,78,0.6,<0.5,7.3,6.8,,10,<0.5,2026-10-09,https://www.sainsburys.co.uk/groceries/product/arla-protein-200g-salted-caramel-yogurt
arla-protein-passionfruit-papaya-yogurt-200g,g,,305,72,<0.5,<0.5,6.6,6.3,,10,<0.5,2026-10-09,https://www.sainsburys.co.uk/groceries/product/arla-protein-passionfruit-papaya-yogurt-200g
arla-protein-strawberry-yogurt-200g,g,,305,72,<0.5,<0.5,6.6,6.3,,10,<0.5,2026-10-09,https://www.sainsburys.co.uk/groceries/product/arla-protein-strawberry-yogurt-200g
arla-skyr-natural-icelandic-style-yogurt-450g,g,,255,60,<0.2,<0.1,4,4,<0.1,10,<0.5,2026-10-09,https://www.sainsburys.co.uk/groceries/product/arla-skyr-natural-icelandic-style-yogurt-450g
arla-skyr-strawberry-icelandic-style-yogurt-450g,g,,293,69,<0.5,<0.5,7.4,6.9,<0.1,8.8,<0.5,2026-10-09,https://www.sainsburys.co.uk/groceries/product/arla-skyr-strawberry-icelandic-style-yogurt-450g
arla-skyr-vanilla-icelandic-style-yogurt-450g,g,,309,73,<0.5,<0.5,8.6,7.5,<0.1,8.6,<0.5,2026-10-09,https://www.sainsburys.co.uk/groceries/product/arla-skyr-vanilla-icelandic-style-yogurt-450g
bastides-salaisons-saucisson-sec-250g,g,,1800,434,34,13,0.5,0.5,0.5,32,4.5,2026-10-09,https://www.sainsburys.co.uk/groceries/product/bastides-salaisons-saucisson-sec-250g
bastides-salaisons-superior-dry-sausage-with-walnuts-120g,g,,1872,452,39,13,<0.5,<0.5,,29,4,2026-10-09,https://www.sainsburys.co.uk/groceries/product/bastides-salaisons-superior-dry-sausage-with-walnuts-120g
belazu-135g-semi-dried-slow-roasted-puglian-balsamic-tomatoes,g,,1266,306,25.8,2.4,13.8,11.2,2.7,2.6,1.2,2026-10-09,https://www.sainsburys.co.uk/groceries/product/belazu-135g-semi-dried-slow-roasted-puglian-balsamic-tomatoes
belazu-140g-calabrian-chilli-artichokes,g,,440,107,9.7,0.8,2,1.5,2.8,1.7,1.8,2026-10-09,https://www.sainsburys.co.uk/groceries/product/belazu-140g-calabrian-chilli-artichokes
belazu-140g-halkidiki-lemon-coriander-colossal-olives,g,,962,234,24.2,2.5,1.2,<0.5,2.9,1.8,2.5,2026-10-09,https://www.sainsburys.co.uk/groceries/product/belazu-140g-halkidiki-lemon-coriander-colossal-olives
belazu-320g-sicilian-nocellara-giant-olives,g,,635,154,15.3,4.8,3.1,0.6,2.1,1,3,2026-10-09,https://www.sainsburys.co.uk/groceries/product/belazu-320g-sicilian-nocellara-giant-olives
benecol-6-x-67-5g-kefir-mango-passionfruit-yoghurt-drink,g,,266,63,2.9,0.7,4.6,4,,4,<0.5,2026-10-09,https://www.sainsburys.co.uk/groceries/product/benecol-6-x-67-5g-kefir-mango-passionfruit-yoghurt-drink
benecol-original-no-added-sugar-yogurt-drink-6x67-5g,g,,241,57,1.9,<0.5,7.1,6.9,,2.8,<0.5,2026-10-09,https://www.sainsburys.co.uk/groceries/product/benecol-original-no-added-sugar-yogurt-drink-6x67-5g
benecol-peach-apricot-no-added-sugar-yogurt-drink-6x67-5g,g,,237,56,2.1,<0.5,6.7,6.6,,2.9,<0.5,2026-10-09,https://www.sainsburys.co.uk/groceries/product/benecol-peach-apricot-no-added-sugar-yogurt-drink-6x67-5g
benecol-peach-yogurt-4x115g,g,,299,71,1.5,<0.5,10,8.9,,3.8,<0.5,2026-10-09,https://www.sainsburys.co.uk/groceries/product/benecol-peach-yogurt-4x115g
benecol-raspberry-no-added-sugar-yogurt-drink-6x67-5g,g,,220,52,2.1,<0.5,5.4,5.4,,2.9,<0.5,2026-10-09,https://www.sainsburys.co.uk/groceries/product/benecol-raspberry-no-added-sugar-yogurt-drink-6x67-5g
benecol-strawberry-yogurt-4x115g,g,,297,70,1.5,<0.5,9.7,8.7,,3.9,<0.5,2026-10-09,https://www.sainsburys.co.uk/groceries/product/benecol-strawberry-yogurt-4x115g
benecol-yogurt-drink-blueberry-6x67-5g,g,,226,54,2.1,<0.5,5.7,5.7,,2.9,<0.5,2026-10-09,https://www.sainsburys.co.uk/groceries/product/benecol-yogurt-drink-blueberry-6x67-5g
benecol-yogurt-drink-strawberry-6x67-5g,g,,220,52,2,<0.5,5.4,5.4,,2.9,<0.5,2026-10-09,https://www.sainsburys.co.uk/groceries/product/benecol-yogurt-drink-strawberry-6x67-5g
berlinki-85g-chilli-kabanos,g,,1788,431,35,14,6,2,,23,3.8,2026-10-09,https://www.sainsburys.co.uk/groceries/product/berlinki-85g-chilli-kabanos
berlinki-85g-classic-kabanos,g,,1788,431,35,14,6,2,,23,3.8,2026-10-09,https://www.sainsburys.co.uk/groceries/product/berlinki-85g-classic-kabanos
berlinki-85g-kabanos-chicken,g,,1677,404,32,12.8,5,2,,24,3.8,2026-10-09,https://www.sainsburys.co.uk/groceries/product/berlinki-85g-kabanos-chicken
better-naked-smoked-back-bacon-rashers-x6-200g,g,,990,237,13,,1.1,,<0.5,28,2.8,2026-10-09,https://www.sainsburys.co.uk/groceries/product/better-naked-smoked-back-bacon-rashers-x6-200g
big-hoops-bbq-beef-grab-bag-crisps-45g,g,,2117,506,27,2.5,62,1,2.9,3.6,1.7,2026-10-09,https://www.sainsburys.co.uk/groceries/product/big-hoops-bbq-beef-grab-bag-crisps-45g
big-hoops-salted-grab-bag-crisps-45g,g,,2118,506,27,2.4,62,0.5,2.9,3.2,1.6,2026-10-09,https://www.sainsburys.co.uk/groceries/product/big-hoops-salted-grab-bag-crisps-45g
billy-bear-100g,g,,709,170,10.6,3.8,7,1.1,,11.6,1.3,2026-10-09,https://www.sainsburys.co.uk/groceries/product/billy-bear-100g
bio-me-280ml-cocoa-fibre-protein-kefir-yoghurt-drink,ml,,364,87,3.6,2.3,7.1,6.7,,5.6,<0.5,2026-10-09,https://www.sainsburys.co.uk/groceries/product/bio-me-280ml-cocoa-fibre-protein-kefir-yoghurt-drink
bio-me-280ml-vanilla-matcha-energise-kefir-yoghurt-drink,ml,,275,71,3,2.3,6,5.8,,3.4,<0.5,2026-10-09,https://www.sainsburys.co.uk/groceries/product/bio-me-280ml-vanilla-matcha-energise-kefir-yoghurt-drink
bio-me-kefir-live-yoghurt-mango-350g,g,,343,82,3,2.4,8,8,2,5,<0.5,2026-10-09,https://www.sainsburys.co.uk/groceries/product/bio-me-kefir-live-yoghurt-mango-350g
bio-me-kefir-live-yoghurt-original-350g,g,,330,79,3,2.6,7,7,2,5,<0.5,2026-10-09,https://www.sainsburys.co.uk/groceries/product/bio-me-kefir-live-yoghurt-original-350g
bio-me-kefir-live-yoghurt-vanilla-350g,g,,352,84,3,2.4,8,7.6,2,5,<0.5,2026-10-09,https://www.sainsburys.co.uk/groceries/product/bio-me-kefir-live-yoghurt-vanilla-350g
biotiful-gut-health-kefir-drink-honey-ginger-250ml,ml,,270,64,2.6,1.8,6.9,,,3.3,<0.5,2026-10-09,https://www.sainsburys.co.uk/groceries/product/biotiful-gut-health-kefir-drink-honey-ginger-250ml
biotiful-gut-health-kefir-drink-mango-1l,ml,,274,65,2.6,1.8,7.1,,,3.3,<0.5,2026-10-09,https://www.sainsburys.co.uk/groceries/product/biotiful-gut-health-kefir-drink-mango-1l
biotiful-gut-health-kefir-natural-yogurt-original-1kg,g,,317,75,2,1.4,7.4,,,6,<0.5,2026-10-09,https://www.sainsburys.co.uk/groceries/product/biotiful-gut-health-kefir-natural-yogurt-original-1kg
biotiful-gut-health-kefir-natural-yogurt-original-350g,g,,302,72,2,1.3,7.4,,,6,<0.5,2026-10-09,https://www.sainsburys.co.uk/groceries/product/biotiful-gut-health-kefir-natural-yogurt-original-350g
biotiful-gut-health-kefir-yogurt-madagascan-vanilla-350g,g,,313,75,1.8,1.1,9.1,,,5.3,<0.5,2026-10-09,https://www.sainsburys.co.uk/groceries/product/biotiful-gut-health-kefir-yogurt-madagascan-vanilla-350g
birds-eye-chicken-shop-385g-buffalo-hot-chicken-wings-limited-edition,g,edible portion including,883,211,11,2.3,5.6,3,0.8,22,1,2026-10-09,https://www.sainsburys.co.uk/groceries/product/birds-eye-chicken-shop-385g-buffalo-hot-chicken-wings-limited-edition
birds-eye-chicken-shop-385g-honey-chipotle-bbq-chicken-wings-limited-edition,g,edible portion including,910,217,10,2,9.3,7.6,1,22,0.8,2026-10-09,https://www.sainsburys.co.uk/groceries/product/birds-eye-chicken-shop-385g-honey-chipotle-bbq-chicken-wings-limited-edition
black-farmer-premium-pork-sausages-gluten-free-x6-400g,g,,1017,245,19.5,,2.5,,0.7,14.7,1.3,2026-10-09,https://www.sainsburys.co.uk/groceries/product/black-farmer-premium-pork-sausages-gluten-free-x6-400g
bluey-6-x-45g-strawberry-fromage-frais,g,,351,84,4,,7.4,,,4.4,<0.5,2026-10-09,https://www.sainsburys.co.uk/groceries/product/bluey-6-x-45g-strawberry-fromage-frais
bodega-snacking-smoky-salami-64g,g,,1585,380,24.3,12.3,20.8,2,,19.3,2.4,2026-10-09,https://www.sainsburys.co.uk/groceries/product/bodega-snacking-smoky-salami-64g
bonne-maman-4-x-115g-raspberry-yoghurt,g,,441,105,3.3,2,15,14,0.8,3.5,<0.5,2026-10-09,https://www.sainsburys.co.uk/groceries/product/bonne-maman-4-x-115g-raspberry-yoghurt
bonne-maman-450g-pear-vanilla-yoghurt,g,,478,113,3.2,1.9,17.7,16.7,0.6,3.2,<0.5,2026-10-09,https://www.sainsburys.co.uk/groceries/product/bonne-maman-450g-pear-vanilla-yoghurt
bonne-maman-450g-rhubarb-strawberry-fruit-yoghurt,g,,438,104,3.3,1.8,15,14.2,0.5,3.4,<0.5,2026-10-09,https://www.sainsburys.co.uk/groceries/product/bonne-maman-450g-rhubarb-strawberry-fruit-yoghurt
bonne-maman-yoghurt-with-a-rhubarb-layer-4x115g,g,,441,105,3.3,2,15.2,14.5,0.6,3.4,<0.5,2026-10-09,https://www.sainsburys.co.uk/groceries/product/bonne-maman-yoghurt-with-a-rhubarb-layer-4x115g
bonne-maman-yoghurt-with-an-apricot-layer-4x115g,g,,453,108,3.4,2,16,15.2,<0.5,3.4,<0.5,2026-10-09,https://www.sainsburys.co.uk/groceries/product/bonne-maman-yoghurt-with-an-apricot-layer-4x115g
cadbury-dairy-milk-4-x-75g-mini-eggs-dessert,g,,1151,275,12.7,7.2,35.8,29.6,0.8,4,<0.5,2026-10-09,https://www.sainsburys.co.uk/groceries/product/cadbury-dairy-milk-4-x-75g-mini-eggs-dessert
castle-maclellan-chicken-liver-parfait-with-scottish-heather-honey-100g,g,,1367,332,31.2,15.1,6.2,2.8,,6.2,1.6,2026-10-09,https://www.sainsburys.co.uk/groceries/product/castle-maclellan-chicken-liver-parfait-with-scottish-heather-honey-100g
castle-maclellan-duck-liver-parfait-with-tangy-orange-scottish-marmalade-100g,g,,1270,306,25,11.2,11.7,8.8,,7.9,1.3,2026-10-09,https://www.sainsburys.co.uk/groceries/product/castle-maclellan-duck-liver-parfait-with-tangy-orange-scottish-marmalade-100g
cauldron-cumberland-vegetarian-sausages-x6-276g,g,hob cooked,724,173,7.3,0.7,6.9,<0.1,3.4,18,1.2,2026-10-09,https://www.sainsburys.co.uk/groceries/product/cauldron-cumberland-vegetarian-sausages-x6-276g
cauldron-lincolnshire-vegetarian-sausages-x6-276g,g,as hob cooked,736,176,6.8,0.6,7.9,0.5,2.9,19,1.4,2026-10-09,https://www.sainsburys.co.uk/groceries/product/cauldron-lincolnshire-vegetarian-sausages-x6-276g
cawoods-dry-salted-skinless-boneless-saltfish-200g,g,,412,97,<0.1,<0.1,<0.1,<0.1,,23,15.1,2026-10-09,https://www.sainsburys.co.uk/groceries/product/cawoods-dry-salted-skinless-boneless-saltfish-200g
clonakilty-black-pudding-200g,g,,1243,298,19.6,7.8,18.8,1.1,6,11.5,1.9,2026-10-09,https://www.sainsburys.co.uk/groceries/product/clonakilty-black-pudding-200g
clonakilty-irish-pork-sausages-x8-227g,g,,1356,327,27.4,,10.8,,1.1,8.7,1.9,2026-10-09,https://www.sainsburys.co.uk/groceries/product/clonakilty-irish-pork-sausages-x8-227g
clonakilty-white-pudding-with-pork-oatmeal-onions-200g,g,,1020,244,15.1,6,16.3,0.6,5.7,10.7,1.7,2026-10-09,https://www.sainsburys.co.uk/groceries/product/clonakilty-white-pudding-with-pork-oatmeal-onions-200g
coca-cola-original-taste-500ml,ml,,180,42,<0.1,<0.1,10.6,10.6,,<0.1,<0.1,2026-10-09,https://www.sainsburys.co.uk/groceries/product/coca-cola-original-taste-500ml
danone-800g-skyr-high-protein-0-fat-natural-yoghurt,g,,216,51,<0.5,<0.5,3.4,3.4,,9,<0.5,2026-10-09,https://www.sainsburys.co.uk/groceries/product/danone-800g-skyr-high-protein-0-fat-natural-yoghurt
danone-skyr-450g-high-protein-0-fat-natural-yogurt,g,,216,51,<0.5,<0.5,3.4,3.4,,9,<0.5,2026-10-09,https://www.sainsburys.co.uk/groceries/product/danone-skyr-450g-high-protein-0-fat-natural-yogurt
deli-express-british-breaded-cooked-ham-slices-x4-150g,g,,452,108,3.9,1.4,1.1,<0.5,<0.5,17.0,1.82,2026-10-09,https://www.sainsburys.co.uk/groceries/product/deli-express-british-breaded-cooked-ham-slices-x4-150g
deli-express-british-drury-lane-cooked-ham-slices-x4-150g,g,,558,133,5.8,2.1,<0.5,<0.5,<0.5,19.8,2.21,2026-10-09,https://www.sainsburys.co.uk/groceries/product/deli-express-british-drury-lane-cooked-ham-slices-x4-150g
deli-express-british-honey-roast-cooked-ham-slices-x4-150g,g,,513,122,4.8,1.8,<0.5,<0.5,<0.5,19.3,1.91,2026-10-09,https://www.sainsburys.co.uk/groceries/product/deli-express-british-honey-roast-cooked-ham-slices-x4-150g
deli-express-british-roast-cooked-turkey-slices-x4-150g,g,,443,105,1.3,0.4,<0.5,<0.5,<0.5,23.1,1.81,2026-10-09,https://www.sainsburys.co.uk/groceries/product/deli-express-british-roast-cooked-turkey-slices-x4-150g
deli-express-honey-roast-ham-225g,g,,513,122,4.8,1.8,<0.5,<0.5,<0.5,19.3,1.91,2026-10-09,https://www.sainsburys.co.uk/groceries/product/deli-express-honey-roast-ham-225g
deli-express-roast-cooked-british-beef-slices-x5-130g,g,,488,115,1.3,0.6,<0.5,<0.5,<0.5,25.7,0.44,2026-10-09,https://www.sainsburys.co.uk/groceries/product/deli-express-roast-cooked-british-beef-slices-x5-130g
denhay-dry-cured-smoked-back-bacon-200g,g,,999,240,17,,0.5,,0.6,21,2.6,2026-10-09,https://www.sainsburys.co.uk/groceries/product/denhay-dry-cured-smoked-back-bacon-200g
denhay-dry-cured-unsmoked-back-bacon-200g,g,,926,222,15,,0.5,,0.7,21,2.6,2026-10-09,https://www.sainsburys.co.uk/groceries/product/denhay-dry-cured-unsmoked-back-bacon-200g
diet-coke-cola-500ml-bottle,ml,,2,1,<0.1,<0.1,<0.1,<0.1,,<0.1,<0.1,2026-10-09,https://www.sainsburys.co.uk/groceries/product/diet-coke-cola-500ml-bottle
dr-pepper-500ml,ml,,74,18,<0.1,<0.1,4.3,4.3,,<0.1,<0.5,2026-10-09,https://www.sainsburys.co.uk/groceries/product/dr-pepper-500ml
ember-40g-lea-perrins-biltong,g,,1085,258,6.8,2.6,4.6,1.7,,45.4,3.7,2026-10-09,https://www.sainsburys.co.uk/groceries/product/ember-40g-lea-perrins-biltong
fage-950g-natural-low-fat-greek-recipe-total-2-strained-yoghurt,g,,293,70,2,1.3,3,3,,9.9,<0.5,2026-10-09,https://www.sainsburys.co.uk/groceries/product/fage-950g-natural-low-fat-greek-recipe-total-2-strained-yoghurt
fage-fruits-coconut-thick-smooth-strained-yoghurt-380g,g,,483,116,5.2,4,9.8,9.2,,7.3,<0.5,2026-10-09,https://www.sainsburys.co.uk/groceries/product/fage-fruits-coconut-thick-smooth-strained-yoghurt-380g
fage-fruits-mango-passion-fruit-strained-yoghurt-380g,g,,442,105,4,2.9,10,9.2,,7.3,<0.5,2026-10-09,https://www.sainsburys.co.uk/groceries/product/fage-fruits-mango-passion-fruit-strained-yoghurt-380g
fage-fruits-strawberry-strained-yoghurt-380g,g,,447,106,4,2.9,10.3,9.2,,7.3,<0.5,2026-10-09,https://www.sainsburys.co.uk/groceries/product/fage-fruits-strawberry-strained-yoghurt-380g
fage-total-0-fat-natural-fat-free-greek-recipe-strained-yoghurt-950g,g,,230,54,<0.1,<0.1,3,3,,10.3,<0.5,2026-10-09,https://www.sainsburys.co.uk/groceries/product/fage-total-0-fat-natural-fat-free-greek-recipe-strained-yoghurt-950g
fage-total-150g-0-fat-free-greek-recipe-strained-honey-yoghurt,g,,476,112,<0.1,,19.7,,<0.1,8.3,,2026-10-09,https://www.sainsburys.co.uk/groceries/product/fage-total-150g-0-fat-free-greek-recipe-strained-honey-yoghurt
fage-total-150g-0-fat-free-greek-recipe-strained-raspberry-pomegranate-yoghurt,g,,281,66,<0.1,<0.1,8.2,7.6,,8.3,<0.5,2026-10-09,https://www.sainsburys.co.uk/groceries/product/fage-total-150g-0-fat-free-greek-recipe-strained-raspberry-pomegranate-yoghurt
fage-total-150g-0-fat-natural-fat-free-greek-recipe-strained-yoghurt,g,,230,54,<0.1,<0.1,3,3,,10.3,<0.5,2026-10-09,https://www.sainsburys.co.uk/groceries/product/fage-total-150g-0-fat-natural-fat-free-greek-recipe-strained-yoghurt
fage-total-150g-5-fat-natural-greek-recipe-strained-yoghurt,g,,389,93,5,3.6,3,3,,9,<0.5,2026-10-09,https://www.sainsburys.co.uk/groceries/product/fage-total-150g-5-fat-natural-greek-recipe-strained-yoghurt
fage-total-5-fat-natural-greek-recipe-strained-yoghurt-450g,g,,389,93,5,3.6,3,3,,9,<0.5,2026-10-09,https://www.sainsburys.co.uk/groceries/product/fage-total-5-fat-natural-greek-recipe-strained-yoghurt-450g
fage-total-5-fat-natural-greek-recipe-strained-yoghurt-950g,g,,389,93,5,3.6,3,3,,9,<0.5,2026-10-09,https://www.sainsburys.co.uk/groceries/product/fage-total-5-fat-natural-greek-recipe-strained-yoghurt-950g
fage-trublend-150g-blueberry-yoghurt,g,,316,76,1.6,1,5,4.3,,8,<0.5,2026-10-09,https://www.sainsburys.co.uk/groceries/product/fage-trublend-150g-blueberry-yoghurt
fage-trublend-150g-strawberry-yoghurt,g,,326,78,1.6,1,5.2,4.3,,8,<0.5,2026-10-09,https://www.sainsburys.co.uk/groceries/product/fage-trublend-150g-strawberry-yoghurt
fanta-500ml-lemon-soft-drink,ml,,81,19,<0.1,<0.1,4.5,4.5,,<0.1,<0.5,2026-10-09,https://www.sainsburys.co.uk/groceries/product/fanta-500ml-lemon-soft-drink
finnebrogue-artisan-naked-bacon-6-unsmoked-back-bacon-rashers-200g,g,,1073,257,15.1,,1,,<0.5,29.4,3,2026-10-09,https://www.sainsburys.co.uk/groceries/product/finnebrogue-artisan-naked-bacon-6-unsmoked-back-bacon-rashers-200g
finnebrogue-naked-deli-ham-slices-x5-100g,g,,427,101,1.9,0.6,2.5,1.2,0.5,18.5,1.5,2026-10-09,https://www.sainsburys.co.uk/groceries/product/finnebrogue-naked-deli-ham-slices-x5-100g
finnebrogue-naked-pork-chipolatas-x12-340g,g,,941,227,18,,<0.5,,1.5,15.6,1.4,2026-10-09,https://www.sainsburys.co.uk/groceries/product/finnebrogue-naked-pork-chipolatas-x12-340g
finnebrogue-naked-pork-sausages-x6-400g,g,,941,227,18,,<0.5,,1.5,15.6,1.4,2026-10-09,https://www.sainsburys.co.uk/groceries/product/finnebrogue-naked-pork-sausages-x6-400g
finnebrogue-naked-smoked-back-bacon-rashers-x6-200g,g,,990,237,13,,1.1,,<0.5,28,2.8,2026-10-09,https://www.sainsburys.co.uk/groceries/product/finnebrogue-naked-smoked-back-bacon-rashers-x6-200g
finnebrogue-naked-smoked-streaky-bacon-rashers-x12-200g,g,,1097,264,19,,0.8,,<0.5,23,2.8,2026-10-09,https://www.sainsburys.co.uk/groceries/product/finnebrogue-naked-smoked-streaky-bacon-rashers-x12-200g
finnebrogue-naked-unsmoked-back-bacon-rashers-x6-200g,g,,1073,257,15.1,,1,,<0.5,29.4,3,2026-10-09,https://www.sainsburys.co.uk/groceries/product/finnebrogue-naked-unsmoked-back-bacon-rashers-x6-200g
fish-said-fred-2-x-coho-salmon-fillets-250g,g,pan fried,971,233,15.2,2.7,<0.5,<0.5,0.5,24.1,<0.5,2026-10-09,https://www.sainsburys.co.uk/groceries/product/fish-said-fred-2-x-coho-salmon-fillets-250g
for-goodness-shakes-high-protein-chocolate-flavour-shake-471ml,ml,,280,66,0.5,<0.5,5,,0.5,10.6,<0.5,2026-10-09,https://www.sainsburys.co.uk/groceries/product/for-goodness-shakes-high-protein-chocolate-flavour-shake-471ml
for-goodness-shakes-high-protein-strawberry-flavour-shake-471ml,ml,,283,67,0.5,,5.6,5.3,<0.1,10.6,<0.5,2026-10-09,https://www.sainsburys.co.uk/groceries/product/for-goodness-shakes-high-protein-strawberry-flavour-shake-471ml
fridge-raiders-45g-slow-roasted-chicken-snack-bites,g,,874,209,11,4.4,5.6,0.9,,21,1.5,2026-10-09,https://www.sainsburys.co.uk/groceries/product/fridge-raiders-45g-slow-roasted-chicken-snack-bites
fridge-raiders-45g-southern-style-chicken-bites,g,,923,221,14,3.8,4.2,1.1,,19,1.3,2026-10-09,https://www.sainsburys.co.uk/groceries/product/fridge-raiders-45g-southern-style-chicken-bites
fridge-raiders-5-x-45g-bigger-bags-slow-roasted-chicken-snack-bites,g,,874,209,11,2.1,5.6,0.9,,21,1.5,2026-10-09,https://www.sainsburys.co.uk/groceries/product/fridge-raiders-5-x-45g-bigger-bags-slow-roasted-chicken-snack-bites
fridge-raiders-5x-22-5g-slow-roasted-chicken-snack-bites,g,,794,190,10,2.5,3.2,1.1,,21,1.6,2026-10-09,https://www.sainsburys.co.uk/groceries/product/fridge-raiders-5x-22-5g-slow-roasted-chicken-snack-bites
fridge-raiders-frank-s-red-hot-45g-original-chicken-snack-bites,g,,806,193,11.2,2.3,4.5,0.7,,18.3,2.2,2026-10-09,https://www.sainsburys.co.uk/groceries/product/fridge-raiders-frank-s-red-hot-45g-original-chicken-snack-bites
fridge-raiders-frank-s-red-hot-5-x-45g-original-bigger-bags-chicken-snack-bites,g,,806,193,11.2,2.3,4.5,0.7,,18.3,2.2,2026-10-09,https://www.sainsburys.co.uk/groceries/product/fridge-raiders-frank-s-red-hot-5-x-45g-original-bigger-bags-chicken-snack-bites
fridge-raiders-frank-s-red-hot-70g-original-chicken-snack-bites,g,,806,193,11.2,2.3,4.5,0.7,,18.3,2.2,2026-10-09,https://www.sainsburys.co.uk/groceries/product/fridge-raiders-frank-s-red-hot-70g-original-chicken-snack-bites
fridge-raiders-slow-roasted-chicken-snack-bites-3x-22-5g,g,,794,190,10,2.5,3.2,1.1,,21,1.6,2026-10-09,https://www.sainsburys.co.uk/groceries/product/fridge-raiders-slow-roasted-chicken-snack-bites-3x-22-5g
fridge-raiders-slow-roasted-chicken-snack-bites-70g,g,,874,209,11,4.4,5.6,0.9,,21,1.5,2026-10-09,https://www.sainsburys.co.uk/groceries/product/fridge-raiders-slow-roasted-chicken-snack-bites-70g
fridge-raiders-smoky-bbq-chicken-snack-bites-3x22-5g,g,,813,194,9.9,2.1,6.7,2.2,,19,1,2026-10-09,https://www.sainsburys.co.uk/groceries/product/fridge-raiders-smoky-bbq-chicken-snack-bites-3x22-5g
fridge-raiders-southern-style-chicken-snack-bites-3x22-5g,g,,696,166,9.2,2.2,4.2,0.9,,17,1.3,2026-10-09,https://www.sainsburys.co.uk/groceries/product/fridge-raiders-southern-style-chicken-snack-bites-3x22-5g
fridge-raiders-southern-style-chicken-snack-bites-5x-22-5g,g,,696,166,9.2,2.2,4.2,0.9,,17,1.3,2026-10-09,https://www.sainsburys.co.uk/groceries/product/fridge-raiders-southern-style-chicken-snack-bites-5x-22-5g
fridge-raiders-southern-style-chicken-snack-bites-70g,g,,923,221,14,3.8,4.2,1.1,,19,1.3,2026-10-09,https://www.sainsburys.co.uk/groceries/product/fridge-raiders-southern-style-chicken-snack-bites-70g
fridge-raiders-variety-pack-chicken-snack-bites-7x22-5g,g,,696,166,9.2,2.2,4.2,0.9,,17,1.3,2026-10-09,https://www.sainsburys.co.uk/groceries/product/fridge-raiders-variety-pack-chicken-snack-bites-7x22-5g
frubes-kids-strawberry-yoghurt-tubes-9x37g,g,,370,88,2.7,1.8,11,9.9,,3.8,<0.5,2026-10-09,https://www.sainsburys.co.uk/groceries/product/frubes-kids-strawberry-yoghurt-tubes-9x37g
ginsters-100g-buffalo-chicken-pocket-limited-edition,g,,1157,277,16.8,8,23.5,1.2,1.5,7.2,1.3,2026-10-09,https://www.sainsburys.co.uk/groceries/product/ginsters-100g-buffalo-chicken-pocket-limited-edition
ginsters-130g-bbq-pork-sausage-roll-limited-edition,g,,1639,394,28.8,12.3,24.5,4.1,1.5,8.5,0.7,2026-10-09,https://www.sainsburys.co.uk/groceries/product/ginsters-130g-bbq-pork-sausage-roll-limited-edition
ginsters-2-x-sausage-rolls-200g,g,,1665,401,31.4,13.1,20.1,0.9,1.5,8.7,1.2,2026-10-09,https://www.sainsburys.co.uk/groceries/product/ginsters-2-x-sausage-rolls-200g
ginsters-large-sausage-roll-130g,g,,1534,369,26.8,11.5,21.8,0.9,1.6,9.3,1.1,2026-10-09,https://www.sainsburys.co.uk/groceries/product/ginsters-large-sausage-roll-130g
ginsters-sausage-roll-100g,g,,1665,401,31.4,13.1,20.1,0.9,1.5,8.7,1.2,2026-10-09,https://www.sainsburys.co.uk/groceries/product/ginsters-sausage-roll-100g
goatsbridge-eat-trout-pate-125g,g,,1648,399,39.1,7.4,0.9,0.5,,11.2,1.6,2026-10-09,https://www.sainsburys.co.uk/groceries/product/goatsbridge-eat-trout-pate-125g
goikoa-chorizo-de-navarra-200g,g,,2087,499,44,17,1,0.7,0.5,25,3.2,2026-10-09,https://www.sainsburys.co.uk/groceries/product/goikoa-chorizo-de-navarra-200g
goikoa-chorizo-extra-duroc-chorizo-ring-200g,g,,2037,492,43.2,15.7,0.85,0.85,,25.9,3,2026-10-09,https://www.sainsburys.co.uk/groceries/product/goikoa-chorizo-extra-duroc-chorizo-ring-200g
goikoa-crunchy-slices-of-serrano-ham-20g,g,,1777,423,17,5.9,0.5,0.5,,67,8.2,2026-10-09,https://www.sainsburys.co.uk/groceries/product/goikoa-crunchy-slices-of-serrano-ham-20g
golden-lion-aromatic-half-crispy-duck-with-hoisin-sauce-pancakes-570g,g,,993,237,11,2.9,20,7.2,0.7,15,0.8,2026-10-09,https://www.sainsburys.co.uk/groceries/product/golden-lion-aromatic-half-crispy-duck-with-hoisin-sauce-pancakes-570g
graham-s-protein-25g-high-protein-strawberry-yogurt-200g,g,,348,83,<0.5,,7.5,,,12.4,<0.5,2026-10-09,https://www.sainsburys.co.uk/groceries/product/graham-s-protein-25g-high-protein-strawberry-yogurt-200g
graham-s-the-family-dairy-high-protein-passion-fruit-mango-papaya-200g,g,,376,90,0.5,,8.9,,,12.4,<0.5,2026-10-09,https://www.sainsburys.co.uk/groceries/product/graham-s-the-family-dairy-high-protein-passion-fruit-mango-papaya-200g
gressingham-aromatic-whole-crispy-duck-1-2kg,g,,947,226,11,3.3,16,3,0.6,17,0.6,2026-10-09,https://www.sainsburys.co.uk/groceries/product/gressingham-aromatic-whole-crispy-duck-1-2kg
gressingham-bistro-style-duck-breasts-in-plum-sauce-400g,g,,808,193,11,3,8.4,8.2,0.5,16,0.7,2026-10-09,https://www.sainsburys.co.uk/groceries/product/gressingham-bistro-style-duck-breasts-in-plum-sauce-400g
gressingham-bistro-style-duck-legs-with-soy-bbq-sauce-520g,g,,786,189,12,3.4,5.9,5.3,1.1,14,1,2026-10-09,https://www.sainsburys.co.uk/groceries/product/gressingham-bistro-style-duck-legs-with-soy-bbq-sauce-520g
gressingham-bistro-style-duck-with-port-orange-530g,g,,703,169,11,3.2,2.2,1.6,0.5,15,0.7,2026-10-09,https://www.sainsburys.co.uk/groceries/product/gressingham-bistro-style-duck-with-port-orange-530g
gressingham-chinese-duck-pancakes-x12-115g,g,,1266,300,4.2,2.2,57,4.7,2,7.9,<0.5,2026-10-09,https://www.sainsburys.co.uk/groceries/product/gressingham-chinese-duck-pancakes-x12-115g
gressingham-corn-fed-poussin-500g-serves-2,g,cooked as per instructio,964,232,15,4.4,0.6,0.5,0.5,23,<0.5,2026-10-09,https://www.sainsburys.co.uk/groceries/product/gressingham-corn-fed-poussin-500g-serves-2
gressingham-crispy-aromatic-half-duck-540g,g,,968,231,9.3,2.4,20,7.1,0.9,16,0.8,2026-10-09,https://www.sainsburys.co.uk/groceries/product/gressingham-crispy-aromatic-half-duck-540g
gressingham-deliciously-simple-whole-duck-1-8kg,g,,939,226,18,5.4,0.5,0.5,0.5,16,<0.5,2026-10-09,https://www.sainsburys.co.uk/groceries/product/gressingham-deliciously-simple-whole-duck-1-8kg
gressingham-duck-breast-portions-250g,g,,908,219,17,5,0.7,0.5,0.5,16,<0.5,2026-10-09,https://www.sainsburys.co.uk/groceries/product/gressingham-duck-breast-portions-250g
gressingham-duck-fat-250g,g,,3384,892,99.2,30.9,0.5,0.5,0.5,0.5,0.5,2026-10-09,https://www.sainsburys.co.uk/groceries/product/gressingham-duck-fat-250g
gressingham-duck-livers-300g,g,,574,137,5.5,1.9,1.4,0.5,0.5,20,<0.5,2026-10-09,https://www.sainsburys.co.uk/groceries/product/gressingham-duck-livers-300g
gressingham-guinea-fowl,g,cooked as instructions,904,216,12.4,3.1,<0.5,<0.5,0.5,25.8,<0.5,2026-10-09,https://www.sainsburys.co.uk/groceries/product/gressingham-guinea-fowl
gressingham-spatchcock-poussin-with-salt-pepper-450g-serves-2,g,cooked as per instructio,884,212,13,6.2,0.5,0.5,0.5,23,0.6,2026-10-09,https://www.sainsburys.co.uk/groceries/product/gressingham-spatchcock-poussin-with-salt-pepper-450g-serves-2
happy-belly-158g-all-day-breakfast-scotch-egg,g,rams,1000,240,16.3,4.6,10.2,2.7,,13.1,0.7,2026-10-09,https://www.sainsburys.co.uk/groceries/product/happy-belly-158g-all-day-breakfast-scotch-egg
happy-belly-158g-cumberland-scotch-egg,g,rams,1041,250,16.7,4.6,12.8,2.1,,12,1.1,2026-10-09,https://www.sainsburys.co.uk/groceries/product/happy-belly-158g-cumberland-scotch-egg
harbour-salmon-co-100g-sweet-cured-smoked-salmon,g,,902,216,12.3,2.1,2.8,2.6,0.5,23.5,2.7,2026-10-09,https://www.sainsburys.co.uk/groceries/product/harbour-salmon-co-100g-sweet-cured-smoked-salmon
harbour-salmon-co-atlantic-salmon-fillets-x4-440g,g,pan fried,1034,251,17.3,2.9,1.2,0.5,0.5,22.3,<0.5,2026-10-09,https://www.sainsburys.co.uk/groceries/product/harbour-salmon-co-atlantic-salmon-fillets-x4-440g
harbour-salmon-co-salmon-fillet-infusions-lemon-herb-220g,g,oven cooked,914,218,12.2,2.1,5.5,0.8,0.5,21.7,0.7,2026-10-09,https://www.sainsburys.co.uk/groceries/product/harbour-salmon-co-salmon-fillet-infusions-lemon-herb-220g
harbour-salmon-co-smoked-salmon-with-lemon-pepper-100g,g,as consumed,749,179,8.9,1.6,1,0.5,0.5,23.9,3.8,2026-10-09,https://www.sainsburys.co.uk/groceries/product/harbour-salmon-co-smoked-salmon-with-lemon-pepper-100g
harbour-salmon-co-sweet-chilli-salmon-fillet-infusions-220g,g,oven cooked,978,235,15,2.5,2.8,1.3,0.5,21.1,<0.5,2026-10-09,https://www.sainsburys.co.uk/groceries/product/harbour-salmon-co-sweet-chilli-salmon-fillet-infusions-220g
heck-10-x-chicken-italia-sausages-660g,g,grilled,496,118,2.7,0.9,3.4,<0.1,,19,1.6,2026-10-09,https://www.sainsburys.co.uk/groceries/product/heck-10-x-chicken-italia-sausages-660g
heck-10-x-gluten-free-97-pork-sausages-660g,g,,1025,246,18,,<0.1,,,22,1.4,2026-10-09,https://www.sainsburys.co.uk/groceries/product/heck-10-x-gluten-free-97-pork-sausages-660g
heck-500g-chicken-italia-gluten-free-mince,g,panfried,486,115,2.4,0.7,3.9,<0.1,,19,1.5,2026-10-09,https://www.sainsburys.co.uk/groceries/product/heck-500g-chicken-italia-gluten-free-mince
heck-500g-simply-chicken-gluten-free-mince,g,panfried,509,121,2.9,0.8,4.3,<0.1,,19,1.4,2026-10-09,https://www.sainsburys.co.uk/groceries/product/heck-500g-simply-chicken-gluten-free-mince
heck-6-x-chicken-italia-gluten-free-sausage-rashers-300g,g,panfried,513,121,2.9,0.9,3.9,0.7,,20,1.6,2026-10-09,https://www.sainsburys.co.uk/groceries/product/heck-6-x-chicken-italia-gluten-free-sausage-rashers-300g
heck-97-pork-gluten-free-chipolata-sausages-pack-x10-340g,g,,1025,246,18,,<0.1,,,22,1.4,2026-10-09,https://www.sainsburys.co.uk/groceries/product/heck-97-pork-gluten-free-chipolata-sausages-pack-x10-340g
heck-97-pork-gluten-free-sausages-x6-400g,g,,1025,246,18,,<0.1,,,22,1.4,2026-10-09,https://www.sainsburys.co.uk/groceries/product/heck-97-pork-gluten-free-sausages-x6-400g
heck-97-smoky-pork-gluten-free-sausage-rashers-x6-300g,g,,613,146,7.3,,<0.1,,,20,1.3,2026-10-09,https://www.sainsburys.co.uk/groceries/product/heck-97-smoky-pork-gluten-free-sausage-rashers-x6-300g
heck-chicken-italia-gluten-free-chipolata-sausages-x10-340g,g,,496,118,2.7,,3.4,,,19,1.6,2026-10-09,https://www.sainsburys.co.uk/groceries/product/heck-chicken-italia-gluten-free-chipolata-sausages-x10-340g
heck-simply-chicken-gluten-free-chipolata-sausages-x10-340g,g,,546,130,2.9,,5.6,,,20,1.7,2026-10-09,https://www.sainsburys.co.uk/groceries/product/heck-simply-chicken-gluten-free-chipolata-sausages-x10-340g
heck-smoky-chicken-gluten-free-sausage-rashers-x6-300g,g,,537,127,2.7,,2.6,,,23,1.5,2026-10-09,https://www.sainsburys.co.uk/groceries/product/heck-smoky-chicken-gluten-free-sausage-rashers-x6-300g
herta-chicken-frankfurter-hot-dogs-x10-350g,g,,863,207,15,,2.1,,0.5,16,1.8,2026-10-09,https://www.sainsburys.co.uk/groceries/product/herta-chicken-frankfurter-hot-dogs-x10-350g
herta-frankfurter-hot-dogs-x10-350g,g,,1116,270,23.5,,1.2,,0.5,11.8,1.7,2026-10-09,https://www.sainsburys.co.uk/groceries/product/herta-frankfurter-hot-dogs-x10-350g
herta-frankfurter-hot-dogs-x4-140g,g,,1116,270,23.5,,1.2,,0.5,11.8,1.7,2026-10-09,https://www.sainsburys.co.uk/groceries/product/herta-frankfurter-hot-dogs-x4-140g
herta-jumbo-frankfurter-hot-dogs-x4-360g,g,,1133,274,25,,0.5,,0.5,12,1.6,2026-10-09,https://www.sainsburys.co.uk/groceries/product/herta-jumbo-frankfurter-hot-dogs-x4-360g
higgidy-130g-extra-mature-cheddar-caramelised-onion-chutney-roll,g,,1413,339,20.4,11.7,26.9,2.6,2.1,10.8,1,2026-10-09,https://www.sainsburys.co.uk/groceries/product/higgidy-130g-extra-mature-cheddar-caramelised-onion-chutney-roll
higgidy-130g-extra-mature-cheddar-spinach-mini-muffins,g,,846,202,9,3.6,15.9,2.5,3.6,12.5,1.6,2026-10-09,https://www.sainsburys.co.uk/groceries/product/higgidy-130g-extra-mature-cheddar-spinach-mini-muffins
higgidy-130g-extra-mature-cheddar-spring-onion-savoury-scone-bites,g,,1038,248,11.5,3.3,26.7,3.3,1.6,8.6,1.4,2026-10-09,https://www.sainsburys.co.uk/groceries/product/higgidy-130g-extra-mature-cheddar-spring-onion-savoury-scone-bites
higgidy-130g-great-british-pork-onion-sausage-roll,g,,1569,377,25.2,11.4,26.8,2.1,1.8,9.8,1.3,2026-10-09,https://www.sainsburys.co.uk/groceries/product/higgidy-130g-great-british-pork-onion-sausage-roll
higgidy-155g-greek-feta-marinated-tomato-frittata,g,,594,142,6.1,2.7,12.4,3.9,1.9,8.7,0.8,2026-10-09,https://www.sainsburys.co.uk/groceries/product/higgidy-155g-greek-feta-marinated-tomato-frittata
higgidy-beechwood-smoked-ham-hock-mature-cheddar-sausage-rolls-160g,g,,1585,380,24.1,12.9,29.3,0.7,1.8,10.8,1.6,2026-10-09,https://www.sainsburys.co.uk/groceries/product/higgidy-beechwood-smoked-ham-hock-mature-cheddar-sausage-rolls-160g
higgidy-cypriot-halloumi-hot-honey-rolls-x6-160g,g,,1385,331,17.5,10.5,34.4,6.5,2.2,8.1,1.8,2026-10-09,https://www.sainsburys.co.uk/groceries/product/higgidy-cypriot-halloumi-hot-honey-rolls-x6-160g
higgidy-great-british-pork-onion-sausage-rolls-160g,g,,1617,388,24.9,12.4,30.5,1.8,1.9,9.5,1.5,2026-10-09,https://www.sainsburys.co.uk/groceries/product/higgidy-great-british-pork-onion-sausage-rolls-160g
higgidy-ham-hock-cheddar-sausage-rolls-54g,g,,1585,380,24.1,12.9,29.3,0.7,1.8,10.8,1.6,2026-10-09,https://www.sainsburys.co.uk/groceries/product/higgidy-ham-hock-cheddar-sausage-rolls-54g
highland-game-300g-cumberland-venison-sausages,g,,776,186,10.8,,6.1,,,15.5,1.5,2026-10-09,https://www.sainsburys.co.uk/groceries/product/highland-game-300g-cumberland-venison-sausages
highland-game-venison-grillsteaks-300g,g,,550,131,5.5,2.5,3.4,<0.5,0.5,17,1.5,2026-10-09,https://www.sainsburys.co.uk/groceries/product/highland-game-venison-grillsteaks-300g
holy-moly-75g-breakfast-avocado-dip-toast,g,,1010,247,16,3.3,18,0.9,5.8,4.1,0.9,2026-10-09,https://www.sainsburys.co.uk/groceries/product/holy-moly-75g-breakfast-avocado-dip-toast
homecooks-390g-chargrilled-chicken-shawarma,g,,483,115,3.1,0.7,13,5,,12,0.5,2026-10-09,https://www.sainsburys.co.uk/groceries/product/homecooks-390g-chargrilled-chicken-shawarma
homecooks-400g-slow-braised-turkey-meatballs,g,,631,150,6.5,2.1,11,1.5,,12,0.6,2026-10-09,https://www.sainsburys.co.uk/groceries/product/homecooks-400g-slow-braised-turkey-meatballs
homecooks-440g-grilled-chicken-teriyaki,g,,449,108,3.6,0.6,11,5.2,,8.3,0.9,2026-10-09,https://www.sainsburys.co.uk/groceries/product/homecooks-440g-grilled-chicken-teriyaki
humza-signature-hot-spicy-chicken-wings-600g,g,,748,179,10,3,5,3.7,0.5,17,1.3,2026-10-09,https://www.sainsburys.co.uk/groceries/product/humza-signature-hot-spicy-chicken-wings-600g
ib-rica-150g-ib-rico-cured-meats-selection,g,,984,235,12,,0.8,,1,31,3.1,2026-10-09,https://www.sainsburys.co.uk/groceries/product/ib-rica-150g-ib-rico-cured-meats-selection
ib-rica-50g-jam-n-ib-rico-cebo-de-campo,g,,984,235,12,6,0.8,0.5,1,31,3.1,2026-10-09,https://www.sainsburys.co.uk/groceries/product/ib-rica-50g-jam-n-ib-rico-cebo-de-campo
ib-rica-50g-jam-n-ib-rico-de-bellota,g,,1269,303,17,5.2,1,0.6,1,36.5,3.9,2026-10-09,https://www.sainsburys.co.uk/groceries/product/ib-rica-50g-jam-n-ib-rico-de-bellota
irn-bru-soft-drink-500ml,ml,,80,19,<0.1,<0.1,4.5,4.5,,0.5,<0.5,2026-10-09,https://www.sainsburys.co.uk/groceries/product/irn-bru-soft-drink-500ml
jacob-s-mini-cheddars-original-crisps-45g,g,,2134,511,28.6,14.4,51.5,4.6,2.6,10.3,2.4,2026-10-09,https://www.sainsburys.co.uk/groceries/product/jacob-s-mini-cheddars-original-crisps-45g
jahan-premium-peri-peri-chicken-fillet-strips-500g,g,,885,210,6.8,0.8,20.5,1.4,,16.2,0.9,2026-10-09,https://www.sainsburys.co.uk/groceries/product/jahan-premium-peri-peri-chicken-fillet-strips-500g
juice-burst-500ml-simply-apple-drink,ml,,173,41,0.5,<0.5,9.7,9.4,,0.5,<0.5,2026-10-09,https://www.sainsburys.co.uk/groceries/product/juice-burst-500ml-simply-apple-drink
krakus-270g-hunters-sausage,g,,1157,278,20,,0.5,,,24,3.3,2026-10-09,https://www.sainsburys.co.uk/groceries/product/krakus-270g-hunters-sausage
krakus-90g-pork-ham,g,,809,194,13,5.1,<0.5,<0.5,,19,2.2,2026-10-09,https://www.sainsburys.co.uk/groceries/product/krakus-90g-pork-ham
krakus-podwawelska-sausage-520g,g,,992,239,19,7.5,2,0.6,,15,2.1,2026-10-09,https://www.sainsburys.co.uk/groceries/product/krakus-podwawelska-sausage-520g
l-oasis-de-djerba-halal-turkey-salami-80g,g,,1198,287,18,6.6,4.3,3.4,1.3,26.1,4.2,2026-10-09,https://www.sainsburys.co.uk/groceries/product/l-oasis-de-djerba-halal-turkey-salami-80g
lancashire-farm-125g-greek-style-strawberry-yoghurt,g,,524,126,7.9,4.9,10.7,9.9,0.5,2.9,<0.5,2026-10-09,https://www.sainsburys.co.uk/groceries/product/lancashire-farm-125g-greek-style-strawberry-yoghurt
lancashire-farm-125g-greek-style-vanilla-yoghurt,g,,551,132,7.4,4.6,13.8,11.2,0.5,2.5,<0.5,2026-10-09,https://www.sainsburys.co.uk/groceries/product/lancashire-farm-125g-greek-style-vanilla-yoghurt
lancashire-farm-greek-style-fat-free-yogurt-1kg,g,,243,57,<0.5,<0.5,5.3,4.2,0.5,8.1,<0.5,2026-10-09,https://www.sainsburys.co.uk/groceries/product/lancashire-farm-greek-style-fat-free-yogurt-1kg
leap-wild-220g-keta-salmon-fillets,g,as consumed pan fried,598,142,4.2,0.7,<0.5,<0.5,0.7,25.6,<0.5,2026-10-09,https://www.sainsburys.co.uk/groceries/product/leap-wild-220g-keta-salmon-fillets
leap-wild-400g-sockeye-salmon,g,as consumed pan fried,679,162,6.9,1.2,<0.5,<0.5,0.5,24.9,<0.5,2026-10-09,https://www.sainsburys.co.uk/groceries/product/leap-wild-400g-sockeye-salmon
light-free-peach-passion-fruit-0-added-sugar-fat-free-yogurt-4x115g,g,,198,47,<0.5,<0.1,7,,<0.5,4.3,<0.5,2026-10-09,https://www.sainsburys.co.uk/groceries/product/light-free-peach-passion-fruit-0-added-sugar-fat-free-yogurt-4x115g
light-free-strawberry-greek-style-0-added-sugar-fat-free-yogurt-4x115g,g,,204,48,<0.5,<0.1,6.9,,1.9,4,<0.5,2026-10-09,https://www.sainsburys.co.uk/groceries/product/light-free-strawberry-greek-style-0-added-sugar-fat-free-yogurt-4x115g
lindahls-150g-protein-immunity-strawberry-flavour-yoghurt,g,,257,61,<0.5,,3,,,12,<0.5,2026-10-09,https://www.sainsburys.co.uk/groceries/product/lindahls-150g-protein-immunity-strawberry-flavour-yoghurt
lipton-ice-tea-lemon-500ml,ml,,55,13,<0.1,<0.1,3.1,3,,<0.1,<0.5,2026-10-09,https://www.sainsburys.co.uk/groceries/product/lipton-ice-tea-lemon-500ml
lipton-ice-tea-peach-flavoured-still-soft-drink-500ml,ml,,56,13,<0.1,<0.1,3.1,3,,<0.1,<0.5,2026-10-09,https://www.sainsburys.co.uk/groceries/product/lipton-ice-tea-peach-flavoured-still-soft-drink-500ml
love-corn-salt-vinegar-crunchy-corn-snack-45g,g,,1793,426,12.7,,67,0.5,9.4,7.9,1.1,2026-10-09,https://www.sainsburys.co.uk/groceries/product/love-corn-salt-vinegar-crunchy-corn-snack-45g
m-ller-bliss-baileys-whipped-greek-style-flavour-yogurt-limited-edition,g,,733,175,8,5.1,20.8,18.5,,4.8,<0.5,2026-10-09,https://www.sainsburys.co.uk/groceries/product/m-ller-bliss-baileys-whipped-greek-style-flavour-yogurt-limited-edition
m-ller-bliss-mascarpone-white-chocolate-raspberry-amaretto-yogurt-4-x-100g,g,,503,120,4.8,2.7,15.3,13.4,,3.3,<0.5,2026-10-09,https://www.sainsburys.co.uk/groceries/product/m-ller-bliss-mascarpone-white-chocolate-raspberry-amaretto-yogurt-4-x-100g
m-ller-bliss-whipped-greek-yogurt-with-lemon-meringue-pie,g,,742,177,7.5,4.9,22.1,20.3,,4.5,<0.5,2026-10-09,https://www.sainsburys.co.uk/groceries/product/m-ller-bliss-whipped-greek-yogurt-with-lemon-meringue-pie
m-ller-corner-124g-flipz-yoghurt,g,,568,136,3.4,1.9,19.3,15.7,,5.1,<0.5,2026-10-09,https://www.sainsburys.co.uk/groceries/product/m-ller-corner-124g-flipz-yoghurt
m-ller-corner-124g-jaffa-cakes-yoghurt,g,,612,147,4.4,3,21,17.1,,3.9,<0.5,2026-10-09,https://www.sainsburys.co.uk/groceries/product/m-ller-corner-124g-jaffa-cakes-yoghurt
m-ller-corner-124g-oreo-yoghurt,g,,529,125,3,1.3,19,15.5,,4.9,<0.5,2026-10-09,https://www.sainsburys.co.uk/groceries/product/m-ller-corner-124g-oreo-yoghurt
m-ller-corner-4-x-gingerbread-men-chocolate-biscuits-yogurts-limited-edition-124g,g,,523,124,3.2,2,18.1,14.6,,4.9,<0.5,2026-10-09,https://www.sainsburys.co.uk/groceries/product/m-ller-corner-4-x-gingerbread-men-chocolate-biscuits-yogurts-limited-edition-124g
m-ller-corner-chocolate-digestive-strawberry-shortcake-yogurts-6x124g,g,,623,148,5.6,3.1,19.3,15.7,,4.5,<0.5,2026-10-09,https://www.sainsburys.co.uk/groceries/product/m-ller-corner-chocolate-digestive-strawberry-shortcake-yogurts-6x124g
m-ller-corner-mixed-red-fruits-yogurts-6x136g,g,,464,110,3.8,2.5,13.8,13.1,,4.3,<0.5,2026-10-09,https://www.sainsburys.co.uk/groceries/product/m-ller-corner-mixed-red-fruits-yogurts-6x136g
m-ller-corner-red-cherry-yogurt-136g,g,,464,110,3.9,2.5,13.8,13.1,,4.3,<0.5,2026-10-09,https://www.sainsburys.co.uk/groceries/product/m-ller-corner-red-cherry-yogurt-136g
m-ller-corner-strawberry-peach-apricot-yogurts-6x136g,g,,440,105,3.9,2.5,12.4,11.9,,4.3,<0.5,2026-10-09,https://www.sainsburys.co.uk/groceries/product/m-ller-corner-strawberry-peach-apricot-yogurts-6x136g
m-ller-corner-strawberry-yogurt-136g,g,,440,105,3.9,2.5,12.4,11.9,,4.3,<0.5,2026-10-09,https://www.sainsburys.co.uk/groceries/product/m-ller-corner-strawberry-yogurt-136g
m-ller-corner-vanilla-chocolate-balls-banana-chocolate-flakes-yogurts-6x124g,g,,580,138,5,3.1,18.1,16,,4.4,<0.5,2026-10-09,https://www.sainsburys.co.uk/groceries/product/m-ller-corner-vanilla-chocolate-balls-banana-chocolate-flakes-yogurts-6x124g
m-ller-corner-vanilla-yogurt-with-chocolate-balls-124g,g,,580,138,5,3.1,18.1,16,,4.4,<0.5,2026-10-09,https://www.sainsburys.co.uk/groceries/product/m-ller-corner-vanilla-yogurt-with-chocolate-balls-124g
m-ller-light-170g-low-fat-greek-style-yogurt-mango-passion-fruit-compote-with-granola,g,,484,115,2,0.5,16.2,10.9,,6.1,<0.5,2026-10-09,https://www.sainsburys.co.uk/groceries/product/m-ller-light-170g-low-fat-greek-style-yogurt-mango-passion-fruit-compote-with-granola
m-ller-light-170g-low-fat-greek-style-yogurt-strawberry-raspberry-compote-with-granola,g,,478,113,1.6,<0.5,16.7,10.8,,6,<0.5,2026-10-09,https://www.sainsburys.co.uk/groceries/product/m-ller-light-170g-low-fat-greek-style-yogurt-strawberry-raspberry-compote-with-granola
m-ller-light-fat-free-cherry-yogurt-160g,g,,205,48,<0.5,<0.5,6.9,6.4,,4.3,<0.5,2026-10-09,https://www.sainsburys.co.uk/groceries/product/m-ller-light-fat-free-cherry-yogurt-160g
m-ller-light-fat-free-smooth-toffee-yogurt-160g,g,,218,51,<0.5,<0.5,7.9,7.1,,4.1,<0.5,2026-10-09,https://www.sainsburys.co.uk/groceries/product/m-ller-light-fat-free-smooth-toffee-yogurt-160g
m-ller-light-fat-free-strawberry-yogurt-160g,g,,218,51,<0.5,<0.5,7.8,7.1,,4.2,<0.5,2026-10-09,https://www.sainsburys.co.uk/groceries/product/m-ller-light-fat-free-strawberry-yogurt-160g
m-ller-light-fat-free-yogurt-limited-edition-160g,g,,207,49,<0.5,<0.5,6.6,5.5,,4.7,<0.5,2026-10-09,https://www.sainsburys.co.uk/groceries/product/m-ller-light-fat-free-yogurt-limited-edition-160g
m-ller-light-greek-style-coconut-with-a-hint-of-vanilla-yogurt-4x115g,g,,266,63,0.5,<0.5,7.5,6.7,,6.3,<0.5,2026-10-09,https://www.sainsburys.co.uk/groceries/product/m-ller-light-greek-style-coconut-with-a-hint-of-vanilla-yogurt-4x115g
m-ller-light-greek-style-luscious-lemon-yogurt-4x115g,g,,255,60,<0.5,<0.5,7.5,6.8,,6.3,<0.5,2026-10-09,https://www.sainsburys.co.uk/groceries/product/m-ller-light-greek-style-luscious-lemon-yogurt-4x115g
m-ller-light-greek-style-sublime-strawberry-yogurt-4x115g,g,,262,62,<0.5,<0.5,7.8,7.2,,6.4,<0.5,2026-10-09,https://www.sainsburys.co.uk/groceries/product/m-ller-light-greek-style-sublime-strawberry-yogurt-4x115g
m-ller-myprotein-210g-blueberry-protein-yoghurt,g,,290,68,<0.5,<0.5,5.7,3.2,,9.7,<0.5,2026-10-09,https://www.sainsburys.co.uk/groceries/product/m-ller-myprotein-210g-blueberry-protein-yoghurt
m-ller-myprotein-210g-strawberry-protein-yoghurt,g,,289,68,<0.5,<0.5,5.7,3.1,,9.6,<0.5,2026-10-09,https://www.sainsburys.co.uk/groceries/product/m-ller-myprotein-210g-strawberry-protein-yoghurt
m-ller-myprotein-210g-vanilla-flavour-yoghurt,g,,294,69,<0.5,<0.5,5.9,2.9,,9.7,<0.5,2026-10-09,https://www.sainsburys.co.uk/groceries/product/m-ller-myprotein-210g-vanilla-flavour-yoghurt
m-ller-myprotein-high-protein-strawberry-yogurt-with-granola,g,,514,121,1.5,<0.5,14.7,9.5,,11.2,<0.5,2026-10-09,https://www.sainsburys.co.uk/groceries/product/m-ller-myprotein-high-protein-strawberry-yogurt-with-granola
m-ller-myprotein-high-protein-vanilla-yogurt-with-chocolate-balls,g,,521,123,2.1,1.3,14,11.6,,11.4,<0.5,2026-10-09,https://www.sainsburys.co.uk/groceries/product/m-ller-myprotein-high-protein-vanilla-yogurt-with-chocolate-balls
m-ller-rice-high-protein-vanilla-dessert-180g,g,,426,100,2.3,1.4,12.1,5.9,,7.7,<0.5,2026-10-09,https://www.sainsburys.co.uk/groceries/product/m-ller-rice-high-protein-vanilla-dessert-180g
m-ller-x-myprotein-140g-cookies-cream-mixers-yogurt,g,,396,94,1.9,1.2,7.1,2.6,,11,<0.5,2026-10-09,https://www.sainsburys.co.uk/groceries/product/m-ller-x-myprotein-140g-cookies-cream-mixers-yogurt
m-ller-x-myprotein-140g-strawberries-cream-mixers-yogurt,g,,403,95,1.9,1.2,7.5,2.9,,11,<0.5,2026-10-09,https://www.sainsburys.co.uk/groceries/product/m-ller-x-myprotein-140g-strawberries-cream-mixers-yogurt
m-ller-x-myprotein-150g-banana-split-mixers-yogurt,g,,435,103,2.8,1.7,7.4,3.9,,11.3,<0.5,2026-10-09,https://www.sainsburys.co.uk/groceries/product/m-ller-x-myprotein-150g-banana-split-mixers-yogurt
mac-b-lemon-lime-water-sugar-free-500ml,ml,,4,1,<0.1,<0.1,<0.1,<0.1,,<0.1,<0.5,2026-10-09,https://www.sainsburys.co.uk/groceries/product/mac-b-lemon-lime-water-sugar-free-500ml
mac-b-strawberry-kiwi-water-sugar-free-500ml,ml,,4,1,<0.1,<0.1,<0.1,<0.1,,<0.1,<0.5,2026-10-09,https://www.sainsburys.co.uk/groceries/product/mac-b-strawberry-kiwi-water-sugar-free-500ml
macsween-haggis-400g,g,,1135,273,18.7,,14.7,,,10,1.9,2026-10-09,https://www.sainsburys.co.uk/groceries/product/macsween-haggis-400g
madej-wrobel-polish-white-sausage-map-500g,g,,1067,258,22,,1.9,,,13,2.4,2026-10-09,https://www.sainsburys.co.uk/groceries/product/madej-wrobel-polish-white-sausage-map-500g
madeo-calabrini-hot-salami-snack-70g,g,,1735,418,33,13,0.9,<0.1,,30,4,2026-10-09,https://www.sainsburys.co.uk/groceries/product/madeo-calabrini-hot-salami-snack-70g
madeo-italian-spicy-pancetta-250g,g,,2494,604,60,20,1.2,0.5,0.5,15,3.3,2026-10-09,https://www.sainsburys.co.uk/groceries/product/madeo-italian-spicy-pancetta-250g
madeo-spicy-salsiccia-with-calabrian-chilli-pepper-170g,g,,1671,403,33,13,0.55,0.55,0.55,27,3.8,2026-10-09,https://www.sainsburys.co.uk/groceries/product/madeo-spicy-salsiccia-with-calabrian-chilli-pepper-170g
mattessons-4-x-beechwood-smoked-gourmet-hot-dogs-280g,g,,1175,284,24,9.5,2.5,1.6,,14,2,2026-10-09,https://www.sainsburys.co.uk/groceries/product/mattessons-4-x-beechwood-smoked-gourmet-hot-dogs-280g
mattessons-4-x-chilli-cheese-gourmet-hot-dogs-260g,g,,1079,260,21,8.6,2.1,1.7,,16,2,2026-10-09,https://www.sainsburys.co.uk/groceries/product/mattessons-4-x-chilli-cheese-gourmet-hot-dogs-260g
mattessons-smoked-pork-sausage-original-160g,g,,1233,298,26,,1.5,,,15,1.9,2026-10-09,https://www.sainsburys.co.uk/groceries/product/mattessons-smoked-pork-sausage-original-160g
mattessons-smoked-pork-sausage-original-260g,g,,1233,298,26,,1.5,,,13,1.9,2026-10-09,https://www.sainsburys.co.uk/groceries/product/mattessons-smoked-pork-sausage-original-260g
mattessons-smoked-pork-sausage-reduced-fat-160g,g,contains,1002,241,18,7.4,4.2,1.6,,16,2,2026-10-09,https://www.sainsburys.co.uk/groceries/product/mattessons-smoked-pork-sausage-reduced-fat-160g
mattessons-smoked-turkey-rashers-lightly-x6-150g,g,,491,116,1.6,,1.2,,,24.2,2.5,2026-10-09,https://www.sainsburys.co.uk/groceries/product/mattessons-smoked-turkey-rashers-lightly-x6-150g
mattessons-unsmoked-turkey-rashers-x6-150g,g,,493,117,2.1,,1.2,,,23.2,2.2,2026-10-09,https://www.sainsburys.co.uk/groceries/product/mattessons-unsmoked-turkey-rashers-x6-150g
mccoy-s-salt-malt-vinegar-grab-bag-crisps-45g,g,,2210,529,31,2.5,54,1.9,3.9,6.5,2.1,2026-10-09,https://www.sainsburys.co.uk/groceries/product/mccoy-s-salt-malt-vinegar-grab-bag-crisps-45g
mccoy-s-thai-sweet-chicken-grab-bag-crisps-45g,g,,2192,525,30,2.4,54,3.2,4.1,6.7,1.3,2026-10-09,https://www.sainsburys.co.uk/groceries/product/mccoy-s-thai-sweet-chicken-grab-bag-crisps-45g
milkybar-white-chocolate-mousse-4x55g,g,,534,127,4,,17.6,,,4.9,<0.5,2026-10-09,https://www.sainsburys.co.uk/groceries/product/milkybar-white-chocolate-mousse-4x55g
montagne-noire-dry-cured-sausage-200g,g,,1917,462,36,,5.4,,,29,4.6,2026-10-09,https://www.sainsburys.co.uk/groceries/product/montagne-noire-dry-cured-sausage-200g
morliny-100g-farmer-s-sausage-slices,g,,572,136,5.2,,<0.5,,,22,2.2,2026-10-09,https://www.sainsburys.co.uk/groceries/product/morliny-100g-farmer-s-sausage-slices
morliny-80g-sliced-krakowska-sausage-slices,g,,887,212,11,4.1,<0.5,<0.1,,28,3.4,2026-10-09,https://www.sainsburys.co.uk/groceries/product/morliny-80g-sliced-krakowska-sausage-slices
morliny-frankfurters-350g,g,,1217,297,25,10,3.2,0.6,,14,2.1,2026-10-09,https://www.sainsburys.co.uk/groceries/product/morliny-frankfurters-350g
morliny-sliced-sopocka-loin-100g,g,,420,100,2.9,1,<0.5,<0.5,,18,2.7,2026-10-09,https://www.sainsburys.co.uk/groceries/product/morliny-sliced-sopocka-loin-100g
mowi-scottish-salmon-fillets-230g,g,oven cooked,1006,241,15.5,2.7,0.5,0.5,0.5,25.1,<0.5,2026-10-09,https://www.sainsburys.co.uk/groceries/product/mowi-scottish-salmon-fillets-230g
mr-crumb-225g-sage-onion-stuffing-tray,g,,1037,248,11.4,,30.1,,2.7,4.8,1.5,2026-10-09,https://www.sainsburys.co.uk/groceries/product/mr-crumb-225g-sage-onion-stuffing-tray
muller-bliss-mascarpone-cherry-yogurt-4x110g,g,,494,118,4.7,3,15,12.9,,3.3,<0.5,2026-10-09,https://www.sainsburys.co.uk/groceries/product/muller-bliss-mascarpone-cherry-yogurt-4x110g
muller-corner-136g-tropical-fruits-yogurt-limited-edition,g,,460,109,2,1,18.3,17.4,,3.8,<0.5,2026-10-09,https://www.sainsburys.co.uk/groceries/product/muller-corner-136g-tropical-fruits-yogurt-limited-edition
muller-corner-banana-yogurt-with-chocolate-flakes-124g,g,,572,136,4.8,3,18,15.2,,4.5,<0.5,2026-10-09,https://www.sainsburys.co.uk/groceries/product/muller-corner-banana-yogurt-with-chocolate-flakes-124g
muller-corner-bliss-cheesecake-inspired-whipped-greek-style-salted-caramel-yogurt-4x100g,g,,758,181,8,4.3,21.7,15.7,,4.8,<0.5,2026-10-09,https://www.sainsburys.co.uk/groceries/product/muller-corner-bliss-cheesecake-inspired-whipped-greek-style-salted-caramel-yogurt-4x100g
muller-corner-toffee-yogurt-with-chocolate-hoops-124g,g,,605,144,5.2,3.3,19.1,16.8,,4.5,<0.5,2026-10-09,https://www.sainsburys.co.uk/groceries/product/muller-corner-toffee-yogurt-with-chocolate-hoops-124g
munch-bunch-double-up-fromage-frais-strawberry-vanilla-4x85g,g,,391,93,2.7,,11.4,,,5.1,<0.5,2026-10-09,https://www.sainsburys.co.uk/groceries/product/munch-bunch-double-up-fromage-frais-strawberry-vanilla-4x85g
musk-s-original-pork-sausages-x6-384g,g,,965,232,14.4,,7.7,,1,16.3,1.9,2026-10-09,https://www.sainsburys.co.uk/groceries/product/musk-s-original-pork-sausages-x6-384g
najma-halal-chicken-sausages-smoked-400g,g,,747,181,12,3.3,2.1,<0.5,1.9,14.7,2.1,2026-10-09,https://www.sainsburys.co.uk/groceries/product/najma-halal-chicken-sausages-smoked-400g
najma-halal-mini-chicken-sausages-smoked-400g,g,,743,180,12,3.2,2.3,<0.5,1.9,14.7,2.1,2026-10-09,https://www.sainsburys.co.uk/groceries/product/najma-halal-mini-chicken-sausages-smoked-400g
najma-halal-sliced-chicken-breast-150g,g,,600,144,7.8,2,1.7,0.5,2.3,16,1.9,2026-10-09,https://www.sainsburys.co.uk/groceries/product/najma-halal-sliced-chicken-breast-150g
najma-sliced-turkey-breast-150g,g,,550,131,5,1,0.7,0.7,0.5,20,2.1,2026-10-09,https://www.sainsburys.co.uk/groceries/product/najma-sliced-turkey-breast-150g
najma-spanish-selection-deli-style-120g,g,,1151,276,17,6.4,3.6,2.5,0.8,26.1,4.3,2026-10-09,https://www.sainsburys.co.uk/groceries/product/najma-spanish-selection-deli-style-120g
new-england-seafood-210g-sea-bass-fillets,g,as consumed,789,189,9.8,1.9,<0.5,<0.5,0.6,25,<0.5,2026-10-09,https://www.sainsburys.co.uk/groceries/product/new-england-seafood-210g-sea-bass-fillets
new-england-seafood-wild-cod-fillets-x2-220g,g,as consumed,401,95,<0.5,<0.5,<0.5,<0.5,0.7,22.9,<0.5,2026-10-09,https://www.sainsburys.co.uk/groceries/product/new-england-seafood-wild-cod-fillets-x2-220g
nik-naks-nice-n-spicy-grab-bag-crisps-45g,g,,2361,566,36,3.3,53,4.3,0.5,6.1,1.8,2026-10-09,https://www.sainsburys.co.uk/groceries/product/nik-naks-nice-n-spicy-grab-bag-crisps-45g
nomadic-169g-double-choc-yogurt-oat-clusters,g,,776,185,6.7,1.9,27,11,1.5,5.1,<0.5,2026-10-09,https://www.sainsburys.co.uk/groceries/product/nomadic-169g-double-choc-yogurt-oat-clusters
nomadic-190g-chocolate-brownie-power-pot,g,,589,140,2.7,0.9,18.9,10.3,,10.6,<0.5,2026-10-09,https://www.sainsburys.co.uk/groceries/product/nomadic-190g-chocolate-brownie-power-pot
oakpark-naturally-smoked-turkey-breast-rashers-x6-150g,g,,418,99,1.2,,0.5,,0.5,22,1.9,2026-10-09,https://www.sainsburys.co.uk/groceries/product/oakpark-naturally-smoked-turkey-breast-rashers-x6-150g
oakpark-smoked-lean-bacon-lardons-130g,g,,545,130,6.2,2.5,1.9,1.5,0.5,16.5,2.6,2026-10-09,https://www.sainsburys.co.uk/groceries/product/oakpark-smoked-lean-bacon-lardons-130g
oakpark-smoked-lean-bacon-medallions-x6-170g,g,,604,144,6.2,,1.1,,0.5,21,2.6,2026-10-09,https://www.sainsburys.co.uk/groceries/product/oakpark-smoked-lean-bacon-medallions-x6-170g
oakpark-super-thin-cut-american-style-bacon-rashers-x16-170g,g,,839,202,15.9,,0.5,,0.5,14.3,2.7,2026-10-09,https://www.sainsburys.co.uk/groceries/product/oakpark-super-thin-cut-american-style-bacon-rashers-x16-170g
oakpark-unsmoked-lean-bacon-medallions-x6-170g,g,,566,135,5.5,,0.9,,0.5,20.2,2.6,2026-10-09,https://www.sainsburys.co.uk/groceries/product/oakpark-unsmoked-lean-bacon-medallions-x6-170g
oakpark-unsmoked-turkey-breast-rashers-x6-150g,g,,409,97,1,,0.5,,0.5,21,1.8,2026-10-09,https://www.sainsburys.co.uk/groceries/product/oakpark-unsmoked-turkey-breast-rashers-x6-150g
oasis-citrus-punch-500ml,ml,,77,18,<0.1,<0.1,4.1,4,,<0.1,<0.5,2026-10-09,https://www.sainsburys.co.uk/groceries/product/oasis-citrus-punch-500ml
oasis-summer-fruits-500ml,ml,,76,18,<0.1,<0.1,4.1,4,,<0.1,<0.5,2026-10-09,https://www.sainsburys.co.uk/groceries/product/oasis-summer-fruits-500ml
ocean-isle-select-super-premium-white-crab-meat-100g,g,,345,80,1,,<0.1,<0.1,,17,0.5,2026-10-09,https://www.sainsburys.co.uk/groceries/product/ocean-isle-select-super-premium-white-crab-meat-100g
olly-s-200g-chimichurri-halkidiki-olives,g,,681,166,16.8,2.4,<0.5,<0.5,4.5,1.3,3.6,2026-10-09,https://www.sainsburys.co.uk/groceries/product/olly-s-200g-chimichurri-halkidiki-olives
olly-s-200g-garlic-basil-halkidiki-olives,g,,641,156,15.7,2.3,<0.5,<0.5,4.4,1.3,4,2026-10-09,https://www.sainsburys.co.uk/groceries/product/olly-s-200g-garlic-basil-halkidiki-olives
olly-s-200g-smoky-red-pepper-halkidiki-volos-olives,g,,905,220,22.3,2.9,1.5,1.2,4,1.4,2.8,2026-10-09,https://www.sainsburys.co.uk/groceries/product/olly-s-200g-smoky-red-pepper-halkidiki-volos-olives
onken-cherry-yogurt-450g,g,,451,107,2.7,1.7,16.7,16.1,<0.5,3.7,,2026-10-09,https://www.sainsburys.co.uk/groceries/product/onken-cherry-yogurt-450g
onken-fat-free-vanilla-yogurt-450g,g,,318,75,<0.5,<0.5,12.6,11.1,,4.5,<0.5,2026-10-09,https://www.sainsburys.co.uk/groceries/product/onken-fat-free-vanilla-yogurt-450g
onken-mango-papaya-passionfruit-biopot-yogurt-450g,g,,432,102,2.7,1.7,15.6,15,<0.5,3.7,,2026-10-09,https://www.sainsburys.co.uk/groceries/product/onken-mango-papaya-passionfruit-biopot-yogurt-450g
oykos-blueberry-luxury-greek-style-yogurt-4x110g,g,,554,133,8.1,5.2,12,12,<0.5,2.6,<0.5,2026-10-09,https://www.sainsburys.co.uk/groceries/product/oykos-blueberry-luxury-greek-style-yogurt-4x110g
oykos-strawberry-luxury-greek-style-yogurt-4x110g,g,,553,132,7.8,5,13,12,<0.5,2.6,<0.5,2026-10-09,https://www.sainsburys.co.uk/groceries/product/oykos-strawberry-luxury-greek-style-yogurt-4x110g
pajariel-chorizo-de-leon-180g,g,,1684,406,32,10,1.4,1.4,0.5,28,3.8,2026-10-09,https://www.sainsburys.co.uk/groceries/product/pajariel-chorizo-de-leon-180g
peperami-22-5g-original-salami,g,,2056,497,44,18,2.2,2,,23,3.9,2026-10-09,https://www.sainsburys.co.uk/groceries/product/peperami-22-5g-original-salami
peperami-chicken-bites-roasted-flavour-3-x-30g,g,,761,182,11,2,3.3,0.5,,18,1,2026-10-09,https://www.sainsburys.co.uk/groceries/product/peperami-chicken-bites-roasted-flavour-3-x-30g
peperami-chicken-bites-tikka-flavour-3-x-30g,g,,779,187,11,2.1,3.3,0.5,,18,1.1,2026-10-09,https://www.sainsburys.co.uk/groceries/product/peperami-chicken-bites-tikka-flavour-3-x-30g
peperami-chorizo-5x20g,g,,2055,496,44,18,0.5,0.5,,25,4.2,2026-10-09,https://www.sainsburys.co.uk/groceries/product/peperami-chorizo-5x20g
peperami-firestick-5x20g,g,,2077,502,44,18,4.4,2.6,,22,4,2026-10-09,https://www.sainsburys.co.uk/groceries/product/peperami-firestick-5x20g
peperami-hot-salami-5x20g,g,,2056,497,44,18,3.2,2.4,,22,4,2026-10-09,https://www.sainsburys.co.uk/groceries/product/peperami-hot-salami-5x20g
peperami-jerky-original-50g,g,,1325,316,13,4.3,16.5,16,,33,4.3,2026-10-09,https://www.sainsburys.co.uk/groceries/product/peperami-jerky-original-50g
peperami-original-and-cheese-snack-box-50g,g,for salami and cheese to,1878,453,38.6,20.4,1.1,0.9,,25.4,2.8,2026-10-09,https://www.sainsburys.co.uk/groceries/product/peperami-original-and-cheese-snack-box-50g
peperami-original-salami-5x20g,g,,2056,497,44,18,2.2,2,,23,3.9,2026-10-09,https://www.sainsburys.co.uk/groceries/product/peperami-original-salami-5x20g
peperami-original-salami-big-pack-10-x-20g,g,,2056,497,44,18,2.2,2,,23,3.9,2026-10-09,https://www.sainsburys.co.uk/groceries/product/peperami-original-salami-big-pack-10-x-20g
peperami-original-salami-lunchbox-minis-10x10g,g,,1662,400,31,13,5.5,1.8,,26,4.1,2026-10-09,https://www.sainsburys.co.uk/groceries/product/peperami-original-salami-lunchbox-minis-10x10g
peppa-pig-kids-strawberry-yoghurt-pots-6x45g,g,,360,85,2.4,1.6,9.8,9.3,,5.3,<0.5,2026-10-09,https://www.sainsburys.co.uk/groceries/product/peppa-pig-kids-strawberry-yoghurt-pots-6x45g
pepsi-max-cherry-no-sugar-cola-bottle-500ml,ml,,3,1,<0.1,<0.1,<0.1,<0.1,,<0.1,<0.1,2026-10-09,https://www.sainsburys.co.uk/groceries/product/pepsi-max-cherry-no-sugar-cola-bottle-500ml
pepsi-max-no-sugar-cola-bottle-500ml,ml,,2,1,<0.1,<0.1,<0.1,<0.1,,<0.1,<0.1,2026-10-09,https://www.sainsburys.co.uk/groceries/product/pepsi-max-no-sugar-cola-bottle-500ml
pepsi-max-no-sugar-cola-can-330ml,ml,,2,1,<0.1,<0.1,<0.1,<0.1,,<0.1,<0.1,2026-10-09,https://www.sainsburys.co.uk/groceries/product/pepsi-max-no-sugar-cola-can-330ml
petits-filous-kids-strawberry-raspberry-yoghurt-6x47g,g,,356,85,2.4,1.6,9.5,8.9,,5.4,<0.5,2026-10-09,https://www.sainsburys.co.uk/groceries/product/petits-filous-kids-strawberry-raspberry-yoghurt-6x47g
piatnica-360g-skyr-raspberry-high-protein-yogurt-drink,g,,225,53,<0.1,<0.1,6.8,3.9,,7.3,<0.5,2026-10-09,https://www.sainsburys.co.uk/groceries/product/piatnica-360g-skyr-raspberry-high-protein-yogurt-drink
ponnath-200g-bavarian-frankfurters,g,,1265,306,28,,1,,,12,2.1,2026-10-09,https://www.sainsburys.co.uk/groceries/product/ponnath-200g-bavarian-frankfurters
ponnath-218g-mini-berner-sausages,g,,1179,285,24,,1,,,16,1.7,2026-10-09,https://www.sainsburys.co.uk/groceries/product/ponnath-218g-mini-berner-sausages
porky-whites-surreys-premium-british-pork-sausages-x6-400g,g,,895,215,14,,4.6,,1.9,17,1.7,2026-10-09,https://www.sainsburys.co.uk/groceries/product/porky-whites-surreys-premium-british-pork-sausages-x6-400g
porky-whites-traditional-sausages-400g,g,,838,201,14,,3.9,,1.3,16,1.5,2026-10-09,https://www.sainsburys.co.uk/groceries/product/porky-whites-traditional-sausages-400g
powters-newmarket-sausages-x6-400g,g,,887,213,13.2,5.9,6.1,1.5,1.2,14.4,1.7,2026-10-09,https://www.sainsburys.co.uk/groceries/product/powters-newmarket-sausages-x6-400g
powters-skinny-pig-gluten-free-low-fat-sausages-x6-400g,g,,483,114,2,1,9.5,1.4,1.5,16.3,1.5,2026-10-09,https://www.sainsburys.co.uk/groceries/product/powters-skinny-pig-gluten-free-low-fat-sausages-x6-400g
premier-deli-18-x-pork-breakfast-sausage-slices-125g,g,,697,167,10.3,3.9,2.9,0.9,0.5,15.6,1.2,2026-10-09,https://www.sainsburys.co.uk/groceries/product/premier-deli-18-x-pork-breakfast-sausage-slices-125g
premier-deli-18-x-pork-luncheon-meat-slices-250g,g,,659,158,9.8,3.9,1.7,0.7,0.5,15.7,1.4,2026-10-09,https://www.sainsburys.co.uk/groceries/product/premier-deli-18-x-pork-luncheon-meat-slices-250g
premier-deli-300g-wafer-thin-cooked-ham-slices,g,,362,86,1.6,0.6,1.8,0.5,,16,1.6,2026-10-09,https://www.sainsburys.co.uk/groceries/product/premier-deli-300g-wafer-thin-cooked-ham-slices
premier-deli-6-x-pork-lunch-tongue-slices-120g,g,,804,193,11.8,4.5,0.5,0.5,0.5,21.3,3,2026-10-09,https://www.sainsburys.co.uk/groceries/product/premier-deli-6-x-pork-lunch-tongue-slices-120g
premier-deli-8-x-liver-sausage-slices-100g,g,,661,158,7.8,3.1,6.6,1.8,0.5,15.3,1.9,2026-10-09,https://www.sainsburys.co.uk/groceries/product/premier-deli-8-x-liver-sausage-slices-100g
premier-deli-cooked-ham-slices-x12-250g,g,,362,86,1.6,0.6,1.8,0.5,,16,1.6,2026-10-09,https://www.sainsburys.co.uk/groceries/product/premier-deli-cooked-ham-slices-x12-250g
premier-deli-cooked-ham-slices-x6-120g,g,,362,86,1.6,0.6,1.8,0.5,,16,1.6,2026-10-09,https://www.sainsburys.co.uk/groceries/product/premier-deli-cooked-ham-slices-x6-120g
premier-deli-ox-tongue-125g,g,,793,191,13.2,5.8,1.2,1.2,,16.5,2.8,2026-10-09,https://www.sainsburys.co.uk/groceries/product/premier-deli-ox-tongue-125g
propercorn-30g-sweet-salty-popcorn,g,,1944,465,20.4,,56.5,,12.6,7.6,0.7,2026-10-09,https://www.sainsburys.co.uk/groceries/product/propercorn-30g-sweet-salty-popcorn
purdey-s-rejuvenate-natural-energy-drink-330ml,ml,,84,20,<0.1,<0.1,4.2,4.2,,<0.1,<0.1,2026-10-09,https://www.sainsburys.co.uk/groceries/product/purdey-s-rejuvenate-natural-energy-drink-330ml
quorn-picnic-eggs-140g,g,,1043,250,13,1.4,18,1.8,4.4,14,1.1,2026-10-09,https://www.sainsburys.co.uk/groceries/product/quorn-picnic-eggs-140g
rachel-s-organic-greek-style-ginger-yogurt-450g,g,,515,123,6.9,4.3,12.3,12.1,,3,<0.5,2026-10-09,https://www.sainsburys.co.uk/groceries/product/rachel-s-organic-greek-style-ginger-yogurt-450g
rachel-s-organic-greek-style-set-natural-yogurt-450g,g,,480,116,9,5.6,5,5,,3.6,<0.5,2026-10-09,https://www.sainsburys.co.uk/groceries/product/rachel-s-organic-greek-style-set-natural-yogurt-450g
rachel-s-organic-luscious-fruit-multipack-yogurt-4-x-110g,g,,427,102,4.1,2.6,12.7,12.5,,3.4,<0.5,2026-10-09,https://www.sainsburys.co.uk/groceries/product/rachel-s-organic-luscious-fruit-multipack-yogurt-4-x-110g
red-bull-energy-drink-250ml,ml,,195,46,<0.1,<0.1,11,11,,<0.1,<0.5,2026-10-09,https://www.sainsburys.co.uk/groceries/product/red-bull-energy-drink-250ml
red-bull-energy-drink-355ml,ml,,195,46,<0.1,<0.1,11,11,,<0.1,<0.5,2026-10-09,https://www.sainsburys.co.uk/groceries/product/red-bull-energy-drink-355ml
red-bull-energy-drink-473ml,ml,,195,46,0,0,11,11,,0,0.1,2026-10-09,https://www.sainsburys.co.uk/groceries/product/red-bull-energy-drink-473ml
red-bull-energy-drink-sugar-free-250ml,ml,,13,3,<0.1,<0.1,<0.1,<0.1,,<0.1,<0.5,2026-10-09,https://www.sainsburys.co.uk/groceries/product/red-bull-energy-drink-sugar-free-250ml
red-bull-energy-drink-zero-250ml,ml,,10,2,<0.1,<0.1,2,<0.1,,<0.1,<0.5,2026-10-09,https://www.sainsburys.co.uk/groceries/product/red-bull-energy-drink-zero-250ml
richmond-12-x-meat-free-sausages-456g,g,,616,148,6,4.4,12,0.5,3.3,8.7,1.5,2026-10-09,https://www.sainsburys.co.uk/groceries/product/richmond-12-x-meat-free-sausages-456g
richmond-8-x-roast-chicken-sausages-410g,g,,678,162,8.2,,7.9,,1.8,13,1.2,2026-10-09,https://www.sainsburys.co.uk/groceries/product/richmond-8-x-roast-chicken-sausages-410g
richmond-ready-baked-pork-sausages-x6-264g,g,,906,217,12,,15,,1.9,11,1.9,2026-10-09,https://www.sainsburys.co.uk/groceries/product/richmond-ready-baked-pork-sausages-x6-264g
richmond-skinless-pork-sausages-x12-319g,g,,997,240,17,,11,,1.2,9.2,1.9,2026-10-09,https://www.sainsburys.co.uk/groceries/product/richmond-skinless-pork-sausages-x12-319g
richmond-thick-pork-sausages-x12-615g,g,,1106,266,19,,13,,1.7,10,1.9,2026-10-09,https://www.sainsburys.co.uk/groceries/product/richmond-thick-pork-sausages-x12-615g
richmond-thick-pork-sausages-x6-308g,g,,1106,266,19,,13,,1.7,10,1.9,2026-10-09,https://www.sainsburys.co.uk/groceries/product/richmond-thick-pork-sausages-x6-308g
richmond-thick-pork-sausages-x8-410g,g,,1106,266,19,,13,,1.7,10,1.9,2026-10-09,https://www.sainsburys.co.uk/groceries/product/richmond-thick-pork-sausages-x8-410g
richmond-thin-pork-sausages-x12-340g,g,,1106,266,19,,13,,1.7,10,1.9,2026-10-09,https://www.sainsburys.co.uk/groceries/product/richmond-thin-pork-sausages-x12-340g
rustlers-145g-double-smash-burger-with-cheese-smash-sauce,g,,1041,249,10,3.5,25.1,3.2,,13.6,1,2026-10-09,https://www.sainsburys.co.uk/groceries/product/rustlers-145g-double-smash-burger-with-cheese-smash-sauce
rustlers-the-essential-cheese-burger-with-our-rich-tomato-relish-172g,g,,971,231,9.2,3.8,23.3,4.5,,13.1,1.1,2026-10-09,https://www.sainsburys.co.uk/groceries/product/rustlers-the-essential-cheese-burger-with-our-rich-tomato-relish-172g
sainsbury-s-just-cook-320g-gyros-style-chicken-breast-mini-fillets,g,,844,201,8.7,1.1,0.7,0.7,0.9,29.5,0.43,2026-10-09,https://www.sainsburys.co.uk/groceries/product/sainsbury-s-just-cook-320g-gyros-style-chicken-breast-mini-fillets
sainsbury-s-just-cook-330g-mango-coconut-chilli-chicken-breast-grills,g,,726,171,2.2,0.7,3.5,3.5,0.6,34.1,0.48,2026-10-09,https://www.sainsburys.co.uk/groceries/product/sainsbury-s-just-cook-330g-mango-coconut-chilli-chicken-breast-grills
sainsbury-s-just-cook-350g-chimichurri-chicken-breast-sizzlers,g,,763,182,6.8,1.1,1.4,0.6,1.1,28.1,0.59,2026-10-09,https://www.sainsburys.co.uk/groceries/product/sainsbury-s-just-cook-350g-chimichurri-chicken-breast-sizzlers
sainsburys-1-125kg-british-spatchcock-chicken,g,edible portion,718,171,8.1,2.4,<0.5,<0.5,<0.5,24.5,0.21,2026-10-09,https://www.sainsburys.co.uk/groceries/product/sainsburys-1-125kg-british-spatchcock-chicken
sainsburys-1-3kg-party-size-pork-chicken-wiltshire-cured-ham-pie-taste-the-difference,g,,1241,298,20.9,7.7,13.4,0.7,1.0,13.6,0.94,2026-10-09,https://www.sainsburys.co.uk/groceries/product/sainsburys-1-3kg-party-size-pork-chicken-wiltshire-cured-ham-pie-taste-the-difference
sainsburys-1-45kg-roast-in-the-bag-basted-garlic-parsley-whole-chicken,g,,611,145,5.3,1.4,<0.5,<0.5,0.6,24.0,0.38,2026-10-09,https://www.sainsburys.co.uk/groceries/product/sainsburys-1-45kg-roast-in-the-bag-basted-garlic-parsley-whole-chicken
sainsburys-1-45kg-roast-in-the-bag-pork-sage-onion-stuffing-whole-chicken,g,,746,178,9.1,2.7,1.0,<0.5,<0.5,23.1,0.39,2026-10-09,https://www.sainsburys.co.uk/groceries/product/sainsburys-1-45kg-roast-in-the-bag-pork-sage-onion-stuffing-whole-chicken
sainsburys-1-45kg-rotisserie-style-whole-chicken,g,,675,161,5.8,1.5,0.8,0.8,0.7,26.0,0.44,2026-10-09,https://www.sainsburys.co.uk/groceries/product/sainsburys-1-45kg-rotisserie-style-whole-chicken
sainsburys-1-5kg-aberdeen-angus-silverside-diced-beef-taste-the-difference,g,,749,178,5.2,2.0,<0.5,<0.5,<0.5,32.6,0.11,2026-10-09,https://www.sainsburys.co.uk/groceries/product/sainsburys-1-5kg-aberdeen-angus-silverside-diced-beef-taste-the-difference
sainsburys-1-65kg-cooked-chicken-wings-and-drumsticks-sharing-platter,g,,904,217,12.4,3.1,5.8,4.9,0.5,20.1,0.56,2026-10-09,https://www.sainsburys.co.uk/groceries/product/sainsburys-1-65kg-cooked-chicken-wings-and-drumsticks-sharing-platter
sainsburys-1-6kg-british-fresh-medium-whole-chicken,g,,860,206,11.6,2.9,<0.5,<0.5,<0.5,25.2,0.17,2026-10-09,https://www.sainsburys.co.uk/groceries/product/sainsburys-1-6kg-british-fresh-medium-whole-chicken
sainsburys-1-75kg-medium-aberdeen-angus-beef-rump-joint-taste-the-difference,g,,808,192,7.8,3.5,0.8,0.8,<0.5,29.7,0.16,2026-10-09,https://www.sainsburys.co.uk/groceries/product/sainsburys-1-75kg-medium-aberdeen-angus-beef-rump-joint-taste-the-difference
sainsburys-1-75kg-medium-aberdeen-angus-topside-of-beef-taste-the-difference,g,,908,217,10.2,4.5,<0.5,<0.5,<0.5,31.1,0.15,2026-10-09,https://www.sainsburys.co.uk/groceries/product/sainsburys-1-75kg-medium-aberdeen-angus-topside-of-beef-taste-the-difference
sainsburys-1-8kg-welsh-hill-lamb-shanks-taste-the-difference,g,,846,202,9.5,3.7,<0.5,<0.5,0.8,28.7,0.17,2026-10-09,https://www.sainsburys.co.uk/groceries/product/sainsburys-1-8kg-welsh-hill-lamb-shanks-taste-the-difference
sainsburys-1-9kg-stock-basted-whole-chicken,g,edible portion,686,163,6.2,1.7,<0.5,<0.5,<0.5,26.6,0.33,2026-10-09,https://www.sainsburys.co.uk/groceries/product/sainsburys-1-9kg-stock-basted-whole-chicken
sainsburys-10-cooked-chicken-slices-115g,g,,508,121,4.1,1.2,1.7,<0.5,<0.5,19.2,1.23,2026-10-09,https://www.sainsburys.co.uk/groceries/product/sainsburys-10-cooked-chicken-slices-115g
sainsburys-10-fat-mini-beef-meatballs-x20-350g,g,,842,201,10.3,4.5,3.7,<0.5,<0.5,23.4,1.00,2026-10-09,https://www.sainsburys.co.uk/groceries/product/sainsburys-10-fat-mini-beef-meatballs-x20-350g
sainsburys-10-old-english-pork-chipolata-sausages-taste-the-difference-400g,g,,1427,344,29.4,11.3,2.1,1.3,<0.5,17.8,1.44,2026-10-09,https://www.sainsburys.co.uk/groceries/product/sainsburys-10-old-english-pork-chipolata-sausages-taste-the-difference-400g
sainsburys-100-piece-savoury-snacking-selection,g,,1136,273,19.4,6.9,11.9,1.4,1.4,12.0,1.14,2026-10-09,https://www.sainsburys.co.uk/groceries/product/sainsburys-100-piece-savoury-snacking-selection
sainsburys-100g-ribera-del-duero-chorizo-taste-the-difference,g,,1912,462,40.0,14.1,0.7,0.7,<0.5,24.6,3.33,2026-10-09,https://www.sainsburys.co.uk/groceries/product/sainsburys-100g-ribera-del-duero-chorizo-taste-the-difference
sainsburys-100g-salami-dip-snack-platter-taste-the-difference,g,,1015,245,22.1,14.1,5.1,2.6,<0.5,6.5,0.93,2026-10-09,https://www.sainsburys.co.uk/groceries/product/sainsburys-100g-salami-dip-snack-platter-taste-the-difference
sainsburys-110g-salami-emiliano-provolone-cheese-taste-the-difference,g,,1456,351,28.0,18.8,0.9,<0.5,<0.5,23.8,1.77,2026-10-09,https://www.sainsburys.co.uk/groceries/product/sainsburys-110g-salami-emiliano-provolone-cheese-taste-the-difference
sainsburys-113g-scotch-egg,g,,919,220,12.2,3.4,15.9,0.8,1.0,11.1,0.76,2026-10-09,https://www.sainsburys.co.uk/groceries/product/sainsburys-113g-scotch-egg
sainsburys-12-breaded-cooked-ham-slices-240g,g,,473,112,1.8,0.6,2.0,0.9,<0.5,21.8,1.57,2026-10-09,https://www.sainsburys.co.uk/groceries/product/sainsburys-12-breaded-cooked-ham-slices-240g
sainsburys-12-cooked-ham-slices-240g,g,,454,108,2.2,0.8,0.6,0.6,<0.5,21.1,1.63,2026-10-09,https://www.sainsburys.co.uk/groceries/product/sainsburys-12-cooked-ham-slices-240g
sainsburys-12-honey-roast-ham-slices-240g,g,,510,121,2.7,1.1,3.2,3.2,<0.5,20.7,1.58,2026-10-09,https://www.sainsburys.co.uk/groceries/product/sainsburys-12-honey-roast-ham-slices-240g
sainsburys-12-x-british-chicken-meatballs-350g,g,,612,145,4.0,1.1,4.8,<0.5,<0.5,22.5,0.75,2026-10-09,https://www.sainsburys.co.uk/groceries/product/sainsburys-12-x-british-chicken-meatballs-350g
sainsburys-120g-sweet-spiced-ham-slices-taste-the-difference,g,,611,145,3.7,1.4,4.2,4.2,<0.5,23.8,1.66,2026-10-09,https://www.sainsburys.co.uk/groceries/product/sainsburys-120g-sweet-spiced-ham-slices-taste-the-difference
sainsburys-120g-wiltshire-cured-breaded-ham-taste-the-difference,g,,478,113,2.8,1.0,<0.5,<0.5,<0.5,21.9,2.55,2026-10-09,https://www.sainsburys.co.uk/groceries/product/sainsburys-120g-wiltshire-cured-breaded-ham-taste-the-difference
sainsburys-120g-wiltshire-cured-smoked-ham-taste-the-difference,g,,519,123,3.6,1.4,<0.5,<0.5,<0.5,22.6,2.98,2026-10-09,https://www.sainsburys.co.uk/groceries/product/sainsburys-120g-wiltshire-cured-smoked-ham-taste-the-difference
sainsburys-135g-continental-snacking-platter-taste-the-difference,g,,1557,376,31.1,20.8,2.7,<0.5,<0.5,21.2,1.66,2026-10-09,https://www.sainsburys.co.uk/groceries/product/sainsburys-135g-continental-snacking-platter-taste-the-difference
sainsburys-135g-hot-honey-chicken-taste-the-difference,g,,520,123,1.6,0.5,3.7,3.7,<0.5,23.4,0.87,2026-10-09,https://www.sainsburys.co.uk/groceries/product/sainsburys-135g-hot-honey-chicken-taste-the-difference
sainsburys-140g-boneless-smoked-mackerel-taste-the-difference,g,,1308,315,23.7,5.1,4.1,<0.5,<0.5,21.0,2.19,2026-10-09,https://www.sainsburys.co.uk/groceries/product/sainsburys-140g-boneless-smoked-mackerel-taste-the-difference
sainsburys-140g-nocellara-olives-with-pesto-taste-the-difference,g,,773,188,18.6,3.5,2.2,<0.5,2.7,1.6,2.63,2026-10-09,https://www.sainsburys.co.uk/groceries/product/sainsburys-140g-nocellara-olives-with-pesto-taste-the-difference
sainsburys-143g-blackcurrant-cheesecake-yogurt-taste-the-difference,g,,754,180,7.4,4.2,24.3,16.2,<0.5,3.9,0.29,2026-10-09,https://www.sainsburys.co.uk/groceries/product/sainsburys-143g-blackcurrant-cheesecake-yogurt-taste-the-difference
sainsburys-145g-jumbo-sausage-roll,g,,1320,316,18.3,8.1,27.0,2.4,1.8,9.9,0.73,2026-10-09,https://www.sainsburys.co.uk/groceries/product/sainsburys-145g-jumbo-sausage-roll
sainsburys-15-x-spanish-chorizo-slices-75g,g,,1355,326,24.6,8.7,3.4,1.8,1.0,22.3,4.23,2026-10-09,https://www.sainsburys.co.uk/groceries/product/sainsburys-15-x-spanish-chorizo-slices-75g
sainsburys-150g-italian-whole-salami-milano,g,,1575,379,29.1,11.6,<0.5,<0.5,<0.5,28.7,4.20,2026-10-09,https://www.sainsburys.co.uk/groceries/product/sainsburys-150g-italian-whole-salami-milano
sainsburys-150g-paprika-garlic-king-prawns,g,,490,117,4.8,0.5,0.9,<0.5,<0.5,17.5,1.25,2026-10-09,https://www.sainsburys.co.uk/groceries/product/sainsburys-150g-paprika-garlic-king-prawns
sainsburys-150g-tomato-mozzarella-pesto-mini-muffins-taste-the-difference,g,,1155,277,17.0,8.7,20.0,4.4,1.5,10.1,0.76,2026-10-09,https://www.sainsburys.co.uk/groceries/product/sainsburys-150g-tomato-mozzarella-pesto-mini-muffins-taste-the-difference
sainsburys-16-breaded-cooked-ham-slices-375g,g,,473,112,1.8,0.6,2.0,0.9,<0.5,21.8,1.57,2026-10-09,https://www.sainsburys.co.uk/groceries/product/sainsburys-16-breaded-cooked-ham-slices-375g
sainsburys-16-cooked-ham-slices-375g,g,,454,108,2.2,0.8,0.6,0.6,<0.5,21.1,1.63,2026-10-09,https://www.sainsburys.co.uk/groceries/product/sainsburys-16-cooked-ham-slices-375g
sainsburys-16-month-reserve-serrano-taste-the-difference-70g,g,,1107,265,16.6,6.2,0.7,0.7,<0.5,28.2,4.75,2026-10-09,https://www.sainsburys.co.uk/groceries/product/sainsburys-16-month-reserve-serrano-taste-the-difference-70g
sainsburys-160g-high-protein-strawberry-yoghurt,g,,339,80,<0.5,<0.1,7.9,6.5,<0.5,10.9,0.06,2026-10-09,https://www.sainsburys.co.uk/groceries/product/sainsburys-160g-high-protein-strawberry-yoghurt
sainsburys-160g-mediterranean-chargrilled-vegetables-taste-the-difference,g,,391,94,7.3,0.6,5.4,5.2,1.5,1.0,0.67,2026-10-09,https://www.sainsburys.co.uk/groceries/product/sainsburys-160g-mediterranean-chargrilled-vegetables-taste-the-difference
sainsburys-160g-mediterranean-olive-trio-taste-the-difference,g,,933,226,22.4,3.2,3.8,<0.5,2.4,1.2,2.33,2026-10-09,https://www.sainsburys.co.uk/groceries/product/sainsburys-160g-mediterranean-olive-trio-taste-the-difference
sainsburys-160g-spanish-olives-pickles-taste-the-difference,g,,548,133,12.6,1.7,3.1,2.2,1.8,1.0,2.26,2026-10-09,https://www.sainsburys.co.uk/groceries/product/sainsburys-160g-spanish-olives-pickles-taste-the-difference
sainsburys-18-roast-chicken-cocktail-sausages-taste-the-difference-198g,g,,593,141,4.8,1.3,5.9,2.0,0.9,18.1,1.48,2026-10-09,https://www.sainsburys.co.uk/groceries/product/sainsburys-18-roast-chicken-cocktail-sausages-taste-the-difference-198g
sainsburys-18-x-pork-cocktail-sausages-taste-the-difference-198g,g,,1368,330,25.9,10.1,9.2,1.4,<0.5,14.9,1.48,2026-10-09,https://www.sainsburys.co.uk/groceries/product/sainsburys-18-x-pork-cocktail-sausages-taste-the-difference-198g
sainsburys-188g-italian-style-pork-sausage-rolls-taste-the-difference,g,,1508,362,23.8,11.9,26.0,1.4,1.9,9.9,0.46,2026-10-09,https://www.sainsburys.co.uk/groceries/product/sainsburys-188g-italian-style-pork-sausage-rolls-taste-the-difference
sainsburys-1kg-aberdeen-angus-silverside-diced-beef-taste-the-difference,g,,749,178,5.2,2.0,<0.5,<0.5,<0.5,32.6,0.11,2026-10-09,https://www.sainsburys.co.uk/groceries/product/sainsburys-1kg-aberdeen-angus-silverside-diced-beef-taste-the-difference
sainsburys-1kg-bbq-pork-belly-bites-with-a-sweet-sticky-bbq-glaze-taste-the-difference,g,,1401,337,24.5,9.5,9.7,9.1,<0.5,19.4,0.78,2026-10-09,https://www.sainsburys.co.uk/groceries/product/sainsburys-1kg-bbq-pork-belly-bites-with-a-sweet-sticky-bbq-glaze-taste-the-difference
sainsburys-1kg-british-chicken-breast-mini-fillets,g,,600,142,2.2,0.4,<0.5,<0.5,<0.5,30.6,0.12,2026-10-09,https://www.sainsburys.co.uk/groceries/product/sainsburys-1kg-british-chicken-breast-mini-fillets
sainsburys-1kg-british-chicken-thigh-fillets,g,,703,168,7.6,2.1,<0.5,<0.5,<0.5,24.8,0.18,2026-10-09,https://www.sainsburys.co.uk/groceries/product/sainsburys-1kg-british-chicken-thigh-fillets
sainsburys-1kg-british-fresh-chicken-skin-on-drumsticks,g,,625,149,5.4,1.4,<0.5,<0.5,<0.5,24.8,0.25,2026-10-09,https://www.sainsburys.co.uk/groceries/product/sainsburys-1kg-british-fresh-chicken-skin-on-drumsticks
sainsburys-1kg-british-fresh-chicken-skin-on-thighs,g,,944,227,16.1,4.4,<0.5,<0.5,<0.5,20.5,0.20,2026-10-09,https://www.sainsburys.co.uk/groceries/product/sainsburys-1kg-british-fresh-chicken-skin-on-thighs
sainsburys-1kg-british-fresh-chicken-wings,g,,913,219,12.9,3.3,<0.5,<0.5,<0.5,25.6,0.26,2026-10-09,https://www.sainsburys.co.uk/groceries/product/sainsburys-1kg-british-fresh-chicken-wings
sainsburys-1kg-british-fresh-skin-on-chicken-legs,g,,763,182,9.3,2.4,<0.5,<0.5,<0.5,24.5,0.21,2026-10-09,https://www.sainsburys.co.uk/groceries/product/sainsburys-1kg-british-fresh-skin-on-chicken-legs
sainsburys-1kg-british-fresh-skinless-boneless-chicken-breast-fillets,g,,582,137,1.6,0.5,<0.5,<0.5,<0.5,30.6,0.14,2026-10-09,https://www.sainsburys.co.uk/groceries/product/sainsburys-1kg-british-fresh-skinless-boneless-chicken-breast-fillets
sainsburys-1kg-greek-yoghurt-taste-the-difference,g,serving,537,129,9.7,7.1,4.6,3.0,<0.5,5.9,0.15,2026-10-09,https://www.sainsburys.co.uk/groceries/product/sainsburys-1kg-greek-yoghurt-taste-the-difference
sainsburys-2-15kg-large-aberdeen-angus-rolled-sirloin-of-beef-taste-the-difference,g,,1097,263,17.8,8.1,<0.5,<0.5,<0.5,25.6,0.13,2026-10-09,https://www.sainsburys.co.uk/groceries/product/sainsburys-2-15kg-large-aberdeen-angus-rolled-sirloin-of-beef-taste-the-difference
sainsburys-2-2kg-large-aberdeen-angus-beef-rump-joint-taste-the-difference,g,,808,192,7.8,3.5,0.8,0.8,<0.5,29.7,0.16,2026-10-09,https://www.sainsburys.co.uk/groceries/product/sainsburys-2-2kg-large-aberdeen-angus-beef-rump-joint-taste-the-difference
sainsburys-2-2kg-large-aberdeen-angus-topside-of-beef-taste-the-difference,g,,908,217,10.2,4.5,<0.5,<0.5,<0.5,31.1,0.15,2026-10-09,https://www.sainsburys.co.uk/groceries/product/sainsburys-2-2kg-large-aberdeen-angus-topside-of-beef-taste-the-difference
sainsburys-2-beef-steak-burgers-taste-the-difference-340g,g,,967,232,14.0,6.0,2.1,<0.5,1.5,23.6,1.00,2026-10-09,https://www.sainsburys.co.uk/groceries/product/sainsburys-2-beef-steak-burgers-taste-the-difference-340g
sainsburys-2-beef-steak-caramelised-onion-burgers-taste-the-difference-340g,g,grilled,1029,246,13.9,6.0,8.7,6.6,1.4,21.0,0.91,2026-10-09,https://www.sainsburys.co.uk/groceries/product/sainsburys-2-beef-steak-caramelised-onion-burgers-taste-the-difference-340g
sainsburys-2-beef-steak-vintage-cheddar-burgers-taste-the-difference-340g,g,,1122,269,17.1,8.3,3.6,<0.5,1.7,24.4,0.90,2026-10-09,https://www.sainsburys.co.uk/groceries/product/sainsburys-2-beef-steak-vintage-cheddar-burgers-taste-the-difference-340g
sainsburys-2-british-free-range-chicken-breast-fillets-taste-the-difference-approx-310g,g,,630,149,1.9,0.8,<0.5,<0.5,<0.5,32.9,0.13,2026-10-09,https://www.sainsburys.co.uk/groceries/product/sainsburys-2-british-free-range-chicken-breast-fillets-taste-the-difference-approx-310g
sainsburys-2-british-mackerel-fillets-180g,g,pan fried,1069,257,18.8,5.7,5.0,<0.5,<0.5,16.7,0.38,2026-10-09,https://www.sainsburys.co.uk/groceries/product/sainsburys-2-british-mackerel-fillets-180g
sainsburys-2-dry-aged-aberdeen-angus-beef-burgers-taste-the-difference-340g,g,,1044,250,15.7,6.8,3.7,0.7,<0.5,23.6,0.88,2026-10-09,https://www.sainsburys.co.uk/groceries/product/sainsburys-2-dry-aged-aberdeen-angus-beef-burgers-taste-the-difference-340g
sainsburys-2-lightly-dusted-yellowfin-sole-fillets-taste-the-difference-265g,g,,723,172,7.5,0.7,12.8,1.1,<0.5,13.3,0.77,2026-10-09,https://www.sainsburys.co.uk/groceries/product/sainsburys-2-lightly-dusted-yellowfin-sole-fillets-taste-the-difference-265g
sainsburys-2-quarter-pounder-beef-burgers-227g,g,,1097,264,18.1,7.7,2.6,0.7,0.5,22.3,0.95,2026-10-09,https://www.sainsburys.co.uk/groceries/product/sainsburys-2-quarter-pounder-beef-burgers-227g
sainsburys-2-x-37-5g-high-protein-ready-to-eat-salami-snack-pack,g,,1757,423,32.6,12.8,0.7,<0.5,<0.5,31.6,4.23,2026-10-09,https://www.sainsburys.co.uk/groceries/product/sainsburys-2-x-37-5g-high-protein-ready-to-eat-salami-snack-pack
sainsburys-2-x-640g-breaded-chicken-sharing-selection-packs,g,,1104,265,15.1,2.3,17.3,1.0,2.2,13.8,0.84,2026-10-09,https://www.sainsburys.co.uk/groceries/product/sainsburys-2-x-640g-breaded-chicken-sharing-selection-packs
sainsburys-2-x-beer-battered-hake-fillets-taste-the-difference-365g,g,,883,211,11.0,1.1,13.6,0.7,1.0,13.8,0.68,2026-10-09,https://www.sainsburys.co.uk/groceries/product/sainsburys-2-x-beer-battered-hake-fillets-taste-the-difference-365g
sainsburys-2-x-signature-beef-rib-brisket-burgers-taste-the-difference-340g,g,,991,238,16.3,6.6,0.5,<0.5,0.6,22.1,0.76,2026-10-09,https://www.sainsburys.co.uk/groceries/product/sainsburys-2-x-signature-beef-rib-brisket-burgers-taste-the-difference-340g
sainsburys-20-fat-british-lamb-mince-so-organic-400g,g,,1109,267,19.1,9.0,<0.5,<0.5,0.6,23.3,0.18,2026-10-09,https://www.sainsburys.co.uk/groceries/product/sainsburys-20-fat-british-lamb-mince-so-organic-400g
sainsburys-21-day-matured-british-or-irish-thick-cut-sirloin-steak-400g,g,,891,213,11.4,4.9,<0.5,<0.5,<0.5,27.6,0.20,2026-10-09,https://www.sainsburys.co.uk/groceries/product/sainsburys-21-day-matured-british-or-irish-thick-cut-sirloin-steak-400g
sainsburys-210g-greek-style-berry-granola-yogurt,g,,474,113,3.2,1.7,16.1,8.3,0.9,4.4,0.17,2026-10-09,https://www.sainsburys.co.uk/groceries/product/sainsburys-210g-greek-style-berry-granola-yogurt
sainsburys-225g-pesto-mozzarella-pasta,g,,628,150,6.0,1.1,18.1,1.7,1.6,5.1,0.79,2026-10-09,https://www.sainsburys.co.uk/groceries/product/sainsburys-225g-pesto-mozzarella-pasta
sainsburys-225g-wiltshire-cured-finely-sliced-ham-taste-the-difference,g,,487,115,2.4,0.9,<0.5,<0.5,<0.5,23.2,2.82,2026-10-09,https://www.sainsburys.co.uk/groceries/product/sainsburys-225g-wiltshire-cured-finely-sliced-ham-taste-the-difference
sainsburys-230g-chorizo-bites-with-hot-honey-glaze-taste-the-difference,g,,1907,461,42.4,15.2,3.4,3.4,<0.5,16.5,2.57,2026-10-09,https://www.sainsburys.co.uk/groceries/product/sainsburys-230g-chorizo-bites-with-hot-honey-glaze-taste-the-difference
sainsburys-240g-ultimate-prawn-cocktail-taste-the-difference,g,,1406,340,32.4,3.7,2.1,2.0,<0.5,10.1,1.38,2026-10-09,https://www.sainsburys.co.uk/groceries/product/sainsburys-240g-ultimate-prawn-cocktail-taste-the-difference
sainsburys-270g-nduja-parmesan-sausage-rolls-taste-the-difference,g,,1464,352,23.6,10.8,23.5,1.8,1.9,10.5,0.62,2026-10-09,https://www.sainsburys.co.uk/groceries/product/sainsburys-270g-nduja-parmesan-sausage-rolls-taste-the-difference
sainsburys-2kg-british-chicken-drumsticks,g,,625,149,5.4,1.4,<0.5,<0.5,<0.5,24.8,0.25,2026-10-09,https://www.sainsburys.co.uk/groceries/product/sainsburys-2kg-british-chicken-drumsticks
sainsburys-2kg-british-fresh-chicken-skin-on-thighs,g,,944,227,16.1,4.4,<0.5,<0.5,<0.5,20.5,0.20,2026-10-09,https://www.sainsburys.co.uk/groceries/product/sainsburys-2kg-british-fresh-chicken-skin-on-thighs
sainsburys-2kg-british-fresh-skinless-boneless-chicken-breast-fillets,g,,582,137,1.6,0.5,<0.5,<0.5,<0.5,30.6,0.14,2026-10-09,https://www.sainsburys.co.uk/groceries/product/sainsburys-2kg-british-fresh-skinless-boneless-chicken-breast-fillets
sainsburys-2kg-medium-welsh-hill-lamb-leg-taste-the-difference,g,edible portion,771,184,9.5,4.0,<0.5,<0.5,0.5,24.4,0.16,2026-10-09,https://www.sainsburys.co.uk/groceries/product/sainsburys-2kg-medium-welsh-hill-lamb-leg-taste-the-difference
sainsburys-3-x-wiltshire-cured-thick-cut-ham-slices-taste-the-difference-120g,g,,487,115,2.4,0.9,<0.5,<0.5,<0.5,23.2,2.82,2026-10-09,https://www.sainsburys.co.uk/groceries/product/sainsburys-3-x-wiltshire-cured-thick-cut-ham-slices-taste-the-difference-120g
sainsburys-30-days-matured-british-beef-fillet-steak-so-organic-170g,g,,717,171,6.7,3.1,<0.5,<0.5,<0.5,27.2,0.20,2026-10-09,https://www.sainsburys.co.uk/groceries/product/sainsburys-30-days-matured-british-beef-fillet-steak-so-organic-170g
sainsburys-30-days-matured-british-beef-fillet-steak-taste-the-difference-170g,g,,588,140,4.8,2.0,<0.5,<0.5,<0.5,24.1,0.15,2026-10-09,https://www.sainsburys.co.uk/groceries/product/sainsburys-30-days-matured-british-beef-fillet-steak-taste-the-difference-170g
sainsburys-30-days-matured-british-beef-fillet-steak-taste-the-difference-x2-approx-270g,g,,588,140,4.8,2.0,<0.5,<0.5,<0.5,24.1,0.15,2026-10-09,https://www.sainsburys.co.uk/groceries/product/sainsburys-30-days-matured-british-beef-fillet-steak-taste-the-difference-x2-approx-270g
sainsburys-30-days-matured-british-beef-mini-roasting-joint-taste-the-difference-500g,g,,682,162,4.8,2.0,<0.5,<0.5,<0.5,29.6,0.16,2026-10-09,https://www.sainsburys.co.uk/groceries/product/sainsburys-30-days-matured-british-beef-mini-roasting-joint-taste-the-difference-500g
sainsburys-30-days-matured-british-beef-picanha-steak-taste-the-difference-225g,g,,724,173,9.1,3.3,<0.5,<0.5,<0.5,22.6,0.14,2026-10-09,https://www.sainsburys.co.uk/groceries/product/sainsburys-30-days-matured-british-beef-picanha-steak-taste-the-difference-225g
sainsburys-30-days-matured-british-beef-ribeye-steak-so-organic-225g,g,,1085,261,18.5,9.6,<0.5,<0.5,<0.5,23.4,0.25,2026-10-09,https://www.sainsburys.co.uk/groceries/product/sainsburys-30-days-matured-british-beef-ribeye-steak-so-organic-225g
sainsburys-30-days-matured-british-beef-ribeye-steak-taste-the-difference-285g,g,,1037,249,17.5,7.9,<0.5,<0.5,<0.5,22.8,0.13,2026-10-09,https://www.sainsburys.co.uk/groceries/product/sainsburys-30-days-matured-british-beef-ribeye-steak-taste-the-difference-285g
sainsburys-30-days-matured-british-beef-roasting-joint-so-organic-approx-1-05kg,g,,721,171,3.7,1.8,<0.5,<0.5,<0.5,34.1,0.15,2026-10-09,https://www.sainsburys.co.uk/groceries/product/sainsburys-30-days-matured-british-beef-roasting-joint-so-organic-approx-1-05kg
sainsburys-30-days-matured-british-beef-roasting-joint-taste-the-difference-approx-1-4kg,g,,908,217,10.2,4.5,<0.5,<0.5,<0.5,31.1,0.15,2026-10-09,https://www.sainsburys.co.uk/groceries/product/sainsburys-30-days-matured-british-beef-roasting-joint-taste-the-difference-approx-1-4kg
sainsburys-30-days-matured-british-beef-rump-steak-so-organic-225g,g,,996,239,15.5,6.0,0.6,<0.5,<0.5,24.3,0.30,2026-10-09,https://www.sainsburys.co.uk/groceries/product/sainsburys-30-days-matured-british-beef-rump-steak-so-organic-225g
sainsburys-30-days-matured-british-beef-rump-steak-taste-the-difference-225g,g,,720,172,8.5,3.2,<0.5,<0.5,<0.5,23.7,0.16,2026-10-09,https://www.sainsburys.co.uk/groceries/product/sainsburys-30-days-matured-british-beef-rump-steak-taste-the-difference-225g
sainsburys-30-days-matured-british-beef-sirloin-steak-so-organic-225g,g,,865,207,11.7,5.7,0.9,<0.5,<0.5,24.5,0.30,2026-10-09,https://www.sainsburys.co.uk/groceries/product/sainsburys-30-days-matured-british-beef-sirloin-steak-so-organic-225g
sainsburys-30-days-matured-british-beef-sirloin-steak-taste-the-difference-225g,g,,794,189,8.7,4.4,<0.5,<0.5,<0.5,27.7,0.18,2026-10-09,https://www.sainsburys.co.uk/groceries/product/sainsburys-30-days-matured-british-beef-sirloin-steak-taste-the-difference-225g
sainsburys-30-days-matured-british-beef-thick-cut-ribeye-steak-taste-the-difference-400g,g,,1037,249,17.5,7.9,<0.5,<0.5,<0.5,22.8,0.13,2026-10-09,https://www.sainsburys.co.uk/groceries/product/sainsburys-30-days-matured-british-beef-thick-cut-ribeye-steak-taste-the-difference-400g
sainsburys-30-days-matured-british-beef-thick-cut-sirloin-steak-taste-the-difference-400g,g,,794,189,8.7,4.4,<0.5,<0.5,<0.5,27.7,0.18,2026-10-09,https://www.sainsburys.co.uk/groceries/product/sainsburys-30-days-matured-british-beef-thick-cut-sirloin-steak-taste-the-difference-400g
sainsburys-30-days-matured-british-beef-thin-cut-sirloin-steak-taste-the-difference-155g,g,,794,189,8.7,4.4,<0.5,<0.5,<0.5,27.7,0.18,2026-10-09,https://www.sainsburys.co.uk/groceries/product/sainsburys-30-days-matured-british-beef-thin-cut-sirloin-steak-taste-the-difference-155g
sainsburys-30-days-matured-silverside-british-beef-slow-roasting-joint-taste-the-difference-approx-1-4kg,g,,725,173,7.4,2.9,<0.5,<0.5,<0.5,26.4,0.17,2026-10-09,https://www.sainsburys.co.uk/groceries/product/sainsburys-30-days-matured-silverside-british-beef-slow-roasting-joint-taste-the-difference-approx-1-4kg
sainsburys-300g-no-mayo-cheese-tomato-pasta,g,,634,151,5.0,1.5,20.1,4.0,1.9,5.4,0.40,2026-10-09,https://www.sainsburys.co.uk/groceries/product/sainsburys-300g-no-mayo-cheese-tomato-pasta
sainsburys-300g-prawn-layered-pasta-salad,g,,521,124,4.0,0.4,16.1,1.9,1.7,5.0,0.48,2026-10-09,https://www.sainsburys.co.uk/groceries/product/sainsburys-300g-prawn-layered-pasta-salad
sainsburys-320g-british-fresh-chicken-breast-mini-fillets,g,,600,142,2.2,0.4,<0.5,<0.5,<0.5,30.6,0.12,2026-10-09,https://www.sainsburys.co.uk/groceries/product/sainsburys-320g-british-fresh-chicken-breast-mini-fillets
sainsburys-320g-british-fresh-chicken-thigh-fillets-skinless-boneless,g,,703,168,7.6,2.1,<0.5,<0.5,<0.5,24.8,0.18,2026-10-09,https://www.sainsburys.co.uk/groceries/product/sainsburys-320g-british-fresh-chicken-thigh-fillets-skinless-boneless
sainsburys-320g-british-fresh-skinless-boneless-chicken-breast-fillets,g,,582,137,1.6,0.5,<0.5,<0.5,<0.5,30.6,0.14,2026-10-09,https://www.sainsburys.co.uk/groceries/product/sainsburys-320g-british-fresh-skinless-boneless-chicken-breast-fillets
sainsburys-320g-chimichurri-beef-steaks,g,,695,166,8.2,1.7,0.7,<0.5,<0.5,22.1,0.36,2026-10-09,https://www.sainsburys.co.uk/groceries/product/sainsburys-320g-chimichurri-beef-steaks
sainsburys-340g-british-wagyu-beef-burger-taste-the-difference,g,,1244,299,22.1,8.0,1.3,<0.5,<0.5,23.9,0.86,2026-10-09,https://www.sainsburys.co.uk/groceries/product/sainsburys-340g-british-wagyu-beef-burger-taste-the-difference
sainsburys-350g-honey-almond-kefir-overnight-oats,g,,614,147,4.8,1.2,18.7,9.0,5.2,4.5,0.04,2026-10-09,https://www.sainsburys.co.uk/groceries/product/sainsburys-350g-honey-almond-kefir-overnight-oats
sainsburys-360g-10-fat-high-fibre-beef-meatballs,g,,941,225,10.1,4.3,10.1,1.1,6.0,20.5,0.75,2026-10-09,https://www.sainsburys.co.uk/groceries/product/sainsburys-360g-10-fat-high-fibre-beef-meatballs
sainsburys-360g-smoky-bacon-flavour-fries-with-maple,g,with drizzle,1196,286,15.5,2.1,21.8,7.5,1.1,14.3,0.67,2026-10-09,https://www.sainsburys.co.uk/groceries/product/sainsburys-360g-smoky-bacon-flavour-fries-with-maple
sainsburys-380g-parsley-cream-sauce-cod-fillets,g,,753,181,11.9,6.8,6.0,0.8,<0.5,12.4,0.74,2026-10-09,https://www.sainsburys.co.uk/groceries/product/sainsburys-380g-parsley-cream-sauce-cod-fillets
sainsburys-4-breaded-thick-cut-ham-slices-120g,g,,470,111,1.8,0.6,2.0,0.9,<0.5,21.8,1.57,2026-10-09,https://www.sainsburys.co.uk/groceries/product/sainsburys-4-breaded-thick-cut-ham-slices-120g
sainsburys-4-british-beef-steak-burgers-taste-the-difference-680g,g,,967,232,14.0,6.0,2.1,<0.5,1.5,23.6,1.00,2026-10-09,https://www.sainsburys.co.uk/groceries/product/sainsburys-4-british-beef-steak-burgers-taste-the-difference-680g
sainsburys-4-extra-thin-lightly-seasoned-smash-burgers-taste-the-difference-340g,g,,1119,269,17.6,7.6,5.9,<0.5,0.9,21.2,1.30,2026-10-09,https://www.sainsburys.co.uk/groceries/product/sainsburys-4-extra-thin-lightly-seasoned-smash-burgers-taste-the-difference-340g
sainsburys-4-quarter-pounder-beef-steak-burgers-taste-the-difference-454g,g,,967,232,14.0,6.0,2.1,<0.5,1.5,23.6,1.00,2026-10-09,https://www.sainsburys.co.uk/groceries/product/sainsburys-4-quarter-pounder-beef-steak-burgers-taste-the-difference-454g
sainsburys-4-quarter-pounder-british-beef-burgers-454g,g,grilled,1097,264,18.1,7.7,2.6,0.7,<0.5,22.3,0.95,2026-10-09,https://www.sainsburys.co.uk/groceries/product/sainsburys-4-quarter-pounder-british-beef-burgers-454g
sainsburys-4-reduced-fat-quarter-pounder-beef-burgers-454g,g,grilled,909,218,12.1,5.1,3.5,0.8,<0.5,23.4,0.87,2026-10-09,https://www.sainsburys.co.uk/groceries/product/sainsburys-4-reduced-fat-quarter-pounder-beef-burgers-454g
sainsburys-4-x-170g-aberdeen-angus-fillet-steaks-taste-the-difference,g,,587,140,4.8,2.0,<0.5,<0.5,<0.5,24.1,0.15,2026-10-09,https://www.sainsburys.co.uk/groceries/product/sainsburys-4-x-170g-aberdeen-angus-fillet-steaks-taste-the-difference
sainsburys-4-x-225g-aberdeen-angus-rump-steaks-taste-the-difference,g,,719,172,8.5,3.2,<0.5,<0.5,<0.5,23.7,0.16,2026-10-09,https://www.sainsburys.co.uk/groceries/product/sainsburys-4-x-225g-aberdeen-angus-rump-steaks-taste-the-difference
sainsburys-4-x-225g-aberdeen-angus-sirloin-steaks-taste-the-difference,g,,794,189,8.7,4.4,<0.5,<0.5,<0.5,27.7,0.18,2026-10-09,https://www.sainsburys.co.uk/groceries/product/sainsburys-4-x-225g-aberdeen-angus-sirloin-steaks-taste-the-difference
sainsburys-4-x-245g-aberdeen-angus-thick-cut-fillet-steaks-taste-the-difference,g,,588,140,4.8,2.0,<0.5,<0.5,<0.5,24.1,0.15,2026-10-09,https://www.sainsburys.co.uk/groceries/product/sainsburys-4-x-245g-aberdeen-angus-thick-cut-fillet-steaks-taste-the-difference
sainsburys-4-x-285g-aberdeen-angus-ribeye-steaks-taste-the-difference,g,,1037,249,17.5,7.9,<0.5,<0.5,<0.5,22.8,0.13,2026-10-09,https://www.sainsburys.co.uk/groceries/product/sainsburys-4-x-285g-aberdeen-angus-ribeye-steaks-taste-the-difference
sainsburys-4-x-400g-aberdeen-angus-thick-cut-ribeye-steaks-taste-the-difference,g,,1036,249,17.5,7.9,<0.5,<0.5,<0.5,22.8,0.10,2026-10-09,https://www.sainsburys.co.uk/groceries/product/sainsburys-4-x-400g-aberdeen-angus-thick-cut-ribeye-steaks-taste-the-difference
sainsburys-4-x-400g-aberdeen-angus-thick-cut-rump-steaks-taste-the-difference,g,,730,174,8.5,3.2,<0.5,<0.5,<0.5,23.7,0.16,2026-10-09,https://www.sainsburys.co.uk/groceries/product/sainsburys-4-x-400g-aberdeen-angus-thick-cut-rump-steaks-taste-the-difference
sainsburys-4-x-400g-aberdeen-angus-thick-cut-sirloin-steaks-taste-the-difference,g,,974,234,14.5,6.4,<0.5,<0.5,<0.5,25.6,0.14,2026-10-09,https://www.sainsburys.co.uk/groceries/product/sainsburys-4-x-400g-aberdeen-angus-thick-cut-sirloin-steaks-taste-the-difference
sainsburys-4-x-high-protein-ready-to-eat-peeled-hard-boiled-eggs-180g,g,,585,140,9.1,2.9,1.4,<0.5,<0.5,13.3,0.20,2026-10-09,https://www.sainsburys.co.uk/groceries/product/sainsburys-4-x-high-protein-ready-to-eat-peeled-hard-boiled-eggs-180g
sainsburys-400g-british-fresh-diced-chicken-breast,g,,638,151,3.3,0.8,<0.5,<0.5,<0.5,30.3,0.18,2026-10-09,https://www.sainsburys.co.uk/groceries/product/sainsburys-400g-british-fresh-diced-chicken-breast
sainsburys-480g-slow-cooked-beef-brisket-joint,g,oven cooked,769,183,5.1,1.7,1.5,1.1,0.9,32.3,0.67,2026-10-09,https://www.sainsburys.co.uk/groceries/product/sainsburys-480g-slow-cooked-beef-brisket-joint
sainsburys-5-fat-beef-mince-500g,g,pan fried,705,167,5.0,2.1,<0.5,<0.5,<0.5,30.4,0.20,2026-10-09,https://www.sainsburys.co.uk/groceries/product/sainsburys-5-fat-beef-mince-500g
sainsburys-500g-10-fat-high-fibre-beef-mince,g,,1042,249,11.0,4.6,7.7,0.9,6.2,26.7,0.24,2026-10-09,https://www.sainsburys.co.uk/groceries/product/sainsburys-500g-10-fat-high-fibre-beef-mince
sainsburys-500g-beef-pork-mince,g,,1171,281,19.7,8.3,0.6,<0.5,<0.5,25.5,0.25,2026-10-09,https://www.sainsburys.co.uk/groceries/product/sainsburys-500g-beef-pork-mince
sainsburys-500g-british-6-fat-chicken-mince,g,,705,168,5.9,1.7,1.9,<0.5,<0.5,26.7,0.21,2026-10-09,https://www.sainsburys.co.uk/groceries/product/sainsburys-500g-british-6-fat-chicken-mince
sainsburys-500g-skin-on-asc-scottish-salmon-fillet,g,,1043,251,17.3,2.9,1.2,<0.5,<0.5,22.3,0.32,2026-10-09,https://www.sainsburys.co.uk/groceries/product/sainsburys-500g-skin-on-asc-scottish-salmon-fillet
sainsburys-50g-high-protein-ready-to-eat-hot-honey-salmon-jerky,g,,1542,368,18.8,3.3,13.1,11.3,,36.7,4.41,2026-10-09,https://www.sainsburys.co.uk/groceries/product/sainsburys-50g-high-protein-ready-to-eat-hot-honey-salmon-jerky
sainsburys-50g-high-protein-ready-to-eat-mini-chorizo-bites,g,,1871,451,38.3,13.5,0.7,0.7,<0.5,26.0,3.25,2026-10-09,https://www.sainsburys.co.uk/groceries/product/sainsburys-50g-high-protein-ready-to-eat-mini-chorizo-bites
sainsburys-50g-high-protein-ready-to-eat-mini-salami-bites,g,,2108,509,44.3,15.6,1.7,1.7,<0.5,25.9,3.43,2026-10-09,https://www.sainsburys.co.uk/groceries/product/sainsburys-50g-high-protein-ready-to-eat-mini-salami-bites
sainsburys-50g-protein-ready-to-eat-snacking-fish,g,,437,104,2.3,0.2,12.1,5.5,<0.5,8.6,1.78,2026-10-09,https://www.sainsburys.co.uk/groceries/product/sainsburys-50g-protein-ready-to-eat-snacking-fish
sainsburys-540g-british-fresh-chicken-skin-on-thighs-drumsticks,g,,625,149,5.4,1.4,<0.5,<0.5,<0.5,24.8,0.25,2026-10-09,https://www.sainsburys.co.uk/groceries/product/sainsburys-540g-british-fresh-chicken-skin-on-thighs-drumsticks
sainsburys-6-breaded-cooked-ham-slices-120g,g,,473,112,1.8,0.6,2.0,0.9,<0.5,21.8,1.57,2026-10-09,https://www.sainsburys.co.uk/groceries/product/sainsburys-6-breaded-cooked-ham-slices-120g
sainsburys-6-cooked-ham-slices-120g,g,,454,108,2.2,0.8,0.6,0.6,<0.5,21.1,1.63,2026-10-09,https://www.sainsburys.co.uk/groceries/product/sainsburys-6-cooked-ham-slices-120g
sainsburys-6-honey-roast-ham-slices-120g,g,,510,121,2.7,1.1,3.2,3.2,<0.5,20.7,1.58,2026-10-09,https://www.sainsburys.co.uk/groceries/product/sainsburys-6-honey-roast-ham-slices-120g
sainsburys-6-smoked-ham-slices-120g,g,,485,115,2.2,0.8,<0.5,<0.5,<0.5,23.0,1.61,2026-10-09,https://www.sainsburys.co.uk/groceries/product/sainsburys-6-smoked-ham-slices-120g
sainsburys-6-x-125g-low-fat-red-fruit-yogurts,g,,332,79,1.2,0.8,13.0,11.9,<0.5,3.9,0.10,2026-10-09,https://www.sainsburys.co.uk/groceries/product/sainsburys-6-x-125g-low-fat-red-fruit-yogurts
sainsburys-6-x-boneless-scottish-salmon-fillets-720g,g,,961,231,15.3,2.6,<0.5,<0.5,<0.5,23.0,0.30,2026-10-09,https://www.sainsburys.co.uk/groceries/product/sainsburys-6-x-boneless-scottish-salmon-fillets-720g
sainsburys-6-x-british-hot-honey-pork-sausages-400g,g,,1084,261,19.6,7.5,4.8,3.7,1.7,15.5,1.00,2026-10-09,https://www.sainsburys.co.uk/groceries/product/sainsburys-6-x-british-hot-honey-pork-sausages-400g
sainsburys-6-x-smoked-back-bacon-rashers-made-without-nitrites-200g,g,,1056,252,13.0,4.8,0.9,0.7,<0.5,32.9,2.34,2026-10-09,https://www.sainsburys.co.uk/groceries/product/sainsburys-6-x-smoked-back-bacon-rashers-made-without-nitrites-200g
sainsburys-6-x-unsmoked-back-bacon-rashers-made-without-nitrites-200g,g,,1023,245,13.4,5.0,0.6,0.6,<0.5,30.4,2.27,2026-10-09,https://www.sainsburys.co.uk/groceries/product/sainsburys-6-x-unsmoked-back-bacon-rashers-made-without-nitrites-200g
sainsburys-60g-high-protein-ready-to-eat-chorizo-cheddar-snack-combo,g,,1360,326,21.2,7.5,1.0,<0.5,1.5,32.3,3.16,2026-10-09,https://www.sainsburys.co.uk/groceries/product/sainsburys-60g-high-protein-ready-to-eat-chorizo-cheddar-snack-combo
sainsburys-60g-high-protein-ready-to-eat-salami-cheddar-snack-combo,g,,1845,444,33.9,12.3,6.4,<0.5,<0.5,28.3,3.84,2026-10-09,https://www.sainsburys.co.uk/groceries/product/sainsburys-60g-high-protein-ready-to-eat-salami-cheddar-snack-combo
sainsburys-630g-medium-aberdeen-angus-chateaubriand-taste-the-difference,g,,593,140,1.3,0.7,<0.5,<0.5,<0.5,32.0,0.13,2026-10-09,https://www.sainsburys.co.uk/groceries/product/sainsburys-630g-medium-aberdeen-angus-chateaubriand-taste-the-difference
sainsburys-640g-british-diced-chicken-breasts,g,,638,151,3.3,0.8,<0.5,<0.5,<0.5,30.3,0.18,2026-10-09,https://www.sainsburys.co.uk/groceries/product/sainsburys-640g-british-diced-chicken-breasts
sainsburys-640g-british-fresh-chicken-breast-mini-fillets,g,,600,142,2.2,0.4,<0.5,<0.5,<0.5,30.6,0.12,2026-10-09,https://www.sainsburys.co.uk/groceries/product/sainsburys-640g-british-fresh-chicken-breast-mini-fillets
sainsburys-640g-british-fresh-skinless-boneless-chicken-breast-fillets,g,,582,137,1.6,0.5,<0.5,<0.5,<0.5,30.6,0.14,2026-10-09,https://www.sainsburys.co.uk/groceries/product/sainsburys-640g-british-fresh-skinless-boneless-chicken-breast-fillets
sainsburys-640g-british-fresh-skinless-boneless-chicken-thigh-fillets,g,,703,168,7.6,2.1,<0.5,<0.5,<0.5,24.8,0.18,2026-10-09,https://www.sainsburys.co.uk/groceries/product/sainsburys-640g-british-fresh-skinless-boneless-chicken-thigh-fillets
sainsburys-66g-high-protein-roast-chicken-cocktail-sausages,g,,593,141,4.8,1.3,5.9,2.0,0.9,18.1,1.48,2026-10-09,https://www.sainsburys.co.uk/groceries/product/sainsburys-66g-high-protein-roast-chicken-cocktail-sausages
sainsburys-70g-high-protein-fuet-salami-sticks,g,,2099,506,42.6,14.9,5.1,4.2,<0.5,25.7,5.10,2026-10-09,https://www.sainsburys.co.uk/groceries/product/sainsburys-70g-high-protein-fuet-salami-sticks
sainsburys-70g-high-protein-ready-to-eat-chorizo-snack-sticks,g,,2124,512,41.8,14.9,7.3,<0.5,<0.5,26.6,4.13,2026-10-09,https://www.sainsburys.co.uk/groceries/product/sainsburys-70g-high-protein-ready-to-eat-chorizo-snack-sticks
sainsburys-70g-high-protein-ready-to-eat-salami-snack-trio,g,,1532,370,31.0,12.2,1.7,<0.5,<0.5,20.9,4.15,2026-10-09,https://www.sainsburys.co.uk/groceries/product/sainsburys-70g-high-protein-ready-to-eat-salami-snack-trio
sainsburys-750g-aberdeen-angus-silverside-diced-beef-taste-the-difference,g,,749,178,5.2,2.0,<0.5,<0.5,<0.5,32.6,0.11,2026-10-09,https://www.sainsburys.co.uk/groceries/product/sainsburys-750g-aberdeen-angus-silverside-diced-beef-taste-the-difference
sainsburys-8-british-roast-chicken-breast-slices-135g,g,,475,112,1.3,0.4,<0.5,<0.5,<0.5,25.1,1.04,2026-10-09,https://www.sainsburys.co.uk/groceries/product/sainsburys-8-british-roast-chicken-breast-slices-135g
sainsburys-8-honey-roast-wafer-thin-ham-slices-120g,g,,491,116,2.7,1.1,2.0,3.2,<0.5,20.7,1.58,2026-10-09,https://www.sainsburys.co.uk/groceries/product/sainsburys-8-honey-roast-wafer-thin-ham-slices-120g
sainsburys-8-wafer-thin-cooked-ham-slices-120g,g,,454,108,2.2,0.8,0.6,0.6,<0.5,21.1,1.63,2026-10-09,https://www.sainsburys.co.uk/groceries/product/sainsburys-8-wafer-thin-cooked-ham-slices-120g
sainsburys-8-x-british-turkey-sausages-454g,g,,611,145,4.6,1.3,7.9,<0.5,0.9,17.6,1.18,2026-10-09,https://www.sainsburys.co.uk/groceries/product/sainsburys-8-x-british-turkey-sausages-454g
sainsburys-800g-giant-couscous-chickpea-feta-sharing-salad-taste-the-difference,g,,710,169,6.4,2.2,21.2,1.6,2.1,5.7,0.91,2026-10-09,https://www.sainsburys.co.uk/groceries/product/sainsburys-800g-giant-couscous-chickpea-feta-sharing-salad-taste-the-difference
sainsburys-800g-greek-inspired-whipped-feta-sharing-salad-taste-the-difference,g,,826,198,12.8,3.5,14.4,1.6,2.0,5.4,0.62,2026-10-09,https://www.sainsburys.co.uk/groceries/product/sainsburys-800g-greek-inspired-whipped-feta-sharing-salad-taste-the-difference
sainsburys-800g-tabbouleh-sharing-salad-taste-the-difference,g,,612,146,5.8,0.5,19.4,2.0,1.9,3.1,0.80,2026-10-09,https://www.sainsburys.co.uk/groceries/product/sainsburys-800g-tabbouleh-sharing-salad-taste-the-difference
sainsburys-80g-high-protein-ready-to-eat-chorizo-snack-trio,g,,1587,383,31.6,19.6,<0.5,<0.5,1.6,23.4,1.42,2026-10-09,https://www.sainsburys.co.uk/groceries/product/sainsburys-80g-high-protein-ready-to-eat-chorizo-snack-trio
sainsburys-80g-high-protein-ready-to-eat-honey-roast-salmon-chunk,g,,1152,275,14.6,2.5,6.3,5.6,<0.5,29.7,1.76,2026-10-09,https://www.sainsburys.co.uk/groceries/product/sainsburys-80g-high-protein-ready-to-eat-honey-roast-salmon-chunk
sainsburys-80g-high-protein-ready-to-eat-sweet-chilli-salmon-bites,g,,1004,240,13.8,2.5,8.5,5.1,0.7,20.2,0.87,2026-10-09,https://www.sainsburys.co.uk/groceries/product/sainsburys-80g-high-protein-ready-to-eat-sweet-chilli-salmon-bites
sainsburys-80g-high-protein-ready-to-eat-sweet-chilli-salmon-chunk,g,,1188,284,15.2,2.6,7.6,5.4,<0.5,29.2,1.81,2026-10-09,https://www.sainsburys.co.uk/groceries/product/sainsburys-80g-high-protein-ready-to-eat-sweet-chilli-salmon-chunk
sainsburys-80g-honey-roast-scottish-salmon-flakes,g,,838,200,10.4,2.0,3.2,3.2,<0.5,23.3,1.06,2026-10-09,https://www.sainsburys.co.uk/groceries/product/sainsburys-80g-honey-roast-scottish-salmon-flakes
sainsburys-80g-ready-to-eat-texan-bbq-meatballs,g,,613,146,4.1,1.2,8.1,3.8,1.7,18.1,0.87,2026-10-09,https://www.sainsburys.co.uk/groceries/product/sainsburys-80g-ready-to-eat-texan-bbq-meatballs
sainsburys-80g-salami-cremona-taste-the-difference,g,,1604,386,30.2,11.5,1.9,<0.5,<0.5,26.7,3.67,2026-10-09,https://www.sainsburys.co.uk/groceries/product/sainsburys-80g-salami-cremona-taste-the-difference
sainsburys-80g-souvlaki-meatballs,g,,624,148,3.9,1.1,8.5,3.4,1.5,19.0,0.58,2026-10-09,https://www.sainsburys.co.uk/groceries/product/sainsburys-80g-souvlaki-meatballs
sainsburys-880g-large-aberdeen-angus-chateaubriand-taste-the-difference,g,,593,140,1.3,0.7,<0.5,<0.5,<0.5,32.0,0.13,2026-10-09,https://www.sainsburys.co.uk/groceries/product/sainsburys-880g-large-aberdeen-angus-chateaubriand-taste-the-difference
sainsburys-90g-high-protein-ready-to-eat-chilli-coriander-king-prawns,g,,393,93,2.9,0.4,0.6,<0.5,<0.5,16.1,1.47,2026-10-09,https://www.sainsburys.co.uk/groceries/product/sainsburys-90g-high-protein-ready-to-eat-chilli-coriander-king-prawns
sainsburys-90g-high-protein-ready-to-eat-garlic-parsley-king-prawns,g,,381,90,2.2,0.3,<0.5,<0.5,<0.5,17.3,1.42,2026-10-09,https://www.sainsburys.co.uk/groceries/product/sainsburys-90g-high-protein-ready-to-eat-garlic-parsley-king-prawns
sainsburys-90g-ready-to-eat-chargrilled-mini-fillet-pieces,g,,512,121,1.2,0.4,<0.5,<0.5,<0.5,27.3,0.48,2026-10-09,https://www.sainsburys.co.uk/groceries/product/sainsburys-90g-ready-to-eat-chargrilled-mini-fillet-pieces
sainsburys-90g-ready-to-eat-salt-chilli-thigh-fillet-pieces,g,,756,180,7.7,2.2,4.7,2.4,0.8,22.6,0.54,2026-10-09,https://www.sainsburys.co.uk/groceries/product/sainsburys-90g-ready-to-eat-salt-chilli-thigh-fillet-pieces
sainsburys-90g-ready-to-eat-sweet-smoky-mini-fillet-pieces,g,,539,127,1.4,0.4,6.5,6.1,1.4,21.5,0.63,2026-10-09,https://www.sainsburys.co.uk/groceries/product/sainsburys-90g-ready-to-eat-sweet-smoky-mini-fillet-pieces
sainsburys-925g-party-size-potato-salad-taste-the-difference,g,,618,148,10.0,1.6,12.2,2.3,1.2,1.8,0.63,2026-10-09,https://www.sainsburys.co.uk/groceries/product/sainsburys-925g-party-size-potato-salad-taste-the-difference
sainsburys-aberdeen-angus-cote-de-boeuf-taste-the-difference-approx-800g,g,,1185,284,18.1,7.6,0.7,0.7,<0.5,29.6,0.10,2026-10-09,https://www.sainsburys.co.uk/groceries/product/sainsburys-aberdeen-angus-cote-de-boeuf-taste-the-difference-approx-800g
sainsburys-aberdeen-angus-medium-rolled-sirloin-of-beef-taste-the-difference-approx-1-4kg,g,,1097,263,17.8,8.1,<0.5,<0.5,<0.5,25.6,0.13,2026-10-09,https://www.sainsburys.co.uk/groceries/product/sainsburys-aberdeen-angus-medium-rolled-sirloin-of-beef-taste-the-difference-approx-1-4kg
sainsburys-aberdeen-angus-oxtail-taste-the-difference-approx-1kg,g,,1089,261,17.5,6.3,<0.5,<0.5,<0.5,25.9,0.22,2026-10-09,https://www.sainsburys.co.uk/groceries/product/sainsburys-aberdeen-angus-oxtail-taste-the-difference-approx-1kg
sainsburys-aberdeen-angus-roasting-joint-taste-the-difference-550g,g,,851,203,9.3,3.8,1.7,1.7,<0.5,28.2,0.38,2026-10-09,https://www.sainsburys.co.uk/groceries/product/sainsburys-aberdeen-angus-roasting-joint-taste-the-difference-550g
sainsburys-aberdeen-angus-slow-roast-beef-joint-taste-the-difference-approx-1-75kg,g,,725,173,7.4,2.9,<0.5,<0.5,<0.5,26.4,0.17,2026-10-09,https://www.sainsburys.co.uk/groceries/product/sainsburys-aberdeen-angus-slow-roast-beef-joint-taste-the-difference-approx-1-75kg
sainsburys-aberdeen-angus-slow-roast-beef-joint-taste-the-difference-approx-2-2kg,g,,725,173,7.4,2.9,<0.5,<0.5,<0.5,26.4,0.17,2026-10-09,https://www.sainsburys.co.uk/groceries/product/sainsburys-aberdeen-angus-slow-roast-beef-joint-taste-the-difference-approx-2-2kg
sainsburys-aberdeen-angus-thick-cut-bone-in-sirloin-taste-the-difference-approx-700g,g,,1145,275,19.0,9.6,<0.5,<0.5,<0.5,26.0,0.25,2026-10-09,https://www.sainsburys.co.uk/groceries/product/sainsburys-aberdeen-angus-thick-cut-bone-in-sirloin-taste-the-difference-approx-700g
sainsburys-air-dried-breaded-lean-cooked-british-ham-slices-taste-the-difference-x4-120g,g,,532,126,2.5,0.9,1.0,<0.5,<0.5,24.9,2.21,2026-10-09,https://www.sainsburys.co.uk/groceries/product/sainsburys-air-dried-breaded-lean-cooked-british-ham-slices-taste-the-difference-x4-120g
sainsburys-air-dried-breaded-wafer-thin-cooked-british-ham-slices-taste-the-difference-x8-120g,g,,532,126,2.5,0.9,1.0,<0.5,<0.5,24.9,2.22,2026-10-09,https://www.sainsburys.co.uk/groceries/product/sainsburys-air-dried-breaded-wafer-thin-cooked-british-ham-slices-taste-the-difference-x8-120g
sainsburys-air-dried-english-honey-roast-wafer-thin-lean-cooked-british-ham-taste-the-difference-120g,g,,535,127,2.0,0.7,<0.5,<0.5,<0.5,26.7,2.28,2026-10-09,https://www.sainsburys.co.uk/groceries/product/sainsburys-air-dried-english-honey-roast-wafer-thin-lean-cooked-british-ham-taste-the-difference-120g
sainsburys-air-dried-oak-smoked-wafer-thin-cooked-british-ham-taste-the-difference-120g,g,,549,130,2.8,1.0,<0.5,<0.5,<0.5,26.0,2.48,2026-10-09,https://www.sainsburys.co.uk/groceries/product/sainsburys-air-dried-oak-smoked-wafer-thin-cooked-british-ham-taste-the-difference-120g
sainsburys-antipasto-selection-air-dried-taste-the-difference-120g,g,,1048,251,15.5,6.0,<0.5,<0.5,<0.5,27.2,4.61,2026-10-09,https://www.sainsburys.co.uk/groceries/product/sainsburys-antipasto-selection-air-dried-taste-the-difference-120g
sainsburys-approx-165g-ready-to-eat-sweetcure-boneless-hot-smoked-mackerel-taste-the-difference,g,,1082,260,16.9,4.8,3.7,2.3,,23.0,2.62,2026-10-09,https://www.sainsburys.co.uk/groceries/product/sainsburys-approx-165g-ready-to-eat-sweetcure-boneless-hot-smoked-mackerel-taste-the-difference
sainsburys-approx-2-0kg-aberdeen-angus-bone-in-rib-taste-the-difference,g,,1005,240,13.4,7.0,0.9,<0.5,<0.5,29.0,0.29,2026-10-09,https://www.sainsburys.co.uk/groceries/product/sainsburys-approx-2-0kg-aberdeen-angus-bone-in-rib-taste-the-difference
sainsburys-approx-230g-ready-to-eat-british-hot-smoked-peppered-mackerel-fillets,g,,1280,307,20.7,5.3,10.3,<0.5,<0.5,19.7,1.97,2026-10-09,https://www.sainsburys.co.uk/groceries/product/sainsburys-approx-230g-ready-to-eat-british-hot-smoked-peppered-mackerel-fillets
sainsburys-approx-590g-british-free-range-chicken-breast-fillets-taste-the-difference,g,,630,149,1.9,0.8,<0.5,<0.5,<0.5,32.9,0.13,2026-10-09,https://www.sainsburys.co.uk/groceries/product/sainsburys-approx-590g-british-free-range-chicken-breast-fillets-taste-the-difference
sainsburys-ardennes-pate-170g,g,,1088,263,22.9,8.9,3.2,1.3,<0.5,10.9,1.77,2026-10-09,https://www.sainsburys.co.uk/groceries/product/sainsburys-ardennes-pate-170g
sainsburys-ardennes-spreadable-pate-175g,g,,1091,264,22.9,8.9,2.5,1.7,<0.5,11.9,1.77,2026-10-09,https://www.sainsburys.co.uk/groceries/product/sainsburys-ardennes-spreadable-pate-175g
sainsburys-artichokes-inspired-to-cook-120g,g,,688,167,15.1,1.1,4.6,0.6,2.9,1.7,0.48,2026-10-09,https://www.sainsburys.co.uk/groceries/product/sainsburys-artichokes-inspired-to-cook-120g
sainsburys-asc-scottish-mild-smoked-salmon-100g-ready-to-eat,g,,772,185,9.7,1.8,0.7,<0.5,<0.5,23.6,3.78,2026-10-09,https://www.sainsburys.co.uk/groceries/product/sainsburys-asc-scottish-mild-smoked-salmon-100g-ready-to-eat
sainsburys-authentic-greek-yogurt-taste-the-difference-500g,g,serving,537,129,9.7,7.1,4.6,3.0,<0.5,5.9,0.15,2026-10-09,https://www.sainsburys.co.uk/groceries/product/sainsburys-authentic-greek-yogurt-taste-the-difference-500g
sainsburys-barber-cheese-ham-hock-chicken-kyiv-taste-the-difference-385g,g,,827,197,8.4,2.0,12.6,1.3,0.6,17.5,0.59,2026-10-09,https://www.sainsburys.co.uk/groceries/product/sainsburys-barber-cheese-ham-hock-chicken-kyiv-taste-the-difference-385g
sainsburys-basa-fillets-asc-250g,g,,373,88,0.8,0.3,<0.5,<0.5,0.5,19.8,0.04,2026-10-09,https://www.sainsburys.co.uk/groceries/product/sainsburys-basa-fillets-asc-250g
sainsburys-beef-meatballs-500g,g,,1029,247,16.3,7.4,3.6,<0.5,<0.5,21.5,0.75,2026-10-09,https://www.sainsburys.co.uk/groceries/product/sainsburys-beef-meatballs-500g
sainsburys-beef-meatballs-taste-the-difference-350g,g,,1109,266,18.1,7.8,5.9,0.5,<0.5,19.9,0.85,2026-10-09,https://www.sainsburys.co.uk/groceries/product/sainsburys-beef-meatballs-taste-the-difference-350g
sainsburys-beef-mince-12-fat-taste-the-difference-500g,g,,879,210,11.9,5.7,<0.5,<0.5,<0.5,25.8,0.18,2026-10-09,https://www.sainsburys.co.uk/groceries/product/sainsburys-beef-mince-12-fat-taste-the-difference-500g
sainsburys-beef-ranch-steaks-with-garlic-butter-taste-the-difference-300g,g,,841,201,9.5,5.1,<0.5,<0.5,<0.5,28.8,0.25,2026-10-09,https://www.sainsburys.co.uk/groceries/product/sainsburys-beef-ranch-steaks-with-garlic-butter-taste-the-difference-300g
sainsburys-beef-skirt,g,,903,215,7.3,3.2,<0.5,<0.5,<0.5,36.7,0.22,2026-10-09,https://www.sainsburys.co.uk/groceries/product/sainsburys-beef-skirt
sainsburys-beetroot-salad-300g,g,,235,56,1.0,<0.1,10.0,9.5,1.9,0.7,0.17,2026-10-09,https://www.sainsburys.co.uk/groceries/product/sainsburys-beetroot-salad-300g
sainsburys-breaded-british-yorkshire-cured-ham-slices-taste-the-difference-x7-225g,g,,490,116,2.3,0.9,1.7,<0.5,<0.5,22.1,1.97,2026-10-09,https://www.sainsburys.co.uk/groceries/product/sainsburys-breaded-british-yorkshire-cured-ham-slices-taste-the-difference-x7-225g
sainsburys-breaded-chicken-bites-x20-200g,g,,1146,275,17.1,3.0,17.4,0.9,1.1,12.3,1.02,2026-10-09,https://www.sainsburys.co.uk/groceries/product/sainsburys-breaded-chicken-bites-x20-200g
sainsburys-breaded-chicken-goujons-1kg,g,,1177,282,16.0,2.4,16.3,2.4,<0.5,18.0,0.69,2026-10-09,https://www.sainsburys.co.uk/groceries/product/sainsburys-breaded-chicken-goujons-1kg
sainsburys-breaded-firecracker-british-fresh-chicken-breast-mini-fillets-305g,g,,1011,241,9.2,0.9,18.0,1.7,0.9,20.9,0.79,2026-10-09,https://www.sainsburys.co.uk/groceries/product/sainsburys-breaded-firecracker-british-fresh-chicken-breast-mini-fillets-305g
sainsburys-breaded-firecracker-british-fresh-chicken-breast-x2-350g,g,,820,195,7.3,0.9,12.5,0.9,1.2,19.2,0.58,2026-10-09,https://www.sainsburys.co.uk/groceries/product/sainsburys-breaded-firecracker-british-fresh-chicken-breast-x2-350g
sainsburys-breaded-firecracker-british-fresh-chicken-wings-500g,g,edible portion,1117,268,16.5,2.6,14.2,1.5,1.2,15.0,0.65,2026-10-09,https://www.sainsburys.co.uk/groceries/product/sainsburys-breaded-firecracker-british-fresh-chicken-wings-500g
sainsburys-breaded-fresh-british-chicken-breast-fillets-x2-350g,g,,779,185,7.0,0.9,13.4,1.7,2.0,16.3,0.49,2026-10-09,https://www.sainsburys.co.uk/groceries/product/sainsburys-breaded-fresh-british-chicken-breast-fillets-x2-350g
sainsburys-breaded-fresh-british-chicken-goujons-270g,g,,1177,282,16.0,2.4,16.3,2.4,<0.5,18.0,0.69,2026-10-09,https://www.sainsburys.co.uk/groceries/product/sainsburys-breaded-fresh-british-chicken-goujons-270g
sainsburys-breaded-fresh-british-chicken-goujons-540g,g,,1177,282,16.0,2.4,16.3,2.4,<0.5,18.0,0.69,2026-10-09,https://www.sainsburys.co.uk/groceries/product/sainsburys-breaded-fresh-british-chicken-goujons-540g
sainsburys-breaded-fresh-british-chicken-mini-fillets-305g,g,,852,203,7.7,1.4,16.3,1.7,2.0,16.0,0.44,2026-10-09,https://www.sainsburys.co.uk/groceries/product/sainsburys-breaded-fresh-british-chicken-mini-fillets-305g
sainsburys-breaded-ham-slices-x16-400g,g,,448,106,2.4,0.8,2.1,<0.5,<0.5,18.9,1.55,2026-10-09,https://www.sainsburys.co.uk/groceries/product/sainsburys-breaded-ham-slices-x16-400g
sainsburys-breaded-msc-haddock-fillets-x2-300g,g,,959,228,9.2,0.8,22.0,0.6,1.3,13.7,0.97,2026-10-09,https://www.sainsburys.co.uk/groceries/product/sainsburys-breaded-msc-haddock-fillets-x2-300g
sainsburys-breaded-yorkshire-cured-cooked-british-ham-slices-taste-the-difference-x4-120g,g,,490,116,2.3,0.9,1.7,<0.5,<0.5,22.1,1.98,2026-10-09,https://www.sainsburys.co.uk/groceries/product/sainsburys-breaded-yorkshire-cured-cooked-british-ham-slices-taste-the-difference-x4-120g
sainsburys-british-beef-mince-5-fat-taste-the-difference-500g,g,,673,160,4.8,2.1,<0.5,<0.5,<0.5,28.9,0.21,2026-10-09,https://www.sainsburys.co.uk/groceries/product/sainsburys-british-beef-mince-5-fat-taste-the-difference-500g
sainsburys-british-beef-short-ribs-taste-the-difference-approx-1-5kg,g,,1396,336,24.7,11.3,<0.5,<0.5,<0.5,28.2,0.24,2026-10-09,https://www.sainsburys.co.uk/groceries/product/sainsburys-british-beef-short-ribs-taste-the-difference-approx-1-5kg
sainsburys-british-beef-thick-cut-fillet-steak-taste-the-difference-x1-approx-250g,g,,588,140,4.8,2.0,<0.5,<0.5,<0.5,24.1,0.15,2026-10-09,https://www.sainsburys.co.uk/groceries/product/sainsburys-british-beef-thick-cut-fillet-steak-taste-the-difference-x1-approx-250g
sainsburys-british-beef-thick-cut-rump-steak-taste-the-difference-400g,g,,720,172,8.5,3.2,<0.5,<0.5,<0.5,23.7,0.16,2026-10-09,https://www.sainsburys.co.uk/groceries/product/sainsburys-british-beef-thick-cut-rump-steak-taste-the-difference-400g
sainsburys-british-butter-roast-chicken-150g,g,,452,107,1.5,0.5,<0.5,<0.5,<0.5,23.1,0.96,2026-10-09,https://www.sainsburys.co.uk/groceries/product/sainsburys-british-butter-roast-chicken-150g
sainsburys-british-classic-cheese-onion-crispbakes-x2-227g,g,,1029,247,15.9,6.0,18.2,2.2,1.4,7.0,0.49,2026-10-09,https://www.sainsburys.co.uk/groceries/product/sainsburys-british-classic-cheese-onion-crispbakes-x2-227g
sainsburys-british-cooked-beef-slices-x10-115g,g,,446,106,2.3,0.9,1.4,0.8,<0.5,19.7,1.35,2026-10-09,https://www.sainsburys.co.uk/groceries/product/sainsburys-british-cooked-beef-slices-x10-115g
sainsburys-british-cooked-ham-slices-x10-115g,g,,426,101,2.1,0.8,0.8,0.8,<0.5,19.6,1.61,2026-10-09,https://www.sainsburys.co.uk/groceries/product/sainsburys-british-cooked-ham-slices-x10-115g
sainsburys-british-cooked-honey-roast-ham-slices-x10-115g,g,,510,121,2.7,1.1,3.2,3.2,<0.5,20.7,1.58,2026-10-09,https://www.sainsburys.co.uk/groceries/product/sainsburys-british-cooked-honey-roast-ham-slices-x10-115g
sainsburys-british-corned-beef-slices-100g,g,,946,227,13.6,5.3,0.9,<0.5,0.9,24.7,1.40,2026-10-09,https://www.sainsburys.co.uk/groceries/product/sainsburys-british-corned-beef-slices-100g
sainsburys-british-diced-beef-so-organic-500g,g,,761,181,5.0,1.8,3.5,1.3,0.8,30.0,0.31,2026-10-09,https://www.sainsburys.co.uk/groceries/product/sainsburys-british-diced-beef-so-organic-500g
sainsburys-british-drury-lane-ham-225g,g,,558,133,5.8,2.1,<0.5,<0.5,<0.5,19.8,2.21,2026-10-09,https://www.sainsburys.co.uk/groceries/product/sainsburys-british-drury-lane-ham-225g
sainsburys-british-duck-breast-fillets-x2-397g,g,,804,192,8.7,2.6,<0.5,<0.5,0.6,28.0,0.25,2026-10-09,https://www.sainsburys.co.uk/groceries/product/sainsburys-british-duck-breast-fillets-x2-397g
sainsburys-british-duck-legs-x2-480g,g,,995,238,12.0,3.7,<0.5,<0.5,0.7,32.0,0.32,2026-10-09,https://www.sainsburys.co.uk/groceries/product/sainsburys-british-duck-legs-x2-480g
sainsburys-british-finely-sliced-drury-lane-ham-150g,g,,558,133,5.8,2.1,<0.5,<0.5,<0.5,19.8,2.21,2026-10-09,https://www.sainsburys.co.uk/groceries/product/sainsburys-british-finely-sliced-drury-lane-ham-150g
sainsburys-british-fresh-chicken-breast-pieces-in-a-salt-chilli-breadcrumb-coating-250g,g,,1239,296,16.0,1.5,21.4,2.5,1.5,16.0,0.73,2026-10-09,https://www.sainsburys.co.uk/groceries/product/sainsburys-british-fresh-chicken-breast-pieces-in-a-salt-chilli-breadcrumb-coating-250g
sainsburys-british-fresh-chicken-livers-400g,g,,593,141,6.0,2.2,0.8,<0.5,<0.5,20.9,0.26,2026-10-09,https://www.sainsburys.co.uk/groceries/product/sainsburys-british-fresh-chicken-livers-400g
sainsburys-british-honey-roast-thick-cut-ham-150g,g,,659,157,7.3,2.8,3.2,3.2,<0.5,19.7,1.88,2026-10-09,https://www.sainsburys.co.uk/groceries/product/sainsburys-british-honey-roast-thick-cut-ham-150g
sainsburys-british-or-irish-10-fat-12-beef-meatballs-350g,g,,842,201,10.3,4.5,3.7,<0.5,<0.5,23.4,1.00,2026-10-09,https://www.sainsburys.co.uk/groceries/product/sainsburys-british-or-irish-10-fat-12-beef-meatballs-350g
sainsburys-british-or-irish-10-fat-24-meatballs-700g,g,,842,201,10.3,4.5,3.7,<0.5,<0.5,23.4,1.00,2026-10-09,https://www.sainsburys.co.uk/groceries/product/sainsburys-british-or-irish-10-fat-24-meatballs-700g
sainsburys-british-or-irish-12-fat-beef-mince-500g,g,,862,206,11.8,5.4,<0.5,<0.5,<0.5,25.0,0.18,2026-10-09,https://www.sainsburys.co.uk/groceries/product/sainsburys-british-or-irish-12-fat-beef-mince-500g
sainsburys-british-or-irish-20-fat-beef-mince-500g,g,,1134,273,19.4,8.5,0.8,<0.5,<0.5,23.7,0.30,2026-10-09,https://www.sainsburys.co.uk/groceries/product/sainsburys-british-or-irish-20-fat-beef-mince-500g
sainsburys-british-or-irish-21-day-matured-beef-fillet-steak-x2-approx-300g,g,,667,159,6.5,3.0,<0.5,<0.5,<0.5,25.1,0.18,2026-10-09,https://www.sainsburys.co.uk/groceries/product/sainsburys-british-or-irish-21-day-matured-beef-fillet-steak-x2-approx-300g
sainsburys-british-or-irish-21-day-matured-boneless-beef-rib-joint-approx-1-25kg,g,,1231,296,20.0,8.4,<0.5,<0.5,<0.5,28.9,0.20,2026-10-09,https://www.sainsburys.co.uk/groceries/product/sainsburys-british-or-irish-21-day-matured-boneless-beef-rib-joint-approx-1-25kg
sainsburys-british-or-irish-21-day-matured-extra-lean-beef-escalope-300g,g,,752,178,3.6,1.5,<0.5,<0.5,<0.5,36.4,0.15,2026-10-09,https://www.sainsburys.co.uk/groceries/product/sainsburys-british-or-irish-21-day-matured-extra-lean-beef-escalope-300g
sainsburys-british-or-irish-21-day-matured-extra-lean-beef-roasting-joint-500g,g,,749,178,4.6,1.9,<0.5,<0.5,<0.5,33.5,0.10,2026-10-09,https://www.sainsburys.co.uk/groceries/product/sainsburys-british-or-irish-21-day-matured-extra-lean-beef-roasting-joint-500g
sainsburys-british-or-irish-21-day-matured-fillet-steak-170g,g,,674,161,6.5,3.0,<0.5,<0.5,<0.5,25.1,0.18,2026-10-09,https://www.sainsburys.co.uk/groceries/product/sainsburys-british-or-irish-21-day-matured-fillet-steak-170g
sainsburys-british-or-irish-21-day-matured-lean-beef-roasting-joint-approx-1-4kg,g,,719,170,3.5,1.6,<0.5,<0.5,<0.5,34.2,0.15,2026-10-09,https://www.sainsburys.co.uk/groceries/product/sainsburys-british-or-irish-21-day-matured-lean-beef-roasting-joint-approx-1-4kg
sainsburys-british-or-irish-21-day-matured-medium-fatted-beef-roasting-joint-approx-800g,g,,772,183,5.6,2.2,<0.5,<0.5,<0.5,33.0,0.18,2026-10-09,https://www.sainsburys.co.uk/groceries/product/sainsburys-british-or-irish-21-day-matured-medium-fatted-beef-roasting-joint-approx-800g
sainsburys-british-or-irish-21-day-matured-rump-steak-225g,g,,816,196,11.9,5.0,<0.5,<0.5,<0.5,22.1,0.18,2026-10-09,https://www.sainsburys.co.uk/groceries/product/sainsburys-british-or-irish-21-day-matured-rump-steak-225g
sainsburys-british-or-irish-21-day-matured-sirloin-steak-225g,g,,891,213,11.4,4.9,<0.5,<0.5,<0.5,27.6,0.20,2026-10-09,https://www.sainsburys.co.uk/groceries/product/sainsburys-british-or-irish-21-day-matured-sirloin-steak-225g
sainsburys-british-or-irish-21-day-matured-sizzler-steaks-350g,g,,804,192,7.8,2.3,<0.5,<0.5,<0.5,30.0,0.57,2026-10-09,https://www.sainsburys.co.uk/groceries/product/sainsburys-british-or-irish-21-day-matured-sizzler-steaks-350g
sainsburys-british-or-irish-21-day-matured-slow-beef-roasting-joint,g,,876,210,12.1,5.6,<0.5,<0.5,<0.5,25.2,0.25,2026-10-09,https://www.sainsburys.co.uk/groceries/product/sainsburys-british-or-irish-21-day-matured-slow-beef-roasting-joint
sainsburys-british-or-irish-21-day-matured-thin-cut-sirloin-steak-155g,g,,891,213,11.4,4.9,<0.5,<0.5,<0.5,27.6,0.20,2026-10-09,https://www.sainsburys.co.uk/groceries/product/sainsburys-british-or-irish-21-day-matured-thin-cut-sirloin-steak-155g
sainsburys-british-or-irish-25-fat-beef-mince-500g,g,,1292,311,23.4,10.0,<0.5,<0.5,,25.0,0.20,2026-10-09,https://www.sainsburys.co.uk/groceries/product/sainsburys-british-or-irish-25-fat-beef-mince-500g
sainsburys-british-or-irish-5-fat-12-beef-meatballs-350g,g,,708,169,6.1,2.7,2.8,<0.5,<0.5,25.4,1.00,2026-10-09,https://www.sainsburys.co.uk/groceries/product/sainsburys-british-or-irish-5-fat-12-beef-meatballs-350g
sainsburys-british-or-irish-5-fat-beef-mince-250g,g,,707,168,4.7,2.1,<0.5,<0.5,<0.5,31.0,0.23,2026-10-09,https://www.sainsburys.co.uk/groceries/product/sainsburys-british-or-irish-5-fat-beef-mince-250g
sainsburys-british-or-irish-5-fat-beef-mince-750g,g,,707,168,4.7,2.1,<0.5,<0.5,<0.5,31.0,0.23,2026-10-09,https://www.sainsburys.co.uk/groceries/product/sainsburys-british-or-irish-5-fat-beef-mince-750g
sainsburys-british-or-irish-beef-21-day-matured-thick-cut-rump-steak-400g,g,,618,147,4.6,2.3,<0.5,<0.5,<0.5,26.3,0.15,2026-10-09,https://www.sainsburys.co.uk/groceries/product/sainsburys-british-or-irish-beef-21-day-matured-thick-cut-rump-steak-400g
sainsburys-british-or-irish-beef-brisket-approx-1-7kg,g,,1008,241,12.1,4.3,1.1,<0.5,<0.5,31.9,0.20,2026-10-09,https://www.sainsburys.co.uk/groceries/product/sainsburys-british-or-irish-beef-brisket-approx-1-7kg
sainsburys-british-or-irish-beef-mince-1kg,g,,707,168,4.7,2.1,<0.5,<0.5,<0.5,31.0,0.23,2026-10-09,https://www.sainsburys.co.uk/groceries/product/sainsburys-british-or-irish-beef-mince-1kg
sainsburys-british-or-irish-diced-beef-500g,g,,826,196,7.2,2.1,2.2,1.2,<0.5,30.8,0.30,2026-10-09,https://www.sainsburys.co.uk/groceries/product/sainsburys-british-or-irish-diced-beef-500g
sainsburys-british-or-irish-extra-lean-casserole-steak-500g,g,,750,178,4.3,1.6,0.8,<0.5,<0.5,33.9,0.18,2026-10-09,https://www.sainsburys.co.uk/groceries/product/sainsburys-british-or-irish-extra-lean-casserole-steak-500g
sainsburys-british-or-irish-extra-lean-diced-beef-250g,g,,712,169,5.2,1.8,1.1,0.7,0.6,29.1,0.21,2026-10-09,https://www.sainsburys.co.uk/groceries/product/sainsburys-british-or-irish-extra-lean-diced-beef-250g
sainsburys-british-or-irish-extra-lean-diced-beef-500g,g,,712,169,5.2,1.8,1.1,0.7,0.6,29.1,0.21,2026-10-09,https://www.sainsburys.co.uk/groceries/product/sainsburys-british-or-irish-extra-lean-diced-beef-500g
sainsburys-british-or-irish-stir-fry-beef-350g,g,,665,158,6.0,2.3,<0.5,<0.5,<0.5,26.1,0.78,2026-10-09,https://www.sainsburys.co.uk/groceries/product/sainsburys-british-or-irish-stir-fry-beef-350g
sainsburys-british-or-new-zealand-diced-lamb-shoulder-400g,g,,1037,248,14.5,6.2,0.8,0.8,<0.5,28.6,0.26,2026-10-09,https://www.sainsburys.co.uk/groceries/product/sainsburys-british-or-new-zealand-diced-lamb-shoulder-400g
sainsburys-british-or-new-zealand-lamb-breast-approx-775g,g,,1493,361,32.7,16.9,<0.5,<0.5,<0.5,16.7,1.07,2026-10-09,https://www.sainsburys.co.uk/groceries/product/sainsburys-british-or-new-zealand-lamb-breast-approx-775g
sainsburys-british-or-new-zealand-lamb-mint-kebabs-360g,g,,996,239,16.0,7.6,7.3,4.5,<0.5,16.1,0.67,2026-10-09,https://www.sainsburys.co.uk/groceries/product/sainsburys-british-or-new-zealand-lamb-mint-kebabs-360g
sainsburys-british-or-new-zealand-lean-lamb-leg-steaks-approx-265g,g,,658,157,6.6,2.6,<0.5,<0.5,<0.5,23.8,0.25,2026-10-09,https://www.sainsburys.co.uk/groceries/product/sainsburys-british-or-new-zealand-lean-lamb-leg-steaks-approx-265g
sainsburys-british-pork-and-red-onion-sausages-taste-the-difference-x6-400g,g,,883,212,13.4,4.8,7.3,4.1,1.0,15.1,1.35,2026-10-09,https://www.sainsburys.co.uk/groceries/product/sainsburys-british-pork-and-red-onion-sausages-taste-the-difference-x6-400g
sainsburys-british-pork-apple-sausages-taste-the-difference-x6-400g,g,grilled,1059,255,19.0,6.8,7.3,6.0,1.0,13.2,1.03,2026-10-09,https://www.sainsburys.co.uk/groceries/product/sainsburys-british-pork-apple-sausages-taste-the-difference-x6-400g
sainsburys-british-pork-chipolata-sausages-taste-the-difference-x12-375g,g,,1151,277,21.1,8.2,2.1,0.7,<0.5,19.5,1.28,2026-10-09,https://www.sainsburys.co.uk/groceries/product/sainsburys-british-pork-chipolata-sausages-taste-the-difference-x12-375g
sainsburys-british-pork-chipolatas-taste-the-difference-x20-625g,g,,1151,277,21.1,8.2,2.1,0.7,<0.5,19.5,1.28,2026-10-09,https://www.sainsburys.co.uk/groceries/product/sainsburys-british-pork-chipolatas-taste-the-difference-x20-625g
sainsburys-british-pork-cocktail-sausages-taste-the-difference-x18-270g,g,,1151,277,21.1,8.2,2.1,0.7,<0.5,19.5,1.28,2026-10-09,https://www.sainsburys.co.uk/groceries/product/sainsburys-british-pork-cocktail-sausages-taste-the-difference-x18-270g
sainsburys-british-pork-cumberland-sausages-taste-the-difference-x6-400g,g,,996,239,16.7,6.1,4.3,0.8,1.0,17.4,0.94,2026-10-09,https://www.sainsburys.co.uk/groceries/product/sainsburys-british-pork-cumberland-sausages-taste-the-difference-x6-400g
sainsburys-british-pork-sage-onion-stuffing-balls-x12-360g,g,oven cooked,1031,248,17.0,6.4,10.0,1.6,1.4,13.0,1.30,2026-10-09,https://www.sainsburys.co.uk/groceries/product/sainsburys-british-pork-sage-onion-stuffing-balls-x12-360g
sainsburys-british-pork-sausages-taste-the-difference-x6-400g,g,,1151,277,21.1,8.2,2.1,0.7,<0.5,19.5,1.28,2026-10-09,https://www.sainsburys.co.uk/groceries/product/sainsburys-british-pork-sausages-taste-the-difference-x6-400g
sainsburys-british-roast-chicken-stuffing-100g-x4-slices,g,,460,109,2.3,0.7,1.1,1.0,<0.5,21.0,1.07,2026-10-09,https://www.sainsburys.co.uk/groceries/product/sainsburys-british-roast-chicken-stuffing-100g-x4-slices
sainsburys-british-small-whole-chicken,g,,860,206,11.6,2.9,<0.5,<0.5,<0.5,25.2,0.17,2026-10-09,https://www.sainsburys.co.uk/groceries/product/sainsburys-british-small-whole-chicken
sainsburys-british-smoked-cooked-crispy-bacon-rashers-50g,g,,1971,472,28.9,11.0,0.8,<0.5,<0.5,52.2,5.03,2026-10-09,https://www.sainsburys.co.uk/groceries/product/sainsburys-british-smoked-cooked-crispy-bacon-rashers-50g
sainsburys-british-sweet-chilli-chicken-thighs-700g,g,,860,206,12.1,3.2,2.8,2.8,1.0,21.0,0.56,2026-10-09,https://www.sainsburys.co.uk/groceries/product/sainsburys-british-sweet-chilli-chicken-thighs-700g
sainsburys-british-wafer-thin-cooked-chicken-slices-150g,g,,508,121,4.1,1.2,1.7,<0.5,<0.5,19.2,1.23,2026-10-09,https://www.sainsburys.co.uk/groceries/product/sainsburys-british-wafer-thin-cooked-chicken-slices-150g
sainsburys-british-wafer-thin-cooked-chicken-slices-400g,g,,508,121,4.1,1.2,1.7,<0.5,<0.5,19.2,1.23,2026-10-09,https://www.sainsburys.co.uk/groceries/product/sainsburys-british-wafer-thin-cooked-chicken-slices-400g
sainsburys-british-wafer-thin-cooked-ham-slices-150g,g,,423,100,2.1,0.8,0.8,0.8,<0.5,19.6,1.61,2026-10-09,https://www.sainsburys.co.uk/groceries/product/sainsburys-british-wafer-thin-cooked-ham-slices-150g
sainsburys-british-wafer-thin-cooked-ham-slices-400g,g,,423,100,2.1,0.8,0.8,0.8,<0.5,19.6,1.61,2026-10-09,https://www.sainsburys.co.uk/groceries/product/sainsburys-british-wafer-thin-cooked-ham-slices-400g
sainsburys-british-wafer-thin-honey-cured-ham-slices-150g,g,,433,103,1.7,0.6,2.8,2.8,<0.5,18.8,1.50,2026-10-09,https://www.sainsburys.co.uk/groceries/product/sainsburys-british-wafer-thin-honey-cured-ham-slices-150g
sainsburys-british-wafer-thin-honey-cured-ham-slices-400g,g,,433,103,1.7,0.6,2.8,2.8,<0.5,18.8,1.50,2026-10-09,https://www.sainsburys.co.uk/groceries/product/sainsburys-british-wafer-thin-honey-cured-ham-slices-400g
sainsburys-british-wiltshire-cured-ham-x4-slices-taste-the-difference-120g,g,,487,115,2.4,0.9,<0.5,<0.5,<0.5,23.2,2.82,2026-10-09,https://www.sainsburys.co.uk/groceries/product/sainsburys-british-wiltshire-cured-ham-x4-slices-taste-the-difference-120g
sainsburys-brunswick-ham-slices-x6-120g,g,,515,122,3.9,1.5,<0.5,<0.5,<0.5,21.5,1.62,2026-10-09,https://www.sainsburys.co.uk/groceries/product/sainsburys-brunswick-ham-slices-x6-120g
sainsburys-brussels-garlic-pate-170g,g,,1195,289,25.9,10.2,4.0,1.8,<0.5,9.8,1.68,2026-10-09,https://www.sainsburys.co.uk/groceries/product/sainsburys-brussels-garlic-pate-170g
sainsburys-brussels-pate-170g,g,,1156,279,24.8,9.6,4.7,1.7,<0.5,9.3,1.74,2026-10-09,https://www.sainsburys.co.uk/groceries/product/sainsburys-brussels-pate-170g
sainsburys-brussels-spreadable-pate-175g,g,,1153,279,24.8,9.6,4.1,1.7,<0.5,9.8,1.74,2026-10-09,https://www.sainsburys.co.uk/groceries/product/sainsburys-brussels-spreadable-pate-175g
sainsburys-buffalo-chicken-poppers,g,,1182,283,17.4,3.0,17.6,3.2,2.3,13.1,1.09,2026-10-09,https://www.sainsburys.co.uk/groceries/product/sainsburys-buffalo-chicken-poppers
sainsburys-butcher-s-choice-british-fresh-beef-sausages-x8-454g,g,,971,233,14.4,6.2,13.2,0.7,1.1,12.1,1.40,2026-10-09,https://www.sainsburys.co.uk/groceries/product/sainsburys-butcher-s-choice-british-fresh-beef-sausages-x8-454g
sainsburys-butcher-s-choice-british-pork-british-bacon-pigs-in-blankets-x12-260g,g,,1037,249,17.0,5.7,11.0,1.2,<0.5,13.0,1.95,2026-10-09,https://www.sainsburys.co.uk/groceries/product/sainsburys-butcher-s-choice-british-pork-british-bacon-pigs-in-blankets-x12-260g
sainsburys-butcher-s-choice-british-pork-chipolata-sausages-x12-340g,g,,997,239,15.0,5.3,12.0,2.7,<0.5,14.0,1.45,2026-10-09,https://www.sainsburys.co.uk/groceries/product/sainsburys-butcher-s-choice-british-pork-chipolata-sausages-x12-340g
sainsburys-butcher-s-choice-british-pork-sausage-x12-681g,g,,997,239,15.0,5.3,12.0,2.7,<0.5,14.0,1.45,2026-10-09,https://www.sainsburys.co.uk/groceries/product/sainsburys-butcher-s-choice-british-pork-sausage-x12-681g
sainsburys-butcher-s-choice-british-pork-sausage-x8-454g,g,,997,239,15.0,5.3,12.0,2.7,<0.5,14.0,1.45,2026-10-09,https://www.sainsburys.co.uk/groceries/product/sainsburys-butcher-s-choice-british-pork-sausage-x8-454g
sainsburys-butcher-s-choice-british-pork-sausagemeat-400g,g,,997,239,15.0,5.3,12.0,2.7,<0.5,14.0,1.45,2026-10-09,https://www.sainsburys.co.uk/groceries/product/sainsburys-butcher-s-choice-british-pork-sausagemeat-400g
sainsburys-butcher-s-choice-cumberland-british-pork-sausage-x12-681g,g,,1046,251,17.0,5.7,9.4,1.4,<0.5,15.0,1.45,2026-10-09,https://www.sainsburys.co.uk/groceries/product/sainsburys-butcher-s-choice-cumberland-british-pork-sausage-x12-681g
sainsburys-butcher-s-choice-cumberland-british-pork-sausage-x8-454g,g,grilled,1046,251,17.0,5.7,9.4,1.4,<0.5,15.0,1.45,2026-10-09,https://www.sainsburys.co.uk/groceries/product/sainsburys-butcher-s-choice-cumberland-british-pork-sausage-x8-454g
sainsburys-butcher-s-choice-lincolnshire-british-pork-sausage-x8-454g,g,grilled,1023,246,17.0,5.9,8.4,1.3,1.6,14.0,1.53,2026-10-09,https://www.sainsburys.co.uk/groceries/product/sainsburys-butcher-s-choice-lincolnshire-british-pork-sausage-x8-454g
sainsburys-butcher-s-choice-reduced-fat-cumberland-british-pork-sausage-454g,g,,591,140,3.2,1.1,11.0,2.9,<0.5,16.8,1.20,2026-10-09,https://www.sainsburys.co.uk/groceries/product/sainsburys-butcher-s-choice-reduced-fat-cumberland-british-pork-sausage-454g
sainsburys-buttermilk-british-chicken-mini-fillets-305g,g,,880,210,8.7,0.9,15.1,1.8,2.3,16.6,0.60,2026-10-09,https://www.sainsburys.co.uk/groceries/product/sainsburys-buttermilk-british-chicken-mini-fillets-305g
sainsburys-cajun-british-chicken-grills-ready-to-eat-180g,g,,595,141,3.3,0.7,4.6,1.1,<0.5,23.1,0.48,2026-10-09,https://www.sainsburys.co.uk/groceries/product/sainsburys-cajun-british-chicken-grills-ready-to-eat-180g
sainsburys-charcuterie-selection-taste-the-difference-200g,g,,1473,355,28.2,10.7,2.3,<0.5,<0.5,22.9,3.58,2026-10-09,https://www.sainsburys.co.uk/groceries/product/sainsburys-charcuterie-selection-taste-the-difference-200g
sainsburys-chargrilled-british-chicken-breast-slices-180g,g,,500,118,1.6,0.4,0.6,<0.5,<0.5,25.4,0.54,2026-10-09,https://www.sainsburys.co.uk/groceries/product/sainsburys-chargrilled-british-chicken-breast-slices-180g
sainsburys-chargrilled-british-chicken-breast-slices-360g,g,,500,118,1.6,0.4,0.6,<0.5,<0.5,25.4,0.54,2026-10-09,https://www.sainsburys.co.uk/groceries/product/sainsburys-chargrilled-british-chicken-breast-slices-360g
sainsburys-chargrilled-chicken-breast-chunks-80g,g,,511,121,1.1,0.3,<0.5,<0.5,<0.5,27.4,0.48,2026-10-09,https://www.sainsburys.co.uk/groceries/product/sainsburys-chargrilled-chicken-breast-chunks-80g
sainsburys-chargrilled-cooked-british-chicken-breast-mini-fillets-170g,g,,511,121,1.1,0.3,<0.5,<0.5,<0.5,27.4,0.48,2026-10-09,https://www.sainsburys.co.uk/groceries/product/sainsburys-chargrilled-cooked-british-chicken-breast-mini-fillets-170g
sainsburys-chargrilled-italian-artichokes-taste-the-difference-140g,g,,792,192,17.0,1.3,5.9,0.9,3.8,1.9,1.47,2026-10-09,https://www.sainsburys.co.uk/groceries/product/sainsburys-chargrilled-italian-artichokes-taste-the-difference-140g
sainsburys-chargrilled-salt-chilli-60g,g,,646,154,5.5,1.5,2.2,2.2,1.5,23.2,0.64,2026-10-09,https://www.sainsburys.co.uk/groceries/product/sainsburys-chargrilled-salt-chilli-60g
sainsburys-chargrilled-salt-chilli-british-chicken-thigh-fillets-150g-ready-to-eat,g,,722,172,7.7,2.2,4.3,2.4,0.7,21.1,0.73,2026-10-09,https://www.sainsburys.co.uk/groceries/product/sainsburys-chargrilled-salt-chilli-british-chicken-thigh-fillets-150g-ready-to-eat
sainsburys-chargrilled-shredded-british-chicken-breast-160g-ready-to-eat,g,,500,118,1.6,0.4,0.6,<0.5,<0.5,25.4,0.54,2026-10-09,https://www.sainsburys.co.uk/groceries/product/sainsburys-chargrilled-shredded-british-chicken-breast-160g-ready-to-eat
sainsburys-cheese-bacon-snack-rolls-x9-270g,g,,1341,321,19.7,10.0,27.1,2.0,1.3,8.3,1.04,2026-10-09,https://www.sainsburys.co.uk/groceries/product/sainsburys-cheese-bacon-snack-rolls-x9-270g
sainsburys-cheese-ham-chicken-kyivs-x2-260g,g,,863,207,11.0,2.9,12.6,1.1,2.3,13.1,0.48,2026-10-09,https://www.sainsburys.co.uk/groceries/product/sainsburys-cheese-ham-chicken-kyivs-x2-260g
sainsburys-cheese-onion-deli-filler-220g,g,,1171,283,25.3,8.6,4.3,0.6,<0.5,9.2,1.01,2026-10-09,https://www.sainsburys.co.uk/groceries/product/sainsburys-cheese-onion-deli-filler-220g
sainsburys-cheese-onion-deli-filler-385g,g,,1171,283,25.3,8.6,4.3,0.6,<0.5,9.2,1.01,2026-10-09,https://www.sainsburys.co.uk/groceries/product/sainsburys-cheese-onion-deli-filler-385g
sainsburys-cheese-onion-rolls-x2-120g,g,,1223,293,16.8,9.0,28.2,2.1,1.4,6.5,0.65,2026-10-09,https://www.sainsburys.co.uk/groceries/product/sainsburys-cheese-onion-rolls-x2-120g
sainsburys-cheese-onion-rolls-x6-360g,g,,1223,293,16.8,9.0,28.2,2.1,1.4,6.5,0.65,2026-10-09,https://www.sainsburys.co.uk/groceries/product/sainsburys-cheese-onion-rolls-x6-360g
sainsburys-chicken-chorizo-empanadas-taste-the-difference-108g,g,,1102,263,11.7,1.6,29.7,2.9,2.1,8.6,0.84,2026-10-09,https://www.sainsburys.co.uk/groceries/product/sainsburys-chicken-chorizo-empanadas-taste-the-difference-108g
sainsburys-chicken-liver-pate-170g,g,,1243,301,28.0,11.1,4.0,1.7,<0.5,8.3,1.61,2026-10-09,https://www.sainsburys.co.uk/groceries/product/sainsburys-chicken-liver-pate-170g
sainsburys-chicken-parmigiana-taste-the-difference-400g,g,,806,193,8.2,1.4,12.7,3.6,3.0,15.4,0.61,2026-10-09,https://www.sainsburys.co.uk/groceries/product/sainsburys-chicken-parmigiana-taste-the-difference-400g
sainsburys-chicken-sweetcorn-deli-filler-220g,g,,705,169,11.2,1.0,6.7,2.1,0.6,10.1,0.93,2026-10-09,https://www.sainsburys.co.uk/groceries/product/sainsburys-chicken-sweetcorn-deli-filler-220g
sainsburys-chorizo-gouda-rollitos-x8-80g,g,,1342,323,25.3,14.8,1.3,0.9,0.7,22.3,3.22,2026-10-09,https://www.sainsburys.co.uk/groceries/product/sainsburys-chorizo-gouda-rollitos-x8-80g
sainsburys-chorizo-milano-pepperoni-slices-x24-120g,g,,1529,369,31.3,10.7,2.8,<0.5,<0.5,18.8,3.97,2026-10-09,https://www.sainsburys.co.uk/groceries/product/sainsburys-chorizo-milano-pepperoni-slices-x24-120g
sainsburys-chorizo-ring-mild-225g,g,,1962,474,40.9,15.1,<0.5,<0.5,0.6,25.7,3.12,2026-10-09,https://www.sainsburys.co.uk/groceries/product/sainsburys-chorizo-ring-mild-225g
sainsburys-chorizo-style-sausages-taste-the-difference-x6-400g,g,,1108,267,21.5,7.7,2.6,0.9,1.4,15.1,1.25,2026-10-09,https://www.sainsburys.co.uk/groceries/product/sainsburys-chorizo-style-sausages-taste-the-difference-x6-400g
sainsburys-chunky-battered-cod-x4-500g,g,,807,193,9.2,0.6,16.0,0.8,0.7,11.1,0.73,2026-10-09,https://www.sainsburys.co.uk/groceries/product/sainsburys-chunky-battered-cod-x4-500g
sainsburys-coarse-ardennes-style-pate-taste-the-difference-150g,g,,1076,259,20.5,8.8,6.9,2.1,0.7,11.5,1.65,2026-10-09,https://www.sainsburys.co.uk/groceries/product/sainsburys-coarse-ardennes-style-pate-taste-the-difference-150g
sainsburys-cod-loin-taste-the-difference-260g,g,,397,93,<0.5,<0.1,<0.5,<0.5,<0.5,22.8,0.14,2026-10-09,https://www.sainsburys.co.uk/groceries/product/sainsburys-cod-loin-taste-the-difference-260g
sainsburys-coldwater-msc-prawn-cocktail-taste-the-difference-170g,g,,1321,320,29.8,3.2,2.8,1.8,<0.5,9.8,1.13,2026-10-09,https://www.sainsburys.co.uk/groceries/product/sainsburys-coldwater-msc-prawn-cocktail-taste-the-difference-170g
sainsburys-continental-meat-sharing-selection-477g,g,spianata romana,1275,307,22.6,8.8,2.9,<0.5,<0.5,22.7,3.50,2026-10-09,https://www.sainsburys.co.uk/groceries/product/sainsburys-continental-meat-sharing-selection-477g
sainsburys-cooked-roast-british-chicken-breast-fillets-x2-240g,g,,589,140,4.3,1.3,1.8,0.6,<0.5,23.4,0.65,2026-10-09,https://www.sainsburys.co.uk/groceries/product/sainsburys-cooked-roast-british-chicken-breast-fillets-x2-240g
sainsburys-coronation-chicken-deli-filler-385g,g,,796,191,13.3,1.2,6.9,4.3,0.8,10.6,1.03,2026-10-09,https://www.sainsburys.co.uk/groceries/product/sainsburys-coronation-chicken-deli-filler-385g
sainsburys-coronation-chicken-with-apricots-sultanas,g,,796,189,3.9,1.1,27.2,5.5,1.8,10.2,0.65,2026-10-09,https://www.sainsburys.co.uk/groceries/product/sainsburys-coronation-chicken-with-apricots-sultanas
sainsburys-crispy-unsmoked-british-bacon-rasher,g,,1931,462,26.0,9.8,0.6,<0.5,<0.5,56.3,5.09,2026-10-09,https://www.sainsburys.co.uk/groceries/product/sainsburys-crispy-unsmoked-british-bacon-rasher
sainsburys-cumberland-british-pork-chipolata-sausages-taste-the-difference-x12-375g,g,grilled,1022,246,17.3,6.3,4.0,0.8,1.0,18.1,1.09,2026-10-09,https://www.sainsburys.co.uk/groceries/product/sainsburys-cumberland-british-pork-chipolata-sausages-taste-the-difference-x12-375g
sainsburys-cumberland-sausages-taste-the-difference-x10-667g,g,,996,239,16.7,6.1,4.3,0.8,1.0,17.4,0.94,2026-10-09,https://www.sainsburys.co.uk/groceries/product/sainsburys-cumberland-sausages-taste-the-difference-x10-667g
sainsburys-discovery-270g-hot-smoked-bbq-jalape-o-cheddar-hot-links-taste-the-difference,g,,1350,325,26.0,10.3,4.4,1.4,1.1,17.9,1.60,2026-10-09,https://www.sainsburys.co.uk/groceries/product/sainsburys-discovery-270g-hot-smoked-bbq-jalape-o-cheddar-hot-links-taste-the-difference
sainsburys-discovery-320g-slow-cooked-hot-smoked-bbq-aberdeen-angus-beef-brisket-taste-the-difference,g,,1377,331,24.4,11.6,8.7,8.4,<0.5,19.2,1.73,2026-10-09,https://www.sainsburys.co.uk/groceries/product/sainsburys-discovery-320g-slow-cooked-hot-smoked-bbq-aberdeen-angus-beef-brisket-taste-the-difference
sainsburys-discovery-320g-slow-cooked-hot-smoked-bbq-aberdeen-angus-beef-burnt-ends-taste-the-difference,g,,979,233,8.4,3.7,11.5,10.8,<0.5,27.8,2.10,2026-10-09,https://www.sainsburys.co.uk/groceries/product/sainsburys-discovery-320g-slow-cooked-hot-smoked-bbq-aberdeen-angus-beef-burnt-ends-taste-the-difference
sainsburys-discovery-360g-35-day-salt-dry-aged-thick-cut-aberdeen-angus-ribeye-steak-taste-the-difference,g,,1398,337,28.5,12.6,<0.5,<0.5,<0.5,19.8,0.29,2026-10-09,https://www.sainsburys.co.uk/groceries/product/sainsburys-discovery-360g-35-day-salt-dry-aged-thick-cut-aberdeen-angus-ribeye-steak-taste-the-difference
sainsburys-discovery-360g-35-day-salt-dry-aged-thick-cut-aberdeen-angus-sirloin-steak-taste-the-difference,g,,1315,317,26.1,11.5,0.6,0.6,<0.5,20.1,0.27,2026-10-09,https://www.sainsburys.co.uk/groceries/product/sainsburys-discovery-360g-35-day-salt-dry-aged-thick-cut-aberdeen-angus-sirloin-steak-taste-the-difference
sainsburys-discovery-380g-hot-smoked-bbq-chicken-wings-taste-the-difference,g,edible portion,991,236,9.6,2.6,11.9,11.6,<0.5,25.5,2.14,2026-10-09,https://www.sainsburys.co.uk/groceries/product/sainsburys-discovery-380g-hot-smoked-bbq-chicken-wings-taste-the-difference
sainsburys-discovery-525g-slow-cooked-angus-featherblade-taste-the-difference,g,,809,193,7.5,2.9,7.5,7.5,1.1,23.4,0.42,2026-10-09,https://www.sainsburys.co.uk/groceries/product/sainsburys-discovery-525g-slow-cooked-angus-featherblade-taste-the-difference
sainsburys-discovery-615g-slow-cooked-braised-beef-cheeks-taste-the-difference,g,,664,158,6.6,2.3,4.1,2.4,1.0,20.1,0.99,2026-10-09,https://www.sainsburys.co.uk/groceries/product/sainsburys-discovery-615g-slow-cooked-braised-beef-cheeks-taste-the-difference
sainsburys-discovery-732g-slow-cooked-hill-lamb-osso-buco-taste-the-difference,g,edible portion,706,169,11.0,3.3,2.4,1.3,<0.5,15.0,0.62,2026-10-09,https://www.sainsburys.co.uk/groceries/product/sainsburys-discovery-732g-slow-cooked-hill-lamb-osso-buco-taste-the-difference
sainsburys-discovery-990g-tandoori-masala-chicken-taste-the-difference,g,,734,176,10.7,2.4,2.5,1.7,1.3,16.9,0.70,2026-10-09,https://www.sainsburys.co.uk/groceries/product/sainsburys-discovery-990g-tandoori-masala-chicken-taste-the-difference
sainsburys-discovery-approx-250g-30-day-matured-aberdeen-angus-fillet-steak-taste-the-difference,g,,829,198,9.0,4.1,0.8,0.8,<0.5,28.4,0.14,2026-10-09,https://www.sainsburys.co.uk/groceries/product/sainsburys-discovery-approx-250g-30-day-matured-aberdeen-angus-fillet-steak-taste-the-difference
sainsburys-discovery-approx-550g-35-day-salt-dry-aged-aberdeen-angus-sirloin-steak-taste-the-difference,g,,1223,294,21.2,9.6,0.5,0.5,<0.5,25.2,1.98,2026-10-09,https://www.sainsburys.co.uk/groceries/product/sainsburys-discovery-approx-550g-35-day-salt-dry-aged-aberdeen-angus-sirloin-steak-taste-the-difference
sainsburys-discovery-approx-700g-35-day-salt-dry-aged-aberdeen-angus-cote-de-boeuf-steak-taste-the-difference,g,,1084,261,19.1,9.3,<0.5,<0.5,<0.5,21.6,1.49,2026-10-09,https://www.sainsburys.co.uk/groceries/product/sainsburys-discovery-approx-700g-35-day-salt-dry-aged-aberdeen-angus-cote-de-boeuf-steak-taste-the-difference
sainsburys-discovery-wagyu-fillet-steak-taste-the-difference-200g,g,,963,231,15.3,6.3,<0.5,<0.5,<0.5,23.1,0.13,2026-10-09,https://www.sainsburys.co.uk/groceries/product/sainsburys-discovery-wagyu-fillet-steak-taste-the-difference-200g
sainsburys-discovery-wagyu-ribeye-steak-taste-the-difference-250g,g,,1633,395,35.7,13.7,<0.5,<0.5,<0.5,18.2,0.10,2026-10-09,https://www.sainsburys.co.uk/groceries/product/sainsburys-discovery-wagyu-ribeye-steak-taste-the-difference-250g
sainsburys-discovery-wagyu-rump-steak-taste-the-difference-250g,g,,1052,253,17.7,6.3,<0.5,<0.5,<0.5,22.8,0.11,2026-10-09,https://www.sainsburys.co.uk/groceries/product/sainsburys-discovery-wagyu-rump-steak-taste-the-difference-250g
sainsburys-discovery-wagyu-sirloin-steak-taste-the-difference-250g,g,,1504,363,32.4,10.8,<0.5,<0.5,<0.5,17.4,0.13,2026-10-09,https://www.sainsburys.co.uk/groceries/product/sainsburys-discovery-wagyu-sirloin-steak-taste-the-difference-250g
sainsburys-double-stuffed-halkidiki-olives-with-jalape-o-garlic-taste-the-difference-160g,g,,795,193,19.8,2.5,1.4,<0.5,2.2,1.3,3.85,2026-10-09,https://www.sainsburys.co.uk/groceries/product/sainsburys-double-stuffed-halkidiki-olives-with-jalape-o-garlic-taste-the-difference-160g
sainsburys-dry-cured-gammon-steaks-unsmoked-taste-the-difference-400g,g,,897,214,9.3,3.1,0.6,<0.5,,31.9,3.61,2026-10-09,https://www.sainsburys.co.uk/groceries/product/sainsburys-dry-cured-gammon-steaks-unsmoked-taste-the-difference-400g
sainsburys-duck-orange-pate-170g,g,,1474,357,34.3,12.3,3.8,1.5,<0.5,8.3,1.73,2026-10-09,https://www.sainsburys.co.uk/groceries/product/sainsburys-duck-orange-pate-170g
sainsburys-egg-bacon-deli-filler-220g,g,,818,197,15.5,3.6,3.2,<0.5,<0.5,11.0,0.95,2026-10-09,https://www.sainsburys.co.uk/groceries/product/sainsburys-egg-bacon-deli-filler-220g
sainsburys-egg-bites-x12-216g,g,,1267,304,19.8,4.1,21.7,1.6,1.5,9.0,0.96,2026-10-09,https://www.sainsburys.co.uk/groceries/product/sainsburys-egg-bites-x12-216g
sainsburys-egg-mayo-deli-filler-385g,g,,746,180,13.8,2.6,3.9,<0.5,<0.5,9.7,0.75,2026-10-09,https://www.sainsburys.co.uk/groceries/product/sainsburys-egg-mayo-deli-filler-385g
sainsburys-extra-lean-beef-medallion-steaks-340g,g,,622,147,2.8,1.1,<0.5,<0.5,<0.5,30.5,0.18,2026-10-09,https://www.sainsburys.co.uk/groceries/product/sainsburys-extra-lean-beef-medallion-steaks-340g
sainsburys-falafels-summer-edition-taste-the-difference-144g,g,,1048,252,14.8,1.2,19.9,1.9,5.5,7.0,1.14,2026-10-09,https://www.sainsburys.co.uk/groceries/product/sainsburys-falafels-summer-edition-taste-the-difference-144g
sainsburys-farmhouse-pate-with-mushrooms-170g,g,,1195,289,26.7,9.9,1.6,1.2,<0.5,10.6,1.75,2026-10-09,https://www.sainsburys.co.uk/groceries/product/sainsburys-farmhouse-pate-with-mushrooms-170g
sainsburys-fat-free-greek-style-natural-yogurt-1kg,g,serving,211,50,<0.5,<0.1,5.2,5.2,<0.5,6.4,0.14,2026-10-09,https://www.sainsburys.co.uk/groceries/product/sainsburys-fat-free-greek-style-natural-yogurt-1kg
sainsburys-feta-honey-filo-straws-limited-edition-taste-the-difference-130g,g,,1390,333,19.0,5.1,31.7,3.2,1.3,8.1,0.85,2026-10-09,https://www.sainsburys.co.uk/groceries/product/sainsburys-feta-honey-filo-straws-limited-edition-taste-the-difference-130g
sainsburys-finely-sliced-yorkshire-dry-cured-cooked-british-ham-taste-the-difference-120g,g,,472,112,1.9,0.6,0.8,0.8,<0.5,22.9,1.90,2026-10-09,https://www.sainsburys.co.uk/groceries/product/sainsburys-finely-sliced-yorkshire-dry-cured-cooked-british-ham-taste-the-difference-120g
sainsburys-firecracker-british-chicken-breast-slices-180g,g,,603,143,2.5,0.7,9.2,5.1,<0.5,20.8,0.61,2026-10-09,https://www.sainsburys.co.uk/groceries/product/sainsburys-firecracker-british-chicken-breast-slices-180g
sainsburys-firecracker-cooked-british-chicken-wings-525g-ready-to-eat,g,edible portion,927,222,12.7,3.4,5.1,3.9,<0.5,21.7,0.38,2026-10-09,https://www.sainsburys.co.uk/groceries/product/sainsburys-firecracker-cooked-british-chicken-wings-525g-ready-to-eat
sainsburys-fishcakes-melting-middle-msc-cod-parsley-sauce-fishcakes-taste-the-difference-x2-290g,g,,787,188,8.0,2.0,18.4,0.9,1.5,9.8,0.54,2026-10-09,https://www.sainsburys.co.uk/groceries/product/sainsburys-fishcakes-melting-middle-msc-cod-parsley-sauce-fishcakes-taste-the-difference-x2-290g
sainsburys-free-from-110g-festive-sausage-roll,g,,1448,347,20.8,9.2,31.8,2.8,1.8,7.2,1.20,2026-10-09,https://www.sainsburys.co.uk/groceries/product/sainsburys-free-from-110g-festive-sausage-roll
sainsburys-free-from-400g-sweet-sour-chicken-rice,g,,433,103,1.1,0.2,14.6,4.1,2.7,7.2,0.19,2026-10-09,https://www.sainsburys.co.uk/groceries/product/sainsburys-free-from-400g-sweet-sour-chicken-rice
sainsburys-free-from-6-x-mini-sausage-rolls-180g,g,,1447,347,21.2,9.4,30.6,2.0,1.8,7.6,1.17,2026-10-09,https://www.sainsburys.co.uk/groceries/product/sainsburys-free-from-6-x-mini-sausage-rolls-180g
sainsburys-free-from-breaded-mini-fillets-305g,g,,911,217,9.1,1.0,14.8,<0.5,1.0,18.5,0.54,2026-10-09,https://www.sainsburys.co.uk/groceries/product/sainsburys-free-from-breaded-mini-fillets-305g
sainsburys-free-from-chicken-dippers-400g,g,,1097,263,15.1,2.4,16.9,<0.5,1.4,14.1,0.79,2026-10-09,https://www.sainsburys.co.uk/groceries/product/sainsburys-free-from-chicken-dippers-400g
sainsburys-free-from-chicken-kyivs-x2-260g,g,,1091,262,18.2,4.4,11.0,<0.5,0.8,13.2,0.48,2026-10-09,https://www.sainsburys.co.uk/groceries/product/sainsburys-free-from-chicken-kyivs-x2-260g
sainsburys-free-from-sausage-roll-110g,g,,1399,335,20.1,8.9,30.5,1.8,1.9,7.1,1.13,2026-10-09,https://www.sainsburys.co.uk/groceries/product/sainsburys-free-from-sausage-roll-110g
sainsburys-french-garlic-sausage-slices-x14-100g,g,,1084,262,21.6,7.9,1.0,<0.5,<0.5,15.5,1.48,2026-10-09,https://www.sainsburys.co.uk/groceries/product/sainsburys-french-garlic-sausage-slices-x14-100g
sainsburys-french-torchon-ham-x4-slices-200g,g,,444,105,1.9,0.7,0.9,0.9,<0.5,20.9,2.06,2026-10-09,https://www.sainsburys.co.uk/groceries/product/sainsburys-french-torchon-ham-x4-slices-200g
sainsburys-fresh-breaded-british-chicken-steaks-x4-505g,g,,1074,257,13.9,2.2,16.2,0.9,<0.5,16.7,0.76,2026-10-09,https://www.sainsburys.co.uk/groceries/product/sainsburys-fresh-breaded-british-chicken-steaks-x4-505g
sainsburys-fresh-british-chicken-breaded-kyiv-with-garlic-herb-butter-x2-260g,g,,1078,259,16.8,6.2,13.8,1.5,1.0,12.7,0.45,2026-10-09,https://www.sainsburys.co.uk/groceries/product/sainsburys-fresh-british-chicken-breaded-kyiv-with-garlic-herb-butter-x2-260g
sainsburys-fresh-british-chicken-breaded-stars-360g,g,,1233,295,15.6,2.2,23.6,0.9,2.4,13.8,0.66,2026-10-09,https://www.sainsburys.co.uk/groceries/product/sainsburys-fresh-british-chicken-breaded-stars-360g
sainsburys-fresh-british-chicken-breast-fillet-garlic-kyiv-x2-390g,g,,869,207,10.0,3.5,12.3,2.4,1.0,16.6,0.55,2026-10-09,https://www.sainsburys.co.uk/groceries/product/sainsburys-fresh-british-chicken-breast-fillet-garlic-kyiv-x2-390g
sainsburys-frozen-cooked-seafood-selection-300g,g,defrosted,344,81,1.1,0.2,1.4,<0.5,<0.5,16.2,0.78,2026-10-09,https://www.sainsburys.co.uk/groceries/product/sainsburys-frozen-cooked-seafood-selection-300g
sainsburys-garlic-herb-cooked-british-chicken-breast-slices-180g,g,,544,129,2.5,0.6,0.6,0.6,0.6,25.7,0.46,2026-10-09,https://www.sainsburys.co.uk/groceries/product/sainsburys-garlic-herb-cooked-british-chicken-breast-slices-180g
sainsburys-garlic-herb-green-olives-160g,g,,678,164,16.2,2.5,2.1,<0.5,2.3,1.3,2.72,2026-10-09,https://www.sainsburys.co.uk/groceries/product/sainsburys-garlic-herb-green-olives-160g
sainsburys-garlic-herb-green-olives-265g,g,,558,136,13.0,2.0,2.0,<0.5,2.8,1.2,3.17,2026-10-09,https://www.sainsburys.co.uk/groceries/product/sainsburys-garlic-herb-green-olives-265g
sainsburys-garlic-herb-mini-chicken-kyivs-390g,g,,978,234,12.8,3.0,13.9,<0.5,1.1,15.2,0.52,2026-10-09,https://www.sainsburys.co.uk/groceries/product/sainsburys-garlic-herb-mini-chicken-kyivs-390g
sainsburys-garlic-stuffed-halkidiki-olives-160g,g,,658,160,16.0,2.2,1.8,<0.5,1.8,1.2,3.63,2026-10-09,https://www.sainsburys.co.uk/groceries/product/sainsburys-garlic-stuffed-halkidiki-olives-160g
sainsburys-garlic-stuffed-halkidiki-olives-300g,g,,604,147,14.5,2.1,1.7,<0.5,2.1,1.4,2.79,2026-10-09,https://www.sainsburys.co.uk/groceries/product/sainsburys-garlic-stuffed-halkidiki-olives-300g
sainsburys-german-bavarian-smoked-ham-slices-x5-100g,g,,487,116,2.7,0.9,0.9,<0.5,0.8,21.5,2.11,2026-10-09,https://www.sainsburys.co.uk/groceries/product/sainsburys-german-bavarian-smoked-ham-slices-x5-100g
sainsburys-german-bratwurst-sausages-inspired-to-cook-x6-540g,g,,1238,299,26.7,10.7,0.9,0.7,1.0,13.4,1.63,2026-10-09,https://www.sainsburys.co.uk/groceries/product/sainsburys-german-bratwurst-sausages-inspired-to-cook-x6-540g
sainsburys-german-cooked-sausage-selection-slices-x39-130g,g,,987,238,20.1,8.2,<0.5,<0.5,<0.5,13.8,2.14,2026-10-09,https://www.sainsburys.co.uk/groceries/product/sainsburys-german-cooked-sausage-selection-slices-x39-130g
sainsburys-german-pizza-pepperoni-slices-x32-100g,g,,1846,446,40.9,15.8,3.9,<0.5,<0.5,15.5,2.91,2026-10-09,https://www.sainsburys.co.uk/groceries/product/sainsburys-german-pizza-pepperoni-slices-x32-100g
sainsburys-german-salami-cheese,g,,1376,331,25.8,10.2,1.7,<0.5,<0.5,22.8,3.33,2026-10-09,https://www.sainsburys.co.uk/groceries/product/sainsburys-german-salami-cheese
sainsburys-german-salami-selection-slices-x36-120g,g,,1379,332,25.7,10.2,2.4,<0.5,<0.5,22.5,3.44,2026-10-09,https://www.sainsburys.co.uk/groceries/product/sainsburys-german-salami-selection-slices-x36-120g
sainsburys-german-salami-slices-x17-170g,g,,1376,331,25.8,10.2,1.7,<0.5,<0.5,22.8,3.33,2026-10-09,https://www.sainsburys.co.uk/groceries/product/sainsburys-german-salami-slices-x17-170g
sainsburys-german-salami-slices-x26-250g,g,,1556,376,32.6,13.9,1.8,<0.5,<0.5,18.8,3.14,2026-10-09,https://www.sainsburys.co.uk/groceries/product/sainsburys-german-salami-slices-x26-250g
sainsburys-german-wafer-thin-salami-slices-x14-80g,g,,1560,377,32.6,13.9,1.8,<0.5,<0.5,18.8,3.14,2026-10-09,https://www.sainsburys.co.uk/groceries/product/sainsburys-german-wafer-thin-salami-slices-x14-80g
sainsburys-gran-cotto-taste-the-difference-110g,g,,940,226,15.9,5.7,<0.5,<0.5,<0.5,19.9,1.79,2026-10-09,https://www.sainsburys.co.uk/groceries/product/sainsburys-gran-cotto-taste-the-difference-110g
sainsburys-greek-style-fat-free-natural-yogurt-500g,g,,214,51,<0.5,<0.1,5.2,5.2,<0.5,6.4,0.14,2026-10-09,https://www.sainsburys.co.uk/groceries/product/sainsburys-greek-style-fat-free-natural-yogurt-500g
sainsburys-greek-style-low-fat-natural-yogurt-500g,g,serving,316,75,2.7,1.7,7.1,7.1,<0.5,5.6,0.20,2026-10-09,https://www.sainsburys.co.uk/groceries/product/sainsburys-greek-style-low-fat-natural-yogurt-500g
sainsburys-greek-style-natural-yogurt-200g,g,serving,426,103,7.6,5.1,4.2,4.2,<0.5,4.0,0.10,2026-10-09,https://www.sainsburys.co.uk/groceries/product/sainsburys-greek-style-natural-yogurt-200g
sainsburys-hake-fillets-250g,g,,415,98,1.8,0.3,<0.5,<0.5,0.6,20.2,0.26,2026-10-09,https://www.sainsburys.co.uk/groceries/product/sainsburys-hake-fillets-250g
sainsburys-halved-kalamata-olives-inspired-to-cook-100g,g,,1009,245,25.0,2.7,2.3,<0.5,2.5,1.5,3.65,2026-10-09,https://www.sainsburys.co.uk/groceries/product/sainsburys-halved-kalamata-olives-inspired-to-cook-100g
sainsburys-ham-cheese-on-a-semolina-topped-roll,g,,1021,243,10.0,3.6,25.5,2.6,2.1,11.8,1.25,2026-10-09,https://www.sainsburys.co.uk/groceries/product/sainsburys-ham-cheese-on-a-semolina-topped-roll
sainsburys-ham-hock-mature-cheddar-sandwich-taste-the-difference,g,,992,236,9.3,3.6,22.4,4.3,1.5,15.1,1.05,2026-10-09,https://www.sainsburys.co.uk/groceries/product/sainsburys-ham-hock-mature-cheddar-sandwich-taste-the-difference
sainsburys-hebridean-kiln-dried-thick-sliced-asc-scottish-smoked-salmon-taste-the-difference-100g-ready-to-eat,g,,851,204,11.1,2.1,1.4,0.6,<0.5,24.3,3.30,2026-10-09,https://www.sainsburys.co.uk/groceries/product/sainsburys-hebridean-kiln-dried-thick-sliced-asc-scottish-smoked-salmon-taste-the-difference-100g-ready-to-eat
sainsburys-high-protein-buffalo-chicken-wrap,g,,793,188,3.9,0.7,23.9,4.3,2.0,13.3,0.90,2026-10-09,https://www.sainsburys.co.uk/groceries/product/sainsburys-high-protein-buffalo-chicken-wrap
sainsburys-high-protein-chicken-salad-sandwich,g,,701,166,4.0,0.6,18.7,1.5,2.6,12.6,0.53,2026-10-09,https://www.sainsburys.co.uk/groceries/product/sainsburys-high-protein-chicken-salad-sandwich
sainsburys-high-protein-fajita-halloumi-wrap,g,,893,212,6.7,3.3,24.4,3.1,1.8,12.7,1.18,2026-10-09,https://www.sainsburys.co.uk/groceries/product/sainsburys-high-protein-fajita-halloumi-wrap
sainsburys-honey-roast-ham-slices-x16-400g,g,,510,121,2.7,1.1,3.2,3.2,<0.5,20.7,1.58,2026-10-09,https://www.sainsburys.co.uk/groceries/product/sainsburys-honey-roast-ham-slices-x16-400g
sainsburys-honey-roast-wafer-thin-yorkshire-cured-ham-slices-taste-the-difference-x8-120g,g,,512,121,2.5,0.9,<0.5,<0.5,<0.5,24.3,1.69,2026-10-09,https://www.sainsburys.co.uk/groceries/product/sainsburys-honey-roast-wafer-thin-yorkshire-cured-ham-slices-taste-the-difference-x8-120g
sainsburys-honey-roast-yorkshire-cured-british-ham-slices-taste-the-difference-x7-225g,g,,512,121,2.5,0.9,<0.5,<0.5,<0.5,24.3,1.69,2026-10-09,https://www.sainsburys.co.uk/groceries/product/sainsburys-honey-roast-yorkshire-cured-british-ham-slices-taste-the-difference-x7-225g
sainsburys-hot-buffalo-cooked-british-chicken-wings-525g,g,,926,222,13.2,3.6,4.2,1.8,<0.5,21.6,0.49,2026-10-09,https://www.sainsburys.co.uk/groceries/product/sainsburys-hot-buffalo-cooked-british-chicken-wings-525g
sainsburys-inspired-to-cook-italian-beechwood-smoked-diced-pancetta-200g,g,,1360,328,28.4,10.6,0.9,<0.5,<0.5,17.0,4.25,2026-10-09,https://www.sainsburys.co.uk/groceries/product/sainsburys-inspired-to-cook-italian-beechwood-smoked-diced-pancetta-200g
sainsburys-irish-corned-beef-175g,g,,837,200,11.0,4.7,<0.5,<0.5,<0.5,25.2,1.67,2026-10-09,https://www.sainsburys.co.uk/groceries/product/sainsburys-irish-corned-beef-175g
sainsburys-italian-antipasto-selection-120g,g,,934,223,12.1,4.5,<0.5,<0.5,<0.5,27.9,4.65,2026-10-09,https://www.sainsburys.co.uk/groceries/product/sainsburys-italian-antipasto-selection-120g
sainsburys-italian-bresaola-taste-the-difference-x15-80g,g,,673,159,2.0,0.8,0.8,<0.5,<0.5,34.4,3.07,2026-10-09,https://www.sainsburys.co.uk/groceries/product/sainsburys-italian-bresaola-taste-the-difference-x15-80g
sainsburys-italian-milano-salami-slices-86g,g,,1605,386,29.5,10.7,5.5,<0.5,<0.5,24.5,3.51,2026-10-09,https://www.sainsburys.co.uk/groceries/product/sainsburys-italian-milano-salami-slices-86g
sainsburys-italian-milano-salami-slices-x10-53g,g,,1605,386,29.5,10.7,5.5,<0.5,<0.5,24.5,3.51,2026-10-09,https://www.sainsburys.co.uk/groceries/product/sainsburys-italian-milano-salami-slices-x10-53g
sainsburys-italian-nduja-inspired-to-cook-60g,g,,2163,524,52.6,20.8,1.0,0.6,1.0,11.3,5.79,2026-10-09,https://www.sainsburys.co.uk/groceries/product/sainsburys-italian-nduja-inspired-to-cook-60g
sainsburys-italian-parma-ham-24-month-matured-taste-the-difference-70g,g,,1048,251,15.5,6.0,<0.5,<0.5,<0.5,27.2,4.61,2026-10-09,https://www.sainsburys.co.uk/groceries/product/sainsburys-italian-parma-ham-24-month-matured-taste-the-difference-70g
sainsburys-italian-parma-ham-slices-x6-80g,g,,1169,281,19.1,6.4,<0.5,<0.5,<0.5,27.1,5.80,2026-10-09,https://www.sainsburys.co.uk/groceries/product/sainsburys-italian-parma-ham-slices-x6-80g
sainsburys-italian-pepperoni-100g,g,,1513,364,28.5,10.4,0.7,<0.5,<0.5,26.1,4.40,2026-10-09,https://www.sainsburys.co.uk/groceries/product/sainsburys-italian-pepperoni-100g
sainsburys-italian-prosciutto-cotto-slices-with-herbs-x4-100g,g,,499,118,2.7,1.0,1.0,<0.5,<0.5,22.3,1.78,2026-10-09,https://www.sainsburys.co.uk/groceries/product/sainsburys-italian-prosciutto-cotto-slices-with-herbs-x4-100g
sainsburys-italian-prosciutto-cotto-slices-x4-100g,g,,527,125,4.5,1.6,<0.5,<0.5,<0.5,20.5,2.13,2026-10-09,https://www.sainsburys.co.uk/groceries/product/sainsburys-italian-prosciutto-cotto-slices-x4-100g
sainsburys-italian-prosciutto-crudo-x9-120g,g,,934,223,12.1,4.5,<0.5,<0.5,<0.5,27.9,4.65,2026-10-09,https://www.sainsburys.co.uk/groceries/product/sainsburys-italian-prosciutto-crudo-x9-120g
sainsburys-itc-chorizo-crumb-120g,g,,2027,490,42.7,15.8,<0.5,<0.5,0.8,25.5,3.27,2026-10-09,https://www.sainsburys.co.uk/groceries/product/sainsburys-itc-chorizo-crumb-120g
sainsburys-jumbo-kalamata-olives-with-oak-smoked-oil-taste-the-difference-160g,g,,1111,270,27.9,3.2,2.2,<0.5,1.9,1.5,2.51,2026-10-09,https://www.sainsburys.co.uk/groceries/product/sainsburys-jumbo-kalamata-olives-with-oak-smoked-oil-taste-the-difference-160g
sainsburys-just-cook-21-day-matured-beef-steaks-with-black-garlic-butter-300g,g,,919,220,11.2,4.7,<0.5,<0.5,0.8,28.9,0.32,2026-10-09,https://www.sainsburys.co.uk/groceries/product/sainsburys-just-cook-21-day-matured-beef-steaks-with-black-garlic-butter-300g
sainsburys-just-cook-300g-21-day-matured-beef-steaks-with-bearnaise-butter,g,,752,179,8.9,4.1,<0.5,<0.5,<0.5,24.6,0.28,2026-10-09,https://www.sainsburys.co.uk/groceries/product/sainsburys-just-cook-300g-21-day-matured-beef-steaks-with-bearnaise-butter
sainsburys-just-cook-300g-21-day-matured-beef-steaks-with-smoky-chipotle-melts,g,,706,168,6.3,3.0,0.6,0.6,<0.5,27.0,0.17,2026-10-09,https://www.sainsburys.co.uk/groceries/product/sainsburys-just-cook-300g-21-day-matured-beef-steaks-with-smoky-chipotle-melts
sainsburys-just-cook-315g-smoky-cajun-chicken-breast-sizzlers,g,,779,185,4.6,0.8,3.9,3.9,1.2,31.4,0.92,2026-10-09,https://www.sainsburys.co.uk/groceries/product/sainsburys-just-cook-315g-smoky-cajun-chicken-breast-sizzlers
sainsburys-just-cook-440g-chinese-style-pork-loin-steaks,g,,1042,249,13.5,5.4,3.6,2.1,<0.5,28.3,0.90,2026-10-09,https://www.sainsburys.co.uk/groceries/product/sainsburys-just-cook-440g-chinese-style-pork-loin-steaks
sainsburys-just-cook-550g-greek-style-butterfly-chicken-breast-with-feta-taste-the-difference,g,,716,171,8.9,2.4,1.1,0.7,1.1,21.2,0.36,2026-10-09,https://www.sainsburys.co.uk/groceries/product/sainsburys-just-cook-550g-greek-style-butterfly-chicken-breast-with-feta-taste-the-difference
sainsburys-just-cook-beef-steaks-with-peppercorn-370g,g,,647,154,5.8,2.2,1.3,1.3,1.1,23.6,0.32,2026-10-09,https://www.sainsburys.co.uk/groceries/product/sainsburys-just-cook-beef-steaks-with-peppercorn-370g
sainsburys-just-cook-british-chicken-breast-garlic-crown-520g,g,edible portion,633,151,5.4,1.2,<0.5,<0.5,<0.5,25.0,0.45,2026-10-09,https://www.sainsburys.co.uk/groceries/product/sainsburys-just-cook-british-chicken-breast-garlic-crown-520g
sainsburys-just-cook-british-chicken-breast-with-cheese-leek-380g,g,,791,189,9.6,3.0,4.3,0.9,0.9,20.9,0.75,2026-10-09,https://www.sainsburys.co.uk/groceries/product/sainsburys-just-cook-british-chicken-breast-with-cheese-leek-380g
sainsburys-just-cook-british-chicken-thigh-fillets-with-sticky-chinese-5-spice-380g,g,,768,183,6.8,1.8,6.2,6.2,<0.5,24.2,0.56,2026-10-09,https://www.sainsburys.co.uk/groceries/product/sainsburys-just-cook-british-chicken-thigh-fillets-with-sticky-chinese-5-spice-380g
sainsburys-just-cook-butter-basted-chicken-500g,g,,677,161,5.2,1.4,<0.5,<0.5,<0.5,28.3,0.20,2026-10-09,https://www.sainsburys.co.uk/groceries/product/sainsburys-just-cook-butter-basted-chicken-500g
sainsburys-just-cook-butter-basted-chicken-breast-joint-350g,g,,676,161,6.0,1.7,<0.5,<0.5,<0.5,26.5,0.27,2026-10-09,https://www.sainsburys.co.uk/groceries/product/sainsburys-just-cook-butter-basted-chicken-breast-joint-350g
sainsburys-just-cook-chicken-breasts-layered-with-garlic-butter-370g,g,,720,171,7.0,2.6,3.9,<0.5,<0.5,23.2,0.47,2026-10-09,https://www.sainsburys.co.uk/groceries/product/sainsburys-just-cook-chicken-breasts-layered-with-garlic-butter-370g
sainsburys-just-cook-chicken-breasts-with-cheese-bacon-310g,g,,633,150,4.3,1.5,<0.5,<0.5,<0.5,27.9,0.40,2026-10-09,https://www.sainsburys.co.uk/groceries/product/sainsburys-just-cook-chicken-breasts-with-cheese-bacon-310g
sainsburys-just-cook-chicken-breasts-with-spinach-ricotta-360g,g,,780,186,8.5,2.3,5.8,0.8,<0.5,21.6,0.51,2026-10-09,https://www.sainsburys.co.uk/groceries/product/sainsburys-just-cook-chicken-breasts-with-spinach-ricotta-360g
sainsburys-just-cook-hunters-chicken-breasts-430g,g,,692,164,4.4,1.9,8.8,8.3,<0.5,22.3,0.65,2026-10-09,https://www.sainsburys.co.uk/groceries/product/sainsburys-just-cook-hunters-chicken-breasts-430g
sainsburys-just-cook-italian-style-chicken-breasts-with-tomato-mozzarella-basil-415g,g,,576,137,3.0,1.0,4.6,2.0,0.5,22.6,0.57,2026-10-09,https://www.sainsburys.co.uk/groceries/product/sainsburys-just-cook-italian-style-chicken-breasts-with-tomato-mozzarella-basil-415g
sainsburys-just-cook-minted-lamb-rump-steaks-300g,g,,1088,261,16.4,7.5,3.7,2.5,0.7,24.3,0.66,2026-10-09,https://www.sainsburys.co.uk/groceries/product/sainsburys-just-cook-minted-lamb-rump-steaks-300g
sainsburys-just-cook-seville-orange-british-gammon-joint-470g,g,,1019,244,14.5,5.6,5.7,5.7,<0.5,22.7,1.76,2026-10-09,https://www.sainsburys.co.uk/groceries/product/sainsburys-just-cook-seville-orange-british-gammon-joint-470g
sainsburys-just-cook-sweet-chilli-chicken-breast-sizzlers-315g,g,,732,173,3.7,0.7,2.5,2.5,0.8,32.1,0.48,2026-10-09,https://www.sainsburys.co.uk/groceries/product/sainsburys-just-cook-sweet-chilli-chicken-breast-sizzlers-315g
sainsburys-just-cook-teriyaki-chicken-thigh-fillets-380g,g,,785,186,5.8,1.4,6.2,5.6,1.1,26.8,0.67,2026-10-09,https://www.sainsburys.co.uk/groceries/product/sainsburys-just-cook-teriyaki-chicken-thigh-fillets-380g
sainsburys-katsu-chicken-snack-pack,g,,770,183,4.2,0.5,31.6,7.1,1.1,4.1,1.61,2026-10-09,https://www.sainsburys.co.uk/groceries/product/sainsburys-katsu-chicken-snack-pack
sainsburys-kids-fruited-yogurt-pack-6x45g,g,,354,84,3.8,2.6,8.0,6.4,,4.3,0.10,2026-10-09,https://www.sainsburys.co.uk/groceries/product/sainsburys-kids-fruited-yogurt-pack-6x45g
sainsburys-kiln-smoked-british-kipper-fillets-taste-the-difference-240g,g,grilled,932,224,15.7,4.6,3.4,<0.5,<0.5,17.0,2.05,2026-10-09,https://www.sainsburys.co.uk/groceries/product/sainsburys-kiln-smoked-british-kipper-fillets-taste-the-difference-240g
sainsburys-king-prawns-asc-in-garlic-parsley-asc-150g,g,,398,95,3.0,0.4,1.1,<0.5,<0.5,15.8,1.33,2026-10-09,https://www.sainsburys.co.uk/groceries/product/sainsburys-king-prawns-asc-in-garlic-parsley-asc-150g
sainsburys-king-prawns-sunblush-tomatoes-pesto-taste-the-difference-150g,g,,582,140,8.8,1.3,2.1,1.9,0.8,12.6,2.40,2026-10-09,https://www.sainsburys.co.uk/groceries/product/sainsburys-king-prawns-sunblush-tomatoes-pesto-taste-the-difference-150g
sainsburys-kitchen-deli-basil-pesto-chicken-avocado-wrap,g,,950,227,11.9,2.9,18.8,1.7,1.7,10.4,0.81,2026-10-09,https://www.sainsburys.co.uk/groceries/product/sainsburys-kitchen-deli-basil-pesto-chicken-avocado-wrap
sainsburys-lamb-hotpot-taste-the-difference-serves-1-400g,g,,507,121,4.0,1.5,13.8,2.1,1.4,6.7,0.72,2026-10-09,https://www.sainsburys.co.uk/groceries/product/sainsburys-lamb-hotpot-taste-the-difference-serves-1-400g
sainsburys-large-atlantic-msc-coldwater-prawns-taste-the-difference-150g-ready-to-eat,g,,244,57,<0.5,<0.1,<0.5,<0.5,<0.5,13.6,1.40,2026-10-09,https://www.sainsburys.co.uk/groceries/product/sainsburys-large-atlantic-msc-coldwater-prawns-taste-the-difference-150g-ready-to-eat
sainsburys-large-black-tiger-prawns-asc-taste-the-difference-150g,g,,268,63,<0.5,<0.1,<0.5,<0.5,<0.5,15.2,1.50,2026-10-09,https://www.sainsburys.co.uk/groceries/product/sainsburys-large-black-tiger-prawns-asc-taste-the-difference-150g
sainsburys-large-classic-sandwich-platter-30-quarters,g,,1096,262,12.1,5.5,26.0,2.4,2.5,11.0,0.83,2026-10-09,https://www.sainsburys.co.uk/groceries/product/sainsburys-large-classic-sandwich-platter-30-quarters
sainsburys-large-king-prawns-asc-150g,g,,263,62,<0.5,<0.1,<0.5,<0.5,<0.5,14.6,1.50,2026-10-09,https://www.sainsburys.co.uk/groceries/product/sainsburys-large-king-prawns-asc-150g
sainsburys-large-king-prawns-asc-300g,g,,266,63,<0.5,<0.1,<0.5,<0.5,<0.5,14.8,1.50,2026-10-09,https://www.sainsburys.co.uk/groceries/product/sainsburys-large-king-prawns-asc-300g
sainsburys-large-king-prawns-asc-taste-the-difference-300g,g,,314,74,<0.5,<0.1,<0.5,<0.5,<0.5,17.9,1.50,2026-10-09,https://www.sainsburys.co.uk/groceries/product/sainsburys-large-king-prawns-asc-taste-the-difference-300g
sainsburys-large-whole-chicken-2-0-2-5kg,g,edible portion,708,169,7.1,2.0,<0.5,<0.5,<0.5,26.0,0.21,2026-10-09,https://www.sainsburys.co.uk/groceries/product/sainsburys-large-whole-chicken-2-0-2-5kg
sainsburys-lemon-herb-british-chicken-breast-mini-fillets-320g,g,,717,171,5.8,0.7,<0.5,<0.5,1.2,28.8,0.55,2026-10-09,https://www.sainsburys.co.uk/groceries/product/sainsburys-lemon-herb-british-chicken-breast-mini-fillets-320g
sainsburys-lemon-herb-chicken-schnitzel-taste-the-difference-350g,g,,1077,258,14.4,2.8,13.8,0.9,2.1,17.1,0.66,2026-10-09,https://www.sainsburys.co.uk/groceries/product/sainsburys-lemon-herb-chicken-schnitzel-taste-the-difference-350g
sainsburys-lightly-dusted-basa-fillets-asc-x2-265g,g,,718,171,8.0,1.0,10.9,0.9,<0.5,13.9,0.70,2026-10-09,https://www.sainsburys.co.uk/groceries/product/sainsburys-lightly-dusted-basa-fillets-asc-x2-265g
sainsburys-lightly-dusted-chicken-mini-fillets-305g,g,,1021,244,11.5,1.2,13.6,0.8,0.7,21.1,0.55,2026-10-09,https://www.sainsburys.co.uk/groceries/product/sainsburys-lightly-dusted-chicken-mini-fillets-305g
sainsburys-lightly-dusted-msc-plaice-fillets-x2-265g,g,,920,220,10.9,0.9,18.2,0.5,1.3,11.6,1.01,2026-10-09,https://www.sainsburys.co.uk/groceries/product/sainsburys-lightly-dusted-msc-plaice-fillets-x2-265g
sainsburys-lightly-seasoned-cooked-british-beef-brisket-pastrami-taste-the-difference-120g,g,,596,142,4.6,1.8,1.3,1.1,<0.5,23.7,1.63,2026-10-09,https://www.sainsburys.co.uk/groceries/product/sainsburys-lightly-seasoned-cooked-british-beef-brisket-pastrami-taste-the-difference-120g
sainsburys-lime-chilli-chicken-breast-chunks-80g,g,,586,138,0.9,0.3,5.6,1.9,<0.5,26.8,0.66,2026-10-09,https://www.sainsburys.co.uk/groceries/product/sainsburys-lime-chilli-chicken-breast-chunks-80g
sainsburys-lime-chilli-cooked-british-chicken-mini-fillets-170g-ready-to-eat,g,,586,138,0.9,0.3,5.6,1.9,<0.5,26.8,0.66,2026-10-09,https://www.sainsburys.co.uk/groceries/product/sainsburys-lime-chilli-cooked-british-chicken-mini-fillets-170g-ready-to-eat
sainsburys-lincolnshire-british-pork-sausages-taste-the-difference-x6-400g,g,grilled,997,240,17.8,6.8,2.9,0.7,0.9,16.5,1.08,2026-10-09,https://www.sainsburys.co.uk/groceries/product/sainsburys-lincolnshire-british-pork-sausages-taste-the-difference-x6-400g
sainsburys-luxury-sandwich-platter-taste-the-difference-16-quarters,g,,735,175,5.4,2.4,20.1,3.1,2.5,10.3,0.86,2026-10-09,https://www.sainsburys.co.uk/groceries/product/sainsburys-luxury-sandwich-platter-taste-the-difference-16-quarters
sainsburys-luxury-wrap-platter-taste-the-difference-16-pieces,g,,1040,248,11.9,4.8,26.4,1.9,1.6,8.2,1.12,2026-10-09,https://www.sainsburys.co.uk/groceries/product/sainsburys-luxury-wrap-platter-taste-the-difference-16-pieces
sainsburys-mango-coconut-british-chicken-grills-180g-ready-to-eat,g,,601,142,2.2,0.9,5.4,2.7,<0.5,25.1,0.56,2026-10-09,https://www.sainsburys.co.uk/groceries/product/sainsburys-mango-coconut-british-chicken-grills-180g-ready-to-eat
sainsburys-marinated-anchovies-taste-the-difference-145g,g,,824,198,13.1,1.4,0.8,<0.5,<0.5,19.2,2.93,2026-10-09,https://www.sainsburys.co.uk/groceries/product/sainsburys-marinated-anchovies-taste-the-difference-145g
sainsburys-milano-cheddar-rollitos-84g,g,,1673,403,32.2,16.6,2.2,<0.5,,25.9,2.79,2026-10-09,https://www.sainsburys.co.uk/groceries/product/sainsburys-milano-cheddar-rollitos-84g
sainsburys-mini-chicken-kyivs-sharing-selection-24-pieces,g,,978,234,12.8,3.0,13.9,<0.5,1.1,15.2,0.52,2026-10-09,https://www.sainsburys.co.uk/groceries/product/sainsburys-mini-chicken-kyivs-sharing-selection-24-pieces
sainsburys-mini-egg-bites-x18-216g,g,,1257,301,18.3,3.7,24.5,1.6,1.5,8.9,0.88,2026-10-09,https://www.sainsburys.co.uk/groceries/product/sainsburys-mini-egg-bites-x18-216g
sainsburys-mini-pies-vol-au-vent-sharing-selection-taste-the-difference-48-pieces,g,,1305,312,17.1,8.8,29.5,2.3,1.4,9.4,0.46,2026-10-09,https://www.sainsburys.co.uk/groceries/product/sainsburys-mini-pies-vol-au-vent-sharing-selection-taste-the-difference-48-pieces
sainsburys-mini-roll-platter-12-pieces,g,,833,198,5.0,0.4,27.7,1.7,1.7,9.6,1.11,2026-10-09,https://www.sainsburys.co.uk/groceries/product/sainsburys-mini-roll-platter-12-pieces
sainsburys-mini-sausage-rolls-x20-200g,g,,1299,311,17.6,7.7,27.9,1.6,1.6,9.5,0.89,2026-10-09,https://www.sainsburys.co.uk/groceries/product/sainsburys-mini-sausage-rolls-x20-200g
sainsburys-mini-sausage-rolls-x38-380g,g,,1299,311,17.6,7.7,27.9,1.6,1.6,9.5,0.89,2026-10-09,https://www.sainsburys.co.uk/groceries/product/sainsburys-mini-sausage-rolls-x38-380g
sainsburys-mixed-olives-greek-feta-160g,g,,1115,271,27.1,4.3,2.0,<0.5,2.4,3.6,2.28,2026-10-09,https://www.sainsburys.co.uk/groceries/product/sainsburys-mixed-olives-greek-feta-160g
sainsburys-mixed-olives-greek-feta-285g,g,,1002,243,23.9,4.3,1.9,<0.5,2.6,3.8,2.41,2026-10-09,https://www.sainsburys.co.uk/groceries/product/sainsburys-mixed-olives-greek-feta-285g
sainsburys-mortadella-slow-cooked-taste-the-difference-130g,g,,1212,292,24.9,10.9,<0.5,<0.5,<0.5,16.6,2.30,2026-10-09,https://www.sainsburys.co.uk/groceries/product/sainsburys-mortadella-slow-cooked-taste-the-difference-130g
sainsburys-msc-seafood-sticks-x16-250g,g,,450,107,2.5,0.2,12.8,7.5,<0.5,8.2,2.13,2026-10-09,https://www.sainsburys.co.uk/groceries/product/sainsburys-msc-seafood-sticks-x16-250g
sainsburys-natural-yoghurt-1kg,g,,340,81,3.8,2.5,6.6,6.6,<0.5,5.1,0.18,2026-10-09,https://www.sainsburys.co.uk/groceries/product/sainsburys-natural-yoghurt-1kg
sainsburys-navarra-chorizo-ring-taste-the-difference-225g,g,,2148,519,46.0,17.4,0.8,0.8,2.0,24.5,3.08,2026-10-09,https://www.sainsburys.co.uk/groceries/product/sainsburys-navarra-chorizo-ring-taste-the-difference-225g
sainsburys-nduja-chicken-bacon-caesar-tortilla-wrap-limited-edition-taste-the-difference,g,,1134,271,13.3,3.5,26.0,2.2,1.9,10.9,0.97,2026-10-09,https://www.sainsburys.co.uk/groceries/product/sainsburys-nduja-chicken-bacon-caesar-tortilla-wrap-limited-edition-taste-the-difference
sainsburys-new-yorker-inspired-sandwich-taste-the-difference,g,,735,175,5.4,2.4,20.1,3.1,2.5,10.3,0.86,2026-10-09,https://www.sainsburys.co.uk/groceries/product/sainsburys-new-yorker-inspired-sandwich-taste-the-difference
sainsburys-no-mayo-cheddar-cheese-on-white-bread-sandwich,g,,1251,298,13.1,7.8,31.1,2.2,1.8,13.2,1.14,2026-10-09,https://www.sainsburys.co.uk/groceries/product/sainsburys-no-mayo-cheddar-cheese-on-white-bread-sandwich
sainsburys-no-mayo-ham-on-white-bread-sandwich,g,,864,205,3.8,1.8,29.4,1.7,1.4,12.5,1.05,2026-10-09,https://www.sainsburys.co.uk/groceries/product/sainsburys-no-mayo-ham-on-white-bread-sandwich
sainsburys-no-mayo-hoisin-duck-wrap,g,,816,193,4.4,1.7,29.0,5.8,1.5,8.7,0.73,2026-10-09,https://www.sainsburys.co.uk/groceries/product/sainsburys-no-mayo-hoisin-duck-wrap
sainsburys-nocellara-del-belice-olives-taste-the-difference-160g,g,,902,219,22.4,4.0,2.1,<0.5,2.0,1.2,2.86,2026-10-09,https://www.sainsburys.co.uk/groceries/product/sainsburys-nocellara-del-belice-olives-taste-the-difference-160g
sainsburys-on-the-go-roasted-salted-mixed-nuts-60g,g,,2566,620,52.0,8.0,10.5,4.7,8.9,23.1,0.48,2026-10-09,https://www.sainsburys.co.uk/groceries/product/sainsburys-on-the-go-roasted-salted-mixed-nuts-60g
sainsburys-organic-british-beef-mince-12-fat-500g,g,,861,206,11.8,5.4,<0.5,<0.5,<0.5,25.0,0.18,2026-10-09,https://www.sainsburys.co.uk/groceries/product/sainsburys-organic-british-beef-mince-12-fat-500g
sainsburys-organic-british-beef-mince-5-fat-500g,g,,702,167,4.7,2.1,<0.5,<0.5,<0.5,31.0,0.23,2026-10-09,https://www.sainsburys.co.uk/groceries/product/sainsburys-organic-british-beef-mince-5-fat-500g
sainsburys-orkney-crab-pate-100g,g,,691,165,9.7,5.5,8.7,1.7,0.7,10.5,0.98,2026-10-09,https://www.sainsburys.co.uk/groceries/product/sainsburys-orkney-crab-pate-100g
sainsburys-party-sandwich-platter-24-quarters,g,,880,209,5.5,3.0,27.3,2.0,1.7,11.8,1.20,2026-10-09,https://www.sainsburys.co.uk/groceries/product/sainsburys-party-sandwich-platter-24-quarters
sainsburys-pasta-spinach-pinenut-salad-200g,g,serving,947,226,11.6,1.8,23.0,1.0,2.2,6.4,1.00,2026-10-09,https://www.sainsburys.co.uk/groceries/product/sainsburys-pasta-spinach-pinenut-salad-200g
sainsburys-patagonian-scallops-king-prawns-gratins-taste-the-difference-x2-240g,g,,757,182,12.9,8.5,4.0,1.1,<0.5,12.3,1.26,2026-10-09,https://www.sainsburys.co.uk/groceries/product/sainsburys-patagonian-scallops-king-prawns-gratins-taste-the-difference-x2-240g
sainsburys-peppered-german-salami-slices-x17-170g,g,,1366,329,25.5,10.1,1.8,<0.5,<0.5,22.8,3.44,2026-10-09,https://www.sainsburys.co.uk/groceries/product/sainsburys-peppered-german-salami-slices-x17-170g
sainsburys-pesto-parmesan-pasta-taste-the-difference-185g,g,,858,205,10.0,2.6,21.6,1.2,1.2,6.5,0.90,2026-10-09,https://www.sainsburys.co.uk/groceries/product/sainsburys-pesto-parmesan-pasta-taste-the-difference-185g
sainsburys-pesto-parmesan-pasta-taste-the-difference-400g,g,,858,205,10.0,2.6,21.6,1.2,1.2,6.5,0.90,2026-10-09,https://www.sainsburys.co.uk/groceries/product/sainsburys-pesto-parmesan-pasta-taste-the-difference-400g
sainsburys-pimento-stuffed-olives-with-spanish-cheese-160g,g,,1094,265,25.9,6.5,2.0,<0.5,1.7,5.3,2.15,2026-10-09,https://www.sainsburys.co.uk/groceries/product/sainsburys-pimento-stuffed-olives-with-spanish-cheese-160g
sainsburys-piri-piri-chicken-crunchy-slaw-wrap,g,,712,170,7.6,1.6,16.0,3.4,2.0,8.4,0.59,2026-10-09,https://www.sainsburys.co.uk/groceries/product/sainsburys-piri-piri-chicken-crunchy-slaw-wrap
sainsburys-pitted-green-olives-120g,g,,723,176,17.7,2.3,1.4,<0.5,3.0,1.1,2.80,2026-10-09,https://www.sainsburys.co.uk/groceries/product/sainsburys-pitted-green-olives-120g
sainsburys-pork-apple-cocktail-sausages-taste-the-difference-x18-198g,g,,1142,275,19.7,7.3,6.5,6.0,2.6,16.6,1.29,2026-10-09,https://www.sainsburys.co.uk/groceries/product/sainsburys-pork-apple-cocktail-sausages-taste-the-difference-x18-198g
sainsburys-pork-caramelised-onion-scotch-egg-113g,g,,1026,246,14.4,4.0,16.5,6.9,0.7,12.3,0.55,2026-10-09,https://www.sainsburys.co.uk/groceries/product/sainsburys-pork-caramelised-onion-scotch-egg-113g
sainsburys-pork-cocktail-sausages-200g,g,,1136,273,19.4,6.9,11.9,1.4,1.4,12.0,1.14,2026-10-09,https://www.sainsburys.co.uk/groceries/product/sainsburys-pork-cocktail-sausages-200g
sainsburys-pork-cocktail-sausages-x50-500g,g,,1136,273,19.4,6.9,11.9,1.4,1.4,12.0,1.14,2026-10-09,https://www.sainsburys.co.uk/groceries/product/sainsburys-pork-cocktail-sausages-x50-500g
sainsburys-pork-cocktail-sausages-x56-672g,g,,855,205,11.8,4.2,7.6,<0.5,1.3,16.4,1.25,2026-10-09,https://www.sainsburys.co.uk/groceries/product/sainsburys-pork-cocktail-sausages-x56-672g
sainsburys-pork-sausage-rolls-summer-edition-taste-the-difference-x4-188g,g,,1516,364,24.6,12.0,25.6,1.6,1.4,9.5,0.72,2026-10-09,https://www.sainsburys.co.uk/groceries/product/sainsburys-pork-sausage-rolls-summer-edition-taste-the-difference-x4-188g
sainsburys-pork-sausages-taste-the-difference-x10-667g,g,,1151,277,21.1,8.2,2.1,0.7,<0.5,19.5,1.28,2026-10-09,https://www.sainsburys.co.uk/groceries/product/sainsburys-pork-sausages-taste-the-difference-x10-667g
sainsburys-pork-stuffing-chicken-joint-500g,g,,791,189,10.0,3.3,1.1,<0.5,1.2,23.3,0.54,2026-10-09,https://www.sainsburys.co.uk/groceries/product/sainsburys-pork-stuffing-chicken-joint-500g
sainsburys-prawn-cocktail-on-rye-bread-sandwich-taste-the-difference,g,,894,214,10.4,1.5,20.1,2.8,1.5,9.2,1.07,2026-10-09,https://www.sainsburys.co.uk/groceries/product/sainsburys-prawn-cocktail-on-rye-bread-sandwich-taste-the-difference
sainsburys-prawn-mayo-on-malted-bread-sandwich,g,,720,171,5.0,0.6,20.7,1.9,2.4,9.6,1.03,2026-10-09,https://www.sainsburys.co.uk/groceries/product/sainsburys-prawn-mayo-on-malted-bread-sandwich
sainsburys-prosciutto-crudo-50g,g,,934,223,12.1,4.5,<0.5,<0.5,<0.5,27.9,4.65,2026-10-09,https://www.sainsburys.co.uk/groceries/product/sainsburys-prosciutto-crudo-50g
sainsburys-prosciutto-di-speck-taste-the-difference-80g,g,,1038,249,14.9,6.0,<0.5,<0.5,<0.5,28.2,4.37,2026-10-09,https://www.sainsburys.co.uk/groceries/product/sainsburys-prosciutto-di-speck-taste-the-difference-80g
sainsburys-pugliese-burrata-with-sunsoaked-tomatoes-taste-the-difference-340g,g,,1033,249,21.1,13.2,2.5,<0.5,<0.5,12.2,0.45,2026-10-09,https://www.sainsburys.co.uk/groceries/product/sainsburys-pugliese-burrata-with-sunsoaked-tomatoes-taste-the-difference-340g
sainsburys-queen-olives-with-lemon-herb-160g,g,,695,169,16.7,2.8,2.4,<0.5,1.8,1.4,2.78,2026-10-09,https://www.sainsburys.co.uk/groceries/product/sainsburys-queen-olives-with-lemon-herb-160g
sainsburys-quick-cook-extra-thin-british-lamb-steaks-200g,g,,1545,373,30.6,14.3,<0.5,<0.5,<0.5,24.0,0.29,2026-10-09,https://www.sainsburys.co.uk/groceries/product/sainsburys-quick-cook-extra-thin-british-lamb-steaks-200g
sainsburys-quick-cook-extra-thin-british-or-irish-beef-200g,g,,837,199,7.9,3.1,0.8,<0.5,<0.5,31.3,0.33,2026-10-09,https://www.sainsburys.co.uk/groceries/product/sainsburys-quick-cook-extra-thin-british-or-irish-beef-200g
sainsburys-raspberry-yogurt-taste-the-difference-150g,g,,504,120,6.0,4.1,13.7,11.6,0.6,2.5,0.06,2026-10-09,https://www.sainsburys.co.uk/groceries/product/sainsburys-raspberry-yogurt-taste-the-difference-150g
sainsburys-raw-king-prawns-asc-165g,g,pan fried,474,112,1.4,0.3,<0.5,<0.5,<0.5,24.5,0.80,2026-10-09,https://www.sainsburys.co.uk/groceries/product/sainsburys-raw-king-prawns-asc-165g
sainsburys-ready-to-cook-british-beef-steaks-with-red-wine-caramelised-shallot-butter-x2-300g,g,,845,202,10.9,4.9,<0.5,<0.5,0.6,25.4,0.20,2026-10-09,https://www.sainsburys.co.uk/groceries/product/sainsburys-ready-to-cook-british-beef-steaks-with-red-wine-caramelised-shallot-butter-x2-300g
sainsburys-ready-to-cook-rotisserie-style-british-chicken-joint-with-a-sweet-sticky-marinade-500g-serves-2-to-3,g,,721,171,5.7,1.6,3.4,3.0,0.7,26.2,0.84,2026-10-09,https://www.sainsburys.co.uk/groceries/product/sainsburys-ready-to-cook-rotisserie-style-british-chicken-joint-with-a-sweet-sticky-marinade-500g-serves-2-to-3
sainsburys-red-leicester-ploughmans-sandwich,g,,919,219,9.3,5.2,21.1,4.4,3.6,11.1,1.16,2026-10-09,https://www.sainsburys.co.uk/groceries/product/sainsburys-red-leicester-ploughmans-sandwich
sainsburys-red-yellow-chargrilled-peppers-inspired-to-cook-115g,g,,397,96,8.8,0.7,2.8,2.4,1.4,0.8,0.70,2026-10-09,https://www.sainsburys.co.uk/groceries/product/sainsburys-red-yellow-chargrilled-peppers-inspired-to-cook-115g
sainsburys-reduced-fat-brussels-spreadable-pate-175g,g,,664,160,11.3,4.6,3.8,2.3,<0.5,10.7,1.68,2026-10-09,https://www.sainsburys.co.uk/groceries/product/sainsburys-reduced-fat-brussels-spreadable-pate-175g
sainsburys-reduced-fat-smoked-bacon-medallions-x8-200g,g,,788,187,4.8,1.8,1.0,0.7,0.6,34.6,3.43,2026-10-09,https://www.sainsburys.co.uk/groceries/product/sainsburys-reduced-fat-smoked-bacon-medallions-x8-200g
sainsburys-reduced-fat-unsmoked-bacon-medallions-x8-200g,g,grilled,788,187,4.8,1.8,1.0,0.7,0.6,34.6,3.43,2026-10-09,https://www.sainsburys.co.uk/groceries/product/sainsburys-reduced-fat-unsmoked-bacon-medallions-x8-200g
sainsburys-ricotta-stuffed-peppers-taste-the-difference-125g,g,,611,147,9.3,3.6,11.8,11.3,1.9,3.0,0.80,2026-10-09,https://www.sainsburys.co.uk/groceries/product/sainsburys-ricotta-stuffed-peppers-taste-the-difference-125g
sainsburys-roast-boneless-cooked-british-chicken-breast-x4-480g,g,,589,140,4.3,1.3,1.8,0.6,<0.5,23.4,0.65,2026-10-09,https://www.sainsburys.co.uk/groceries/product/sainsburys-roast-boneless-cooked-british-chicken-breast-x4-480g
sainsburys-roast-british-chicken-breast-sliced-360g-ready-to-eat,g,,498,118,1.8,0.5,5.1,<0.5,<0.5,20.4,0.48,2026-10-09,https://www.sainsburys.co.uk/groceries/product/sainsburys-roast-british-chicken-breast-sliced-360g-ready-to-eat
sainsburys-roast-british-cooked-breast-chicken-slices-180g,g,,498,118,1.8,0.5,5.1,<0.5,<0.5,20.4,0.48,2026-10-09,https://www.sainsburys.co.uk/groceries/product/sainsburys-roast-british-cooked-breast-chicken-slices-180g
sainsburys-roast-british-cooked-chicken-drumsticks-430g,g,edible portion,641,152,5.5,1.5,1.5,<0.5,<0.5,24.3,0.52,2026-10-09,https://www.sainsburys.co.uk/groceries/product/sainsburys-roast-british-cooked-chicken-drumsticks-430g
sainsburys-roast-british-cooked-chicken-legs-x2-300g,g,,766,183,9.7,2.8,1.3,<0.5,<0.5,22.7,0.53,2026-10-09,https://www.sainsburys.co.uk/groceries/product/sainsburys-roast-british-cooked-chicken-legs-x2-300g
sainsburys-roast-british-cooked-chicken-thighs-450g,g,edible portion,780,187,10.9,2.9,<0.5,<0.5,1.4,21.2,0.53,2026-10-09,https://www.sainsburys.co.uk/groceries/product/sainsburys-roast-british-cooked-chicken-thighs-450g
sainsburys-roast-chicken-stuffing-topped-taste-the-difference-135g,g,,605,144,4.4,1.5,1.8,<0.5,<0.5,24.1,0.83,2026-10-09,https://www.sainsburys.co.uk/groceries/product/sainsburys-roast-chicken-stuffing-topped-taste-the-difference-135g
sainsburys-roast-in-the-bag-extra-tasty-whole-chicken-crown-700g,g,,632,150,4.5,1.2,<0.5,<0.5,0.6,27.0,0.29,2026-10-09,https://www.sainsburys.co.uk/groceries/product/sainsburys-roast-in-the-bag-extra-tasty-whole-chicken-crown-700g
sainsburys-roast-pork-loin-slices-taste-the-difference,g,,554,131,1.9,0.7,0.6,0.6,<0.5,27.9,0.48,2026-10-09,https://www.sainsburys.co.uk/groceries/product/sainsburys-roast-pork-loin-slices-taste-the-difference
sainsburys-roast-turkey-breast-slices-x6-120g,g,,422,99,0.6,0.3,0.5,0.5,<0.5,23.0,1.35,2026-10-09,https://www.sainsburys.co.uk/groceries/product/sainsburys-roast-turkey-breast-slices-x6-120g
sainsburys-roast-whole-cooked-british-chicken-894g-1112g,g,,686,163,5.8,1.6,0.7,0.6,<0.5,27.0,0.54,2026-10-09,https://www.sainsburys.co.uk/groceries/product/sainsburys-roast-whole-cooked-british-chicken-894g-1112g
sainsburys-roasted-mushroom-pate-100g,g,,616,149,11.8,5.2,7.2,2.2,0.8,3.1,1.16,2026-10-09,https://www.sainsburys.co.uk/groceries/product/sainsburys-roasted-mushroom-pate-100g
sainsburys-rotisserie-spatchcock-1197g,g,,787,188,9.4,2.5,1.9,1.7,<0.5,23.8,0.76,2026-10-09,https://www.sainsburys.co.uk/groceries/product/sainsburys-rotisserie-spatchcock-1197g
sainsburys-sage-onion-cooked-british-chicken-breast-slices-180g,g,,518,123,2.8,0.5,4.6,0.6,<0.5,19.8,0.66,2026-10-09,https://www.sainsburys.co.uk/groceries/product/sainsburys-sage-onion-cooked-british-chicken-breast-slices-180g
sainsburys-salami-chorizo-gouda-cheese-slices-x15-120g,g,,1529,369,31.3,10.7,2.8,<0.5,<0.5,18.8,3.97,2026-10-09,https://www.sainsburys.co.uk/groceries/product/sainsburys-salami-chorizo-gouda-cheese-slices-x15-120g
sainsburys-salami-mozzarella-rocket,g,,1237,296,16.2,4.6,24.3,1.8,1.7,12.4,1.39,2026-10-09,https://www.sainsburys.co.uk/groceries/product/sainsburys-salami-mozzarella-rocket
sainsburys-salami-riserva-dry-cured-taste-the-difference-80g,g,,1455,350,27.1,10.3,<0.5,<0.5,<0.5,26.3,3.95,2026-10-09,https://www.sainsburys.co.uk/groceries/product/sainsburys-salami-riserva-dry-cured-taste-the-difference-80g
sainsburys-salmon-pate-100g,g,,848,204,14.3,7.8,5.9,3.5,0.7,12.6,1.63,2026-10-09,https://www.sainsburys.co.uk/groceries/product/sainsburys-salmon-pate-100g
sainsburys-salt-pepper-chicken-wrap,g,,844,200,5.2,1.2,27.8,3.2,1.8,9.7,0.77,2026-10-09,https://www.sainsburys.co.uk/groceries/product/sainsburys-salt-pepper-chicken-wrap
sainsburys-sausage-roll-90g,g,,1307,313,17.3,7.7,28.2,2.2,2.2,9.9,0.75,2026-10-09,https://www.sainsburys.co.uk/groceries/product/sainsburys-sausage-roll-90g
sainsburys-sausage-roll-sharing-selection-taste-the-difference-24-pieces,g,,1436,344,21.2,11.2,25.1,1.3,1.1,12.7,0.71,2026-10-09,https://www.sainsburys.co.uk/groceries/product/sainsburys-sausage-roll-sharing-selection-taste-the-difference-24-pieces
sainsburys-sausage-rolls-x2-120g,g,,1309,314,17.9,7.9,27.5,2.3,2.2,9.6,0.76,2026-10-09,https://www.sainsburys.co.uk/groceries/product/sainsburys-sausage-rolls-x2-120g
sainsburys-sausage-rolls-x6-360g,g,,1309,314,17.9,7.9,27.5,2.3,2.2,9.6,0.76,2026-10-09,https://www.sainsburys.co.uk/groceries/product/sainsburys-sausage-rolls-x6-360g
sainsburys-sausage-rolls-x9-270g,g,,1322,317,19.1,8.8,26.8,1.7,1.5,8.8,0.73,2026-10-09,https://www.sainsburys.co.uk/groceries/product/sainsburys-sausage-rolls-x9-270g
sainsburys-scotch-egg-taste-the-difference-130g,g,,1085,261,18.0,5.2,9.9,0.8,0.8,14.4,0.81,2026-10-09,https://www.sainsburys.co.uk/groceries/product/sainsburys-scotch-egg-taste-the-difference-130g
sainsburys-scotch-eggs-taste-the-difference-x2-260g,g,,1085,261,18.0,5.2,9.9,0.8,0.8,14.4,0.81,2026-10-09,https://www.sainsburys.co.uk/groceries/product/sainsburys-scotch-eggs-taste-the-difference-x2-260g
sainsburys-scotch-eggs-x2-226g,g,,919,220,12.2,3.4,15.9,0.8,1.0,11.1,0.76,2026-10-09,https://www.sainsburys.co.uk/groceries/product/sainsburys-scotch-eggs-x2-226g
sainsburys-scotch-eggs-x4-452g,g,,919,220,12.2,3.4,15.9,0.8,1.0,11.1,0.76,2026-10-09,https://www.sainsburys.co.uk/groceries/product/sainsburys-scotch-eggs-x4-452g
sainsburys-scottish-msc-mussels-in-garlic-butter-500g-serves-x2,g,,331,79,2.5,1.2,5.8,<0.5,<0.5,7.9,1.32,2026-10-09,https://www.sainsburys.co.uk/groceries/product/sainsburys-scottish-msc-mussels-in-garlic-butter-500g-serves-x2
sainsburys-sea-bass-fillets-asc-x4-360g,g,,810,194,9.8,2.1,<0.5,<0.5,0.7,25.9,0.25,2026-10-09,https://www.sainsburys.co.uk/groceries/product/sainsburys-sea-bass-fillets-asc-x4-360g
sainsburys-seafood-cocktail-deli-filler-220g,g,,684,164,11.9,0.9,9.2,3.9,<0.5,4.9,1.15,2026-10-09,https://www.sainsburys.co.uk/groceries/product/sainsburys-seafood-cocktail-deli-filler-220g
sainsburys-seafood-selection-200g-ready-to-eat,g,,356,84,1.2,0.3,1.3,<0.5,<0.5,16.8,1.04,2026-10-09,https://www.sainsburys.co.uk/groceries/product/sainsburys-seafood-selection-200g-ready-to-eat
sainsburys-selection-charcuterie-platter-selection-slices-x37-200g,g,,1606,387,29.5,10.7,5.5,<0.5,<0.5,24.5,3.51,2026-10-09,https://www.sainsburys.co.uk/groceries/product/sainsburys-selection-charcuterie-platter-selection-slices-x37-200g
sainsburys-selection-chicken-sushi,g,,724,172,3.3,0.5,29.7,6.8,1.1,5.2,1.35,2026-10-09,https://www.sainsburys.co.uk/groceries/product/sainsburys-selection-chicken-sushi
sainsburys-selection-continental-meat-cheese-215g,g,,1564,377,29.4,10.7,<0.5,<0.5,<0.5,27.9,4.09,2026-10-09,https://www.sainsburys.co.uk/groceries/product/sainsburys-selection-continental-meat-cheese-215g
sainsburys-selection-salami-mozzarella-slices-x18-100g,g,,1319,317,23.3,15.1,2.1,<0.5,<0.5,24.5,1.48,2026-10-09,https://www.sainsburys.co.uk/groceries/product/sainsburys-selection-salami-mozzarella-slices-x18-100g
sainsburys-serrano-ham-100g,g,,891,212,9.2,3.3,0.7,0.7,<0.5,31.7,5.00,2026-10-09,https://www.sainsburys.co.uk/groceries/product/sainsburys-serrano-ham-100g
sainsburys-sides-breaded-chicken-pops-250g,g,,1041,249,12.6,1.9,18.5,1.5,1.5,14.7,0.62,2026-10-09,https://www.sainsburys.co.uk/groceries/product/sainsburys-sides-breaded-chicken-pops-250g
sainsburys-skin-on-asc-scottish-salmon-fillets-so-organic-x2-240g,g,pan fried,991,238,15.5,3.5,<0.5,<0.5,<0.5,24.1,0.39,2026-10-09,https://www.sainsburys.co.uk/groceries/product/sainsburys-skin-on-asc-scottish-salmon-fillets-so-organic-x2-240g
sainsburys-skin-on-asc-scottish-salmon-fillets-x4-480g,g,,965,232,15.3,2.6,<0.5,<0.5,<0.5,23.0,0.27,2026-10-09,https://www.sainsburys.co.uk/groceries/product/sainsburys-skin-on-asc-scottish-salmon-fillets-x4-480g
sainsburys-skin-on-boneless-smoked-msc-haddock-fillets-240g,g,,404,96,1.4,0.3,<0.5,<0.5,<0.5,20.3,1.22,2026-10-09,https://www.sainsburys.co.uk/groceries/product/sainsburys-skin-on-boneless-smoked-msc-haddock-fillets-240g
sainsburys-skin-on-msc-haddock-loins-taste-the-difference-270g,g,pan fried,462,109,2.0,0.4,<0.5,<0.5,<0.5,22.4,0.24,2026-10-09,https://www.sainsburys.co.uk/groceries/product/sainsburys-skin-on-msc-haddock-loins-taste-the-difference-270g
sainsburys-skinless-boneless-cod-fillets-x2-250g,g,,384,91,<0.5,<0.1,<0.5,<0.5,<0.5,21.8,0.17,2026-10-09,https://www.sainsburys.co.uk/groceries/product/sainsburys-skinless-boneless-cod-fillets-x2-250g
sainsburys-sliced-gherkins-inspired-to-cook-110g,g,,330,79,5.0,0.4,7.5,6.7,0.9,0.5,1.41,2026-10-09,https://www.sainsburys.co.uk/groceries/product/sainsburys-sliced-gherkins-inspired-to-cook-110g
sainsburys-slow-cook-buffalo-british-chicken-wings-600g-serves-2,g,,965,231,12.0,3.3,4.7,3.8,1.2,25.4,0.91,2026-10-09,https://www.sainsburys.co.uk/groceries/product/sainsburys-slow-cook-buffalo-british-chicken-wings-600g-serves-2
sainsburys-slow-cook-chicken-casserole-300g,g,,489,116,4.2,1.0,3.6,1.9,0.8,15.7,0.38,2026-10-09,https://www.sainsburys.co.uk/groceries/product/sainsburys-slow-cook-chicken-casserole-300g
sainsburys-slow-cook-hot-honey-korean-beef-taste-the-difference-500g,g,,1073,257,14.7,6.6,18.0,16.5,1.0,12.7,1.00,2026-10-09,https://www.sainsburys.co.uk/groceries/product/sainsburys-slow-cook-hot-honey-korean-beef-taste-the-difference-500g
sainsburys-slow-cook-lamb-shanks-with-mint-680g-serves-2,g,edible portion oven cook,673,161,7.6,2.9,3.4,2.1,<0.5,19.4,0.42,2026-10-09,https://www.sainsburys.co.uk/groceries/product/sainsburys-slow-cook-lamb-shanks-with-mint-680g-serves-2
sainsburys-slow-cooked-400g-beef-birria,g,,867,208,13.8,6.2,1.4,0.9,0.7,19.4,0.55,2026-10-09,https://www.sainsburys.co.uk/groceries/product/sainsburys-slow-cooked-400g-beef-birria
sainsburys-slow-cooked-british-beef-bourguignon-taste-the-difference-545g-serves-2,g,,760,182,11.0,4.6,4.4,2.8,1.1,15.8,1.07,2026-10-09,https://www.sainsburys.co.uk/groceries/product/sainsburys-slow-cooked-british-beef-bourguignon-taste-the-difference-545g-serves-2
sainsburys-slow-cooked-british-chicken-coq-au-vin-a-rich-red-wine-gravy-with-mushrooms-onions-bacon-620g-serves-x2,g,edible portion oven cook,709,170,10.2,2.6,2.6,1.6,0.7,16.6,0.56,2026-10-09,https://www.sainsburys.co.uk/groceries/product/sainsburys-slow-cooked-british-chicken-coq-au-vin-a-rich-red-wine-gravy-with-mushrooms-onions-bacon-620g-serves-x2
sainsburys-slow-cooked-british-gammon-shanks-with-maple-black-pepper-orange-sauce-x2-680g-serves-2,g,edible portion,797,189,5.1,1.9,10.6,10.6,<0.5,25.2,1.69,2026-10-09,https://www.sainsburys.co.uk/groceries/product/sainsburys-slow-cooked-british-gammon-shanks-with-maple-black-pepper-orange-sauce-x2-680g-serves-2
sainsburys-slow-cooked-british-pulled-pork-with-smokey-bbq-sauce-569g-serves-2,g,,1173,281,16.3,6.7,11.0,10.4,<0.5,22.3,0.83,2026-10-09,https://www.sainsburys.co.uk/groceries/product/sainsburys-slow-cooked-british-pulled-pork-with-smokey-bbq-sauce-569g-serves-2
sainsburys-slow-cooked-chicken-breasts-470g,g,,529,126,4.0,1.6,1.6,1.6,1.9,19.9,0.73,2026-10-09,https://www.sainsburys.co.uk/groceries/product/sainsburys-slow-cooked-chicken-breasts-470g
sainsburys-slow-cooked-chicken-shawarma-480g,g,,644,154,7.0,2.1,3.0,1.3,0.9,19.2,0.53,2026-10-09,https://www.sainsburys.co.uk/groceries/product/sainsburys-slow-cooked-chicken-shawarma-480g
sainsburys-slow-cooked-peri-peri-lemon-herb-chicken-legs-510g,g,,812,194,10.5,2.5,3.2,1.8,0.8,21.4,0.92,2026-10-09,https://www.sainsburys.co.uk/groceries/product/sainsburys-slow-cooked-peri-peri-lemon-herb-chicken-legs-510g
sainsburys-slow-cooked-texan-style-bbq-british-beef-brisket-400g,g,,718,170,4.5,1.6,11.0,10.6,1.1,21.0,0.64,2026-10-09,https://www.sainsburys.co.uk/groceries/product/sainsburys-slow-cooked-texan-style-bbq-british-beef-brisket-400g
sainsburys-smoked-16-back-bacon-rashers-2x250g,g,grilled,1215,292,19.7,6.7,1.0,<0.5,0.6,27.3,3.76,2026-10-09,https://www.sainsburys.co.uk/groceries/product/sainsburys-smoked-16-back-bacon-rashers-2x250g
sainsburys-smoked-air-dried-bacon-lardons-taste-the-difference-160g,g,shallow fried,1290,309,20.0,6.8,1.0,<0.5,0.6,31.0,4.80,2026-10-09,https://www.sainsburys.co.uk/groceries/product/sainsburys-smoked-air-dried-bacon-lardons-taste-the-difference-160g
sainsburys-smoked-air-dried-bacon-medallions-taste-the-difference-x8-160g,g,,703,166,3.1,1.1,1.4,1.4,<0.5,33.2,3.50,2026-10-09,https://www.sainsburys.co.uk/groceries/product/sainsburys-smoked-air-dried-bacon-medallions-taste-the-difference-x8-160g
sainsburys-smoked-air-dried-dry-cured-back-bacon-rashers-taste-the-difference-x6-220g,g,grilled,1103,264,14.7,5.3,1.0,<0.5,0.6,31.7,3.40,2026-10-09,https://www.sainsburys.co.uk/groceries/product/sainsburys-smoked-air-dried-dry-cured-back-bacon-rashers-taste-the-difference-x6-220g
sainsburys-smoked-air-dried-dry-cured-thinly-sliced-pancetta-taste-the-difference-180g,g,grilled,1407,338,23.2,7.7,1.0,<0.5,0.6,31.0,4.20,2026-10-09,https://www.sainsburys.co.uk/groceries/product/sainsburys-smoked-air-dried-dry-cured-thinly-sliced-pancetta-taste-the-difference-180g
sainsburys-smoked-air-dried-streaky-bacon-rashers-taste-the-difference-x14-220g,g,grilled,1402,337,23.1,8.5,1.0,<0.5,0.6,31.0,4.50,2026-10-09,https://www.sainsburys.co.uk/groceries/product/sainsburys-smoked-air-dried-streaky-bacon-rashers-taste-the-difference-x14-220g
sainsburys-smoked-air-dried-sweet-cured-back-bacon-rashers-taste-the-difference-x6-220g,g,,1155,276,15.8,5.6,3.5,3.5,<0.5,29.8,2.80,2026-10-09,https://www.sainsburys.co.uk/groceries/product/sainsburys-smoked-air-dried-sweet-cured-back-bacon-rashers-taste-the-difference-x6-220g
sainsburys-smoked-air-dried-wiltshire-cured-back-bacon-rashers-taste-the-difference-x8-240g,g,,1065,255,15.2,5.6,<0.5,<0.5,1.0,28.7,4.06,2026-10-09,https://www.sainsburys.co.uk/groceries/product/sainsburys-smoked-air-dried-wiltshire-cured-back-bacon-rashers-taste-the-difference-x8-240g
sainsburys-smoked-back-bacon-rashers-x10-300g,g,grilled,1261,303,22.7,8.8,<0.5,<0.5,<0.5,24.3,3.73,2026-10-09,https://www.sainsburys.co.uk/groceries/product/sainsburys-smoked-back-bacon-rashers-x10-300g
sainsburys-smoked-bacon-lardons-250g,g,pan fried,1353,326,27.1,9.3,1.0,<0.5,0.6,19.3,3.60,2026-10-09,https://www.sainsburys.co.uk/groceries/product/sainsburys-smoked-bacon-lardons-250g
sainsburys-smoked-bacon-loin-steaks-x2-250g,g,,744,177,7.4,3.1,1.1,0.8,0.6,26.3,3.30,2026-10-09,https://www.sainsburys.co.uk/groceries/product/sainsburys-smoked-bacon-loin-steaks-x2-250g
sainsburys-smoked-ham-cheddar-on-malted-bread-sandwich,g,,951,227,9.9,3.9,18.6,1.5,3.3,14.3,1.16,2026-10-09,https://www.sainsburys.co.uk/groceries/product/sainsburys-smoked-ham-cheddar-on-malted-bread-sandwich
sainsburys-smoked-medium-british-gammon-joint-approx-1-4kg,g,,919,221,15.1,5.0,<0.5,<0.5,<0.5,20.6,2.43,2026-10-09,https://www.sainsburys.co.uk/groceries/product/sainsburys-smoked-medium-british-gammon-joint-approx-1-4kg
sainsburys-smoked-piri-piri-british-chicken-breast-sizzlers-315g,g,,803,191,7.4,1.1,1.8,1.8,0.9,28.9,0.70,2026-10-09,https://www.sainsburys.co.uk/groceries/product/sainsburys-smoked-piri-piri-british-chicken-breast-sizzlers-315g
sainsburys-smoked-reduced-salt-back-bacon-rashers-x8-250g,g,,1163,280,19.5,7.1,1.3,0.8,0.6,24.4,2.26,2026-10-09,https://www.sainsburys.co.uk/groceries/product/sainsburys-smoked-reduced-salt-back-bacon-rashers-x8-250g
sainsburys-smoked-salmon-cream-cheese-on-oatmeal-bread-sandwich,g,,951,227,9.0,2.4,23.9,2.4,2.3,11.5,1.23,2026-10-09,https://www.sainsburys.co.uk/groceries/product/sainsburys-smoked-salmon-cream-cheese-on-oatmeal-bread-sandwich
sainsburys-smoked-salmon-pate-taste-the-difference-100g,g,,822,197,12.2,4.8,4.7,2.2,<0.5,16.8,1.40,2026-10-09,https://www.sainsburys.co.uk/groceries/product/sainsburys-smoked-salmon-pate-taste-the-difference-100g
sainsburys-smoked-streaky-bacon-rashers-x14-300g,g,grilled,1514,365,27.7,11.2,1.0,<0.5,0.6,27.5,4.78,2026-10-09,https://www.sainsburys.co.uk/groceries/product/sainsburys-smoked-streaky-bacon-rashers-x14-300g
sainsburys-smoked-thick-cut-back-bacon-rashers-x6-300g,g,grilled,971,233,13.8,5.4,1.0,<0.5,0.6,25.8,3.85,2026-10-09,https://www.sainsburys.co.uk/groceries/product/sainsburys-smoked-thick-cut-back-bacon-rashers-x6-300g
sainsburys-smoky-breaded-british-chicken-schnitzel-with-a-honey-habanero-butter-taste-the-difference-x2-350g,g,,950,227,11.8,2.8,13.8,1.8,1.1,15.8,0.65,2026-10-09,https://www.sainsburys.co.uk/groceries/product/sainsburys-smoky-breaded-british-chicken-schnitzel-with-a-honey-habanero-butter-taste-the-difference-x2-350g
sainsburys-smoky-cheddar-tomato-antipasti-taste-the-difference-160g,g,,878,212,17.1,6.0,5.2,4.2,2.6,8.0,0.97,2026-10-09,https://www.sainsburys.co.uk/groceries/product/sainsburys-smoky-cheddar-tomato-antipasti-taste-the-difference-160g
sainsburys-smooth-brussels-style-pate-taste-the-difference-150g,g,,954,230,17.5,8.3,10.4,4.5,1.2,7.1,1.26,2026-10-09,https://www.sainsburys.co.uk/groceries/product/sainsburys-smooth-brussels-style-pate-taste-the-difference-150g
sainsburys-smooth-chicken-liver-parfait-taste-the-difference-150g,g,,1289,311,28.0,13.1,8.3,2.1,<0.5,6.4,1.31,2026-10-09,https://www.sainsburys.co.uk/groceries/product/sainsburys-smooth-chicken-liver-parfait-taste-the-difference-150g
sainsburys-smooth-duck-orange-pate-taste-the-difference-150g,g,,1109,267,20.8,8.9,12.4,5.0,1.0,7.1,1.10,2026-10-09,https://www.sainsburys.co.uk/groceries/product/sainsburys-smooth-duck-orange-pate-taste-the-difference-150g
sainsburys-smooth-pork-chipolatas-taste-the-difference-x12-375g,g,,1189,286,22.4,7.9,4.0,1.2,0.7,16.9,1.49,2026-10-09,https://www.sainsburys.co.uk/groceries/product/sainsburys-smooth-pork-chipolatas-taste-the-difference-x12-375g
sainsburys-soft-set-scotch-eggs-taste-the-difference-x2-260g,g,,1080,259,17.6,4.7,10.4,0.7,0.5,14.5,0.69,2026-10-09,https://www.sainsburys.co.uk/groceries/product/sainsburys-soft-set-scotch-eggs-taste-the-difference-x2-260g
sainsburys-southern-fried-breaded-fresh-british-chicken-goujons-270g,g,,877,209,9.5,1.2,16.7,0.8,1.8,13.4,0.75,2026-10-09,https://www.sainsburys.co.uk/groceries/product/sainsburys-southern-fried-breaded-fresh-british-chicken-goujons-270g
sainsburys-southern-fried-breaded-fresh-british-chicken-mini-fillets-305g,g,,918,219,10.0,0.9,15.2,2.6,2.0,16.0,0.82,2026-10-09,https://www.sainsburys.co.uk/groceries/product/sainsburys-southern-fried-breaded-fresh-british-chicken-mini-fillets-305g
sainsburys-southern-fried-breaded-fresh-british-chicken-steaks-x4-500g,g,,803,192,8.7,1.2,13.9,0.7,1.3,13.9,0.75,2026-10-09,https://www.sainsburys.co.uk/groceries/product/sainsburys-southern-fried-breaded-fresh-british-chicken-steaks-x4-500g
sainsburys-southern-fried-chicken,g,,961,229,9.5,2.5,27.5,3.3,1.8,7.6,0.56,2026-10-09,https://www.sainsburys.co.uk/groceries/product/sainsburys-southern-fried-chicken
sainsburys-southern-fried-chicken-drums-thighs-800g,g,edible portion,973,233,13.3,2.3,11.1,0.7,1.3,16.6,0.73,2026-10-09,https://www.sainsburys.co.uk/groceries/product/sainsburys-southern-fried-chicken-drums-thighs-800g
sainsburys-southern-fried-chicken-steak-380g,g,,1031,247,14.7,2.4,13.7,<0.5,1.0,14.5,0.91,2026-10-09,https://www.sainsburys.co.uk/groceries/product/sainsburys-southern-fried-chicken-steak-380g
sainsburys-southern-fried-fresh-british-chicken-breast-fillet-x2-315g,g,,783,187,7.9,0.8,11.7,2.4,1.9,16.3,0.71,2026-10-09,https://www.sainsburys.co.uk/groceries/product/sainsburys-southern-fried-fresh-british-chicken-breast-fillet-x2-315g
sainsburys-spanish-chorizo-ring-225g,g,,2027,490,42.7,15.8,<0.5,<0.5,0.8,25.5,3.10,2026-10-09,https://www.sainsburys.co.uk/groceries/product/sainsburys-spanish-chorizo-ring-225g
sainsburys-spanish-chorizo-slices-x34-170g,g,,1355,326,24.6,8.7,3.4,1.8,1.0,22.3,4.23,2026-10-09,https://www.sainsburys.co.uk/groceries/product/sainsburys-spanish-chorizo-slices-x34-170g
sainsburys-spanish-diced-chorizo-150g,g,,1355,326,24.6,8.7,3.4,1.8,1.0,22.3,4.20,2026-10-09,https://www.sainsburys.co.uk/groceries/product/sainsburys-spanish-diced-chorizo-150g
sainsburys-spanish-tapas-selection-120g,g,,891,212,9.2,3.3,0.7,0.7,<0.5,31.7,5.00,2026-10-09,https://www.sainsburys.co.uk/groceries/product/sainsburys-spanish-tapas-selection-120g
sainsburys-spanish-tortilla-with-flaked-piment-n-taste-the-difference-300g,g,,608,146,8.3,1.4,11.5,1.8,1.7,5.4,0.89,2026-10-09,https://www.sainsburys.co.uk/groceries/product/sainsburys-spanish-tortilla-with-flaked-piment-n-taste-the-difference-300g
sainsburys-spinach-feta-parcels-summer-edition-taste-the-difference-140g,g,,1074,257,14.6,3.6,24.8,2.3,1.1,6.2,0.61,2026-10-09,https://www.sainsburys.co.uk/groceries/product/sainsburys-spinach-feta-parcels-summer-edition-taste-the-difference-140g
sainsburys-steak-caramelised-red-onion-with-gravy-mayo-on-onion-bread-sandwich-taste-the-difference,g,,862,205,5.7,1.2,27.2,6.6,1.5,10.4,0.76,2026-10-09,https://www.sainsburys.co.uk/groceries/product/sainsburys-steak-caramelised-red-onion-with-gravy-mayo-on-onion-bread-sandwich-taste-the-difference
sainsburys-steak-casserole-dumplings-taste-the-difference-serves-1-400g,g,,751,179,8.1,3.9,16.5,1.7,1.3,9.5,0.50,2026-10-09,https://www.sainsburys.co.uk/groceries/product/sainsburys-steak-casserole-dumplings-taste-the-difference-serves-1-400g
sainsburys-steak-casserole-dumplings-taste-the-difference-serves-2-800g,g,,743,177,8.1,3.8,16.0,1.9,1.0,9.6,0.54,2026-10-09,https://www.sainsburys.co.uk/groceries/product/sainsburys-steak-casserole-dumplings-taste-the-difference-serves-2-800g
sainsburys-steam-cooked-british-chicken-breast-fillets-x2-220g,g,,460,109,1.8,0.6,0.6,<0.5,<0.5,22.5,0.64,2026-10-09,https://www.sainsburys.co.uk/groceries/product/sainsburys-steam-cooked-british-chicken-breast-fillets-x2-220g
sainsburys-strawberry-yogurts-fridge-pack-4-x-80g,g,,316,75,2.9,2.0,8.7,6.8,<0.5,3.6,0.09,2026-10-09,https://www.sainsburys.co.uk/groceries/product/sainsburys-strawberry-yogurts-fridge-pack-4-x-80g
sainsburys-summer-picnic-triple,g,,900,215,8.9,2.5,19.5,1.5,2.7,12.8,0.87,2026-10-09,https://www.sainsburys.co.uk/groceries/product/sainsburys-summer-picnic-triple
sainsburys-sundried-tomatoes-inspired-to-cook-100g,g,,812,196,14.9,1.5,8.6,7.2,5.7,4.1,3.02,2026-10-09,https://www.sainsburys.co.uk/groceries/product/sainsburys-sundried-tomatoes-inspired-to-cook-100g
sainsburys-sunsoaked-tomatoes-mozzarella-pearls-taste-the-difference-180g,g,,952,230,18.9,5.4,4.2,3.2,1.4,10.1,0.50,2026-10-09,https://www.sainsburys.co.uk/groceries/product/sainsburys-sunsoaked-tomatoes-mozzarella-pearls-taste-the-difference-180g
sainsburys-sunsoaked-tomatoes-taste-the-difference-230g,g,,563,136,9.0,0.7,8.0,8.0,5.2,3.0,0.75,2026-10-09,https://www.sainsburys.co.uk/groceries/product/sainsburys-sunsoaked-tomatoes-taste-the-difference-230g
sainsburys-sweet-chilli-asc-scottish-salmon-portions-x2-180g-ready-to-eat,g,,1029,247,15.1,2.7,3.6,3.2,<0.5,23.9,1.35,2026-10-09,https://www.sainsburys.co.uk/groceries/product/sainsburys-sweet-chilli-asc-scottish-salmon-portions-x2-180g-ready-to-eat
sainsburys-sweet-chilli-cooked-british-chicken-wings-525g,g,,911,218,11.6,3.1,7.1,5.6,0.8,20.9,0.47,2026-10-09,https://www.sainsburys.co.uk/groceries/product/sainsburys-sweet-chilli-cooked-british-chicken-wings-525g
sainsburys-sweet-chilli-sliced-british-chicken-breast-180g,g,,545,129,1.8,0.5,4.4,4.1,0.6,23.4,0.60,2026-10-09,https://www.sainsburys.co.uk/groceries/product/sainsburys-sweet-chilli-sliced-british-chicken-breast-180g
sainsburys-sweet-smokey-bbq-sliced-british-chicken-breast-180g,g,,546,129,2.3,0.6,5.7,2.9,<0.5,21.4,0.57,2026-10-09,https://www.sainsburys.co.uk/groceries/product/sainsburys-sweet-smokey-bbq-sliced-british-chicken-breast-180g
sainsburys-sweet-smoky-bbq-chicken-breast-chunks-80g,g,,522,123,0.8,0.2,6.8,4.8,<0.5,22.2,0.65,2026-10-09,https://www.sainsburys.co.uk/groceries/product/sainsburys-sweet-smoky-bbq-chicken-breast-chunks-80g
sainsburys-sweet-smoky-bbq-cooked-british-chicken-breast-mini-fillets-170g,g,,522,123,0.8,0.2,6.8,4.8,,22.2,0.65,2026-10-09,https://www.sainsburys.co.uk/groceries/product/sainsburys-sweet-smoky-bbq-cooked-british-chicken-breast-mini-fillets-170g
sainsburys-sweet-smoky-bbq-cooked-british-chicken-wings-525g,g,edible portion,904,217,12.4,3.1,5.8,4.9,0.5,20.1,0.56,2026-10-09,https://www.sainsburys.co.uk/groceries/product/sainsburys-sweet-smoky-bbq-cooked-british-chicken-wings-525g
sainsburys-sweet-smoky-cooked-british-chicken-drumsticks-430g,g,edible portion,618,147,5.1,1.4,7.6,2.7,<0.5,17.7,0.67,2026-10-09,https://www.sainsburys.co.uk/groceries/product/sainsburys-sweet-smoky-cooked-british-chicken-drumsticks-430g
sainsburys-sweetcure-hot-smoked-jack-mackerel-fillet-strips-180g,g,,782,186,6.9,2.2,5.4,4.5,<0.5,25.6,2.07,2026-10-09,https://www.sainsburys.co.uk/groceries/product/sainsburys-sweetcure-hot-smoked-jack-mackerel-fillet-strips-180g
sainsburys-tabbouleh-with-herb-roasted-garlic-lemon-dressing-taste-the-difference-200g,g,,612,146,5.8,0.5,19.4,2.0,1.9,3.1,0.80,2026-10-09,https://www.sainsburys.co.uk/groceries/product/sainsburys-tabbouleh-with-herb-roasted-garlic-lemon-dressing-taste-the-difference-200g
sainsburys-tangy-tomato-basil-pasta-470g,g,,613,146,4.0,0.3,22.7,4.6,1.0,4.1,0.92,2026-10-09,https://www.sainsburys.co.uk/groceries/product/sainsburys-tangy-tomato-basil-pasta-470g
sainsburys-taste-the-difference-6-cumberland-pork-sausages-with-smoked-black-pepper-454g,g,,1246,301,25.0,9.5,2.2,0.7,<0.5,16.7,1.29,2026-10-09,https://www.sainsburys.co.uk/groceries/product/sainsburys-taste-the-difference-6-cumberland-pork-sausages-with-smoked-black-pepper-454g
sainsburys-thick-cut-back-bacon-rashers-air-dried-smoked-taste-the-difference-x6-300g,g,,1103,264,14.7,5.3,1.0,<0.5,0.6,31.7,3.40,2026-10-09,https://www.sainsburys.co.uk/groceries/product/sainsburys-thick-cut-back-bacon-rashers-air-dried-smoked-taste-the-difference-x6-300g
sainsburys-tikka-cooked-british-chicken-mini-fillets-170g-ready-to-eat,g,,546,129,1.1,0.3,3.4,0.9,<0.5,26.4,0.36,2026-10-09,https://www.sainsburys.co.uk/groceries/product/sainsburys-tikka-cooked-british-chicken-mini-fillets-170g-ready-to-eat
sainsburys-tikka-sliced-british-chicken-breast-180g,g,,558,132,2.4,0.7,1.9,1.5,<0.5,25.7,0.40,2026-10-09,https://www.sainsburys.co.uk/groceries/product/sainsburys-tikka-sliced-british-chicken-breast-180g
sainsburys-toulouse-inspired-sausages-taste-the-difference-x6-400g,g,,1040,251,20.0,7.7,1.2,0.8,1.6,15.7,1.28,2026-10-09,https://www.sainsburys.co.uk/groceries/product/sainsburys-toulouse-inspired-sausages-taste-the-difference-x6-400g
sainsburys-traditional-style-fresh-garden-herb-british-pork-sausages-taste-the-difference-x6-454g,g,,1318,318,26.6,10.4,1.2,<0.5,2.1,17.4,1.56,2026-10-09,https://www.sainsburys.co.uk/groceries/product/sainsburys-traditional-style-fresh-garden-herb-british-pork-sausages-taste-the-difference-x6-454g
sainsburys-traditional-style-old-english-pork-sausages-taste-the-difference-454g,g,,1420,343,29.8,11.9,<0.5,<0.5,1.0,17.7,1.52,2026-10-09,https://www.sainsburys.co.uk/groceries/product/sainsburys-traditional-style-old-english-pork-sausages-taste-the-difference-454g
sainsburys-traditional-style-sicilian-inspired-british-pork-sausages-taste-the-difference-x6-454g,g,,1326,320,26.6,10.3,1.6,1.8,1.9,17.7,1.88,2026-10-09,https://www.sainsburys.co.uk/groceries/product/sainsburys-traditional-style-sicilian-inspired-british-pork-sausages-taste-the-difference-x6-454g
sainsburys-tuna-mayo-on-oatmeal-bread-sandwich,g,,819,194,4.7,0.5,24.9,2.3,2.3,11.9,0.68,2026-10-09,https://www.sainsburys.co.uk/groceries/product/sainsburys-tuna-mayo-on-oatmeal-bread-sandwich
sainsburys-tuna-pate-100g,g,,624,149,6.8,4.5,5.5,2.0,<0.5,16.1,0.92,2026-10-09,https://www.sainsburys.co.uk/groceries/product/sainsburys-tuna-pate-100g
sainsburys-tuna-sweetcorn-deli-filler-385g,g,,758,182,13.2,1.1,7.2,2.1,<0.5,8.5,0.78,2026-10-09,https://www.sainsburys.co.uk/groceries/product/sainsburys-tuna-sweetcorn-deli-filler-385g
sainsburys-tuna-sweetcorn-on-malted-bread-sandwich,g,,713,170,5.0,0.6,18.3,2.1,3.5,11.2,0.56,2026-10-09,https://www.sainsburys.co.uk/groceries/product/sainsburys-tuna-sweetcorn-on-malted-bread-sandwich
sainsburys-ultimate-pork-sausage-rolls-taste-the-difference-270g,g,,1323,317,20.0,9.4,22.6,1.7,1.6,10.9,0.90,2026-10-09,https://www.sainsburys.co.uk/groceries/product/sainsburys-ultimate-pork-sausage-rolls-taste-the-difference-270g
sainsburys-unsmoked-16-back-bacon-rashers-2x250g,g,grilled,1215,292,19.7,6.7,1.0,<0.5,0.6,27.3,3.76,2026-10-09,https://www.sainsburys.co.uk/groceries/product/sainsburys-unsmoked-16-back-bacon-rashers-2x250g
sainsburys-unsmoked-air-dried-bacon-medallions-taste-the-difference-x8-160g,g,,668,158,3.7,1.2,1.0,<0.5,0.6,30.0,3.50,2026-10-09,https://www.sainsburys.co.uk/groceries/product/sainsburys-unsmoked-air-dried-bacon-medallions-taste-the-difference-x8-160g
sainsburys-unsmoked-air-dried-dry-cured-back-bacon-rashers-taste-the-difference-x6-220g,g,grilled,1207,289,16.4,5.7,1.2,<0.5,0.7,33.8,3.50,2026-10-09,https://www.sainsburys.co.uk/groceries/product/sainsburys-unsmoked-air-dried-dry-cured-back-bacon-rashers-taste-the-difference-x6-220g
sainsburys-unsmoked-air-dried-streaky-bacon-rashers-taste-the-difference-x14-220g,g,grilled,1374,330,23.5,5.0,1.0,<0.5,0.6,28.4,3.95,2026-10-09,https://www.sainsburys.co.uk/groceries/product/sainsburys-unsmoked-air-dried-streaky-bacon-rashers-taste-the-difference-x14-220g
sainsburys-unsmoked-air-dried-thick-cut-back-bacon-rashers-taste-the-difference-x6-300g,g,,1207,289,16.4,5.7,1.2,<0.5,0.7,33.8,3.50,2026-10-09,https://www.sainsburys.co.uk/groceries/product/sainsburys-unsmoked-air-dried-thick-cut-back-bacon-rashers-taste-the-difference-x6-300g
sainsburys-unsmoked-air-dried-wiltshire-cured-back-bacon-rashers-taste-the-difference-x8-240g,g,grilled,1006,241,13.6,4.5,<0.5,<0.5,1.0,28.8,4.00,2026-10-09,https://www.sainsburys.co.uk/groceries/product/sainsburys-unsmoked-air-dried-wiltshire-cured-back-bacon-rashers-taste-the-difference-x8-240g
sainsburys-unsmoked-back-bacon-rashers-x10-300g,g,grilled,1261,303,22.7,8.8,<0.5,<0.5,<0.5,24.3,3.73,2026-10-09,https://www.sainsburys.co.uk/groceries/product/sainsburys-unsmoked-back-bacon-rashers-x10-300g
sainsburys-unsmoked-bacon-lardons-2x125g,g,pan fried,1182,285,21.9,7.7,<0.5,<0.5,<0.5,21.3,4.42,2026-10-09,https://www.sainsburys.co.uk/groceries/product/sainsburys-unsmoked-bacon-lardons-2x125g
sainsburys-unsmoked-bacon-loin-steaks-x2-250g,g,,744,177,7.4,3.1,1.1,0.8,0.6,26.3,3.30,2026-10-09,https://www.sainsburys.co.uk/groceries/product/sainsburys-unsmoked-bacon-loin-steaks-x2-250g
sainsburys-unsmoked-medium-british-gammon-joint-approx-1-4kg,g,,786,188,11.8,4.3,<0.5,<0.5,<0.5,20.1,3.26,2026-10-09,https://www.sainsburys.co.uk/groceries/product/sainsburys-unsmoked-medium-british-gammon-joint-approx-1-4kg
sainsburys-unsmoked-reduced-salt-back-bacon-rashers-x8-250g,g,,1163,280,19.5,7.1,1.3,0.8,0.6,24.4,2.26,2026-10-09,https://www.sainsburys.co.uk/groceries/product/sainsburys-unsmoked-reduced-salt-back-bacon-rashers-x8-250g
sainsburys-unsmoked-streaky-bacon-rashers-x14-300g,g,grilled,1514,365,27.7,11.2,1.0,<0.5,0.6,27.5,4.78,2026-10-09,https://www.sainsburys.co.uk/groceries/product/sainsburys-unsmoked-streaky-bacon-rashers-x14-300g
sainsburys-unsmoked-thick-cut-back-bacon-rashers-x6-300g,g,grilled,971,233,13.8,5.4,1.0,<0.5,0.6,25.8,3.85,2026-10-09,https://www.sainsburys.co.uk/groceries/product/sainsburys-unsmoked-thick-cut-back-bacon-rashers-x6-300g
sainsburys-valencia-orange-cranberry-topped-ham-taste-the-difference-120g,g,,537,127,2.9,1.2,1.7,0.9,<0.5,23.6,1.93,2026-10-09,https://www.sainsburys.co.uk/groceries/product/sainsburys-valencia-orange-cranberry-topped-ham-taste-the-difference-120g
sainsburys-vegetarian-sandwich-platter-20-quarters,g,,807,192,6.3,1.4,24.4,2.8,1.7,8.6,0.64,2026-10-09,https://www.sainsburys.co.uk/groceries/product/sainsburys-vegetarian-sandwich-platter-20-quarters
sainsburys-vintage-cheddar-bacon-sausage-rolls-taste-the-difference-188g,g,,1436,344,21.2,11.2,25.1,1.3,1.1,12.7,0.71,2026-10-09,https://www.sainsburys.co.uk/groceries/product/sainsburys-vintage-cheddar-bacon-sausage-rolls-taste-the-difference-188g
sainsburys-wafer-thin-air-dried-british-ham-slices-taste-the-difference-120g,g,,572,136,3.3,1.2,<0.5,<0.5,<0.5,26.1,2.35,2026-10-09,https://www.sainsburys.co.uk/groceries/product/sainsburys-wafer-thin-air-dried-british-ham-slices-taste-the-difference-120g
sainsburys-wafer-thin-brunswick-ham-slices-125g,g,,515,122,3.9,1.5,<0.5,<0.5,<0.5,21.5,1.62,2026-10-09,https://www.sainsburys.co.uk/groceries/product/sainsburys-wafer-thin-brunswick-ham-slices-125g
sainsburys-wafer-thin-ham-air-dried-taste-the-difference-225g,g,,572,136,3.3,1.2,<0.5,<0.5,<0.5,26.1,2.35,2026-10-09,https://www.sainsburys.co.uk/groceries/product/sainsburys-wafer-thin-ham-air-dried-taste-the-difference-225g
sainsburys-wafer-thin-salt-beef-slices-taste-the-difference-x9-110g,g,,564,134,4.9,1.8,0.9,<0.5,<0.5,21.6,2.03,2026-10-09,https://www.sainsburys.co.uk/groceries/product/sainsburys-wafer-thin-salt-beef-slices-taste-the-difference-x9-110g
sainsburys-welsh-hill-lamb-cushion-taste-the-difference-approx-1-5kg,g,,1111,267,17.5,7.8,<0.5,<0.5,<0.5,27.0,0.14,2026-10-09,https://www.sainsburys.co.uk/groceries/product/sainsburys-welsh-hill-lamb-cushion-taste-the-difference-approx-1-5kg
sainsburys-welsh-hill-lamb-neck-fillets-taste-the-difference-approx-350g,g,,908,218,14.2,6.2,<0.5,<0.5,<0.5,22.1,0.14,2026-10-09,https://www.sainsburys.co.uk/groceries/product/sainsburys-welsh-hill-lamb-neck-fillets-taste-the-difference-approx-350g
sainsburys-welsh-hill-lamb-scrag-end-taste-the-difference-approx-550g,g,,981,235,15.5,7.1,<0.5,<0.5,<0.5,23.7,0.15,2026-10-09,https://www.sainsburys.co.uk/groceries/product/sainsburys-welsh-hill-lamb-scrag-end-taste-the-difference-approx-550g
sainsburys-welsh-hill-thick-cut-lamb-steak-taste-the-difference-approx-600g,g,,761,182,9.6,3.9,<0.5,<0.5,<0.5,23.4,0.13,2026-10-09,https://www.sainsburys.co.uk/groceries/product/sainsburys-welsh-hill-thick-cut-lamb-steak-taste-the-difference-approx-600g
sainsburys-west-country-madagascan-vanilla-yogurt-taste-the-difference-150g,g,,559,134,7.7,5.0,12.8,12.0,<0.5,3.4,0.07,2026-10-09,https://www.sainsburys.co.uk/groceries/product/sainsburys-west-country-madagascan-vanilla-yogurt-taste-the-difference-150g
sainsburys-wild-garlic-british-chicken-breast-kyiv-with-west-country-butter-sourdough-crumb-taste-the-difference-x2-385g,g,,1005,240,13.5,5.5,12.7,0.8,<0.5,16.9,0.62,2026-10-09,https://www.sainsburys.co.uk/groceries/product/sainsburys-wild-garlic-british-chicken-breast-kyiv-with-west-country-butter-sourdough-crumb-taste-the-difference-x2-385g
sainsburys-wild-garlic-kyiv-taste-the-difference-x2-385g,g,,1005,240,13.5,5.5,12.7,0.8,<0.5,16.9,0.62,2026-10-09,https://www.sainsburys.co.uk/groceries/product/sainsburys-wild-garlic-kyiv-taste-the-difference-x2-385g
sainsburys-wiltshire-cured-smoked-gammon-joint-taste-the-difference,g,,885,211,10.0,3.6,<0.5,<0.5,<0.5,30.0,2.23,2026-10-09,https://www.sainsburys.co.uk/groceries/product/sainsburys-wiltshire-cured-smoked-gammon-joint-taste-the-difference
sainsburys-wrap-platter-16-pieces,g,,1062,253,11.0,4.0,27.5,2.6,1.6,10.4,0.82,2026-10-09,https://www.sainsburys.co.uk/groceries/product/sainsburys-wrap-platter-16-pieces
sainsburys-yellowfin-tuna-taste-the-difference-240g,g,,563,133,1.8,0.2,<0.5,<0.5,<0.5,29.1,0.10,2026-10-09,https://www.sainsburys.co.uk/groceries/product/sainsburys-yellowfin-tuna-taste-the-difference-240g
sainsburys-yorkshire-pudding-with-british-beef-dripping-taste-the-difference-x4-192g,g,oven baked,1201,286,10.9,4.1,36.4,2.0,3.0,9.2,0.41,2026-10-09,https://www.sainsburys.co.uk/groceries/product/sainsburys-yorkshire-pudding-with-british-beef-dripping-taste-the-difference-x4-192g
siggi-s-skyr-450g-natural-0-fat-icelandic-style-yogurt,g,,230,54,<0.1,<0.1,4,4,,9.5,<0.5,2026-10-09,https://www.sainsburys.co.uk/groceries/product/siggi-s-skyr-450g-natural-0-fat-icelandic-style-yogurt
simon-howie-the-wee-black-pudding-200g,g,,1340,320,24.6,,17.1,,,7.2,2.1,2026-10-09,https://www.sainsburys.co.uk/groceries/product/simon-howie-the-wee-black-pudding-200g
ski-mousse-strawberry-4x60g,g,,509,121,4.9,,15.4,,,3.9,<0.5,2026-10-09,https://www.sainsburys.co.uk/groceries/product/ski-mousse-strawberry-4x60g
skips-prawn-cocktail-grab-bag-crisps-35g,g,,2249,539,32,2.9,56,6.5,1.2,5.2,2.2,2026-10-09,https://www.sainsburys.co.uk/groceries/product/skips-prawn-cocktail-grab-bag-crisps-35g
sm-rg-sbord-the-original-swedish-meatballs-400g,g,,1047,251,15.3,6.7,12.5,2.2,,14.7,2.3,2026-10-09,https://www.sainsburys.co.uk/groceries/product/sm-rg-sbord-the-original-swedish-meatballs-400g
smarties-vanilla-flavour-yogurt-with-mini-smarties-4x107g,g,,549,130,5.3,3.4,15.8,14.2,,3.9,<0.5,2026-10-09,https://www.sainsburys.co.uk/groceries/product/smarties-vanilla-flavour-yogurt-with-mini-smarties-4x107g
smug-40g-dairy-cheese-crunch-cheese-cubes,g,,1525,365,21,,25,,1.8,21,1,2026-10-09,https://www.sainsburys.co.uk/groceries/product/smug-40g-dairy-cheese-crunch-cheese-cubes
snack-a-jacks-rice-cakes-sweet-chilli-23g,g,,1715,406,7.8,0.9,77,3.6,1.5,7,0.9,2026-10-09,https://www.sainsburys.co.uk/groceries/product/snack-a-jacks-rice-cakes-sweet-chilli-23g
snack-a-jacks-salt-vinegar-rice-cakes-crisps-23g,g,,1784,423,9.9,1.2,74,2,2.9,6.5,1.1,2026-10-09,https://www.sainsburys.co.uk/groceries/product/snack-a-jacks-salt-vinegar-rice-cakes-crisps-23g
sokol-w-best-selection-poultry-pork-sausages-600g,g,,1121,271,23,,2.5,,,13.4,2,2026-10-09,https://www.sainsburys.co.uk/groceries/product/sokol-w-best-selection-poultry-pork-sausages-600g
sokolow-1kg-best-section-poultry-frankfurters,g,,867,209,17,9,3,0.5,,11,2.1,2026-10-09,https://www.sainsburys.co.uk/groceries/product/sokolow-1kg-best-section-poultry-frankfurters
sokolow-best-silesia-sausage-340g,g,,1040,251,21,8.4,1.7,0.55,,13,3,2026-10-09,https://www.sainsburys.co.uk/groceries/product/sokolow-best-silesia-sausage-340g
sokolow-cottage-sausage-280g,g,,1443,348,30,,0.6,,,19,2.1,2026-10-09,https://www.sainsburys.co.uk/groceries/product/sokolow-cottage-sausage-280g
sokolow-doktorska-500g,g,,847,204,16,5.5,6,0.5,,9,2.3,2026-10-09,https://www.sainsburys.co.uk/groceries/product/sokolow-doktorska-500g
sokolow-garlic-sausage-400g,g,,987,238,19,,4.7,,,12,3,2026-10-09,https://www.sainsburys.co.uk/groceries/product/sokolow-garlic-sausage-400g
sound-seafood-hot-smoked-herring-fillets-200g,g,as consumed,1294,311,21.9,5.5,7.2,0.5,0.5,20.9,3.4,2026-10-09,https://www.sainsburys.co.uk/groceries/product/sound-seafood-hot-smoked-herring-fillets-200g
squeaky-bean-cooking-chorizo-style-sausage-100g,g,,1834,444,38,3.5,4.3,1.4,10,16,5.1,2026-10-09,https://www.sainsburys.co.uk/groceries/product/squeaky-bean-cooking-chorizo-style-sausage-100g
stamford-street-co-240g-cooked-chicken-breast,g,,501,118,2.0,0.6,<0.5,<0.5,<0.5,24.7,0.52,2026-10-09,https://www.sainsburys.co.uk/groceries/product/stamford-street-co-240g-cooked-chicken-breast
stamford-street-co-back-bacon-1kg,g,,1219,293,19.8,6.6,1.0,<0.5,0.6,27.3,3.95,2026-10-09,https://www.sainsburys.co.uk/groceries/product/stamford-street-co-back-bacon-1kg
stamford-street-co-breaded-chicken-steaks-x4-505g,g,,1111,266,14.9,2.6,17.0,0.9,0.6,15.7,0.83,2026-10-09,https://www.sainsburys.co.uk/groceries/product/stamford-street-co-breaded-chicken-steaks-x4-505g
stamford-street-co-british-breaded-chicken-goujons-270g,g,,1062,254,12.6,1.6,16.7,0.6,<0.5,18.4,0.49,2026-10-09,https://www.sainsburys.co.uk/groceries/product/stamford-street-co-british-breaded-chicken-goujons-270g
stamford-street-co-british-chicken-kyivs-with-garlic-butter-x2-240g,g,,1139,274,19.2,7.1,11.3,1.1,2.2,12.9,0.60,2026-10-09,https://www.sainsburys.co.uk/groceries/product/stamford-street-co-british-chicken-kyivs-with-garlic-butter-x2-240g
stamford-street-co-cold-water-prawns-200g,g,,256,60,<0.5,<0.1,<0.5,<0.5,<0.5,14.2,1.40,2026-10-09,https://www.sainsburys.co.uk/groceries/product/stamford-street-co-cold-water-prawns-200g
stamford-street-co-cooked-chicken-breast-360g,g,,498,118,2.0,0.6,<0.5,<0.5,<0.5,24.7,0.52,2026-10-09,https://www.sainsburys.co.uk/groceries/product/stamford-street-co-cooked-chicken-breast-360g
stamford-street-co-cooked-ham-slices-400g,g,,417,99,2.6,0.9,1.8,1.8,<0.5,17.1,1.61,2026-10-09,https://www.sainsburys.co.uk/groceries/product/stamford-street-co-cooked-ham-slices-400g
stamford-street-co-cooking-bacon-500g,g,,892,214,13.1,6.3,1.0,<0.5,0.6,22.7,3.18,2026-10-09,https://www.sainsburys.co.uk/groceries/product/stamford-street-co-cooking-bacon-500g
stamford-street-co-corned-beef-slices-100g,g,,832,199,10.3,5.0,0.6,0.6,<0.5,25.8,1.49,2026-10-09,https://www.sainsburys.co.uk/groceries/product/stamford-street-co-corned-beef-slices-100g
stamford-street-co-corned-beef-slices-250g,g,,832,199,10.3,5.0,0.6,0.6,<0.5,25.8,1.49,2026-10-09,https://www.sainsburys.co.uk/groceries/product/stamford-street-co-corned-beef-slices-250g
stamford-street-co-ham-trimmings-400g,g,,700,167,7.5,2.6,2.0,2.0,0.9,22.4,2.25,2026-10-09,https://www.sainsburys.co.uk/groceries/product/stamford-street-co-ham-trimmings-400g
stamford-street-co-hot-spicy-cooked-chicken-breast-240g-ready-to-eat,g,,509,120,1.6,0.4,3.5,2.6,0.7,22.7,0.54,2026-10-09,https://www.sainsburys.co.uk/groceries/product/stamford-street-co-hot-spicy-cooked-chicken-breast-240g-ready-to-eat
stamford-street-co-pork-sausage-rolls-x8-480g,g,,1250,299,16.5,7.2,29.7,2.3,2.1,6.9,0.84,2026-10-09,https://www.sainsburys.co.uk/groceries/product/stamford-street-co-pork-sausage-rolls-x8-480g
stamford-street-co-scottish-smoked-salmon-100g,g,,778,186,9.5,1.4,0.9,<0.5,,24.0,3.37,2026-10-09,https://www.sainsburys.co.uk/groceries/product/stamford-street-co-scottish-smoked-salmon-100g
stamford-street-co-tikka-style-cooked-chicken-breast-240g,g,,446,106,1.8,0.5,1.6,1.5,1.0,20.2,0.68,2026-10-09,https://www.sainsburys.co.uk/groceries/product/stamford-street-co-tikka-style-cooked-chicken-breast-240g
stamford-street-co-unsmoked-gammon-steaks-x2-300g,g,grilled,685,164,8.3,2.9,0.5,<0.5,<0.5,21.5,3.07,2026-10-09,https://www.sainsburys.co.uk/groceries/product/stamford-street-co-unsmoked-gammon-steaks-x2-300g
stamford-street-co-unsmoked-middle-bacon-rashers-x6-350g,g,,1113,267,18.2,8.8,1.0,<0.5,0.6,24.6,3.88,2026-10-09,https://www.sainsburys.co.uk/groceries/product/stamford-street-co-unsmoked-middle-bacon-rashers-x6-350g
stamford-street-co-wafer-thin-cooked-ham-slices-150g,g,,417,99,2.6,0.9,1.8,1.8,<0.5,17.1,1.61,2026-10-09,https://www.sainsburys.co.uk/groceries/product/stamford-street-co-wafer-thin-cooked-ham-slices-150g
tarcynzski-pork-kabanos-extra-130g,g,,2085,503,43,16,3.8,1.9,0.5,25,2.9,2026-10-09,https://www.sainsburys.co.uk/groceries/product/tarcynzski-pork-kabanos-extra-130g
tarczynski-2-x-90g-chicken-fillet-frankfurters,g,,1004,242,19,6.5,4.3,0.9,,13,2.1,2026-10-09,https://www.sainsburys.co.uk/groceries/product/tarczynski-2-x-90g-chicken-fillet-frankfurters
tarczynski-classic-pork-kabanos-200g,g,,1943,469,38,15,7.8,2.2,,23,3.4,2026-10-09,https://www.sainsburys.co.uk/groceries/product/tarczynski-classic-pork-kabanos-200g
tarczynski-geesowska-sausage-300g,g,,1299,313,25,,1,,,21,3.2,2026-10-09,https://www.sainsburys.co.uk/groceries/product/tarczynski-geesowska-sausage-300g
tarczynski-ham-frankfurters-2x110g,g,,1113,268,22,,3.5,,,14,2.3,2026-10-09,https://www.sainsburys.co.uk/groceries/product/tarczynski-ham-frankfurters-2x110g
tarczynski-mild-smoky-kabanos-105g,g,,2140,517,44,17,5.2,1.9,2,24,2.7,2026-10-09,https://www.sainsburys.co.uk/groceries/product/tarczynski-mild-smoky-kabanos-105g
tarczynski-pork-kabanos-105g,g,,2100,507,42,17,5.2,1.9,,26,2.7,2026-10-09,https://www.sainsburys.co.uk/groceries/product/tarczynski-pork-kabanos-105g
tarczynski-poultry-kabanos-exclusive-with-pork-2x125g,g,,2204,532,45,17,3.4,1.3,,27,2.1,2026-10-09,https://www.sainsburys.co.uk/groceries/product/tarczynski-poultry-kabanos-exclusive-with-pork-2x125g
tarczynski-spicy-kabanos-105g,g,,2294,554,48,19,4.5,1.5,2,25,2.5,2026-10-09,https://www.sainsburys.co.uk/groceries/product/tarczynski-spicy-kabanos-105g
tariq-halal-british-beef-mince-500g,g,,934,225,15,6.9,<0.5,<0.5,<0.5,19.2,<0.5,2026-10-09,https://www.sainsburys.co.uk/groceries/product/tariq-halal-british-beef-mince-500g
tariq-halal-chicken-skinless-breast-fillets-700g,g,,442,104,1.5,<0.5,2,<0.5,,22.6,<0.5,2026-10-09,https://www.sainsburys.co.uk/groceries/product/tariq-halal-chicken-skinless-breast-fillets-700g
tariq-halal-chicken-thighs-1kg,g,,972,234,19.3,5.5,2.1,<0.1,,15,<0.5,2026-10-09,https://www.sainsburys.co.uk/groceries/product/tariq-halal-chicken-thighs-1kg
tariq-halal-farm-fresh-halal-whole-chicken-2kg,g,,573,127,3.2,<0.5,2,0.5,,22,<0.5,2026-10-09,https://www.sainsburys.co.uk/groceries/product/tariq-halal-farm-fresh-halal-whole-chicken-2kg
tariq-halal-fresh-chicken-leg-quarters-with-tikka-glaze-1-1kg,g,,800,192,11.6,2.8,2.3,0.6,,18,<0.5,2026-10-09,https://www.sainsburys.co.uk/groceries/product/tariq-halal-fresh-chicken-leg-quarters-with-tikka-glaze-1-1kg
tariq-halal-fresh-grade-a-skinless-thigh-fillet,g,,562,134,6.1,1.6,0.5,<0.5,,19.4,<0.5,2026-10-09,https://www.sainsburys.co.uk/groceries/product/tariq-halal-fresh-grade-a-skinless-thigh-fillet
tariq-halal-skinless-chicken-drumsticks-1kg,g,,388,92,2,0.6,1,<0.5,,18.3,<0.5,2026-10-09,https://www.sainsburys.co.uk/groceries/product/tariq-halal-skinless-chicken-drumsticks-1kg
taste-original-120g-bbq-chicken-skewers,g,,850,203,10.4,1.6,9,4.5,1.9,17.5,1.1,2026-10-09,https://www.sainsburys.co.uk/groceries/product/taste-original-120g-bbq-chicken-skewers
taste-original-55g-chicken-satay-skewers-sweet-chilli-dip,g,,1040,249,13.4,2.3,18.3,17.3,0.6,13.4,1.3,2026-10-09,https://www.sainsburys.co.uk/groceries/product/taste-original-55g-chicken-satay-skewers-sweet-chilli-dip
taste-original-chicken-satay-skewers-200g,g,,1032,248,18.1,3,2.7,2.6,0.6,18.3,1.5,2026-10-09,https://www.sainsburys.co.uk/groceries/product/taste-original-chicken-satay-skewers-200g
taste-original-chicken-satay-skewers-96g,g,,1032,248,18.1,3,2.7,2.6,0.6,18.3,1.5,2026-10-09,https://www.sainsburys.co.uk/groceries/product/taste-original-chicken-satay-skewers-96g
taste-original-chicken-satay-skewers-mini-bags-x5-32g,g,,1032,248,18.1,3,2.7,2.6,0.6,18.3,1.5,2026-10-09,https://www.sainsburys.co.uk/groceries/product/taste-original-chicken-satay-skewers-mini-bags-x5-32g
the-bury-black-pudding-company-traditional-black-pudding-slices-x4-230g,g,,512,121,2.5,0.9,18.6,0.8,3.1,7.6,1.5,2026-10-09,https://www.sainsburys.co.uk/groceries/product/the-bury-black-pudding-company-traditional-black-pudding-slices-x4-230g
the-collective-gourmet-mango-greek-style-yoghurt-425g,g,,543,129,4.9,3,15.3,13.9,,4.9,<0.5,2026-10-09,https://www.sainsburys.co.uk/groceries/product/the-collective-gourmet-mango-greek-style-yoghurt-425g
the-collective-great-dairy-90g-berries-cherries-suckies-immunity-supporting-kids-yoghurt,g,,281,67,2.1,1.4,7.7,6.7,,3.7,<0.5,2026-10-09,https://www.sainsburys.co.uk/groceries/product/the-collective-great-dairy-90g-berries-cherries-suckies-immunity-supporting-kids-yoghurt
the-cultured-collective-fennel-apple-dill-sauerkraut-235g,g,,127,30,<0.1,<0.1,3.5,2.7,3.1,1.4,2.5,2026-10-09,https://www.sainsburys.co.uk/groceries/product/the-cultured-collective-fennel-apple-dill-sauerkraut-235g
the-cultured-collective-original-kimchi-250g,g,,161,38,0.8,<0.5,4,2.5,2.1,2,1.9,2026-10-09,https://www.sainsburys.co.uk/groceries/product/the-cultured-collective-original-kimchi-250g
the-good-tide-seafood-co-white-and-brown-crab-100g,g,,448,107,3.8,0.8,2.1,<0.5,0.5,16,1.2,2026-10-09,https://www.sainsburys.co.uk/groceries/product/the-good-tide-seafood-co-white-and-brown-crab-100g
the-house-of-chicken-300g-bang-bang-crispy-chicken-breast-strips,g,as consumed,1141,272,12.7,1.3,23.3,8,1.4,15.5,0.7,2026-10-09,https://www.sainsburys.co.uk/groceries/product/the-house-of-chicken-300g-bang-bang-crispy-chicken-breast-strips
the-house-of-chicken-buttermilk-british-chicken-breast-burgers-x2-300g,g,as consumed,846,202,8.2,1,12.3,0.9,1.2,19,0.6,2026-10-09,https://www.sainsburys.co.uk/groceries/product/the-house-of-chicken-buttermilk-british-chicken-breast-burgers-x2-300g
the-house-of-chicken-korean-crispy-chicken-wings-550g,g,as consumed edible porti,940,225,13.8,2.7,9.7,3.5,0.9,15,0.8,2026-10-09,https://www.sainsburys.co.uk/groceries/product/the-house-of-chicken-korean-crispy-chicken-wings-550g
the-jolly-hog-10-x-british-pigs-in-blankets-wrapped-in-treacle-cured-bacon-210g,g,cooked,1170,281,20,7.3,8.3,1.4,0.5,17,1.9,2026-10-09,https://www.sainsburys.co.uk/groceries/product/the-jolly-hog-10-x-british-pigs-in-blankets-wrapped-in-treacle-cured-bacon-210g
the-jolly-hog-12-x-british-little-porker-chipolata-sausages-with-rubbed-sage-340g,g,,1223,295,22.3,,3.8,,1.4,19,1.4,2026-10-09,https://www.sainsburys.co.uk/groceries/product/the-jolly-hog-12-x-british-little-porker-chipolata-sausages-with-rubbed-sage-340g
the-jolly-hog-12-x-british-smoked-streaky-bacon-rashers-180g,g,,1114,268,21.3,,0.55,,0.55,18.7,3.6,2026-10-09,https://www.sainsburys.co.uk/groceries/product/the-jolly-hog-12-x-british-smoked-streaky-bacon-rashers-180g
the-jolly-hog-4-x-british-extra-thick-cut-black-treacle-back-bacon-rashers-200g,g,,1117,267,16,,2.3,,0.5,29,3.1,2026-10-09,https://www.sainsburys.co.uk/groceries/product/the-jolly-hog-4-x-british-extra-thick-cut-black-treacle-back-bacon-rashers-200g
the-jolly-hog-6-x-british-black-pudding-porker-sausages-with-black-pudding-apple-400g,g,,986,237,15.6,,9.1,,3.5,13.3,1.3,2026-10-09,https://www.sainsburys.co.uk/groceries/product/the-jolly-hog-6-x-british-black-pudding-porker-sausages-with-black-pudding-apple-400g
the-jolly-hog-6-x-british-caramelised-porker-sausages-with-caramelised-red-onions-400g,g,,1266,305,22.7,,11.4,,2.6,12.4,1.1,2026-10-09,https://www.sainsburys.co.uk/groceries/product/the-jolly-hog-6-x-british-caramelised-porker-sausages-with-caramelised-red-onions-400g
the-jolly-hog-6-x-british-double-smoked-back-bacon-rashers-200g,g,,1111,266,16,,0.8,,0.5,31,4,2026-10-09,https://www.sainsburys.co.uk/groceries/product/the-jolly-hog-6-x-british-double-smoked-back-bacon-rashers-200g
the-jolly-hog-6-x-british-proper-pork-sausages-with-rubbed-sage-400g,g,oven,1223,295,22.3,7.8,3.8,0.5,1.4,19,1.5,2026-10-09,https://www.sainsburys.co.uk/groceries/product/the-jolly-hog-6-x-british-proper-pork-sausages-with-rubbed-sage-400g
the-jolly-hog-6-x-british-unsmoked-back-bacon-rashers-200g,g,,1111,266,16,,0.8,,0.5,31,4,2026-10-09,https://www.sainsburys.co.uk/groceries/product/the-jolly-hog-6-x-british-unsmoked-back-bacon-rashers-200g
the-jolly-hog-british-black-treacle-smoked-ham-100g,g,,551,131,3.2,1.1,2,2,<0.1,24,2.4,2026-10-09,https://www.sainsburys.co.uk/groceries/product/the-jolly-hog-british-black-treacle-smoked-ham-100g
the-jolly-hog-british-dry-cure-roasted-ham-100g,g,,527,125,2.7,0.9,1.5,1.5,<0.1,24.6,2.4,2026-10-09,https://www.sainsburys.co.uk/groceries/product/the-jolly-hog-british-dry-cure-roasted-ham-100g
the-lions-kingdom-240g-ostrich-grill-steak,g,,607,145,4.7,1.6,3.4,0.5,0.5,22.1,0.9,2026-10-09,https://www.sainsburys.co.uk/groceries/product/the-lions-kingdom-240g-ostrich-grill-steak
the-lions-kingdom-antelope-burgers-240g,g,,588,141,3.5,1.9,8.1,2.6,0.5,18.9,0.7,2026-10-09,https://www.sainsburys.co.uk/groceries/product/the-lions-kingdom-antelope-burgers-240g
the-mad-butcher-chilli-pork-70g,g,,1973,476,39,15,0.5,0.5,,31.1,4.2,2026-10-09,https://www.sainsburys.co.uk/groceries/product/the-mad-butcher-chilli-pork-70g
the-mad-butcher-classic-pork-70g,g,,1973,476,39,15,0.5,0.5,,31.1,4.2,2026-10-09,https://www.sainsburys.co.uk/groceries/product/the-mad-butcher-classic-pork-70g
the-real-seafood-co-150g-emperor-king-prawns,g,,242,57,0.5,<0.5,0.5,0.5,0.5,14,1.5,2026-10-09,https://www.sainsburys.co.uk/groceries/product/the-real-seafood-co-150g-emperor-king-prawns
the-real-seafood-co-king-prawn-cocktail-170g,g,,945,228,19.5,1.6,4.5,2.3,0.5,8.7,1,2026-10-09,https://www.sainsburys.co.uk/groceries/product/the-real-seafood-co-king-prawn-cocktail-170g
this-isn-t-bacon-rashers-120g,g,,501,120,0.6,,4.8,,6.7,20.1,2,2026-10-09,https://www.sainsburys.co.uk/groceries/product/this-isn-t-bacon-rashers-120g
this-isn-t-pork-plant-based-caramelised-onion-sausages-270g,g,,915,219,14,,10,,4.4,11,1.4,2026-10-09,https://www.sainsburys.co.uk/groceries/product/this-isn-t-pork-plant-based-caramelised-onion-sausages-270g
this-isn-t-pork-plant-based-sausages-270g,g,,849,203,14.4,,5.6,,4,10.7,1.1,2026-10-09,https://www.sainsburys.co.uk/groceries/product/this-isn-t-pork-plant-based-sausages-270g
tiba-tempeh-45g-southern-style-protein-bites,g,,791,190,9.7,1.5,2.7,1,5.8,20,2.1,2026-10-09,https://www.sainsburys.co.uk/groceries/product/tiba-tempeh-45g-southern-style-protein-bites
tootoomoo-193g-sweet-spicy-korean-sushi-tacos,g,,679,161,3.9,0.8,27.2,8.5,0.8,3.9,1,2026-10-09,https://www.sainsburys.co.uk/groceries/product/tootoomoo-193g-sweet-spicy-korean-sushi-tacos
tootoomoo-302g-thai-style-dressing-chicken-buddha-bowl,g,,766,183,8.7,1.2,20.7,3.6,1.6,4.6,1.2,2026-10-09,https://www.sainsburys.co.uk/groceries/product/tootoomoo-302g-thai-style-dressing-chicken-buddha-bowl
tootoomoo-egg-chive-sando,g,,1075,257,13.6,1.4,24.9,2.4,1.3,8.1,1,2026-10-09,https://www.sainsburys.co.uk/groceries/product/tootoomoo-egg-chive-sando
tootoomoo-katsu-chicken-sando-sandwich,g,,1065,254,11.3,1.6,28.1,4.6,2.4,8.8,1,2026-10-09,https://www.sainsburys.co.uk/groceries/product/tootoomoo-katsu-chicken-sando-sandwich
tootoomoo-sriracha-pork-sando-sandwich,g,,873,207,5.8,0.7,29.5,5.8,2,3.8,1.7,2026-10-09,https://www.sainsburys.co.uk/groceries/product/tootoomoo-sriracha-pork-sando-sandwich
tootoomoo-teriyaki-chicken-sushi-tacos-196g,g,,671,159,4,0.9,26.4,8.1,1.1,3.9,1,2026-10-09,https://www.sainsburys.co.uk/groceries/product/tootoomoo-teriyaki-chicken-sushi-tacos-196g
tuk-in-100g-vegetable-samosa,g,,853,204,10.4,,24.6,,2.3,4.3,0.9,2026-10-09,https://www.sainsburys.co.uk/groceries/product/tuk-in-100g-vegetable-samosa
tuk-in-180g-curry-in-a-naan-butter-chicken-wrap,g,,837,199,7.1,,21.4,,1.9,11.4,1,2026-10-09,https://www.sainsburys.co.uk/groceries/product/tuk-in-180g-curry-in-a-naan-butter-chicken-wrap
tuk-in-180g-curry-in-a-naan-chicken-tikka-wrap,g,,923,220,7.4,,27.1,,1.9,7.4,0.7,2026-10-09,https://www.sainsburys.co.uk/groceries/product/tuk-in-180g-curry-in-a-naan-chicken-tikka-wrap
unearthed-120g-italian-style-selection-platter,g,,1185,285,22,10,1.9,0.5,0.8,21,3.6,2026-10-09,https://www.sainsburys.co.uk/groceries/product/unearthed-120g-italian-style-selection-platter
unearthed-130g-mediterranean-mixed-olives,g,,989,241,25,3.3,1.7,0.5,2.4,1,2.6,2026-10-09,https://www.sainsburys.co.uk/groceries/product/unearthed-130g-mediterranean-mixed-olives
unearthed-140g-gordal-olives,g,,711,173,17,2.3,1.9,0.5,1.9,1.5,3.1,2026-10-09,https://www.sainsburys.co.uk/groceries/product/unearthed-140g-gordal-olives
unearthed-140g-nocellara-kalamata-olives,g,,947,230,23,3.4,2.2,0.5,2.4,1.4,3,2026-10-09,https://www.sainsburys.co.uk/groceries/product/unearthed-140g-nocellara-kalamata-olives
unearthed-chilli-olives-330g,g,,622,151,15,2.5,1.3,0.5,2.6,1.4,3,2026-10-09,https://www.sainsburys.co.uk/groceries/product/unearthed-chilli-olives-330g
unearthed-green-olives-gouda-cheese-330g,g,,780,189,17,4.7,1.9,0.5,2.6,5.6,2.8,2026-10-09,https://www.sainsburys.co.uk/groceries/product/unearthed-green-olives-gouda-cheese-330g
unearthed-green-olives-with-herbs-342g,g,,626,152,15,2.4,1.9,0.5,3.4,1.3,2.6,2026-10-09,https://www.sainsburys.co.uk/groceries/product/unearthed-green-olives-with-herbs-342g
unearthed-rosemary-black-pepper-olives-342g,g,,747,181,18,2.3,1.7,0.5,3.1,1.3,2.7,2026-10-09,https://www.sainsburys.co.uk/groceries/product/unearthed-rosemary-black-pepper-olives-342g
unearthed-spanish-jamon-cheese-tortilla-250g,g,,902,217,14,4.1,12,0.7,1.7,10,1.4,2026-10-09,https://www.sainsburys.co.uk/groceries/product/unearthed-spanish-jamon-cheese-tortilla-250g
unearthed-spanish-potato-tortilla-250g,g,,608,145,7.1,1.2,15,1.6,1.8,5.2,0.8,2026-10-09,https://www.sainsburys.co.uk/groceries/product/unearthed-spanish-potato-tortilla-250g
unearthed-spanish-red-pepper-omelette-250g,g,,579,138,6.4,1.2,15,1.9,1.7,5.3,0.9,2026-10-09,https://www.sainsburys.co.uk/groceries/product/unearthed-spanish-red-pepper-omelette-250g
unearthed-spanish-spinach-tortilla-500g,g,,577,138,7.1,1.2,13,1.2,1.9,5.1,0.8,2026-10-09,https://www.sainsburys.co.uk/groceries/product/unearthed-spanish-spinach-tortilla-500g
unearthed-spanish-style-pickles-330g,g,,244,59,5.1,0.7,1.8,0.5,1.4,0.9,2.8,2026-10-09,https://www.sainsburys.co.uk/groceries/product/unearthed-spanish-style-pickles-330g
unearthed-stuffed-green-peppers-150g,g,,633,153,14,8.2,2.9,0.5,2.1,2.9,1.9,2026-10-09,https://www.sainsburys.co.uk/groceries/product/unearthed-stuffed-green-peppers-150g
vadasz-400g-red-onion-fresh-pickles,g,as drained,285,67,0.5,<0.5,14,11,2.5,1,2.1,2026-10-09,https://www.sainsburys.co.uk/groceries/product/vadasz-400g-red-onion-fresh-pickles
vadasz-garlic-dill-sauerkraut-400g,g,,82,20,0.5,<0.5,2,0.7,2.4,1.2,1.5,2026-10-09,https://www.sainsburys.co.uk/groceries/product/vadasz-garlic-dill-sauerkraut-400g
vadasz-hot-chunky-kimchi-400g,g,,70,17,0.5,<0.5,2.2,0.5,1.2,0.8,2,2026-10-09,https://www.sainsburys.co.uk/groceries/product/vadasz-hot-chunky-kimchi-400g
vadasz-hot-sweet-jalapeno-relish-400g,g,,358,84,0.5,<0.5,20,18,1.3,0.6,1.6,2026-10-09,https://www.sainsburys.co.uk/groceries/product/vadasz-hot-sweet-jalapeno-relish-400g
vadasz-raw-kimchi-400g,g,,63,15,<0.5,<0.5,1,0.5,1.8,1.1,2.1,2026-10-09,https://www.sainsburys.co.uk/groceries/product/vadasz-raw-kimchi-400g
vadasz-super-beet-kimchi-400g,g,as drained,90,22,<0.5,<0.5,1.7,<0.5,4,1,2.4,2026-10-09,https://www.sainsburys.co.uk/groceries/product/vadasz-super-beet-kimchi-400g
vit-hit-detox-mandarin-green-tea-vitamins-500ml,ml,,20,5,0.5,<0.5,0.6,0.6,0.5,0.5,<0.5,2026-10-09,https://www.sainsburys.co.uk/groceries/product/vit-hit-detox-mandarin-green-tea-vitamins-500ml
vit-hit-lean-green-apple-elderflower-mate-tea-l-carnitine-500ml,ml,,31,7,0.5,<0.5,1.4,1.3,0.5,0.5,<0.5,2026-10-09,https://www.sainsburys.co.uk/groceries/product/vit-hit-lean-green-apple-elderflower-mate-tea-l-carnitine-500ml
volvic-touch-of-fruit-strawberry-flavoured-water-750ml,ml,,41,10,<0.1,<0.1,2.3,2.3,,<0.1,<0.5,2026-10-09,https://www.sainsburys.co.uk/groceries/product/volvic-touch-of-fruit-strawberry-flavoured-water-750ml
walkers-baked-cheese-onion-crisps-snacks-37-5g,g,,1840,437,13,1.4,72,7.3,6.2,6.1,0.9,2026-10-09,https://www.sainsburys.co.uk/groceries/product/walkers-baked-cheese-onion-crisps-snacks-37-5g
walkers-baked-prawn-cocktail-snacks-crisps-37-5g,g,,1797,427,13,1.2,70,6.1,5.9,5.1,0.5,2026-10-09,https://www.sainsburys.co.uk/groceries/product/walkers-baked-prawn-cocktail-snacks-crisps-37-5g
walkers-baked-salt-vinegar-crisps-snacks-37-5g,g,,1829,435,13,1.4,72,5.8,6.1,5.9,0.9,2026-10-09,https://www.sainsburys.co.uk/groceries/product/walkers-baked-salt-vinegar-crisps-snacks-37-5g
walkers-baked-sea-salt-snacks-crisps-37-5g,g,,1841,438,13,1.4,73,5.4,6.3,5.9,0.9,2026-10-09,https://www.sainsburys.co.uk/groceries/product/walkers-baked-sea-salt-snacks-crisps-37-5g
walkers-cheese-onion-crisps-45g,g,,2137,512,29,2.4,53,2.6,4,6.6,1.2,2026-10-09,https://www.sainsburys.co.uk/groceries/product/walkers-cheese-onion-crisps-45g
walkers-quavers-cheese-snacks-grab-bag-crisps-34g,g,,2245,536,30.8,2.7,62.1,2.7,1.2,2.5,2.2,2026-10-09,https://www.sainsburys.co.uk/groceries/product/walkers-quavers-cheese-snacks-grab-bag-crisps-34g
walkers-ready-salted-crisps-45g,g,,2167,519,31,2.3,52,<0.5,4.3,6.4,1.2,2026-10-09,https://www.sainsburys.co.uk/groceries/product/walkers-ready-salted-crisps-45g
wall-s-113g-high-protein-scotch-egg,g,,1201,289,19.1,4.8,12.1,1,2,16.1,0.9,2026-10-09,https://www.sainsburys.co.uk/groceries/product/wall-s-113g-high-protein-scotch-egg
wall-s-120g-high-protein-sausage-roll,g,,1057,252,10.2,4.6,25.7,2.3,2.1,13.3,0.8,2026-10-09,https://www.sainsburys.co.uk/groceries/product/wall-s-120g-high-protein-sausage-roll
wall-s-120g-vegan-jumbo-sausage-roll,g,,1207,289,14.7,5.2,29.9,1.8,2.1,8.2,1.5,2026-10-09,https://www.sainsburys.co.uk/groceries/product/wall-s-120g-vegan-jumbo-sausage-roll
wall-s-2-x-pork-sausage-rolls-160g,g,,1478,355,22.4,9.8,28.9,2.8,1.9,8.4,1.8,2026-10-09,https://www.sainsburys.co.uk/groceries/product/wall-s-2-x-pork-sausage-rolls-160g
wall-s-cheese-onion-rolls-x4-220g,g,,1284,307,17.3,9,28.3,2.3,2.3,8.5,0.8,2026-10-09,https://www.sainsburys.co.uk/groceries/product/wall-s-cheese-onion-rolls-x4-220g
wall-s-jumbo-pork-sausage-roll-130g,g,,1347,324,22,9.7,23.8,1.3,1.4,7,1.5,2026-10-09,https://www.sainsburys.co.uk/groceries/product/wall-s-jumbo-pork-sausage-roll-130g
wall-s-pork-sausage-rolls-x10-550g,g,,1388,332,19.3,8.3,30.6,1.9,1.9,8.5,1.5,2026-10-09,https://www.sainsburys.co.uk/groceries/product/wall-s-pork-sausage-rolls-x10-550g
wall-s-pork-sausage-rolls-x4-220g,g,,1388,332,19.3,8.3,30.6,1.9,1.9,8.5,1.5,2026-10-09,https://www.sainsburys.co.uk/groceries/product/wall-s-pork-sausage-rolls-x4-220g
wall-s-snack-sausage-rolls-x10-270g,g,,1368,328,18.9,8.4,29.2,,1.8,9.3,1.5,2026-10-09,https://www.sainsburys.co.uk/groceries/product/wall-s-snack-sausage-rolls-x10-270g
wotsits-really-cheesy-snacks-cheese-grab-bag-crisps-36g,g,,2059,494,31.9,2.9,46.2,7.2,<0.5,5.4,1.6,2026-10-09,https://www.sainsburys.co.uk/groceries/product/wotsits-really-cheesy-snacks-cheese-grab-bag-crisps-36g
yo-20-pieces-sushi-veggie-favourites-platter,g,,599,142,2.5,0.7,26,6.1,1.4,2.9,1.2,2026-10-09,https://www.sainsburys.co.uk/groceries/product/yo-20-pieces-sushi-veggie-favourites-platter
yo-202g-crispy-salmon-dragon-rolls,g,,728,173,5.9,1.4,25,5.3,0.8,4.8,1,2026-10-09,https://www.sainsburys.co.uk/groceries/product/yo-202g-crispy-salmon-dragon-rolls
yo-207g-prawn-katsu-avo-dragon-rolls-with-jalapeno-mayo,g,,905,217,13,2.5,22,3.1,1.7,3.5,1.2,2026-10-09,https://www.sainsburys.co.uk/groceries/product/yo-207g-prawn-katsu-avo-dragon-rolls-with-jalapeno-mayo
yo-209g-chicken-katsu-dragon-rolls,g,,702,167,5.9,0.9,24,4.3,1,3.8,1,2026-10-09,https://www.sainsburys.co.uk/groceries/product/yo-209g-chicken-katsu-dragon-rolls
yo-226g-veggie-selection,g,,615,146,2.9,0.5,26,8.4,1.5,3.4,1.2,2026-10-09,https://www.sainsburys.co.uk/groceries/product/yo-226g-veggie-selection
yo-284g-korean-style-chicken-poke,g,,693,165,4.5,0.9,26,6.8,2,4,1.5,2026-10-09,https://www.sainsburys.co.uk/groceries/product/yo-284g-korean-style-chicken-poke
yo-289g-rainbow-salmon-poke,g,,667,158,4.1,1,25,5.4,0.7,5.4,0.9,2026-10-09,https://www.sainsburys.co.uk/groceries/product/yo-289g-rainbow-salmon-poke
yo-295g-teriyaki-chicken-katsu-poke,g,,654,155,3.9,0.9,24,9.4,0.8,6,1.1,2026-10-09,https://www.sainsburys.co.uk/groceries/product/yo-295g-teriyaki-chicken-katsu-poke
yo-crispy-vegan-sushi-platter-19-pieces,g,,640,151,2.6,0.6,28,7.7,1,3.6,1.4,2026-10-09,https://www.sainsburys.co.uk/groceries/product/yo-crispy-vegan-sushi-platter-19-pieces
yo-mixed-crispy-maki-sushi-roll-platter-20-pieces,g,,653,155,3.1,0.8,27,14,1.6,3.9,1.1,2026-10-09,https://www.sainsburys.co.uk/groceries/product/yo-mixed-crispy-maki-sushi-roll-platter-20-pieces
yo-spicy-chicken-dragon-rolls-215g,g,,760,181,7.4,0.8,23,4.3,1.1,5.3,1.5,2026-10-09,https://www.sainsburys.co.uk/groceries/product/yo-spicy-chicken-dragon-rolls-215g
yo-sushi-top-hits-platter-21-pieces,g,,677,161,4.3,0.9,25,4.3,<0.5,5.7,1.3,2026-10-09,https://www.sainsburys.co.uk/groceries/product/yo-sushi-top-hits-platter-21-pieces
