id,name,category,serving,calories,protein_g,carbs_g,fat_g,sat_fat_g,sodium_mg,salt_g,sugar_g,fiber_g,energy_kj,weight_g,mono_fat_g,poly_fat_g,trans_fat_g,caffeine_mg,tags,limited_time,rankable,components,added_on,notes
bacon-maple-and-chilli-chipolatas,"Bacon, maple and chilli chipolatas",Starters and nibbles,,543,,,,,,,,,,,,,,,contains_pork,false,false,,,printed identically at 3 pubs; section: Starters and Nibbles; marks printed: gf x4 (of 4 copies)
bacon-mustard-honey-chilli-chipolatas,"Bacon, mustard, honey, chilli chipolatas",Starters and nibbles,,547,,,,,,,,,,,,,,,contains_pork,false,false,,,printed identically at 4 pubs; section: Nibbles; marks printed: gf x6 (of 6 copies)
baked-cambozola-toasted-rye-pickles,"Baked cambozola, toasted rye, pickles",Starters and nibbles,,854,,,,,,,,,,,,,,,vegetarian,false,false,,,printed identically at 4 pubs; section: Starters and Nibbles; marks printed: v x4 (of 4 copies)
baked-camembert-truffle-honey-walnuts-rosemary-focaccia-croutes,"Baked camembert, truffle honey, walnuts, rosemary, focaccia croutes",Starters and nibbles,,799,,,,,,,,,,,,,,,vegetarian,false,false,,,printed identically at 12 pubs; section: Starters and Nibbles; marks printed: v x19 (of 19 copies)
baked-camembert-truffle-honey-caramelised-walnuts-roasted-grapes-rosemary-toasted-focaccia,"Baked camembert, truffle, honey, caramelised walnuts, roasted grapes, rosemary, toasted focaccia",Starters and nibbles,,1241,,,,,,,,,,,,,,,vegetarian,false,false,,,printed identically at 3 pubs; section: Starters and Nibbles; marks printed: v x6 (of 6 copies)
bang-bang-cauliflower-sesame-chilli,"Bang bang cauliflower, sesame, chilli",Starters and nibbles,,359,,,,,,,,,,,,,,,vegetarian,false,false,,,printed identically at 5 pubs; section: Starters and Nibbles; marks printed: vg x8 (of 8 copies)
bbq-chicken-wings,BBQ chicken wings,Starters and nibbles,,658,,,,,,,,,,,,,,,,false,false,,,printed identically at 14 pubs; section: Starters and Nibbles; marks printed: gf x25 (of 25 copies)
beef-ragout-and-mozzarella-arancini-marinara-sauce-basil-pesto,"Beef ragout and mozzarella arancini, marinara sauce, basil pesto",Starters and nibbles,,493,,,,,,,,,,,,,,,contains_beef,false,false,,,printed identically at 6 pubs; section: Starters and Nibbles; marks printed: none (of 10 copies)
beer-cheese-obatzda-pretzel-pickles,"Beer cheese (Obatzda), pretzel, pickles",Starters and nibbles,,682,,,,,,,,,,,,,,,,false,false,,,printed identically at 3 pubs; section: Starters and Nibbles; marks printed: none (of 3 copies)
beetroot-hummus-flatbread,"Beetroot hummus, flatbread",Starters and nibbles,,510,,,,,,,,,,,,,,,vegetarian,false,false,,,printed identically at 13 pubs; section: Starters and Nibbles; marks printed: vg x23 (of 23 copies)
beetroot-coconut-feta-and-rocket-bruschetta-pickled-shallots,"Beetroot, coconut feta and rocket bruschetta, pickled shallots",Starters and nibbles,,412,,,,,,,,,,,,,,,vegetarian,false,false,,,printed identically at 31 pubs; section: Starters and Nibbles; marks printed: vg x56 (of 56 copies)
black-pudding-chips-apple-sauce,"Black pudding chips, apple sauce",Starters and nibbles,,174,,,,,,,,,,,,,,,,false,false,,,printed identically at 8 pubs; section: Starters and Nibbles; marks printed: gf x12 (of 12 copies)
black-pudding-toasted-muffin-leeks-poached-egg-mustard-sauce,"Black pudding, toasted muffin, leeks, poached egg, mustard sauce",Starters and nibbles,,414,,,,,,,,,,,,,,,,false,false,,,printed identically at 3 pubs; section: Starters and Nibbles; marks printed: none (of 4 copies)
buffalo-chicken-wings-ranch-dressing,"Buffalo chicken wings, ranch dressing",Starters and nibbles,,689,,,,,,,,,,,,,,,,false,false,,,printed identically at 11 pubs; section: Starters and Nibbles; marks printed: gf x20 (of 20 copies)
carrot-orange-and-coriander-soup-warm-seeded-roll,"Carrot, orange and coriander soup, warm seeded roll",Starters and nibbles,,471,,,,,,,,,,,,,,,vegetarian,false,false,,,"printed identically at 3 pubs; section: Starters; marks printed: gfa x3, v x3 (of 3 copies)"
catalan-tomato-bread-garlic-tomato-serrano-ham,"Catalan tomato bread, garlic, tomato, Serrano ham",Starters and nibbles,,235,,,,,,,,,,,,,,,contains_pork,false,false,,,printed identically at 3 pubs; section: Starters and Nibbles; marks printed: none (of 6 copies)
cauliflower-and-cheddar-soup-warm-seeded-roll,"Cauliflower and Cheddar soup, warm seeded roll",Starters and nibbles,,628,,,,,,,,,,,,,,,vegetarian,false,false,,,"printed identically at 6 pubs; section: Starters and Nibbles; marks printed: gfa x7, v x7 (of 7 copies)"
celeriac-soup-truffle-oil-warm-seeded-roll,"Celeriac soup, truffle oil, warm seeded roll",Starters and nibbles,,492,,,,,,,,,,,,,,,vegetarian,false,false,,,printed identically at 3 pubs; section: Starter & Nibbles; marks printed: v x4 (of 4 copies)
charcuterie-italian-meats-chicken-liver-pate-hummus-and-olives-mozzarella-toast-good-to-share,"Charcuterie, Italian meats, chicken liver pate, hummus and olives, mozzarella, toast (Good to share)",Starters and nibbles,,1453,,,,,,,,,,,,,,,,false,false,,,printed identically at 3 pubs; section: Starters; marks printed: none (of 5 copies)
chicken-liver-pate-apple-and-cider-chutney-toasted-bloomer,"Chicken liver pâté, apple and cider chutney, toasted bloomer",Starters and nibbles,,515,,,,,,,,,,,,,,,,false,false,,,printed identically at 9 pubs; section: Starters and Nibbles; marks printed: gfa x15 (of 15 copies)
chicken-liver-pate-bramble-chutney-toasted-bloomer,"Chicken liver pâté, bramble chutney, toasted bloomer",Starters and nibbles,,587,,,,,,,,,,,,,,,,false,false,,,printed identically at 10 pubs; section: Starters; marks printed: gfa x14 (of 14 copies)
chicken-liver-pate-carrot-and-apricot-chutney-toasted-bloomer,"Chicken liver pâté, carrot and apricot chutney, toasted bloomer",Starters and nibbles,,513,,,,,,,,,,,,,,,,false,false,,,printed identically at 35 pubs; section: Starters and Nibbles; marks printed: gfa x60 (of 60 copies)
chicken-liver-pate-fig-chutney-toasted-bloomer,"Chicken liver pâté, fig chutney, toasted bloomer",Starters and nibbles,,557,,,,,,,,,,,,,,,,false,false,,,printed identically at 4 pubs; section: Starters; marks printed: gfa x7 (of 7 copies)
chicken-liver-pate-onion-chutney-toasted-bloomer,"Chicken liver pâté, onion chutney, toasted bloomer",Starters and nibbles,,557,,,,,,,,,,,,,,,,false,false,,,printed identically at 5 pubs; section: Starters; marks printed: gfa x7 (of 7 copies)
chicken-liver-pate-onion-marmalade-toasted-bloomer,"Chicken liver pâté, onion marmalade, toasted bloomer",Starters and nibbles,,567,,,,,,,,,,,,,,,,false,false,,,printed identically at 12 pubs; section: Starters and Nibbles; marks printed: gfa x22 (of 22 copies)
chicken-wings-buffalo-sauce-ranch-dip,"Chicken wings, buffalo sauce, ranch dip",Starters and nibbles,,689,,,,,,,,,,,,,,,,false,false,,,printed identically at 3 pubs; section: Starters and Nibbles; marks printed: gf x4 (of 4 copies)
chicken-wings-sriracha-honey-glaze-kewpie-style-mayo,"Chicken wings, sriracha honey glaze, kewpie-style mayo",Starters and nibbles,,635,,,,,,,,,,,,,,,,false,false,,,printed identically at 3 pubs; section: Starters and Nibbles; marks printed: none (of 4 copies)
chickpea-hummus-flatbread,"Chickpea hummus, flatbread",Starters and nibbles,,592,,,,,,,,,,,,,,,vegetarian,false,false,,,printed identically at 4 pubs; section: Starters and Nibbles; marks printed: vg x6 (of 6 copies)
chilli-prawns-garlic-bread,"Chilli prawns, garlic, bread",Starters and nibbles,,501,,,,,,,,,,,,,,,,false,false,,,printed identically at 3 pubs; section: Starters and Nibbles; marks printed: none (of 4 copies)
chimichurri-chicken-thigh-skewers,Chimichurri chicken thigh skewers,Starters and nibbles,,477,,,,,,,,,,,,,,,,false,false,,,printed identically at 6 pubs; section: Nibbles; marks printed: gf x11 (of 11 copies)
crispy-baby-squid-with-garlic-mayonnaise,Crispy baby squid with garlic mayonnaise,Starters and nibbles,,420,,,,,,,,,,,,,,,,false,false,,,printed identically at 8 pubs; section: Nibbles; marks printed: none (of 15 copies)
crispy-baby-squid-with-sriracha-mayo,Crispy baby squid with sriracha mayo,Starters and nibbles,,498,,,,,,,,,,,,,,,,false,false,,,printed identically at 4 pubs; section: Starters and Nibbles; marks printed: none (of 7 copies)
crispy-baby-squid-lemon-and-dill-mayonnaise,"Crispy baby squid, lemon and dill mayonnaise",Starters and nibbles,,528,,,,,,,,,,,,,,,,false,false,,,printed identically at 4 pubs; section: Starters and Nibbles; marks printed: none (of 6 copies)
crispy-baby-squid-saffron-garlic-mayo,"Crispy baby squid, saffron garlic mayo",Starters and nibbles,,531,,,,,,,,,,,,,,,,false,false,,,printed identically at 10 pubs; section: Starters and Nibbles; marks printed: none (of 19 copies)
crispy-belly-pork-apple-sauce,"Crispy belly pork, apple sauce",Starters and nibbles,,533,,,,,,,,,,,,,,,contains_pork,false,false,,,printed identically at 3 pubs; section: Starters and Nibbles; marks printed: gf x4 (of 4 copies)
crispy-cauliflower-hot-honey,"Crispy cauliflower, hot honey",Starters and nibbles,,287,,,,,,,,,,,,,,,vegetarian,false,false,,,"printed identically at 3 pubs; section: Starters and Nibbles; marks printed: gf x4, v x4 (of 4 copies)"
crispy-chilli-beef-cashew-nuts,"Crispy chilli beef, cashew nuts",Starters and nibbles,,484,,,,,,,,,,,,,,,contains_beef,false,false,,,printed identically at 10 pubs; section: Starters and Nibbles; marks printed: gf x15 (of 15 copies)
crispy-duck-gyoza-hoisin-dip,"Crispy duck gyoza, hoisin dip",Starters and nibbles,,218,,,,,,,,,,,,,,,,false,false,,,printed identically at 3 pubs; section: Nibbles; marks printed: none (of 4 copies)
crispy-squid-with-sweet-chilli-mango,Crispy squid with sweet chilli mango,Starters and nibbles,,418,,,,,,,,,,,,,,,,false,false,,,printed identically at 39 pubs; section: Nibbles; marks printed: none (of 78 copies)
crispy-squid-sweet-chilli,"Crispy squid, sweet chilli",Starters and nibbles,,425,,,,,,,,,,,,,,,,false,false,,,printed identically at 15 pubs; section: Starters and Nibbles; marks printed: none (of 26 copies)
cumin-hummus-flatbread,"Cumin hummus, flatbread",Starters and nibbles,,666,,,,,,,,,,,,,,,vegetarian,false,false,,,printed identically at 10 pubs; section: Nibbles; marks printed: vg x15 (of 15 copies)
curried-cauliflower-soup-coriander-creme-fraiche-warm-seeded-roll,"Curried cauliflower soup, coriander cremé frâiche, warm seeded roll",Starters and nibbles,,541,,,,,,,,,,,,,,,vegetarian,false,false,,,"printed identically at 7 pubs; section: Starters and Nibbles; marks printed: gfa x10, v x10 (of 10 copies)"
deep-fried-brie-apple-and-cider-chutney,"Deep fried Brie, apple and cider chutney",Starters and nibbles,,379,,,,,,,,,,,,,,,vegetarian,false,false,,,"printed identically at 3 pubs; section: Starters and Nibbles; marks printed: gf x6, v x6 (of 6 copies)"
deep-fried-brie-apricot-carrot-chutney-candied-pecan-salad,"Deep fried brie, apricot carrot chutney, candied pecan salad",Starters and nibbles,,633,,,,,,,,,,,,,,,vegetarian,false,false,,,"printed identically at 3 pubs; section: Starters and Nibbles; marks printed: gf x6, v x6 (of 6 copies)"
deep-fried-brie-pear-puree-pickled-walnuts-and-celery,"Deep fried brie, pear puree, pickled walnuts and celery",Starters and nibbles,,434,,,,,,,,,,,,,,,vegetarian,false,false,,,printed identically at 3 pubs; section: Starters and Nibbles; marks printed: v x6 (of 6 copies)
deep-fried-brie-roast-pear-pickled-walnut-pear-puree-thyme-honey,"Deep fried Brie, roast pear, pickled walnut, pear purée, thyme honey",Starters and nibbles,,493,,,,,,,,,,,,,,,vegetarian,false,false,,,printed identically at 17 pubs; section: Starters and Nibbles; marks printed: v x31 (of 31 copies)
deep-fried-camembert-endive-celery-apple-and-cider-chutney,"Deep fried camembert, endive, celery, apple and cider chutney",Starters and nibbles,,725,,,,,,,,,,,,,,,vegetarian,false,false,,,"printed identically at 4 pubs; section: Starters and Nibbles; marks printed: gf x6, v x6 (of 6 copies)"
deep-fried-brie-bramble-chutney-roasted-plum-salad,"Deep-fried Brie, bramble chutney, roasted plum salad",Starters and nibbles,,403,,,,,,,,,,,,,,,vegetarian,false,false,,,"printed identically at 4 pubs; section: Starters and Nibbles; marks printed: gf x6, v x6 (of 6 copies)"
garlic-and-basil-halkidiki-olives,Garlic and basil Halkidiki olives,Starters and nibbles,,174,,,,,,,,,,,,,,,vegetarian,false,false,,,"printed identically at 14 pubs; section: Starters and Nibbles; marks printed: gf x24, vg x24 (of 24 copies)"
garlic-and-rosemary-baked-camembert-for-two-carrot-and-apricot-chutney-warm-ciabatta,"Garlic and rosemary baked Camembert for two, carrot and apricot chutney, warm ciabatta",Starters and nibbles,for two,993,,,,,,,,,,,,,,,vegetarian,false,false,,,printed identically at 4 pubs; section: Starters; marks printed: v x6 (of 6 copies)
gochujang-honey-prawns-sesame,"Gochujang honey prawns, sesame",Starters and nibbles,,328,,,,,,,,,,,,,,,,false,false,,,printed identically at 19 pubs; section: Starters and Nibbles; marks printed: gf x35 (of 35 copies)
gordal-olives,Gordal olives,Starters and nibbles,,139,,,,,,,,,,,,,,,vegetarian,false,false,,,"printed identically at 11 pubs; section: Nibbles; marks printed: gf x21, vg x21 (of 21 copies)"
halloumi-fries-chilli-jam,"Halloumi fries, chilli jam",Starters and nibbles,,620,,,,,,,,,,,,,,,vegetarian,false,false,,,"printed identically at 11 pubs; section: Nibbles; marks printed: gf x16, v x16 (of 16 copies)"
halloumi-fries-harissa-mayonnaise,"Halloumi fries, harissa mayonnaise",Starters and nibbles,,703,,,,,,,,,,,,,,,vegetarian,false,false,,,"printed identically at 14 pubs; section: Nibbles; marks printed: gf x30, v x30 (of 30 copies)"
halloumi-fries-jalapeno-mayonnaise,"Halloumi fries, jalapeño mayonnaise",Starters and nibbles,,615,,,,,,,,,,,,,,,vegetarian,false,false,,,"printed identically at 6 pubs; section: Starters and Nibbles; marks printed: gf x10, v x10 (of 10 copies)"
halloumi-fries-sweet-chilli,"Halloumi fries, sweet chilli",Starters and nibbles,,661,,,,,,,,,,,,,,,vegetarian,false,false,,,"printed identically at 4 pubs; section: Nibbles; marks printed: gf x5, v x5 (of 5 copies)"
halloumi-fries-tomato-relish,"Halloumi fries, tomato relish",Starters and nibbles,,552,,,,,,,,,,,,,,,vegetarian,false,false,,,"printed identically at 39 pubs; section: Starters and Nibbles; marks printed: gf x87, v x87 (of 87 copies)"
king-prawn-and-mussel-bouillabaisse-saffron-aioli-warm-focaccia,"King prawn and mussel Bouillabaisse, saffron aioli, warm focaccia",Starters and nibbles,,522,,,,,,,,,,,,,,,,false,false,,,printed identically at 9 pubs; section: Starters and Nibbles; marks printed: none (of 16 copies)
king-prawns-chorizo-and-pea-risotto-parmesan-crisps-chorizo-oil,"King prawns, chorizo and pea risotto, Parmesan crisps, chorizo oil",Starters and nibbles,,573,,,,,,,,,,,,,,,contains_pork,false,false,,,printed identically at 5 pubs; section: Starters and Nibbles; marks printed: gf x9 (of 9 copies)
king-prawns-garlic-butter-ciabatta,"King prawns, garlic butter, ciabatta",Starters and nibbles,,423,,,,,,,,,,,,,,,,false,false,,,printed identically at 10 pubs; section: Starters and Nibbles; marks printed: none (of 20 copies)
lamb-and-rosemary-faggot-smashed-peas-parsnip-crisps-caramelised-red-onion-jus,"Lamb and rosemary faggot, smashed peas, parsnip crisps, caramelised red onion jus",Starters and nibbles,,339,,,,,,,,,,,,,,,,false,false,,,printed identically at 14 pubs; section: Starters and Nibbles; marks printed: gf x24 (of 24 copies)
leek-and-potato-soup-warm-seeded-roll,"Leek and potato soup, warm seeded roll",Starters and nibbles,,589,,,,,,,,,,,,,,,vegetarian,false,false,,,"printed identically at 12 pubs; section: Starters and Nibbles; marks printed: gfa x13, v x13 (of 13 copies)"
lemon-and-herb-chicken-wings-aioli-dip,"Lemon and herb chicken wings, aioli dip",Starters and nibbles,,780,,,,,,,,,,,,,,,,false,false,,,printed identically at 3 pubs; section: Starters and Nibbles; marks printed: gf x5 (of 5 copies)
malaysian-king-prawns-flatbread,"Malaysian king prawns, flatbread",Starters and nibbles,,496,,,,,,,,,,,,,,,,false,false,,,printed identically at 5 pubs; section: Nibbles; marks printed: none (of 9 copies)
maple-bbq-chicken-wings,Maple BBQ chicken wings,Starters and nibbles,,644,,,,,,,,,,,,,,,,false,false,,,printed identically at 6 pubs; section: Nibbles; marks printed: gf x10 (of 10 copies)
marinated-greek-olives,Marinated Greek olives,Starters and nibbles,,156,,,,,,,,,,,,,,,vegetarian,false,false,,,"printed identically at 9 pubs; section: Starters and Nibbles; marks printed: gf x11, vg x11 (of 11 copies)"
mistolivia-olives,Mistolivia olives,Starters and nibbles,,112,,,,,,,,,,,,,,,vegetarian,false,false,,,"printed identically at 4 pubs; section: Starters and Nibbles; marks printed: gf x6, vg x6 (of 6 copies)"
nduja-croquettes-lemon-and-ricotta-dip,"Nduja croquettes, lemon and ricotta dip",Starters and nibbles,,350,,,,,,,,,,,,,,,contains_pork,false,false,,,printed identically at 3 pubs; section: Starters and Nibbles; marks printed: none (of 6 copies)
nocellara-olives,Nocellara olives,Starters and nibbles,,147,,,,,,,,,,,,,,,vegetarian,false,false,,,"printed identically at 6 pubs; section: Starters and Nibbles; marks printed: gf x8, vg x8 (of 8 copies)"
nocellara-gaeta-cerignola-olives,"Nocellara, Gaeta, Cerignola olives",Starters and nibbles,,222,,,,,,,,,,,,,,,vegetarian,false,false,,,"printed identically at 6 pubs; section: Starters and Nibbles; marks printed: gf x9, vg x9 (of 9 copies)"
padron-peppers-sea-salt,"Padron peppers, sea salt",Starters and nibbles,,131,,,,,,,,,,,,,,,vegetarian,false,false,,,"printed identically at 14 pubs; section: Starters and Nibbles; marks printed: gf x23, vg x23 (of 23 copies)"
pan-fried-scallops-cauliflower-puree-bacon-jam-apple,"Pan fried scallops, cauliflower puree, bacon jam, apple",Starters and nibbles,,242,,,,,,,,,,,,,,,contains_pork,false,false,,,printed identically at 4 pubs; section: Starters; marks printed: gf x8 (of 8 copies)
pan-roasted-scallops-samphire-cucumber-buttered-spinach-dill-tomatoes-shellfish-butter-sauce,"Pan roasted scallops, samphire, cucumber, buttered spinach, dill, tomatoes, shellfish butter sauce",Starters and nibbles,,272,,,,,,,,,,,,,,,,false,false,,,printed identically at 5 pubs; section: Starters; marks printed: gf x8 (of 8 copies)
parsnip-and-pear-soup-creme-fraiche-warm-sourdough-roll,"Parsnip and pear soup, crème fraîche, warm sourdough roll",Starters and nibbles,,503,,,,,,,,,,,,,,,vegetarian,false,false,,,"printed identically at 3 pubs; section: Starters and Nibbles; marks printed: gfa x3, v x3 (of 3 copies)"
pheasant-bacon-and-tarragon-faggot-blackberry-jus-bubble-and-squeak,"Pheasant bacon and tarragon faggot, blackberry jus, bubble and squeak",Starters and nibbles,,321,,,,,,,,,,,,,,,,false,false,,,printed identically at 10 pubs; section: Starters and Nibbles; marks printed: gf x15 (of 15 copies)
pork-and-nduja-meatballs-tomato-ragu-parmesan,"Pork & Nduja meatballs, tomato ragu, parmesan",Starters and nibbles,,406,,,,,,,,,,,,,,,contains_pork,false,false,,,printed identically at 15 pubs; section: Starters & Nibbles; marks printed: gf x26 (of 26 copies)
pork-and-apple-sausage-roll-apple-sauce,"Pork and apple sausage roll, apple sauce",Starters and nibbles,,346,,,,,,,,,,,,,,,contains_pork,false,false,,,printed identically at 3 pubs; section: Starters and Nibbles; marks printed: none (of 5 copies)
pork-and-nduja-meatball-cavolo-nero-chorizo-cassoulet,"Pork and Nduja meatball, cavolo nero, chorizo cassoulet",Starters and nibbles,,279,,,,,,,,,,,,,,,contains_pork,false,false,,,printed identically at 3 pubs; section: Starters and Nibbles; marks printed: gf x5 (of 5 copies)
potted-poached-and-smoked-salmon-capers-samphire-salad-toasted-sourdough,"Potted poached and smoked salmon, capers, samphire salad, toasted sourdough",Starters and nibbles,,429,,,,,,,,,,,,,,,,false,false,,,printed identically at 3 pubs; section: Starters; marks printed: gfa x5 (of 5 copies)
prawn-cocktail-buttered-seeded-bread,"Prawn cocktail, buttered seeded bread",Starters and nibbles,,582,,,,,,,,,,,,,,,,false,false,,,printed identically at 4 pubs; section: Starters and Nibbles; marks printed: gfa x6 (of 6 copies)
prosciutto-gorgonzola-poached-pear-bruschetta-pickled-shallots,"Prosciutto, gorgonzola, poached pear bruschetta, pickled shallots",Starters and nibbles,,496,,,,,,,,,,,,,,,contains_pork,false,false,,,printed identically at 4 pubs; section: Starters and Nibbles; marks printed: none (of 7 copies)
pulled-beef-brisket-croquettes-horseradish-cream,"Pulled beef brisket croquettes, horseradish cream",Starters and nibbles,,232,,,,,,,,,,,,,,,contains_beef,false,false,,,printed identically at 3 pubs; section: Starters and Nibbles; marks printed: gf x5 (of 5 copies)
red-pepper-and-tomato-hummus-flatbread,"Red pepper and tomato hummus, flatbread",Starters and nibbles,,490,,,,,,,,,,,,,,,vegetarian,false,false,,,printed identically at 28 pubs; section: Starters and Nibbles; marks printed: vg x52 (of 52 copies)
red-pepper-and-tomato-hummus-puccia,"Red pepper and tomato hummus, puccia",Starters and nibbles,,464,,,,,,,,,,,,,,,vegetarian,false,false,,,printed identically at 11 pubs; section: Nibbles; marks printed: vg x20 (of 20 copies)
red-pepper-hummus-pitta,"Red pepper hummus, pitta",Starters and nibbles,,414,,,,,,,,,,,,,,,vegetarian,false,false,,,printed identically at 7 pubs; section: Starters and Nibbles; marks printed: v x10 (of 10 copies)
roasted-marinated-aubergine-roast-pepper-and-almond-salad-red-pepper-hummus-flatbread-crisps,"Roasted marinated aubergine, roast pepper and almond salad, red pepper hummus, flatbread crisps",Starters and nibbles,,337,,,,,,,,,,,,,,,vegetarian,false,false,,,printed identically at 3 pubs; section: Starters; marks printed: vg x4 (of 4 copies)
roasted-marinated-aubergine-roast-pepper-and-smoked-almond-salad-red-pepper-hummus-flatbread-crisps,"Roasted marinated aubergine, roast pepper and smoked almond salad, red pepper hummus, flatbread crisps",Starters and nibbles,,312,,,,,,,,,,,,,,,vegetarian,false,false,,,printed identically at 3 pubs; section: Starters; marks printed: vg x5 (of 5 copies)
roasted-tomato-and-basil-pesto-soup-warm-seeded-roll,"Roasted tomato and basil pesto soup, warm seeded roll",Starters and nibbles,,502,,,,,,,,,,,,,,,vegetarian,false,false,,,printed identically at 3 pubs; section: Starters and Nibbles; marks printed: v x4 (of 4 copies)
roasted-tomato-and-basil-soup-warm-seeded-roll,"Roasted tomato and basil soup, warm seeded roll",Starters and nibbles,,414,,,,,,,,,,,,,,,vegetarian,false,false,,,"printed identically at 11 pubs; section: Starters and Nibbles; marks printed: gfa x11, v x11 (of 11 copies)"
roasted-tomato-and-red-pepper-soup-warm-seeded-roll-butter,"Roasted tomato and red pepper soup, warm seeded roll, butter",Starters and nibbles,,480,,,,,,,,,,,,,,,vegetarian,false,false,,,"printed identically at 15 pubs; section: Starters and Nibbles; marks printed: gfa x15, v x15 (of 15 copies)"
roasted-white-onion-and-cider-soup-thyme-cream-warm-seeded-roll,"Roasted white onion and cider soup, thyme cream, warm seeded roll",Starters and nibbles,,502,,,,,,,,,,,,,,,vegetarian,false,false,,,"printed identically at 4 pubs; section: Starters and Nibbles; marks printed: gfa x5, v x5 (of 5 copies)"
sage-and-apricot-pork-pie-piccalilli,"Sage and apricot pork pie, piccalilli",Starters and nibbles,,267,,,,,,,,,,,,,,,contains_pork,false,false,,,printed identically at 3 pubs; section: Starters and Nibbles; marks printed: gf x4 (of 4 copies)
salt-and-pepper-chicken-wings,Salt and pepper chicken wings,Starters and nibbles,,651,,,,,,,,,,,,,,,,false,false,,,printed identically at 3 pubs; section: Starters and Nibbles; marks printed: gf x4 (of 4 copies)
serrano-ham-chorizo-pickled-vegetables,"Serrano ham, chorizo, pickled vegetables",Starters and nibbles,,181,,,,,,,,,,,,,,,contains_pork,false,false,,,printed identically at 4 pubs; section: Starters and Nibbles; marks printed: gf x7 (of 7 copies)
sesame-pork-belly-skewers-szechuan-mayonnaise,"Sesame pork belly skewers, Szechuan mayonnaise",Starters and nibbles,,695,,,,,,,,,,,,,,,contains_pork,false,false,,,printed identically at 6 pubs; section: Nibbles; marks printed: none (of 11 copies)
shredded-duck-croquettes-cherry-ketchup,"Shredded duck croquettes, cherry ketchup",Starters and nibbles,,293,,,,,,,,,,,,,,,,false,false,,,printed identically at 9 pubs; section: Starters and Nibbles; marks printed: gf x13 (of 13 copies)
smoked-bacon-and-black-pudding-faggot-celeriac-puree-apple,"Smoked bacon and black pudding faggot, celeriac purée, apple",Starters and nibbles,,431,,,,,,,,,,,,,,,contains_pork,false,false,,,printed identically at 6 pubs; section: Starters and Nibbles; marks printed: gf x9 (of 9 copies)
smoked-haddock-chive-and-gruyere-croquette-horseradish-cream-beetroot-tartare,"Smoked haddock, chive and gruyere croquette, horseradish cream, beetroot tartare",Starters and nibbles,,412,,,,,,,,,,,,,,,,false,false,,,printed identically at 3 pubs; section: Starters; marks printed: gf x3 (of 3 copies)
smoked-salmon-fishcake-baby-spinach-lemon-and-chive-beurre-blanc,"Smoked salmon fishcake, baby spinach, lemon and chive beurre blanc",Starters and nibbles,,377,,,,,,,,,,,,,,,,false,false,,,printed identically at 4 pubs; section: Starters and Nibbles; marks printed: gf x8 (of 8 copies)
smoked-salmon-tartare-lemon-creme-fraiche-pink-peppercorn-crostini,"Smoked salmon tartare, lemon crème fraiche, pink peppercorn crostini",Starters and nibbles,,213,,,,,,,,,,,,,,,,false,false,,,printed identically at 9 pubs; section: Starters and Nibbles; marks printed: none (of 16 copies)
smoked-salmon-bloody-mary-dressing-salted-cucumber-horseradish-cream,"Smoked salmon, Bloody Mary dressing, salted cucumber, horseradish cream",Starters and nibbles,,177,,,,,,,,,,,,,,,,false,false,,,printed identically at 11 pubs; section: Starters and Nibbles; marks printed: none (of 20 copies)
smoked-salmon-dill-cream-cheese-caper-and-fennel-salad-malted-bread,"Smoked salmon, dill cream cheese, caper and fennel salad, malted bread",Starters and nibbles,,430,,,,,,,,,,,,,,,,false,false,,,printed identically at 3 pubs; section: Starters and Nibbles; marks printed: none (of 6 copies)
smoked-salmon-lemon-and-chervil-croquettes-red-pepper-ketchup-tinkerbell-pepper-salad-aioli,"Smoked salmon, lemon and chervil croquettes, red pepper ketchup, tinkerbell pepper salad, aioli",Starters and nibbles,,512,,,,,,,,,,,,,,,,false,false,,,printed identically at 5 pubs; section: Starters and Nibbles; marks printed: gf x8 (of 8 copies)
smoked-salmon-toasted-crumpet-horseradish-and-dill-butter-poached-egg-hollandaise-sauce,"Smoked salmon, toasted crumpet, horseradish and dill butter, poached egg, hollandaise sauce",Starters and nibbles,,475,,,,,,,,,,,,,,,,false,false,,,printed identically at 12 pubs; section: Starters and Nibbles; marks printed: none (of 18 copies)
soy-chilli-oyster-mushrooms-sesame,"Soy, chilli, oyster mushrooms, sesame",Starters and nibbles,,141,,,,,,,,,,,,,,,vegetarian,false,false,,,printed identically at 19 pubs; section: Starters and Nibbles; marks printed: vg x34 (of 34 copies)
spiced-butternut-squash-and-coconut-soup-chilli-coriander-warm-seeded-roll,"Spiced butternut squash and coconut soup, chilli, coriander, warm seeded roll",Starters and nibbles,,487,,,,,,,,,,,,,,,vegetarian,false,false,,,"printed identically at 4 pubs; section: Starters; marks printed: gfa x5, v x5 (of 5 copies)"
spicy-chorizo-honey-red-wine,"Spicy chorizo, honey, red wine",Starters and nibbles,,617,,,,,,,,,,,,,,,contains_pork,false,false,,,printed identically at 10 pubs; section: Starters and Nibbles; marks printed: gf x15 (of 15 copies)
spicy-lime-and-mango-chicken-wings,Spicy lime and mango chicken wings,Starters and nibbles,,581,,,,,,,,,,,,,,,,false,false,,,printed identically at 6 pubs; section: Starters and Nibbles; marks printed: gf x10 (of 10 copies)
sriracha-grilled-king-prawn-skewers-mango-salsa,"Sriracha grilled king prawn skewers, mango salsa",Starters and nibbles,,177,,,,,,,,,,,,,,,,false,false,,,printed identically at 4 pubs; section: Starters and Nibbles; marks printed: gf x7 (of 7 copies)
sriracha-grilled-king-prawns-mango-salsa,"Sriracha grilled king prawns, mango salsa",Starters and nibbles,,213,,,,,,,,,,,,,,,,false,false,,,printed identically at 3 pubs; section: Starters & Nibbles; marks printed: gf x6 (of 6 copies)
steamed-vegetable-gyoza-teriyaki-dip,"Steamed vegetable gyoza, teriyaki dip",Starters and nibbles,,190,,,,,,,,,,,,,,,vegetarian,false,false,,,printed identically at 6 pubs; section: Starters and Nibbles; marks printed: vg x10 (of 10 copies)
sticky-bang-bang-pork,Sticky bang bang pork,Starters and nibbles,,551,,,,,,,,,,,,,,,contains_pork,false,false,,,printed identically at 4 pubs; section: Starters and Nibbles; marks printed: none (of 7 copies)
sticky-five-spiced-chicken-wings,Sticky five spiced chicken wings,Starters and nibbles,,454,,,,,,,,,,,,,,,,false,false,,,printed identically at 5 pubs; section: Nibbles; marks printed: gf x11 (of 11 copies)
sussex-smokie-baked-haddock-and-cream-herb-and-gruyere-crumb,"Sussex Smokie (baked haddock and cream), herb and gruyere crumb",Starters and nibbles,,584,,,,,,,,,,,,,,,,false,false,,,printed identically at 11 pubs; section: Starters and Nibbles; marks printed: none (of 20 copies)
sweet-chilli-king-prawns-ciabatta,"Sweet chilli king prawns, ciabatta",Starters and nibbles,,725,,,,,,,,,,,,,,,,false,false,,,printed identically at 4 pubs; section: Starters and Nibbles; marks printed: none (of 7 copies)
tandoori-king-prawns-mint-yoghurt-mango-cucumber-and-coriander-salad,"Tandoori king prawns, mint yoghurt, mango, cucumber and coriander salad",Starters and nibbles,,312,,,,,,,,,,,,,,,,false,false,,,printed identically at 3 pubs; section: Starters and Nibbles; marks printed: gf x5 (of 5 copies)
tandoori-onion-bhaji-pickled-ginger-and-cucumber-salad-mango-and-chilli-dressing,"Tandoori onion bhaji, pickled ginger and cucumber salad, mango and chilli dressing",Starters and nibbles,,488,,,,,,,,,,,,,,,vegetarian,false,false,,,printed identically at 3 pubs; section: Starters and Nibbles; marks printed: vg x4 (of 4 copies)
teriyaki-salmon-skewers,Teriyaki salmon skewers,Starters and nibbles,,340,,,,,,,,,,,,,,,,false,false,,,printed identically at 6 pubs; section: Starters and Nibbles; marks printed: none (of 11 copies)
warm-breads-golden-rapeseed-oil-balsamic,"Warm breads, golden rapeseed oil, balsamic",Starters and nibbles,,658,,,,,,,,,,,,,,,vegetarian,false,false,,,printed identically at 10 pubs; section: Starters and Nibbles; marks printed: vg x18 (of 18 copies)
warm-breads-oil-balsamic,"Warm breads, oil, balsamic",Starters and nibbles,,541,,,,,,,,,,,,,,,vegetarian,false,false,,,printed identically at 4 pubs; section: Starters and Nibbles; marks printed: vg x6 (of 6 copies)
whipped-beetroot-orange-and-macadamia-posset-pickled-beetroot-pumpkin-seed-granola,"Whipped beetroot, orange and macadamia posset, pickled beetroot, pumpkin seed granola",Starters and nibbles,,468,,,,,,,,,,,,,,,vegetarian,false,false,,,printed identically at 3 pubs; section: Starters and Nibbles; marks printed: vg x4 (of 4 copies)
wild-mushroom-and-rosemary-soup-warm-seeded-roll,"Wild mushroom and rosemary soup, warm seeded roll",Starters and nibbles,,574,,,,,,,,,,,,,,,vegetarian,false,false,,,"printed identically at 3 pubs; section: Starters and Nibbles; marks printed: gfa x4, v x4 (of 4 copies)"
wild-mushroom-and-tarragon-soup-truffle-oil-warm-seeded-roll,"Wild mushroom and tarragon soup, truffle oil, warm seeded roll",Starters and nibbles,,571,,,,,,,,,,,,,,,vegetarian,false,false,,,"printed identically at 3 pubs; section: Starters and Nibbles; marks printed: gfa x3, v x3 (of 3 copies)"
barbers-1883-cheddar-balsamic-onion-and-leek-quiche-creme-fraiche-new-potato-salad,"Barbers 1883 cheddar, balsamic onion and leek quiche, crème fraîche new potato salad",Light bites,,804,,,,,,,,,,,,,,,vegetarian,false,false,,,"printed identically at 5 pubs; section: Light Bites; marks printed: gf x6, v x6 (of 6 copies)"
beetroot-cumin-and-chickpea-falafels-beetroot-hummus-mint-coconut-yoghurt-pomegranate-salad,"Beetroot, cumin and chickpea falafels, beetroot hummus, mint coconut yoghurt, pomegranate salad",Light bites,,646,,,,,,,,,,,,,,,vegetarian,false,false,,,printed identically at 6 pubs; section: Light Bites; marks printed: vg x8 (of 8 copies)
black-bomber-cheddar-balsamic-onion-and-leek-quiche-creme-fraiche-new-potato-salad,"Black bomber cheddar, balsamic onion and leek quiche, crème fraîche new potato salad",Light bites,,946,,,,,,,,,,,,,,,vegetarian,false,false,,,"printed identically at 5 pubs; section: Light Bites; marks printed: gf x7, v x7 (of 7 copies)"
chargrilled-jerk-chicken-wrap-spring-onion-red-pepper-pineapple-salsa,"Chargrilled jerk chicken wrap, spring onion, red pepper, pineapple salsa",Light bites,,759,,,,,,,,,,,,,,,,false,false,,,printed identically at 5 pubs; section: Light Bites (Served until 5pm); marks printed: none (of 7 copies)
cheddar-cheese-sun-blushed-tomato-and-spinach-quiche-creme-fraiche-new-potato-salad,"Cheddar cheese, sun blushed tomato and spinach quiche, crème fraîche new potato salad",Light bites,,900,,,,,,,,,,,,,,,vegetarian,false,false,,,"printed identically at 11 pubs; section: Light Bites; marks printed: gf x12, v x12 (of 12 copies)"
cheddar-balsamic-onion-and-leek-quiche-potato-salad-apple-celery-grapes,"Cheddar, balsamic onion and leek quiche, potato salad, apple, celery, grapes",Light bites,,956,,,,,,,,,,,,,,,vegetarian,false,false,,,"printed identically at 3 pubs; section: Light Bites; marks printed: gf x3, v x3 (of 3 copies)"
crispy-hake-fillet-sandwich-malt-vinegar-smashed-minted-peas-tartare-sauce,"Crispy hake fillet sandwich, malt vinegar smashed minted peas, tartare sauce",Light bites,,637,,,,,,,,,,,,,,,,false,false,,,printed identically at 6 pubs; section: Light Bites; marks printed: none (of 6 copies)
crispy-hake-fillet-sandwich-minted-mushy-peas-tartare-sauce,"Crispy hake fillet sandwich, minted mushy peas, tartare sauce",Light bites,,632,,,,,,,,,,,,,,,,false,false,,,printed identically at 7 pubs; section: Light Bites; marks printed: none (of 9 copies)
feta-red-pepper-blushed-tomato-quiche-creme-fraiche-new-potato-salad,"Feta, red pepper, blushed tomato quiche, crème fraîche new potato salad",Light bites,,827,,,,,,,,,,,,,,,vegetarian,false,false,,,"printed identically at 7 pubs; section: Light Bites; marks printed: gf x9, v x9 (of 9 copies)"
fillet-steak-sandwich-dijon-tarragon-mayonnaise-balsamic-onions-sun-blush-tomatoes-chips,"Fillet steak sandwich, Dijon tarragon mayonnaise, balsamic onions, sun blush tomatoes, chips",Light bites,,924,,,,,,,,,,,,,,,contains_beef,false,false,,,printed identically at 8 pubs; section: Light Bites; marks printed: none (of 8 copies)
fillet-steak-sandwich-dijon-tarragon-mayonnaise-balsamic-onions-sun-blush-tomatoes-fries,"Fillet steak sandwich, Dijon tarragon mayonnaise, balsamic onions, sun blush tomatoes, fries",Light bites,,963,,,,,,,,,,,,,,,contains_beef,false,false,,,printed identically at 61 pubs; section: Light Bites; marks printed: none (of 70 copies)
honey-and-chilli-halloumi-flatbread-tzatziki-and-pomegranate,"Honey and chilli halloumi flatbread, tzatziki and pomegranate",Light bites,,877,,,,,,,,,,,,,,,vegetarian,false,false,,,printed identically at 11 pubs; section: Light Bites; marks printed: v x12 (of 12 copies)
hot-chicken-souvlaki-flatbread-tzatziki-cucumber-mint-pomegranate-dressing,"Hot chicken Souvlaki flatbread, tzatziki, cucumber, mint pomegranate dressing",Light bites,,428,,,,,,,,,,,,,,,,false,false,,,printed identically at 4 pubs; section: Light Bites; marks printed: none (of 5 copies)
jerk-chicken-flat-bread-spring-onion-red-pepper-pineapple-salsa,"Jerk chicken flat bread, spring onion, red pepper, pineapple salsa",Light bites,,612,,,,,,,,,,,,,,,,false,false,,,printed identically at 3 pubs; section: Light Bites; marks printed: none (of 4 copies)
korean-fried-chicken-flatbread-kimchi-sesame-seeds-spring-onion-salad,"Korean fried chicken flatbread, kimchi, sesame seeds, spring onion salad",Light bites,,799,,,,,,,,,,,,,,,,false,false,,,printed identically at 3 pubs; section: Light Bites; marks printed: none (of 3 copies)
open-chicken-shawarma-flatbread-minted-yogurt-mango-salsa,"Open chicken Shawarma flatbread, minted yogurt, mango salsa",Light bites,,475,,,,,,,,,,,,,,,,false,false,,,printed identically at 3 pubs; section: Light Bites; marks printed: none (of 3 copies)
open-fried-buttermilk-buffalo-chicken-focaccia-blue-cheese-mayo-bacon-crumb-pickles-and-hot-honey,"Open fried buttermilk buffalo chicken focaccia, blue cheese mayo, bacon crumb, pickles and hot honey",Light bites,,874,,,,,,,,,,,,,,,contains_pork,false,false,,,printed identically at 6 pubs; section: Light Bites; marks printed: none (of 7 copies)
open-prawn-sandwich-marie-rose-rocket-and-cucumber-salad,"Open prawn sandwich, Marie Rose, rocket and cucumber salad",Light bites,,537,,,,,,,,,,,,,,,,false,false,,,printed identically at 9 pubs; section: Light Bites; marks printed: gfa x9 (of 9 copies)
open-smoked-salmon-sandwich-cream-cheese-seeded-bloomer-pickled-cucumber,"Open smoked salmon sandwich, cream cheese, seeded bloomer, pickled cucumber",Light bites,,364,,,,,,,,,,,,,,,,false,false,,,printed identically at 3 pubs; section: Light Bites; marks printed: gfa x3 (of 3 copies)
pulled-bbq-beef-brisket-ciabatta-melted-monterey-jack-cheese-pickled-red-onions-gherkin,"Pulled BBQ beef brisket ciabatta, melted Monterey Jack cheese, pickled red onions, gherkin",Light bites,,672,,,,,,,,,,,,,,,contains_beef,false,false,,,printed identically at 4 pubs; section: Light Bites; marks printed: none (of 4 copies)
quiche-lorraine-creme-fraiche-new-potato-salad,"Quiche lorraine, crème fraîche new potato salad",Light bites,,992,,,,,,,,,,,,,,,,false,false,,,printed identically at 4 pubs; section: Light bites; marks printed: gf x4 (of 4 copies)
red-pepper-spinach-balsamic-onion-goats-cheese-quiche-creme-fraiche-new-potato-salad,"Red pepper, spinach, balsamic onion, goats cheese quiche, crème fraîche new potato salad",Light bites,,709,,,,,,,,,,,,,,,vegetarian,false,false,,,"printed identically at 4 pubs; section: Light Bites (Served Until 5pm); marks printed: gf x5, v x5 (of 5 copies)"
salmon-and-smoked-haddock-fishcake-little-gem-pea-broad-bean-cucumber-salad-lemon-mayo,"Salmon and smoked haddock fishcake, little gem, pea, broad bean, cucumber salad, lemon mayo",Light bites,,529,,,,,,,,,,,,,,,,false,false,,,printed identically at 4 pubs; section: Light Bites (Available until 5pm); marks printed: gf x4 (of 4 copies)
salmon-and-smoked-haddock-fishcake-poached-egg-crispy-pancetta-caper-and-lemon-hollandaise,"Salmon and smoked haddock fishcake, poached egg, crispy pancetta, caper and lemon hollandaise",Light bites,,757,,,,,,,,,,,,,,,contains_pork,false,false,,,printed identically at 5 pubs; section: Mains; marks printed: gf x6 (of 6 copies)
slow-roasted-duck-wrap-hoisin-sauce-cucumber-spring-onion-and-chilli-salad,"Slow roasted duck wrap, hoisin sauce, cucumber, spring onion and chilli salad",Light bites,,697,,,,,,,,,,,,,,,,false,false,,,printed identically at 5 pubs; section: Light Bites; marks printed: none (of 5 copies)
smoked-cheddar-and-leek-quiche-creme-fraiche-new-potatoes-tomato-salad,"Smoked Cheddar and leek quiche, crème fraîche new potatoes, tomato salad",Light bites,,782,,,,,,,,,,,,,,,vegetarian,false,false,,,"printed identically at 3 pubs; section: Mains and Light Bites; marks printed: gf x3, v x3 (of 3 copies)"
smoked-chicken-bacon-and-grape-rigatoni-with-tenderstem-broccoli-grain-mustard-sauce,"Smoked chicken, bacon and grape rigatoni with tenderstem broccoli, grain mustard sauce",Light bites,,537,,,,,,,,,,,,,,,contains_pork,false,false,,,printed identically at 3 pubs; section: Light Bites; marks printed: none (of 4 copies)
smoked-haddock-and-salmon-fishcake-with-tomato-and-spring-onion-salad,Smoked haddock and salmon fishcake with tomato and spring onion salad,Light bites,,642,,,,,,,,,,,,,,,,false,false,,,printed identically at 7 pubs; section: Light Bites; marks printed: gf x7 (of 7 copies)
smoked-haddock-and-salmon-fishcake-tomato-spring-onion-salad,"Smoked haddock and salmon fishcake, tomato, spring onion salad",Light bites,,474,,,,,,,,,,,,,,,,false,false,,,printed identically at 4 pubs; section: Light Bites; marks printed: gf x4 (of 4 copies)
smoked-haddock-kedgeree-curried-rice-poached-egg,"Smoked haddock kedgeree, curried rice, poached egg",Light bites,,433,,,,,,,,,,,,,,,,false,false,,,printed identically at 3 pubs; section: Light Bites; marks printed: gf x3 (of 3 copies)
steamed-vegetable-gyoza-and-miso-broth-chilli-coriander-pickled-ginger-toasted-sesame,"Steamed vegetable gyoza and miso broth, chilli, coriander, pickled ginger, toasted sesame",Light bites,,283,,,,,,,,,,,,,,,vegetarian,false,false,,,printed identically at 13 pubs; section: Light Bites; marks printed: vg x14 (of 14 copies)
toasted-focaccia-with-smoked-almond-romesco-piquillo-peppers-courgettes-balsamic-onions-olives,"Toasted focaccia with smoked almond romesco, piquillo peppers, courgettes, balsamic onions, olives",Light bites,,610,,,,,,,,,,,,,,,vegetarian,false,false,,,printed identically at 3 pubs; section: Light Bites; marks printed: vg x4 (of 4 copies)
wild-mushroom-leek-spinach-cheddar-quiche-apple-celery-grape-salad,"Wild mushroom leek, spinach, cheddar quiche, apple, celery, grape salad",Light bites,,876,,,,,,,,,,,,,,,vegetarian,false,false,,,"printed identically at 3 pubs; section: Lighter Bites; marks printed: gf x4, v x4 (of 4 copies)"
10oz-black-angus-ribeye-steak-pepper-sauce-portobello-mushroom-tomato-chips,"10oz Black Angus ribeye steak, pepper sauce, portobello mushroom, tomato, chips",Mains,,1343,,,,,,,,,,,,,,,contains_beef,false,false,,,printed identically at 3 pubs; section: Mains; marks printed: gf x4 (of 4 copies)
10oz-black-angus-ribeye-steak-pepper-sauce-portobello-mushroom-tomato-chunky-chips,"10oz Black Angus ribeye steak, pepper sauce, portobello mushroom, tomato, chunky chips",Mains,,1545,,,,,,,,,,,,,,,contains_beef,false,false,,,printed identically at 22 pubs; section: Mains; marks printed: gf x28 (of 28 copies)
6oz-black-angus-fillet-steak-pepper-sauce-portobello-mushroom-tomato-chunky-chips,"6oz Black Angus fillet steak, pepper sauce, portobello mushroom, tomato, chunky chips",Mains,,1103,,,,,,,,,,,,,,,contains_beef,false,false,,,printed identically at 9 pubs; section: Mains; marks printed: gf x12 (of 12 copies)
8oz-bacon-chop-fried-egg-grilled-pineapple-mushroom-tomato-and-chunky-chips,"8oz bacon chop, fried egg, grilled pineapple, mushroom, tomato and chunky chips",Mains,,1036,,,,,,,,,,,,,,,contains_pork,false,false,,,printed identically at 7 pubs; section: Mains; marks printed: gf x8 (of 8 copies)
8oz-british-sirloin-28-day-dry-aged-pepper-sauce-portobello-mushroom-tomato-chunky-chips,"8oz British sirloin 28 day dry aged, pepper sauce, portobello mushroom, tomato, chunky chips",Mains,,1406,,,,,,,,,,,,,,,contains_beef,false,false,,,printed identically at 23 pubs; section: Mains; marks printed: gf x25 (of 25 copies)
9oz-rump-heart-steak-pepper-sauce-portobello-mushroom-tomato-chunky-chips,"9oz rump heart steak, pepper sauce, portobello mushroom, tomato, chunky chips",Mains,,1462,,,,,,,,,,,,,,,contains_beef,false,false,,,printed identically at 7 pubs; section: Mains; marks printed: gf x8 (of 8 copies)
applebys-cheshire-cheese-onion-and-potato-pie-buttered-greens-carrot-puree-gravy,"Appleby's Cheshire cheese, onion and potato pie, buttered greens, carrot purée, gravy",Mains,,1203,,,,,,,,,,,,,,,vegetarian,false,false,,,"printed identically at 4 pubs; section: Mains; marks printed: gf x4, v x4 (of 4 copies)"
applebys-cheshire-cheese-onion-and-potato-pie-buttered-greens-redcurrant-gravy,"Appleby's Cheshire cheese, onion and potato pie, buttered greens, redcurrant gravy",Mains,,1168,,,,,,,,,,,,,,,vegetarian,false,false,,,"printed identically at 25 pubs; section: Mains; marks printed: gf x33, v x33 (of 33 copies)"
applebys-cheshire-cheese-onion-and-potato-pie-green-vegetables-white-wine-mustard-sauce,"Appleby's Cheshire cheese, onion and potato pie, green vegetables, white wine mustard sauce",Mains,,1213,,,,,,,,,,,,,,,vegetarian,false,false,,,"printed identically at 7 pubs; section: Mains; marks printed: gf x9, v x9 (of 9 copies)"
bacon-chop-fried-egg-grilled-pineapple-chunky-chips,"Bacon chop, fried egg, grilled pineapple, chunky chips",Mains,,982,,,,,,,,,,,,,,,contains_pork,false,false,,,printed identically at 14 pubs; section: Mains; marks printed: gf x15 (of 15 copies)
bacon-chop-fried-egg-roast-tomato-portobello-mushroom-chunky-chips,"Bacon chop, fried egg, roast tomato, portobello mushroom, chunky chips",Mains,,1080,,,,,,,,,,,,,,,contains_pork,false,false,,,printed identically at 7 pubs; section: Mains; marks printed: gf x8 (of 8 copies)
basil-gnocchi-tomato-sauce-roasted-peppers-aubergine-toasted-pumpkin-seeds,"Basil gnocchi, tomato sauce, roasted peppers, aubergine, toasted pumpkin seeds",Mains,,547,,,,,,,,,,,,,,,vegetarian,false,false,,,printed identically at 3 pubs; section: Mains; marks printed: vg x4 (of 4 copies)
basil-pesto-and-spinach-gnocchi-sun-blush-tomatoes-roasted-butternut-squash-pine-nuts,"Basil pesto and spinach gnocchi, sun blush tomatoes, roasted butternut squash, pine nuts",Mains,,806,,,,,,,,,,,,,,,vegetarian,false,false,,,printed identically at 12 pubs; section: Mains; marks printed: vg x18 (of 18 copies)
basil-pesto-and-spinach-gnocchi-sunblush-tomato-toasted-pine-nuts-vegan-prosociana-crisp,"Basil pesto and spinach gnocchi, sunblush tomato, toasted pine nuts, vegan prosociana crisp",Mains,,580,,,,,,,,,,,,,,,vegetarian,false,false,,,printed identically at 4 pubs; section: Mains; marks printed: vg x4 (of 4 copies)
bavette-steak-frites-bearnaise-sauce-watercress-salad-served-pink,"Bavette “steak frites”, béarnaise sauce, watercress salad (served pink)",Mains,,1338,,,,,,,,,,,,,,,contains_beef,false,false,,,printed identically at 3 pubs; section: Main Courses; marks printed: gf x3 (of 3 copies)
bavette-steak-frites-peppercorn-sauce-watercress-salad-served-pink,"Bavette “steak frites”, peppercorn sauce, watercress salad (served pink)",Mains,,1304,,,,,,,,,,,,,,,contains_beef,false,false,,,printed identically at 7 pubs; section: Mains; marks printed: gf x11 (of 11 copies)
braised-feather-of-beef-bourguignon-dijon-mash-buttered-greens,"Braised feather of beef bourguignon, Dijon mash, buttered greens",Mains,,820,,,,,,,,,,,,,,,contains_beef,false,false,,,printed identically at 4 pubs; section: Mains; marks printed: gf x4 (of 4 copies)
braised-pork-ribeye-tarragon-mash-onion-marmalade-mustard-cream-sauce,"Braised pork ribeye, tarragon mash, onion marmalade, mustard cream sauce",Mains,,1142,,,,,,,,,,,,,,,contains_pork,false,false,,,printed identically at 9 pubs; section: Mains; marks printed: none (of 10 copies)
braised-shoulder-of-lamb-crushed-minted-baby-potatoes-roast-carrot-rosemary-redcurrant-gravy,"Braised shoulder of lamb, crushed minted baby potatoes, roast carrot, rosemary redcurrant gravy",Mains,,1141,,,,,,,,,,,,,,,,false,false,,,printed identically at 3 pubs; section: Mains; marks printed: gf x3 (of 3 copies)
braised-shoulder-of-lamb-dauphinoise-potatoes-greens-rosemary-gravy,"Braised shoulder of lamb, dauphinoise potatoes, greens, rosemary gravy",Mains,,1289,,,,,,,,,,,,,,,,false,false,,,printed identically at 19 pubs; section: Mains; marks printed: gf x19 (of 19 copies)
braised-shoulder-of-lamb-dauphinoise-potatoes-rosemary-gravy,"Braised shoulder of lamb, dauphinoise potatoes, rosemary gravy",Mains,,1282,,,,,,,,,,,,,,,,false,false,,,printed identically at 12 pubs; section: Mains; marks printed: gf x12 (of 12 copies)
braised-shoulder-of-lamb-garlic-mash-seasonal-vegetables-and-rosemary-gravy,"Braised shoulder of lamb, garlic mash, seasonal vegetables and rosemary gravy",Mains,,1232,,,,,,,,,,,,,,,,false,false,,,printed identically at 6 pubs; section: Mains; marks printed: gf x6 (of 6 copies)
braised-shoulder-of-lamb-minted-new-potatoes-seasonal-vegetables-rosemary-gravy,"Braised shoulder of lamb, minted new potatoes, seasonal vegetables, rosemary gravy",Mains,,1151,,,,,,,,,,,,,,,,false,false,,,printed identically at 6 pubs; section: Mains; marks printed: gf x6 (of 6 copies)
braised-shoulder-of-lamb-minted-potato-cake-rosemary-gravy,"Braised shoulder of lamb, minted potato cake, rosemary gravy",Mains,,1113,,,,,,,,,,,,,,,,false,false,,,printed identically at 7 pubs; section: Mains; marks printed: gf x7 (of 7 copies)
buttercross-farm-black-pudding-sausages-buttered-mash-onion-gravy,"Buttercross Farm black pudding sausages, buttered mash, onion gravy",Mains,,1074,,,,,,,,,,,,,,,contains_pork,false,false,,,printed identically at 3 pubs; section: Mains; marks printed: gf x3 (of 3 copies)
buttercross-farm-cumberland-sausages-buttered-mash-onion-gravy,"Buttercross farm Cumberland sausages, buttered mash, onion gravy",Mains,,1012,,,,,,,,,,,,,,,contains_pork,false,false,,,printed identically at 9 pubs; section: Mains; marks printed: gf x13 (of 13 copies)
buttercross-farm-pork-and-red-onion-marmalade-sausages-buttered-mash-potatoes-red-wine-gravy,"Buttercross Farm pork and red onion marmalade sausages, buttered mash potatoes, red wine gravy",Mains,,1390,,,,,,,,,,,,,,,contains_pork,false,false,,,printed identically at 3 pubs; section: Mains; marks printed: gf x3 (of 3 copies)
buttercross-pork-and-apple-sausages-buttered-mash-greens-and-gravy,"Buttercross pork and apple sausages, buttered mash, greens and gravy",Mains,,1348,,,,,,,,,,,,,,,contains_pork,false,false,,,printed identically at 6 pubs; section: Mains; marks printed: gf x7 (of 7 copies)
buttercross-pork-and-leek-sausages-buttered-mash-onion-gravy,"Buttercross pork and leek sausages, buttered mash, onion gravy",Mains,,945,,,,,,,,,,,,,,,contains_pork,false,false,,,printed identically at 20 pubs; section: Mains; marks printed: gf x27 (of 27 copies)
buttercross-pork-and-red-onion-marmalade-sausages-buttered-mash-onion-gravy,"Buttercross pork and red onion marmalade sausages, buttered mash, onion gravy",Mains,,1289,,,,,,,,,,,,,,,contains_pork,false,false,,,printed identically at 14 pubs; section: Mains; marks printed: gf x18 (of 18 copies)
buttercross-red-onion-marmalade-sausages-bubble-and-squeak-cake-buttered-greens-onion-gravy,"Buttercross red onion marmalade sausages, bubble and squeak cake, buttered greens, onion gravy",Mains,,1216,,,,,,,,,,,,,,,contains_pork,false,false,,,printed identically at 6 pubs; section: Mains; marks printed: gf x8 (of 8 copies)
caramelised-pork-belly-ham-hock-fritter-apple-gel-buttered-greens-and-calvados-sauce,"Caramelised pork belly, ham hock fritter, apple gel, buttered greens and Calvados sauce",Mains,,853,,,,,,,,,,,,,,,contains_pork,false,false,,,printed identically at 3 pubs; section: Mains; marks printed: gf x3 (of 3 copies)
caramelised-pork-belly-pancetta-croquette-white-onion-puree-cider-jus,"Caramelised pork belly, pancetta croquette, white onion purée, cider jus",Mains,,1043,,,,,,,,,,,,,,,contains_pork,false,false,,,printed identically at 8 pubs; section: Mains; marks printed: gf x8 (of 8 copies)
cauliflower-sweet-potato-and-chickpea-tagine-apricot-cous-cous-mint-coconut-yoghurt-toasted-almonds,"Cauliflower, sweet potato and chickpea tagine, apricot cous cous, mint coconut yoghurt, toasted almonds",Mains,,1047,,,,,,,,,,,,,,,vegetarian,false,false,,,printed identically at 4 pubs; section: Mains; marks printed: vg x7 (of 7 copies)
chicken-schnitzel-fries-sauerkraut-and-pickles,"Chicken schnitzel, fries, sauerkraut and pickles",Mains,,979,,,,,,,,,,,,,,,,false,false,,,printed identically at 3 pubs; section: Mains; marks printed: gf x3 (of 3 copies)
chicken-ham-and-leek-pie-buttered-mash-green-vegetables-gravy,"Chicken, ham and leek pie, buttered mash, green vegetables, gravy",Mains,,1113,,,,,,,,,,,,,,,contains_pork,false,false,,,printed identically at 7 pubs; section: Mains; marks printed: gf x8 (of 8 copies)
coq-au-vin-pie-green-vegetables-buttered-mash-red-wine-gravy,"Coq au vin pie, green vegetables, buttered mash, red wine gravy",Mains,,1156,,,,,,,,,,,,,,,,false,false,,,printed identically at 21 pubs; section: Mains; marks printed: gf x37 (of 37 copies)
crispy-breaded-chicken-breast-lemon-garlic-and-courgette-tagliatelle-pasta,"Crispy breaded chicken breast, lemon, garlic and courgette, tagliatelle pasta",Mains,,1385,,,,,,,,,,,,,,,,false,false,,,printed identically at 6 pubs; section: Mains; marks printed: none (of 8 copies)
crispy-buttermilk-buffalo-chicken-burger-smoked-streaky-bacon-blue-cheese-mayonnaise-fries,"Crispy buttermilk buffalo chicken burger, smoked streaky bacon, blue cheese mayonnaise, fries",Mains,,1350,,,,,,,,,,,,,,,contains_pork,false,false,,,printed identically at 3 pubs; section: Mains; marks printed: none (of 4 copies)
curry-sauce,Curry sauce,Mains,,190,,,,,,,,,,,,,,,vegetarian,false,false,,,"printed identically at 5 pubs; section: Mains; marks printed: gf x7, vg x7 (of 7 copies)"
double-bratwurst-mash-potato-sauerkraut-braised-red-cabbage-vegan-available,"Double bratwurst, mash potato, sauerkraut, braised red cabbage (Vegan available)",Mains,,1130,,,,,,,,,,,,,,,,false,false,,,printed identically at 3 pubs; section: Mains; marks printed: gf x3 (of 3 copies)
fish-pie-salmon-hake-smoked-haddock-king-prawns-boiled-egg-french-style-peas,"Fish pie, salmon, hake, smoked haddock, king prawns, boiled egg, French style peas",Mains,,960,,,,,,,,,,,,,,,,false,false,,,printed identically at 5 pubs; section: Mains; marks printed: gf x6 (of 6 copies)
game-suet-pudding-venison-pheasant-and-partridge-mash-buttered-greens,"Game suet pudding (venison, pheasant and partridge), mash, buttered greens",Mains,,1298,,,,,,,,,,,,,,,,false,false,,,printed identically at 13 pubs; section: Mains; marks printed: gf x19 (of 19 copies)
goan-aubergine-butternut-squash-and-chickpea-curry-steamed-rice-pak-choi,"Goan aubergine, butternut squash and chickpea curry, steamed rice, pak choi",Mains,,530,,,,,,,,,,,,,,,vegetarian,false,false,,,"printed identically at 6 pubs; section: Mains; marks printed: gf x10, vg x10 (of 10 copies)"
honey-roasted-ham-served-cold-fried-eggs-and-chips,"Honey roasted ham, (served cold) fried eggs and chips",Mains,,1077,,,,,,,,,,,,,,,contains_pork,false,false,,,printed identically at 3 pubs; section: Mains; marks printed: gf x3 (of 3 copies)
lashfords-pork-sausages-buttered-mash-potato-onion-gravy,"Lashford's pork sausages, buttered mash potato, onion gravy",Mains,,1332,,,,,,,,,,,,,,,contains_pork,false,false,,,printed identically at 5 pubs; section: Mains; marks printed: none (of 7 copies)
malaysian-chicken-curry-coconut-rice-steamed-pak-choi,"Malaysian chicken curry, coconut rice, steamed pak choi",Mains,,913,,,,,,,,,,,,,,,,false,false,,,printed identically at 7 pubs; section: Mains; marks printed: gf x7 (of 7 copies)
minced-beef-ale-and-potato-pie-green-vegetables-buttered-mash-red-wine-gravy,"Minced beef, ale and potato pie, green vegetables, buttered mash, red wine gravy",Mains,,1221,,,,,,,,,,,,,,,contains_beef,false,false,,,printed identically at 16 pubs; section: Mains; marks printed: gf x24 (of 24 copies)
mixed-mushroom-tortellini-celeriac-puree-artichoke-crisps-roasted-spring-onions,"Mixed mushroom tortellini, celeriac purée, artichoke crisps, roasted spring onions",Mains,,536,,,,,,,,,,,,,,,vegetarian,false,false,,,printed identically at 4 pubs; section: Mains; marks printed: vg x7 (of 7 copies)
moving-mountains-vegan-burger-smoked-applewood-vegan-cheddar-spicy-tomato-mayonnaise-fries,"Moving mountains vegan burger, smoked applewood vegan cheddar, spicy tomato mayonnaise, fries",Mains,,1431,,,,,,,,,,,,,,,vegetarian,false,false,,,printed identically at 6 pubs; section: Mains; marks printed: vg x10 (of 10 copies)
moving-mountains-vegan-burger-smoked-applewood-spicy-tomato-mayonnaise-fries,"Moving mountains vegan burger, smoked applewood, spicy tomato mayonnaise, fries",Mains,,1380,,,,,,,,,,,,,,,vegetarian,false,false,,,printed identically at 3 pubs; section: Mains; marks printed: vg x4 (of 4 copies)
mushroom-celeriac-and-ale-pie-baby-potatoes-sauteed-greens-red-wine-and-redcurrant-gravy,"Mushroom, celeriac and ale pie, baby potatoes, sautéed greens, red wine and redcurrant gravy",Mains,,944,,,,,,,,,,,,,,,vegetarian,false,false,,,"printed identically at 6 pubs; section: Mains; marks printed: gf x6, vg x6 (of 6 copies)"
mushroom-celeriac-and-ale-pie-hasselback-potatoes-cranberry-red-wine-gravy-greens,"Mushroom, celeriac and ale pie, hasselback potatoes, cranberry, red wine gravy, greens",Mains,,1035,,,,,,,,,,,,,,,vegetarian,false,false,,,"printed identically at 10 pubs; section: Mains; marks printed: gf x12, vg x12 (of 12 copies)"
mushroom-celeriac-and-ale-pie-red-wine-redcurrant-gravy-mash-sauteed-greens,"Mushroom, celeriac and ale pie, red wine redcurrant gravy, mash, sautéed greens",Mains,,1025,,,,,,,,,,,,,,,vegetarian,false,false,,,"printed identically at 3 pubs; section: Mains; marks printed: gf x3, vg x3 (of 3 copies)"
onglet-steak-frites-peppercorn-sauce-watercress-salad-served-pink,"Onglet steak frites, peppercorn sauce, watercress salad (served pink)",Mains,,1296,,,,,,,,,,,,,,,contains_beef,false,false,,,printed identically at 8 pubs; section: Mains; marks printed: gf x12 (of 12 copies)
pan-fried-chicken-breast-with-celeriac-puree-lentils-roast-parsnip-squash-and-red-wine-jus,"Pan fried chicken breast with celeriac purée, lentils, roast parsnip, squash and red wine jus",Mains,,630,,,,,,,,,,,,,,,,false,false,,,printed identically at 4 pubs; section: Mains; marks printed: none (of 4 copies)
pan-fried-chicken-breast-truffle-and-ricotta-gnocchi-chestnut-mushrooms-squash-puree-sherry-jus,"Pan fried chicken breast, truffle and ricotta gnocchi, chestnut mushrooms, squash purée, sherry jus",Mains,,736,,,,,,,,,,,,,,,,false,false,,,printed identically at 4 pubs; section: Mains; marks printed: none (of 4 copies)
pan-fried-chicken-pappardelle-wild-mushrooms-tarragon-white-wine-sauce,"Pan fried chicken pappardelle, wild mushrooms, tarragon, white wine sauce",Mains,,1013,,,,,,,,,,,,,,,,false,false,,,printed identically at 11 pubs; section: Mains; marks printed: none (of 11 copies)
pan-fried-sea-bass-bombay-potatoes-wilted-spinach-coconut-raita,"Pan fried sea bass, Bombay potatoes, wilted spinach, coconut raita",Mains,,636,,,,,,,,,,,,,,,,false,false,,,printed identically at 4 pubs; section: Mains; marks printed: gf x6 (of 6 copies)
pan-fried-sea-bass-chorizo-and-chickpea-cassoulet-saffron-aioli,"Pan fried sea bass, chorizo and chickpea cassoulet, saffron aioli",Mains,,595,,,,,,,,,,,,,,,contains_pork,false,false,,,printed identically at 5 pubs; section: Mains; marks printed: gf x7 (of 7 copies)
pan-fried-sea-bass-chorizo-potatoes-red-peppers-blushed-tomato-watercress-puree,"Pan fried sea bass, chorizo potatoes, red peppers, blushed tomato, watercress purée",Mains,,556,,,,,,,,,,,,,,,contains_pork,false,false,,,printed identically at 4 pubs; section: Mains; marks printed: none (of 5 copies)
pan-fried-venison-loin-colcannon-fritter-cauliflower-puree-pickled-blackberries,"Pan fried venison loin, colcannon fritter, cauliflower purée, pickled blackberries",Mains,,670,,,,,,,,,,,,,,,,false,false,,,printed identically at 10 pubs; section: Mains; marks printed: gf x10 (of 10 copies)
pan-roasted-fillet-of-sea-bass-crushed-caper-lemon-potatoes-white-wine-sauce,"Pan roasted fillet of sea bass, crushed caper, lemon, potatoes, white wine sauce",Mains,,352,,,,,,,,,,,,,,,,false,false,,,printed identically at 20 pubs; section: Mains; marks printed: gf x28 (of 28 copies)
pan-fried-chalk-stream-trout-prawn-risotto-mussel-and-chervil-sauce,"Pan-fried Chalk stream trout, prawn risotto, mussel and chervil sauce",Mains,,585,,,,,,,,,,,,,,,,false,false,,,printed identically at 3 pubs; section: Mains; marks printed: gf x3 (of 3 copies)
pan-fried-sea-bass-clam-veloute-saffron-potatoes-grilled-piquillo-peppers,"Pan-fried sea bass, clam velouté, saffron potatoes, grilled piquillo peppers",Mains,,435,,,,,,,,,,,,,,,,false,false,,,printed identically at 3 pubs; section: Mains; marks printed: gf x3 (of 3 copies)
pheasant-bacon-and-tarragon-faggot-blackberry-jus-buttered-mash,"Pheasant bacon and tarragon faggot, blackberry jus, buttered mash",Mains,,743,,,,,,,,,,,,,,,,false,false,,,printed identically at 5 pubs; section: Mains; marks printed: gf x6 (of 6 copies)
pork-and-chorizo-burger-monterey-jack-chipotle-relish-fries,"Pork and chorizo burger, Monterey Jack, chipotle relish, fries",Mains,,1376,,,,,,,,,,,,,,,contains_pork,false,false,,,printed identically at 3 pubs; section: Mains; marks printed: none (of 4 copies)
pork-and-leek-sausages-buttered-mash-onion-gravy,"Pork and leek sausages, buttered mash, onion gravy",Mains,,945,,,,,,,,,,,,,,,contains_pork,false,false,,,printed identically at 10 pubs; section: Mains; marks printed: gf x14 (of 14 copies)
portuguese-fish-stew-caldeirada-king-prawns-hake-and-mussels-crusty-bread,"Portuguese Fish Stew (Caldeirada) - king prawns, hake, and mussels, crusty bread",Mains,,465,,,,,,,,,,,,,,,,false,false,,,printed identically at 17 pubs; section: Mains; marks printed: none (of 19 copies)
pumpkin-and-sage-tortellini-garlic-roasted-baby-courgettes-toasted-seeds-sun-blush-tomatoes,"Pumpkin and sage tortellini, garlic roasted baby courgettes, toasted seeds, sun blush tomatoes",Mains,,383,,,,,,,,,,,,,,,vegetarian,false,false,,,printed identically at 5 pubs; section: Mains; marks printed: vg x8 (of 8 copies)
rich-venison-bolognese-pappardelle-pasta-wild-mushrooms-beetroot-and-parmesan-shards,"Rich venison bolognese, pappardelle pasta, wild mushrooms, beetroot and parmesan shards",Mains,,939,,,,,,,,,,,,,,,,false,false,,,printed identically at 4 pubs; section: Mains; marks printed: none (of 4 copies)
roast-sea-bass-fillet-prosciutto-crisps-truffle-parmesan-hash-greens-sauce-vierge,"Roast sea bass fillet, prosciutto crisps, truffle parmesan hash, greens, sauce vierge",Mains,,426,,,,,,,,,,,,,,,contains_pork,false,false,,,printed identically at 6 pubs; section: Mains; marks printed: gf x7 (of 7 copies)
roast-sea-bass-fillet-prosciutto-jerusalem-artichokes-samphire-sauce-vierge,"Roast sea bass fillet, Prosciutto, Jerusalem artichokes, samphire, sauce vierge",Mains,,453,,,,,,,,,,,,,,,contains_pork,false,false,,,printed identically at 3 pubs; section: Mains; marks printed: gf x4 (of 4 copies)
roasted-loin-of-cod-wrapped-in-pancetta-caramelised-cauliflower-puree-cucumber-cavolo-nero-confit-artichokes,"Roasted loin of cod wrapped in pancetta, caramelised cauliflower purée, cucumber, cavolo nero, confit artichokes",Mains,,573,,,,,,,,,,,,,,,contains_pork,false,false,,,printed identically at 3 pubs; section: Mains; marks printed: gf x5 (of 5 copies)
salmon-and-smoked-haddock-fishcakes-gem-pea-edamame-cucumber-salad-lemon-herb-mayonnaise,"Salmon and smoked haddock fishcakes, gem, pea, edamame, cucumber salad, lemon, herb mayonnaise",Mains,,810,,,,,,,,,,,,,,,,false,false,,,printed identically at 7 pubs; section: Mains; marks printed: gf x13 (of 13 copies)
seared-fillet-of-sea-bass-saffron-and-chorizo-risotto-piperade-sauce,"Seared fillet of sea bass, saffron and chorizo risotto, piperade sauce",Mains,,595,,,,,,,,,,,,,,,contains_pork,false,false,,,printed identically at 3 pubs; section: Mains; marks printed: gf x4 (of 4 copies)
seared-pork-fillet-wild-mushroom-tortellini-truffle-cream-sauce,"Seared pork fillet, wild mushroom tortellini, truffle cream sauce",Mains,,953,,,,,,,,,,,,,,,contains_pork,false,false,,,printed identically at 4 pubs; section: Mains; marks printed: none (of 4 copies)
slow-braised-ox-cheek-ragu-rigatoni-pasta-sun-blushed-tomatoes-grana-padano,"Slow braised ox cheek ragu, rigatoni pasta, sun blushed tomatoes, Grana Padano",Mains,,592,,,,,,,,,,,,,,,,false,false,,,printed identically at 4 pubs; section: Mains; marks printed: none (of 5 copies)
slow-braised-shin-of-beef-rigatoni-parmesan-thyme-crust,"Slow braised shin of beef rigatoni, parmesan thyme crust",Mains,,698,,,,,,,,,,,,,,,contains_beef,false,false,,,printed identically at 3 pubs; section: Mains; marks printed: none (of 5 copies)
slow-roasted-duck-leg-a-lorange-sauteed-potatoes-garlic-and-onion-green-vegetables,"Slow roasted duck leg, a l'orange, sautéed potatoes, garlic and onion, green vegetables",Mains,,916,,,,,,,,,,,,,,,,false,false,,,printed identically at 3 pubs; section: Mains; marks printed: gf x3 (of 3 copies)
slow-roasted-duck-leg-bubble-and-squeak-peas-smoked-pancetta-edamame-beans-cavolo-nero,"Slow roasted duck leg, bubble and squeak, peas, smoked pancetta, edamame beans, cavolo nero",Mains,,849,,,,,,,,,,,,,,,contains_pork,false,false,,,printed identically at 3 pubs; section: Mains; marks printed: gf x3 (of 3 copies)
slow-roasted-duck-leg-chorizo-butterbean-stew-cavolo-nero-herb-crumb,"Slow roasted duck leg, chorizo, butterbean stew, cavolo nero, herb crumb",Mains,,1031,,,,,,,,,,,,,,,contains_pork,false,false,,,printed identically at 5 pubs; section: Mains; marks printed: gf x5 (of 5 copies)
slow-roasted-duck-leg-fondant-potato-roast-shallot-orange-puree,"Slow roasted duck leg, fondant potato, roast shallot, orange purée",Mains,,1003,,,,,,,,,,,,,,,,false,false,,,printed identically at 3 pubs; section: Mains; marks printed: gf x3 (of 3 copies)
smoked-chicken-bacon-and-grape-rigatoni-tenderstem-broccoli-and-grain-mustard-sauce,"Smoked chicken, bacon and grape rigatoni, tenderstem broccoli and grain mustard sauce",Mains,,811,,,,,,,,,,,,,,,contains_pork,false,false,,,printed identically at 4 pubs; section: Mains; marks printed: none (of 6 copies)
spicy-butterbean-red-pepper-and-smoky-tomato-hotpot-wilted-greens-roast-parsnip,"Spicy butterbean, red pepper and smoky tomato hotpot, wilted greens, roast parsnip",Mains,,476,,,,,,,,,,,,,,,vegetarian,false,false,,,printed identically at 6 pubs; section: Mains; marks printed: vg x11 (of 11 copies)
steak-and-kidney-pudding-mash-buttered-greens-red-wine-gravy,"Steak and kidney pudding, mash, buttered greens, red wine gravy",Mains,,1255,,,,,,,,,,,,,,,contains_beef,false,false,,,printed identically at 12 pubs; section: Mains; marks printed: gf x20 (of 20 copies)
steak-burger-beer-onions-grilled-pancetta-monterey-jack-spiced-tomato-mayonnaise-chips,"Steak burger, beer onions, grilled pancetta, Monterey Jack, spiced tomato mayonnaise, chips",Mains,,1371,,,,,,,,,,,,,,,contains_pork|contains_beef,false,false,,,printed identically at 15 pubs; section: Mains; marks printed: none (of 24 copies)
sweet-potato-aubergine-and-spinach-malaysian-curry-coconut-rice-pak-choi,"Sweet potato, aubergine and spinach Malaysian curry, coconut rice, pak choi",Mains,,630,,,,,,,,,,,,,,,vegetarian,false,false,,,"printed identically at 7 pubs; section: Mains; marks printed: gf x12, vg x12 (of 12 copies)"
sweet-potato-chickpea-and-tender-stem-tagine-apricot-cous-cous-mint-coconut-yoghurt-toasted-almonds,"Sweet potato, chickpea and tender stem tagine, apricot cous cous, mint coconut yoghurt, toasted almonds",Mains,,1028,,,,,,,,,,,,,,,vegetarian,false,false,,,printed identically at 4 pubs; section: Mains; marks printed: vg x5 (of 5 copies)
thai-green-crispy-duck-leg-curry-coconut-rice-steamed-pak-choi,"Thai green 'crispy duck leg' curry, coconut rice, steamed pak choi",Mains,,994,,,,,,,,,,,,,,,,false,false,,,printed identically at 11 pubs; section: Mains; marks printed: gf x13 (of 13 copies)
thai-green-aubergine-sweet-potato-and-cashew-nut-curry-coconut-rice-steamed-pak-choi,"Thai green aubergine, sweet potato and cashew nut curry, coconut rice, steamed pak choi",Mains,,709,,,,,,,,,,,,,,,vegetarian,false,false,,,"printed identically at 20 pubs; section: Mains; marks printed: gf x32, vg x32 (of 32 copies)"
thai-green-chicken-curry-coconut-rice-steamed-pak-choi,"Thai green chicken curry, coconut rice, steamed pak choi",Mains,,876,,,,,,,,,,,,,,,,false,false,,,printed identically at 4 pubs; section: Mains; marks printed: gf x4 (of 4 copies)
thai-green-king-prawn-curry-coconut-rice-steamed-pak-choi,"Thai green king prawn curry, coconut rice, steamed pak choi",Mains,,638,,,,,,,,,,,,,,,,false,false,,,printed identically at 6 pubs; section: Mains; marks printed: gf x8 (of 8 copies)
venison-pheasant-partridge-suet-pudding-buttered-mash-green-vegetables-and-red-wine-gravy,"Venison, pheasant, partridge, suet pudding, buttered mash, green vegetables and red wine gravy",Mains,,1020,,,,,,,,,,,,,,,,false,false,,,printed identically at 6 pubs; section: Mains; marks printed: gf x8 (of 8 copies)
wild-mushroom-stroganoff-tagliatelle-pasta-and-smoked-paprika-croutes,"Wild mushroom stroganoff, tagliatelle pasta and smoked paprika croutes",Mains,,756,,,,,,,,,,,,,,,vegetarian,false,false,,,printed identically at 3 pubs; section: Mains; marks printed: vg x4 (of 4 copies)
applebys-cheshire-cheese-onion-and-potato-pie-buttered-greens-roast-potatoes,"Appleby's Cheshire cheese, onion and potato pie, buttered greens, roast potatoes",Sunday roasts,,1300,,,,,,,,,,,,,,,vegetarian,false,false,,,"printed identically at 16 pubs; section: Sunday Roasts; marks printed: gf x16, v x16 (of 16 copies)"
beetroot-spinach-and-beluga-lentil-wellington-roast-potatoes-vegetables-gravy,"Beetroot, spinach and Beluga lentil Wellington, roast potatoes, vegetables, gravy",Sunday roasts,,563,,,,,,,,,,,,,,,vegetarian,false,false,,,printed identically at 7 pubs; section: Roasts; marks printed: vg x7 (of 7 copies)
braised-shoulder-of-lamb-rosemary-gravy,"Braised shoulder of lamb, rosemary gravy",Sunday roasts,,1381,,,,,,,,,,,,,,,,false,false,,,printed identically at 5 pubs; section: Sunday Roasts; marks printed: gf x5 (of 5 copies)
butternut-squash-pine-nut-chestnut-and-cashew-nut-roast-hasselback-potatoes,"Butternut squash, pine nut, chestnut and cashew nut roast, hasselback potatoes",Sunday roasts,,920,,,,,,,,,,,,,,,vegetarian,false,false,,,"printed identically at 3 pubs; section: Sunday Roasts; marks printed: gf x3, vg x3 (of 3 copies)"
butternut-squash-wild-mushroom-chestnut-and-lentil-wellington-roast-potatoes-vegetables-gravy,"Butternut squash, wild mushroom, chestnut and lentil wellington, roast potatoes, vegetables, gravy",Sunday roasts,,693,,,,,,,,,,,,,,,vegetarian,false,false,,,printed identically at 7 pubs; section: Sunday Roasts; marks printed: vg x7 (of 7 copies)
cashew-chestnut-pine-nut-and-butternut-squash-nut-roast-redcurrant-gravy,"Cashew, chestnut, pine nut and butternut squash nut roast, redcurrant gravy",Sunday roasts,,958,,,,,,,,,,,,,,,vegetarian,false,false,,,"printed identically at 19 pubs; section: Sunday Roasts; marks printed: gf x19, vg x19 (of 19 copies)"
half-roast-chicken-sage-and-apple-stuffing-sausage-wrapped-in-bacon,"Half roast chicken, sage and apple stuffing, sausage wrapped in bacon",Sunday roasts,,1389,,,,,,,,,,,,,,,contains_pork,false,false,,,printed identically at 11 pubs; section: Sunday Roasts; marks printed: gf x11 (of 11 copies)
mixed-roast-beef-served-pink-porchetta-slow-roasted-belly-all-the-trimmings,"Mixed roast beef (served pink), porchetta (slow roasted belly), all the trimmings",Sunday roasts,,1364,,,,,,,,,,,,,,,contains_beef,false,false,,,printed identically at 13 pubs; section: Sunday Roasts; marks printed: none (of 13 copies)
mixed-roast-beef-served-pink-slow-roasted-belly-all-the-trimmings,"Mixed roast beef (served pink), slow roasted belly, all the trimmings",Sunday roasts,,1440,,,,,,,,,,,,,,,contains_beef,false,false,,,printed identically at 8 pubs; section: Sunday Roasts; marks printed: none (of 8 copies)
mixed-roast-beef-and-loin-of-pork-all-the-trimmings,"Mixed roast beef and loin of pork, all the trimmings",Sunday roasts,,1219,,,,,,,,,,,,,,,contains_pork|contains_beef,false,false,,,printed identically at 4 pubs; section: Sunday Roasts & Sides; marks printed: gfa x4 (of 4 copies)
mushroom-celeriac-and-ale-pie-red-wine-redcurrant-gravy-roast-potatoes-sauteed-greens,"Mushroom, celeriac and ale pie, red wine redcurrant gravy, roast potatoes, sautéed greens",Sunday roasts,,1015,,,,,,,,,,,,,,,vegetarian,false,false,,,"printed identically at 10 pubs; section: Sunday Roasts; marks printed: gf x10, vg x10 (of 10 copies)"
nut-roast-butternut-squash-cashew-chestnut-and-spinach-hasselback-potatoes,"Nut roast, butternut squash, cashew, chestnut and spinach, hasselback potatoes",Sunday roasts,,974,,,,,,,,,,,,,,,vegetarian,false,false,,,"printed identically at 7 pubs; section: Sunday Roasts; marks printed: gf x7, vg x7 (of 7 copies)"
roast-beef-with-yorkshire-pudding,"Roast beef, with Yorkshire pudding",Sunday roasts,,1182,,,,,,,,,,,,,,,contains_beef,false,false,,,printed identically at 6 pubs; section: Roasts; marks printed: gfa x6 (of 6 copies)
roast-chicken-sage-and-apple-stuffing-sausage-wrapped-in-bacon,"Roast chicken, sage and apple stuffing, sausage wrapped in bacon",Sunday roasts,,1334,,,,,,,,,,,,,,,contains_pork,false,false,,,printed identically at 26 pubs; section: Sunday Roasts; marks printed: gf x26 (of 26 copies)
slow-cooked-roasted-duck-leg-orange-puree-red-wine-jus,"Slow cooked roasted duck leg, orange purée, red wine jus",Sunday roasts,,1194,,,,,,,,,,,,,,,,false,false,,,printed identically at 5 pubs; section: Roasts - All roast dinners served with traditional trimmings; marks printed: gf x5 (of 5 copies)
slow-roasted-belly-pork-crackling-apple-sauce-and-gravy,"Slow roasted belly pork, crackling, apple sauce and gravy",Sunday roasts,,1266,,,,,,,,,,,,,,,contains_pork,false,false,,,printed identically at 8 pubs; section: Sunday Roasts; marks printed: gf x8 (of 8 copies)
slow-roasted-duck-leg-duck-fat-roasties-orange-puree-red-wine-jus,"Slow roasted duck leg, duck fat roasties, orange purée, red wine jus",Sunday roasts,,1243,,,,,,,,,,,,,,,,false,false,,,printed identically at 6 pubs; section: Sunday Roasts; marks printed: gf x6 (of 6 copies)
slow-roasted-duck-leg-duck-fat-roasties-sour-cherries-red-wine-jus,"Slow roasted duck leg, duck fat roasties, sour cherries, red wine jus",Sunday roasts,,1376,,,,,,,,,,,,,,,,false,false,,,printed identically at 7 pubs; section: Sunday Roasts; marks printed: gf x7 (of 7 copies)
welsh-roast-beef-served-pink-with-yorkshire-pudding,"Welsh roast beef (served pink), with Yorkshire pudding",Sunday roasts,,1601,,,,,,,,,,,,,,,contains_beef,false,false,,,printed identically at 5 pubs; section: Sunday Roasts; marks printed: gfa x5 (of 5 copies)
braised-red-cabbage,Braised red cabbage,Sides,,57,,,,,,,,,,,,,,,vegetarian,false,false,,,"printed identically at 6 pubs; section: Sunday Roasts; marks printed: gf x6, vg x6 (of 6 copies)"
bread-and-butter,Bread and Butter,Sides,,443,,,,,,,,,,,,,,,vegetarian,false,false,,,printed identically at 7 pubs; section: Sides; marks printed: v x8 (of 8 copies)
broccoli-chilli-almonds,"Broccoli, chilli, almonds",Sides,,291,,,,,,,,,,,,,,,vegetarian,false,false,,,"printed identically at 13 pubs; section: Sides; marks printed: gf x16, v x16 (of 16 copies)"
buttered-mash,Buttered Mash,Sides,,285,,,,,,,,,,,,,,,vegetarian,false,false,,,"printed identically at 22 pubs; section: Sides; marks printed: gf x26, v x26 (of 26 copies)"
buttered-vegetables,Buttered vegetables,Sides,,175,,,,,,,,,,,,,,,vegetarian,false,false,,,"printed identically at 53 pubs; section: Sides; marks printed: gf x88, v x88 (of 88 copies)"
cauliflower-cheese-bacon-crumb-truffle,"Cauliflower cheese, bacon crumb, truffle",Sides,,425,,,,,,,,,,,,,,,contains_pork,false,false,,,printed identically at 4 pubs; section: Sunday Sides; marks printed: gf x4 (of 4 copies)
chunky-chips,Chunky chips,Sides,,535,,,,,,,,,,,,,,,vegetarian,false,false,,,"printed identically at 70 pubs; section: Sides; marks printed: gf x126, vg x126 (of 126 copies)"
duck-fat-roast-potatoes,Duck fat roast potatoes,Sides,,232,,,,,,,,,,,,,,,,false,false,,,printed identically at 44 pubs; section: Sunday Sides; marks printed: gf x44 (of 44 copies)
fries,Fries,Sides,,377,,,,,,,,,,,,,,,vegetarian,false,false,,,"printed identically at 59 pubs; section: Sides; marks printed: gf x102, vg x102 (of 102 copies)"
garlic-bread,Garlic bread,Sides,,421,,,,,,,,,,,,,,,vegetarian,false,false,,,printed identically at 55 pubs; section: Sides; marks printed: v x89 (of 89 copies)
garlic-bread-cheese,"Garlic bread, cheese",Sides,,629,,,,,,,,,,,,,,,vegetarian,false,false,,,printed identically at 71 pubs; section: Sides; marks printed: v x168 (of 168 copies)
greek-feta-salad,Greek feta salad,Sides,,386,,,,,,,,,,,,,,,vegetarian,false,false,,,"printed identically at 3 pubs; section: Sides; marks printed: gf x4, v x4 (of 4 copies)"
green-beans-garlic-chilli-butter,"Green beans, garlic chilli butter",Sides,,129,,,,,,,,,,,,,,,vegetarian,false,false,,,"printed identically at 4 pubs; section: Sides; marks printed: gf x6, v x6 (of 6 copies)"
honey-roast-carrots,Honey roast carrots,Sides,,176,,,,,,,,,,,,,,,vegetarian,false,false,,,"printed identically at 6 pubs; section: Sides; marks printed: gf x6, v x6 (of 6 copies)"
honey-roasted-carrots,Honey Roasted Carrots,Sides,,81,,,,,,,,,,,,,,,vegetarian,false,false,,,"printed identically at 6 pubs; section: Sides; marks printed: gf x8, v x8 (of 8 copies)"
loaded-fries-bbq-beef-brisket-cheddar-spring-onion-chilli,"Loaded fries, BBQ beef brisket, cheddar, spring onion, chilli",Sides,,803,,,,,,,,,,,,,,,contains_beef,false,false,,,printed identically at 4 pubs; section: Sides; marks printed: gf x5 (of 5 copies)
mixed-salad,Mixed salad,Sides,,100,,,,,,,,,,,,,,,vegetarian,false,false,,,"printed identically at 63 pubs; section: Sides; marks printed: gf x99, vg x99 (of 99 copies)"
onion-rings,Onion rings,Sides,,289,,,,,,,,,,,,,,,,false,false,,,printed identically at 57 pubs; section: Sides; marks printed: gf x87 (of 87 copies)
peppercorn-sauce,Peppercorn sauce,Sides,,129,,,,,,,,,,,,,,,,false,false,,,printed identically at 31 pubs; section: Sides; marks printed: gf x38 (of 38 copies)
pigs-in-blankets,Pigs in blankets,Sides,,519,,,,,,,,,,,,,,,contains_pork,false,false,,,printed identically at 23 pubs; section: Sunday Roasts; marks printed: gf x23 (of 23 copies)
pigs-in-blankets-gravy,"Pigs in blankets, gravy",Sides,,423,,,,,,,,,,,,,,,contains_pork,false,false,,,printed identically at 34 pubs; section: Sunday Sides; marks printed: gf x37 (of 37 copies)
pork-and-apple-stuffing,Pork and apple stuffing,Sides,,581,,,,,,,,,,,,,,,contains_pork,false,false,,,printed identically at 35 pubs; section: Sunday Sides; marks printed: gf x35 (of 35 copies)
sweet-potato-fries,Sweet potato fries,Sides,,522,,,,,,,,,,,,,,,vegetarian,false,false,,,"printed identically at 5 pubs; section: Sides; marks printed: gf x6, vg x6 (of 6 copies)"
tenderstem-broccoli-chilli-and-garlic,"Tenderstem broccoli, chilli and garlic",Sides,,68,,,,,,,,,,,,,,,vegetarian,false,false,,,"printed identically at 9 pubs; section: Sides; marks printed: gf x13, vg x13 (of 13 copies)"
tenderstem-chilli-butter-and-toasted-almonds,"Tenderstem, chilli butter and toasted almonds",Sides,,146,,,,,,,,,,,,,,,vegetarian,false,false,,,printed identically at 3 pubs; section: Sides; marks printed: v x3 (of 3 copies)
tomato-rocket-parmesan-salad,"Tomato, rocket, Parmesan salad",Sides,,170,,,,,,,,,,,,,,,,false,false,,,printed identically at 3 pubs; section: Sides; marks printed: gf x5 (of 5 copies)
truffle-macaroni-cheese,Truffle macaroni cheese,Sides,,676,,,,,,,,,,,,,,,vegetarian,false,false,,,printed identically at 5 pubs; section: Sides; marks printed: v x7 (of 7 copies)
truffle-parmesan-fries,Truffle parmesan fries,Sides,,450,,,,,,,,,,,,,,,,false,false,,,printed identically at 60 pubs; section: Sides; marks printed: gf x96 (of 96 copies)
warm-puccia-bread-garlic-butter,"Warm puccia bread, garlic butter",Sides,,449,,,,,,,,,,,,,,,vegetarian,false,false,,,printed identically at 4 pubs; section: Sides; marks printed: v x10 (of 10 copies)
warm-puccia-bread-garlic-butter-mozzarella,"Warm puccia bread, garlic butter, mozzarella",Sides,,533,,,,,,,,,,,,,,,vegetarian,false,false,,,printed identically at 6 pubs; section: Sides; marks printed: v x13 (of 13 copies)
yorkshire-pudding,Yorkshire pudding,Sides,,234,,,,,,,,,,,,,,,vegetarian,false,false,,,printed identically at 23 pubs; section: Sunday Roasts; marks printed: v x23 (of 23 copies)
breakfast-bap-with-hash-brown,Breakfast bap with hash brown,Breakfast,,1142,,,,,,,,,,,,,,,,false,false,,,printed identically at 3 pubs; section: Small plates; marks printed: none (of 3 copies)
eggs-benedict-honey-roast-ham-soft-poached-egg-hollandaise-sauce,"Eggs Benedict, honey roast ham, soft poached egg, hollandaise sauce",Breakfast,,785,,,,,,,,,,,,,,,contains_pork,false,false,,,printed identically at 11 pubs; section: Eggs; marks printed: none (of 11 copies)
eggs-florentine-buttered-spinach-soft-poached-egg-and-hollandaise-sauce,"Eggs Florentine, buttered spinach, soft poached egg and Hollandaise sauce",Breakfast,,741,,,,,,,,,,,,,,,vegetarian,false,false,,,printed identically at 11 pubs; section: Eggs; marks printed: v x11 (of 11 copies)
eggs-on-toast-toasted-bloomer-with-eggs-cooked-to-your-liking,"Eggs on toast, toasted bloomer with eggs cooked to your liking",Breakfast,,559,,,,,,,,,,,,,,,vegetarian,false,false,,,printed identically at 9 pubs; section: Eggs; marks printed: v x9 (of 9 copies)
eggs-royale-smoked-salmon-soft-poached-egg-hollandaise-sauce,"Eggs Royale, smoked salmon, soft poached egg, hollandaise sauce",Breakfast,,797,,,,,,,,,,,,,,,,false,false,,,printed identically at 9 pubs; section: Eggs; marks printed: none (of 9 copies)
full-english-bacon-sausage-black-pudding-mushrooms-tomato-hash-brown-beans-fried-eggs,"Full English, bacon, sausage, black pudding, mushrooms, tomato, hash brown, beans, fried eggs",Breakfast,,1026,,,,,,,,,,,,,,,contains_pork,false,false,,,printed identically at 14 pubs; section: Breakfast; marks printed: gfa x14 (of 14 copies)
grilled-back-bacon-bap,Grilled back bacon bap,Breakfast,,698,,,,,,,,,,,,,,,contains_pork,false,false,,,printed identically at 14 pubs; section: Small plates; marks printed: gfa x14 (of 14 copies)
pecorino-truffle-and-potato-hash-brown-wild-mushrooms-spinach-poached-egg-hollandaise,"Pecorino, truffle and potato hash brown, wild mushrooms, spinach, poached egg, Hollandaise",Breakfast,,770,,,,,,,,,,,,,,,,false,false,,,printed identically at 3 pubs; section: Breakfast; marks printed: gf x3 (of 3 copies)
pork-and-apple-sausage-bap,Pork and apple sausage bap,Breakfast,,890,,,,,,,,,,,,,,,contains_pork,false,false,,,printed identically at 3 pubs; section: Small Plates; marks printed: gfa x3 (of 3 copies)
pork-and-leek-sausage-bap,Pork and leek sausage bap,Breakfast,,679,,,,,,,,,,,,,,,contains_pork,false,false,,,printed identically at 9 pubs; section: Small plates; marks printed: gfa x9 (of 9 copies)
sauteed-wild-mushrooms-spinach-toasted-sourdough-black-garlic-ketchup,"Sautéed wild mushrooms, spinach, toasted sourdough, black garlic ketchup",Breakfast,,317,,,,,,,,,,,,,,,vegetarian,false,false,,,printed identically at 6 pubs; section: Breakfast; marks printed: vg x6 (of 6 copies)
scrambled-eggs-smoked-salmon-toasted-bloomer,"Scrambled eggs, smoked salmon, toasted bloomer",Breakfast,,524,,,,,,,,,,,,,,,,false,false,,,printed identically at 7 pubs; section: Eggs; marks printed: gfa x7 (of 7 copies)
smashed-avocado-poached-eggs-sourdough-pico-de-gallo,"Smashed avocado, poached eggs, sourdough, pico de gallo",Breakfast,,522,,,,,,,,,,,,,,,vegetarian,false,false,,,printed identically at 5 pubs; section: Breakfast; marks printed: v x5 (of 5 copies)
summer-berries-greek-yoghurt-nut-granola,"Summer berries, Greek yoghurt, nut granola",Breakfast,,271,,,,,,,,,,,,,,,vegetarian,false,false,,,"printed identically at 5 pubs; section: Small plates; marks printed: gf x5, v x5 (of 5 copies)"
toast-with-butter-and-jam,Toast with butter and jam,Breakfast,,541,,,,,,,,,,,,,,,vegetarian,false,false,,,"printed identically at 11 pubs; section: Small plates; marks printed: gfa x11, v x11 (of 11 copies)"
toasted-crumpets-butter-and-jam,"Toasted crumpets, butter and jam",Breakfast,,493,,,,,,,,,,,,,,,vegetarian,false,false,,,printed identically at 3 pubs; section: Small plates; marks printed: v x3 (of 3 copies)
warm-buttermilk-pancakes-crisp-bacon-maple-flavoured-syrup-blueberries,"Warm buttermilk pancakes, crisp bacon, maple flavoured syrup, blueberries",Breakfast,,620,,,,,,,,,,,,,,,contains_pork,false,false,,,printed identically at 9 pubs; section: Breakfast; marks printed: none (of 9 copies)
affogato-espresso-vanilla-ice-cream,"Affogato, espresso, vanilla ice cream",Puddings and cheese,,126,,,,,,,,,,,,,,,vegetarian,false,false,,,"printed identically at 11 pubs; section: Puddings; marks printed: gf x22, v x22 (of 22 copies)"
apple-and-cinnamon-pie-vanilla-custard,"Apple and cinnamon pie, vanilla custard",Puddings and cheese,,499,,,,,,,,,,,,,,,vegetarian,false,false,,,"printed identically at 4 pubs; section: Puddings; marks printed: gf x8, v x8 (of 8 copies)"
apple-and-date-crumble-cinnamon-custard,"Apple and date crumble, cinnamon custard",Puddings and cheese,,780,,,,,,,,,,,,,,,vegetarian,false,false,,,"printed identically at 6 pubs; section: Puddings; marks printed: gf x11, v x11 (of 11 copies)"
banana-walnut-and-maple-sponge-pudding-vanilla-custard,"Banana, walnut and maple sponge pudding, vanilla custard",Puddings and cheese,,832,,,,,,,,,,,,,,,vegetarian,false,false,,,"printed identically at 5 pubs; section: Puddings; marks printed: gf x9, v x9 (of 9 copies)"
biscoff-and-salted-dark-chocolate-pot-raspberry-sorbet,"Biscoff and salted dark chocolate pot, raspberry sorbet",Puddings and cheese,,596,,,,,,,,,,,,,,,vegetarian,false,false,,,printed identically at 5 pubs; section: Puddings; marks printed: vg x8 (of 8 copies)
biscoff-cheesecake-raspberry-sorbet,"Biscoff cheesecake, raspberry sorbet",Puddings and cheese,,664,,,,,,,,,,,,,,,vegetarian,false,false,,,printed identically at 20 pubs; section: Puddings; marks printed: vg x44 (of 44 copies)
black-forest-arctic-slice-boozy-cherries,"Black Forest Arctic slice, boozy cherries",Puddings and cheese,,467,,,,,,,,,,,,,,,vegetarian,false,false,,,printed identically at 5 pubs; section: Puddings; marks printed: v x8 (of 8 copies)
black-forest-arctic-slice-chocolate-sauce-boozy-cherries,"Black Forest Arctic slice, chocolate sauce, boozy cherries",Puddings and cheese,,479,,,,,,,,,,,,,,,vegetarian,false,false,,,printed identically at 3 pubs; section: Puddings; marks printed: v x5 (of 5 copies)
blackberry-and-apple-crumble-vanilla-custard,"Blackberry and apple crumble, vanilla custard",Puddings and cheese,,725,,,,,,,,,,,,,,,vegetarian,false,false,,,"printed identically at 4 pubs; section: Puddings; marks printed: gf x9, v x9 (of 9 copies)"
blackberry-and-sticky-apple-sponge-vanilla-custard,"Blackberry and sticky apple sponge, vanilla custard",Puddings and cheese,,569,,,,,,,,,,,,,,,vegetarian,false,false,,,printed identically at 11 pubs; section: Puddings; marks printed: v x23 (of 23 copies)
blackberry-panna-cotta-bramley-apple-sorbet,"Blackberry panna cotta, bramley apple sorbet",Puddings and cheese,,250,,,,,,,,,,,,,,,vegetarian,false,false,,,"printed identically at 3 pubs; section: Puddings; marks printed: gf x7, vg x7 (of 7 copies)"
bread-and-butter-pudding-apricot-sauce-clotted-cream,"Bread and butter pudding, apricot sauce clotted cream",Puddings and cheese,,845,,,,,,,,,,,,,,,vegetarian,false,false,,,printed identically at 18 pubs; section: Puddings; marks printed: v x40 (of 40 copies)
brie-plaisir-de-roy,Brie Plaisir De Roy,Puddings and cheese,,104,,,,,,,,,,,,,,,vegetarian,false,false,,,"printed identically at 4 pubs; section: Puddings & Cheese; marks printed: gf x8, v x8 (of 8 copies)"
caramel-and-chocolate-chip-cheesecake-chocolate-sauce,"Caramel and chocolate chip cheesecake, chocolate sauce",Puddings and cheese,,745,,,,,,,,,,,,,,,,false,false,,,printed identically at 3 pubs; section: Puddings; marks printed: none (of 7 copies)
cheese-biscuits-quince-carrot-and-apricot-chutney-grapes-and-celery-select-from-below,"Cheese, biscuits, quince, carrot and apricot chutney, grapes and celery, select from below",Puddings and cheese,,476,,,,,,,,,,,,,,,vegetarian,false,false,,,printed identically at 45 pubs; section: Puddings and Cheese; marks printed: v x98 (of 98 copies)
cheeseboard-biscuits-quince-fig-chutney-grapes-and-celery-select-from-below,"Cheeseboard; biscuits, quince, fig chutney, grapes and celery, select from below",Puddings and cheese,,516,,,,,,,,,,,,,,,vegetarian,false,false,,,printed identically at 3 pubs; section: Puddings and Cheese; marks printed: v x7 (of 7 copies)
cheeseboard-biscuits-quince-onion-chutney-grapes-and-celery-select-from-below,"Cheeseboard; biscuits, quince, onion chutney, grapes and celery, select from below",Puddings and cheese,,476,,,,,,,,,,,,,,,vegetarian,false,false,,,printed identically at 3 pubs; section: Puddings; marks printed: v x6 (of 6 copies)
cherry-and-almond-bakewell-tart-kirsch-cherries-vanilla-ice-cream,"Cherry and almond Bakewell tart, kirsch cherries, vanilla ice cream",Puddings and cheese,,725,,,,,,,,,,,,,,,vegetarian,false,false,,,"printed identically at 3 pubs; section: Puddings; marks printed: gf x5, v x5 (of 5 copies)"
cherry-and-almond-sponge-pudding-vanilla-custard,"Cherry and almond sponge pudding, vanilla custard",Puddings and cheese,,666,,,,,,,,,,,,,,,vegetarian,false,false,,,printed identically at 4 pubs; section: Puddings; marks printed: v x6 (of 6 copies)
chocolate-and-cherry-tart-boozy-cherries-cherry-sorbet,"Chocolate and cherry tart, boozy cherries, cherry sorbet",Puddings and cheese,,456,,,,,,,,,,,,,,,vegetarian,false,false,,,printed identically at 13 pubs; section: Puddings; marks printed: vg x30 (of 30 copies)
churros-cinnamon-sugar-hot-chocolate-sauce,"Churros, cinnamon sugar, hot chocolate sauce",Puddings and cheese,,441,,,,,,,,,,,,,,,vegetarian,false,false,,,printed identically at 12 pubs; section: Puddings; marks printed: v x25 (of 25 copies)
cinnamon-churros-toffee-apples-vanilla-ice-cream,"Cinnamon churros, toffee apples, vanilla ice cream",Puddings and cheese,,459,,,,,,,,,,,,,,,vegetarian,false,false,,,printed identically at 5 pubs; section: Puddings and Cheese; marks printed: v x13 (of 13 copies)
coconut-panna-cotta-pineapple-passion-fruit-chilli-and-mint-low-sugar,"Coconut panna cotta, pineapple, passion fruit, chilli and mint (low sugar)",Puddings and cheese,,161,,,,,,,,,,,,,,,vegetarian,false,false,,,"printed identically at 5 pubs; section: Puddings; marks printed: gf x10, vg x10 (of 10 copies)"
cornish-yarg-wild-garlic,Cornish Yarg Wild Garlic,Puddings and cheese,,94,,,,,,,,,,,,,,,vegetarian,false,false,,,"printed identically at 6 pubs; section: Our Cheeses; marks printed: gf x14, v x14 (of 14 copies)"
creme-brulee-glazed-baked-vanilla-custard-berries-low-sugar,"Crème Brûlée, glazed baked vanilla custard, berries (low sugar)",Puddings and cheese,,361,,,,,,,,,,,,,,,vegetarian,false,false,,,"printed identically at 4 pubs; section: Puddings and Cheese; marks printed: gf x7, v x7 (of 7 copies)"
creme-brulee-shortbread,"Crème brûlée, shortbread",Puddings and cheese,,869,,,,,,,,,,,,,,,vegetarian,false,false,,,"printed identically at 10 pubs; section: Puddings; marks printed: gf x21, v x21 (of 21 copies)"
dark-chocolate-salted-caramel-tart-caramelised-bananas,"Dark chocolate salted caramel tart, caramelised bananas",Puddings and cheese,,383,,,,,,,,,,,,,,,vegetarian,false,false,,,printed identically at 3 pubs; section: Puddings; marks printed: vg x9 (of 9 copies)
fourme-d-ambert,Fourme d Ambert,Puddings and cheese,,87,,,,,,,,,,,,,,,,false,false,,,printed identically at 11 pubs; section: Puddings and Cheese; marks printed: gf x22 (of 22 copies)
fresh-cream-filled-profiteroles-dark-chocolate-sauce-low-sugar,"Fresh cream filled profiteroles, dark chocolate sauce (low sugar)",Puddings and cheese,,385,,,,,,,,,,,,,,,vegetarian,false,false,,,printed identically at 7 pubs; section: Puddings; marks printed: v x15 (of 15 copies)
golden-cross,Golden Cross,Puddings and cheese,,77,,,,,,,,,,,,,,,vegetarian,false,false,,,"printed identically at 6 pubs; section: Puddings; marks printed: gf x14, v x14 (of 14 copies)"
hot-waffle-caramelised-banana-toffee-sauce-banoffee-ice-cream,"Hot waffle, caramelised banana, toffee sauce, banoffee ice cream",Puddings and cheese,,850,,,,,,,,,,,,,,,vegetarian,false,false,,,printed identically at 4 pubs; section: Puddings and Cheese; marks printed: v x9 (of 9 copies)
hot-waffle-caramelised-banana-toffee-sauce-honeycomb-ice-cream,"Hot waffle, caramelised banana, toffee sauce, honeycomb ice cream",Puddings and cheese,,849,,,,,,,,,,,,,,,vegetarian,false,false,,,printed identically at 21 pubs; section: Puddings; marks printed: v x43 (of 43 copies)
hot-waffle-caramelised-banana-toffee-sauce-vanilla-ice-cream,"Hot waffle, caramelised banana, toffee sauce, vanilla ice cream",Puddings and cheese,,894,,,,,,,,,,,,,,,vegetarian,false,false,,,printed identically at 6 pubs; section: Puddings; marks printed: v x11 (of 11 copies)
kentish-blue,Kentish blue,Puddings and cheese,,100,,,,,,,,,,,,,,,vegetarian,false,false,,,"printed identically at 4 pubs; section: Puddings; marks printed: gf x8, v x8 (of 8 copies)"
lemon-and-lime-posset-seasonal-berries-oat-granola-low-sugar,"Lemon and lime posset, seasonal berries, oat granola (low sugar)",Puddings and cheese,,299,,,,,,,,,,,,,,,vegetarian,false,false,,,"printed identically at 4 pubs; section: Puddings; marks printed: gf x7, v x7 (of 7 copies)"
lemon-and-lime-posset-summer-berries-oat-granola-low-sugar,"Lemon and lime posset, summer berries, oat granola (low sugar)",Puddings and cheese,,299,,,,,,,,,,,,,,,vegetarian,false,false,,,"printed identically at 4 pubs; section: Puddings; marks printed: gf x5, v x5 (of 5 copies)"
lemon-drizzle-sponge-pudding-vanilla-custard,"Lemon drizzle sponge pudding, vanilla custard",Puddings and cheese,,572,,,,,,,,,,,,,,,vegetarian,false,false,,,printed identically at 4 pubs; section: Puddings; marks printed: v x9 (of 9 copies)
marmalade-and-white-chocolate-cheesecake-chocolate-ice-cream,"Marmalade and white chocolate cheesecake, chocolate ice cream",Puddings and cheese,,770,,,,,,,,,,,,,,,,false,false,,,printed identically at 3 pubs; section: Puddings; marks printed: none (of 7 copies)
pear-blackberry-and-hazelnut-crumble-honey-custard,"Pear, blackberry and hazelnut crumble, honey custard",Puddings and cheese,,844,,,,,,,,,,,,,,,vegetarian,false,false,,,"printed identically at 4 pubs; section: Puddings; marks printed: gf x6, v x6 (of 6 copies)"
pear-ginger-and-honey-sponge-pudding-vanilla-custard,"Pear, ginger and honey sponge pudding, vanilla custard",Puddings and cheese,,613,,,,,,,,,,,,,,,vegetarian,false,false,,,"printed identically at 3 pubs; section: Puddings and Cheese; marks printed: gf x7, v x7 (of 7 copies)"
perl-las,Perl Las,Puddings and cheese,,168,,,,,,,,,,,,,,,vegetarian,false,false,,,"printed identically at 6 pubs; section: Puddings and Cheese; marks printed: gf x13, v x13 (of 13 copies)"
perl-wen,Perl Wen,Puddings and cheese,,84,,,,,,,,,,,,,,,vegetarian,false,false,,,"printed identically at 7 pubs; section: Puddings and Cheese; marks printed: gf x15, v x15 (of 15 copies)"
plum-fool-with-candied-orange-and-toasted-granola,Plum fool with candied orange and toasted granola,Puddings and cheese,,360,,,,,,,,,,,,,,,vegetarian,false,false,,,"printed identically at 7 pubs; section: Puddings and Cheese; marks printed: gf x15, vg x15 (of 15 copies)"
raspberry-jam-sponge-pudding-vanilla-custard,"Raspberry jam sponge pudding, vanilla custard",Puddings and cheese,,544,,,,,,,,,,,,,,,vegetarian,false,false,,,printed identically at 3 pubs; section: Puddings; marks printed: v x6 (of 6 copies)
raspberry-ripple-arctic-slice-raspberry-sauce,"Raspberry ripple Arctic slice, raspberry sauce",Puddings and cheese,,378,,,,,,,,,,,,,,,vegetarian,false,false,,,printed identically at 8 pubs; section: Puddings; marks printed: v x16 (of 16 copies)
red-leicester-sparkenhoe,Red Leicester sparkenhoe,Puddings and cheese,,103,,,,,,,,,,,,,,,,false,false,,,printed identically at 5 pubs; section: Puddings; marks printed: gf x12 (of 12 copies)
rich-dark-chocolate-torte-cherry-sorbet,"Rich dark chocolate torte, cherry sorbet",Puddings and cheese,,642,,,,,,,,,,,,,,,vegetarian,false,false,,,"printed identically at 4 pubs; section: Puddings; marks printed: gf x7, v x7 (of 7 copies)"
rum-poached-pear-spiced-syrup-lime-sorbet,"Rum poached pear, spiced syrup, lime sorbet",Puddings and cheese,,261,,,,,,,,,,,,,,,vegetarian,false,false,,,"printed identically at 4 pubs; section: Puddings; marks printed: gf x6, vg x6 (of 6 copies)"
shropshire-blue,Shropshire Blue,Puddings and cheese,,123,,,,,,,,,,,,,,,vegetarian,false,false,,,"printed identically at 6 pubs; section: Cheeseboard; marks printed: gf x12, v x12 (of 12 copies)"
snowdonia-black-bomber,Snowdonia Black Bomber,Puddings and cheese,,124,,,,,,,,,,,,,,,vegetarian,false,false,,,"printed identically at 15 pubs; section: Puddings and Cheese; marks printed: gf x32, v x32 (of 32 copies)"
snowdonia-bouncing-berries,Snowdonia Bouncing berries,Puddings and cheese,,99,,,,,,,,,,,,,,,vegetarian,false,false,,,"printed identically at 3 pubs; section: Puddings and Cheese; marks printed: gf x4, v x4 (of 4 copies)"
snowdonia-green-thunder,Snowdonia Green Thunder,Puddings and cheese,,101,,,,,,,,,,,,,,,vegetarian,false,false,,,"printed identically at 6 pubs; section: Puddings and Cheese; marks printed: gf x15, v x15 (of 15 copies)"
snowdonia-red-devil,Snowdonia Red Devil,Puddings and cheese,,102,,,,,,,,,,,,,,,vegetarian,false,false,,,"printed identically at 3 pubs; section: Puddings and Cheese; marks printed: gf x6, v x6 (of 6 copies)"
snowdonia-smoked-cheddar,Snowdonia Smoked Cheddar,Puddings and cheese,,107,,,,,,,,,,,,,,,vegetarian,false,false,,,"printed identically at 6 pubs; section: Puddings and Cheese; marks printed: gf x11, v x11 (of 11 copies)"
spiced-apple-plum-and-port-crumble-tart-apple-sorbet-red-wine-syrup,"Spiced apple, plum and port crumble tart, apple sorbet, red wine syrup",Puddings and cheese,,563,,,,,,,,,,,,,,,vegetarian,false,false,,,"printed identically at 7 pubs; section: Puddings; marks printed: gf x14, vg x14 (of 14 copies)"
spiced-apple-plum-and-port-crumble-tart-bramley-apple-sorbet-mulled-wine-syrup,"Spiced apple, plum and port crumble tart, Bramley apple sorbet, mulled wine syrup",Puddings and cheese,,572,,,,,,,,,,,,,,,vegetarian,false,false,,,"printed identically at 5 pubs; section: Puddings; marks printed: gf x10, vg x10 (of 10 copies)"
sticky-toffee-pudding-toffee-sauce-vanilla-ice-cream,"Sticky toffee pudding, toffee sauce, vanilla ice cream",Puddings and cheese,,662,,,,,,,,,,,,,,,vegetarian,false,false,,,"printed identically at 76 pubs; section: Puddings; marks printed: gf x172, v x172 (of 172 copies)"
tiramisu-mascarpone-chocolate-sponge-coffee-tia-maria-low-sugar,"Tiramisu, mascarpone, chocolate sponge, coffee, Tia Maria (low sugar)",Puddings and cheese,,503,,,,,,,,,,,,,,,vegetarian,false,false,,,printed identically at 3 pubs; section: Puddings; marks printed: v x7 (of 7 copies)
toasted-waffle-black-cherries-oreo-ice-cream-chocolate-sauce,"Toasted waffle, black cherries, oreo ice cream, chocolate sauce",Puddings and cheese,,925,,,,,,,,,,,,,,,vegetarian,false,false,,,printed identically at 4 pubs; section: Puddings; marks printed: v x12 (of 12 copies)
toasted-waffle-warm-forest-berries-white-chocolate-oreo-ice-cream-chocolate-sauce,"Toasted waffle, warm forest berries, white chocolate Oreo ice cream, chocolate sauce",Puddings and cheese,,799,,,,,,,,,,,,,,,vegetarian,false,false,,,printed identically at 7 pubs; section: Puddings; marks printed: v x17 (of 17 copies)
toffee-apple-trifle-cinnamon-custard,"Toffee apple trifle, cinnamon custard",Puddings and cheese,,276,,,,,,,,,,,,,,,vegetarian,false,false,,,"printed identically at 4 pubs; section: Puddings; marks printed: gf x9, vg x9 (of 9 copies)"
treacle-sponge-pudding-vanilla-custard,"Treacle sponge pudding, vanilla custard",Puddings and cheese,,529,,,,,,,,,,,,,,,vegetarian,false,false,,,printed identically at 3 pubs; section: Puddings; marks printed: v x5 (of 5 copies)
triple-chocolate-brownie-chocolate-sauce-vanilla-ice-cream,"Triple chocolate brownie, chocolate sauce, vanilla ice cream",Puddings and cheese,,884,,,,,,,,,,,,,,,vegetarian,false,false,,,"printed identically at 76 pubs; section: Puddings; marks printed: gf x173, v x173 (of 173 copies)"
trufflyn-goats-cheese,Trufflyn goats cheese,Puddings and cheese,,64,,,,,,,,,,,,,,,vegetarian,false,false,,,"printed identically at 3 pubs; section: Puddings and Cheese; marks printed: gf x6, v x6 (of 6 copies)"
tunworth,Tunworth,Puddings and cheese,,94,,,,,,,,,,,,,,,,false,false,,,printed identically at 10 pubs; section: Cheeseboard; marks printed: gf x20 (of 20 copies)
warm-dark-chocolate-fondant-chocolate-sauce-salted-caramel-ice-cream,"Warm dark chocolate fondant, chocolate sauce, salted caramel ice cream",Puddings and cheese,,766,,,,,,,,,,,,,,,vegetarian,false,false,,,"printed identically at 8 pubs; section: Puddings; marks printed: gf x18, v x18 (of 18 copies)"
waterloo-soft-rich-and-buttery,"Waterloo (Soft, rich and buttery)",Puddings and cheese,,169,,,,,,,,,,,,,,,vegetarian,false,false,,,"printed identically at 3 pubs; section: Puddings & Cheese; marks printed: gf x6, v x6 (of 6 copies)"
wookey-hole-cave-aged-cheddar,Wookey hole cave-aged cheddar,Puddings and cheese,,125,,,,,,,,,,,,,,,vegetarian,false,false,,,"printed identically at 12 pubs; section: Puddings and Cheese; marks printed: gf x23, v x23 (of 23 copies)"
cheese-apricot-wensleydale,Cheese: Apricot Wensleydale,Cheese,,90,,,,,,,,,,,,,,,vegetarian,false,false,,,"printed identically at 3 pubs; section: Puddings; marks printed: gf x7, v x7 (of 7 copies)"
cheese-ashlynn-goats-cheese,Cheese: Ashlynn Goats Cheese,Cheese,,90,,,,,,,,,,,,,,,vegetarian,false,false,,,"printed identically at 19 pubs; section: Cheeseboard; marks printed: gf x38, v x38 (of 38 copies)"
cheese-blacksticks-blue,Cheese: Blacksticks Blue,Cheese,,98,,,,,,,,,,,,,,,vegetarian,false,false,,,"printed identically at 18 pubs; section: Cheeseboard; marks printed: gf x38, v x38 (of 38 copies)"
cheese-burland-bloom-brie,Cheese: Burland Bloom Brie,Cheese,,81,,,,,,,,,,,,,,,vegetarian,false,false,,,"printed identically at 4 pubs; section: Cheeseboard; marks printed: gf x7, v x7 (of 7 copies)"
cheese-butlers-secret-cheddar,Cheese: Butlers Secret Cheddar,Cheese,,125,,,,,,,,,,,,,,,vegetarian,false,false,,,"printed identically at 11 pubs; section: Cheeseboard; marks printed: gf x21, v x21 (of 21 copies)"
cheese-cashel-blue,Cheese: Cashel Blue,Cheese,,87,,,,,,,,,,,,,,,vegetarian,false,false,,,"printed identically at 4 pubs; section: Cheeseboard; marks printed: gf x7, v x7 (of 7 copies)"
cheese-cotswold-brie,Cheese: Cotswold Brie,Cheese,,77,,,,,,,,,,,,,,,,false,false,,,printed identically at 4 pubs; section: Cheeseboard; marks printed: gf x5 (of 5 copies)
cheese-cotswold-smoked-brie,Cheese: Cotswold Smoked Brie,Cheese,,77,,,,,,,,,,,,,,,vegetarian,false,false,,,"printed identically at 7 pubs; section: Our Cheeses; marks printed: gf x12, v x12 (of 12 copies)"
cheese-cropwell-bishop-stilton,Cheese: Cropwell Bishop Stilton,Cheese,,205,,,,,,,,,,,,,,,vegetarian,false,false,,,"printed identically at 4 pubs; section: Cheese; marks printed: gf x6, v x6 (of 6 copies)"
cheese-croxton-manor-stilton,Cheese: Croxton Manor Stilton,Cheese,,103,,,,,,,,,,,,,,,vegetarian,false,false,,,"printed identically at 7 pubs; section: Puddings and Cheese; marks printed: gf x14, v x14 (of 14 copies)"
cheese-isle-of-mull-cheddar,Cheese: Isle of Mull Cheddar,Cheese,,118,,,,,,,,,,,,,,,,false,false,,,printed identically at 3 pubs; section: Our Cheeses; marks printed: gf x6 (of 6 copies)
cheese-lincolnshire-poacher,Cheese: Lincolnshire Poacher,Cheese,,112,,,,,,,,,,,,,,,,false,false,,,printed identically at 3 pubs; section: Cheese; marks printed: gf x5 (of 5 copies)
cheese-oxford-blue,Cheese: Oxford Blue,Cheese,,102,,,,,,,,,,,,,,,vegetarian,false,false,,,"printed identically at 10 pubs; section: Cheeseboard; marks printed: gf x18, v x18 (of 18 copies)"
cheese-pont-leveque,Cheese: Pont-l'Évêque,Cheese,,73,,,,,,,,,,,,,,,,false,false,,,printed identically at 13 pubs; section: Puddings and Cheese; marks printed: gf x20 (of 20 copies)
cheese-quickes-cheddar,Cheese: Quickes Cheddar,Cheese,,212,,,,,,,,,,,,,,,,false,false,,,printed identically at 4 pubs; section: Cheeseboard; marks printed: gf x6 (of 6 copies)
cheese-ravens-oak-brie,Cheese: Ravens Oak Brie,Cheese,,94,,,,,,,,,,,,,,,vegetarian,false,false,,,"printed identically at 4 pubs; section: Cheeseboard; marks printed: gf x9, v x9 (of 9 copies)"
cheese-rosary-goats-cheese,Cheese: Rosary goats' cheese,Cheese,,79,,,,,,,,,,,,,,,vegetarian,false,false,,,"printed identically at 18 pubs; section: Cheeseboard; marks printed: gf x35, v x35 (of 35 copies)"
cheese-smoked-applewood-cheese,Cheese: Smoked applewood Cheese,Cheese,,103,,,,,,,,,,,,,,,vegetarian,false,false,,,"printed identically at 5 pubs; section: Cheeseboard; marks printed: gf x10, v x10 (of 10 copies)"
cheese-west-country-brie,Cheese: West Country Brie,Cheese,,87,,,,,,,,,,,,,,,vegetarian,false,false,,,"printed identically at 15 pubs; section: Cheeseboard; marks printed: gf x28, v x28 (of 28 copies)"
ice-cream-and-sorbet-baileys,Ice cream and sorbet: Baileys,Ice cream and sorbet,,130,,,,,,,,,,,,,,,vegetarian,false,false,,,"printed identically at 3 pubs; section: Ice Cream & Sorbet; marks printed: gf x5, v x5 (of 5 copies)"
ice-cream-and-sorbet-banoffee,Ice cream and sorbet: Banoffee,Ice cream and sorbet,,134,,,,,,,,,,,,,,,vegetarian,false,false,,,printed identically at 15 pubs; section: Cheshire Farm Ice Cream and Sorbets; marks printed: v x30 (of 30 copies)
ice-cream-and-sorbet-blackcurrant-sorbet,Ice cream and sorbet: Blackcurrant Sorbet,Ice cream and sorbet,,68,,,,,,,,,,,,,,,vegetarian,false,false,,,"printed identically at 35 pubs; section: Cheshire Farm Ice Cream and Sorbet; marks printed: gf x85, vg x85 (of 85 copies)"
ice-cream-and-sorbet-blood-orange-sorbet,Ice cream and sorbet: Blood orange Sorbet,Ice cream and sorbet,,79,,,,,,,,,,,,,,,vegetarian,false,false,,,"printed identically at 13 pubs; section: Cheshire Farm Ice Cream and Sorbet; marks printed: gf x23, vg x23 (of 23 copies)"
ice-cream-and-sorbet-bramley-apple-sorbet,Ice cream and sorbet: Bramley Apple Sorbet,Ice cream and sorbet,,65,,,,,,,,,,,,,,,vegetarian,false,false,,,"printed identically at 41 pubs; section: Cheshire Farm Ice Cream and Sorbet; marks printed: gf x102, vg x102 (of 102 copies)"
ice-cream-and-sorbet-cherry,Ice cream and sorbet: Cherry,Ice cream and sorbet,,131,,,,,,,,,,,,,,,vegetarian,false,false,,,"printed identically at 6 pubs; section: Cheshire Farm Ice Cream and Sorbet; marks printed: gf x10, v x10 (of 10 copies)"
ice-cream-and-sorbet-cherry-sorbet,Ice cream and sorbet: Cherry Sorbet,Ice cream and sorbet,,83,,,,,,,,,,,,,,,vegetarian,false,false,,,"printed identically at 28 pubs; section: Cheshire Farm Ice Cream and Sorbets; marks printed: gf x53, vg x53 (of 53 copies)"
ice-cream-and-sorbet-chocolate,Ice cream and sorbet: Chocolate,Ice cream and sorbet,,127,,,,,,,,,,,,,,,vegetarian,false,false,,,"printed identically at 72 pubs; section: Cheshire Farm Ice Cream and Sorbet; marks printed: gf x225, v x225 (of 225 copies)"
ice-cream-and-sorbet-clotted-cream,Ice cream and sorbet: Clotted Cream,Ice cream and sorbet,,148,,,,,,,,,,,,,,,vegetarian,false,false,,,"printed identically at 3 pubs; section: Cheshire Farm Ice Cream and Sorbet; marks printed: gf x5, v x5 (of 5 copies)"
ice-cream-and-sorbet-coconut,Ice cream and sorbet: Coconut,Ice cream and sorbet,,131,,,,,,,,,,,,,,,vegetarian,false,false,,,"printed identically at 15 pubs; section: Cheshire Farm Ice Cream and Sorbet; marks printed: gf x28, v x28 (of 28 copies)"
ice-cream-and-sorbet-coconut-sorbet,Ice cream and sorbet: Coconut Sorbet,Ice cream and sorbet,,75,,,,,,,,,,,,,,,vegetarian,false,false,,,"printed identically at 5 pubs; section: Cheshire Farm Ice Cream and Sorbet; marks printed: gf x9, vg x9 (of 9 copies)"
ice-cream-and-sorbet-gin-and-tonic-sorbet,Ice cream and sorbet: Gin and Tonic Sorbet,Ice cream and sorbet,,73,,,,,,,,,,,,,,,vegetarian,false,false,,,"printed identically at 6 pubs; section: Cheshire Farm Ice Cream and Sorbets; marks printed: gf x9, vg x9 (of 9 copies)"
ice-cream-and-sorbet-honeycomb,Ice cream and sorbet: Honeycomb,Ice cream and sorbet,,137,,,,,,,,,,,,,,,vegetarian,false,false,,,"printed identically at 69 pubs; section: Cheshire Farm Ice Cream and Sorbet; marks printed: gf x198, v x198 (of 198 copies)"
ice-cream-and-sorbet-lemon-sorbet,Ice cream and sorbet: Lemon Sorbet,Ice cream and sorbet,,74,,,,,,,,,,,,,,,vegetarian,false,false,,,"printed identically at 60 pubs; section: Cheshire Farm Ice Cream and Sorbet; marks printed: gf x164, vg x164 (of 164 copies)"
ice-cream-and-sorbet-lime-sorbet,Ice cream and sorbet: Lime Sorbet,Ice cream and sorbet,,69,,,,,,,,,,,,,,,vegetarian,false,false,,,"printed identically at 6 pubs; section: Cheshire Farm Ice Creams and Sorbets; marks printed: gf x10, vg x10 (of 10 copies)"
ice-cream-and-sorbet-mango-sorbet,Ice cream and sorbet: Mango Sorbet,Ice cream and sorbet,,62,,,,,,,,,,,,,,,vegetarian,false,false,,,"printed identically at 30 pubs; section: Cheshire Farm Ice Cream and Sorbet; marks printed: gf x72, vg x72 (of 72 copies)"
ice-cream-and-sorbet-marmalade,Ice cream and sorbet: Marmalade,Ice cream and sorbet,,128,,,,,,,,,,,,,,,vegetarian,false,false,,,printed identically at 9 pubs; section: Cheshire Farm Ice Cream and Sorbet; marks printed: v x15 (of 15 copies)
ice-cream-and-sorbet-mint-chocolate-chip,Ice cream and sorbet: Mint Chocolate Chip,Ice cream and sorbet,,138,,,,,,,,,,,,,,,vegetarian,false,false,,,"printed identically at 26 pubs; section: Cheshire Farm Ice Cream and Sorbet; marks printed: gf x56, v x56 (of 56 copies)"
ice-cream-and-sorbet-orange-sorbet,Ice cream and sorbet: Orange Sorbet,Ice cream and sorbet,,86,,,,,,,,,,,,,,,vegetarian,false,false,,,"printed identically at 16 pubs; section: Cheshire Farm Ice Cream and Sorbets; marks printed: gf x29, vg x29 (of 29 copies)"
ice-cream-and-sorbet-passion-fruit-sorbet,Ice cream and sorbet: Passion Fruit Sorbet,Ice cream and sorbet,,71,,,,,,,,,,,,,,,vegetarian,false,false,,,"printed identically at 20 pubs; section: Cheshire Farm Ice Cream and Sorbets; marks printed: gf x43, vg x43 (of 43 copies)"
ice-cream-and-sorbet-pistachio,Ice cream and sorbet: Pistachio,Ice cream and sorbet,,140,,,,,,,,,,,,,,,vegetarian,false,false,,,"printed identically at 6 pubs; section: Cheshire Farm Ice Cream; marks printed: gf x9, v x9 (of 9 copies)"
ice-cream-and-sorbet-rainbow,Ice cream and sorbet: Rainbow,Ice cream and sorbet,,137,,,,,,,,,,,,,,,,false,false,,,printed identically at 4 pubs; section: Cheshire Farm Ice Cream; marks printed: gf x10 (of 10 copies)
ice-cream-and-sorbet-raspberry-ripple,Ice cream and sorbet: Raspberry Ripple,Ice cream and sorbet,,128,,,,,,,,,,,,,,,vegetarian,false,false,,,"printed identically at 34 pubs; section: Cheshire Farm Ice Cream and Sorbet; marks printed: gf x88, v x88 (of 88 copies)"
ice-cream-and-sorbet-raspberry-sorbet,Ice cream and sorbet: Raspberry Sorbet,Ice cream and sorbet,,68,,,,,,,,,,,,,,,vegetarian,false,false,,,"printed identically at 69 pubs; section: Cheshire Farm Ice Cream and Sorbet; marks printed: gf x188, vg x188 (of 188 copies)"
ice-cream-and-sorbet-rum-and-raisin,Ice cream and sorbet: Rum and Raisin,Ice cream and sorbet,,128,,,,,,,,,,,,,,,vegetarian,false,false,,,"printed identically at 8 pubs; section: Cheshire Farm Ice Cream and Sorbet; marks printed: gf x15, v x15 (of 15 copies)"
ice-cream-and-sorbet-salted-caramel,Ice cream and sorbet: Salted Caramel,Ice cream and sorbet,,133,,,,,,,,,,,,,,,vegetarian,false,false,,,"printed identically at 41 pubs; section: Cheshire Farm Ice Cream and Sorbet; marks printed: gf x91, v x91 (of 91 copies)"
ice-cream-and-sorbet-strawberry,Ice cream and sorbet: Strawberry,Ice cream and sorbet,,124,,,,,,,,,,,,,,,vegetarian,false,false,,,"printed identically at 69 pubs; section: Cheshire Farm Ice Cream and Sorbet; marks printed: gf x212, v x212 (of 212 copies)"
ice-cream-and-sorbet-strawberry-sorbet,Ice cream and sorbet: Strawberry Sorbet,Ice cream and sorbet,,65,,,,,,,,,,,,,,,vegetarian,false,false,,,"printed identically at 29 pubs; section: Cheshire Farm Ice Cream and Sorbet; marks printed: gf x57, vg x57 (of 57 copies)"
ice-cream-and-sorbet-toffee-fudge,Ice cream and sorbet: Toffee Fudge,Ice cream and sorbet,,137,,,,,,,,,,,,,,,vegetarian,false,false,,,"printed identically at 4 pubs; section: Cheshire Farm Ice Cream; marks printed: gf x12, v x12 (of 12 copies)"
ice-cream-and-sorbet-white-chocolate-raspberry-and-cookie,"Ice cream and sorbet: White chocolate, raspberry and cookie",Ice cream and sorbet,,148,,,,,,,,,,,,,,,vegetarian,false,false,,,printed identically at 4 pubs; section: Cheshire Farm Ice Cream and Sorbet; marks printed: v x9 (of 9 copies)
americano,Americano,Hot drinks,,0,,,,,,,,,,,,,,,vegetarian,false,false,,,"printed identically at 74 pubs; section: Hot Drinks; marks printed: gf x154, vg x154 (of 154 copies)"
cafetiere-of-coffee,Cafetière of coffee,Hot drinks,,53,,,,,,,,,,,,,,,vegetarian,false,false,,,"printed identically at 34 pubs; section: Hot Drinks; marks printed: gf x71, v x71 (of 71 copies)"
espresso,Espresso,Hot drinks,,0,,,,,,,,,,,,,,,vegetarian,false,false,,,"printed identically at 66 pubs; section: Hot Drinks; marks printed: gf x129, vg x129 (of 129 copies)"
hot-chocolate-and-baileys,Hot chocolate and Baileys,Hot drinks,,381,,,,,,,,,,,,,,,vegetarian,false,false,,,"printed identically at 3 pubs; section: Hot Drinks; marks printed: gf x4, v x4 (of 4 copies)"
hot-chocolate-whipped-cream-marshmallows,"Hot chocolate, whipped cream, marshmallows",Hot drinks,,471,,,,,,,,,,,,,,,,false,false,,,printed identically at 7 pubs; section: Desserts; marks printed: gf x10 (of 10 copies)
iced-latte,Iced Latte,Hot drinks,,88,,,,,,,,,,,,,,,vegetarian,false,false,,,"printed identically at 3 pubs; section: Hot Drinks; marks printed: gf x3, v x3 (of 3 copies)"
irish-coffee,Irish coffee,Hot drinks,,190,,,,,,,,,,,,,,,vegetarian,false,false,,,"printed identically at 40 pubs; section: Hot Drinks; marks printed: gf x69, v x69 (of 69 copies)"
latte,Latte,Hot drinks,,122,,,,,,,,,,,,,,,vegetarian,false,false,,,"printed identically at 74 pubs; section: Hot Drinks; marks printed: gf x157, v x157 (of 157 copies)"
selection-of-tea,Selection of tea,Hot drinks,,24,,,,,,,,,,,,,,,vegetarian,false,false,,,"printed identically at 73 pubs; section: Hot Drinks; marks printed: gf x152, v x152 (of 152 copies)"
add-curry-sauce,Add curry sauce,Add-ons and extras,,190,,,,,,,,,,,,,,,vegetarian,false,false,,,"printed identically at 9 pubs; section: Mains; marks printed: gf x12, vg x12 (of 12 copies)"
add-on-bbq-pulled-brisket,Add on BBQ pulled brisket,Add-ons and extras,,105,,,,,,,,,,,,,,,contains_beef,false,false,,,printed identically at 16 pubs; section: Mains; marks printed: none (of 27 copies)
add-pulled-bbq-beef,Add pulled BBQ beef,Add-ons and extras,,91,,,,,,,,,,,,,,,contains_beef,false,false,,,printed identically at 9 pubs; section: Mains; marks printed: none (of 14 copies)
bacon,Bacon,Add-ons and extras,,108,,,,,,,,,,,,,,,contains_pork,false,false,,,printed identically at 7 pubs; section: Extras; marks printed: gf x7 (of 7 copies)
black-pudding,Black pudding,Add-ons and extras,,69,,,,,,,,,,,,,,,,false,false,,,printed identically at 4 pubs; section: Add ons...; marks printed: gf x4 (of 4 copies)
change-to-truffle-and-parmesan-fries,Change to Truffle and Parmesan fries,Add-ons and extras,,500,,,,,,,,,,,,,,,,false,false,,,printed identically at 6 pubs; section: Mains; marks printed: gf x9 (of 9 copies)
fried-egg,Fried egg,Add-ons and extras,,110,,,,,,,,,,,,,,,vegetarian,false,false,,,"printed identically at 7 pubs; section: Extras; marks printed: gf x7, v x7 (of 7 copies)"
hash-browns,Hash browns,Add-ons and extras,,301,,,,,,,,,,,,,,,vegetarian,false,false,,,"printed identically at 6 pubs; section: Sides; marks printed: gf x6, vg x6 (of 6 copies)"
portobello-mushroom,Portobello mushroom,Add-ons and extras,,38,,,,,,,,,,,,,,,vegetarian,false,false,,,"printed identically at 6 pubs; section: Extras; marks printed: gf x6, v x6 (of 6 copies)"
garlic-bread-with-cheese-childrens,Garlic bread with cheese (children's),"Children's: Starters, nibbles and sides",,314,,,,,,,,,,,,,,,vegetarian,false,false,,,printed identically at 22 pubs; section: Nibbles; marks printed: v x25 (of 25 copies)
bacon-chop-fried-egg-peas-chunky-chips-childrens,"Bacon chop, fried egg, peas, chunky chips (children's)",Children's: Mains,,661,,,,,,,,,,,,,,,contains_pork,false,false,,,printed identically at 4 pubs; section: Mains; marks printed: gf x4 (of 4 copies)
beef-burger-melted-cheese-chips-salad-childrens,"Beef burger, melted cheese, chips, salad (children's)",Children's: Mains,,626,,,,,,,,,,,,,,,contains_beef,false,false,,,printed identically at 70 pubs; section: Mains; marks printed: none (of 86 copies)
beer-battered-fish-goujons-chips-and-peas-childrens,"Beer battered fish goujons, chips and peas (children's)",Children's: Mains,,500,,,,,,,,,,,,,,,,false,false,,,printed identically at 13 pubs; section: Mains; marks printed: gf x14 (of 14 copies)
beer-battered-fish-goujons-chips-peas-childrens,"Beer battered fish goujons, chips, peas (children's)",Children's: Mains,,550,,,,,,,,,,,,,,,,false,false,,,printed identically at 23 pubs; section: Mains; marks printed: gf x27 (of 27 copies)
chicken-and-ham-pie-chips-peas-childrens,"Chicken and ham pie, chips, peas (children's)",Children's: Mains,,924,,,,,,,,,,,,,,,contains_pork,false,false,,,printed identically at 5 pubs; section: Mains; marks printed: gf x6 (of 6 copies)
cumberland-sausage-chips-garden-peas-childrens,"Cumberland sausage, chips, garden peas (children's)",Children's: Mains,,633,,,,,,,,,,,,,,,contains_pork,false,false,,,printed identically at 4 pubs; section: Mains; marks printed: gf x4 (of 4 copies)
fish-fingers-chips-and-peas-childrens,"Fish fingers, chips and peas (children's)",Children's: Mains,,680,,,,,,,,,,,,,,,,false,false,,,printed identically at 12 pubs; section: Mains; marks printed: gf x14 (of 14 copies)
fish-goujons-chips-peas-childrens,"Fish goujons, chips, peas (children's)",Children's: Mains,,561,,,,,,,,,,,,,,,,false,false,,,printed identically at 4 pubs; section: Mains; marks printed: gf x4 (of 4 copies)
lashfords-pork-sausage-chips-peas-childrens,"Lashford's pork sausage, chips, peas (children's)",Children's: Mains,,647,,,,,,,,,,,,,,,contains_pork,false,false,,,printed identically at 7 pubs; section: Mains; marks printed: none (of 9 copies)
mac-n-cheese-childrens,Mac 'n' Cheese (children's),Children's: Mains,,1046,,,,,,,,,,,,,,,vegetarian,false,false,,,printed identically at 18 pubs; section: Mains; marks printed: v x21 (of 21 copies)
mozzarella-and-tomato-topped-pizza-ciabatta-fries-childrens,"Mozzarella and tomato topped 'pizza' ciabatta, fries (children's)",Children's: Mains,,512,,,,,,,,,,,,,,,vegetarian,false,false,,,printed identically at 49 pubs; section: Mains; marks printed: v x63 (of 63 copies)
pork-and-apple-sausage-chips-peas-childrens,"Pork and apple sausage, chips, peas (children's)",Children's: Mains,,894,,,,,,,,,,,,,,,contains_pork,false,false,,,printed identically at 5 pubs; section: Mains; marks printed: gf x5 (of 5 copies)
pork-and-leek-sausage-chips-garden-peas-childrens,"Pork and leek sausage, chips, garden peas (children's)",Children's: Mains,,636,,,,,,,,,,,,,,,contains_pork,false,false,,,printed identically at 15 pubs; section: Mains; marks printed: gf x17 (of 17 copies)
pork-and-leek-sausage-mash-garden-peas-childrens,"Pork and leek sausage, mash, garden peas (children's)",Children's: Mains,,596,,,,,,,,,,,,,,,contains_pork,false,false,,,printed identically at 9 pubs; section: Mains; marks printed: gf x11 (of 11 copies)
pork-and-red-onion-marmalade-sausage-mash-garden-peas-childrens,"Pork and red onion marmalade sausage, mash, garden peas (children's)",Children's: Mains,,796,,,,,,,,,,,,,,,contains_pork,false,false,,,printed identically at 4 pubs; section: Mains; marks printed: gf x5 (of 5 copies)
red-onion-marmalade-sausage-chips-peas-childrens,"Red onion marmalade sausage, chips, peas (children's)",Children's: Mains,,844,,,,,,,,,,,,,,,contains_pork,false,false,,,printed identically at 6 pubs; section: Mains; marks printed: gf x7 (of 7 copies)
roast-pork-belly-pork-and-apple-stuffing-crackling-apple-sauce-childrens,"Roast pork belly, pork and apple stuffing, crackling, apple sauce (children's)",Children's: Mains,,758,,,,,,,,,,,,,,,contains_pork,false,false,,,printed identically at 3 pubs; section: Mains; marks printed: gf x4 (of 4 copies)
southern-fried-coated-buttermilk-chicken-salad-and-fries-childrens,"Southern fried coated, buttermilk chicken, salad and fries (children's)",Children's: Mains,,516,,,,,,,,,,,,,,,,false,false,,,printed identically at 6 pubs; section: Mains; marks printed: gf x6 (of 6 copies)
chocolate-brownie-vanilla-ice-cream-childrens,"Chocolate brownie, vanilla ice cream (children's)",Children's: Puddings,,475,,,,,,,,,,,,,,,vegetarian,false,false,,,"printed identically at 74 pubs; section: Puddings; marks printed: gf x93, v x93 (of 93 copies)"
churros-cinnamon-sugar-hot-chocolate-sauce-childrens,"Churros, cinnamon sugar, hot chocolate sauce (children's)",Children's: Puddings,,337,,,,,,,,,,,,,,,vegetarian,false,false,,,printed identically at 14 pubs; section: Puddings; marks printed: v x18 (of 18 copies)
hot-waffle-banana-honeycomb-ice-cream-childrens,"Hot waffle, banana, honeycomb ice cream (children's)",Children's: Puddings,,394,,,,,,,,,,,,,,,vegetarian,false,false,,,printed identically at 20 pubs; section: Puddings; marks printed: v x24 (of 24 copies)
hot-waffle-honeycomb-ice-cream-childrens,"Hot waffle, honeycomb ice cream (children's)",Children's: Puddings,,474,,,,,,,,,,,,,,,vegetarian,false,false,,,printed identically at 12 pubs; section: Puddings; marks printed: v x17 (of 17 copies)
waffle-vanilla-ice-cream-toffee-sauce-childrens,"Waffle, vanilla ice cream, toffee sauce (children's)",Children's: Puddings,,409,,,,,,,,,,,,,,,vegetarian,false,false,,,printed identically at 9 pubs; section: Puddings; marks printed: v x9 (of 9 copies)
ice-cream-and-sorbet-vanilla-childrens,Ice cream and sorbet: Vanilla (children's),Children's: Ice cream and sorbet,,125,,,,,,,,,,,,,,,vegetarian,false,false,,,"printed identically at 64 pubs; section: Cheshire Farm Ice Cream and Sorbet; marks printed: gf x77, v x77 (of 77 copies)"
