id,name,category,serving,calories,protein_g,carbs_g,fat_g,sat_fat_g,sodium_mg,salt_g,sugar_g,fiber_g,energy_kj,weight_g,mono_fat_g,poly_fat_g,trans_fat_g,caffeine_mg,tags,limited_time,rankable,components,added_on,notes
gf-cheese-and-tomato-small,GF Cheese & Tomato - Small,Gluten free pizzas,1 slice,177,6.8,20.5,7.5,4,,1.27,1.9,2.2,743,,,,,,,false,true,,,Per slice; per pizza the guide prints 708 kcal
gf-vegi-supreme-small,GF Vegi Supreme - Small,Gluten free pizzas,1 slice,127,3.3,20.4,3.6,1.5,,0.72,1.7,2.1,536,,,,,,,false,true,,,Per slice; per pizza the guide prints 509 kcal
gf-pepperoni-passion-small,GF Pepperoni Passion - Small,Gluten free pizzas,1 slice,205,8,20.5,10.1,5,,1.53,2,2.2,857,,,,,,contains_pork,false,true,,,Per slice; per pizza the guide prints 818 kcal
gf-texas-bbq-small,GF Texas BBQ - Small,Gluten free pizzas,1 slice,151,3.7,23.2,4.8,2,,0.95,4,1.8,634,,,,,,,false,true,,,Per slice; per pizza the guide prints 602 kcal
gf-new-yorker-small,GF New Yorker - Small,Gluten free pizzas,1 slice,142,4,19.8,5.2,2.2,,0.86,1.3,1.9,597,,,,,,,false,true,,,Per slice; per pizza the guide prints 568 kcal
plant-based-margheri-tastic-classic-crust-medium,Plant-Based Margheri-tastic - Classic Crust - Medium,Plant-based pizzas,1 slice,171,5.1,25.6,5.3,3.6,,0.6,3.1,1.7,719,,,,,,,false,true,,,Per slice; per pizza the guide prints 1365 kcal
plant-based-vegi-supreme-classic-crust-medium,Plant-Based Vegi Supreme - Classic Crust - Medium,Plant-based pizzas,1 slice,172,5.4,26.0,5.1,3.3,,0.6,4.2,1.8,723,,,,,,,false,true,,,Per slice; per pizza the guide prints 1373 kcal
plant-based-margheri-tastic-italian-style-large,Plant-Based Margheri-tastic - Italian Style - Large,Plant-based pizzas,1 slice,145,4.6,21.0,4.8,3.2,,0.7,3.0,1.3,610,,,,,,,false,true,,,Per slice; per pizza the guide prints 1449 kcal
plant-based-vegi-supreme-italian-style-large,Plant-Based Vegi Supreme - Italian Style - Large,Plant-based pizzas,1 slice,149,4.4,21.3,5.1,3.6,,0.6,2.8,1.5,625,,,,,,,false,true,,,Per slice; per pizza the guide prints 1486 kcal
plant-based-margheri-tastic-thin-and-crispy-medium,Plant-Based Margheri-tastic - Thin & Crispy - Medium,Plant-based pizzas,1 slice,104,2.0,14.3,4.4,3.3,,0.4,1.8,1.2,437,,,,,,,false,true,,,Per slice; per pizza the guide prints 833 kcal
plant-based-margheri-tastic-thin-and-crispy-large,Plant-Based Margheri-tastic - Thin & Crispy - Large,Plant-based pizzas,1 slice,108,2.1,15.1,4.4,3.3,,0.4,1.9,1.3,455,,,,,,,false,true,,,Per slice; per pizza the guide prints 1084 kcal
plant-based-vegi-supreme-thin-and-crispy-medium,Plant-Based Vegi Supreme - Thin & Crispy - Medium,Plant-based pizzas,1 slice,107,2.0,14.8,4.4,3.3,,0.4,2.3,1.4,448,,,,,,,false,true,,,Per slice; per pizza the guide prints 854 kcal
plant-based-vegi-supreme-thin-and-crispy-large,Plant-Based Vegi Supreme - Thin & Crispy - Large,Plant-based pizzas,1 slice,111,2.2,15.6,4.5,3.3,,0.4,2.5,1.5,468,,,,,,,false,true,,,Per slice; per pizza the guide prints 1114 kcal
bbq-chicken-and-bacon-classic-crust-personal,BBQ Chicken and Bacon - Classic Crust - Personal,Cheeky Little Pizzas,1 slice,149,7,21.9,3.9,1.6,,0.72,4.6,1.0,621,,,,,,contains_pork,false,true,,,Per slice; per pizza the guide prints 594 kcal
bbq-chicken-and-bacon-thin-and-crispy-crust-personal,BBQ Chicken and Bacon - Thin & Crispy Crust - Personal,Cheeky Little Pizzas,1 slice,99,5.1,13.5,2.7,1.1,,0.93,4.0,0.2,416,,,,,,contains_pork,false,true,,,Per slice; per pizza the guide prints 394 kcal
cheese-and-tomato-classic-crust-personal,Cheese and Tomato - Classic Crust - Personal,Cheeky Little Pizzas,1 slice,134,6.3,18.2,3.8,1.8,,0.59,2.1,1.1,560,,,,,,,false,true,,,Per slice; per pizza the guide prints 535 kcal
cheese-and-tomato-thin-and-crispy-crust-personal,Cheese and Tomato - Thin & Crispy Crust - Personal,Cheeky Little Pizzas,1 slice,86,5.3,10.4,2.6,1.2,,0.39,1.2,0.9,363,,,,,,,false,true,,,Per slice; per pizza the guide prints 345 kcal
pepperoni-classic-crust-personal,Pepperoni - Classic Crust - Personal,Cheeky Little Pizzas,1 slice,143,6.4,18.1,4.8,2.0,,0.71,2.1,1.0,598,,,,,,contains_pork,false,true,,,Per slice; per pizza the guide prints 571 kcal
pepperoni-thin-and-crispy-crust-personal,Pepperoni - Thin & Crispy Crust - Personal,Cheeky Little Pizzas,1 slice,99.5,5.9,10.0,4.0,1.6,,0.53,1.4,0.9,417.5,,,,,,contains_pork,false,true,,,Per slice; per pizza the guide prints 398 kcal
sausage-and-bacon-classic-crust-personal,Sausage and Bacon - Classic Crust - Personal,Cheeky Little Pizzas,1 slice,135,7.3,14.4,4.6,1.9,,0.70,2.0,1.2,566,,,,,,contains_pork,false,true,,,Per slice; per pizza the guide prints 541 kcal
sausage-and-bacon-thin-and-crispy-crust-personal,Sausage and Bacon - Thin & Crispy Crust - Personal,Cheeky Little Pizzas,1 slice,89,4.9,9.6,3.5,1.6,,0.52,1.2,0.2,374,,,,,,contains_pork,false,true,,,Per slice; per pizza the guide prints 356 kcal
vegi-classic-classic-crust-personal,Vegi Classic - Classic Crust - Personal,Cheeky Little Pizzas,1 slice,124,5.7,18.1,3.0,1.3,,0.51,2.3,1.3,518,,,,,,,false,true,,,Per slice; per pizza the guide prints 495 kcal
vegi-classic-thin-and-crispy-crust-personal,Vegi Classic - Thin & Crispy Crust - Personal,Cheeky Little Pizzas,1 slice,75,4.5,10.0,1.9,0.8,,0.56,1.6,0.9,314,,,,,,,false,true,,,Per slice; per pizza the guide prints 298 kcal
classico-chicken-and-pesto-large,Classico Chicken & Pesto - Large,Italiano pizzas,1 slice,181,10.6,18.6,6.8,3.8,,0.90,2.0,1.7,759,,,,,,,false,true,,,Per slice; per pizza the guide prints 1813 kcal
classico-chicken-and-pesto-medium,Classico Chicken & Pesto - Medium,Italiano pizzas,1 slice,161,9.1,17.4,5.8,2.6,,0.77,4.8,1.5,676,,,,,,,false,true,,,Per slice; per pizza the guide prints 1288 kcal
classico-chicken-and-pesto-small,Classico Chicken & Pesto - Small,Italiano pizzas,1 slice,111,6.8,10.7,4.5,1.5,,0.53,2.0,0.8,465,,,,,,,false,true,,,Per slice; per pizza the guide prints 664 kcal
classico-chicken-and-pesto-large-reduced-fat-mozzarella,Classico Chicken & Pesto - Large (reduced fat mozzarella),Italiano pizzas,1 slice,171,10.2,20.4,4.9,1.9,,0.86,5.0,2.6,720,,,,,,,false,true,,,Per slice; per pizza the guide prints 1709 kcal
classico-chicken-and-pesto-medium-reduced-fat-mozzarella,Classico Chicken & Pesto - Medium (reduced fat mozzarella),Italiano pizzas,1 slice,146,7.7,17.9,4.5,1.7,,0.93,4.4,2.1,616,,,,,,,false,true,,,Per slice; per pizza the guide prints 1171 kcal
classico-chicken-and-pesto-small-reduced-fat-mozzarella,Classico Chicken & Pesto - Small (reduced fat mozzarella),Italiano pizzas,1 slice,103,7.0,10.4,3.5,0.8,,0.56,2.0,1.0,432,,,,,,,false,true,,,Per slice; per pizza the guide prints 617 kcal
glorioso-goats-cheese-and-pesto-large,Glorioso Goats Cheese & Pesto - Large,Italiano pizzas,1 slice,169,8.0,18.8,6.6,3.1,,0.86,3.8,1.5,708,,,,,,,false,true,,,Per slice; per pizza the guide prints 1693 kcal
glorioso-goats-cheese-and-pesto-medium,Glorioso Goats Cheese & Pesto - Medium,Italiano pizzas,1 slice,150,6.6,14.8,6.9,3.2,,0.67,4.2,1.3,629,,,,,,,false,true,,,Per slice; per pizza the guide prints 1200 kcal
glorioso-goats-cheese-and-pesto-small,Glorioso Goats Cheese & Pesto - Small,Italiano pizzas,1 slice,149,5.4,16.5,6.6,3.1,,0.64,2.3,1.0,625,,,,,,,false,true,,,Per slice; per pizza the guide prints 892 kcal
glorioso-goats-cheese-and-pesto-large-reduced-fat-mozzarella,Glorioso Goats Cheese & Pesto - Large (reduced fat mozzarella),Italiano pizzas,1 slice,183,8.6,20.6,6.9,3.0,,0.86,5.1,2.6,770,,,,,,,false,true,,,Per slice; per pizza the guide prints 1829 kcal
glorioso-goats-cheese-and-pesto-medium-reduced-fat-mozzarella,Glorioso Goats Cheese & Pesto - Medium (reduced fat mozzarella),Italiano pizzas,1 slice,138,5.3,15.2,5.8,2.4,,0.81,3.9,1.8,579,,,,,,,false,true,,,Per slice; per pizza the guide prints 1102 kcal
glorioso-goats-cheese-and-pesto-small-reduced-fat-mozzarella,Glorioso Goats Cheese & Pesto - Small (reduced fat mozzarella),Italiano pizzas,1 slice,136,5.9,16.1,5.1,2.0,,0.69,2.3,1.3,571,,,,,,,false,true,,,Per slice; per pizza the guide prints 814 kcal
gusto-goats-cheese-and-pepperoni-large,Gusto Goats Cheese & Pepperoni - Large,Italiano pizzas,1 slice,191,8.6,19.1,8.6,4.2,,0.97,3.7,1.6,800,,,,,,contains_pork,false,true,,,Per slice; per pizza the guide prints 1913 kcal
gusto-goats-cheese-and-pepperoni-medium,Gusto Goats Cheese & Pepperoni - Medium,Italiano pizzas,1 slice,181,8.6,17.0,8.4,4.4,,0.94,4.4,1.4,759,,,,,,contains_pork,false,true,,,Per slice; per pizza the guide prints 1448 kcal
gusto-goats-cheese-and-pepperoni-small,Gusto Goats Cheese & Pepperoni - Small,Italiano pizzas,1 slice,164,6.7,17.2,7.4,4.0,,0.81,1.9,1.0,688,,,,,,contains_pork,false,true,,,Per slice; per pizza the guide prints 983 kcal
gusto-goats-cheese-and-pepperoni-large-reduced-fat-mozzarella,Gusto Goats Cheese & Pepperoni - Large (reduced fat mozzarella),Italiano pizzas,1 slice,188,9.4,19.9,7.3,3.7,,1.00,4.6,2.5,791,,,,,,contains_pork,false,true,,,Per slice; per pizza the guide prints 1880 kcal
gusto-goats-cheese-and-pepperoni-medium-reduced-fat-mozzarella,Gusto Goats Cheese & Pepperoni - Medium (reduced fat mozzarella),Italiano pizzas,1 slice,166,7.2,17.5,7.1,3.5,,1.10,4.1,2.0,699,,,,,,contains_pork,false,true,,,Per slice; per pizza the guide prints 1331 kcal
gusto-goats-cheese-and-pepperoni-small-reduced-fat-mozzarella,Gusto Goats Cheese & Pepperoni - Small (reduced fat mozzarella),Italiano pizzas,1 slice,150,7.2,16.8,5.7,2.8,,0.87,1.9,1.3,630,,,,,,contains_pork,false,true,,,Per slice; per pizza the guide prints 897 kcal
magnifica-chicken-and-nduja-large,Magnifica Chicken & Nduja - Large,Italiano pizzas,1 slice,174,9.7,16.7,7.3,3.3,,1.09,3.2,1.4,728,,,,,,,false,true,,,Per slice; per pizza the guide prints 1740 kcal
magnifica-chicken-and-nduja-medium,Magnifica Chicken & Nduja - Medium,Italiano pizzas,1 slice,149,8.5,13.9,6.3,3.0,,0.77,3.5,1.1,627,,,,,,,false,true,,,Per slice; per pizza the guide prints 1195 kcal
magnifica-chicken-and-nduja-small,Magnifica Chicken & Nduja - Small,Italiano pizzas,1 slice,147,7.2,15.6,5.9,2.9,,0.73,1.6,0.9,617,,,,,,,false,true,,,Per slice; per pizza the guide prints 881 kcal
magnifica-chicken-and-nduja-large-reduced-fat-mozzarella,Magnifica Chicken & Nduja - Large (reduced fat mozzarella),Italiano pizzas,1 slice,184,10.7,19.6,6.4,2.8,,0.99,4.4,2.4,775,,,,,,,false,true,,,Per slice; per pizza the guide prints 1841 kcal
magnifica-chicken-and-nduja-medium-reduced-fat-mozzarella,Magnifica Chicken & Nduja - Medium (reduced fat mozzarella),Italiano pizzas,1 slice,137,7.2,14.3,5.2,2.3,,0.91,3.3,1.6,577,,,,,,,false,true,,,Per slice; per pizza the guide prints 1098 kcal
magnifica-chicken-and-nduja-small-reduced-fat-mozzarella,Magnifica Chicken & Nduja - Small (reduced fat mozzarella),Italiano pizzas,1 slice,134,7.7,15.2,4.4,1.8,,0.78,1.6,1.1,563,,,,,,,false,true,,,Per slice; per pizza the guide prints 803 kcal
perfecto-pepperoni-and-nduja-large,Perfecto Pepperoni & Nduja - Large,Italiano pizzas,1 slice,194,9.0,18.2,9.1,4.1,,1.08,3.5,1.5,812,,,,,,contains_pork,false,true,,,Per slice; per pizza the guide prints 1941 kcal
perfecto-pepperoni-and-nduja-medium,Perfecto Pepperoni & Nduja - Medium,Italiano pizzas,1 slice,183,8.6,16.9,8.6,4.0,,1.00,4.4,1.4,768,,,,,,contains_pork,false,true,,,Per slice; per pizza the guide prints 1463 kcal
perfecto-pepperoni-and-nduja-small,Perfecto Pepperoni & Nduja - Small,Italiano pizzas,1 slice,166,6.7,17.2,7.6,3.6,,0.87,1.9,1.0,696,,,,,,contains_pork,false,true,,,Per slice; per pizza the guide prints 993 kcal
perfecto-pepperoni-and-nduja-large-reduced-fat-mozzarella,Perfecto Pepperoni & Nduja - Large (reduced fat mozzarella),Italiano pizzas,1 slice,190,9.4,19.9,7.5,3.3,,1.07,4.6,2.5,800,,,,,,contains_pork,false,true,,,Per slice; per pizza the guide prints 1902 kcal
perfecto-pepperoni-and-nduja-medium-reduced-fat-mozzarella,Perfecto Pepperoni & Nduja - Medium (reduced fat mozzarella),Italiano pizzas,1 slice,167,7.1,17.2,7.3,3.1,,1.17,3.9,2.0,703,,,,,,contains_pork,false,true,,,Per slice; per pizza the guide prints 1338 kcal
perfecto-pepperoni-and-nduja-small-reduced-fat-mozzarella,Perfecto Pepperoni & Nduja - Small (reduced fat mozzarella),Italiano pizzas,1 slice,151,7.2,16.7,5.9,2.4,,0.93,1.9,1.3,637,,,,,,contains_pork,false,true,,,Per slice; per pizza the guide prints 908 kcal
delight-chicken-large,Delight Chicken - Large,Delight pizzas,1 slice,144,9.1,19.6,3.2,1.4,,0.77,3.1,2.7,606,,,,,,,false,true,,,Per slice; per pizza the guide prints 1435 kcal
delight-chicken-medium,Delight Chicken - Medium,Delight pizzas,1 slice,118,7.5,15.7,2.8,1.4,,0.69,2.1,2.6,497,,,,,,,false,true,,,Per slice; per pizza the guide prints 941 kcal
delight-chicken-small,Delight Chicken - Small,Delight pizzas,1 slice,97,6.1,13.3,2.2,1.0,,0.51,2.1,1.9,410,,,,,,,false,true,,,Per slice; per pizza the guide prints 582 kcal
delight-vegi-large,Delight Vegi - Large,Delight pizzas,1 slice,141,7.3,20.7,3.2,1.4,,0.75,3.1,2.8,595,,,,,,,false,true,,,Per slice; per pizza the guide prints 1408 kcal
delight-vegi-medium,Delight Vegi - Medium,Delight pizzas,1 slice,115,6.3,16.5,2.7,1.4,,0.68,2.6,2.5,487,,,,,,,false,true,,,Per slice; per pizza the guide prints 923 kcal
delight-vegi-small,Delight Vegi - Small,Delight pizzas,1 slice,96,5.2,13.8,2.2,1.0,,0.49,2.1,1.8,404,,,,,,,false,true,,,Per slice; per pizza the guide prints 574 kcal
absolute-banger-classic-crust-large,"Absolute Banger, Classic Crust - Large",Classic crust pizzas,1 slice,251,11.4,26.8,10.9,4.9,,1.16,5.3,1.6,1054,,,,,,,false,true,,,Per slice; per pizza the guide prints 2512 kcal
absolute-banger-classic-crust-medium,"Absolute Banger, Classic Crust - Medium",Classic crust pizzas,1 slice,239,9.7,25.6,10.9,5.0,,1.06,4.9,1.6,1001,,,,,,,false,true,,,Per slice; per pizza the guide prints 1909 kcal
absolute-banger-classic-crust-small,"Absolute Banger, Classic Crust - Small",Classic crust pizzas,1 slice,216,9.3,23.4,9.5,4.2,,0.96,3.5,1.1,905,,,,,,,false,true,,,Per slice; per pizza the guide prints 1295 kcal
absolute-banger-classic-crust-personal,"Absolute Banger, Classic Crust - Personal",Classic crust pizzas,1 slice,194,6.8,24.7,7.5,3.4,,0.88,3.5,1.2,814,,,,,,,false,true,,,Per slice; per pizza the guide prints 775 kcal
absolute-banger-classic-crust-large-reduced-fat-mozzarella,"Absolute Banger, Classic Crust - Large (reduced fat mozzarella)",Classic crust pizzas,1 slice,232,9.8,29.7,8.2,3.2,,1.13,5.6,3.2,976,,,,,,,false,true,,,Per slice; per pizza the guide prints 2320 kcal
absolute-banger-classic-crust-medium-reduced-fat-mozzarella,"Absolute Banger, Classic Crust - Medium (reduced fat mozzarella)",Classic crust pizzas,1 slice,218,12.1,23.5,8.5,3.4,,1.08,4.4,2.9,918,,,,,,,false,true,,,Per slice; per pizza the guide prints 1747 kcal
absolute-banger-classic-crust-small-reduced-fat-mozzarella,"Absolute Banger, Classic Crust - Small (reduced fat mozzarella)",Classic crust pizzas,1 slice,216,8.9,25.5,8.7,3.4,,1.00,3.7,1.8,907,,,,,,,false,true,,,Per slice; per pizza the guide prints 1295 kcal
absolute-banger-classic-crust-personal-reduced-fat-mozzarella,"Absolute Banger, Classic Crust - Personal (reduced fat mozzarella)",Classic crust pizzas,1 slice,180,7.4,22.9,6.6,2.7,,0.91,3.6,1.5,757,,,,,,,false,true,,,Per slice; per pizza the guide prints 720 kcal
american-hot-classic-crust-large,"American Hot, Classic Crust - Large",Classic crust pizzas,1 slice,233,10.3,26.8,9.4,4.4,,1.44,5.5,1.7,979,,,,,,,false,true,,,Per slice; per pizza the guide prints 2331 kcal
american-hot-classic-crust-medium,"American Hot, Classic Crust - Medium",Classic crust pizzas,1 slice,219,8.5,25.5,9.2,4.4,,1.29,5.1,1.7,919,,,,,,,false,true,,,Per slice; per pizza the guide prints 1751 kcal
american-hot-classic-crust-small,"American Hot, Classic Crust - Small",Classic crust pizzas,1 slice,172,8.0,18.9,7.2,3.4,,1.06,2.7,1.5,722,,,,,,,false,true,,,Per slice; per pizza the guide prints 1032 kcal
american-hot-classic-crust-personal,"American Hot, Classic Crust - Personal",Classic crust pizzas,1 slice,175,5.7,24.6,6.0,2.8,,0.96,3.6,1.2,737,,,,,,,false,true,,,Per slice; per pizza the guide prints 700 kcal
american-hot-classic-crust-large-reduced-fat-mozzarella,"American Hot, Classic Crust - Large (reduced fat mozzarella)",Classic crust pizzas,1 slice,213,8.7,29.7,6.7,2.6,,1.42,5.9,3.3,898,,,,,,,false,true,,,Per slice; per pizza the guide prints 2131 kcal
american-hot-classic-crust-medium-reduced-fat-mozzarella,"American Hot, Classic Crust - Medium (reduced fat mozzarella)",Classic crust pizzas,1 slice,198,10.9,23.4,6.8,2.8,,1.32,4.6,2.9,834,,,,,,,false,true,,,Per slice; per pizza the guide prints 1585 kcal
american-hot-classic-crust-small-reduced-fat-mozzarella,"American Hot, Classic Crust - Small (reduced fat mozzarella)",Classic crust pizzas,1 slice,166,8.1,19.6,6.2,2.7,,1.13,2.9,1.8,699,,,,,,,false,true,,,Per slice; per pizza the guide prints 998 kcal
american-hot-classic-crust-personal-reduced-fat-mozzarella,"American Hot, Classic Crust - Personal (reduced fat mozzarella)",Classic crust pizzas,1 slice,161,6.3,22.8,5.0,2.0,,1.00,3.7,1.5,677,,,,,,,false,true,,,Per slice; per pizza the guide prints 643 kcal
americano-classic-crust-large,"Americano, Classic Crust - Large",Classic crust pizzas,1 slice,254,9.6,25.5,12.6,6.3,,1.34,10.7,1.7,1062,,,,,,,false,true,,,Per slice; per pizza the guide prints 2537 kcal
americano-classic-crust-medium,"Americano, Classic Crust - Medium",Classic crust pizzas,1 slice,242,11.3,29.0,9.0,4.5,,1.22,9.2,1.6,1016,,,,,,,false,true,,,Per slice; per pizza the guide prints 1933 kcal
americano-classic-crust-small,"Americano, Classic Crust - Small",Classic crust pizzas,1 slice,214,8.5,26.3,8.4,4.1,,1.26,8.2,1.1,901,,,,,,,false,true,,,Per slice; per pizza the guide prints 1286 kcal
americano-classic-crust-personal,"Americano, Classic Crust - Personal",Classic crust pizzas,1 slice,192,7.8,26.3,6.2,3.0,,1.08,7.1,1.2,808,,,,,,,false,true,,,Per slice; per pizza the guide prints 768 kcal
americano-classic-crust-large-reduced-fat-mozzarella,"Americano, Classic Crust - Large (reduced fat mozzarella)",Classic crust pizzas,1 slice,250,9.8,36.0,7.4,3.0,,1.59,10.8,2.5,1051,,,,,,,false,true,,,Per slice; per pizza the guide prints 2495 kcal
americano-classic-crust-medium-reduced-fat-mozzarella,"Americano, Classic Crust - Medium (reduced fat mozzarella)",Classic crust pizzas,1 slice,232,9.3,33.3,6.9,2.7,,1.59,8.5,1.6,976,,,,,,,false,true,,,Per slice; per pizza the guide prints 1853 kcal
americano-classic-crust-small-reduced-fat-mozzarella,"Americano, Classic Crust - Small (reduced fat mozzarella)",Classic crust pizzas,1 slice,211,8.2,30.6,6.2,2.5,,1.15,7.4,1.8,888,,,,,,,false,true,,,Per slice; per pizza the guide prints 1265 kcal
americano-classic-crust-personal-reduced-fat-mozzarella,"Americano, Classic Crust - Personal (reduced fat mozzarella)",Classic crust pizzas,1 slice,178,6.7,26.6,5.0,2.1,,0.95,6.5,1.4,751,,,,,,,false,true,,,Per slice; per pizza the guide prints 713 kcal
bacon-double-cheese-classic-crust-large,"Bacon Double Cheese, Classic Crust - Large",Classic crust pizzas,1 slice,243,11.7,26.7,9.9,5.0,,1.16,5.4,1.6,1020,,,,,,contains_pork,false,true,,,Per slice; per pizza the guide prints 2429 kcal
bacon-double-cheese-classic-crust-medium,"Bacon Double Cheese, Classic Crust - Medium",Classic crust pizzas,1 slice,225,9.6,25.4,9.5,4.4,,1.05,5.0,1.7,945,,,,,,contains_pork,false,true,,,Per slice; per pizza the guide prints 1802 kcal
bacon-double-cheese-classic-crust-small,"Bacon Double Cheese, Classic Crust - Small",Classic crust pizzas,1 slice,176,8.8,18.8,7.2,3.8,,0.79,2.6,1.5,737,,,,,,contains_pork,false,true,,,Per slice; per pizza the guide prints 1053 kcal
bacon-double-cheese-classic-crust-personal,"Bacon Double Cheese, Classic Crust - Personal",Classic crust pizzas,1 slice,185,6.6,24.6,6.7,3.3,,0.81,3.5,1.2,777,,,,,,contains_pork,false,true,,,Per slice; per pizza the guide prints 739 kcal
bacon-double-cheese-classic-crust-large-reduced-fat-mozzarella,"Bacon Double Cheese, Classic Crust - Large (reduced fat mozzarella)",Classic crust pizzas,1 slice,219,10.4,29.8,6.6,2.9,,1.13,5.8,3.3,924,,,,,,contains_pork,false,true,,,Per slice; per pizza the guide prints 2194 kcal
bacon-double-cheese-classic-crust-medium-reduced-fat-mozzarella,"Bacon Double Cheese, Classic Crust - Medium (reduced fat mozzarella)",Classic crust pizzas,1 slice,201,12.3,23.5,6.5,2.9,,1.04,4.5,2.9,846,,,,,,contains_pork,false,true,,,Per slice; per pizza the guide prints 1608 kcal
bacon-double-cheese-classic-crust-small-reduced-fat-mozzarella,"Bacon Double Cheese, Classic Crust - Small (reduced fat mozzarella)",Classic crust pizzas,1 slice,167,9.2,19.7,5.7,2.8,,0.86,2.8,1.8,703,,,,,,contains_pork,false,true,,,Per slice; per pizza the guide prints 1002 kcal
bacon-double-cheese-classic-crust-personal-reduced-fat-mozzarella,"Bacon Double Cheese, Classic Crust - Personal (reduced fat mozzarella)",Classic crust pizzas,1 slice,169,7.4,22.8,5.4,2.4,,0.85,3.6,1.5,712,,,,,,contains_pork,false,true,,,Per slice; per pizza the guide prints 676 kcal
buffalo-chicken-classic-crust-large,"Buffalo Chicken, Classic Crust - Large",Classic crust pizzas,1 slice,203,9.1,27.2,6.4,3.2,,1.34,5.7,1.8,854,,,,,,,false,true,,,Per slice; per pizza the guide prints 2028 kcal
buffalo-chicken-classic-crust-medium,"Buffalo Chicken, Classic Crust - Medium",Classic crust pizzas,1 slice,193,8.8,25.6,6.1,3.2,,1.16,5.3,1.8,811,,,,,,,false,true,,,Per slice; per pizza the guide prints 1541 kcal
buffalo-chicken-classic-crust-small,"Buffalo Chicken, Classic Crust - Small",Classic crust pizzas,1 slice,145,8.1,19.0,4.1,2.2,,0.90,2.9,1.6,613,,,,,,,false,true,,,Per slice; per pizza the guide prints 872 kcal
buffalo-chicken-classic-crust-personal,"Buffalo Chicken, Classic Crust - Personal",Classic crust pizzas,1 slice,158,6.0,24.7,3.9,2.0,,0.87,3.7,1.3,667,,,,,,,false,true,,,Per slice; per pizza the guide prints 632 kcal
buffalo-chicken-classic-crust-large-reduced-fat-mozzarella,"Buffalo Chicken, Classic Crust - Large (reduced fat mozzarella)",Classic crust pizzas,1 slice,184,7.5,30.1,3.7,1.4,,1.31,6.1,3.4,775,,,,,,,false,true,,,Per slice; per pizza the guide prints 1835 kcal
buffalo-chicken-classic-crust-medium-reduced-fat-mozzarella,"Buffalo Chicken, Classic Crust - Medium (reduced fat mozzarella)",Classic crust pizzas,1 slice,172,11.2,23.5,3.7,1.5,,1.18,4.7,3.0,727,,,,,,,false,true,,,Per slice; per pizza the guide prints 1377 kcal
buffalo-chicken-classic-crust-small-reduced-fat-mozzarella,"Buffalo Chicken, Classic Crust - Small (reduced fat mozzarella)",Classic crust pizzas,1 slice,139,8.3,19.7,3.1,1.4,,0.97,3.0,1.9,589,,,,,,,false,true,,,Per slice; per pizza the guide prints 836 kcal
buffalo-chicken-classic-crust-personal-reduced-fat-mozzarella,"Buffalo Chicken, Classic Crust - Personal (reduced fat mozzarella)",Classic crust pizzas,1 slice,144,6.6,22.9,2.9,1.2,,0.91,3.8,1.6,609,,,,,,,false,true,,,Per slice; per pizza the guide prints 576 kcal
chicken-feast-classic-crust-large,"Chicken Feast, Classic Crust - Large",Classic crust pizzas,1 slice,210,11.2,27.1,6.4,3.1,,0.96,5.6,1.8,886,,,,,,,false,true,,,Per slice; per pizza the guide prints 2103 kcal
chicken-feast-classic-crust-medium,"Chicken Feast, Classic Crust - Medium",Classic crust pizzas,1 slice,196,9.2,25.8,6.2,3.2,,0.83,5.2,1.8,824,,,,,,,false,true,,,Per slice; per pizza the guide prints 1565 kcal
chicken-feast-classic-crust-small,"Chicken Feast, Classic Crust - Small",Classic crust pizzas,1 slice,147,8.4,19.0,4.2,2.2,,0.61,2.8,1.6,620,,,,,,,false,true,,,Per slice; per pizza the guide prints 882 kcal
chicken-feast-classic-crust-personal,"Chicken Feast, Classic Crust - Personal",Classic crust pizzas,1 slice,159,6.2,24.8,3.9,2.0,,0.65,3.7,1.3,672,,,,,,,false,true,,,Per slice; per pizza the guide prints 637 kcal
chicken-feast-classic-crust-large-reduced-fat-mozzarella,"Chicken Feast, Classic Crust - Large (reduced fat mozzarella)",Classic crust pizzas,1 slice,191,9.6,30.0,3.7,1.4,,0.93,6.0,3.4,805,,,,,,,false,true,,,Per slice; per pizza the guide prints 1906 kcal
chicken-feast-classic-crust-medium-reduced-fat-mozzarella,"Chicken Feast, Classic Crust - Medium (reduced fat mozzarella)",Classic crust pizzas,1 slice,175,11.6,23.7,3.8,1.5,,0.86,4.7,3.0,738,,,,,,,false,true,,,Per slice; per pizza the guide prints 1399 kcal
chicken-feast-classic-crust-small-reduced-fat-mozzarella,"Chicken Feast, Classic Crust - Small (reduced fat mozzarella)",Classic crust pizzas,1 slice,142,8.6,19.8,3.2,1.5,,0.68,3.0,1.9,601,,,,,,,false,true,,,Per slice; per pizza the guide prints 854 kcal
chicken-feast-classic-crust-personal-reduced-fat-mozzarella,"Chicken Feast, Classic Crust - Personal (reduced fat mozzarella)",Classic crust pizzas,1 slice,145,6.8,23.0,3.0,1.2,,0.69,3.8,1.6,613,,,,,,,false,true,,,Per slice; per pizza the guide prints 581 kcal
deluxe-classic-crust-large,"Deluxe, Classic Crust - Large",Classic crust pizzas,1 slice,231,10.5,26.9,9.0,4.2,,1.18,5.6,1.7,970,,,,,,,false,true,,,Per slice; per pizza the guide prints 2308 kcal
deluxe-classic-crust-medium,"Deluxe, Classic Crust - Medium",Classic crust pizzas,1 slice,217,8.7,25.7,8.8,4.2,,1.06,5.2,1.7,910,,,,,,,false,true,,,Per slice; per pizza the guide prints 1733 kcal
deluxe-classic-crust-small,"Deluxe, Classic Crust - Small",Classic crust pizzas,1 slice,169,8.1,19.0,6.8,3.3,,0.84,2.8,1.6,711,,,,,,,false,true,,,Per slice; per pizza the guide prints 1015 kcal
deluxe-classic-crust-personal,"Deluxe, Classic Crust - Personal",Classic crust pizzas,1 slice,172,5.9,24.8,5.5,2.6,,0.79,3.7,1.2,725,,,,,,,false,true,,,Per slice; per pizza the guide prints 689 kcal
deluxe-classic-crust-large-reduced-fat-mozzarella,"Deluxe, Classic Crust - Large (reduced fat mozzarella)",Classic crust pizzas,1 slice,211,8.9,29.8,6.3,2.4,,1.15,6.0,3.3,889,,,,,,,false,true,,,Per slice; per pizza the guide prints 2111 kcal
deluxe-classic-crust-medium-reduced-fat-mozzarella,"Deluxe, Classic Crust - Medium (reduced fat mozzarella)",Classic crust pizzas,1 slice,196,11.1,23.5,6.4,2.6,,1.09,4.6,3.0,825,,,,,,,false,true,,,Per slice; per pizza the guide prints 1568 kcal
deluxe-classic-crust-small-reduced-fat-mozzarella,"Deluxe, Classic Crust - Small (reduced fat mozzarella)",Classic crust pizzas,1 slice,164,8.3,19.7,5.8,2.5,,0.91,3.0,1.8,690,,,,,,,false,true,,,Per slice; per pizza the guide prints 984 kcal
deluxe-classic-crust-personal-reduced-fat-mozzarella,"Deluxe, Classic Crust - Personal (reduced fat mozzarella)",Classic crust pizzas,1 slice,158,6.4,22.9,4.6,1.9,,0.83,3.8,1.6,667,,,,,,,false,true,,,Per slice; per pizza the guide prints 633 kcal
farmhouse-classic-crust-large,"Farmhouse, Classic Crust - Large",Classic crust pizzas,1 slice,207,10.5,26.7,6.4,3.2,,1.12,5.5,1.8,873,,,,,,,false,true,,,Per slice; per pizza the guide prints 2072 kcal
farmhouse-classic-crust-medium,"Farmhouse, Classic Crust - Medium",Classic crust pizzas,1 slice,193,8.7,25.4,6.3,3.2,,1.00,5.1,1.8,814,,,,,,,false,true,,,Per slice; per pizza the guide prints 1547 kcal
farmhouse-classic-crust-small,"Farmhouse, Classic Crust - Small",Classic crust pizzas,1 slice,146,8.1,18.8,4.3,2.3,,0.79,2.7,1.6,616,,,,,,,false,true,,,Per slice; per pizza the guide prints 877 kcal
farmhouse-classic-crust-personal,"Farmhouse, Classic Crust - Personal",Classic crust pizzas,1 slice,158,5.9,24.6,4.0,2.0,,0.77,3.6,1.3,665,,,,,,,false,true,,,Per slice; per pizza the guide prints 631 kcal
farmhouse-classic-crust-large-reduced-fat-mozzarella,"Farmhouse, Classic Crust - Large (reduced fat mozzarella)",Classic crust pizzas,1 slice,188,8.9,29.6,3.7,1.4,,1.10,5.9,3.4,792,,,,,,,false,true,,,Per slice; per pizza the guide prints 1875 kcal
farmhouse-classic-crust-medium-reduced-fat-mozzarella,"Farmhouse, Classic Crust - Medium (reduced fat mozzarella)",Classic crust pizzas,1 slice,172,11.1,23.3,3.8,1.6,,1.03,4.5,3.0,726,,,,,,,false,true,,,Per slice; per pizza the guide prints 1376 kcal
farmhouse-classic-crust-small-reduced-fat-mozzarella,"Farmhouse, Classic Crust - Small (reduced fat mozzarella)",Classic crust pizzas,1 slice,141,8.3,19.5,3.3,1.5,,0.86,2.9,1.9,593,,,,,,,false,true,,,Per slice; per pizza the guide prints 843 kcal
farmhouse-classic-crust-personal-reduced-fat-mozzarella,"Farmhouse, Classic Crust - Personal (reduced fat mozzarella)",Classic crust pizzas,1 slice,144,6.4,22.7,3.0,1.3,,0.80,3.7,1.6,607,,,,,,,false,true,,,Per slice; per pizza the guide prints 575 kcal
fiery-vegi-sizzler-classic-crust-large,"Fiery Vegi Sizzler, Classic Crust - Large",Classic crust pizzas,1 slice,199,9.0,26.7,6.2,3.1,,1.04,5.5,1.7,837,,,,,,,false,true,,,Per slice; per pizza the guide prints 1987 kcal
fiery-vegi-sizzler-classic-crust-medium,"Fiery Vegi Sizzler, Classic Crust - Medium",Classic crust pizzas,1 slice,184,7.1,25.5,6.0,3.1,,0.90,5.1,1.7,775,,,,,,,false,true,,,Per slice; per pizza the guide prints 1474 kcal
fiery-vegi-sizzler-classic-crust-small,"Fiery Vegi Sizzler, Classic Crust - Small",Classic crust pizzas,1 slice,138,6.6,18.8,4.0,2.2,,0.68,2.7,1.5,580,,,,,,,false,true,,,Per slice; per pizza the guide prints 825 kcal
fiery-vegi-sizzler-classic-crust-personal,"Fiery Vegi Sizzler, Classic Crust - Personal",Classic crust pizzas,1 slice,152,4.8,24.6,3.8,1.9,,0.70,3.6,1.2,640,,,,,,,false,true,,,Per slice; per pizza the guide prints 606 kcal
fiery-vegi-sizzler-classic-crust-large-reduced-fat-mozzarella,"Fiery Vegi Sizzler, Classic Crust - Large (reduced fat mozzarella)",Classic crust pizzas,1 slice,179,7.4,29.6,3.5,1.3,,1.02,5.9,3.3,756,,,,,,,false,true,,,Per slice; per pizza the guide prints 1788 kcal
fiery-vegi-sizzler-classic-crust-medium-reduced-fat-mozzarella,"Fiery Vegi Sizzler, Classic Crust - Medium (reduced fat mozzarella)",Classic crust pizzas,1 slice,164,9.6,23.3,3.6,1.5,,0.93,4.6,2.9,692,,,,,,,false,true,,,Per slice; per pizza the guide prints 1310 kcal
fiery-vegi-sizzler-classic-crust-small-reduced-fat-mozzarella,"Fiery Vegi Sizzler, Classic Crust - Small (reduced fat mozzarella)",Classic crust pizzas,1 slice,132,6.8,19.5,3.0,1.4,,0.75,2.9,1.8,556,,,,,,,false,true,,,Per slice; per pizza the guide prints 790 kcal
fiery-vegi-sizzler-classic-crust-personal-reduced-fat-mozzarella,"Fiery Vegi Sizzler, Classic Crust - Personal (reduced fat mozzarella)",Classic crust pizzas,1 slice,138,5.4,22.7,2.9,1.2,,0.73,3.7,1.5,581,,,,,,,false,true,,,Per slice; per pizza the guide prints 550 kcal
full-house-classic-crust-large,"Full House®, Classic Crust - Large",Classic crust pizzas,1 slice,233,11.1,27.8,8.6,4.0,,1.20,6.2,1.8,981,,,,,,,false,true,,,Per slice; per pizza the guide prints 2333 kcal
full-house-classic-crust-medium,"Full House®, Classic Crust - Medium",Classic crust pizzas,1 slice,218,9.2,26.5,8.4,4.0,,1.07,5.7,1.8,915,,,,,,,false,true,,,Per slice; per pizza the guide prints 1742 kcal
full-house-classic-crust-small,"Full House®, Classic Crust - Small",Classic crust pizzas,1 slice,171,8.7,19.7,6.3,3.1,,0.86,3.3,1.7,719,,,,,,,false,true,,,Per slice; per pizza the guide prints 1026 kcal
full-house-classic-crust-personal,"Full House®, Classic Crust - Personal",Classic crust pizzas,1 slice,183,6.8,25.3,6.0,2.8,,0.90,4.0,1.3,768,,,,,,,false,true,,,Per slice; per pizza the guide prints 730 kcal
full-house-classic-crust-large-reduced-fat-mozzarella,"Full House®, Classic Crust - Large (reduced fat mozzarella)",Classic crust pizzas,1 slice,213,9.5,30.7,5.9,2.3,,1.17,6.6,3.4,899,,,,,,,false,true,,,Per slice; per pizza the guide prints 2133 kcal
full-house-classic-crust-medium-reduced-fat-mozzarella,"Full House®, Classic Crust - Medium (reduced fat mozzarella)",Classic crust pizzas,1 slice,197,11.7,24.4,5.9,2.4,,1.10,5.2,3.1,832,,,,,,,false,true,,,Per slice; per pizza the guide prints 1579 kcal
full-house-classic-crust-small-reduced-fat-mozzarella,"Full House®, Classic Crust - Small (reduced fat mozzarella)",Classic crust pizzas,1 slice,165,8.9,20.5,5.3,2.3,,0.93,3.5,1.9,695,,,,,,,false,true,,,Per slice; per pizza the guide prints 990 kcal
full-house-classic-crust-personal-reduced-fat-mozzarella,"Full House®, Classic Crust - Personal (reduced fat mozzarella)",Classic crust pizzas,1 slice,169,7.3,23.5,5.0,2.0,,0.94,4.1,1.6,710,,,,,,,false,true,,,Per slice; per pizza the guide prints 674 kcal
ham-and-pineapple-classic-crust-large,"Ham & Pineapple, Classic Crust - Large",Classic crust pizzas,1 slice,208,10.3,27.2,6.4,3.2,,1.11,6.1,1.6,874,,,,,,contains_pork,false,true,,,Per slice; per pizza the guide prints 2075 kcal
ham-and-pineapple-classic-crust-medium,"Ham & Pineapple, Classic Crust - Medium",Classic crust pizzas,1 slice,194,8.5,25.9,6.2,3.2,,0.99,5.7,1.6,815,,,,,,contains_pork,false,true,,,Per slice; per pizza the guide prints 1548 kcal
ham-and-pineapple-classic-crust-small,"Ham & Pineapple, Classic Crust - Small",Classic crust pizzas,1 slice,147,8.0,19.2,4.3,2.3,,0.78,3.2,1.5,620,,,,,,contains_pork,false,true,,,Per slice; per pizza the guide prints 883 kcal
ham-and-pineapple-classic-crust-personal,"Ham & Pineapple, Classic Crust - Personal",Classic crust pizzas,1 slice,159,5.7,24.9,4.0,2.0,,0.76,4.0,1.2,669,,,,,,contains_pork,false,true,,,Per slice; per pizza the guide prints 634 kcal
ham-and-pineapple-classic-crust-large-reduced-fat-mozzarella,"Ham & Pineapple, Classic Crust - Large (reduced fat mozzarella)",Classic crust pizzas,1 slice,188,8.7,30.1,3.7,1.4,,1.09,6.5,3.2,795,,,,,,contains_pork,false,true,,,Per slice; per pizza the guide prints 1881 kcal
ham-and-pineapple-classic-crust-medium-reduced-fat-mozzarella,"Ham & Pineapple, Classic Crust - Medium (reduced fat mozzarella)",Classic crust pizzas,1 slice,173,10.9,23.8,3.8,1.6,,1.02,5.1,2.9,731,,,,,,contains_pork,false,true,,,Per slice; per pizza the guide prints 1385 kcal
ham-and-pineapple-classic-crust-small-reduced-fat-mozzarella,"Ham & Pineapple, Classic Crust - Small (reduced fat mozzarella)",Classic crust pizzas,1 slice,142,8.1,19.9,3.2,1.5,,0.85,3.4,1.7,598,,,,,,contains_pork,false,true,,,Per slice; per pizza the guide prints 849 kcal
ham-and-pineapple-classic-crust-personal-reduced-fat-mozzarella,"Ham & Pineapple, Classic Crust - Personal (reduced fat mozzarella)",Classic crust pizzas,1 slice,144,6.3,23.1,3.0,1.2,,0.79,4.1,1.5,609,,,,,,contains_pork,false,true,,,Per slice; per pizza the guide prints 577 kcal
hawaiian-classic-crust-large,"Hawaiian, Classic Crust - Large",Classic crust pizzas,1 slice,208,10.4,27.2,6.4,3.2,,1.11,6.2,1.7,877,,,,,,,false,true,,,Per slice; per pizza the guide prints 2082 kcal
hawaiian-classic-crust-medium,"Hawaiian, Classic Crust - Medium",Classic crust pizzas,1 slice,194,8.5,25.9,6.3,3.2,,0.99,5.7,1.7,818,,,,,,,false,true,,,Per slice; per pizza the guide prints 1555 kcal
hawaiian-classic-crust-small,"Hawaiian, Classic Crust - Small",Classic crust pizzas,1 slice,147,8.0,19.2,4.3,2.3,,0.78,3.3,1.5,620,,,,,,,false,true,,,Per slice; per pizza the guide prints 882 kcal
hawaiian-classic-crust-personal,"Hawaiian, Classic Crust - Personal",Classic crust pizzas,1 slice,159,5.8,24.9,4.0,2.0,,0.76,4.0,1.2,668,,,,,,,false,true,,,Per slice; per pizza the guide prints 634 kcal
hawaiian-classic-crust-large-reduced-fat-mozzarella,"Hawaiian, Classic Crust - Large (reduced fat mozzarella)",Classic crust pizzas,1 slice,189,8.8,30.1,3.7,1.4,,1.09,6.5,3.3,798,,,,,,,false,true,,,Per slice; per pizza the guide prints 1889 kcal
hawaiian-classic-crust-medium-reduced-fat-mozzarella,"Hawaiian, Classic Crust - Medium (reduced fat mozzarella)",Classic crust pizzas,1 slice,174,11.0,23.8,3.8,1.6,,1.02,5.1,2.9,734,,,,,,,false,true,,,Per slice; per pizza the guide prints 1390 kcal
hawaiian-classic-crust-small-reduced-fat-mozzarella,"Hawaiian, Classic Crust - Small (reduced fat mozzarella)",Classic crust pizzas,1 slice,142,8.2,20.0,3.2,1.5,,0.85,3.4,1.8,598,,,,,,,false,true,,,Per slice; per pizza the guide prints 850 kcal
hawaiian-classic-crust-personal-reduced-fat-mozzarella,"Hawaiian, Classic Crust - Personal (reduced fat mozzarella)",Classic crust pizzas,1 slice,145,6.3,23.1,3.0,1.2,,0.79,4.1,1.5,612,,,,,,,false,true,,,Per slice; per pizza the guide prints 580 kcal
hot-and-spicy-classic-crust-large,"Hot & Spicy, Classic Crust - Large",Classic crust pizzas,1 slice,210,9.7,26.9,7.0,3.4,,1.12,5.5,1.7,882,,,,,,,false,true,,,Per slice; per pizza the guide prints 2095 kcal
hot-and-spicy-classic-crust-medium,"Hot & Spicy, Classic Crust - Medium",Classic crust pizzas,1 slice,194,7.8,25.6,6.7,3.4,,0.97,5.1,1.7,815,,,,,,,false,true,,,Per slice; per pizza the guide prints 1550 kcal
hot-and-spicy-classic-crust-small,"Hot & Spicy, Classic Crust - Small",Classic crust pizzas,1 slice,147,7.2,18.9,4.7,2.5,,0.75,2.7,1.6,619,,,,,,,false,true,,,Per slice; per pizza the guide prints 882 kcal
hot-and-spicy-classic-crust-personal,"Hot & Spicy, Classic Crust - Personal",Classic crust pizzas,1 slice,159,5.3,24.7,4.3,2.2,,0.75,3.6,1.2,669,,,,,,,false,true,,,Per slice; per pizza the guide prints 635 kcal
hot-and-spicy-classic-crust-large-reduced-fat-mozzarella,"Hot & Spicy, Classic Crust - Large (reduced fat mozzarella)",Classic crust pizzas,1 slice,190,8.1,29.8,4.3,1.7,,1.09,5.9,3.3,803,,,,,,,false,true,,,Per slice; per pizza the guide prints 1903 kcal
hot-and-spicy-classic-crust-medium-reduced-fat-mozzarella,"Hot & Spicy, Classic Crust - Medium (reduced fat mozzarella)",Classic crust pizzas,1 slice,174,10.2,23.5,4.3,1.8,,1.00,4.6,3.0,732,,,,,,,false,true,,,Per slice; per pizza the guide prints 1389 kcal
hot-and-spicy-classic-crust-small-reduced-fat-mozzarella,"Hot & Spicy, Classic Crust - Small (reduced fat mozzarella)",Classic crust pizzas,1 slice,142,7.4,19.7,3.7,1.7,,0.82,2.9,1.8,597,,,,,,,false,true,,,Per slice; per pizza the guide prints 849 kcal
hot-and-spicy-classic-crust-personal-reduced-fat-mozzarella,"Hot & Spicy, Classic Crust - Personal (reduced fat mozzarella)",Classic crust pizzas,1 slice,145,5.9,22.8,3.4,1.4,,0.78,3.7,1.6,611,,,,,,,false,true,,,Per slice; per pizza the guide prints 579 kcal
house-special-tandoori-chicken-classic-crust-large,"House Special Tandoori Chicken, Classic Crust - Large",Classic crust pizzas,1 slice,264,13.5,27.0,11.5,5.6,,2.32,5.7,1.7,1109,,,,,,,false,true,,,Per slice; per pizza the guide prints 2643 kcal
house-special-tandoori-chicken-classic-crust-medium,"House Special Tandoori Chicken, Classic Crust - Medium",Classic crust pizzas,1 slice,248,11.4,25.7,11.1,5.5,,2.12,5.2,1.7,1040,,,,,,,false,true,,,Per slice; per pizza the guide prints 1984 kcal
house-special-tandoori-chicken-classic-crust-small,"House Special Tandoori Chicken, Classic Crust - Small",Classic crust pizzas,1 slice,198,10.5,19.0,8.9,4.4,,1.79,2.8,1.6,829,,,,,,,false,true,,,Per slice; per pizza the guide prints 1186 kcal
house-special-tandoori-chicken-classic-crust-personal,"House Special Tandoori Chicken, Classic Crust - Personal",Classic crust pizzas,1 slice,207,8.1,24.7,8.5,4.0,,1.62,3.7,1.2,870,,,,,,,false,true,,,Per slice; per pizza the guide prints 829 kcal
house-special-tandoori-chicken-classic-crust-large-reduced-fat-mozzarella,"House Special Tandoori Chicken, Classic Crust - Large (reduced fat mozzarella)",Classic crust pizzas,1 slice,241,12.2,30.0,8.1,3.5,,2.29,6.0,3.3,1016,,,,,,,false,true,,,Per slice; per pizza the guide prints 2413 kcal
house-special-tandoori-chicken-classic-crust-medium-reduced-fat-mozzarella,"House Special Tandoori Chicken, Classic Crust - Medium (reduced fat mozzarella)",Classic crust pizzas,1 slice,224,14.1,23.7,8.1,3.6,,2.14,4.7,3.0,942,,,,,,,false,true,,,Per slice; per pizza the guide prints 1792 kcal
house-special-tandoori-chicken-classic-crust-small-reduced-fat-mozzarella,"House Special Tandoori Chicken, Classic Crust - Small (reduced fat mozzarella)",Classic crust pizzas,1 slice,189,10.9,19.9,7.4,3.4,,1.86,3.0,1.8,796,,,,,,,false,true,,,Per slice; per pizza the guide prints 1136 kcal
house-special-tandoori-chicken-classic-crust-personal-reduced-fat-mozzarella,"House Special Tandoori Chicken, Classic Crust - Personal (reduced fat mozzarella)",Classic crust pizzas,1 slice,191,8.9,23.0,7.1,3.1,,1.65,3.8,1.6,803,,,,,,,false,true,,,Per slice; per pizza the guide prints 764 kcal
meatball-marinara-classic-crust-large,"Meatball Marinara, Classic Crust - Large",Classic crust pizzas,1 slice,249,11.2,27.4,10.5,4.4,,1.31,4.0,1.8,1044,,,,,,,false,true,,,Per slice; per pizza the guide prints 2486 kcal
meatball-marinara-classic-crust-medium,"Meatball Marinara, Classic Crust - Medium",Classic crust pizzas,1 slice,248,9.9,27.5,10.8,4.8,,1.22,5.6,2.1,1038,,,,,,,false,true,,,Per slice; per pizza the guide prints 1980 kcal
meatball-marinara-classic-crust-small,"Meatball Marinara, Classic Crust - Small",Classic crust pizzas,1 slice,240,8.4,30.5,9.3,3.9,,1.15,4.7,1.7,1006,,,,,,,false,true,,,Per slice; per pizza the guide prints 1437 kcal
meatball-marinara-classic-crust-personal,"Meatball Marinara, Classic Crust - Personal",Classic crust pizzas,1 slice,199,6.9,26.8,7.1,3.0,,1.00,4.1,1.7,835,,,,,,,false,true,,,Per slice; per pizza the guide prints 794 kcal
meatball-marinara-classic-crust-large-reduced-fat-mozzarella,"Meatball Marinara, Classic Crust - Large (reduced fat mozzarella)",Classic crust pizzas,1 slice,241,10.1,31.5,8.3,3.0,,1.32,6.4,3.6,1014,,,,,,,false,true,,,Per slice; per pizza the guide prints 2411 kcal
meatball-marinara-classic-crust-medium-reduced-fat-mozzarella,"Meatball Marinara, Classic Crust - Medium (reduced fat mozzarella)",Classic crust pizzas,1 slice,227,12.4,25.4,8.4,3.1,,1.25,5.0,3.3,953,,,,,,,false,true,,,Per slice; per pizza the guide prints 1814 kcal
meatball-marinara-classic-crust-small-reduced-fat-mozzarella,"Meatball Marinara, Classic Crust - Small (reduced fat mozzarella)",Classic crust pizzas,1 slice,225,9.2,27.2,8.8,3.3,,1.17,4.3,2.2,943,,,,,,,false,true,,,Per slice; per pizza the guide prints 1347 kcal
meatball-marinara-classic-crust-personal-reduced-fat-mozzarella,"Meatball Marinara, Classic Crust - Personal (reduced fat mozzarella)",Classic crust pizzas,1 slice,185,7.5,24.9,6.1,2.3,,1.03,4.2,2.0,778,,,,,,,false,true,,,Per slice; per pizza the guide prints 739 kcal
meateor-classic-crust-large,"Meateor™, Classic Crust - Large",Classic crust pizzas,1 slice,274,10.0,25.6,14.6,7.0,,1.40,10.5,1.6,1146,,,,,,,false,true,,,Per slice; per pizza the guide prints 2739 kcal
meateor-classic-crust-medium,"Meateor™, Classic Crust - Medium",Classic crust pizzas,1 slice,261,11.7,29.1,10.9,5.2,,1.27,9.1,1.5,1097,,,,,,,false,true,,,Per slice; per pizza the guide prints 2090 kcal
meateor-classic-crust-small,"Meateor™, Classic Crust - Small",Classic crust pizzas,1 slice,234,9.0,26.4,10.3,4.8,,1.31,8.1,1.1,983,,,,,,,false,true,,,Per slice; per pizza the guide prints 1406 kcal
meateor-classic-crust-personal,"Meateor™, Classic Crust - Personal",Classic crust pizzas,1 slice,225,8.9,26.4,9.2,4.2,,1.24,7.1,1.1,942,,,,,,,false,true,,,Per slice; per pizza the guide prints 898 kcal
meateor-classic-crust-large-reduced-fat-mozzarella,"Meateor™, Classic Crust - Large (reduced fat mozzarella)",Classic crust pizzas,1 slice,270,10.2,36.1,9.5,3.8,,1.65,10.6,2.4,1136,,,,,,,false,true,,,Per slice; per pizza the guide prints 2702 kcal
meateor-classic-crust-medium-reduced-fat-mozzarella,"Meateor™, Classic Crust - Medium (reduced fat mozzarella)",Classic crust pizzas,1 slice,251,9.8,33.4,8.7,3.4,,1.64,8.4,1.5,1057,,,,,,,false,true,,,Per slice; per pizza the guide prints 2010 kcal
meateor-classic-crust-small-reduced-fat-mozzarella,"Meateor™, Classic Crust - Small (reduced fat mozzarella)",Classic crust pizzas,1 slice,231,8.7,30.7,8.1,3.2,,1.20,7.3,1.7,971,,,,,,,false,true,,,Per slice; per pizza the guide prints 1386 kcal
meateor-classic-crust-personal-reduced-fat-mozzarella,"Meateor™, Classic Crust - Personal (reduced fat mozzarella)",Classic crust pizzas,1 slice,211,7.8,26.8,8.0,3.2,,1.11,6.5,1.4,884,,,,,,,false,true,,,Per slice; per pizza the guide prints 842 kcal
meatilicious-classic-crust-large,"Meatilicious, Classic Crust - Large",Classic crust pizzas,1 slice,235,11.8,26.5,9.2,4.3,,1.25,5.3,1.6,988,,,,,,,false,true,,,Per slice; per pizza the guide prints 2352 kcal
meatilicious-classic-crust-medium,"Meatilicious, Classic Crust - Medium",Classic crust pizzas,1 slice,221,9.8,25.3,9.0,4.3,,1.12,4.9,1.6,929,,,,,,,false,true,,,Per slice; per pizza the guide prints 1769 kcal
meatilicious-classic-crust-small,"Meatilicious, Classic Crust - Small",Classic crust pizzas,1 slice,175,9.3,18.6,7.0,3.4,,0.92,2.5,1.5,735,,,,,,,false,true,,,Per slice; per pizza the guide prints 1051 kcal
meatilicious-classic-crust-personal,"Meatilicious, Classic Crust - Personal",Classic crust pizzas,1 slice,191,7.4,24.5,7.0,3.2,,0.98,3.5,1.2,801,,,,,,,false,true,,,Per slice; per pizza the guide prints 762 kcal
meatilicious-classic-crust-large-reduced-fat-mozzarella,"Meatilicious, Classic Crust - Large (reduced fat mozzarella)",Classic crust pizzas,1 slice,217,10.2,29.4,6.5,2.5,,1.22,5.6,3.2,912,,,,,,,false,true,,,Per slice; per pizza the guide prints 2165 kcal
meatilicious-classic-crust-medium-reduced-fat-mozzarella,"Meatilicious, Classic Crust - Medium (reduced fat mozzarella)",Classic crust pizzas,1 slice,200,12.2,23.2,6.5,2.7,,1.15,4.3,2.9,841,,,,,,,false,true,,,Per slice; per pizza the guide prints 1599 kcal
meatilicious-classic-crust-small-reduced-fat-mozzarella,"Meatilicious, Classic Crust - Small (reduced fat mozzarella)",Classic crust pizzas,1 slice,169,9.5,19.4,6.0,2.6,,0.99,2.7,1.7,712,,,,,,,false,true,,,Per slice; per pizza the guide prints 1016 kcal
meatilicious-classic-crust-personal-reduced-fat-mozzarella,"Meatilicious, Classic Crust - Personal (reduced fat mozzarella)",Classic crust pizzas,1 slice,177,8.0,22.7,6.0,2.5,,1.01,3.6,1.5,744,,,,,,,false,true,,,Per slice; per pizza the guide prints 708 kcal
meat-lovers-classic-crust-large,"Meat Lovers, Classic Crust - Large",Classic crust pizzas,1 slice,249,12.0,26.6,10.5,4.9,,1.41,5.2,1.6,1046,,,,,,,false,true,,,Per slice; per pizza the guide prints 2493 kcal
meat-lovers-classic-crust-medium,"Meat Lovers, Classic Crust - Medium",Classic crust pizzas,1 slice,234,10.1,25.3,10.2,4.8,,1.27,4.9,1.6,980,,,,,,,false,true,,,Per slice; per pizza the guide prints 1869 kcal
meat-lovers-classic-crust-small,"Meat Lovers, Classic Crust - Small",Classic crust pizzas,1 slice,187,9.6,18.6,8.3,3.9,,1.06,2.5,1.5,784,,,,,,,false,true,,,Per slice; per pizza the guide prints 1122 kcal
meat-lovers-classic-crust-personal,"Meat Lovers, Classic Crust - Personal",Classic crust pizzas,1 slice,187,6.8,24.5,6.9,3.2,,0.93,3.4,1.2,785,,,,,,,false,true,,,Per slice; per pizza the guide prints 747 kcal
meat-lovers-classic-crust-large-reduced-fat-mozzarella,"Meat Lovers, Classic Crust - Large (reduced fat mozzarella)",Classic crust pizzas,1 slice,230,10.4,29.4,7.8,3.1,,1.38,5.6,3.2,968,,,,,,,false,true,,,Per slice; per pizza the guide prints 2300 kcal
meat-lovers-classic-crust-medium-reduced-fat-mozzarella,"Meat Lovers, Classic Crust - Medium (reduced fat mozzarella)",Classic crust pizzas,1 slice,213,12.5,23.2,7.8,3.2,,1.30,4.3,2.9,896,,,,,,,false,true,,,Per slice; per pizza the guide prints 1705 kcal
meat-lovers-classic-crust-small-reduced-fat-mozzarella,"Meat Lovers, Classic Crust - Small (reduced fat mozzarella)",Classic crust pizzas,1 slice,182,9.7,19.4,7.2,3.1,,1.13,2.6,1.8,764,,,,,,,false,true,,,Per slice; per pizza the guide prints 1092 kcal
meat-lovers-classic-crust-personal-reduced-fat-mozzarella,"Meat Lovers, Classic Crust - Personal (reduced fat mozzarella)",Classic crust pizzas,1 slice,173,7.3,22.6,5.9,2.5,,0.96,3.5,1.5,728,,,,,,,false,true,,,Per slice; per pizza the guide prints 692 kcal
meatzza-pizza-classic-crust-large,"Meatzza Pizza, Classic Crust - Large",Classic crust pizzas,1 slice,244,12.2,26.7,9.9,4.6,,1.40,5.3,1.7,1026,,,,,,,false,true,,,Per slice; per pizza the guide prints 2442 kcal
meatzza-pizza-classic-crust-medium,"Meatzza Pizza, Classic Crust - Medium",Classic crust pizzas,1 slice,229,10.3,25.5,9.6,4.6,,1.27,4.9,1.7,962,,,,,,,false,true,,,Per slice; per pizza the guide prints 1834 kcal
meatzza-pizza-classic-crust-small,"Meatzza Pizza, Classic Crust - Small",Classic crust pizzas,1 slice,183,9.7,18.8,7.6,3.6,,1.06,2.5,1.5,766,,,,,,,false,true,,,Per slice; per pizza the guide prints 1095 kcal
meatzza-pizza-classic-crust-personal,"Meatzza Pizza, Classic Crust - Personal",Classic crust pizzas,1 slice,181,6.8,24.7,6.1,2.8,,0.91,3.5,1.2,759,,,,,,,false,true,,,Per slice; per pizza the guide prints 722 kcal
meatzza-pizza-classic-crust-large-reduced-fat-mozzarella,"Meatzza Pizza, Classic Crust - Large (reduced fat mozzarella)",Classic crust pizzas,1 slice,225,10.6,29.6,7.2,2.8,,1.37,5.6,3.3,946,,,,,,,false,true,,,Per slice; per pizza the guide prints 2246 kcal
meatzza-pizza-classic-crust-medium-reduced-fat-mozzarella,"Meatzza Pizza, Classic Crust - Medium (reduced fat mozzarella)",Classic crust pizzas,1 slice,209,12.7,23.4,7.2,2.9,,1.30,4.3,2.9,880,,,,,,,false,true,,,Per slice; per pizza the guide prints 1674 kcal
meatzza-pizza-classic-crust-small-reduced-fat-mozzarella,"Meatzza Pizza, Classic Crust - Small (reduced fat mozzarella)",Classic crust pizzas,1 slice,177,9.9,19.6,6.6,2.8,,1.13,2.7,1.8,743,,,,,,,false,true,,,Per slice; per pizza the guide prints 1060 kcal
meatzza-pizza-classic-crust-personal-reduced-fat-mozzarella,"Meatzza Pizza, Classic Crust - Personal (reduced fat mozzarella)",Classic crust pizzas,1 slice,167,7.4,22.8,5.1,2.1,,0.95,3.6,1.5,701,,,,,,,false,true,,,Per slice; per pizza the guide prints 666 kcal
mighty-meaty-classic-crust-large,"Mighty Meaty®, Classic Crust - Large",Classic crust pizzas,1 slice,247,12.3,27.0,10.0,4.6,,1.42,5.5,1.8,1038,,,,,,,false,true,,,Per slice; per pizza the guide prints 2471 kcal
mighty-meaty-classic-crust-medium,"Mighty Meaty®, Classic Crust - Medium",Classic crust pizzas,1 slice,233,10.4,25.8,9.7,4.6,,1.28,5.1,1.8,976,,,,,,,false,true,,,Per slice; per pizza the guide prints 1860 kcal
mighty-meaty-classic-crust-small,"Mighty Meaty®, Classic Crust - Small",Classic crust pizzas,1 slice,184,9.8,19.1,7.7,3.6,,1.06,2.7,1.6,772,,,,,,,false,true,,,Per slice; per pizza the guide prints 1104 kcal
mighty-meaty-classic-crust-personal,"Mighty Meaty®, Classic Crust - Personal",Classic crust pizzas,1 slice,182,6.9,24.8,6.1,2.9,,0.92,3.6,1.3,766,,,,,,,false,true,,,Per slice; per pizza the guide prints 728 kcal
mighty-meaty-classic-crust-large-reduced-fat-mozzarella,"Mighty Meaty®, Classic Crust - Large (reduced fat mozzarella)",Classic crust pizzas,1 slice,229,10.7,29.9,7.3,2.9,,1.39,5.8,3.4,962,,,,,,,false,true,,,Per slice; per pizza the guide prints 2285 kcal
mighty-meaty-classic-crust-medium-reduced-fat-mozzarella,"Mighty Meaty®, Classic Crust - Medium (reduced fat mozzarella)",Classic crust pizzas,1 slice,212,12.8,23.6,7.3,3.0,,1.31,4.5,3.0,891,,,,,,,false,true,,,Per slice; per pizza the guide prints 1695 kcal
mighty-meaty-classic-crust-small-reduced-fat-mozzarella,"Mighty Meaty®, Classic Crust - Small (reduced fat mozzarella)",Classic crust pizzas,1 slice,179,10.0,19.8,6.6,2.9,,1.13,2.9,1.9,751,,,,,,,false,true,,,Per slice; per pizza the guide prints 1072 kcal
mighty-meaty-classic-crust-personal-reduced-fat-mozzarella,"Mighty Meaty®, Classic Crust - Personal (reduced fat mozzarella)",Classic crust pizzas,1 slice,169,7.5,23.0,5.2,2.1,,0.96,3.7,1.6,710,,,,,,,false,true,,,Per slice; per pizza the guide prints 674 kcal
mixed-grill-classic-crust-large,"Mixed Grill, Classic Crust - Large",Classic crust pizzas,1 slice,235,11.1,27.0,9.2,4.3,,1.19,5.5,1.7,986,,,,,,,false,true,,,Per slice; per pizza the guide prints 2347 kcal
mixed-grill-classic-crust-medium,"Mixed Grill, Classic Crust - Medium",Classic crust pizzas,1 slice,221,9.2,25.8,8.9,4.3,,1.06,5.1,1.7,927,,,,,,,false,true,,,Per slice; per pizza the guide prints 1765 kcal
mixed-grill-classic-crust-small,"Mixed Grill, Classic Crust - Small",Classic crust pizzas,1 slice,175,8.7,19.1,7.0,3.3,,0.86,2.8,1.6,735,,,,,,,false,true,,,Per slice; per pizza the guide prints 1050 kcal
mixed-grill-classic-crust-personal,"Mixed Grill, Classic Crust - Personal",Classic crust pizzas,1 slice,182,6.5,24.8,6.4,3.0,,0.85,3.6,1.2,767,,,,,,,false,true,,,Per slice; per pizza the guide prints 729 kcal
mixed-grill-classic-crust-large-reduced-fat-mozzarella,"Mixed Grill, Classic Crust - Large (reduced fat mozzarella)",Classic crust pizzas,1 slice,216,9.5,29.9,6.4,2.5,,1.16,5.9,3.3,909,,,,,,,false,true,,,Per slice; per pizza the guide prints 2158 kcal
mixed-grill-classic-crust-medium-reduced-fat-mozzarella,"Mixed Grill, Classic Crust - Medium (reduced fat mozzarella)",Classic crust pizzas,1 slice,75,4.4,8.9,2.4,1.0,,0.41,1.7,1.1,316,,,,,,,false,true,,,Per slice; per pizza the guide prints 600 kcal
mixed-grill-classic-crust-small-reduced-fat-mozzarella,"Mixed Grill, Classic Crust - Small (reduced fat mozzarella)",Classic crust pizzas,1 slice,169,8.9,19.9,6.0,2.6,,0.92,2.9,1.8,712,,,,,,,false,true,,,Per slice; per pizza the guide prints 1015 kcal
mixed-grill-classic-crust-personal-reduced-fat-mozzarella,"Mixed Grill, Classic Crust - Personal (reduced fat mozzarella)",Classic crust pizzas,1 slice,169,7.0,23.0,5.4,2.2,,0.88,3.7,1.6,710,,,,,,,false,true,,,Per slice; per pizza the guide prints 674 kcal
new-yorker-classic-crust-large,"New Yorker, Classic Crust - Large",Classic crust pizzas,1 slice,238,11.3,26.3,9.7,4.5,,1.33,5.2,1.6,999,,,,,,,false,true,,,Per slice; per pizza the guide prints 2380 kcal
new-yorker-classic-crust-medium,"New Yorker, Classic Crust - Medium",Classic crust pizzas,1 slice,224,9.4,25.1,9.5,4.5,,1.20,4.9,1.6,939,,,,,,,false,true,,,Per slice; per pizza the guide prints 1791 kcal
new-yorker-classic-crust-small,"New Yorker, Classic Crust - Small",Classic crust pizzas,1 slice,178,8.9,18.5,7.6,3.6,,1.00,2.5,1.5,746,,,,,,,false,true,,,Per slice; per pizza the guide prints 1066 kcal
new-yorker-classic-crust-personal,"New Yorker, Classic Crust - Personal",Classic crust pizzas,1 slice,180,6.3,24.3,6.4,3.0,,0.88,3.4,1.2,755,,,,,,,false,true,,,Per slice; per pizza the guide prints 718 kcal
new-yorker-classic-crust-large-reduced-fat-mozzarella,"New Yorker, Classic Crust - Large (reduced fat mozzarella)",Classic crust pizzas,1 slice,218,9.6,29.2,7.0,2.8,,1.30,5.6,3.2,917,,,,,,,false,true,,,Per slice; per pizza the guide prints 2178 kcal
new-yorker-classic-crust-medium-reduced-fat-mozzarella,"New Yorker, Classic Crust - Medium (reduced fat mozzarella)",Classic crust pizzas,1 slice,203,11.8,23.0,7.1,2.9,,1.23,4.3,2.9,853,,,,,,,false,true,,,Per slice; per pizza the guide prints 1623 kcal
new-yorker-classic-crust-small-reduced-fat-mozzarella,"New Yorker, Classic Crust - Small (reduced fat mozzarella)",Classic crust pizzas,1 slice,172,9.1,19.2,6.6,2.9,,1.07,2.6,1.7,722,,,,,,,false,true,,,Per slice; per pizza the guide prints 1031 kcal
new-yorker-classic-crust-personal-reduced-fat-mozzarella,"New Yorker, Classic Crust - Personal (reduced fat mozzarella)",Classic crust pizzas,1 slice,166,6.8,22.5,5.4,2.2,,0.91,3.5,1.5,698,,,,,,,false,true,,,Per slice; per pizza the guide prints 663 kcal
original-cheese-and-tomato-classic-crust-large,"Original Cheese and Tomato, Classic Crust - Large",Classic crust pizzas,1 slice,217,10.3,26.3,7.9,4.2,,1.00,5.2,1.5,913,,,,,,,false,true,,,Per slice; per pizza the guide prints 2171 kcal
original-cheese-and-tomato-classic-crust-medium,"Original Cheese and Tomato, Classic Crust - Medium",Classic crust pizzas,1 slice,202,8.4,25.1,7.5,4.1,,0.87,4.9,1.6,848,,,,,,,false,true,,,Per slice; per pizza the guide prints 1614 kcal
original-cheese-and-tomato-classic-crust-small,"Original Cheese and Tomato, Classic Crust - Small",Classic crust pizzas,1 slice,152,7.6,18.4,5.3,3.0,,0.64,2.5,1.4,638,,,,,,,false,true,,,Per slice; per pizza the guide prints 909 kcal
original-cheese-and-tomato-classic-crust-personal,"Original Cheese and Tomato, Classic Crust - Personal",Classic crust pizzas,1 slice,159,5.4,24.3,4.5,2.4,,0.66,3.4,1.1,671,,,,,,,false,true,,,Per slice; per pizza the guide prints 637 kcal
original-cheese-and-tomato-classic-crust-large-reduced-fat-mozzarella,"Original Cheese and Tomato, Classic Crust - Large (reduced fat mozzarella)",Classic crust pizzas,1 slice,194,9.1,29.4,4.5,2.0,,0.97,5.6,3.1,820,,,,,,,false,true,,,Per slice; per pizza the guide prints 1942 kcal
original-cheese-and-tomato-classic-crust-medium-reduced-fat-mozzarella,"Original Cheese and Tomato, Classic Crust - Medium (reduced fat mozzarella)",Classic crust pizzas,1 slice,178,11.1,23.2,4.5,2.1,,0.89,4.3,2.8,749,,,,,,,false,true,,,Per slice; per pizza the guide prints 1421 kcal
original-cheese-and-tomato-classic-crust-small-reduced-fat-mozzarella,"Original Cheese and Tomato, Classic Crust - Small (reduced fat mozzarella)",Classic crust pizzas,1 slice,143,8.1,19.3,3.8,1.9,,0.71,2.7,1.7,605,,,,,,,false,true,,,Per slice; per pizza the guide prints 860 kcal
original-cheese-and-tomato-classic-crust-personal-reduced-fat-mozzarella,"Original Cheese and Tomato, Classic Crust - Personal (reduced fat mozzarella)",Classic crust pizzas,1 slice,144,6.1,22.6,3.3,1.5,,0.69,3.5,1.4,608,,,,,,,false,true,,,Per slice; per pizza the guide prints 576 kcal
pepperoni-passion-classic-crust-large,"Pepperoni Passion, Classic Crust - Large",Classic crust pizzas,1 slice,264,12.2,26.4,12.2,5.9,,1.43,5.3,1.5,1108,,,,,,contains_pork,false,true,,,Per slice; per pizza the guide prints 2642 kcal
pepperoni-passion-classic-crust-medium,"Pepperoni Passion, Classic Crust - Medium",Classic crust pizzas,1 slice,249,10.3,25.2,11.8,5.8,,1.29,4.9,1.6,1042,,,,,,contains_pork,false,true,,,Per slice; per pizza the guide prints 1988 kcal
pepperoni-passion-classic-crust-small,"Pepperoni Passion, Classic Crust - Small",Classic crust pizzas,1 slice,201,9.6,18.5,9.8,4.8,,1.08,2.5,1.4,841,,,,,,contains_pork,false,true,,,Per slice; per pizza the guide prints 1205 kcal
pepperoni-passion-classic-crust-personal,"Pepperoni Passion, Classic Crust - Personal",Classic crust pizzas,1 slice,197,7.0,24.4,8.0,3.8,,0.99,3.5,1.1,828,,,,,,contains_pork,false,true,,,Per slice; per pizza the guide prints 788 kcal
pepperoni-passion-classic-crust-large-reduced-fat-mozzarella,"Pepperoni Passion, Classic Crust - Large (reduced fat mozzarella)",Classic crust pizzas,1 slice,241,11.0,29.5,8.8,3.7,,1.40,5.7,3.1,1015,,,,,,contains_pork,false,true,,,Per slice; per pizza the guide prints 2413 kcal
pepperoni-passion-classic-crust-medium-reduced-fat-mozzarella,"Pepperoni Passion, Classic Crust - Medium (reduced fat mozzarella)",Classic crust pizzas,1 slice,225,13.0,23.3,8.8,3.8,,1.32,4.4,2.8,944,,,,,,contains_pork,false,true,,,Per slice; per pizza the guide prints 1798 kcal
pepperoni-passion-classic-crust-small-reduced-fat-mozzarella,"Pepperoni Passion, Classic Crust - Small (reduced fat mozzarella)",Classic crust pizzas,1 slice,192,10.1,19.4,8.3,3.7,,1.15,2.7,1.7,806,,,,,,contains_pork,false,true,,,Per slice; per pizza the guide prints 1152 kcal
pepperoni-passion-classic-crust-personal-reduced-fat-mozzarella,"Pepperoni Passion, Classic Crust - Personal (reduced fat mozzarella)",Classic crust pizzas,1 slice,182,7.8,22.7,6.6,2.8,,1.03,3.6,1.4,763,,,,,,contains_pork,false,true,,,Per slice; per pizza the guide prints 726 kcal
ranch-bbq-classic-crust-large,"Ranch BBQ, Classic Crust - Large",Classic crust pizzas,1 slice,264,10.3,24.9,13.6,6.7,,1.35,10.4,1.5,1104,,,,,,,false,true,,,Per slice; per pizza the guide prints 2637 kcal
ranch-bbq-classic-crust-medium,"Ranch BBQ, Classic Crust - Medium",Classic crust pizzas,1 slice,249,11.8,28.4,9.8,4.9,,1.21,8.9,1.4,1047,,,,,,,false,true,,,Per slice; per pizza the guide prints 1994 kcal
ranch-bbq-classic-crust-small,"Ranch BBQ, Classic Crust - Small",Classic crust pizzas,1 slice,220,8.9,25.7,9.2,4.4,,1.24,7.9,1.0,925,,,,,,,false,true,,,Per slice; per pizza the guide prints 1322 kcal
ranch-bbq-classic-crust-personal,"Ranch BBQ, Classic Crust - Personal",Classic crust pizzas,1 slice,197,8.1,25.7,6.9,3.4,,1.04,6.9,1.0,828,,,,,,,false,true,,,Per slice; per pizza the guide prints 788 kcal
ranch-bbq-classic-crust-large-reduced-fat-mozzarella,"Ranch BBQ, Classic Crust - Large (reduced fat mozzarella)",Classic crust pizzas,1 slice,260,10.5,35.4,8.5,3.5,,1.60,10.5,2.3,1093,,,,,,,false,true,,,Per slice; per pizza the guide prints 2596 kcal
ranch-bbq-classic-crust-medium-reduced-fat-mozzarella,"Ranch BBQ, Classic Crust - Medium (reduced fat mozzarella)",Classic crust pizzas,1 slice,239,9.8,32.7,7.7,3.1,,1.58,8.2,1.4,1007,,,,,,,false,true,,,Per slice; per pizza the guide prints 1914 kcal
ranch-bbq-classic-crust-small-reduced-fat-mozzarella,"Ranch BBQ, Classic Crust - Small (reduced fat mozzarella)",Classic crust pizzas,1 slice,217,8.7,30.0,7.0,2.9,,1.12,7.1,1.6,914,,,,,,,false,true,,,Per slice; per pizza the guide prints 1302 kcal
ranch-bbq-classic-crust-personal-reduced-fat-mozzarella,"Ranch BBQ, Classic Crust - Personal (reduced fat mozzarella)",Classic crust pizzas,1 slice,183,6.9,26.0,5.7,2.4,,0.91,6.3,1.3,772,,,,,,,false,true,,,Per slice; per pizza the guide prints 733 kcal
scrummy-classic-crust-large,"Scrummy™, Classic Crust - Large",Classic crust pizzas,1 slice,266,13.2,27.1,11.6,5.2,,2.25,5.4,1.7,1114,,,,,,,false,true,,,Per slice; per pizza the guide prints 2657 kcal
scrummy-classic-crust-medium,"Scrummy™, Classic Crust - Medium",Classic crust pizzas,1 slice,250,11.2,25.8,11.3,5.2,,2.07,5.0,1.8,1048,,,,,,,false,true,,,Per slice; per pizza the guide prints 1998 kcal
scrummy-classic-crust-small,"Scrummy™, Classic Crust - Small",Classic crust pizzas,1 slice,202,10.5,19.1,9.2,4.2,,1.75,2.7,1.6,846,,,,,,,false,true,,,Per slice; per pizza the guide prints 1211 kcal
scrummy-classic-crust-personal,"Scrummy™, Classic Crust - Personal",Classic crust pizzas,1 slice,211,8.3,25.0,8.7,3.8,,1.62,3.6,1.3,886,,,,,,,false,true,,,Per slice; per pizza the guide prints 844 kcal
scrummy-classic-crust-large-reduced-fat-mozzarella,"Scrummy™, Classic Crust - Large (reduced fat mozzarella)",Classic crust pizzas,1 slice,246,11.6,29.9,8.9,3.5,,2.22,5.8,3.4,1034,,,,,,,false,true,,,Per slice; per pizza the guide prints 2460 kcal
scrummy-classic-crust-medium-reduced-fat-mozzarella,"Scrummy™, Classic Crust - Medium (reduced fat mozzarella)",Classic crust pizzas,1 slice,229,13.6,23.7,8.9,3.6,,2.10,4.5,3.0,964,,,,,,,false,true,,,Per slice; per pizza the guide prints 1834 kcal
scrummy-classic-crust-small-reduced-fat-mozzarella,"Scrummy™, Classic Crust - Small (reduced fat mozzarella)",Classic crust pizzas,1 slice,196,10.7,19.9,8.2,3.5,,1.82,2.8,1.9,823,,,,,,,false,true,,,Per slice; per pizza the guide prints 1176 kcal
scrummy-classic-crust-personal-reduced-fat-mozzarella,"Scrummy™, Classic Crust - Personal (reduced fat mozzarella)",Classic crust pizzas,1 slice,197,8.9,23.2,7.7,3.1,,1.66,3.7,1.6,828,,,,,,,false,true,,,Per slice; per pizza the guide prints 788 kcal
dominos-tandoori-hot-classic-crust-large,"Dominos Tandoori Hot®, Classic Crust - Large",Classic crust pizzas,1 slice,208,10.6,27.0,6.4,3.2,,2.06,5.6,1.8,875,,,,,,,false,true,,,Per slice; per pizza the guide prints 2077 kcal
dominos-tandoori-hot-classic-crust-medium,"Dominos Tandoori Hot®, Classic Crust - Medium",Classic crust pizzas,1 slice,193,8.7,25.7,6.2,3.2,,1.86,5.2,1.8,813,,,,,,,false,true,,,Per slice; per pizza the guide prints 1545 kcal
dominos-tandoori-hot-classic-crust-small,"Dominos Tandoori Hot®, Classic Crust - Small",Classic crust pizzas,1 slice,145,8.0,19.0,4.2,2.3,,1.53,2.8,1.7,612,,,,,,,false,true,,,Per slice; per pizza the guide prints 872 kcal
dominos-tandoori-hot-classic-crust-personal,"Dominos Tandoori Hot®, Classic Crust - Personal",Classic crust pizzas,1 slice,158,5.8,24.7,3.9,2.0,,1.34,3.6,1.3,665,,,,,,,false,true,,,Per slice; per pizza the guide prints 631 kcal
dominos-tandoori-hot-classic-crust-large-reduced-fat-mozzarella,"Dominos Tandoori Hot®, Classic Crust - Large (reduced fat mozzarella)",Classic crust pizzas,1 slice,188,9.0,29.8,3.7,1.4,,2.04,6.0,3.4,794,,,,,,,false,true,,,Per slice; per pizza the guide prints 1879 kcal
dominos-tandoori-hot-classic-crust-medium-reduced-fat-mozzarella,"Dominos Tandoori Hot®, Classic Crust - Medium (reduced fat mozzarella)",Classic crust pizzas,1 slice,172,11.1,23.6,3.8,1.6,,1.89,4.6,3.1,728,,,,,,,false,true,,,Per slice; per pizza the guide prints 1378 kcal
dominos-tandoori-hot-classic-crust-small-reduced-fat-mozzarella,"Dominos Tandoori Hot®, Classic Crust - Small (reduced fat mozzarella)",Classic crust pizzas,1 slice,140,8.1,19.7,3.2,1.5,,1.60,3.0,1.9,589,,,,,,,false,true,,,Per slice; per pizza the guide prints 837 kcal
dominos-tandoori-hot-classic-crust-personal-reduced-fat-mozzarella,"Dominos Tandoori Hot®, Classic Crust - Personal (reduced fat mozzarella)",Classic crust pizzas,1 slice,144,6.4,22.9,3.0,1.2,,1.37,3.7,1.6,608,,,,,,,false,true,,,Per slice; per pizza the guide prints 576 kcal
tandoori-sizzler-classic-crust-large,"Tandoori Sizzler, Classic Crust - Large",Classic crust pizzas,1 slice,207,10.4,27.1,6.4,3.2,,1.77,5.8,1.8,871,,,,,,,false,true,,,Per slice; per pizza the guide prints 2069 kcal
tandoori-sizzler-classic-crust-medium,"Tandoori Sizzler, Classic Crust - Medium",Classic crust pizzas,1 slice,192,8.4,25.7,6.2,3.2,,1.55,5.3,1.8,808,,,,,,,false,true,,,Per slice; per pizza the guide prints 1535 kcal
tandoori-sizzler-classic-crust-small,"Tandoori Sizzler, Classic Crust - Small",Classic crust pizzas,1 slice,145,7.8,19.0,4.2,2.2,,1.29,2.9,1.6,610,,,,,,,false,true,,,Per slice; per pizza the guide prints 869 kcal
tandoori-sizzler-classic-crust-personal,"Tandoori Sizzler, Classic Crust - Personal",Classic crust pizzas,1 slice,157,5.7,24.8,3.9,2.0,,1.16,3.7,1.3,663,,,,,,,false,true,,,Per slice; per pizza the guide prints 629 kcal
tandoori-sizzler-classic-crust-large-reduced-fat-mozzarella,"Tandoori Sizzler, Classic Crust - Large (reduced fat mozzarella)",Classic crust pizzas,1 slice,188,8.8,29.9,3.6,1.4,,1.74,6.1,3.4,792,,,,,,,false,true,,,Per slice; per pizza the guide prints 1875 kcal
tandoori-sizzler-classic-crust-medium-reduced-fat-mozzarella,"Tandoori Sizzler, Classic Crust - Medium (reduced fat mozzarella)",Classic crust pizzas,1 slice,171,10.9,23.6,3.7,1.6,,1.58,4.8,3.0,724,,,,,,,false,true,,,Per slice; per pizza the guide prints 1371 kcal
tandoori-sizzler-classic-crust-small-reduced-fat-mozzarella,"Tandoori Sizzler, Classic Crust - Small (reduced fat mozzarella)",Classic crust pizzas,1 slice,139,8.0,19.8,3.1,1.5,,1.36,3.1,1.9,588,,,,,,,false,true,,,Per slice; per pizza the guide prints 836 kcal
tandoori-sizzler-classic-crust-personal-reduced-fat-mozzarella,"Tandoori Sizzler, Classic Crust - Personal (reduced fat mozzarella)",Classic crust pizzas,1 slice,143,6.3,22.9,3.0,1.2,,1.20,3.8,1.6,605,,,,,,,false,true,,,Per slice; per pizza the guide prints 572 kcal
texas-bbq-classic-crust-large,"Texas BBQ, Classic Crust - Large",Classic crust pizzas,1 slice,231,8.7,25.1,10.6,5.5,,1.06,10.7,1.6,968,,,,,,,false,true,,,Per slice; per pizza the guide prints 2309 kcal
texas-bbq-classic-crust-medium,"Texas BBQ, Classic Crust - Medium",Classic crust pizzas,1 slice,219,10.4,28.5,6.9,3.7,,0.93,9.2,1.5,920,,,,,,,false,true,,,Per slice; per pizza the guide prints 1748 kcal
texas-bbq-classic-crust-small,"Texas BBQ, Classic Crust - Small",Classic crust pizzas,1 slice,192,7.5,25.8,6.5,3.3,,0.97,8.2,1.0,806,,,,,,,false,true,,,Per slice; per pizza the guide prints 1149 kcal
texas-bbq-classic-crust-personal,"Texas BBQ, Classic Crust - Personal",Classic crust pizzas,1 slice,182,7.4,25.8,5.5,2.8,,0.91,7.1,1.1,765,,,,,,,false,true,,,Per slice; per pizza the guide prints 727 kcal
texas-bbq-classic-crust-large-reduced-fat-mozzarella,"Texas BBQ, Classic Crust - Large (reduced fat mozzarella)",Classic crust pizzas,1 slice,226,8.9,35.5,5.4,2.3,,1.31,10.7,2.4,955,,,,,,,false,true,,,Per slice; per pizza the guide prints 2264 kcal
texas-bbq-classic-crust-medium-reduced-fat-mozzarella,"Texas BBQ, Classic Crust - Medium (reduced fat mozzarella)",Classic crust pizzas,1 slice,208,8.4,32.8,4.8,1.9,,1.30,8.5,1.5,878,,,,,,,false,true,,,Per slice; per pizza the guide prints 1665 kcal
texas-bbq-classic-crust-small-reduced-fat-mozzarella,"Texas BBQ, Classic Crust - Small (reduced fat mozzarella)",Classic crust pizzas,1 slice,188,7.3,30.1,4.3,1.8,,0.86,7.4,1.7,793,,,,,,,false,true,,,Per slice; per pizza the guide prints 1128 kcal
texas-bbq-classic-crust-personal-reduced-fat-mozzarella,"Texas BBQ, Classic Crust - Personal (reduced fat mozzarella)",Classic crust pizzas,1 slice,168,6.2,26.1,4.3,1.8,,0.78,6.5,1.3,709,,,,,,,false,true,,,Per slice; per pizza the guide prints 672 kcal
the-cheeseburger-classic-crust-large,"The Cheeseburger, Classic Crust - Large",Classic crust pizzas,1 slice,236,10.6,28.3,9.0,3.9,,1.25,6.5,1.9,993,,,,,,,false,true,,,Per slice; per pizza the guide prints 2363 kcal
the-cheeseburger-classic-crust-medium,"The Cheeseburger, Classic Crust - Medium",Classic crust pizzas,1 slice,218,8.6,26.9,8.5,3.8,,1.11,6.0,1.8,915,,,,,,,false,true,,,Per slice; per pizza the guide prints 1743 kcal
the-cheeseburger-classic-crust-small,"The Cheeseburger, Classic Crust - Small",Classic crust pizzas,1 slice,169,8.0,20.1,6.3,2.8,,0.86,3.5,1.7,712,,,,,,,false,true,,,Per slice; per pizza the guide prints 1016 kcal
the-cheeseburger-classic-crust-personal,"The Cheeseburger, Classic Crust - Personal",Classic crust pizzas,1 slice,175,5.8,25.6,5.5,2.4,,0.85,4.3,1.3,734,,,,,,,false,true,,,Per slice; per pizza the guide prints 698 kcal
the-cheeseburger-classic-crust-large-reduced-fat-mozzarella,"The Cheeseburger, Classic Crust - Large (reduced fat mozzarella)",Classic crust pizzas,1 slice,217,9.0,31.2,6.2,2.1,,1.23,6.8,3.5,915,,,,,,,false,true,,,Per slice; per pizza the guide prints 2171 kcal
the-cheeseburger-classic-crust-medium-reduced-fat-mozzarella,"The Cheeseburger, Classic Crust - Medium (reduced fat mozzarella)",Classic crust pizzas,1 slice,198,11.0,24.8,6.1,2.2,,1.12,5.4,3.1,834,,,,,,,false,true,,,Per slice; per pizza the guide prints 1584 kcal
the-cheeseburger-classic-crust-small-reduced-fat-mozzarella,"The Cheeseburger, Classic Crust - Small (reduced fat mozzarella)",Classic crust pizzas,1 slice,164,8.1,20.8,5.3,2.1,,0.93,3.7,1.9,689,,,,,,,false,true,,,Per slice; per pizza the guide prints 982 kcal
the-cheeseburger-classic-crust-personal-reduced-fat-mozzarella,"The Cheeseburger, Classic Crust - Personal (reduced fat mozzarella)",Classic crust pizzas,1 slice,162,6.4,23.7,4.6,1.7,,0.87,4.3,1.6,681,,,,,,,false,true,,,Per slice; per pizza the guide prints 646 kcal
the-meatfielder-classic-crust-large,"The Meatfielder, Classic Crust - Large",Classic crust pizzas,1 slice,262,12.0,26.8,11.9,5.4,,1.43,5.3,1.7,1099,,,,,,,false,true,,,Per slice; per pizza the guide prints 2622 kcal
the-meatfielder-classic-crust-medium,"The Meatfielder, Classic Crust - Medium",Classic crust pizzas,1 slice,247,10.1,25.6,11.6,5.3,,1.29,5.0,1.7,1034,,,,,,,false,true,,,Per slice; per pizza the guide prints 1973 kcal
the-meatfielder-classic-crust-small,"The Meatfielder, Classic Crust - Small",Classic crust pizzas,1 slice,199,9.5,19.0,9.4,4.3,,1.07,2.6,1.5,832,,,,,,,false,true,,,Per slice; per pizza the guide prints 1192 kcal
the-meatfielder-classic-crust-personal,"The Meatfielder, Classic Crust - Personal",Classic crust pizzas,1 slice,209,7.6,24.9,8.9,3.9,,1.10,3.6,1.2,879,,,,,,,false,true,,,Per slice; per pizza the guide prints 837 kcal
the-meatfielder-classic-crust-large-reduced-fat-mozzarella,"The Meatfielder, Classic Crust - Large (reduced fat mozzarella)",Classic crust pizzas,1 slice,243,10.4,29.7,9.2,3.6,,1.41,5.7,3.3,1021,,,,,,,false,true,,,Per slice; per pizza the guide prints 2429 kcal
the-meatfielder-classic-crust-medium-reduced-fat-mozzarella,"The Meatfielder, Classic Crust - Medium (reduced fat mozzarella)",Classic crust pizzas,1 slice,226,12.5,23.5,9.2,3.7,,1.32,4.4,2.9,950,,,,,,,false,true,,,Per slice; per pizza the guide prints 1810 kcal
the-meatfielder-classic-crust-small-reduced-fat-mozzarella,"The Meatfielder, Classic Crust - Small (reduced fat mozzarella)",Classic crust pizzas,1 slice,193,9.6,19.7,8.4,3.5,,1.14,2.8,1.8,808,,,,,,,false,true,,,Per slice; per pizza the guide prints 1156 kcal
the-meatfielder-classic-crust-personal-reduced-fat-mozzarella,"The Meatfielder, Classic Crust - Personal (reduced fat mozzarella)",Classic crust pizzas,1 slice,196,8.1,23.0,7.9,3.1,,1.13,3.6,1.6,822,,,,,,,false,true,,,Per slice; per pizza the guide prints 783 kcal
the-sizzler-classic-crust-large,"The Sizzler, Classic Crust - Large",Classic crust pizzas,1 slice,244,9.5,30.1,9.5,3.9,,2.37,6.0,2.2,1024,,,,,,,false,true,,,Per slice; per pizza the guide prints 2437 kcal
the-sizzler-classic-crust-medium,"The Sizzler, Classic Crust - Medium",Classic crust pizzas,1 slice,225,9.7,26.6,8.8,3.6,,2.27,4.3,2.0,944,,,,,,,false,true,,,Per slice; per pizza the guide prints 1798 kcal
the-sizzler-classic-crust-small,"The Sizzler, Classic Crust - Small",Classic crust pizzas,1 slice,218,9.3,25.9,8.6,3.6,,2.01,4.5,2.5,915,,,,,,,false,true,,,Per slice; per pizza the guide prints 1307 kcal
the-sizzler-classic-crust-personal,"The Sizzler, Classic Crust - Personal",Classic crust pizzas,1 slice,178,7.3,24.0,6.0,2.5,,1.53,3.7,1.9,749,,,,,,,false,true,,,Per slice; per pizza the guide prints 712 kcal
the-sizzler-classic-crust-large-reduced-fat-mozzarella,"The Sizzler, Classic Crust - Large (reduced fat mozzarella)",Classic crust pizzas,1 slice,224,9.5,28.5,8.0,2.6,,2.30,4.9,2.7,942,,,,,,,false,true,,,Per slice; per pizza the guide prints 2241 kcal
the-sizzler-classic-crust-medium-reduced-fat-mozzarella,"The Sizzler, Classic Crust - Medium (reduced fat mozzarella)",Classic crust pizzas,1 slice,209,10.7,24.5,7.6,2.5,,2.46,4.4,2.6,880,,,,,,,false,true,,,Per slice; per pizza the guide prints 1675 kcal
the-sizzler-classic-crust-small-reduced-fat-mozzarella,"The Sizzler, Classic Crust - Small (reduced fat mozzarella)",Classic crust pizzas,1 slice,204,8.8,26.9,6.8,2.3,,1.98,5.1,1.6,860,,,,,,,false,true,,,Per slice; per pizza the guide prints 1226 kcal
the-sizzler-classic-crust-personal-reduced-fat-mozzarella,"The Sizzler, Classic Crust - Personal (reduced fat mozzarella)",Classic crust pizzas,1 slice,166,6.7,23.7,4.9,1.6,,1.76,4.3,1.6,697,,,,,,,false,true,,,Per slice; per pizza the guide prints 662 kcal
the-ultimate-hot-honey-pepperoni-classic-crust-large,"The Ultimate Hot Honey Pepperoni, Classic Crust - Large",Classic crust pizzas,1 slice,216,9.8,25.8,8.2,3.6,,1.09,4.7,1.7,909,,,,,,contains_pork,false,true,,,Per slice; per pizza the guide prints 2164 kcal
the-ultimate-hot-honey-pepperoni-classic-crust-medium,"The Ultimate Hot Honey Pepperoni, Classic Crust - Medium",Classic crust pizzas,1 slice,224,8.4,26.8,9.2,4.4,,1.10,6.4,1.6,939,,,,,,contains_pork,false,true,,,Per slice; per pizza the guide prints 1788 kcal
the-ultimate-hot-honey-pepperoni-classic-crust-small,"The Ultimate Hot Honey Pepperoni, Classic Crust - Small",Classic crust pizzas,1 slice,202,8.1,24.4,8.0,3.6,,1.03,4.7,1.0,846,,,,,,contains_pork,false,true,,,Per slice; per pizza the guide prints 1209 kcal
the-ultimate-hot-honey-pepperoni-classic-crust-personal,"The Ultimate Hot Honey Pepperoni, Classic Crust - Personal",Classic crust pizzas,1 slice,179,5.7,25.5,6.0,2.8,,0.83,4.4,1.1,751,,,,,,contains_pork,false,true,,,Per slice; per pizza the guide prints 714 kcal
the-ultimate-hot-honey-pepperoni-classic-crust-large-reduced-fat-mozzarella,"The Ultimate Hot Honey Pepperoni, Classic Crust - Large (reduced fat mozzarella)",Classic crust pizzas,1 slice,218,8.6,31.0,6.7,2.6,,1.20,7.2,3.1,920,,,,,,contains_pork,false,true,,,Per slice; per pizza the guide prints 2184 kcal
the-ultimate-hot-honey-pepperoni-classic-crust-medium-reduced-fat-mozzarella,"The Ultimate Hot Honey Pepperoni, Classic Crust - Medium (reduced fat mozzarella)",Classic crust pizzas,1 slice,203,10.8,24.7,6.8,2.8,,1.13,5.8,2.8,854,,,,,,contains_pork,false,true,,,Per slice; per pizza the guide prints 1623 kcal
the-ultimate-hot-honey-pepperoni-classic-crust-small-reduced-fat-mozzarella,"The Ultimate Hot Honey Pepperoni, Classic Crust - Small (reduced fat mozzarella)",Classic crust pizzas,1 slice,110,4.2,15.7,3.3,1.4,,0.58,3.0,1.0,461,,,,,,contains_pork,false,true,,,Per slice; per pizza the guide prints 657 kcal
the-ultimate-hot-honey-pepperoni-classic-crust-personal-reduced-fat-mozzarella,"The Ultimate Hot Honey Pepperoni, Classic Crust - Personal (reduced fat mozzarella)",Classic crust pizzas,1 slice,302,11.5,39.8,10.8,4.3,,1.59,7.4,2.7,1271,,,,,,contains_pork,false,true,,,Per slice; per pizza the guide prints 1209 kcal
the-ultimate-hot-honey-nduja-pepperoni-classic-crust-large,"The Ultimate Hot Honey Nduja Pepperoni, Classic Crust - Large",Classic crust pizzas,1 slice,250,10.8,28.2,10.5,4.4,,1.49,6.5,1.4,1050,,,,,,contains_pork,false,true,,,Per slice; per pizza the guide prints 2501 kcal
the-ultimate-hot-honey-nduja-pepperoni-classic-crust-medium,"The Ultimate Hot Honey Nduja Pepperoni, Classic Crust - Medium",Classic crust pizzas,1 slice,240,9.2,26.8,10.7,5.0,,1.22,6.4,1.6,1006,,,,,,contains_pork,false,true,,,Per slice; per pizza the guide prints 1919 kcal
the-ultimate-hot-honey-nduja-pepperoni-classic-crust-small,"The Ultimate Hot Honey Nduja Pepperoni, Classic Crust - Small",Classic crust pizzas,1 slice,217,8.8,24.4,9.4,4.2,,1.14,4.8,1.0,910,,,,,,contains_pork,false,true,,,Per slice; per pizza the guide prints 1301 kcal
the-ultimate-hot-honey-nduja-pepperoni-classic-crust-personal,"The Ultimate Hot Honey Nduja Pepperoni, Classic Crust - Personal",Classic crust pizzas,1 slice,190,6.2,25.5,7.0,3.2,,0.92,4.5,1.1,799,,,,,,contains_pork,false,true,,,Per slice; per pizza the guide prints 760 kcal
the-ultimate-hot-honey-nduja-pepperoni-classic-crust-large-reduced-fat-mozzarella,"The Ultimate Hot Honey Nduja Pepperoni, Classic Crust - Large (reduced fat mozzarella)",Classic crust pizzas,1 slice,238,9.5,31.0,8.4,3.3,,1.33,7.2,3.1,999,,,,,,contains_pork,false,true,,,Per slice; per pizza the guide prints 2376 kcal
the-ultimate-hot-honey-nduja-pepperoni-classic-crust-medium-reduced-fat-mozzarella,"The Ultimate Hot Honey Nduja Pepperoni, Classic Crust - Medium (reduced fat mozzarella)",Classic crust pizzas,1 slice,220,11.6,24.7,8.3,3.4,,1.25,5.8,2.8,923,,,,,,contains_pork,false,true,,,Per slice; per pizza the guide prints 1756 kcal
the-ultimate-hot-honey-nduja-pepperoni-classic-crust-small-reduced-fat-mozzarella,"The Ultimate Hot Honey Nduja Pepperoni, Classic Crust - Small (reduced fat mozzarella)",Classic crust pizzas,1 slice,217,8.4,26.5,8.6,3.4,,1.17,5.0,1.8,909,,,,,,contains_pork,false,true,,,Per slice; per pizza the guide prints 1299 kcal
the-ultimate-hot-honey-nduja-pepperoni-classic-crust-personal-reduced-fat-mozzarella,"The Ultimate Hot Honey Nduja Pepperoni, Classic Crust - Personal (reduced fat mozzarella)",Classic crust pizzas,1 slice,176,6.8,23.7,6.1,2.5,,0.95,4.5,1.5,740,,,,,,contains_pork,false,true,,,Per slice; per pizza the guide prints 704 kcal
the-ultimate-honey-chilli-chicken-classic-crust-large,"The Ultimate Honey Chilli Chicken, Classic Crust - Large",Classic crust pizzas,1 slice,204,9.4,27.7,5.6,2.5,,0.97,6.4,1.7,855,,,,,,,false,true,,,Per slice; per pizza the guide prints 2043 kcal
the-ultimate-honey-chilli-chicken-classic-crust-medium,"The Ultimate Honey Chilli Chicken, Classic Crust - Medium",Classic crust pizzas,1 slice,203,8.0,27.8,6.2,3.2,,0.90,6.9,1.8,853,,,,,,,false,true,,,Per slice; per pizza the guide prints 1623 kcal
the-ultimate-honey-chilli-chicken-classic-crust-small,"The Ultimate Honey Chilli Chicken, Classic Crust - Small",Classic crust pizzas,1 slice,179,7.6,25.3,5.0,2.4,,0.82,5.3,1.3,752,,,,,,,false,true,,,Per slice; per pizza the guide prints 1071 kcal
the-ultimate-honey-chilli-chicken-classic-crust-personal,"The Ultimate Honey Chilli Chicken, Classic Crust - Personal",Classic crust pizzas,1 slice,165,5.5,26.2,4.0,2.0,,0.70,4.8,1.3,694,,,,,,,false,true,,,Per slice; per pizza the guide prints 658 kcal
the-ultimate-honey-chilli-chicken-classic-crust-large-reduced-fat-mozzarella,"The Ultimate Honey Chilli Chicken, Classic Crust - Large (reduced fat mozzarella)",Classic crust pizzas,1 slice,202,8.4,32.1,3.7,1.4,,1.01,7.8,3.4,851,,,,,,,false,true,,,Per slice; per pizza the guide prints 2019 kcal
the-ultimate-honey-chilli-chicken-classic-crust-medium-reduced-fat-mozzarella,"The Ultimate Honey Chilli Chicken, Classic Crust - Medium (reduced fat mozzarella)",Classic crust pizzas,1 slice,185,10.5,25.7,3.8,1.5,,0.93,6.4,3.1,778,,,,,,,false,true,,,Per slice; per pizza the guide prints 1479 kcal
the-ultimate-honey-chilli-chicken-classic-crust-small-reduced-fat-mozzarella,"The Ultimate Honey Chilli Chicken, Classic Crust - Small (reduced fat mozzarella)",Classic crust pizzas,1 slice,180,7.2,27.5,4.2,1.7,,0.85,5.5,2.0,759,,,,,,,false,true,,,Per slice; per pizza the guide prints 1081 kcal
the-ultimate-honey-chilli-chicken-classic-crust-personal-reduced-fat-mozzarella,"The Ultimate Honey Chilli Chicken, Classic Crust - Personal (reduced fat mozzarella)",Classic crust pizzas,1 slice,152,6.0,24.3,3.0,1.2,,0.74,4.9,1.6,639,,,,,,,false,true,,,Per slice; per pizza the guide prints 606 kcal
tuna-supreme-classic-crust-large,"Tuna Supreme, Classic Crust - Large",Classic crust pizzas,1 slice,213,10.5,27.5,6.8,3.2,,1.02,5.9,1.9,896,,,,,,,false,true,,,Per slice; per pizza the guide prints 2129 kcal
tuna-supreme-classic-crust-medium,"Tuna Supreme, Classic Crust - Medium",Classic crust pizzas,1 slice,196,8.3,26.2,6.5,3.2,,0.86,5.5,1.9,823,,,,,,,false,true,,,Per slice; per pizza the guide prints 1564 kcal
tuna-supreme-classic-crust-small,"Tuna Supreme, Classic Crust - Small",Classic crust pizzas,1 slice,149,7.8,19.3,4.5,2.2,,0.66,3.0,1.7,628,,,,,,,false,true,,,Per slice; per pizza the guide prints 895 kcal
tuna-supreme-classic-crust-personal,"Tuna Supreme, Classic Crust - Personal",Classic crust pizzas,1 slice,161,5.8,25.0,4.2,2.0,,0.69,3.8,1.3,677,,,,,,,false,true,,,Per slice; per pizza the guide prints 642 kcal
tuna-supreme-classic-crust-large-reduced-fat-mozzarella,"Tuna Supreme, Classic Crust - Large (reduced fat mozzarella)",Classic crust pizzas,1 slice,194,8.9,30.3,4.1,1.4,,0.99,6.3,3.5,818,,,,,,,false,true,,,Per slice; per pizza the guide prints 1936 kcal
tuna-supreme-classic-crust-medium-reduced-fat-mozzarella,"Tuna Supreme, Classic Crust - Medium (reduced fat mozzarella)",Classic crust pizzas,1 slice,175,10.7,24.1,4.0,1.6,,0.89,5.0,3.1,740,,,,,,,false,true,,,Per slice; per pizza the guide prints 1402 kcal
tuna-supreme-classic-crust-small-reduced-fat-mozzarella,"Tuna Supreme, Classic Crust - Small (reduced fat mozzarella)",Classic crust pizzas,1 slice,144,8.0,20.1,3.5,1.5,,0.73,3.2,2.0,607,,,,,,,false,true,,,Per slice; per pizza the guide prints 864 kcal
tuna-supreme-classic-crust-personal-reduced-fat-mozzarella,"Tuna Supreme, Classic Crust - Personal (reduced fat mozzarella)",Classic crust pizzas,1 slice,147,6.3,23.1,3.2,1.2,,0.72,3.9,1.7,619,,,,,,,false,true,,,Per slice; per pizza the guide prints 586 kcal
veg-a-roma-classic-crust-large,"Veg-a-Roma®, Classic Crust - Large",Classic crust pizzas,1 slice,212,6.9,30.0,7.2,3.0,,0.97,6.1,2.2,894,,,,,,,false,true,,,Per slice; per pizza the guide prints 2124 kcal
veg-a-roma-classic-crust-medium,"Veg-a-Roma®, Classic Crust - Medium",Classic crust pizzas,1 slice,194,7.3,26.5,6.5,2.7,,0.96,4.4,2.0,815,,,,,,,false,true,,,Per slice; per pizza the guide prints 1549 kcal
veg-a-roma-classic-crust-small,"Veg-a-Roma®, Classic Crust - Small",Classic crust pizzas,1 slice,188,7.0,25.9,6.3,2.6,,0.81,4.6,2.5,791,,,,,,,false,true,,,Per slice; per pizza the guide prints 1128 kcal
veg-a-roma-classic-crust-personal,"Veg-a-Roma®, Classic Crust - Personal",Classic crust pizzas,1 slice,162,5.8,24.0,4.8,2.0,,0.69,3.9,2.0,681,,,,,,,false,true,,,Per slice; per pizza the guide prints 646 kcal
veg-a-roma-classic-crust-large-reduced-fat-mozzarella,"Veg-a-Roma®, Classic Crust - Large (reduced fat mozzarella)",Classic crust pizzas,1 slice,193,6.9,28.5,5.7,1.7,,0.91,5.0,2.8,814,,,,,,,false,true,,,Per slice; per pizza the guide prints 1931 kcal
veg-a-roma-classic-crust-medium-reduced-fat-mozzarella,"Veg-a-Roma®, Classic Crust - Medium (reduced fat mozzarella)",Classic crust pizzas,1 slice,178,8.3,24.5,5.3,1.6,,1.14,4.5,2.7,751,,,,,,,false,true,,,Per slice; per pizza the guide prints 1426 kcal
veg-a-roma-classic-crust-small-reduced-fat-mozzarella,"Veg-a-Roma®, Classic Crust - Small (reduced fat mozzarella)",Classic crust pizzas,1 slice,174,6.5,26.8,4.5,1.3,,0.79,5.2,1.6,732,,,,,,,false,true,,,Per slice; per pizza the guide prints 1041 kcal
veg-a-roma-classic-crust-personal-reduced-fat-mozzarella,"Veg-a-Roma®, Classic Crust - Personal (reduced fat mozzarella)",Classic crust pizzas,1 slice,149,5.2,23.7,3.7,1.1,,0.93,4.4,1.6,627,,,,,,,false,true,,,Per slice; per pizza the guide prints 595 kcal
vegi-classic-classic-crust-large,"Vegi Classic, Classic Crust - Large",Classic crust pizzas,1 slice,199,9.0,26.8,6.2,3.1,,0.88,5.7,1.8,838,,,,,,,false,true,,,Per slice; per pizza the guide prints 1991 kcal
vegi-classic-classic-crust-medium,"Vegi Classic, Classic Crust - Medium",Classic crust pizzas,1 slice,184,7.1,25.6,6.0,3.1,,0.76,5.3,1.8,775,,,,,,,false,true,,,Per slice; per pizza the guide prints 1474 kcal
vegi-classic-classic-crust-small,"Vegi Classic, Classic Crust - Small",Classic crust pizzas,1 slice,138,6.6,18.9,4.0,2.2,,0.55,2.9,1.6,582,,,,,,,false,true,,,Per slice; per pizza the guide prints 829 kcal
vegi-classic-classic-crust-personal-2,"Vegi Classic, Classic Crust - Personal",Classic crust pizzas,1 slice,152,4.8,24.6,3.8,1.9,,0.61,3.7,1.3,641,,,,,,,false,true,,,Per slice; per pizza the guide prints 608 kcal
vegi-classic-classic-crust-large-reduced-fat-mozzarella,"Vegi Classic, Classic Crust - Large (reduced fat mozzarella)",Classic crust pizzas,1 slice,180,7.3,29.7,3.5,1.3,,0.86,6.0,3.4,760,,,,,,,false,true,,,Per slice; per pizza the guide prints 1797 kcal
vegi-classic-classic-crust-medium-reduced-fat-mozzarella,"Vegi Classic, Classic Crust - Medium (reduced fat mozzarella)",Classic crust pizzas,1 slice,164,9.5,23.4,3.6,1.5,,0.79,4.7,3.0,691,,,,,,,false,true,,,Per slice; per pizza the guide prints 1309 kcal
vegi-classic-classic-crust-small-reduced-fat-mozzarella,"Vegi Classic, Classic Crust - Small (reduced fat mozzarella)",Classic crust pizzas,1 slice,132,6.8,19.6,3.0,1.4,,0.62,3.0,1.9,558,,,,,,,false,true,,,Per slice; per pizza the guide prints 792 kcal
vegi-classic-classic-crust-personal-reduced-fat-mozzarella,"Vegi Classic, Classic Crust - Personal (reduced fat mozzarella)",Classic crust pizzas,1 slice,138,5.4,22.8,2.9,1.2,,0.64,3.8,1.6,584,,,,,,,false,true,,,Per slice; per pizza the guide prints 553 kcal
vegi-sizzler-classic-crust-large,"Vegi Sizzler, Classic Crust - Large",Classic crust pizzas,1 slice,198,9.0,26.8,6.2,3.1,,0.88,5.7,1.7,835,,,,,,,false,true,,,Per slice; per pizza the guide prints 1982 kcal
vegi-sizzler-classic-crust-medium,"Vegi Sizzler, Classic Crust - Medium",Classic crust pizzas,1 slice,185,7.1,25.5,6.0,3.1,,0.76,5.3,1.7,778,,,,,,,false,true,,,Per slice; per pizza the guide prints 1478 kcal
vegi-sizzler-classic-crust-small,"Vegi Sizzler, Classic Crust - Small",Classic crust pizzas,1 slice,138,6.6,18.8,4.0,2.2,,0.55,2.9,1.5,582,,,,,,,false,true,,,Per slice; per pizza the guide prints 828 kcal
vegi-sizzler-classic-crust-personal,"Vegi Sizzler, Classic Crust - Personal",Classic crust pizzas,1 slice,152,4.8,24.6,3.8,1.9,,0.61,3.7,1.2,641,,,,,,,false,true,,,Per slice; per pizza the guide prints 608 kcal
vegi-sizzler-classic-crust-large-reduced-fat-mozzarella,"Vegi Sizzler, Classic Crust - Large (reduced fat mozzarella)",Classic crust pizzas,1 slice,180,7.4,29.7,3.5,1.3,,0.86,6.0,3.3,759,,,,,,,false,true,,,Per slice; per pizza the guide prints 1796 kcal
vegi-sizzler-classic-crust-medium-reduced-fat-mozzarella,"Vegi Sizzler, Classic Crust - Medium (reduced fat mozzarella)",Classic crust pizzas,1 slice,164,9.6,23.4,3.6,1.5,,0.79,4.7,3.0,694,,,,,,,false,true,,,Per slice; per pizza the guide prints 1315 kcal
vegi-sizzler-classic-crust-small-reduced-fat-mozzarella,"Vegi Sizzler, Classic Crust - Small (reduced fat mozzarella)",Classic crust pizzas,1 slice,133,6.8,19.6,3.0,1.4,,0.62,3.0,1.8,559,,,,,,,false,true,,,Per slice; per pizza the guide prints 795 kcal
vegi-sizzler-classic-crust-personal-reduced-fat-mozzarella,"Vegi Sizzler, Classic Crust - Personal (reduced fat mozzarella)",Classic crust pizzas,1 slice,138,5.4,22.8,2.9,1.2,,0.64,3.8,1.5,582,,,,,,,false,true,,,Per slice; per pizza the guide prints 551 kcal
vegi-supreme-classic-crust-large,"Vegi Supreme, Classic Crust - Large",Classic crust pizzas,1 slice,202,9.1,27.5,6.2,3.1,,0.88,6.0,1.9,850,,,,,,,false,true,,,Per slice; per pizza the guide prints 2018 kcal
vegi-supreme-classic-crust-medium,"Vegi Supreme, Classic Crust - Medium",Classic crust pizzas,1 slice,187,7.2,26.0,6.1,3.1,,0.76,5.5,1.9,786,,,,,,,false,true,,,Per slice; per pizza the guide prints 1494 kcal
vegi-supreme-classic-crust-small,"Vegi Supreme, Classic Crust - Small",Classic crust pizzas,1 slice,140,6.7,19.3,4.1,2.2,,0.55,3.1,1.7,592,,,,,,,false,true,,,Per slice; per pizza the guide prints 842 kcal
vegi-supreme-classic-crust-personal,"Vegi Supreme, Classic Crust - Personal",Classic crust pizzas,1 slice,154,4.9,24.9,3.9,1.9,,0.61,3.8,1.3,648,,,,,,,false,true,,,Per slice; per pizza the guide prints 615 kcal
vegi-supreme-classic-crust-large-reduced-fat-mozzarella,"Vegi Supreme, Classic Crust - Large (reduced fat mozzarella)",Classic crust pizzas,1 slice,182,7.4,30.2,3.5,1.4,,0.86,6.3,3.5,770,,,,,,,false,true,,,Per slice; per pizza the guide prints 1821 kcal
vegi-supreme-classic-crust-medium-reduced-fat-mozzarella,"Vegi Supreme, Classic Crust - Medium (reduced fat mozzarella)",Classic crust pizzas,1 slice,167,9.6,23.9,3.6,1.5,,0.79,4.9,3.1,703,,,,,,,false,true,,,Per slice; per pizza the guide prints 1332 kcal
vegi-supreme-classic-crust-small-reduced-fat-mozzarella,"Vegi Supreme, Classic Crust - Small (reduced fat mozzarella)",Classic crust pizzas,1 slice,135,6.8,20.0,3.0,1.4,,0.62,3.2,2.0,569,,,,,,,false,true,,,Per slice; per pizza the guide prints 808 kcal
vegi-supreme-classic-crust-personal-reduced-fat-mozzarella,"Vegi Supreme, Classic Crust - Personal (reduced fat mozzarella)",Classic crust pizzas,1 slice,140,5.4,23.1,2.9,1.2,,0.64,3.9,1.6,591,,,,,,,false,true,,,Per slice; per pizza the guide prints 560 kcal
vegi-volcano-classic-crust-large,"Vegi Volcano, Classic Crust - Large",Classic crust pizzas,1 slice,231,8.3,29.6,8.9,4.0,,1.20,6.1,2.0,972,,,,,,,false,true,,,Per slice; per pizza the guide prints 2313 kcal
vegi-volcano-classic-crust-medium,"Vegi Volcano, Classic Crust - Medium",Classic crust pizzas,1 slice,211,8.5,26.1,8.1,3.6,,1.15,4.4,1.9,887,,,,,,,false,true,,,Per slice; per pizza the guide prints 1689 kcal
vegi-volcano-classic-crust-small,"Vegi Volcano, Classic Crust - Small",Classic crust pizzas,1 slice,201,8.0,25.3,7.6,3.4,,0.98,4.5,2.3,844,,,,,,,false,true,,,Per slice; per pizza the guide prints 1205 kcal
vegi-volcano-classic-crust-personal,"Vegi Volcano, Classic Crust - Personal",Classic crust pizzas,1 slice,171,6.5,23.5,5.7,2.6,,0.80,3.8,1.8,719,,,,,,,false,true,,,Per slice; per pizza the guide prints 683 kcal
vegi-volcano-classic-crust-large-reduced-fat-mozzarella,"Vegi Volcano, Classic Crust - Large (reduced fat mozzarella)",Classic crust pizzas,1 slice,208,8.6,28.2,6.8,2.4,,1.13,5.0,2.6,877,,,,,,,false,true,,,Per slice; per pizza the guide prints 2084 kcal
vegi-volcano-classic-crust-medium-reduced-fat-mozzarella,"Vegi Volcano, Classic Crust - Medium (reduced fat mozzarella)",Classic crust pizzas,1 slice,192,9.8,24.2,6.2,2.2,,1.34,4.4,2.5,808,,,,,,,false,true,,,Per slice; per pizza the guide prints 1535 kcal
vegi-volcano-classic-crust-small-reduced-fat-mozzarella,"Vegi Volcano, Classic Crust - Small (reduced fat mozzarella)",Classic crust pizzas,1 slice,184,7.8,26.4,5.3,1.9,,0.95,5.1,1.4,776,,,,,,,false,true,,,Per slice; per pizza the guide prints 1105 kcal
vegi-volcano-classic-crust-personal-reduced-fat-mozzarella,"Vegi Volcano, Classic Crust - Personal (reduced fat mozzarella)",Classic crust pizzas,1 slice,156,6.1,23.3,4.3,1.5,,1.03,4.3,1.5,657,,,,,,,false,true,,,Per slice; per pizza the guide prints 623 kcal
absolute-banger-italian-style-crust-large,"Absolute Banger, Italian Style Crust - Large",Italian style crust pizzas,1 slice,215,11.3,19.3,10.3,4.7,,1.03,5.2,1.4,902,,,,,,,false,true,,,Per slice; per pizza the guide prints 2153 kcal
absolute-banger-italian-style-crust-medium,"Absolute Banger, Italian Style Crust - Medium",Italian style crust pizzas,1 slice,193,9.5,17.2,9.6,4.4,,0.94,4.3,1.4,808,,,,,,,false,true,,,Per slice; per pizza the guide prints 1544 kcal
absolute-banger-italian-style-crust-small,"Absolute Banger, Italian Style Crust - Small",Italian style crust pizzas,1 slice,179,7.6,17.5,8.8,4.1,,0.82,1.8,1.0,751,,,,,,,false,true,,,Per slice; per pizza the guide prints 1076 kcal
absolute-banger-italian-style-crust-large-reduced-fat-mozzarella,"Absolute Banger, Italian Style Crust - Large (reduced fat mozzarella)",Italian style crust pizzas,1 slice,197,10.2,20.1,8.4,3.6,,0.99,4.4,2.5,827,,,,,,,false,true,,,Per slice; per pizza the guide prints 1971 kcal
absolute-banger-italian-style-crust-medium-reduced-fat-mozzarella,"Absolute Banger, Italian Style Crust - Medium (reduced fat mozzarella)",Italian style crust pizzas,1 slice,177,8.0,17.7,8.3,3.5,,1.10,4.0,2.0,742,,,,,,,false,true,,,Per slice; per pizza the guide prints 1417 kcal
absolute-banger-italian-style-crust-small-reduced-fat-mozzarella,"Absolute Banger, Italian Style Crust - Small (reduced fat mozzarella)",Italian style crust pizzas,1 slice,164,8.2,17.0,7.1,2.9,,0.88,1.8,1.3,690,,,,,,,false,true,,,Per slice; per pizza the guide prints 986 kcal
american-hot-italian-style-crust-large,"American Hot, Italian Style Crust - Large",Italian style crust pizzas,1 slice,197,10.2,19.3,8.8,4.2,,1.31,5.4,1.5,825,,,,,,,false,true,,,Per slice; per pizza the guide prints 1968 kcal
american-hot-italian-style-crust-medium,"American Hot, Italian Style Crust - Medium",Italian style crust pizzas,1 slice,173,8.3,17.1,7.9,3.7,,1.17,4.5,1.5,725,,,,,,,false,true,,,Per slice; per pizza the guide prints 1384 kcal
american-hot-italian-style-crust-small,"American Hot, Italian Style Crust - Small",Italian style crust pizzas,1 slice,161,6.5,17.4,7.3,3.5,,1.06,2.0,1.1,673,,,,,,,false,true,,,Per slice; per pizza the guide prints 963 kcal
american-hot-italian-style-crust-large-reduced-fat-mozzarella,"American Hot, Italian Style Crust - Large (reduced fat mozzarella)",Italian style crust pizzas,1 slice,179,9.1,20.1,6.9,3.1,,1.28,4.7,2.6,753,,,,,,,false,true,,,Per slice; per pizza the guide prints 1793 kcal
american-hot-italian-style-crust-medium-reduced-fat-mozzarella,"American Hot, Italian Style Crust - Medium (reduced fat mozzarella)",Italian style crust pizzas,1 slice,157,6.8,17.6,6.6,2.9,,1.34,4.2,2.1,659,,,,,,,false,true,,,Per slice; per pizza the guide prints 1256 kcal
american-hot-italian-style-crust-small-reduced-fat-mozzarella,"American Hot, Italian Style Crust - Small (reduced fat mozzarella)",Italian style crust pizzas,1 slice,146,7.0,16.9,5.6,2.3,,1.11,2.0,1.4,612,,,,,,,false,true,,,Per slice; per pizza the guide prints 873 kcal
americano-italian-style-crust-large,"Americano, Italian Style Crust - Large",Italian style crust pizzas,1 slice,224,7.9,29.5,8.2,3.9,,1.40,11.1,1.5,941,,,,,,,false,true,,,Per slice; per pizza the guide prints 2238 kcal
americano-italian-style-crust-medium,"Americano, Italian Style Crust - Medium",Italian style crust pizzas,1 slice,192,7.2,23.5,7.7,3.6,,1.29,9.3,1.5,807,,,,,,,false,true,,,Per slice; per pizza the guide prints 1537 kcal
americano-italian-style-crust-small,"Americano, Italian Style Crust - Small",Italian style crust pizzas,1 slice,161,7.1,18.0,6.8,3.4,,1.03,6.8,1.1,676,,,,,,,false,true,,,Per slice; per pizza the guide prints 966 kcal
americano-italian-style-crust-large-reduced-fat-mozzarella,"Americano, Italian Style Crust - Large (reduced fat mozzarella)",Italian style crust pizzas,1 slice,208,7.5,28.9,6.9,2.9,,1.18,11.3,1.8,874,,,,,,,false,true,,,Per slice; per pizza the guide prints 2076 kcal
americano-italian-style-crust-medium-reduced-fat-mozzarella,"Americano, Italian Style Crust - Medium (reduced fat mozzarella)",Italian style crust pizzas,1 slice,176,7.6,22.4,6.2,2.9,,1.19,6.8,0.9,739,,,,,,,false,true,,,Per slice; per pizza the guide prints 1406 kcal
americano-italian-style-crust-small-reduced-fat-mozzarella,"Americano, Italian Style Crust - Small (reduced fat mozzarella)",Italian style crust pizzas,1 slice,153,6.7,18.8,5.7,2.6,,1.06,5.7,0.8,643,,,,,,,false,true,,,Per slice; per pizza the guide prints 917 kcal
bacon-double-cheese-italian-style-crust-large,"Bacon Double Cheese, Italian Style Crust - Large",Italian style crust pizzas,1 slice,206,11.5,19.2,9.3,4.8,,1.03,5.3,1.5,866,,,,,,contains_pork,false,true,,,Per slice; per pizza the guide prints 2064 kcal
bacon-double-cheese-italian-style-crust-medium,"Bacon Double Cheese, Italian Style Crust - Medium",Italian style crust pizzas,1 slice,179,9.4,17.0,8.2,3.7,,0.93,4.4,1.4,751,,,,,,contains_pork,false,true,,,Per slice; per pizza the guide prints 1432 kcal
bacon-double-cheese-italian-style-crust-small,"Bacon Double Cheese, Italian Style Crust - Small",Italian style crust pizzas,1 slice,164,7.3,17.3,7.3,3.8,,0.78,1.9,1.0,686,,,,,,contains_pork,false,true,,,Per slice; per pizza the guide prints 982 kcal
bacon-double-cheese-italian-style-crust-large-reduced-fat-mozzarella,"Bacon Double Cheese, Italian Style Crust - Large (reduced fat mozzarella)",Italian style crust pizzas,1 slice,185,10.8,20.2,6.8,3.4,,1.00,4.6,2.5,778,,,,,,contains_pork,false,true,,,Per slice; per pizza the guide prints 1850 kcal
bacon-double-cheese-italian-style-crust-medium-reduced-fat-mozzarella,"Bacon Double Cheese, Italian Style Crust - Medium (reduced fat mozzarella)",Italian style crust pizzas,1 slice,160,8.2,17.7,6.3,3.0,,1.06,4.1,2.1,673,,,,,,contains_pork,false,true,,,Per slice; per pizza the guide prints 1281 kcal
bacon-double-cheese-italian-style-crust-small-reduced-fat-mozzarella,"Bacon Double Cheese, Italian Style Crust - Small (reduced fat mozzarella)",Italian style crust pizzas,1 slice,146,8.1,17.0,5.1,2.4,,0.84,1.9,1.3,615,,,,,,contains_pork,false,true,,,Per slice; per pizza the guide prints 877 kcal
buffalo-chicken-italian-style-crust-large,"Buffalo Chicken, Italian Style Crust - Large",Italian style crust pizzas,1 slice,167,9.0,19.7,5.8,2.9,,1.21,5.6,1.7,701,,,,,,,false,true,,,Per slice; per pizza the guide prints 1667 kcal
buffalo-chicken-italian-style-crust-medium,"Buffalo Chicken, Italian Style Crust - Medium",Italian style crust pizzas,1 slice,147,8.6,17.2,4.8,2.5,,1.04,4.6,1.5,618,,,,,,,false,true,,,Per slice; per pizza the guide prints 1174 kcal
buffalo-chicken-italian-style-crust-small,"Buffalo Chicken, Italian Style Crust - Small",Italian style crust pizzas,1 slice,134,6.7,17.5,4.1,2.2,,0.90,2.1,1.1,564,,,,,,,false,true,,,Per slice; per pizza the guide prints 803 kcal
buffalo-chicken-italian-style-crust-large-reduced-fat-mozzarella,"Buffalo Chicken, Italian Style Crust - Large (reduced fat mozzarella)",Italian style crust pizzas,1 slice,149,7.9,20.5,3.9,1.9,,1.18,4.8,2.7,628,,,,,,,false,true,,,Per slice; per pizza the guide prints 1488 kcal
buffalo-chicken-italian-style-crust-medium-reduced-fat-mozzarella,"Buffalo Chicken, Italian Style Crust - Medium (reduced fat mozzarella)",Italian style crust pizzas,1 slice,131,7.1,17.7,3.5,1.6,,1.20,4.3,2.2,552,,,,,,,false,true,,,Per slice; per pizza the guide prints 1047 kcal
buffalo-chicken-italian-style-crust-small-reduced-fat-mozzarella,"Buffalo Chicken, Italian Style Crust - Small (reduced fat mozzarella)",Italian style crust pizzas,1 slice,119,7.2,17.1,2.4,1.0,,0.96,2.1,1.4,501,,,,,,,false,true,,,Per slice; per pizza the guide prints 712 kcal
chicken-feast-italian-style-crust-large,"Chicken Feast, Italian Style Crust - Large",Italian style crust pizzas,1 slice,174,11.0,19.5,5.8,2.9,,0.83,5.5,1.6,733,,,,,,,false,true,,,Per slice; per pizza the guide prints 1742 kcal
chicken-feast-italian-style-crust-medium,"Chicken Feast, Italian Style Crust - Medium",Italian style crust pizzas,1 slice,150,9.0,17.4,4.9,2.5,,0.71,4.6,1.5,629,,,,,,,false,true,,,Per slice; per pizza the guide prints 1196 kcal
chicken-feast-italian-style-crust-small,"Chicken Feast, Italian Style Crust - Small",Italian style crust pizzas,1 slice,136,7.0,17.6,4.2,2.2,,0.61,2.1,1.1,572,,,,,,,false,true,,,Per slice; per pizza the guide prints 814 kcal
chicken-feast-italian-style-crust-large-reduced-fat-mozzarella,"Chicken Feast, Italian Style Crust - Large (reduced fat mozzarella)",Italian style crust pizzas,1 slice,156,9.9,20.4,3.9,1.8,,0.79,4.8,2.7,659,,,,,,,false,true,,,Per slice; per pizza the guide prints 1562 kcal
chicken-feast-italian-style-crust-medium-reduced-fat-mozzarella,"Chicken Feast, Italian Style Crust - Medium (reduced fat mozzarella)",Italian style crust pizzas,1 slice,134,7.5,17.9,3.6,1.6,,0.88,4.3,2.2,564,,,,,,,false,true,,,Per slice; per pizza the guide prints 1069 kcal
chicken-feast-italian-style-crust-small-reduced-fat-mozzarella,"Chicken Feast, Italian Style Crust - Small (reduced fat mozzarella)",Italian style crust pizzas,1 slice,121,7.5,17.1,2.5,1.0,,0.67,2.1,1.4,511,,,,,,,false,true,,,Per slice; per pizza the guide prints 726 kcal
deluxe-italian-style-crust-large,"Deluxe, Italian Style Crust - Large",Italian style crust pizzas,1 slice,195,10.4,19.4,8.4,4.0,,1.05,5.5,1.6,817,,,,,,,false,true,,,Per slice; per pizza the guide prints 1946 kcal
deluxe-italian-style-crust-medium,"Deluxe, Italian Style Crust - Medium",Italian style crust pizzas,1 slice,171,8.5,17.3,7.5,3.6,,0.94,4.6,1.5,717,,,,,,,false,true,,,Per slice; per pizza the guide prints 1367 kcal
deluxe-italian-style-crust-small,"Deluxe, Italian Style Crust - Small",Italian style crust pizzas,1 slice,158,6.6,17.5,6.8,3.3,,0.84,2.1,1.1,662,,,,,,,false,true,,,Per slice; per pizza the guide prints 946 kcal
deluxe-italian-style-crust-large-reduced-fat-mozzarella,"Deluxe, Italian Style Crust - Large (reduced fat mozzarella)",Italian style crust pizzas,1 slice,177,9.3,20.2,6.5,2.9,,1.02,4.7,2.6,742,,,,,,,false,true,,,Per slice; per pizza the guide prints 1766 kcal
deluxe-italian-style-crust-medium-reduced-fat-mozzarella,"Deluxe, Italian Style Crust - Medium (reduced fat mozzarella)",Italian style crust pizzas,1 slice,155,7.0,17.7,6.2,2.7,,1.10,4.3,2.1,652,,,,,,,false,true,,,Per slice; per pizza the guide prints 1242 kcal
deluxe-italian-style-crust-small-reduced-fat-mozzarella,"Deluxe, Italian Style Crust - Small (reduced fat mozzarella)",Italian style crust pizzas,1 slice,143,7.2,17.1,5.1,2.1,,0.90,2.1,1.4,599,,,,,,,false,true,,,Per slice; per pizza the guide prints 855 kcal
farmhouse-italian-style-crust-large,"Farmhouse, Italian Style Crust - Large",Italian style crust pizzas,1 slice,171,10.4,19.1,5.9,3.0,,0.99,5.4,1.6,718,,,,,,,false,true,,,Per slice; per pizza the guide prints 1707 kcal
farmhouse-italian-style-crust-medium,"Farmhouse, Italian Style Crust - Medium",Italian style crust pizzas,1 slice,147,8.5,17.0,5.0,2.6,,0.88,4.5,1.5,618,,,,,,,false,true,,,Per slice; per pizza the guide prints 1175 kcal
farmhouse-italian-style-crust-small,"Farmhouse, Italian Style Crust - Small",Italian style crust pizzas,1 slice,134,6.6,17.3,4.3,2.3,,0.78,2.0,1.1,564,,,,,,,false,true,,,Per slice; per pizza the guide prints 804 kcal
farmhouse-italian-style-crust-large-reduced-fat-mozzarella,"Farmhouse, Italian Style Crust - Large (reduced fat mozzarella)",Italian style crust pizzas,1 slice,153,9.3,20.0,4.0,1.9,,0.96,4.7,2.6,644,,,,,,,false,true,,,Per slice; per pizza the guide prints 1527 kcal
farmhouse-italian-style-crust-medium-reduced-fat-mozzarella,"Farmhouse, Italian Style Crust - Medium (reduced fat mozzarella)",Italian style crust pizzas,1 slice,131,7.0,17.5,3.7,1.7,,1.04,4.2,2.2,552,,,,,,,false,true,,,Per slice; per pizza the guide prints 1048 kcal
farmhouse-italian-style-crust-small-reduced-fat-mozzarella,"Farmhouse, Italian Style Crust - Small (reduced fat mozzarella)",Italian style crust pizzas,1 slice,119,7.2,16.8,2.6,1.1,,0.84,2.0,1.4,503,,,,,,,false,true,,,Per slice; per pizza the guide prints 714 kcal
fiery-vegi-sizzler-italian-style-crust-large,"Fiery Vegi Sizzler, Italian Style Crust - Large",Italian style crust pizzas,1 slice,162,8.8,19.2,5.6,2.9,,0.91,5.4,1.5,683,,,,,,,false,true,,,Per slice; per pizza the guide prints 1623 kcal
fiery-vegi-sizzler-italian-style-crust-medium,"Fiery Vegi Sizzler, Italian Style Crust - Medium",Italian style crust pizzas,1 slice,139,6.9,17.1,4.7,2.5,,0.78,4.5,1.5,583,,,,,,,false,true,,,Per slice; per pizza the guide prints 1109 kcal
fiery-vegi-sizzler-italian-style-crust-small,"Fiery Vegi Sizzler, Italian Style Crust - Small",Italian style crust pizzas,1 slice,126,5.1,17.3,4.0,2.2,,0.68,2.0,1.1,531,,,,,,,false,true,,,Per slice; per pizza the guide prints 756 kcal
fiery-vegi-sizzler-italian-style-crust-large-reduced-fat-mozzarella,"Fiery Vegi Sizzler, Italian Style Crust - Large (reduced fat mozzarella)",Italian style crust pizzas,1 slice,144,7.7,20.0,3.7,1.8,,0.88,4.7,2.6,609,,,,,,,false,true,,,Per slice; per pizza the guide prints 1444 kcal
fiery-vegi-sizzler-italian-style-crust-medium-reduced-fat-mozzarella,"Fiery Vegi Sizzler, Italian Style Crust - Medium (reduced fat mozzarella)",Italian style crust pizzas,1 slice,123,5.5,17.5,3.4,1.6,,0.95,4.2,2.1,516,,,,,,,false,true,,,Per slice; per pizza the guide prints 980 kcal
fiery-vegi-sizzler-italian-style-crust-small-reduced-fat-mozzarella,"Fiery Vegi Sizzler, Italian Style Crust - Small (reduced fat mozzarella)",Italian style crust pizzas,1 slice,111,5.7,16.9,2.3,1.0,,0.73,2.0,1.3,470,,,,,,,false,true,,,Per slice; per pizza the guide prints 668 kcal
full-house-italian-style-crust-large,"Full House®, Italian Style Crust - Large",Italian style crust pizzas,1 slice,197,11.0,20.3,8.0,3.8,,1.07,6.1,1.7,828,,,,,,,false,true,,,Per slice; per pizza the guide prints 1973 kcal
full-house-italian-style-crust-medium,"Full House®, Italian Style Crust - Medium",Italian style crust pizzas,1 slice,172,9.0,18.1,7.1,3.4,,0.95,5.1,1.6,722,,,,,,,false,true,,,Per slice; per pizza the guide prints 1376 kcal
full-house-italian-style-crust-small,"Full House®, Italian Style Crust - Small",Italian style crust pizzas,1 slice,159,7.2,18.2,6.4,3.1,,0.86,2.6,1.2,666,,,,,,,false,true,,,Per slice; per pizza the guide prints 952 kcal
full-house-italian-style-crust-large-reduced-fat-mozzarella,"Full House®, Italian Style Crust - Large (reduced fat mozzarella)",Italian style crust pizzas,1 slice,180,9.9,21.1,6.1,2.7,,1.04,5.3,2.7,755,,,,,,,false,true,,,Per slice; per pizza the guide prints 1795 kcal
full-house-italian-style-crust-medium-reduced-fat-mozzarella,"Full House®, Italian Style Crust - Medium (reduced fat mozzarella)",Italian style crust pizzas,1 slice,156,7.6,18.6,5.7,2.5,,1.12,4.8,2.2,657,,,,,,,false,true,,,Per slice; per pizza the guide prints 1249 kcal
full-house-italian-style-crust-small-reduced-fat-mozzarella,"Full House®, Italian Style Crust - Small (reduced fat mozzarella)",Italian style crust pizzas,1 slice,144,7.7,17.8,4.7,1.9,,0.91,2.6,1.5,607,,,,,,,false,true,,,Per slice; per pizza the guide prints 865 kcal
ham-and-pineapple-italian-style-crust-large,"Ham & Pineapple, Italian Style Crust - Large",Italian style crust pizzas,1 slice,171,10.2,19.7,5.8,3.0,,0.98,6.0,1.4,720,,,,,,contains_pork,false,true,,,Per slice; per pizza the guide prints 1712 kcal
ham-and-pineapple-italian-style-crust-medium,"Ham & Pineapple, Italian Style Crust - Medium",Italian style crust pizzas,1 slice,147,8.3,17.5,4.9,2.5,,0.87,5.1,1.4,620,,,,,,contains_pork,false,true,,,Per slice; per pizza the guide prints 1179 kcal
ham-and-pineapple-italian-style-crust-small,"Ham & Pineapple, Italian Style Crust - Small",Italian style crust pizzas,1 slice,135,6.5,17.7,4.3,2.3,,0.78,2.5,1.0,568,,,,,,contains_pork,false,true,,,Per slice; per pizza the guide prints 810 kcal
ham-and-pineapple-italian-style-crust-large-reduced-fat-mozzarella,"Ham & Pineapple, Italian Style Crust - Large (reduced fat mozzarella)",Italian style crust pizzas,1 slice,153,9.1,20.5,3.9,1.9,,0.95,5.3,2.5,647,,,,,,contains_pork,false,true,,,Per slice; per pizza the guide prints 1534 kcal
ham-and-pineapple-italian-style-crust-medium-reduced-fat-mozzarella,"Ham & Pineapple, Italian Style Crust - Medium (reduced fat mozzarella)",Italian style crust pizzas,1 slice,132,6.8,18.0,3.6,1.7,,1.04,4.7,2.0,555,,,,,,contains_pork,false,true,,,Per slice; per pizza the guide prints 1053 kcal
ham-and-pineapple-italian-style-crust-small-reduced-fat-mozzarella,"Ham & Pineapple, Italian Style Crust - Small (reduced fat mozzarella)",Italian style crust pizzas,1 slice,120,7.0,17.3,2.6,1.1,,0.83,2.5,1.3,508,,,,,,contains_pork,false,true,,,Per slice; per pizza the guide prints 721 kcal
hawaiian-italian-style-crust-large,"Hawaiian, Italian Style Crust - Large",Italian style crust pizzas,1 slice,172,10.2,19.7,5.8,3.0,,0.98,6.0,1.5,724,,,,,,,false,true,,,Per slice; per pizza the guide prints 1722 kcal
hawaiian-italian-style-crust-medium,"Hawaiian, Italian Style Crust - Medium",Italian style crust pizzas,1 slice,148,8.4,17.5,5.0,2.5,,0.87,5.1,1.4,623,,,,,,,false,true,,,Per slice; per pizza the guide prints 1184 kcal
hawaiian-italian-style-crust-small,"Hawaiian, Italian Style Crust - Small",Italian style crust pizzas,1 slice,136,6.6,17.7,4.3,2.3,,0.78,2.5,1.0,571,,,,,,,false,true,,,Per slice; per pizza the guide prints 814 kcal
hawaiian-italian-style-crust-large-reduced-fat-mozzarella,"Hawaiian, Italian Style Crust - Large (reduced fat mozzarella)",Italian style crust pizzas,1 slice,155,9.1,20.5,3.9,1.9,,0.95,5.3,2.5,652,,,,,,,false,true,,,Per slice; per pizza the guide prints 1545 kcal
hawaiian-italian-style-crust-medium-reduced-fat-mozzarella,"Hawaiian, Italian Style Crust - Medium (reduced fat mozzarella)",Italian style crust pizzas,1 slice,132,6.9,18.0,3.6,1.7,,1.04,4.7,2.1,558,,,,,,,false,true,,,Per slice; per pizza the guide prints 1059 kcal
hawaiian-italian-style-crust-small-reduced-fat-mozzarella,"Hawaiian, Italian Style Crust - Small (reduced fat mozzarella)",Italian style crust pizzas,1 slice,121,7.1,17.3,2.6,1.1,,0.83,2.5,1.3,510,,,,,,,false,true,,,Per slice; per pizza the guide prints 725 kcal
hot-and-spicy-italian-style-crust-large,"Hot & Spicy, Italian Style Crust - Large",Italian style crust pizzas,1 slice,173,9.6,19.4,6.4,3.2,,0.99,5.4,1.6,728,,,,,,,false,true,,,Per slice; per pizza the guide prints 1732 kcal
hot-and-spicy-italian-style-crust-medium,"Hot & Spicy, Italian Style Crust - Medium",Italian style crust pizzas,1 slice,148,7.6,17.2,5.4,2.8,,0.85,4.5,1.5,624,,,,,,,false,true,,,Per slice; per pizza the guide prints 1187 kcal
hot-and-spicy-italian-style-crust-small,"Hot & Spicy, Italian Style Crust - Small",Italian style crust pizzas,1 slice,136,5.8,17.5,4.7,2.5,,0.74,2.0,1.1,570,,,,,,,false,true,,,Per slice; per pizza the guide prints 813 kcal
hot-and-spicy-italian-style-crust-large-reduced-fat-mozzarella,"Hot & Spicy, Italian Style Crust - Large (reduced fat mozzarella)",Italian style crust pizzas,1 slice,156,8.5,20.2,4.5,2.1,,0.96,4.7,2.6,656,,,,,,,false,true,,,Per slice; per pizza the guide prints 1557 kcal
hot-and-spicy-italian-style-crust-medium-reduced-fat-mozzarella,"Hot & Spicy, Italian Style Crust - Medium (reduced fat mozzarella)",Italian style crust pizzas,1 slice,133,6.1,17.7,4.1,1.9,,1.02,4.2,2.1,559,,,,,,,false,true,,,Per slice; per pizza the guide prints 1062 kcal
hot-and-spicy-italian-style-crust-small-reduced-fat-mozzarella,"Hot & Spicy, Italian Style Crust - Small (reduced fat mozzarella)",Italian style crust pizzas,1 slice,120,6.3,17.0,3.0,1.3,,0.80,2.0,1.4,507,,,,,,,false,true,,,Per slice; per pizza the guide prints 721 kcal
house-special-tandoori-chicken-italian-style-crust-large,"House Special Tandoori Chicken, Italian Style Crust - Large",Italian style crust pizzas,1 slice,229,13.3,19.4,10.9,5.4,,2.18,5.5,1.6,959,,,,,,,false,true,,,Per slice; per pizza the guide prints 2289 kcal
house-special-tandoori-chicken-italian-style-crust-medium,"House Special Tandoori Chicken, Italian Style Crust - Medium",Italian style crust pizzas,1 slice,202,11.2,17.3,9.8,4.9,,2.00,4.6,1.5,845,,,,,,,false,true,,,Per slice; per pizza the guide prints 1613 kcal
house-special-tandoori-chicken-italian-style-crust-small,"House Special Tandoori Chicken, Italian Style Crust - Small",Italian style crust pizzas,1 slice,186,9.0,17.5,8.9,4.5,,1.78,2.1,1.1,779,,,,,,,false,true,,,Per slice; per pizza the guide prints 1116 kcal
house-special-tandoori-chicken-italian-style-crust-large-reduced-fat-mozzarella,"House Special Tandoori Chicken, Italian Style Crust - Large (reduced fat mozzarella)",Italian style crust pizzas,1 slice,207,12.6,20.4,8.3,4.0,,2.15,4.8,2.6,870,,,,,,,false,true,,,Per slice; per pizza the guide prints 2071 kcal
house-special-tandoori-chicken-italian-style-crust-medium-reduced-fat-mozzarella,"House Special Tandoori Chicken, Italian Style Crust - Medium (reduced fat mozzarella)",Italian style crust pizzas,1 slice,183,10.0,17.9,7.9,3.7,,2.16,4.3,2.1,768,,,,,,,false,true,,,Per slice; per pizza the guide prints 1463 kcal
house-special-tandoori-chicken-italian-style-crust-small-reduced-fat-mozzarella,"House Special Tandoori Chicken, Italian Style Crust - Small (reduced fat mozzarella)",Italian style crust pizzas,1 slice,168,9.8,17.2,6.7,3.0,,1.84,2.1,1.4,706,,,,,,,false,true,,,Per slice; per pizza the guide prints 1009 kcal
meatball-marinara-italian-style-crust-large,"Meatball Marinara, Italian Style Crust - Large",Italian style crust pizzas,1 slice,224,11.6,21.1,10.4,4.5,,1.21,5.9,1.9,940,,,,,,,false,true,,,Per slice; per pizza the guide prints 2243 kcal
meatball-marinara-italian-style-crust-medium,"Meatball Marinara, Italian Style Crust - Medium",Italian style crust pizzas,1 slice,201,9.7,19.1,9.5,4.1,,1.11,5.0,1.8,841,,,,,,,false,true,,,Per slice; per pizza the guide prints 1606 kcal
meatball-marinara-italian-style-crust-small,"Meatball Marinara, Italian Style Crust - Small",Italian style crust pizzas,1 slice,188,7.9,19.2,8.9,3.9,,1.00,2.5,1.4,787,,,,,,,false,true,,,Per slice; per pizza the guide prints 1127 kcal
meatball-marinara-italian-style-crust-large-reduced-fat-mozzarella,"Meatball Marinara, Italian Style Crust - Large (reduced fat mozzarella)",Italian style crust pizzas,1 slice,206,10.5,21.9,8.5,3.4,,1.18,5.1,2.9,867,,,,,,,false,true,,,Per slice; per pizza the guide prints 2064 kcal
meatball-marinara-italian-style-crust-medium-reduced-fat-mozzarella,"Meatball Marinara, Italian Style Crust - Medium (reduced fat mozzarella)",Italian style crust pizzas,1 slice,186,9.4,19.1,8.0,3.2,,1.08,4.5,2.5,779,,,,,,,false,true,,,Per slice; per pizza the guide prints 1484 kcal
meatball-marinara-italian-style-crust-small-reduced-fat-mozzarella,"Meatball Marinara, Italian Style Crust - Small (reduced fat mozzarella)",Italian style crust pizzas,1 slice,173,8.4,18.7,7.2,2.7,,1.05,2.5,1.7,726,,,,,,,false,true,,,Per slice; per pizza the guide prints 1038 kcal
meateor-italian-style-crust-large,"Meateor™, Italian Style Crust - Large",Italian style crust pizzas,1 slice,244,8.3,29.6,10.3,4.7,,1.46,11.0,1.4,1023,,,,,,,false,true,,,Per slice; per pizza the guide prints 2438 kcal
meateor-italian-style-crust-medium,"Meateor™, Italian Style Crust - Medium",Italian style crust pizzas,1 slice,211,7.7,23.6,9.6,4.3,,1.34,9.2,1.5,885,,,,,,,false,true,,,Per slice; per pizza the guide prints 1689 kcal
meateor-italian-style-crust-small,"Meateor™, Italian Style Crust - Small",Italian style crust pizzas,1 slice,181,7.6,18.1,8.7,4.1,,1.08,6.7,1.0,757,,,,,,,false,true,,,Per slice; per pizza the guide prints 1085 kcal
meateor-italian-style-crust-large-reduced-fat-mozzarella,"Meateor™, Italian Style Crust - Large (reduced fat mozzarella)",Italian style crust pizzas,1 slice,228,7.9,29.1,8.9,3.6,,1.24,11.2,1.7,959,,,,,,,false,true,,,Per slice; per pizza the guide prints 2282 kcal
meateor-italian-style-crust-medium-reduced-fat-mozzarella,"Meateor™, Italian Style Crust - Medium (reduced fat mozzarella)",Italian style crust pizzas,1 slice,195,8.0,22.5,8.1,3.6,,1.24,6.7,0.9,818,,,,,,,false,true,,,Per slice; per pizza the guide prints 1558 kcal
meateor-italian-style-crust-small-reduced-fat-mozzarella,"Meateor™, Italian Style Crust - Small (reduced fat mozzarella)",Italian style crust pizzas,1 slice,173,7.2,18.9,7.6,3.4,,1.11,5.6,0.8,726,,,,,,,false,true,,,Per slice; per pizza the guide prints 1038 kcal
meatilicious-italian-style-crust-large,"Meatilicious, Italian Style Crust - Large",Italian style crust pizzas,1 slice,200,11.6,18.9,8.6,4.1,,1.12,5.1,1.4,837,,,,,,,false,true,,,Per slice; per pizza the guide prints 1995 kcal
meatilicious-italian-style-crust-medium,"Meatilicious, Italian Style Crust - Medium",Italian style crust pizzas,1 slice,175,9.6,16.9,7.7,3.6,,1.00,4.3,1.4,734,,,,,,,false,true,,,Per slice; per pizza the guide prints 1399 kcal
meatilicious-italian-style-crust-small,"Meatilicious, Italian Style Crust - Small",Italian style crust pizzas,1 slice,163,7.8,17.2,7.1,3.4,,0.91,1.8,1.0,685,,,,,,,false,true,,,Per slice; per pizza the guide prints 980 kcal
meatilicious-italian-style-crust-large-reduced-fat-mozzarella,"Meatilicious, Italian Style Crust - Large (reduced fat mozzarella)",Italian style crust pizzas,1 slice,182,10.5,19.8,6.7,3.0,,1.09,4.4,2.5,763,,,,,,,false,true,,,Per slice; per pizza the guide prints 1816 kcal
meatilicious-italian-style-crust-medium-reduced-fat-mozzarella,"Meatilicious, Italian Style Crust - Medium (reduced fat mozzarella)",Italian style crust pizzas,1 slice,159,8.2,17.4,6.3,2.8,,1.17,3.9,2.0,668,,,,,,,false,true,,,Per slice; per pizza the guide prints 1272 kcal
meatilicious-italian-style-crust-small-reduced-fat-mozzarella,"Meatilicious, Italian Style Crust - Small (reduced fat mozzarella)",Italian style crust pizzas,1 slice,148,8.3,16.7,5.4,2.2,,0.97,1.8,1.3,623,,,,,,,false,true,,,Per slice; per pizza the guide prints 890 kcal
meat-lovers-italian-style-crust-large,"Meat Lovers, Italian Style Crust - Large",Italian style crust pizzas,1 slice,213,11.9,19.0,9.9,4.7,,1.27,5.1,1.5,894,,,,,,,false,true,,,Per slice; per pizza the guide prints 2132 kcal
meat-lovers-italian-style-crust-medium,"Meat Lovers, Italian Style Crust - Medium",Italian style crust pizzas,1 slice,188,9.9,16.9,8.9,4.2,,1.15,4.3,1.4,786,,,,,,,false,true,,,Per slice; per pizza the guide prints 1501 kcal
meat-lovers-italian-style-crust-small,"Meat Lovers, Italian Style Crust - Small",Italian style crust pizzas,1 slice,176,8.1,17.2,8.3,3.9,,1.06,1.8,1.0,736,,,,,,,false,true,,,Per slice; per pizza the guide prints 1053 kcal
meat-lovers-italian-style-crust-large-reduced-fat-mozzarella,"Meat Lovers, Italian Style Crust - Large (reduced fat mozzarella)",Italian style crust pizzas,1 slice,195,10.8,19.8,8.1,3.6,,1.24,4.4,2.5,819,,,,,,,false,true,,,Per slice; per pizza the guide prints 1950 kcal
meat-lovers-italian-style-crust-medium-reduced-fat-mozzarella,"Meat Lovers, Italian Style Crust - Medium (reduced fat mozzarella)",Italian style crust pizzas,1 slice,172,8.5,17.4,7.6,3.3,,1.32,3.9,2.0,722,,,,,,,false,true,,,Per slice; per pizza the guide prints 1376 kcal
meat-lovers-italian-style-crust-small-reduced-fat-mozzarella,"Meat Lovers, Italian Style Crust - Small (reduced fat mozzarella)",Italian style crust pizzas,1 slice,161,8.6,16.7,6.6,2.7,,1.11,1.8,1.3,675,,,,,,,false,true,,,Per slice; per pizza the guide prints 965 kcal
meatzza-pizza-italian-style-crust-large,"Meatzza Pizza, Italian Style Crust - Large",Italian style crust pizzas,1 slice,208,12.0,19.2,9.3,4.4,,1.27,5.2,1.5,874,,,,,,,false,true,,,Per slice; per pizza the guide prints 2083 kcal
meatzza-pizza-italian-style-crust-medium,"Meatzza Pizza, Italian Style Crust - Medium",Italian style crust pizzas,1 slice,183,10.1,17.1,8.3,3.9,,1.15,4.3,1.4,769,,,,,,,false,true,,,Per slice; per pizza the guide prints 1467 kcal
meatzza-pizza-italian-style-crust-small,"Meatzza Pizza, Italian Style Crust - Small",Italian style crust pizzas,1 slice,171,8.2,17.4,7.6,3.6,,1.05,1.8,1.0,718,,,,,,,false,true,,,Per slice; per pizza the guide prints 1027 kcal
meatzza-pizza-italian-style-crust-large-reduced-fat-mozzarella,"Meatzza Pizza, Italian Style Crust - Large (reduced fat mozzarella)",Italian style crust pizzas,1 slice,190,10.9,20.0,7.4,3.3,,1.24,4.4,2.5,800,,,,,,,false,true,,,Per slice; per pizza the guide prints 1904 kcal
meatzza-pizza-italian-style-crust-medium-reduced-fat-mozzarella,"Meatzza Pizza, Italian Style Crust - Medium (reduced fat mozzarella)",Italian style crust pizzas,1 slice,168,8.6,17.6,7.0,3.0,,1.32,4.0,2.1,706,,,,,,,false,true,,,Per slice; per pizza the guide prints 1346 kcal
meatzza-pizza-italian-style-crust-small-reduced-fat-mozzarella,"Meatzza Pizza, Italian Style Crust - Small (reduced fat mozzarella)",Italian style crust pizzas,1 slice,156,8.8,16.9,5.9,2.4,,1.11,1.8,1.3,655,,,,,,,false,true,,,Per slice; per pizza the guide prints 935 kcal
mighty-meaty-italian-style-crust-large,"Mighty Meaty®, Italian Style Crust - Large",Italian style crust pizzas,1 slice,211,12.2,19.5,9.4,4.4,,1.28,5.4,1.6,887,,,,,,,false,true,,,Per slice; per pizza the guide prints 2114 kcal
mighty-meaty-italian-style-crust-medium,"Mighty Meaty®, Italian Style Crust - Medium",Italian style crust pizzas,1 slice,186,10.2,17.4,8.4,3.9,,1.16,4.5,1.5,781,,,,,,,false,true,,,Per slice; per pizza the guide prints 1489 kcal
mighty-meaty-italian-style-crust-small,"Mighty Meaty®, Italian Style Crust - Small",Italian style crust pizzas,1 slice,173,8.3,17.6,7.7,3.7,,1.06,2.0,1.1,726,,,,,,,false,true,,,Per slice; per pizza the guide prints 1038 kcal
mighty-meaty-italian-style-crust-large-reduced-fat-mozzarella,"Mighty Meaty®, Italian Style Crust - Large (reduced fat mozzarella)",Italian style crust pizzas,1 slice,193,11.1,20.3,7.5,3.3,,1.25,4.6,2.6,812,,,,,,,false,true,,,Per slice; per pizza the guide prints 1933 kcal
mighty-meaty-italian-style-crust-medium-reduced-fat-mozzarella,"Mighty Meaty®, Italian Style Crust - Medium (reduced fat mozzarella)",Italian style crust pizzas,1 slice,170,8.8,17.8,7.1,3.1,,1.33,4.2,2.2,715,,,,,,,false,true,,,Per slice; per pizza the guide prints 1362 kcal
mighty-meaty-italian-style-crust-small-reduced-fat-mozzarella,"Mighty Meaty®, Italian Style Crust - Small (reduced fat mozzarella)",Italian style crust pizzas,1 slice,158,8.9,17.2,6.0,2.5,,1.11,2.0,1.4,664,,,,,,,false,true,,,Per slice; per pizza the guide prints 947 kcal
mixed-grill-italian-style-crust-large,"Mixed Grill, Italian Style Crust - Large",Italian style crust pizzas,1 slice,199,10.9,19.5,8.6,4.0,,1.05,5.4,1.6,833,,,,,,,false,true,,,Per slice; per pizza the guide prints 1985 kcal
mixed-grill-italian-style-crust-medium,"Mixed Grill, Italian Style Crust - Medium",Italian style crust pizzas,1 slice,175,9.0,17.4,7.6,3.6,,0.94,4.5,1.5,733,,,,,,,false,true,,,Per slice; per pizza the guide prints 1399 kcal
mixed-grill-italian-style-crust-small,"Mixed Grill, Italian Style Crust - Small",Italian style crust pizzas,1 slice,163,7.3,17.6,7.1,3.4,,0.85,2.0,1.1,684,,,,,,,false,true,,,Per slice; per pizza the guide prints 977 kcal
mixed-grill-italian-style-crust-large-reduced-fat-mozzarella,"Mixed Grill, Italian Style Crust - Large (reduced fat mozzarella)",Italian style crust pizzas,1 slice,181,9.8,20.3,6.7,3.0,,1.02,4.7,2.6,761,,,,,,,false,true,,,Per slice; per pizza the guide prints 1810 kcal
mixed-grill-italian-style-crust-medium-reduced-fat-mozzarella,"Mixed Grill, Italian Style Crust - Medium (reduced fat mozzarella)",Italian style crust pizzas,1 slice,159,7.6,17.9,6.3,2.7,,1.11,4.2,2.1,666,,,,,,,false,true,,,Per slice; per pizza the guide prints 1269 kcal
mixed-grill-italian-style-crust-small-reduced-fat-mozzarella,"Mixed Grill, Italian Style Crust - Small (reduced fat mozzarella)",Italian style crust pizzas,1 slice,148,7.8,17.2,5.4,2.2,,0.91,2.0,1.4,623,,,,,,,false,true,,,Per slice; per pizza the guide prints 889 kcal
new-yorker-italian-style-crust-large,"New Yorker, Italian Style Crust - Large",Italian style crust pizzas,1 slice,202,11.1,18.8,9.1,4.3,,1.20,5.1,1.5,846,,,,,,,false,true,,,Per slice; per pizza the guide prints 2018 kcal
new-yorker-italian-style-crust-medium,"New Yorker, Italian Style Crust - Medium",Italian style crust pizzas,1 slice,177,9.2,16.7,8.2,3.9,,1.08,4.3,1.4,744,,,,,,,false,true,,,Per slice; per pizza the guide prints 1419 kcal
new-yorker-italian-style-crust-small,"New Yorker, Italian Style Crust - Small",Italian style crust pizzas,1 slice,166,7.4,17.0,7.6,3.6,,0.99,1.8,1.0,698,,,,,,,false,true,,,Per slice; per pizza the guide prints 998 kcal
new-yorker-italian-style-crust-large-reduced-fat-mozzarella,"New Yorker, Italian Style Crust - Large (reduced fat mozzarella)",Italian style crust pizzas,1 slice,183,10.0,19.6,7.2,3.2,,1.16,4.4,2.5,770,,,,,,,false,true,,,Per slice; per pizza the guide prints 1833 kcal
new-yorker-italian-style-crust-medium-reduced-fat-mozzarella,"New Yorker, Italian Style Crust - Medium (reduced fat mozzarella)",Italian style crust pizzas,1 slice,162,7.8,17.2,6.9,3.0,,1.25,3.9,2.0,680,,,,,,,false,true,,,Per slice; per pizza the guide prints 1296 kcal
new-yorker-italian-style-crust-small-reduced-fat-mozzarella,"New Yorker, Italian Style Crust - Small (reduced fat mozzarella)",Italian style crust pizzas,1 slice,151,8.0,16.5,5.9,2.4,,1.05,1.8,1.3,635,,,,,,,false,true,,,Per slice; per pizza the guide prints 907 kcal
original-cheese-and-tomato-italian-style-crust-large,"Original Cheese and Tomato, Italian Style Crust - Large",Italian style crust pizzas,1 slice,182,10.2,18.8,7.3,4.0,,0.87,5.1,1.4,762,,,,,,,false,true,,,Per slice; per pizza the guide prints 1815 kcal
original-cheese-and-tomato-italian-style-crust-medium,"Original Cheese and Tomato, Italian Style Crust - Medium",Italian style crust pizzas,1 slice,156,8.2,16.7,6.2,3.4,,0.75,4.3,1.3,654,,,,,,,false,true,,,Per slice; per pizza the guide prints 1245 kcal
original-cheese-and-tomato-italian-style-crust-small,"Original Cheese and Tomato, Italian Style Crust - Small",Italian style crust pizzas,1 slice,137,6.4,17.1,4.8,2.7,,0.64,1.8,0.9,578,,,,,,,false,true,,,Per slice; per pizza the guide prints 824 kcal
original-cheese-and-tomato-italian-style-crust-large-reduced-fat-mozzarella,"Original Cheese and Tomato, Italian Style Crust - Large (reduced fat mozzarella)",Italian style crust pizzas,1 slice,160,9.5,19.8,4.7,2.5,,0.84,4.4,2.4,673,,,,,,,false,true,,,Per slice; per pizza the guide prints 1597 kcal
original-cheese-and-tomato-italian-style-crust-medium-reduced-fat-mozzarella,"Original Cheese and Tomato, Italian Style Crust - Medium (reduced fat mozzarella)",Italian style crust pizzas,1 slice,137,7.0,17.4,4.3,2.2,,0.91,3.9,2.0,575,,,,,,,false,true,,,Per slice; per pizza the guide prints 1093 kcal
original-cheese-and-tomato-italian-style-crust-small-reduced-fat-mozzarella,"Original Cheese and Tomato, Italian Style Crust - Small (reduced fat mozzarella)",Italian style crust pizzas,1 slice,122,6.9,16.7,3.1,1.5,,0.69,1.8,1.2,516,,,,,,,false,true,,,Per slice; per pizza the guide prints 734 kcal
pepperoni-passion-italian-style-crust-large,"Pepperoni Passion, Italian Style Crust - Large",Italian style crust pizzas,1 slice,228,12.1,18.9,11.6,5.7,,1.30,5.2,1.4,955,,,,,,contains_pork,false,true,,,Per slice; per pizza the guide prints 2280 kcal
pepperoni-passion-italian-style-crust-medium,"Pepperoni Passion, Italian Style Crust - Medium",Italian style crust pizzas,1 slice,202,10.1,16.8,10.5,5.1,,1.17,4.3,1.3,845,,,,,,contains_pork,false,true,,,Per slice; per pizza the guide prints 1615 kcal
pepperoni-passion-italian-style-crust-small,"Pepperoni Passion, Italian Style Crust - Small",Italian style crust pizzas,1 slice,189,8.2,17.1,9.8,4.8,,1.08,1.8,0.9,791,,,,,,contains_pork,false,true,,,Per slice; per pizza the guide prints 1134 kcal
pepperoni-passion-italian-style-crust-large-reduced-fat-mozzarella,"Pepperoni Passion, Italian Style Crust - Large (reduced fat mozzarella)",Italian style crust pizzas,1 slice,206,11.4,19.9,9.0,4.2,,1.26,4.4,2.4,865,,,,,,contains_pork,false,true,,,Per slice; per pizza the guide prints 2061 kcal
pepperoni-passion-italian-style-crust-medium-reduced-fat-mozzarella,"Pepperoni Passion, Italian Style Crust - Medium (reduced fat mozzarella)",Italian style crust pizzas,1 slice,183,8.9,17.5,8.6,3.9,,1.34,4.0,2.0,769,,,,,,contains_pork,false,true,,,Per slice; per pizza the guide prints 1467 kcal
pepperoni-passion-italian-style-crust-small-reduced-fat-mozzarella,"Pepperoni Passion, Italian Style Crust - Small (reduced fat mozzarella)",Italian style crust pizzas,1 slice,171,9.0,16.8,7.6,3.3,,1.14,1.8,1.2,719,,,,,,contains_pork,false,true,,,Per slice; per pizza the guide prints 1028 kcal
ranch-bbq-italian-style-crust-large,"Ranch BBQ, Italian Style Crust - Large",Italian style crust pizzas,1 slice,234,8.6,28.9,9.3,4.4,,1.41,10.8,1.3,981,,,,,,,false,true,,,Per slice; per pizza the guide prints 2335 kcal
ranch-bbq-italian-style-crust-medium,"Ranch BBQ, Italian Style Crust - Medium",Italian style crust pizzas,1 slice,199,7.8,22.9,8.5,4.0,,1.28,9.0,1.4,836,,,,,,,false,true,,,Per slice; per pizza the guide prints 1594 kcal
ranch-bbq-italian-style-crust-small,"Ranch BBQ, Italian Style Crust - Small",Italian style crust pizzas,1 slice,167,7.5,17.4,7.5,3.8,,1.01,6.5,0.9,701,,,,,,,false,true,,,Per slice; per pizza the guide prints 1002 kcal
ranch-bbq-italian-style-crust-large-reduced-fat-mozzarella,"Ranch BBQ, Italian Style Crust - Large (reduced fat mozzarella)",Italian style crust pizzas,1 slice,218,8.2,28.4,8.0,3.3,,1.19,11.0,1.6,916,,,,,,,false,true,,,Per slice; per pizza the guide prints 2178 kcal
ranch-bbq-italian-style-crust-medium-reduced-fat-mozzarella,"Ranch BBQ, Italian Style Crust - Medium (reduced fat mozzarella)",Italian style crust pizzas,1 slice,183,8.1,21.9,7.0,3.3,,1.18,6.5,0.8,770,,,,,,,false,true,,,Per slice; per pizza the guide prints 1465 kcal
ranch-bbq-italian-style-crust-small-reduced-fat-mozzarella,"Ranch BBQ, Italian Style Crust - Small (reduced fat mozzarella)",Italian style crust pizzas,1 slice,159,7.1,18.2,6.4,3.0,,1.03,5.4,0.7,668,,,,,,,false,true,,,Per slice; per pizza the guide prints 954 kcal
scrummy-italian-style-crust-large,"Scrummy™, Italian Style Crust - Large",Italian style crust pizzas,1 slice,229,13.0,19.5,11.1,5.0,,2.12,5.3,1.6,960,,,,,,,false,true,,,Per slice; per pizza the guide prints 2291 kcal
scrummy-italian-style-crust-medium,"Scrummy™, Italian Style Crust - Medium",Italian style crust pizzas,1 slice,204,11.0,17.4,10.0,4.5,,1.95,4.4,1.5,855,,,,,,,false,true,,,Per slice; per pizza the guide prints 1633 kcal
scrummy-italian-style-crust-small,"Scrummy™, Italian Style Crust - Small",Italian style crust pizzas,1 slice,190,9.0,17.7,9.2,4.2,,1.75,1.9,1.1,796,,,,,,,false,true,,,Per slice; per pizza the guide prints 1139 kcal
scrummy-italian-style-crust-large-reduced-fat-mozzarella,"Scrummy™, Italian Style Crust - Large (reduced fat mozzarella)",Italian style crust pizzas,1 slice,211,11.9,20.4,9.2,3.9,,2.09,4.5,2.6,887,,,,,,,false,true,,,Per slice; per pizza the guide prints 2114 kcal
scrummy-italian-style-crust-medium-reduced-fat-mozzarella,"Scrummy™, Italian Style Crust - Medium (reduced fat mozzarella)",Italian style crust pizzas,1 slice,188,9.5,17.9,8.7,3.7,,2.11,4.1,2.2,789,,,,,,,false,true,,,Per slice; per pizza the guide prints 1506 kcal
scrummy-italian-style-crust-small-reduced-fat-mozzarella,"Scrummy™, Italian Style Crust - Small (reduced fat mozzarella)",Italian style crust pizzas,1 slice,175,9.5,17.2,7.5,3.0,,1.81,1.9,1.4,733,,,,,,,false,true,,,Per slice; per pizza the guide prints 1048 kcal
dominos-tandoori-hot-italian-style-crust-large,"Dominos Tandoori Hot®, Italian Style Crust - Large",Italian style crust pizzas,1 slice,171,10.5,19.4,5.8,3.0,,1.93,5.5,1.7,721,,,,,,,false,true,,,Per slice; per pizza the guide prints 1714 kcal
dominos-tandoori-hot-italian-style-crust-medium,"Dominos Tandoori Hot®, Italian Style Crust - Medium",Italian style crust pizzas,1 slice,147,8.5,17.3,4.9,2.6,,1.74,4.6,1.6,618,,,,,,,false,true,,,Per slice; per pizza the guide prints 1175 kcal
dominos-tandoori-hot-italian-style-crust-small,"Dominos Tandoori Hot®, Italian Style Crust - Small",Italian style crust pizzas,1 slice,134,6.5,17.5,4.2,2.3,,1.53,2.1,1.2,563,,,,,,,false,true,,,Per slice; per pizza the guide prints 802 kcal
dominos-tandoori-hot-italian-style-crust-large-reduced-fat-mozzarella,"Dominos Tandoori Hot®, Italian Style Crust - Large (reduced fat mozzarella)",Italian style crust pizzas,1 slice,153,9.4,20.3,3.9,1.9,,1.90,4.7,2.7,647,,,,,,,false,true,,,Per slice; per pizza the guide prints 1534 kcal
dominos-tandoori-hot-italian-style-crust-medium-reduced-fat-mozzarella,"Dominos Tandoori Hot®, Italian Style Crust - Medium (reduced fat mozzarella)",Italian style crust pizzas,1 slice,131,7.0,17.8,3.6,1.7,,1.91,4.3,2.2,553,,,,,,,false,true,,,Per slice; per pizza the guide prints 1048 kcal
dominos-tandoori-hot-italian-style-crust-small-reduced-fat-mozzarella,"Dominos Tandoori Hot®, Italian Style Crust - Small (reduced fat mozzarella)",Italian style crust pizzas,1 slice,119,7.0,17.1,2.5,1.1,,1.58,2.1,1.5,503,,,,,,,false,true,,,Per slice; per pizza the guide prints 714 kcal
tandoori-sizzler-italian-style-crust-large,"Tandoori Sizzler, Italian Style Crust - Large",Italian style crust pizzas,1 slice,171,10.3,19.5,5.8,3.0,,1.64,5.6,1.6,720,,,,,,,false,true,,,Per slice; per pizza the guide prints 1711 kcal
tandoori-sizzler-italian-style-crust-medium,"Tandoori Sizzler, Italian Style Crust - Medium",Italian style crust pizzas,1 slice,146,8.2,17.3,4.9,2.5,,1.43,4.7,1.5,614,,,,,,,false,true,,,Per slice; per pizza the guide prints 1166 kcal
tandoori-sizzler-italian-style-crust-small,"Tandoori Sizzler, Italian Style Crust - Small",Italian style crust pizzas,1 slice,133,6.4,17.6,4.2,2.3,,1.29,2.2,1.1,561,,,,,,,false,true,,,Per slice; per pizza the guide prints 799 kcal
tandoori-sizzler-italian-style-crust-large-reduced-fat-mozzarella,"Tandoori Sizzler, Italian Style Crust - Large (reduced fat mozzarella)",Italian style crust pizzas,1 slice,153,9.2,20.3,3.9,1.9,,1.61,4.9,2.7,647,,,,,,,false,true,,,Per slice; per pizza the guide prints 1534 kcal
tandoori-sizzler-italian-style-crust-medium-reduced-fat-mozzarella,"Tandoori Sizzler, Italian Style Crust - Medium (reduced fat mozzarella)",Italian style crust pizzas,1 slice,131,6.8,17.8,3.6,1.7,,1.60,4.4,2.2,550,,,,,,,false,true,,,Per slice; per pizza the guide prints 1044 kcal
tandoori-sizzler-italian-style-crust-small-reduced-fat-mozzarella,"Tandoori Sizzler, Italian Style Crust - Small (reduced fat mozzarella)",Italian style crust pizzas,1 slice,118,6.9,17.1,2.5,1.1,,1.34,2.2,1.4,500,,,,,,,false,true,,,Per slice; per pizza the guide prints 710 kcal
texas-bbq-italian-style-crust-large,"Texas BBQ, Italian Style Crust - Large",Italian style crust pizzas,1 slice,201,7.0,29.1,6.3,3.2,,1.12,11.1,1.4,844,,,,,,,false,true,,,Per slice; per pizza the guide prints 2005 kcal
texas-bbq-italian-style-crust-medium,"Texas BBQ, Italian Style Crust - Medium",Italian style crust pizzas,1 slice,168,6.4,23.0,5.7,2.8,,1.01,9.3,1.4,708,,,,,,,false,true,,,Per slice; per pizza the guide prints 1346 kcal
texas-bbq-italian-style-crust-small,"Texas BBQ, Italian Style Crust - Small",Italian style crust pizzas,1 slice,138,6.1,17.5,4.8,2.7,,0.75,6.7,1.0,580,,,,,,,false,true,,,Per slice; per pizza the guide prints 827 kcal
texas-bbq-italian-style-crust-large-reduced-fat-mozzarella,"Texas BBQ, Italian Style Crust - Large (reduced fat mozzarella)",Italian style crust pizzas,1 slice,185,6.6,28.5,4.9,2.1,,0.90,11.3,1.7,779,,,,,,,false,true,,,Per slice; per pizza the guide prints 1847 kcal
texas-bbq-italian-style-crust-medium-reduced-fat-mozzarella,"Texas BBQ, Italian Style Crust - Medium (reduced fat mozzarella)",Italian style crust pizzas,1 slice,152,6.7,22.0,4.1,2.1,,0.90,6.8,0.8,642,,,,,,,false,true,,,Per slice; per pizza the guide prints 1217 kcal
texas-bbq-italian-style-crust-small-reduced-fat-mozzarella,"Texas BBQ, Italian Style Crust - Small (reduced fat mozzarella)",Italian style crust pizzas,1 slice,130,5.8,18.3,3.7,1.9,,0.77,5.7,0.7,547,,,,,,,false,true,,,Per slice; per pizza the guide prints 779 kcal
the-cheeseburger-italian-style-crust-large,"The Cheeseburger, Italian Style Crust - Large",Italian style crust pizzas,1 slice,200,10.5,20.7,8.4,3.7,,1.12,6.4,1.7,840,,,,,,,false,true,,,Per slice; per pizza the guide prints 2001 kcal
the-cheeseburger-italian-style-crust-medium,"The Cheeseburger, Italian Style Crust - Medium",Italian style crust pizzas,1 slice,172,8.4,18.5,7.2,3.2,,0.97,5.4,1.6,724,,,,,,,false,true,,,Per slice; per pizza the guide prints 1379 kcal
the-cheeseburger-italian-style-crust-small,"The Cheeseburger, Italian Style Crust - Small",Italian style crust pizzas,1 slice,157,6.5,18.6,6.4,2.9,,0.85,2.8,1.2,661,,,,,,,false,true,,,Per slice; per pizza the guide prints 944 kcal
the-cheeseburger-italian-style-crust-large-reduced-fat-mozzarella,"The Cheeseburger, Italian Style Crust - Large (reduced fat mozzarella)",Italian style crust pizzas,1 slice,182,9.4,21.6,6.5,2.6,,1.09,5.6,2.7,766,,,,,,,false,true,,,Per slice; per pizza the guide prints 1822 kcal
the-cheeseburger-italian-style-crust-medium-reduced-fat-mozzarella,"The Cheeseburger, Italian Style Crust - Medium (reduced fat mozzarella)",Italian style crust pizzas,1 slice,157,6.9,19.0,5.9,2.3,,1.14,5.1,2.2,660,,,,,,,false,true,,,Per slice; per pizza the guide prints 1255 kcal
the-cheeseburger-italian-style-crust-small-reduced-fat-mozzarella,"The Cheeseburger, Italian Style Crust - Small (reduced fat mozzarella)",Italian style crust pizzas,1 slice,142,7.0,18.2,4.6,1.7,,0.93,2.9,1.4,599,,,,,,,false,true,,,Per slice; per pizza the guide prints 854 kcal
the-meatfielder-italian-style-crust-large,"The Meatfielder, Italian Style Crust - Large",Italian style crust pizzas,1 slice,227,11.8,19.3,11.3,5.1,,1.30,5.2,1.5,948,,,,,,,false,true,,,Per slice; per pizza the guide prints 2265 kcal
the-meatfielder-italian-style-crust-medium,"The Meatfielder, Italian Style Crust - Medium",Italian style crust pizzas,1 slice,202,9.9,17.2,10.4,4.7,,1.19,4.4,1.5,846,,,,,,,false,true,,,Per slice; per pizza the guide prints 1617 kcal
the-meatfielder-italian-style-crust-small,"The Meatfielder, Italian Style Crust - Small",Italian style crust pizzas,1 slice,187,8.0,17.5,9.5,4.3,,1.07,1.9,1.1,781,,,,,,,false,true,,,Per slice; per pizza the guide prints 1120 kcal
the-meatfielder-italian-style-crust-large-reduced-fat-mozzarella,"The Meatfielder, Italian Style Crust - Large (reduced fat mozzarella)",Italian style crust pizzas,1 slice,209,10.7,20.1,9.5,4.0,,1.27,4.5,2.5,876,,,,,,,false,true,,,Per slice; per pizza the guide prints 2088 kcal
the-meatfielder-italian-style-crust-medium-reduced-fat-mozzarella,"The Meatfielder, Italian Style Crust - Medium (reduced fat mozzarella)",Italian style crust pizzas,1 slice,186,8.4,17.7,9.0,3.8,,1.34,4.0,2.1,778,,,,,,,false,true,,,Per slice; per pizza the guide prints 1485 kcal
the-meatfielder-italian-style-crust-small-reduced-fat-mozzarella,"The Meatfielder, Italian Style Crust - Small (reduced fat mozzarella)",Italian style crust pizzas,1 slice,172,8.5,17.0,7.7,3.1,,1.12,1.9,1.4,721,,,,,,,false,true,,,Per slice; per pizza the guide prints 1031 kcal
the-sizzler-italian-style-crust-large,"The Sizzler, Italian Style Crust - Large",Italian style crust pizzas,1 slice,209,9.6,21.3,9.5,3.9,,2.24,6.2,2.0,876,,,,,,,false,true,,,Per slice; per pizza the guide prints 2088 kcal
the-sizzler-italian-style-crust-medium,"The Sizzler, Italian Style Crust - Medium",Italian style crust pizzas,1 slice,179,8.1,18.2,8.2,3.3,,2.27,5.2,2.2,749,,,,,,,false,true,,,Per slice; per pizza the guide prints 1429 kcal
the-sizzler-italian-style-crust-small,"The Sizzler, Italian Style Crust - Small",Italian style crust pizzas,1 slice,160,7.3,15.9,7.5,3.0,,2.05,3.1,1.5,668,,,,,,,false,true,,,Per slice; per pizza the guide prints 957 kcal
the-sizzler-italian-style-crust-large-reduced-fat-mozzarella,"The Sizzler, Italian Style Crust - Large (reduced fat mozzarella)",Italian style crust pizzas,1 slice,193,10.7,20.9,7.4,2.4,,2.51,6.2,2.0,811,,,,,,,false,true,,,Per slice; per pizza the guide prints 1931 kcal
the-sizzler-italian-style-crust-medium-reduced-fat-mozzarella,"The Sizzler, Italian Style Crust - Medium (reduced fat mozzarella)",Italian style crust pizzas,1 slice,172,7.8,19.9,6.8,2.2,,2.25,5.5,2.1,721,,,,,,,false,true,,,Per slice; per pizza the guide prints 1374 kcal
the-sizzler-italian-style-crust-small-reduced-fat-mozzarella,"The Sizzler, Italian Style Crust - Small (reduced fat mozzarella)",Italian style crust pizzas,1 slice,145,7.8,15.6,5.8,2.0,,2.15,3.1,1.7,610,,,,,,,false,true,,,Per slice; per pizza the guide prints 872 kcal
the-ultimate-hot-honey-pepperoni-italian-style-crust-large,"The Ultimate Hot Honey Pepperoni, Italian Style Crust - Large",Italian style crust pizzas,1 slice,202,10.1,20.6,8.8,4.2,,1.09,6.7,1.4,849,,,,,,contains_pork,false,true,,,Per slice; per pizza the guide prints 2023 kcal
the-ultimate-hot-honey-pepperoni-italian-style-crust-medium,"The Ultimate Hot Honey Pepperoni, Italian Style Crust - Medium",Italian style crust pizzas,1 slice,167,7.9,17.8,7.1,3.4,,0.89,5.2,1.3,699,,,,,,contains_pork,false,true,,,Per slice; per pizza the guide prints 1333 kcal
the-ultimate-hot-honey-pepperoni-italian-style-crust-small,"The Ultimate Hot Honey Pepperoni, Italian Style Crust - Small",Italian style crust pizzas,1 slice,165,6.4,18.5,7.2,3.5,,0.88,3.1,0.9,691,,,,,,contains_pork,false,true,,,Per slice; per pizza the guide prints 988 kcal
the-ultimate-hot-honey-pepperoni-italian-style-crust-large-reduced-fat-mozzarella,"The Ultimate Hot Honey Pepperoni, Italian Style Crust - Large (reduced fat mozzarella)",Italian style crust pizzas,1 slice,184,9.0,21.5,6.9,3.1,,1.06,6.0,2.4,773,,,,,,contains_pork,false,true,,,Per slice; per pizza the guide prints 1838 kcal
the-ultimate-hot-honey-pepperoni-italian-style-crust-medium-reduced-fat-mozzarella,"The Ultimate Hot Honey Pepperoni, Italian Style Crust - Medium (reduced fat mozzarella)",Italian style crust pizzas,1 slice,151,6.4,18.3,5.8,2.5,,1.06,4.9,2.0,634,,,,,,contains_pork,false,true,,,Per slice; per pizza the guide prints 1208 kcal
the-ultimate-hot-honey-pepperoni-italian-style-crust-small-reduced-fat-mozzarella,"The Ultimate Hot Honey Pepperoni, Italian Style Crust - Small (reduced fat mozzarella)",Italian style crust pizzas,1 slice,150,7.0,18.0,5.5,2.3,,0.94,3.1,1.2,629,,,,,,contains_pork,false,true,,,Per slice; per pizza the guide prints 898 kcal
the-ultimate-hot-honey-nduja-pepperoni-italian-style-crust-large,"The Ultimate Hot Honey Nduja Pepperoni, Italian Style Crust - Large",Italian style crust pizzas,1 slice,221,10.9,20.6,10.5,4.8,,1.23,6.7,1.4,926,,,,,,contains_pork,false,true,,,Per slice; per pizza the guide prints 2210 kcal
the-ultimate-hot-honey-nduja-pepperoni-italian-style-crust-medium,"The Ultimate Hot Honey Nduja Pepperoni, Italian Style Crust - Medium",Italian style crust pizzas,1 slice,194,9.0,18.4,9.4,4.3,,1.10,5.8,1.3,814,,,,,,contains_pork,false,true,,,Per slice; per pizza the guide prints 1555 kcal
the-ultimate-hot-honey-nduja-pepperoni-italian-style-crust-small,"The Ultimate Hot Honey Nduja Pepperoni, Italian Style Crust - Small",Italian style crust pizzas,1 slice,181,7.1,18.5,8.7,4.0,,1.00,3.1,0.9,756,,,,,,contains_pork,false,true,,,Per slice; per pizza the guide prints 1083 kcal
the-ultimate-hot-honey-nduja-pepperoni-italian-style-crust-large-reduced-fat-mozzarella,"The Ultimate Hot Honey Nduja Pepperoni, Italian Style Crust - Large (reduced fat mozzarella)",Italian style crust pizzas,1 slice,176,9.0,19.6,6.9,3.1,,1.04,4.3,2.4,739,,,,,,contains_pork,false,true,,,Per slice; per pizza the guide prints 1760 kcal
the-ultimate-hot-honey-nduja-pepperoni-italian-style-crust-medium-reduced-fat-mozzarella,"The Ultimate Hot Honey Nduja Pepperoni, Italian Style Crust - Medium (reduced fat mozzarella)",Italian style crust pizzas,1 slice,179,7.5,18.9,8.1,3.5,,1.27,5.5,2.0,751,,,,,,contains_pork,false,true,,,Per slice; per pizza the guide prints 1433 kcal
the-ultimate-hot-honey-nduja-pepperoni-italian-style-crust-small-reduced-fat-mozzarella,"The Ultimate Hot Honey Nduja Pepperoni, Italian Style Crust - Small (reduced fat mozzarella)",Italian style crust pizzas,1 slice,165,7.6,18.0,7.0,2.8,,1.05,3.1,1.2,694,,,,,,contains_pork,false,true,,,Per slice; per pizza the guide prints 992 kcal
the-ultimate-honey-chilli-chicken-italian-style-crust-large,"The Ultimate Honey Chilli Chicken, Italian Style Crust - Large",Italian style crust pizzas,1 slice,182,9.9,21.7,5.8,2.9,,0.91,7.4,1.7,765,,,,,,,false,true,,,Per slice; per pizza the guide prints 1821 kcal
the-ultimate-honey-chilli-chicken-italian-style-crust-medium,"The Ultimate Honey Chilli Chicken, Italian Style Crust - Medium",Italian style crust pizzas,1 slice,157,7.9,19.4,4.9,2.5,,0.78,6.3,1.6,657,,,,,,,false,true,,,Per slice; per pizza the guide prints 1252 kcal
the-ultimate-honey-chilli-chicken-italian-style-crust-small,"The Ultimate Honey Chilli Chicken, Italian Style Crust - Small",Italian style crust pizzas,1 slice,142,6.0,19.4,4.2,2.3,,0.67,3.7,1.2,595,,,,,,,false,true,,,Per slice; per pizza the guide prints 850 kcal
the-ultimate-honey-chilli-chicken-italian-style-crust-large-reduced-fat-mozzarella,"The Ultimate Honey Chilli Chicken, Italian Style Crust - Large (reduced fat mozzarella)",Italian style crust pizzas,1 slice,166,8.8,22.6,3.9,1.9,,0.87,6.6,2.7,700,,,,,,,false,true,,,Per slice; per pizza the guide prints 1661 kcal
the-ultimate-honey-chilli-chicken-italian-style-crust-medium-reduced-fat-mozzarella,"The Ultimate Honey Chilli Chicken, Italian Style Crust - Medium (reduced fat mozzarella)",Italian style crust pizzas,1 slice,142,6.4,19.9,3.6,1.6,,0.94,6.0,2.2,597,,,,,,,false,true,,,Per slice; per pizza the guide prints 1135 kcal
the-ultimate-honey-chilli-chicken-italian-style-crust-small-reduced-fat-mozzarella,"The Ultimate Honey Chilli Chicken, Italian Style Crust - Small (reduced fat mozzarella)",Italian style crust pizzas,1 slice,128,6.5,19.0,2.5,1.1,,0.73,3.7,1.5,537,,,,,,,false,true,,,Per slice; per pizza the guide prints 765 kcal
tuna-supreme-italian-style-crust-large,"Tuna Supreme, Italian Style Crust - Large",Italian style crust pizzas,1 slice,177,10.4,19.9,6.2,3.0,,0.89,5.8,1.7,744,,,,,,,false,true,,,Per slice; per pizza the guide prints 1770 kcal
tuna-supreme-italian-style-crust-medium,"Tuna Supreme, Italian Style Crust - Medium",Italian style crust pizzas,1 slice,150,8.1,17.8,5.2,2.5,,0.74,4.9,1.6,630,,,,,,,false,true,,,Per slice; per pizza the guide prints 1198 kcal
tuna-supreme-italian-style-crust-small,"Tuna Supreme, Italian Style Crust - Small",Italian style crust pizzas,1 slice,138,6.4,17.9,4.5,2.3,,0.65,2.3,1.2,579,,,,,,,false,true,,,Per slice; per pizza the guide prints 826 kcal
tuna-supreme-italian-style-crust-large-reduced-fat-mozzarella,"Tuna Supreme, Italian Style Crust - Large (reduced fat mozzarella)",Italian style crust pizzas,1 slice,159,9.3,20.7,4.3,1.9,,0.85,5.0,2.8,671,,,,,,,false,true,,,Per slice; per pizza the guide prints 1592 kcal
tuna-supreme-italian-style-crust-medium-reduced-fat-mozzarella,"Tuna Supreme, Italian Style Crust - Medium (reduced fat mozzarella)",Italian style crust pizzas,1 slice,134,6.6,18.3,3.8,1.7,,0.90,4.6,2.3,565,,,,,,,false,true,,,Per slice; per pizza the guide prints 1073 kcal
tuna-supreme-italian-style-crust-small-reduced-fat-mozzarella,"Tuna Supreme, Italian Style Crust - Small (reduced fat mozzarella)",Italian style crust pizzas,1 slice,123,6.9,17.4,2.8,1.1,,0.71,2.3,1.5,517,,,,,,,false,true,,,Per slice; per pizza the guide prints 735 kcal
veg-a-roma-italian-style-crust-large,"Veg-a-Roma®, Italian Style Crust - Large",Italian style crust pizzas,1 slice,177,7.1,21.2,7.2,2.9,,0.85,6.4,2.0,745,,,,,,,false,true,,,Per slice; per pizza the guide prints 1774 kcal
veg-a-roma-italian-style-crust-medium,"Veg-a-Roma®, Italian Style Crust - Medium",Italian style crust pizzas,1 slice,148,5.6,18.1,5.9,2.4,,0.95,5.4,2.3,623,,,,,,,false,true,,,Per slice; per pizza the guide prints 1187 kcal
veg-a-roma-italian-style-crust-small,"Veg-a-Roma®, Italian Style Crust - Small",Italian style crust pizzas,1 slice,130,5.1,15.8,5.2,2.1,,0.86,3.3,1.6,544,,,,,,,false,true,,,Per slice; per pizza the guide prints 778 kcal
veg-a-roma-italian-style-crust-large-reduced-fat-mozzarella,"Veg-a-Roma®, Italian Style Crust - Large (reduced fat mozzarella)",Italian style crust pizzas,1 slice,162,8.1,20.8,5.1,1.5,,1.12,6.4,2.0,682,,,,,,,false,true,,,Per slice; per pizza the guide prints 1619 kcal
veg-a-roma-italian-style-crust-medium-reduced-fat-mozzarella,"Veg-a-Roma®, Italian Style Crust - Medium (reduced fat mozzarella)",Italian style crust pizzas,1 slice,141,5.4,19.9,4.4,1.3,,0.94,5.6,2.2,593,,,,,,,false,true,,,Per slice; per pizza the guide prints 1127 kcal
veg-a-roma-italian-style-crust-small-reduced-fat-mozzarella,"Veg-a-Roma®, Italian Style Crust - Small (reduced fat mozzarella)",Italian style crust pizzas,1 slice,115,5.6,15.5,3.5,1.1,,0.96,3.2,1.8,485,,,,,,,false,true,,,Per slice; per pizza the guide prints 690 kcal
vegi-classic-italian-style-crust-large,"Vegi Classic, Italian Style Crust - Large",Italian style crust pizzas,1 slice,163,8.8,19.3,5.6,2.9,,0.75,5.6,1.6,684,,,,,,,false,true,,,Per slice; per pizza the guide prints 1625 kcal
vegi-classic-italian-style-crust-medium,"Vegi Classic, Italian Style Crust - Medium",Italian style crust pizzas,1 slice,139,6.9,17.2,4.7,2.5,,0.64,4.7,1.5,584,,,,,,,false,true,,,Per slice; per pizza the guide prints 1110 kcal
vegi-classic-italian-style-crust-small,"Vegi Classic, Italian Style Crust - Small",Italian style crust pizzas,1 slice,127,5.1,17.4,4.0,2.2,,0.55,2.1,1.1,532,,,,,,,false,true,,,Per slice; per pizza the guide prints 759 kcal
vegi-classic-italian-style-crust-large-reduced-fat-mozzarella,"Vegi Classic, Italian Style Crust - Large (reduced fat mozzarella)",Italian style crust pizzas,1 slice,145,7.7,20.1,3.7,1.8,,0.72,4.8,2.7,610,,,,,,,false,true,,,Per slice; per pizza the guide prints 1447 kcal
vegi-classic-italian-style-crust-medium-reduced-fat-mozzarella,"Vegi Classic, Italian Style Crust - Medium (reduced fat mozzarella)",Italian style crust pizzas,1 slice,123,5.5,17.6,3.4,1.6,,0.81,4.3,2.2,519,,,,,,,false,true,,,Per slice; per pizza the guide prints 984 kcal
vegi-classic-italian-style-crust-small-reduced-fat-mozzarella,"Vegi Classic, Italian Style Crust - Small (reduced fat mozzarella)",Italian style crust pizzas,1 slice,111,5.6,17.0,2.3,1.0,,0.60,2.1,1.4,470,,,,,,,false,true,,,Per slice; per pizza the guide prints 667 kcal
vegi-sizzler-italian-style-crust-large,"Vegi Sizzler, Italian Style Crust - Large",Italian style crust pizzas,1 slice,163,8.8,19.2,5.6,2.9,,0.75,5.6,1.5,684,,,,,,,false,true,,,Per slice; per pizza the guide prints 1626 kcal
vegi-sizzler-italian-style-crust-medium,"Vegi Sizzler, Italian Style Crust - Medium",Italian style crust pizzas,1 slice,139,6.9,17.1,4.7,2.5,,0.64,4.7,1.5,583,,,,,,,false,true,,,Per slice; per pizza the guide prints 1108 kcal
vegi-sizzler-italian-style-crust-small,"Vegi Sizzler, Italian Style Crust - Small",Italian style crust pizzas,1 slice,126,5.1,17.4,4.1,2.2,,0.55,2.1,1.1,532,,,,,,,false,true,,,Per slice; per pizza the guide prints 758 kcal
vegi-sizzler-italian-style-crust-large-reduced-fat-mozzarella,"Vegi Sizzler, Italian Style Crust - Large (reduced fat mozzarella)",Italian style crust pizzas,1 slice,145,7.8,20.1,3.7,1.8,,0.72,4.8,2.6,610,,,,,,,false,true,,,Per slice; per pizza the guide prints 1447 kcal
vegi-sizzler-italian-style-crust-medium-reduced-fat-mozzarella,"Vegi Sizzler, Italian Style Crust - Medium (reduced fat mozzarella)",Italian style crust pizzas,1 slice,123,5.5,17.6,3.4,1.6,,0.81,4.3,2.1,517,,,,,,,false,true,,,Per slice; per pizza the guide prints 981 kcal
vegi-sizzler-italian-style-crust-small-reduced-fat-mozzarella,"Vegi Sizzler, Italian Style Crust - Small (reduced fat mozzarella)",Italian style crust pizzas,1 slice,112,5.7,16.9,2.3,1.0,,0.60,2.1,1.4,472,,,,,,,false,true,,,Per slice; per pizza the guide prints 670 kcal
vegi-supreme-italian-style-crust-large,"Vegi Supreme, Italian Style Crust - Large",Italian style crust pizzas,1 slice,166,8.9,19.8,5.7,2.9,,0.75,5.8,1.7,696,,,,,,,false,true,,,Per slice; per pizza the guide prints 1655 kcal
vegi-supreme-italian-style-crust-medium,"Vegi Supreme, Italian Style Crust - Medium",Italian style crust pizzas,1 slice,141,7.0,17.6,4.8,2.5,,0.64,4.9,1.6,594,,,,,,,false,true,,,Per slice; per pizza the guide prints 1129 kcal
vegi-supreme-italian-style-crust-small,"Vegi Supreme, Italian Style Crust - Small",Italian style crust pizzas,1 slice,129,5.2,17.8,4.1,2.2,,0.55,2.4,1.2,543,,,,,,,false,true,,,Per slice; per pizza the guide prints 773 kcal
vegi-supreme-italian-style-crust-large-reduced-fat-mozzarella,"Vegi Supreme, Italian Style Crust - Large (reduced fat mozzarella)",Italian style crust pizzas,1 slice,148,7.8,20.6,3.8,1.8,,0.72,5.1,2.7,623,,,,,,,false,true,,,Per slice; per pizza the guide prints 1476 kcal
vegi-supreme-italian-style-crust-medium-reduced-fat-mozzarella,"Vegi Supreme, Italian Style Crust - Medium (reduced fat mozzarella)",Italian style crust pizzas,1 slice,126,5.5,18.1,3.5,1.6,,0.81,4.6,2.3,529,,,,,,,false,true,,,Per slice; per pizza the guide prints 1004 kcal
vegi-supreme-italian-style-crust-small-reduced-fat-mozzarella,"Vegi Supreme, Italian Style Crust - Small (reduced fat mozzarella)",Italian style crust pizzas,1 slice,114,5.7,17.4,2.4,1.0,,0.60,2.4,1.5,481,,,,,,,false,true,,,Per slice; per pizza the guide prints 683 kcal
vegi-volcano-italian-style-crust-large,"Vegi Volcano, Italian Style Crust - Large",Italian style crust pizzas,1 slice,196,8.4,20.8,8.8,4.0,,1.07,6.4,1.9,824,,,,,,,false,true,,,Per slice; per pizza the guide prints 1964 kcal
vegi-volcano-italian-style-crust-medium,"Vegi Volcano, Italian Style Crust - Medium",Italian style crust pizzas,1 slice,165,6.9,17.7,7.4,3.4,,1.15,5.3,2.1,693,,,,,,,false,true,,,Per slice; per pizza the guide prints 1321 kcal
vegi-volcano-italian-style-crust-small,"Vegi Volcano, Italian Style Crust - Small",Italian style crust pizzas,1 slice,143,6.0,15.3,6.4,2.9,,1.02,3.1,1.4,601,,,,,,,false,true,,,Per slice; per pizza the guide prints 859 kcal
vegi-volcano-italian-style-crust-large-reduced-fat-mozzarella,"Vegi Volcano, Italian Style Crust - Large (reduced fat mozzarella)",Italian style crust pizzas,1 slice,177,9.9,20.6,6.1,2.2,,1.34,6.3,1.8,745,,,,,,,false,true,,,Per slice; per pizza the guide prints 1770 kcal
vegi-volcano-italian-style-crust-medium-reduced-fat-mozzarella,"Vegi Volcano, Italian Style Crust - Medium (reduced fat mozzarella)",Italian style crust pizzas,1 slice,155,6.9,19.6,5.4,1.9,,1.14,5.6,2.0,651,,,,,,,false,true,,,Per slice; per pizza the guide prints 1237 kcal
vegi-volcano-italian-style-crust-small-reduced-fat-mozzarella,"Vegi Volcano, Italian Style Crust - Small (reduced fat mozzarella)",Italian style crust pizzas,1 slice,126,6.8,15.1,4.2,1.6,,1.13,3.1,1.6,529,,,,,,,false,true,,,Per slice; per pizza the guide prints 755 kcal
absolute-banger-double-decadence-large,"Absolute Banger, Double Decadence - Large",Double Decadence crust pizzas,1 slice,292,12.3,25.5,15.6,8.4,,1.52,2.4,2.8,1222,,,,,,,false,true,,,Per slice; per pizza the guide prints 2922 kcal
absolute-banger-double-decadence-medium,"Absolute Banger, Double Decadence - Medium",Double Decadence crust pizzas,1 slice,277,12.4,21.8,15.6,8.3,,1.54,2.3,2.4,1159,,,,,,,false,true,,,Per slice; per pizza the guide prints 2219 kcal
absolute-banger-double-decadence-large-reduced-fat-mozzarella,"Absolute Banger, Double Decadence - Large (reduced fat mozzarella)",Double Decadence crust pizzas,1 slice,289,12.5,30.6,12.9,5.4,,1.43,4.9,3.5,1210,,,,,,,false,true,,,Per slice; per pizza the guide prints 2886 kcal
absolute-banger-double-decadence-medium-reduced-fat-mozzarella,"Absolute Banger, Double Decadence - Medium (reduced fat mozzarella)",Double Decadence crust pizzas,1 slice,267,14.8,24.9,12.1,5.3,,1.33,5.0,3.4,1121,,,,,,,false,true,,,Per slice; per pizza the guide prints 2138 kcal
american-hot-double-decadence-large,"American Hot, Double Decadence - Large",Double Decadence crust pizzas,1 slice,274,11.1,25.5,14.1,7.8,,1.80,2.6,2.9,1145,,,,,,,false,true,,,Per slice; per pizza the guide prints 2735 kcal
american-hot-double-decadence-medium,"American Hot, Double Decadence - Medium",Double Decadence crust pizzas,1 slice,257,11.2,21.7,14.0,7.7,,1.78,2.5,2.5,1076,,,,,,,false,true,,,Per slice; per pizza the guide prints 2058 kcal
american-hot-double-decadence-large-reduced-fat-mozzarella,"American Hot, Double Decadence - Large (reduced fat mozzarella)",Double Decadence crust pizzas,1 slice,270,11.4,30.5,11.4,4.8,,1.71,5.1,3.6,1135,,,,,,,false,true,,,Per slice; per pizza the guide prints 2703 kcal
american-hot-double-decadence-medium-reduced-fat-mozzarella,"American Hot, Double Decadence - Medium (reduced fat mozzarella)",Double Decadence crust pizzas,1 slice,248,13.6,24.9,10.4,4.7,,1.56,5.2,3.5,1040,,,,,,,false,true,,,Per slice; per pizza the guide prints 1982 kcal
americano-double-decadence-large,"Americano, Double Decadence - Large",Double Decadence crust pizzas,1 slice,316,11.6,37.7,13.3,6.6,,1.70,12.6,3.4,1328,,,,,,,false,true,,,Per slice; per pizza the guide prints 3164 kcal
americano-double-decadence-medium,"Americano, Double Decadence - Medium",Double Decadence crust pizzas,1 slice,283,10.6,34.8,11.3,5.6,,1.47,10.9,2.6,1190,,,,,,,false,true,,,Per slice; per pizza the guide prints 2266 kcal
americano-double-decadence-large-reduced-fat-mozzarella,"Americano, Double Decadence - Large (reduced fat mozzarella)",Double Decadence crust pizzas,1 slice,289,11.6,35.4,11.2,5.2,,1.53,9.5,3.4,1213,,,,,,,false,true,,,Per slice; per pizza the guide prints 2887 kcal
americano-double-decadence-medium-reduced-fat-mozzarella,"Americano, Double Decadence - Medium (reduced fat mozzarella)",Double Decadence crust pizzas,1 slice,270,10.1,33.8,10.6,4.9,,1.66,11.3,2.4,1135,,,,,,,false,true,,,Per slice; per pizza the guide prints 2162 kcal
bacon-double-cheese-double-decadence-large,"Bacon Double Cheese, Double Decadence - Large",Double Decadence crust pizzas,1 slice,300,13.5,25.6,15.9,9.2,,1.61,2.6,2.9,1254,,,,,,contains_pork,false,true,,,Per slice; per pizza the guide prints 2999 kcal
bacon-double-cheese-double-decadence-medium,"Bacon Double Cheese, Double Decadence - Medium",Double Decadence crust pizzas,1 slice,279,13.2,21.8,15.4,8.1,,1.62,2.5,2.5,1165,,,,,,contains_pork,false,true,,,Per slice; per pizza the guide prints 2230 kcal
bacon-double-cheese-double-decadence-large-reduced-fat-mozzarella,"Bacon Double Cheese, Double Decadence - Large (reduced fat mozzarella)",Double Decadence crust pizzas,1 slice,291,14.2,30.9,12.3,5.7,,1.53,5.1,3.6,1220,,,,,,contains_pork,false,true,,,Per slice; per pizza the guide prints 2907 kcal
bacon-double-cheese-double-decadence-medium-reduced-fat-mozzarella,"Bacon Double Cheese, Double Decadence - Medium (reduced fat mozzarella)",Double Decadence crust pizzas,1 slice,264,16.0,25.2,11.0,5.3,,1.37,5.2,3.4,1106,,,,,,contains_pork,false,true,,,Per slice; per pizza the guide prints 2109 kcal
buffalo-chicken-double-decadence-large,"Buffalo Chicken, Double Decadence - Large",Double Decadence crust pizzas,1 slice,245,11.0,25.5,11.0,6.6,,1.65,2.7,2.9,1026,,,,,,,false,true,,,Per slice; per pizza the guide prints 2446 kcal
buffalo-chicken-double-decadence-medium,"Buffalo Chicken, Double Decadence - Medium",Double Decadence crust pizzas,1 slice,228,10.9,21.7,10.8,6.4,,1.62,2.5,2.5,956,,,,,,,false,true,,,Per slice; per pizza the guide prints 1825 kcal
buffalo-chicken-double-decadence-large-reduced-fat-mozzarella,"Buffalo Chicken, Double Decadence - Large (reduced fat mozzarella)",Double Decadence crust pizzas,1 slice,241,11.2,30.5,8.2,3.6,,1.56,5.1,3.6,1014,,,,,,,false,true,,,Per slice; per pizza the guide prints 2411 kcal
buffalo-chicken-double-decadence-medium-reduced-fat-mozzarella,"Buffalo Chicken, Double Decadence - Medium (reduced fat mozzarella)",Double Decadence crust pizzas,1 slice,218,13.3,24.8,7.3,3.4,,1.41,5.2,3.5,918,,,,,,,false,true,,,Per slice; per pizza the guide prints 1745 kcal
chicken-feast-double-decadence-large,"Chicken Feast, Double Decadence - Large",Double Decadence crust pizzas,1 slice,251,12.0,25.8,11.1,6.6,,1.32,2.8,3.0,1053,,,,,,,false,true,,,Per slice; per pizza the guide prints 2511 kcal
chicken-feast-double-decadence-medium,"Chicken Feast, Double Decadence - Medium",Double Decadence crust pizzas,1 slice,234,11.9,22.0,10.9,6.4,,1.31,2.6,2.6,981,,,,,,,false,true,,,Per slice; per pizza the guide prints 1872 kcal
chicken-feast-double-decadence-large-reduced-fat-mozzarella,"Chicken Feast, Double Decadence - Large (reduced fat mozzarella)",Double Decadence crust pizzas,1 slice,247,12.3,30.8,8.3,3.6,,1.23,5.2,3.7,1041,,,,,,,false,true,,,Per slice; per pizza the guide prints 2474 kcal
chicken-feast-double-decadence-medium-reduced-fat-mozzarella,"Chicken Feast, Double Decadence - Medium (reduced fat mozzarella)",Double Decadence crust pizzas,1 slice,224,14.3,25.1,7.4,3.4,,1.10,5.3,3.5,944,,,,,,,false,true,,,Per slice; per pizza the guide prints 1794 kcal
deluxe-double-decadence-large,"Deluxe, Double Decadence - Large",Double Decadence crust pizzas,1 slice,271,11.3,25.6,13.7,7.6,,1.54,2.7,2.9,1134,,,,,,,false,true,,,Per slice; per pizza the guide prints 2709 kcal
deluxe-double-decadence-medium,"Deluxe, Double Decadence - Medium",Double Decadence crust pizzas,1 slice,255,11.4,21.8,13.6,7.5,,1.54,2.6,2.5,1069,,,,,,,false,true,,,Per slice; per pizza the guide prints 2043 kcal
deluxe-double-decadence-large-reduced-fat-mozzarella,"Deluxe, Double Decadence - Large (reduced fat mozzarella)",Double Decadence crust pizzas,1 slice,268,11.6,30.7,11.0,4.7,,1.45,5.2,3.6,1125,,,,,,,false,true,,,Per slice; per pizza the guide prints 2678 kcal
deluxe-double-decadence-medium-reduced-fat-mozzarella,"Deluxe, Double Decadence - Medium (reduced fat mozzarella)",Double Decadence crust pizzas,1 slice,245,13.8,25.0,10.0,4.5,,1.33,5.3,3.5,1030,,,,,,,false,true,,,Per slice; per pizza the guide prints 1962 kcal
farmhouse-double-decadence-large,"Farmhouse, Double Decadence - Large",Double Decadence crust pizzas,1 slice,247,11.3,25.4,11.1,6.6,,1.48,2.6,3.0,1037,,,,,,,false,true,,,Per slice; per pizza the guide prints 2472 kcal
farmhouse-double-decadence-medium,"Farmhouse, Double Decadence - Medium",Double Decadence crust pizzas,1 slice,231,11.4,21.6,11.0,6.5,,1.48,2.5,2.6,967,,,,,,,false,true,,,Per slice; per pizza the guide prints 1847 kcal
farmhouse-double-decadence-large-reduced-fat-mozzarella,"Farmhouse, Double Decadence - Large (reduced fat mozzarella)",Double Decadence crust pizzas,1 slice,244,11.6,30.4,8.4,3.7,,1.39,5.1,3.7,1027,,,,,,,false,true,,,Per slice; per pizza the guide prints 2441 kcal
farmhouse-double-decadence-medium-reduced-fat-mozzarella,"Farmhouse, Double Decadence - Medium (reduced fat mozzarella)",Double Decadence crust pizzas,1 slice,221,13.8,24.8,7.5,3.5,,1.27,5.2,3.5,930,,,,,,,false,true,,,Per slice; per pizza the guide prints 1769 kcal
fiery-vegi-sizzler-double-decadence-large,"Fiery Vegi Sizzler, Double Decadence - Large",Double Decadence crust pizzas,1 slice,239,9.8,25.4,10.9,6.5,,1.40,2.7,2.9,1001,,,,,,,false,true,,,Per slice; per pizza the guide prints 2386 kcal
fiery-vegi-sizzler-double-decadence-medium,"Fiery Vegi Sizzler, Double Decadence - Medium",Double Decadence crust pizzas,1 slice,223,9.9,21.6,10.8,6.4,,1.38,2.5,2.5,933,,,,,,,false,true,,,Per slice; per pizza the guide prints 1781 kcal
fiery-vegi-sizzler-double-decadence-large-reduced-fat-mozzarella,"Fiery Vegi Sizzler, Double Decadence - Large (reduced fat mozzarella)",Double Decadence crust pizzas,1 slice,236,10.1,30.5,8.2,3.6,,1.31,5.1,3.6,991,,,,,,,false,true,,,Per slice; per pizza the guide prints 2355 kcal
fiery-vegi-sizzler-double-decadence-medium-reduced-fat-mozzarella,"Fiery Vegi Sizzler, Double Decadence - Medium (reduced fat mozzarella)",Double Decadence crust pizzas,1 slice,213,12.2,24.8,7.2,3.4,,1.17,5.2,3.5,897,,,,,,,false,true,,,Per slice; per pizza the guide prints 1706 kcal
full-house-double-decadence-large,"Full House®, Double Decadence - Large",Double Decadence crust pizzas,1 slice,275,12.0,26.6,13.3,7.5,,1.57,3.3,3.0,1151,,,,,,,false,true,,,Per slice; per pizza the guide prints 2747 kcal
full-house-double-decadence-medium,"Full House®, Double Decadence - Medium",Double Decadence crust pizzas,1 slice,257,12.0,22.7,13.1,7.3,,1.56,3.2,2.6,1074,,,,,,,false,true,,,Per slice; per pizza the guide prints 2053 kcal
full-house-double-decadence-large-reduced-fat-mozzarella,"Full House®, Double Decadence - Large (reduced fat mozzarella)",Double Decadence crust pizzas,1 slice,271,12.3,31.6,10.6,4.5,,1.48,5.8,3.7,1139,,,,,,,false,true,,,Per slice; per pizza the guide prints 2710 kcal
full-house-double-decadence-medium-reduced-fat-mozzarella,"Full House®, Double Decadence - Medium (reduced fat mozzarella)",Double Decadence crust pizzas,1 slice,247,14.4,25.8,9.6,4.3,,1.35,5.8,3.6,1037,,,,,,,false,true,,,Per slice; per pizza the guide prints 1975 kcal
ham-and-pineapple-double-decadence-large,"Ham & Pineapple, Double Decadence - Large",Double Decadence crust pizzas,1 slice,249,11.1,25.9,11.1,6.6,,1.47,3.3,2.8,1043,,,,,,contains_pork,false,true,,,Per slice; per pizza the guide prints 2488 kcal
ham-and-pineapple-double-decadence-medium,"Ham & Pineapple, Double Decadence - Medium",Double Decadence crust pizzas,1 slice,232,11.2,22.1,11.0,6.5,,1.47,3.1,2.4,973,,,,,,contains_pork,false,true,,,Per slice; per pizza the guide prints 1858 kcal
ham-and-pineapple-double-decadence-large-reduced-fat-mozzarella,"Ham & Pineapple, Double Decadence - Large (reduced fat mozzarella)",Double Decadence crust pizzas,1 slice,245,11.4,31.0,8.4,3.6,,1.38,5.7,3.5,1030,,,,,,contains_pork,false,true,,,Per slice; per pizza the guide prints 2448 kcal
ham-and-pineapple-double-decadence-medium-reduced-fat-mozzarella,"Ham & Pineapple, Double Decadence - Medium (reduced fat mozzarella)",Double Decadence crust pizzas,1 slice,223,13.6,25.3,7.4,3.5,,1.26,5.8,3.4,937,,,,,,contains_pork,false,true,,,Per slice; per pizza the guide prints 1782 kcal
hawaiian-double-decadence-large,"Hawaiian, Double Decadence - Large",Double Decadence crust pizzas,1 slice,248,11.2,26.0,11.1,6.6,,1.47,3.3,2.9,1042,,,,,,,false,true,,,Per slice; per pizza the guide prints 2483 kcal
hawaiian-double-decadence-medium,"Hawaiian, Double Decadence - Medium",Double Decadence crust pizzas,1 slice,233,11.3,22.1,11.0,6.5,,1.47,3.1,2.5,974,,,,,,,false,true,,,Per slice; per pizza the guide prints 1860 kcal
hawaiian-double-decadence-large-reduced-fat-mozzarella,"Hawaiian, Double Decadence - Large (reduced fat mozzarella)",Double Decadence crust pizzas,1 slice,245,11.5,31.0,8.4,3.6,,1.38,5.8,3.6,1030,,,,,,,false,true,,,Per slice; per pizza the guide prints 2447 kcal
hawaiian-double-decadence-medium-reduced-fat-mozzarella,"Hawaiian, Double Decadence - Medium (reduced fat mozzarella)",Double Decadence crust pizzas,1 slice,223,13.6,25.3,7.5,3.5,,1.26,5.8,3.4,937,,,,,,,false,true,,,Per slice; per pizza the guide prints 1781 kcal
hot-and-spicy-double-decadence-large,"Hot & Spicy, Double Decadence - Large",Double Decadence crust pizzas,1 slice,250,10.6,25.7,11.7,6.9,,1.49,2.7,2.9,1048,,,,,,,false,true,,,Per slice; per pizza the guide prints 2499 kcal
hot-and-spicy-double-decadence-medium,"Hot & Spicy, Double Decadence - Medium",Double Decadence crust pizzas,1 slice,234,10.6,21.9,11.5,6.7,,1.46,2.5,2.6,978,,,,,,,false,true,,,Per slice; per pizza the guide prints 1868 kcal
hot-and-spicy-double-decadence-large-reduced-fat-mozzarella,"Hot & Spicy, Double Decadence - Large (reduced fat mozzarella)",Double Decadence crust pizzas,1 slice,247,10.8,30.7,9.0,3.9,,1.40,5.1,3.7,1040,,,,,,,false,true,,,Per slice; per pizza the guide prints 2473 kcal
hot-and-spicy-double-decadence-medium-reduced-fat-mozzarella,"Hot & Spicy, Double Decadence - Medium (reduced fat mozzarella)",Double Decadence crust pizzas,1 slice,223,12.9,25.0,8.0,3.7,,1.25,5.2,3.5,939,,,,,,,false,true,,,Per slice; per pizza the guide prints 1786 kcal
house-special-tandoori-chicken-double-decadence-large,"House Special Tandoori Chicken, Double Decadence - Large",Double Decadence crust pizzas,1 slice,306,14.3,25.7,16.2,9.1,,2.69,2.8,2.9,1280,,,,,,,false,true,,,Per slice; per pizza the guide prints 3060 kcal
house-special-tandoori-chicken-double-decadence-medium,"House Special Tandoori Chicken, Double Decadence - Medium",Double Decadence crust pizzas,1 slice,286,14.1,21.9,15.8,8.8,,2.60,2.7,2.6,1196,,,,,,,false,true,,,Per slice; per pizza the guide prints 2289 kcal
house-special-tandoori-chicken-double-decadence-large-reduced-fat-mozzarella,"House Special Tandoori Chicken, Double Decadence - Large (reduced fat mozzarella)",Double Decadence crust pizzas,1 slice,299,14.9,30.9,12.8,5.7,,2.60,5.3,3.6,1256,,,,,,,false,true,,,Per slice; per pizza the guide prints 2993 kcal
house-special-tandoori-chicken-double-decadence-medium-reduced-fat-mozzarella,"House Special Tandoori Chicken, Double Decadence - Medium (reduced fat mozzarella)",Double Decadence crust pizzas,1 slice,273,16.8,25.2,11.7,5.5,,2.39,5.4,3.5,1146,,,,,,,false,true,,,Per slice; per pizza the guide prints 2185 kcal
meatball-marinara-double-decadence-large,"Meatball Marinara, Double Decadence - Large",Double Decadence crust pizzas,1 slice,301,12.5,27.4,15.7,8.2,,1.70,3.1,3.2,1258,,,,,,,false,true,,,Per slice; per pizza the guide prints 3006 kcal
meatball-marinara-double-decadence-medium,"Meatball Marinara, Double Decadence - Medium",Double Decadence crust pizzas,1 slice,286,12.7,23.7,15.6,8.1,,1.71,3.0,2.9,1196,,,,,,,false,true,,,Per slice; per pizza the guide prints 2287 kcal
meatball-marinara-double-decadence-large-reduced-fat-mozzarella,"Meatball Marinara, Double Decadence - Large (reduced fat mozzarella)",Double Decadence crust pizzas,1 slice,298,12.8,32.4,13.0,5.2,,1.61,5.6,3.9,1250,,,,,,,false,true,,,Per slice; per pizza the guide prints 2979 kcal
meatball-marinara-double-decadence-medium-reduced-fat-mozzarella,"Meatball Marinara, Double Decadence - Medium (reduced fat mozzarella)",Double Decadence crust pizzas,1 slice,275,15.0,26.8,12.0,5.0,,1.50,5.7,3.8,1154,,,,,,,false,true,,,Per slice; per pizza the guide prints 2201 kcal
meateor-double-decadence-large,"Meateor™, Double Decadence - Large",Double Decadence crust pizzas,1 slice,338,12.0,37.9,15.4,7.4,,1.77,12.5,3.3,1417,,,,,,,false,true,,,Per slice; per pizza the guide prints 3379 kcal
meateor-double-decadence-medium,"Meateor™, Double Decadence - Medium",Double Decadence crust pizzas,1 slice,303,11.0,34.9,13.2,6.3,,1.52,10.8,2.5,1271,,,,,,,false,true,,,Per slice; per pizza the guide prints 2424 kcal
meateor-double-decadence-large-reduced-fat-mozzarella,"Meateor™, Double Decadence - Large (reduced fat mozzarella)",Double Decadence crust pizzas,1 slice,310,12.0,35.6,13.3,6.0,,1.59,9.4,3.3,1301,,,,,,,false,true,,,Per slice; per pizza the guide prints 3101 kcal
meateor-double-decadence-medium-reduced-fat-mozzarella,"Meateor™, Double Decadence - Medium (reduced fat mozzarella)",Double Decadence crust pizzas,1 slice,290,10.6,33.9,12.5,5.6,,1.71,11.2,2.4,1215,,,,,,,false,true,,,Per slice; per pizza the guide prints 2317 kcal
meatilicious-double-decadence-large,"Meatilicious, Double Decadence - Large",Double Decadence crust pizzas,1 slice,274,12.5,25.2,13.8,7.7,,1.59,2.4,2.8,1148,,,,,,,false,true,,,Per slice; per pizza the guide prints 2740 kcal
meatilicious-double-decadence-medium,"Meatilicious, Double Decadence - Medium",Double Decadence crust pizzas,1 slice,257,12.4,21.5,13.6,7.5,,1.58,2.3,2.4,1075,,,,,,,false,true,,,Per slice; per pizza the guide prints 2055 kcal
meatilicious-double-decadence-large-reduced-fat-mozzarella,"Meatilicious, Double Decadence - Large (reduced fat mozzarella)",Double Decadence crust pizzas,1 slice,271,12.7,30.2,11.0,4.7,,1.51,4.9,3.5,1138,,,,,,,false,true,,,Per slice; per pizza the guide prints 2710 kcal
meatilicious-double-decadence-medium-reduced-fat-mozzarella,"Meatilicious, Double Decadence - Medium (reduced fat mozzarella)",Double Decadence crust pizzas,1 slice,247,14.8,24.6,10.0,4.5,,1.37,5.0,3.4,1037,,,,,,,false,true,,,Per slice; per pizza the guide prints 1976 kcal
meat-lovers-double-decadence-large,"Meat Lovers, Double Decadence - Large",Double Decadence crust pizzas,1 slice,291,12.9,25.3,15.3,8.3,,1.77,2.4,2.8,1216,,,,,,,false,true,,,Per slice; per pizza the guide prints 2907 kcal
meat-lovers-double-decadence-medium,"Meat Lovers, Double Decadence - Medium",Double Decadence crust pizzas,1 slice,272,12.8,21.5,15.0,8.1,,1.75,2.3,2.5,1135,,,,,,,false,true,,,Per slice; per pizza the guide prints 2172 kcal
meat-lovers-double-decadence-large-reduced-fat-mozzarella,"Meat Lovers, Double Decadence - Large (reduced fat mozzarella)",Double Decadence crust pizzas,1 slice,287,13.2,30.3,12.6,5.4,,1.68,4.8,3.5,1204,,,,,,,false,true,,,Per slice; per pizza the guide prints 2871 kcal
meat-lovers-double-decadence-medium-reduced-fat-mozzarella,"Meat Lovers, Double Decadence - Medium (reduced fat mozzarella)",Double Decadence crust pizzas,1 slice,263,15.2,24.7,11.4,5.1,,1.54,5.0,3.4,1102,,,,,,,false,true,,,Per slice; per pizza the guide prints 2101 kcal
meatzza-pizza-double-decadence-large,"Meatzza Pizza, Double Decadence - Large",Double Decadence crust pizzas,1 slice,285,13.0,25.5,14.6,8.0,,1.76,2.4,2.8,1192,,,,,,,false,true,,,Per slice; per pizza the guide prints 2848 kcal
meatzza-pizza-double-decadence-medium,"Meatzza Pizza, Double Decadence - Medium",Double Decadence crust pizzas,1 slice,269,13.0,21.7,14.4,7.8,,1.75,2.3,2.5,1123,,,,,,,false,true,,,Per slice; per pizza the guide prints 2148 kcal
meatzza-pizza-double-decadence-large-reduced-fat-mozzarella,"Meatzza Pizza, Double Decadence - Large (reduced fat mozzarella)",Double Decadence crust pizzas,1 slice,282,13.3,30.5,11.9,5.0,,1.67,4.9,3.6,1182,,,,,,,false,true,,,Per slice; per pizza the guide prints 2816 kcal
meatzza-pizza-double-decadence-medium-reduced-fat-mozzarella,"Meatzza Pizza, Double Decadence - Medium (reduced fat mozzarella)",Double Decadence crust pizzas,1 slice,258,15.4,24.8,10.8,4.8,,1.54,5.0,3.4,1083,,,,,,,false,true,,,Per slice; per pizza the guide prints 2064 kcal
mighty-meaty-double-decadence-large,"Mighty Meaty®, Double Decadence - Large",Double Decadence crust pizzas,1 slice,288,13.2,25.7,14.7,8.1,,1.77,2.6,3.0,1207,,,,,,,false,true,,,Per slice; per pizza the guide prints 2883 kcal
mighty-meaty-double-decadence-medium,"Mighty Meaty®, Double Decadence - Medium",Double Decadence crust pizzas,1 slice,271,13.1,21.9,14.5,7.9,,1.76,2.5,2.6,1133,,,,,,,false,true,,,Per slice; per pizza the guide prints 2166 kcal
mighty-meaty-double-decadence-large-reduced-fat-mozzarella,"Mighty Meaty®, Double Decadence - Large (reduced fat mozzarella)",Double Decadence crust pizzas,1 slice,285,13.4,30.8,12.0,5.1,,1.69,5.1,3.7,1195,,,,,,,false,true,,,Per slice; per pizza the guide prints 2846 kcal
mighty-meaty-double-decadence-medium-reduced-fat-mozzarella,"Mighty Meaty®, Double Decadence - Medium (reduced fat mozzarella)",Double Decadence crust pizzas,1 slice,261,15.5,25.1,10.9,4.9,,1.55,5.2,3.5,1094,,,,,,,false,true,,,Per slice; per pizza the guide prints 2085 kcal
mixed-grill-double-decadence-large,"Mixed Grill, Double Decadence - Large",Double Decadence crust pizzas,1 slice,275,11.9,25.8,13.9,7.7,,1.55,2.7,2.9,1153,,,,,,,false,true,,,Per slice; per pizza the guide prints 2753 kcal
mixed-grill-double-decadence-medium,"Mixed Grill, Double Decadence - Medium",Double Decadence crust pizzas,1 slice,259,12.0,22.0,13.7,7.6,,1.54,2.6,2.5,1082,,,,,,,false,true,,,Per slice; per pizza the guide prints 2068 kcal
mixed-grill-double-decadence-large-reduced-fat-mozzarella,"Mixed Grill, Double Decadence - Large (reduced fat mozzarella)",Double Decadence crust pizzas,1 slice,284,12.9,31.0,12.1,5.1,,1.55,5.2,3.7,1191,,,,,,,false,true,,,Per slice; per pizza the guide prints 2837 kcal
mixed-grill-double-decadence-medium-reduced-fat-mozzarella,"Mixed Grill, Double Decadence - Medium (reduced fat mozzarella)",Double Decadence crust pizzas,1 slice,261,15.0,25.4,11.0,4.9,,1.42,5.3,3.5,1094,,,,,,,false,true,,,Per slice; per pizza the guide prints 2085 kcal
new-yorker-double-decadence-large,"New Yorker, Double Decadence - Large",Double Decadence crust pizzas,1 slice,279,12.1,25.1,14.5,8.0,,1.69,2.4,2.8,1167,,,,,,,false,true,,,Per slice; per pizza the guide prints 2788 kcal
new-yorker-double-decadence-medium,"New Yorker, Double Decadence - Medium",Double Decadence crust pizzas,1 slice,262,12.1,21.3,14.2,7.8,,1.68,2.3,2.4,1094,,,,,,,false,true,,,Per slice; per pizza the guide prints 2093 kcal
new-yorker-double-decadence-large-reduced-fat-mozzarella,"New Yorker, Double Decadence - Large (reduced fat mozzarella)",Double Decadence crust pizzas,1 slice,275,12.4,30.1,11.7,5.0,,1.60,4.8,3.5,1153,,,,,,,false,true,,,Per slice; per pizza the guide prints 2748 kcal
new-yorker-double-decadence-medium-reduced-fat-mozzarella,"New Yorker, Double Decadence - Medium (reduced fat mozzarella)",Double Decadence crust pizzas,1 slice,252,14.5,24.5,10.7,4.8,,1.47,5.0,3.4,1058,,,,,,,false,true,,,Per slice; per pizza the guide prints 2016 kcal
original-cheese-and-tomato-double-decadence-large,"Original Cheese and Tomato, Double Decadence - Large",Double Decadence crust pizzas,1 slice,258,11.2,25.0,12.6,7.6,,1.36,2.4,2.7,1080,,,,,,,false,true,,,Per slice; per pizza the guide prints 2577 kcal
original-cheese-and-tomato-double-decadence-medium,"Original Cheese and Tomato, Double Decadence - Medium",Double Decadence crust pizzas,1 slice,240,11.1,21.3,12.3,7.4,,1.35,2.3,2.4,1005,,,,,,,false,true,,,Per slice; per pizza the guide prints 1920 kcal
original-cheese-and-tomato-double-decadence-large-reduced-fat-mozzarella,"Original Cheese and Tomato, Double Decadence - Large (reduced fat mozzarella)",Double Decadence crust pizzas,1 slice,251,11.8,30.3,9.2,4.3,,1.27,4.9,3.4,1056,,,,,,,false,true,,,Per slice; per pizza the guide prints 2513 kcal
original-cheese-and-tomato-double-decadence-medium-reduced-fat-mozzarella,"Original Cheese and Tomato, Double Decadence - Medium (reduced fat mozzarella)",Double Decadence crust pizzas,1 slice,227,13.8,24.6,8.2,4.0,,1.14,5.0,3.3,954,,,,,,,false,true,,,Per slice; per pizza the guide prints 1816 kcal
pepperoni-passion-double-decadence-large,"Pepperoni Passion, Double Decadence - Large",Double Decadence crust pizzas,1 slice,304,13.1,25.1,16.9,9.3,,1.79,2.4,2.7,1272,,,,,,contains_pork,false,true,,,Per slice; per pizza the guide prints 3043 kcal
pepperoni-passion-double-decadence-medium,"Pepperoni Passion, Double Decadence - Medium",Double Decadence crust pizzas,1 slice,287,13.0,21.4,16.6,9.1,,1.77,2.3,2.4,1198,,,,,,contains_pork,false,true,,,Per slice; per pizza the guide prints 2293 kcal
pepperoni-passion-double-decadence-large-reduced-fat-mozzarella,"Pepperoni Passion, Double Decadence - Large (reduced fat mozzarella)",Double Decadence crust pizzas,1 slice,298,13.7,30.4,13.5,6.0,,1.70,4.9,3.4,1250,,,,,,contains_pork,false,true,,,Per slice; per pizza the guide prints 2980 kcal
pepperoni-passion-double-decadence-medium-reduced-fat-mozzarella,"Pepperoni Passion, Double Decadence - Medium (reduced fat mozzarella)",Double Decadence crust pizzas,1 slice,274,15.7,24.7,12.5,5.7,,1.56,5.0,3.3,1148,,,,,,contains_pork,false,true,,,Per slice; per pizza the guide prints 2191 kcal
ranch-bbq-double-decadence-large,"Ranch BBQ, Double Decadence - Large",Double Decadence crust pizzas,1 slice,326,12.3,37.2,14.3,7.1,,1.71,12.3,3.2,1369,,,,,,,false,true,,,Per slice; per pizza the guide prints 3263 kcal
ranch-bbq-double-decadence-medium,"Ranch BBQ, Double Decadence - Medium",Double Decadence crust pizzas,1 slice,290,11.1,34.3,12.1,6.0,,1.45,10.6,2.4,1218,,,,,,,false,true,,,Per slice; per pizza the guide prints 2321 kcal
ranch-bbq-double-decadence-large-reduced-fat-mozzarella,"Ranch BBQ, Double Decadence - Large (reduced fat mozzarella)",Double Decadence crust pizzas,1 slice,298,12.3,34.9,12.2,5.7,,1.54,9.2,3.2,1251,,,,,,,false,true,,,Per slice; per pizza the guide prints 2979 kcal
ranch-bbq-double-decadence-medium-reduced-fat-mozzarella,"Ranch BBQ, Double Decadence - Medium (reduced fat mozzarella)",Double Decadence crust pizzas,1 slice,278,10.7,33.2,11.4,5.3,,1.65,11.0,2.3,1169,,,,,,,false,true,,,Per slice; per pizza the guide prints 2227 kcal
scrummy-double-decadence-large,"Scrummy™, Double Decadence - Large",Double Decadence crust pizzas,1 slice,309,14.1,25.8,16.5,8.8,,2.66,2.6,3.0,1291,,,,,,,false,true,,,Per slice; per pizza the guide prints 3086 kcal
scrummy-double-decadence-medium,"Scrummy™, Double Decadence - Medium",Double Decadence crust pizzas,1 slice,289,14.0,22.0,16.2,8.5,,2.58,2.5,2.6,1209,,,,,,,false,true,,,Per slice; per pizza the guide prints 2314 kcal
scrummy-double-decadence-large-reduced-fat-mozzarella,"Scrummy™, Double Decadence - Large (reduced fat mozzarella)",Double Decadence crust pizzas,1 slice,305,14.4,30.8,13.8,5.8,,2.57,5.0,3.7,1279,,,,,,,false,true,,,Per slice; per pizza the guide prints 3050 kcal
scrummy-double-decadence-medium-reduced-fat-mozzarella,"Scrummy™, Double Decadence - Medium (reduced fat mozzarella)",Double Decadence crust pizzas,1 slice,280,16.4,25.2,12.6,5.5,,2.37,5.1,3.5,1173,,,,,,,false,true,,,Per slice; per pizza the guide prints 2237 kcal
dominos-tandoori-hot-double-decadence-large,"Dominos Tandoori Hot®, Double Decadence - Large",Double Decadence crust pizzas,1 slice,249,11.5,25.7,11.1,6.6,,2.46,2.8,3.0,1043,,,,,,,false,true,,,Per slice; per pizza the guide prints 2488 kcal
dominos-tandoori-hot-double-decadence-medium,"Dominos Tandoori Hot®, Double Decadence - Medium",Double Decadence crust pizzas,1 slice,231,11.4,21.9,11.0,6.5,,2.38,2.6,2.6,970,,,,,,,false,true,,,Per slice; per pizza the guide prints 1851 kcal
dominos-tandoori-hot-double-decadence-large-reduced-fat-mozzarella,"Dominos Tandoori Hot®, Double Decadence - Large (reduced fat mozzarella)",Double Decadence crust pizzas,1 slice,246,11.7,30.8,8.4,3.7,,2.37,5.2,3.7,1034,,,,,,,false,true,,,Per slice; per pizza the guide prints 2456 kcal
dominos-tandoori-hot-double-decadence-medium-reduced-fat-mozzarella,"Dominos Tandoori Hot®, Double Decadence - Medium (reduced fat mozzarella)",Double Decadence crust pizzas,1 slice,223,13.8,25.1,7.4,3.5,,2.17,5.3,3.6,936,,,,,,,false,true,,,Per slice; per pizza the guide prints 1780 kcal
tandoori-sizzler-double-decadence-large,"Tandoori Sizzler, Double Decadence - Large",Double Decadence crust pizzas,1 slice,248,11.2,25.8,11.1,6.6,,2.13,2.9,3.0,1040,,,,,,,false,true,,,Per slice; per pizza the guide prints 2481 kcal
tandoori-sizzler-double-decadence-medium,"Tandoori Sizzler, Double Decadence - Medium",Double Decadence crust pizzas,1 slice,231,11.2,21.9,10.9,6.5,,2.03,2.7,2.6,966,,,,,,,false,true,,,Per slice; per pizza the guide prints 1845 kcal
tandoori-sizzler-double-decadence-large-reduced-fat-mozzarella,"Tandoori Sizzler, Double Decadence - Large (reduced fat mozzarella)",Double Decadence crust pizzas,1 slice,244,11.5,30.8,8.3,3.6,,2.04,5.4,3.7,1026,,,,,,,false,true,,,Per slice; per pizza the guide prints 2439 kcal
tandoori-sizzler-double-decadence-medium-reduced-fat-mozzarella,"Tandoori Sizzler, Double Decadence - Medium (reduced fat mozzarella)",Double Decadence crust pizzas,1 slice,221,13.5,25.1,7.4,3.5,,1.82,5.4,3.5,931,,,,,,,false,true,,,Per slice; per pizza the guide prints 1770 kcal
texas-bbq-double-decadence-large,"Texas BBQ, Double Decadence - Large",Double Decadence crust pizzas,1 slice,295,10.8,37.3,11.4,5.9,,1.43,12.6,3.3,1238,,,,,,,false,true,,,Per slice; per pizza the guide prints 2945 kcal
texas-bbq-double-decadence-medium,"Texas BBQ, Double Decadence - Medium",Double Decadence crust pizzas,1 slice,260,9.8,34.4,9.3,4.9,,1.18,10.9,2.5,1094,,,,,,,false,true,,,Per slice; per pizza the guide prints 2081 kcal
texas-bbq-double-decadence-large-reduced-fat-mozzarella,"Texas BBQ, Double Decadence - Large (reduced fat mozzarella)",Double Decadence crust pizzas,1 slice,267,10.8,35.0,9.3,4.5,,1.25,9.5,3.3,1121,,,,,,,false,true,,,Per slice; per pizza the guide prints 2665 kcal
texas-bbq-double-decadence-medium-reduced-fat-mozzarella,"Texas BBQ, Double Decadence - Medium (reduced fat mozzarella)",Double Decadence crust pizzas,1 slice,248,9.3,33.4,8.6,4.1,,1.37,11.3,2.3,1044,,,,,,,false,true,,,Per slice; per pizza the guide prints 1986 kcal
the-cheeseburger-double-decadence-large,"The Cheeseburger, Double Decadence - Large",Double Decadence crust pizzas,1 slice,277,11.4,27.0,13.7,7.3,,1.61,3.6,3.1,1159,,,,,,,false,true,,,Per slice; per pizza the guide prints 2768 kcal
the-cheeseburger-double-decadence-medium,"The Cheeseburger, Double Decadence - Medium",Double Decadence crust pizzas,1 slice,258,11.3,23.1,13.3,7.1,,1.57,3.4,2.7,1078,,,,,,,false,true,,,Per slice; per pizza the guide prints 2060 kcal
the-cheeseburger-double-decadence-large-reduced-fat-mozzarella,"The Cheeseburger, Double Decadence - Large (reduced fat mozzarella)",Double Decadence crust pizzas,1 slice,274,11.7,32.0,10.9,4.3,,1.52,6.1,3.8,1149,,,,,,,false,true,,,Per slice; per pizza the guide prints 2735 kcal
the-cheeseburger-double-decadence-medium-reduced-fat-mozzarella,"The Cheeseburger, Double Decadence - Medium (reduced fat mozzarella)",Double Decadence crust pizzas,1 slice,247,13.7,26.2,9.7,4.1,,1.36,6.1,3.6,1039,,,,,,,false,true,,,Per slice; per pizza the guide prints 1979 kcal
the-meatfielder-double-decadence-large,"The Meatfielder, Double Decadence - Large",Double Decadence crust pizzas,1 slice,347,14.8,26.0,20.4,10.3,,2.15,2.6,3.0,1450,,,,,,,false,true,,,Per slice; per pizza the guide prints 3471 kcal
the-meatfielder-double-decadence-medium,"The Meatfielder, Double Decadence - Medium",Double Decadence crust pizzas,1 slice,329,14.8,22.2,20.1,10.0,,2.13,2.5,2.6,1373,,,,,,,false,true,,,Per slice; per pizza the guide prints 2632 kcal
the-meatfielder-double-decadence-large-reduced-fat-mozzarella,"The Meatfielder, Double Decadence - Large (reduced fat mozzarella)",Double Decadence crust pizzas,1 slice,343,15.1,31.0,17.7,7.3,,2.06,5.0,3.7,1437,,,,,,,false,true,,,Per slice; per pizza the guide prints 3434 kcal
the-meatfielder-double-decadence-medium-reduced-fat-mozzarella,"The Meatfielder, Double Decadence - Medium (reduced fat mozzarella)",Double Decadence crust pizzas,1 slice,319,17.2,25.4,16.5,7.0,,1.92,5.2,3.5,1335,,,,,,,false,true,,,Per slice; per pizza the guide prints 2551 kcal
the-sizzler-double-decadence-large,"The Sizzler, Double Decadence - Large",Double Decadence crust pizzas,1 slice,296,13.1,30.5,13.5,5.9,,2.92,5.3,2.2,1239,,,,,,,false,true,,,Per slice; per pizza the guide prints 2955 kcal
the-sizzler-double-decadence-medium,"The Sizzler, Double Decadence - Medium",Double Decadence crust pizzas,1 slice,276,9.0,30.9,12.9,5.9,,2.53,5.6,2.9,1156,,,,,,,false,true,,,Per slice; per pizza the guide prints 2206 kcal
the-sizzler-double-decadence-large-reduced-fat-mozzarella,"The Sizzler, Double Decadence - Large (reduced fat mozzarella)",Double Decadence crust pizzas,1 slice,278,10.7,32.4,11.6,5.0,,2.66,6.5,3.6,1165,,,,,,,false,true,,,Per slice; per pizza the guide prints 2776 kcal
the-sizzler-double-decadence-medium-reduced-fat-mozzarella,"The Sizzler, Double Decadence - Medium (reduced fat mozzarella)",Double Decadence crust pizzas,1 slice,263,12.0,30.0,10.7,4.5,,2.52,5.6,2.2,1105,,,,,,,false,true,,,Per slice; per pizza the guide prints 2105 kcal
the-ultimate-hot-honey-pepperoni-double-decadence-large,"The Ultimate Hot Honey Pepperoni, Double Decadence - Large",Double Decadence crust pizzas,1 slice,305,11.0,32.1,14.8,7.0,,1.53,7.3,3.5,1277,,,,,,contains_pork,false,true,,,Per slice; per pizza the guide prints 3047 kcal
the-ultimate-hot-honey-pepperoni-double-decadence-medium,"The Ultimate Hot Honey Pepperoni, Double Decadence - Medium",Double Decadence crust pizzas,1 slice,284,8.6,32.6,13.2,5.9,,1.40,6.1,2.5,1189,,,,,,contains_pork,false,true,,,Per slice; per pizza the guide prints 2268 kcal
the-ultimate-hot-honey-pepperoni-double-decadence-large-reduced-fat-mozzarella,"The Ultimate Hot Honey Pepperoni, Double Decadence - Large (reduced fat mozzarella)",Double Decadence crust pizzas,1 slice,275,11.3,31.9,11.3,4.8,,1.49,6.4,3.4,1156,,,,,,contains_pork,false,true,,,Per slice; per pizza the guide prints 2754 kcal
the-ultimate-hot-honey-pepperoni-double-decadence-medium-reduced-fat-mozzarella,"The Ultimate Hot Honey Pepperoni, Double Decadence - Medium (reduced fat mozzarella)",Double Decadence crust pizzas,1 slice,252,13.5,26.1,10.4,4.6,,1.37,6.5,3.3,1058,,,,,,contains_pork,false,true,,,Per slice; per pizza the guide prints 2015 kcal
the-ultimate-hot-honey-nduja-pepperoni-double-decadence-large,"The Ultimate Hot Honey Nduja Pepperoni, Double Decadence - Large",Double Decadence crust pizzas,1 slice,323,11.8,32.1,16.5,7.6,,1.67,7.3,3.5,1353,,,,,,contains_pork,false,true,,,Per slice; per pizza the guide prints 3231 kcal
the-ultimate-hot-honey-nduja-pepperoni-double-decadence-medium,"The Ultimate Hot Honey Nduja Pepperoni, Double Decadence - Medium",Double Decadence crust pizzas,1 slice,300,9.4,32.6,14.7,6.5,,1.52,6.2,2.5,1256,,,,,,contains_pork,false,true,,,Per slice; per pizza the guide prints 2399 kcal
the-ultimate-hot-honey-nduja-pepperoni-double-decadence-large-reduced-fat-mozzarella,"The Ultimate Hot Honey Nduja Pepperoni, Double Decadence - Large (reduced fat mozzarella)",Double Decadence crust pizzas,1 slice,295,12.1,31.9,13.1,5.5,,1.63,6.5,3.4,1235,,,,,,contains_pork,false,true,,,Per slice; per pizza the guide prints 2945 kcal
the-ultimate-hot-honey-nduja-pepperoni-double-decadence-medium-reduced-fat-mozzarella,"The Ultimate Hot Honey Nduja Pepperoni, Double Decadence - Medium (reduced fat mozzarella)",Double Decadence crust pizzas,1 slice,269,14.3,26.2,11.9,5.3,,1.49,6.5,3.3,1129,,,,,,contains_pork,false,true,,,Per slice; per pizza the guide prints 2153 kcal
the-ultimate-honey-chilli-chicken-double-decadence-large,"The Ultimate Honey Chilli Chicken, Double Decadence - Large",Double Decadence crust pizzas,1 slice,290,10.7,33.2,11.8,5.8,,1.34,8.0,3.8,1213,,,,,,,false,true,,,Per slice; per pizza the guide prints 2896 kcal
the-ultimate-honey-chilli-chicken-double-decadence-medium,"The Ultimate Honey Chilli Chicken, Double Decadence - Medium",Double Decadence crust pizzas,1 slice,265,8.3,33.6,10.2,4.7,,1.19,6.7,2.8,1110,,,,,,,false,true,,,Per slice; per pizza the guide prints 2119 kcal
the-ultimate-honey-chilli-chicken-double-decadence-large-reduced-fat-mozzarella,"The Ultimate Honey Chilli Chicken, Double Decadence - Large (reduced fat mozzarella)",Double Decadence crust pizzas,1 slice,259,11.1,33.0,8.4,3.6,,1.31,7.1,3.7,1088,,,,,,,false,true,,,Per slice; per pizza the guide prints 2587 kcal
the-ultimate-honey-chilli-chicken-double-decadence-medium-reduced-fat-mozzarella,"The Ultimate Honey Chilli Chicken, Double Decadence - Medium (reduced fat mozzarella)",Double Decadence crust pizzas,1 slice,235,13.1,27.2,7.4,3.4,,1.17,7.0,3.6,987,,,,,,,false,true,,,Per slice; per pizza the guide prints 1879 kcal
tuna-supreme-double-decadence-large,"Tuna Supreme, Double Decadence - Large",Double Decadence crust pizzas,1 slice,253,11.4,26.2,11.5,6.6,,1.38,3.0,3.1,1062,,,,,,,false,true,,,Per slice; per pizza the guide prints 2532 kcal
tuna-supreme-double-decadence-medium,"Tuna Supreme, Double Decadence - Medium",Double Decadence crust pizzas,1 slice,235,11.0,22.4,11.2,6.5,,1.34,2.9,2.7,983,,,,,,,false,true,,,Per slice; per pizza the guide prints 1877 kcal
tuna-supreme-double-decadence-large-reduced-fat-mozzarella,"Tuna Supreme, Double Decadence - Large (reduced fat mozzarella)",Double Decadence crust pizzas,1 slice,250,11.6,31.2,8.8,3.7,,1.29,5.5,3.8,1052,,,,,,,false,true,,,Per slice; per pizza the guide prints 2501 kcal
tuna-supreme-double-decadence-medium-reduced-fat-mozzarella,"Tuna Supreme, Double Decadence - Medium (reduced fat mozzarella)",Double Decadence crust pizzas,1 slice,224,13.4,25.5,7.7,3.4,,1.13,5.6,3.6,944,,,,,,,false,true,,,Per slice; per pizza the guide prints 1795 kcal
veg-a-roma-double-decadence-large,"Veg-a-Roma®, Double Decadence - Large",Double Decadence crust pizzas,1 slice,263,10.5,30.5,11.1,4.9,,1.47,5.5,2.3,1104,,,,,,,false,true,,,Per slice; per pizza the guide prints 2631 kcal
veg-a-roma-double-decadence-medium,"Veg-a-Roma®, Double Decadence - Medium",Double Decadence crust pizzas,1 slice,244,6.5,30.9,10.5,4.9,,1.17,5.7,2.9,1023,,,,,,,false,true,,,Per slice; per pizza the guide prints 1951 kcal
veg-a-roma-double-decadence-large-reduced-fat-mozzarella,"Veg-a-Roma®, Double Decadence - Large (reduced fat mozzarella)",Double Decadence crust pizzas,1 slice,245,8.1,32.4,9.2,4.0,,1.22,6.7,3.7,1031,,,,,,,false,true,,,Per slice; per pizza the guide prints 2454 kcal
veg-a-roma-double-decadence-medium-reduced-fat-mozzarella,"Veg-a-Roma®, Double Decadence - Medium (reduced fat mozzarella)",Double Decadence crust pizzas,1 slice,232,9.4,29.9,8.3,3.5,,1.16,5.8,2.2,975,,,,,,,false,true,,,Per slice; per pizza the guide prints 1855 kcal
vegi-classic-double-decadence-large,"Vegi Classic, Double Decadence - Large",Double Decadence crust pizzas,1 slice,239,9.8,25.6,10.9,6.5,,1.24,2.8,3.0,1002,,,,,,,false,true,,,Per slice; per pizza the guide prints 2390 kcal
vegi-classic-double-decadence-medium,"Vegi Classic, Double Decadence - Medium",Double Decadence crust pizzas,1 slice,224,9.8,21.8,10.8,6.4,,1.24,2.7,2.6,936,,,,,,,false,true,,,Per slice; per pizza the guide prints 1788 kcal
vegi-classic-double-decadence-large-reduced-fat-mozzarella,"Vegi Classic, Double Decadence - Large (reduced fat mozzarella)",Double Decadence crust pizzas,1 slice,236,10.0,30.6,8.2,3.6,,1.15,5.3,3.7,992,,,,,,,false,true,,,Per slice; per pizza the guide prints 2359 kcal
vegi-classic-double-decadence-medium-reduced-fat-mozzarella,"Vegi Classic, Double Decadence - Medium (reduced fat mozzarella)",Double Decadence crust pizzas,1 slice,213,12.2,24.9,7.2,3.4,,1.03,5.3,3.5,896,,,,,,,false,true,,,Per slice; per pizza the guide prints 1703 kcal
vegi-sizzler-double-decadence-large,"Vegi Sizzler, Double Decadence - Large",Double Decadence crust pizzas,1 slice,239,9.8,25.5,10.9,6.5,,1.24,2.8,2.9,1002,,,,,,,false,true,,,Per slice; per pizza the guide prints 2390 kcal
vegi-sizzler-double-decadence-medium,"Vegi Sizzler, Double Decadence - Medium",Double Decadence crust pizzas,1 slice,223,9.9,21.7,10.8,6.4,,1.24,2.7,2.5,934,,,,,,,false,true,,,Per slice; per pizza the guide prints 1784 kcal
vegi-sizzler-double-decadence-large-reduced-fat-mozzarella,"Vegi Sizzler, Double Decadence - Large (reduced fat mozzarella)",Double Decadence crust pizzas,1 slice,236,10.1,30.6,8.2,3.6,,1.15,5.3,3.6,994,,,,,,,false,true,,,Per slice; per pizza the guide prints 2363 kcal
vegi-sizzler-double-decadence-medium-reduced-fat-mozzarella,"Vegi Sizzler, Double Decadence - Medium (reduced fat mozzarella)",Double Decadence crust pizzas,1 slice,214,12.2,24.9,7.2,3.4,,1.03,5.3,3.5,898,,,,,,,false,true,,,Per slice; per pizza the guide prints 1708 kcal
vegi-supreme-double-decadence-large,"Vegi Supreme, Double Decadence - Large",Double Decadence crust pizzas,1 slice,242,9.9,26.1,10.9,6.5,,1.24,3.1,3.1,1014,,,,,,,false,true,,,Per slice; per pizza the guide prints 2419 kcal
vegi-supreme-double-decadence-medium,"Vegi Supreme, Double Decadence - Medium",Double Decadence crust pizzas,1 slice,226,9.9,22.2,10.8,6.4,,1.24,2.9,2.7,946,,,,,,,false,true,,,Per slice; per pizza the guide prints 1806 kcal
vegi-supreme-double-decadence-large-reduced-fat-mozzarella,"Vegi Supreme, Double Decadence - Large (reduced fat mozzarella)",Double Decadence crust pizzas,1 slice,239,10.1,31.1,8.2,3.6,,1.15,5.6,3.8,1006,,,,,,,false,true,,,Per slice; per pizza the guide prints 2392 kcal
vegi-supreme-double-decadence-medium-reduced-fat-mozzarella,"Vegi Supreme, Double Decadence - Medium (reduced fat mozzarella)",Double Decadence crust pizzas,1 slice,216,12.3,25.4,7.3,3.4,,1.03,5.6,3.6,908,,,,,,,false,true,,,Per slice; per pizza the guide prints 1726 kcal
vegi-volcano-double-decadence-large,"Vegi Volcano, Double Decadence - Large",Double Decadence crust pizzas,1 slice,283,11.8,30.0,12.8,6.0,,1.70,5.4,2.1,1185,,,,,,,false,true,,,Per slice; per pizza the guide prints 2825 kcal
vegi-volcano-double-decadence-medium,"Vegi Volcano, Double Decadence - Medium",Double Decadence crust pizzas,1 slice,262,7.8,30.4,12.1,5.9,,1.37,5.7,2.7,1098,,,,,,,false,true,,,Per slice; per pizza the guide prints 2095 kcal
vegi-volcano-double-decadence-large-reduced-fat-mozzarella,"Vegi Volcano, Double Decadence - Large (reduced fat mozzarella)",Double Decadence crust pizzas,1 slice,260,9.8,32.1,10.3,4.7,,1.45,6.6,3.5,1093,,,,,,,false,true,,,Per slice; per pizza the guide prints 2601 kcal
vegi-volcano-double-decadence-medium-reduced-fat-mozzarella,"Vegi Volcano, Double Decadence - Medium (reduced fat mozzarella)",Double Decadence crust pizzas,1 slice,246,11.0,29.6,9.2,4.2,,1.36,5.7,2.0,1032,,,,,,,false,true,,,Per slice; per pizza the guide prints 1964 kcal
absolute-banger-stuffed-crust-large,"Absolute Banger, Stuffed Crust - Large",Stuffed crust pizzas,1 slice,268,12.1,26.5,12.6,6.2,,1.27,6.5,3.9,1124,,,,,,,false,true,,,Per slice; per pizza the guide prints 2682 kcal
absolute-banger-stuffed-crust-medium,"Absolute Banger, Stuffed Crust - Medium",Stuffed crust pizzas,1 slice,262,10.4,25.8,13.0,6.1,,1.25,6.1,3.5,1097,,,,,,,false,true,,,Per slice; per pizza the guide prints 2096 kcal
absolute-banger-stuffed-crust-large-reduced-fat-mozzarella,"Absolute Banger, Stuffed Crust - Large (reduced fat mozzarella)",Stuffed crust pizzas,1 slice,276,16.0,26.6,11.7,5.5,,1.50,6.9,2.6,1158,,,,,,,false,true,,,Per slice; per pizza the guide prints 2759 kcal
absolute-banger-stuffed-crust-medium-reduced-fat-mozzarella,"Absolute Banger, Stuffed Crust - Medium (reduced fat mozzarella)",Stuffed crust pizzas,1 slice,249,13.5,24.1,11.0,5.1,,1.34,5.4,3.0,1046,,,,,,,false,true,,,Per slice; per pizza the guide prints 1994 kcal
american-hot-stuffed-crust-large,"American Hot, Stuffed Crust - Large",Stuffed crust pizzas,1 slice,250,12.0,26.1,10.8,5.7,,1.62,3.9,3.2,1050,,,,,,,false,true,,,Per slice; per pizza the guide prints 2502 kcal
american-hot-stuffed-crust-medium,"American Hot, Stuffed Crust - Medium",Stuffed crust pizzas,1 slice,242,9.2,25.7,11.4,5.5,,1.49,6.3,3.6,1016,,,,,,,false,true,,,Per slice; per pizza the guide prints 1939 kcal
american-hot-stuffed-crust-large-reduced-fat-mozzarella,"American Hot, Stuffed Crust - Large (reduced fat mozzarella)",Stuffed crust pizzas,1 slice,240,13.7,24.2,9.9,5.1,,1.68,3.7,4.3,1009,,,,,,,false,true,,,Per slice; per pizza the guide prints 2402 kcal
american-hot-stuffed-crust-medium-reduced-fat-mozzarella,"American Hot, Stuffed Crust - Medium (reduced fat mozzarella)",Stuffed crust pizzas,1 slice,230,12.3,24.1,9.3,4.4,,1.57,5.6,3.0,964,,,,,,,false,true,,,Per slice; per pizza the guide prints 1836 kcal
americano-stuffed-crust-large,"Americano, Stuffed Crust - Large",Stuffed crust pizzas,1 slice,302,15.7,32.0,12.3,6.5,,1.87,10.0,2.6,1266,,,,,,,false,true,,,Per slice; per pizza the guide prints 3015 kcal
americano-stuffed-crust-medium,"Americano, Stuffed Crust - Medium",Stuffed crust pizzas,1 slice,273,13.9,29.1,11.2,5.6,,1.58,9.8,3.7,1146,,,,,,,false,true,,,Per slice; per pizza the guide prints 2183 kcal
americano-stuffed-crust-large-reduced-fat-mozzarella,"Americano, Stuffed Crust - Large (reduced fat mozzarella)",Stuffed crust pizzas,1 slice,285,12.5,35.5,10.4,5.1,,1.87,10.8,3.4,1197,,,,,,,false,true,,,Per slice; per pizza the guide prints 2847 kcal
americano-stuffed-crust-medium-reduced-fat-mozzarella,"Americano, Stuffed Crust - Medium (reduced fat mozzarella)",Stuffed crust pizzas,1 slice,256,12.0,31.4,9.2,4.6,,1.66,9.7,3.7,1077,,,,,,,false,true,,,Per slice; per pizza the guide prints 2048 kcal
bacon-double-cheese-stuffed-crust-large,"Bacon Double Cheese, Stuffed Crust - Large",Stuffed crust pizzas,1 slice,260,13.3,26.0,11.4,6.4,,1.33,3.8,3.2,1089,,,,,,contains_pork,false,true,,,Per slice; per pizza the guide prints 2596 kcal
bacon-double-cheese-stuffed-crust-medium,"Bacon Double Cheese, Stuffed Crust - Medium",Stuffed crust pizzas,1 slice,249,10.3,25.6,11.6,5.5,,1.24,6.2,3.5,1043,,,,,,contains_pork,false,true,,,Per slice; per pizza the guide prints 1991 kcal
bacon-double-cheese-stuffed-crust-large-reduced-fat-mozzarella,"Bacon Double Cheese, Stuffed Crust - Large (reduced fat mozzarella)",Stuffed crust pizzas,1 slice,246,15.4,24.3,9.8,5.4,,1.39,3.6,4.3,1034,,,,,,contains_pork,false,true,,,Per slice; per pizza the guide prints 2462 kcal
bacon-double-cheese-stuffed-crust-medium-reduced-fat-mozzarella,"Bacon Double Cheese, Stuffed Crust - Medium (reduced fat mozzarella)",Stuffed crust pizzas,1 slice,233,13.7,24.2,9.0,4.6,,1.29,5.6,3.0,978,,,,,,contains_pork,false,true,,,Per slice; per pizza the guide prints 1863 kcal
buffalo-chicken-stuffed-crust-large,"Buffalo Chicken, Stuffed Crust - Large",Stuffed crust pizzas,1 slice,220,10.8,26.6,7.8,4.5,,1.51,4.1,3.4,924,,,,,,,false,true,,,Per slice; per pizza the guide prints 2198 kcal
buffalo-chicken-stuffed-crust-medium,"Buffalo Chicken, Stuffed Crust - Medium",Stuffed crust pizzas,1 slice,216,9.5,25.9,8.3,4.3,,1.35,6.5,3.6,906,,,,,,,false,true,,,Per slice; per pizza the guide prints 1724 kcal
buffalo-chicken-stuffed-crust-large-reduced-fat-mozzarella,"Buffalo Chicken, Stuffed Crust - Large (reduced fat mozzarella)",Stuffed crust pizzas,1 slice,210,12.5,24.6,6.9,3.9,,1.57,3.9,4.5,885,,,,,,,false,true,,,Per slice; per pizza the guide prints 2102 kcal
buffalo-chicken-stuffed-crust-medium-reduced-fat-mozzarella,"Buffalo Chicken, Stuffed Crust - Medium (reduced fat mozzarella)",Stuffed crust pizzas,1 slice,203,12.6,24.2,6.2,3.2,,1.44,5.8,3.1,854,,,,,,,false,true,,,Per slice; per pizza the guide prints 1623 kcal
chicken-feast-stuffed-crust-large,"Chicken Feast, Stuffed Crust - Large",Stuffed crust pizzas,1 slice,227,12.9,26.4,7.8,4.5,,1.13,4.1,3.3,956,,,,,,,false,true,,,Per slice; per pizza the guide prints 2273 kcal
chicken-feast-stuffed-crust-medium,"Chicken Feast, Stuffed Crust - Medium",Stuffed crust pizzas,1 slice,219,10.0,26.0,8.3,4.3,,1.03,6.4,3.7,922,,,,,,,false,true,,,Per slice; per pizza the guide prints 1755 kcal
chicken-feast-stuffed-crust-large-reduced-fat-mozzarella,"Chicken Feast, Stuffed Crust - Large (reduced fat mozzarella)",Stuffed crust pizzas,1 slice,218,14.6,24.5,6.9,3.9,,1.19,3.8,4.4,916,,,,,,,false,true,,,Per slice; per pizza the guide prints 2176 kcal
chicken-feast-stuffed-crust-medium-reduced-fat-mozzarella,"Chicken Feast, Stuffed Crust - Medium (reduced fat mozzarella)",Stuffed crust pizzas,1 slice,206,13.0,24.4,6.3,3.2,,1.11,5.7,3.1,869,,,,,,,false,true,,,Per slice; per pizza the guide prints 1650 kcal
deluxe-stuffed-crust-large,"Deluxe, Stuffed Crust - Large",Stuffed crust pizzas,1 slice,248,12.2,26.2,10.4,5.5,,1.35,4.0,3.3,1041,,,,,,,false,true,,,Per slice; per pizza the guide prints 2481 kcal
deluxe-stuffed-crust-medium,"Deluxe, Stuffed Crust - Medium",Stuffed crust pizzas,1 slice,240,9.4,25.9,11.0,5.3,,1.25,6.4,3.6,1006,,,,,,,false,true,,,Per slice; per pizza the guide prints 1919 kcal
deluxe-stuffed-crust-large-reduced-fat-mozzarella,"Deluxe, Stuffed Crust - Large (reduced fat mozzarella)",Stuffed crust pizzas,1 slice,239,13.9,24.3,9.5,4.9,,1.42,3.8,4.4,1003,,,,,,,false,true,,,Per slice; per pizza the guide prints 2388 kcal
deluxe-stuffed-crust-medium-reduced-fat-mozzarella,"Deluxe, Stuffed Crust - Medium (reduced fat mozzarella)",Stuffed crust pizzas,1 slice,227,12.5,24.2,8.9,4.3,,1.34,5.7,3.1,952,,,,,,,false,true,,,Per slice; per pizza the guide prints 1813 kcal
farmhouse-stuffed-crust-large,"Farmhouse, Stuffed Crust - Large",Stuffed crust pizzas,1 slice,224,12.2,26.0,7.9,4.5,,1.30,3.9,3.3,941,,,,,,,false,true,,,Per slice; per pizza the guide prints 2236 kcal
farmhouse-stuffed-crust-medium,"Farmhouse, Stuffed Crust - Medium",Stuffed crust pizzas,1 slice,216,9.4,25.6,8.4,4.3,,1.19,6.3,3.7,909,,,,,,,false,true,,,Per slice; per pizza the guide prints 1730 kcal
farmhouse-stuffed-crust-large-reduced-fat-mozzarella,"Farmhouse, Stuffed Crust - Large (reduced fat mozzarella)",Stuffed crust pizzas,1 slice,214,13.9,24.1,6.9,3.9,,1.36,3.7,4.4,902,,,,,,,false,true,,,Per slice; per pizza the guide prints 2144 kcal
farmhouse-stuffed-crust-medium-reduced-fat-mozzarella,"Farmhouse, Stuffed Crust - Medium (reduced fat mozzarella)",Stuffed crust pizzas,1 slice,204,12.5,24.0,6.4,3.3,,1.28,5.6,3.1,857,,,,,,,false,true,,,Per slice; per pizza the guide prints 1628 kcal
fiery-vegi-sizzler-stuffed-crust-large,"Fiery Vegi Sizzler, Stuffed Crust - Large",Stuffed crust pizzas,1 slice,216,10.7,26.0,7.6,4.4,,1.22,3.9,3.2,907,,,,,,,false,true,,,Per slice; per pizza the guide prints 2156 kcal
fiery-vegi-sizzler-stuffed-crust-medium,"Fiery Vegi Sizzler, Stuffed Crust - Medium",Stuffed crust pizzas,1 slice,208,7.9,25.7,8.2,4.2,,1.10,6.3,3.6,873,,,,,,,false,true,,,Per slice; per pizza the guide prints 1662 kcal
fiery-vegi-sizzler-stuffed-crust-large-reduced-fat-mozzarella,"Fiery Vegi Sizzler, Stuffed Crust - Large (reduced fat mozzarella)",Stuffed crust pizzas,1 slice,206,12.4,24.1,6.7,3.8,,1.28,3.7,4.3,865,,,,,,,false,true,,,Per slice; per pizza the guide prints 2055 kcal
fiery-vegi-sizzler-stuffed-crust-medium-reduced-fat-mozzarella,"Fiery Vegi Sizzler, Stuffed Crust - Medium (reduced fat mozzarella)",Stuffed crust pizzas,1 slice,194,10.9,24.0,6.1,3.2,,1.18,5.6,3.0,819,,,,,,,false,true,,,Per slice; per pizza the guide prints 1555 kcal
full-house-stuffed-crust-large,"Full House®, Stuffed Crust - Large",Stuffed crust pizzas,1 slice,250,12.8,27.1,10.0,5.4,,1.37,4.6,3.4,1049,,,,,,,false,true,,,Per slice; per pizza the guide prints 2497 kcal
full-house-stuffed-crust-medium,"Full House®, Stuffed Crust - Medium",Stuffed crust pizzas,1 slice,241,10.0,26.7,10.5,5.1,,1.27,7.0,3.7,1013,,,,,,,false,true,,,Per slice; per pizza the guide prints 1931 kcal
full-house-stuffed-crust-large-reduced-fat-mozzarella,"Full House®, Stuffed Crust - Large (reduced fat mozzarella)",Stuffed crust pizzas,1 slice,240,14.5,25.2,9.1,4.8,,1.44,4.4,4.5,1010,,,,,,,false,true,,,Per slice; per pizza the guide prints 2404 kcal
full-house-stuffed-crust-medium-reduced-fat-mozzarella,"Full House®, Stuffed Crust - Medium (reduced fat mozzarella)",Stuffed crust pizzas,1 slice,228,13.1,25.0,8.5,4.1,,1.35,6.3,3.2,960,,,,,,,false,true,,,Per slice; per pizza the guide prints 1827 kcal
ham-and-pineapple-stuffed-crust-large,"Ham & Pineapple, Stuffed Crust - Large",Stuffed crust pizzas,1 slice,225,12.0,26.5,7.8,4.5,,1.29,4.5,3.1,946,,,,,,contains_pork,false,true,,,Per slice; per pizza the guide prints 2249 kcal
ham-and-pineapple-stuffed-crust-medium,"Ham & Pineapple, Stuffed Crust - Medium",Stuffed crust pizzas,1 slice,217,9.3,26.1,8.4,4.3,,1.18,6.9,3.5,912,,,,,,contains_pork,false,true,,,Per slice; per pizza the guide prints 1737 kcal
ham-and-pineapple-stuffed-crust-large-reduced-fat-mozzarella,"Ham & Pineapple, Stuffed Crust - Large (reduced fat mozzarella)",Stuffed crust pizzas,1 slice,216,13.7,24.6,6.9,3.9,,1.35,4.3,4.2,908,,,,,,contains_pork,false,true,,,Per slice; per pizza the guide prints 2156 kcal
ham-and-pineapple-stuffed-crust-medium-reduced-fat-mozzarella,"Ham & Pineapple, Stuffed Crust - Medium (reduced fat mozzarella)",Stuffed crust pizzas,1 slice,205,12.3,24.5,6.4,3.3,,1.27,6.2,2.9,862,,,,,,contains_pork,false,true,,,Per slice; per pizza the guide prints 1638 kcal
hawaiian-stuffed-crust-large,"Hawaiian, Stuffed Crust - Large",Stuffed crust pizzas,1 slice,225,12.1,26.6,7.9,4.5,,1.29,4.6,3.2,945,,,,,,,false,true,,,Per slice; per pizza the guide prints 2246 kcal
hawaiian-stuffed-crust-medium,"Hawaiian, Stuffed Crust - Medium",Stuffed crust pizzas,1 slice,217,9.3,26.1,8.4,4.3,,1.18,6.9,3.6,913,,,,,,,false,true,,,Per slice; per pizza the guide prints 1738 kcal
hawaiian-stuffed-crust-large-reduced-fat-mozzarella,"Hawaiian, Stuffed Crust - Large (reduced fat mozzarella)",Stuffed crust pizzas,1 slice,215,13.8,24.6,6.9,3.9,,1.35,4.3,4.3,906,,,,,,,false,true,,,Per slice; per pizza the guide prints 2152 kcal
hawaiian-stuffed-crust-medium-reduced-fat-mozzarella,"Hawaiian, Stuffed Crust - Medium (reduced fat mozzarella)",Stuffed crust pizzas,1 slice,204,12.4,24.5,6.4,3.3,,1.27,6.2,3.0,861,,,,,,,false,true,,,Per slice; per pizza the guide prints 1635 kcal
hot-and-spicy-stuffed-crust-large,"Hot & Spicy, Stuffed Crust - Large",Stuffed crust pizzas,1 slice,227,11.4,26.2,8.4,4.8,,1.29,3.9,3.3,953,,,,,,,false,true,,,Per slice; per pizza the guide prints 2268 kcal
hot-and-spicy-stuffed-crust-medium,"Hot & Spicy, Stuffed Crust - Medium",Stuffed crust pizzas,1 slice,217,8.6,25.8,8.9,4.5,,1.17,6.3,3.6,912,,,,,,,false,true,,,Per slice; per pizza the guide prints 1737 kcal
hot-and-spicy-stuffed-crust-large-reduced-fat-mozzarella,"Hot & Spicy, Stuffed Crust - Large (reduced fat mozzarella)",Stuffed crust pizzas,1 slice,217,13.1,24.3,7.5,4.2,,1.36,3.7,4.4,911,,,,,,,false,true,,,Per slice; per pizza the guide prints 2166 kcal
hot-and-spicy-stuffed-crust-medium-reduced-fat-mozzarella,"Hot & Spicy, Stuffed Crust - Medium (reduced fat mozzarella)",Stuffed crust pizzas,1 slice,205,11.6,24.2,6.9,3.5,,1.25,5.6,3.1,861,,,,,,,false,true,,,Per slice; per pizza the guide prints 1636 kcal
house-special-tandoori-chicken-stuffed-crust-large,"House Special Tandoori Chicken, Stuffed Crust - Large",Stuffed crust pizzas,1 slice,281,15.2,26.3,12.9,7.0,,2.49,4.1,3.3,1179,,,,,,,false,true,,,Per slice; per pizza the guide prints 2813 kcal
house-special-tandoori-chicken-stuffed-crust-medium,"House Special Tandoori Chicken, Stuffed Crust - Medium",Stuffed crust pizzas,1 slice,271,12.1,25.9,13.2,6.6,,2.31,6.5,3.6,1134,,,,,,,false,true,,,Per slice; per pizza the guide prints 2166 kcal
house-special-tandoori-chicken-stuffed-crust-large-reduced-fat-mozzarella,"House Special Tandoori Chicken, Stuffed Crust - Large (reduced fat mozzarella)",Stuffed crust pizzas,1 slice,268,17.2,24.5,11.3,6.0,,2.55,3.8,4.4,1124,,,,,,,false,true,,,Per slice; per pizza the guide prints 2678 kcal
house-special-tandoori-chicken-stuffed-crust-medium-reduced-fat-mozzarella,"House Special Tandoori Chicken, Stuffed Crust - Medium (reduced fat mozzarella)",Stuffed crust pizzas,1 slice,255,15.5,24.4,10.6,5.2,,2.40,5.8,3.1,1069,,,,,,,false,true,,,Per slice; per pizza the guide prints 2037 kcal
meatball-marinara-stuffed-crust-large,"Meatball Marinara, Stuffed Crust - Large",Stuffed crust pizzas,1 slice,277,12.4,28.3,12.7,6.1,,1.45,7.2,4.3,1160,,,,,,,false,true,,,Per slice; per pizza the guide prints 2767 kcal
meatball-marinara-stuffed-crust-medium,"Meatball Marinara, Stuffed Crust - Medium",Stuffed crust pizzas,1 slice,270,10.7,27.7,13.0,5.9,,1.42,6.8,3.9,1131,,,,,,,false,true,,,Per slice; per pizza the guide prints 2160 kcal
meatball-marinara-stuffed-crust-large-reduced-fat-mozzarella,"Meatball Marinara, Stuffed Crust - Large (reduced fat mozzarella)",Stuffed crust pizzas,1 slice,286,16.3,28.5,11.8,5.3,,1.68,7.7,3.1,1202,,,,,,,false,true,,,Per slice; per pizza the guide prints 2863 kcal
meatball-marinara-stuffed-crust-medium-reduced-fat-mozzarella,"Meatball Marinara, Stuffed Crust - Medium (reduced fat mozzarella)",Stuffed crust pizzas,1 slice,258,13.7,26.0,11.0,4.8,,1.51,6.1,3.4,1082,,,,,,,false,true,,,Per slice; per pizza the guide prints 2063 kcal
meateor-stuffed-crust-large,"Meateor™, Stuffed Crust - Large",Stuffed crust pizzas,1 slice,322,16.1,32.1,14.4,7.3,,1.93,9.8,2.5,1351,,,,,,,false,true,,,Per slice; per pizza the guide prints 3221 kcal
meateor-stuffed-crust-medium,"Meateor™, Stuffed Crust - Medium",Stuffed crust pizzas,1 slice,292,14.3,29.2,13.1,6.4,,1.63,9.7,3.6,1225,,,,,,,false,true,,,Per slice; per pizza the guide prints 2337 kcal
meateor-stuffed-crust-large-reduced-fat-mozzarella,"Meateor™, Stuffed Crust - Large (reduced fat mozzarella)",Stuffed crust pizzas,1 slice,306,12.9,35.6,12.4,5.8,,1.92,10.7,3.3,1284,,,,,,,false,true,,,Per slice; per pizza the guide prints 3059 kcal
meateor-stuffed-crust-medium-reduced-fat-mozzarella,"Meateor™, Stuffed Crust - Medium (reduced fat mozzarella)",Stuffed crust pizzas,1 slice,275,12.5,31.5,11.1,5.3,,1.71,9.6,3.7,1156,,,,,,,false,true,,,Per slice; per pizza the guide prints 2201 kcal
meatilicious-stuffed-crust-large,"Meatilicious, Stuffed Crust - Large",Stuffed crust pizzas,1 slice,252,13.4,25.8,10.6,5.6,,1.42,3.7,3.1,1058,,,,,,,false,true,,,Per slice; per pizza the guide prints 2520 kcal
meatilicious-stuffed-crust-medium,"Meatilicious, Stuffed Crust - Medium",Stuffed crust pizzas,1 slice,244,10.6,25.5,11.1,5.4,,1.32,6.1,3.5,1022,,,,,,,false,true,,,Per slice; per pizza the guide prints 1950 kcal
meatilicious-stuffed-crust-large-reduced-fat-mozzarella,"Meatilicious, Stuffed Crust - Large (reduced fat mozzarella)",Stuffed crust pizzas,1 slice,243,15.1,23.9,9.7,5.0,,1.49,3.4,4.2,1021,,,,,,,false,true,,,Per slice; per pizza the guide prints 2431 kcal
meatilicious-stuffed-crust-medium-reduced-fat-mozzarella,"Meatilicious, Stuffed Crust - Medium (reduced fat mozzarella)",Stuffed crust pizzas,1 slice,231,13.6,23.9,9.1,4.3,,1.40,5.4,2.9,971,,,,,,,false,true,,,Per slice; per pizza the guide prints 1850 kcal
meat-lovers-stuffed-crust-large,"Meat Lovers, Stuffed Crust - Large",Stuffed crust pizzas,1 slice,266,13.7,25.9,12.0,6.2,,1.58,3.6,3.2,1116,,,,,,,false,true,,,Per slice; per pizza the guide prints 2661 kcal
meat-lovers-stuffed-crust-medium,"Meat Lovers, Stuffed Crust - Medium",Stuffed crust pizzas,1 slice,257,10.9,25.5,12.4,5.9,,1.47,6.1,3.5,1075,,,,,,,false,true,,,Per slice; per pizza the guide prints 2053 kcal
meat-lovers-stuffed-crust-large-reduced-fat-mozzarella,"Meat Lovers, Stuffed Crust - Large (reduced fat mozzarella)",Stuffed crust pizzas,1 slice,257,15.4,23.9,11.0,5.6,,1.64,3.4,4.3,1076,,,,,,,false,true,,,Per slice; per pizza the guide prints 2565 kcal
meat-lovers-stuffed-crust-medium-reduced-fat-mozzarella,"Meat Lovers, Stuffed Crust - Medium (reduced fat mozzarella)",Stuffed crust pizzas,1 slice,244,13.9,23.9,10.3,4.9,,1.55,5.4,3.0,1025,,,,,,,false,true,,,Per slice; per pizza the guide prints 1954 kcal
meatzza-pizza-stuffed-crust-large,"Meatzza Pizza, Stuffed Crust - Large",Stuffed crust pizzas,1 slice,262,13.9,26.1,11.3,5.9,,1.57,3.7,3.2,1099,,,,,,,false,true,,,Per slice; per pizza the guide prints 2620 kcal
meatzza-pizza-stuffed-crust-medium,"Meatzza Pizza, Stuffed Crust - Medium",Stuffed crust pizzas,1 slice,253,11.0,25.7,11.8,5.7,,1.46,6.1,3.5,1060,,,,,,,false,true,,,Per slice; per pizza the guide prints 2022 kcal
meatzza-pizza-stuffed-crust-large-reduced-fat-mozzarella,"Meatzza Pizza, Stuffed Crust - Large (reduced fat mozzarella)",Stuffed crust pizzas,1 slice,253,15.6,24.1,10.4,5.3,,1.64,3.4,4.3,1061,,,,,,,false,true,,,Per slice; per pizza the guide prints 2528 kcal
meatzza-pizza-stuffed-crust-medium-reduced-fat-mozzarella,"Meatzza Pizza, Stuffed Crust - Medium (reduced fat mozzarella)",Stuffed crust pizzas,1 slice,240,14.1,24.1,9.8,4.6,,1.55,5.4,3.0,1010,,,,,,,false,true,,,Per slice; per pizza the guide prints 1923 kcal
mighty-meaty-stuffed-crust-large,"Mighty Meaty®, Stuffed Crust - Large",Stuffed crust pizzas,1 slice,265,14.0,26.3,11.4,6.0,,1.59,3.9,3.3,1112,,,,,,,false,true,,,Per slice; per pizza the guide prints 2650 kcal
mighty-meaty-stuffed-crust-medium,"Mighty Meaty®, Stuffed Crust - Medium",Stuffed crust pizzas,1 slice,255,11.2,26.0,11.9,5.7,,1.48,6.3,3.7,1068,,,,,,,false,true,,,Per slice; per pizza the guide prints 2039 kcal
mighty-meaty-stuffed-crust-large-reduced-fat-mozzarella,"Mighty Meaty®, Stuffed Crust - Large (reduced fat mozzarella)",Stuffed crust pizzas,1 slice,255,15.7,24.4,10.5,5.4,,1.65,3.7,4.4,1069,,,,,,,false,true,,,Per slice; per pizza the guide prints 2547 kcal
mighty-meaty-stuffed-crust-medium-reduced-fat-mozzarella,"Mighty Meaty®, Stuffed Crust - Medium (reduced fat mozzarella)",Stuffed crust pizzas,1 slice,242,14.2,24.3,9.8,4.6,,1.56,5.6,3.1,1017,,,,,,,false,true,,,Per slice; per pizza the guide prints 1937 kcal
mixed-grill-stuffed-crust-large,"Mixed Grill, Stuffed Crust - Large",Stuffed crust pizzas,1 slice,251,12.8,26.3,10.6,5.6,,1.36,3.9,3.3,1055,,,,,,,false,true,,,Per slice; per pizza the guide prints 2514 kcal
mixed-grill-stuffed-crust-medium,"Mixed Grill, Stuffed Crust - Medium",Stuffed crust pizzas,1 slice,248,9.9,26.0,11.5,5.6,,1.21,6.5,3.6,1037,,,,,,,false,true,,,Per slice; per pizza the guide prints 1980 kcal
mixed-grill-stuffed-crust-large-reduced-fat-mozzarella,"Mixed Grill, Stuffed Crust - Large (reduced fat mozzarella)",Stuffed crust pizzas,1 slice,242,14.5,24.4,9.7,5.0,,1.42,3.7,4.4,1018,,,,,,,false,true,,,Per slice; per pizza the guide prints 2423 kcal
mixed-grill-stuffed-crust-medium-reduced-fat-mozzarella,"Mixed Grill, Stuffed Crust - Medium (reduced fat mozzarella)",Stuffed crust pizzas,1 slice,231,13.0,24.4,9.1,4.3,,1.34,5.7,3.1,970,,,,,,,false,true,,,Per slice; per pizza the guide prints 1848 kcal
new-yorker-stuffed-crust-large,"New Yorker, Stuffed Crust - Large",Stuffed crust pizzas,1 slice,255,12.9,25.7,11.1,5.9,,1.50,3.6,3.2,1068,,,,,,,false,true,,,Per slice; per pizza the guide prints 2546 kcal
new-yorker-stuffed-crust-medium,"New Yorker, Stuffed Crust - Medium",Stuffed crust pizzas,1 slice,247,10.2,25.3,11.6,5.6,,1.40,6.1,3.5,1035,,,,,,,false,true,,,Per slice; per pizza the guide prints 1975 kcal
new-yorker-stuffed-crust-large-reduced-fat-mozzarella,"New Yorker, Stuffed Crust - Large (reduced fat mozzarella)",Stuffed crust pizzas,1 slice,245,14.6,23.7,10.2,5.3,,1.56,3.4,4.3,1029,,,,,,,false,true,,,Per slice; per pizza the guide prints 2451 kcal
new-yorker-stuffed-crust-medium-reduced-fat-mozzarella,"New Yorker, Stuffed Crust - Medium (reduced fat mozzarella)",Stuffed crust pizzas,1 slice,234,13.2,23.7,9.6,4.6,,1.48,5.4,3.0,984,,,,,,,false,true,,,Per slice; per pizza the guide prints 1874 kcal
original-cheese-and-tomato-stuffed-crust-large,"Original Cheese and Tomato, Stuffed Crust - Large",Stuffed crust pizzas,1 slice,234,12.0,25.6,9.3,5.5,,1.17,3.7,3.1,983,,,,,,,false,true,,,Per slice; per pizza the guide prints 2341 kcal
original-cheese-and-tomato-stuffed-crust-medium,"Original Cheese and Tomato, Stuffed Crust - Medium",Stuffed crust pizzas,1 slice,225,9.1,25.3,9.7,5.2,,1.06,6.1,3.4,944,,,,,,,false,true,,,Per slice; per pizza the guide prints 1799 kcal
original-cheese-and-tomato-stuffed-crust-large-reduced-fat-mozzarella,"Original Cheese and Tomato, Stuffed Crust - Large (reduced fat mozzarella)",Stuffed crust pizzas,1 slice,221,14.1,23.9,7.7,4.5,,1.23,3.4,4.2,930,,,,,,,false,true,,,Per slice; per pizza the guide prints 2210 kcal
original-cheese-and-tomato-stuffed-crust-medium-reduced-fat-mozzarella,"Original Cheese and Tomato, Stuffed Crust - Medium (reduced fat mozzarella)",Stuffed crust pizzas,1 slice,209,12.5,23.9,7.1,3.8,,1.15,5.4,2.9,879,,,,,,,false,true,,,Per slice; per pizza the guide prints 1672 kcal
pepperoni-passion-stuffed-crust-large,"Pepperoni Passion, Stuffed Crust - Large",Stuffed crust pizzas,1 slice,281,13.9,25.7,13.6,7.2,,1.60,3.7,3.1,1175,,,,,,contains_pork,false,true,,,Per slice; per pizza the guide prints 2805 kcal
pepperoni-passion-stuffed-crust-medium,"Pepperoni Passion, Stuffed Crust - Medium",Stuffed crust pizzas,1 slice,272,11.0,25.4,14.0,6.9,,1.49,6.1,3.4,1138,,,,,,contains_pork,false,true,,,Per slice; per pizza the guide prints 2175 kcal
pepperoni-passion-stuffed-crust-large-reduced-fat-mozzarella,"Pepperoni Passion, Stuffed Crust - Large (reduced fat mozzarella)",Stuffed crust pizzas,1 slice,268,16.0,24.0,12.0,6.2,,1.66,3.5,4.2,1124,,,,,,contains_pork,false,true,,,Per slice; per pizza the guide prints 2681 kcal
pepperoni-passion-stuffed-crust-medium-reduced-fat-mozzarella,"Pepperoni Passion, Stuffed Crust - Medium (reduced fat mozzarella)",Stuffed crust pizzas,1 slice,256,14.4,24.0,11.4,5.5,,1.57,5.4,2.9,1073,,,,,,contains_pork,false,true,,,Per slice; per pizza the guide prints 2046 kcal
ranch-bbq-stuffed-crust-large,"Ranch BBQ, Stuffed Crust - Large",Stuffed crust pizzas,1 slice,311,16.4,31.4,13.4,7.0,,1.88,9.7,2.4,1306,,,,,,,false,true,,,Per slice; per pizza the guide prints 3112 kcal
ranch-bbq-stuffed-crust-medium,"Ranch BBQ, Stuffed Crust - Medium",Stuffed crust pizzas,1 slice,280,14.4,28.6,12.0,6.0,,1.57,9.5,3.5,1175,,,,,,,false,true,,,Per slice; per pizza the guide prints 2239 kcal
ranch-bbq-stuffed-crust-large-reduced-fat-mozzarella,"Ranch BBQ, Stuffed Crust - Large (reduced fat mozzarella)",Stuffed crust pizzas,1 slice,295,13.2,34.9,11.4,5.5,,1.87,10.5,3.2,1239,,,,,,,false,true,,,Per slice; per pizza the guide prints 2948 kcal
ranch-bbq-stuffed-crust-medium-reduced-fat-mozzarella,"Ranch BBQ, Stuffed Crust - Medium (reduced fat mozzarella)",Stuffed crust pizzas,1 slice,264,12.5,30.8,10.0,5.0,,1.65,9.4,3.6,1108,,,,,,,false,true,,,Per slice; per pizza the guide prints 2108 kcal
scrummy-stuffed-crust-large,"Scrummy™, Stuffed Crust - Large",Stuffed crust pizzas,1 slice,283,14.9,26.4,13.1,6.6,,2.42,3.8,3.3,1185,,,,,,,false,true,,,Per slice; per pizza the guide prints 2827 kcal
scrummy-stuffed-crust-medium,"Scrummy™, Stuffed Crust - Medium",Stuffed crust pizzas,1 slice,273,12.0,26.0,13.4,6.3,,2.26,6.3,3.6,1143,,,,,,,false,true,,,Per slice; per pizza the guide prints 2183 kcal
scrummy-stuffed-crust-large-reduced-fat-mozzarella,"Scrummy™, Stuffed Crust - Large (reduced fat mozzarella)",Stuffed crust pizzas,1 slice,273,16.6,24.4,12.1,6.0,,2.48,3.6,4.4,1144,,,,,,,false,true,,,Per slice; per pizza the guide prints 2727 kcal
scrummy-stuffed-crust-medium-reduced-fat-mozzarella,"Scrummy™, Stuffed Crust - Medium (reduced fat mozzarella)",Stuffed crust pizzas,1 slice,261,15.0,24.4,11.4,5.2,,2.35,5.6,3.1,1093,,,,,,,false,true,,,Per slice; per pizza the guide prints 2085 kcal
dominos-tandoori-hot-stuffed-crust-large,"Dominos Tandoori Hot®, Stuffed Crust - Large",Stuffed crust pizzas,1 slice,225,12.3,26.3,7.8,4.5,,2.24,4.0,3.4,945,,,,,,,false,true,,,Per slice; per pizza the guide prints 2246 kcal
dominos-tandoori-hot-stuffed-crust-medium,"Dominos Tandoori Hot®, Stuffed Crust - Medium",Stuffed crust pizzas,1 slice,217,9.4,25.9,8.3,4.3,,2.06,6.4,3.7,911,,,,,,,false,true,,,Per slice; per pizza the guide prints 1734 kcal
dominos-tandoori-hot-stuffed-crust-large-reduced-fat-mozzarella,"Dominos Tandoori Hot®, Stuffed Crust - Large (reduced fat mozzarella)",Stuffed crust pizzas,1 slice,215,14.0,24.3,6.9,3.9,,2.30,3.8,4.5,905,,,,,,,false,true,,,Per slice; per pizza the guide prints 2149 kcal
dominos-tandoori-hot-stuffed-crust-medium-reduced-fat-mozzarella,"Dominos Tandoori Hot®, Stuffed Crust - Medium (reduced fat mozzarella)",Stuffed crust pizzas,1 slice,204,12.5,24.3,6.3,3.3,,2.14,5.7,3.2,857,,,,,,,false,true,,,Per slice; per pizza the guide prints 1629 kcal
tandoori-sizzler-stuffed-crust-large,"Tandoori Sizzler, Stuffed Crust - Large",Stuffed crust pizzas,1 slice,224,12.1,26.4,7.8,4.5,,1.94,4.2,3.3,944,,,,,,,false,true,,,Per slice; per pizza the guide prints 2243 kcal
tandoori-sizzler-stuffed-crust-medium,"Tandoori Sizzler, Stuffed Crust - Medium",Stuffed crust pizzas,1 slice,216,9.2,26.0,8.3,4.3,,1.74,6.5,3.7,905,,,,,,,false,true,,,Per slice; per pizza the guide prints 1724 kcal
tandoori-sizzler-stuffed-crust-large-reduced-fat-mozzarella,"Tandoori Sizzler, Stuffed Crust - Large (reduced fat mozzarella)",Stuffed crust pizzas,1 slice,215,13.8,24.4,6.9,3.9,,2.00,3.9,4.4,903,,,,,,,false,true,,,Per slice; per pizza the guide prints 2145 kcal
tandoori-sizzler-stuffed-crust-medium-reduced-fat-mozzarella,"Tandoori Sizzler, Stuffed Crust - Medium (reduced fat mozzarella)",Stuffed crust pizzas,1 slice,203,12.2,24.3,6.3,3.2,,1.83,5.8,3.1,855,,,,,,,false,true,,,Per slice; per pizza the guide prints 1624 kcal
texas-bbq-stuffed-crust-large,"Texas BBQ, Stuffed Crust - Large",Stuffed crust pizzas,1 slice,279,14.8,31.5,10.4,5.8,,1.59,10.0,2.5,1171,,,,,,,false,true,,,Per slice; per pizza the guide prints 2785 kcal
texas-bbq-stuffed-crust-medium,"Texas BBQ, Stuffed Crust - Medium",Stuffed crust pizzas,1 slice,249,13.0,28.7,9.2,4.9,,1.29,9.8,3.5,1046,,,,,,,false,true,,,Per slice; per pizza the guide prints 1990 kcal
texas-bbq-stuffed-crust-large-reduced-fat-mozzarella,"Texas BBQ, Stuffed Crust - Large (reduced fat mozzarella)",Stuffed crust pizzas,1 slice,261,11.6,35.0,8.4,4.3,,1.58,10.8,3.3,1100,,,,,,,false,true,,,Per slice; per pizza the guide prints 2612 kcal
texas-bbq-stuffed-crust-medium-reduced-fat-mozzarella,"Texas BBQ, Stuffed Crust - Medium (reduced fat mozzarella)",Stuffed crust pizzas,1 slice,232,11.1,30.9,7.1,3.8,,1.37,9.7,3.6,979,,,,,,,false,true,,,Per slice; per pizza the guide prints 1859 kcal
the-cheeseburger-stuffed-crust-large,"The Cheeseburger, Stuffed Crust - Large",Stuffed crust pizzas,1 slice,254,12.3,27.6,10.4,5.2,,1.43,4.9,3.4,1065,,,,,,,false,true,,,Per slice; per pizza the guide prints 2536 kcal
the-cheeseburger-stuffed-crust-medium,"The Cheeseburger, Stuffed Crust - Medium",Stuffed crust pizzas,1 slice,242,9.3,27.1,10.7,4.9,,1.29,7.2,3.7,1015,,,,,,,false,true,,,Per slice; per pizza the guide prints 1936 kcal
the-cheeseburger-stuffed-crust-large-reduced-fat-mozzarella,"The Cheeseburger, Stuffed Crust - Large (reduced fat mozzarella)",Stuffed crust pizzas,1 slice,245,14.0,25.7,9.5,4.6,,1.49,4.6,4.5,1027,,,,,,,false,true,,,Per slice; per pizza the guide prints 2445 kcal
the-cheeseburger-stuffed-crust-medium-reduced-fat-mozzarella,"The Cheeseburger, Stuffed Crust - Medium (reduced fat mozzarella)",Stuffed crust pizzas,1 slice,228,12.4,25.4,8.6,3.9,,1.39,6.6,3.1,960,,,,,,,false,true,,,Per slice; per pizza the guide prints 1826 kcal
the-meatfielder-stuffed-crust-large,"The Meatfielder, Stuffed Crust - Large",Stuffed crust pizzas,1 slice,280,13.6,26.2,13.4,6.7,,1.61,3.8,3.2,1171,,,,,,,false,true,,,Per slice; per pizza the guide prints 2795 kcal
the-meatfielder-stuffed-crust-medium,"The Meatfielder, Stuffed Crust - Medium",Stuffed crust pizzas,1 slice,270,10.8,25.8,13.7,6.4,,1.49,6.2,3.6,1132,,,,,,,false,true,,,Per slice; per pizza the guide prints 2163 kcal
the-meatfielder-stuffed-crust-large-reduced-fat-mozzarella,"The Meatfielder, Stuffed Crust - Large (reduced fat mozzarella)",Stuffed crust pizzas,1 slice,270,15.3,24.2,12.4,6.1,,1.67,3.5,4.3,1132,,,,,,,false,true,,,Per slice; per pizza the guide prints 2699 kcal
the-meatfielder-stuffed-crust-medium-reduced-fat-mozzarella,"The Meatfielder, Stuffed Crust - Medium (reduced fat mozzarella)",Stuffed crust pizzas,1 slice,258,13.9,24.2,11.7,5.3,,1.57,5.5,3.0,1080,,,,,,,false,true,,,Per slice; per pizza the guide prints 2061 kcal
the-sizzler-stuffed-crust-large,"The Sizzler, Stuffed Crust - Large",Stuffed crust pizzas,1 slice,271,11.1,30.4,11.7,5.2,,2.86,7.4,2.6,1137,,,,,,,false,true,,,Per slice; per pizza the guide prints 2709 kcal
the-sizzler-stuffed-crust-medium,"The Sizzler, Stuffed Crust - Medium",Stuffed crust pizzas,1 slice,258,15.2,22.8,11.8,5.3,,2.67,6.8,2.8,1081,,,,,,,false,true,,,Per slice; per pizza the guide prints 2062 kcal
the-sizzler-stuffed-crust-large-reduced-fat-mozzarella,"The Sizzler, Stuffed Crust - Large (reduced fat mozzarella)",Stuffed crust pizzas,1 slice,257,13.0,27.6,10.6,4.4,,2.51,7.6,4.4,1080,,,,,,,false,true,,,Per slice; per pizza the guide prints 2571 kcal
the-sizzler-stuffed-crust-medium-reduced-fat-mozzarella,"The Sizzler, Stuffed Crust - Medium (reduced fat mozzarella)",Stuffed crust pizzas,1 slice,250,12.5,26.8,10.3,4.6,,2.37,6.8,2.7,1051,,,,,,,false,true,,,Per slice; per pizza the guide prints 2003 kcal
the-ultimate-hot-honey-pepperoni-stuffed-crust-large,"The Ultimate Hot Honey Pepperoni, Stuffed Crust - Large",Stuffed crust pizzas,1 slice,254,10.9,27.8,11.1,5.7,,1.33,8.1,3.8,1065,,,,,,contains_pork,false,true,,,Per slice; per pizza the guide prints 2539 kcal
the-ultimate-hot-honey-pepperoni-stuffed-crust-medium,"The Ultimate Hot Honey Pepperoni, Stuffed Crust - Medium",Stuffed crust pizzas,1 slice,247,9.2,27.0,11.4,5.5,,1.29,7.6,3.4,1035,,,,,,contains_pork,false,true,,,Per slice; per pizza the guide prints 1976 kcal
the-ultimate-hot-honey-pepperoni-stuffed-crust-large-reduced-fat-mozzarella,"The Ultimate Hot Honey Pepperoni, Stuffed Crust - Large (reduced fat mozzarella)",Stuffed crust pizzas,1 slice,263,14.8,28.0,10.2,5.0,,1.57,8.5,2.6,1106,,,,,,contains_pork,false,true,,,Per slice; per pizza the guide prints 2632 kcal
the-ultimate-hot-honey-pepperoni-stuffed-crust-medium-reduced-fat-mozzarella,"The Ultimate Hot Honey Pepperoni, Stuffed Crust - Medium (reduced fat mozzarella)",Stuffed crust pizzas,1 slice,234,12.2,25.4,9.3,4.4,,1.38,6.9,2.9,984,,,,,,contains_pork,false,true,,,Per slice; per pizza the guide prints 1873 kcal
the-ultimate-hot-honey-nduja-pepperoni-stuffed-crust-large,"The Ultimate Hot Honey Nduja Pepperoni, Stuffed Crust - Large",Stuffed crust pizzas,1 slice,273,11.7,27.8,12.8,6.3,,1.47,8.1,3.8,1144,,,,,,contains_pork,false,true,,,Per slice; per pizza the guide prints 2728 kcal
the-ultimate-hot-honey-nduja-pepperoni-stuffed-crust-medium,"The Ultimate Hot Honey Nduja Pepperoni, Stuffed Crust - Medium",Stuffed crust pizzas,1 slice,264,9.9,27.0,12.9,6.1,,1.41,7.6,3.5,1104,,,,,,contains_pork,false,true,,,Per slice; per pizza the guide prints 2109 kcal
the-ultimate-hot-honey-nduja-pepperoni-stuffed-crust-large-reduced-fat-mozzarella,"The Ultimate Hot Honey Nduja Pepperoni, Stuffed Crust - Large (reduced fat mozzarella)",Stuffed crust pizzas,1 slice,282,15.6,28.0,11.9,5.6,,1.70,8.5,2.6,1185,,,,,,contains_pork,false,true,,,Per slice; per pizza the guide prints 2823 kcal
the-ultimate-hot-honey-nduja-pepperoni-stuffed-crust-medium-reduced-fat-mozzarella,"The Ultimate Hot Honey Nduja Pepperoni, Stuffed Crust - Medium (reduced fat mozzarella)",Stuffed crust pizzas,1 slice,251,13.0,25.4,10.9,5.0,,1.50,6.9,2.9,1052,,,,,,contains_pork,false,true,,,Per slice; per pizza the guide prints 2006 kcal
the-ultimate-honey-chilli-chicken-stuffed-crust-large,"The Ultimate Honey Chilli Chicken, Stuffed Crust - Large",Stuffed crust pizzas,1 slice,240,10.7,28.9,8.1,4.5,,1.14,8.7,4.1,1004,,,,,,,false,true,,,Per slice; per pizza the guide prints 2395 kcal
the-ultimate-honey-chilli-chicken-stuffed-crust-medium,"The Ultimate Honey Chilli Chicken, Stuffed Crust - Medium",Stuffed crust pizzas,1 slice,230,8.8,28.0,8.4,4.3,,1.09,8.2,3.7,964,,,,,,,false,true,,,Per slice; per pizza the guide prints 1838 kcal
the-ultimate-honey-chilli-chicken-stuffed-crust-large-reduced-fat-mozzarella,"The Ultimate Honey Chilli Chicken, Stuffed Crust - Large (reduced fat mozzarella)",Stuffed crust pizzas,1 slice,246,14.6,29.1,7.3,3.8,,1.38,9.1,2.9,1032,,,,,,,false,true,,,Per slice; per pizza the guide prints 2455 kcal
the-ultimate-honey-chilli-chicken-stuffed-crust-medium-reduced-fat-mozzarella,"The Ultimate Honey Chilli Chicken, Stuffed Crust - Medium (reduced fat mozzarella)",Stuffed crust pizzas,1 slice,217,11.9,26.4,6.3,3.2,,1.18,7.5,3.2,908,,,,,,,false,true,,,Per slice; per pizza the guide prints 1732 kcal
tuna-supreme-stuffed-crust-large,"Tuna Supreme, Stuffed Crust - Large",Stuffed crust pizzas,1 slice,230,12.2,26.8,8.2,4.5,,1.19,4.3,3.4,966,,,,,,,false,true,,,Per slice; per pizza the guide prints 2297 kcal
tuna-supreme-stuffed-crust-medium,"Tuna Supreme, Stuffed Crust - Medium",Stuffed crust pizzas,1 slice,219,9.0,26.4,8.6,4.3,,1.05,6.7,3.8,921,,,,,,,false,true,,,Per slice; per pizza the guide prints 1753 kcal
tuna-supreme-stuffed-crust-large-reduced-fat-mozzarella,"Tuna Supreme, Stuffed Crust - Large (reduced fat mozzarella)",Stuffed crust pizzas,1 slice,221,13.9,24.8,7.3,3.9,,1.25,4.1,4.5,929,,,,,,,false,true,,,Per slice; per pizza the guide prints 2208 kcal
tuna-supreme-stuffed-crust-medium-reduced-fat-mozzarella,"Tuna Supreme, Stuffed Crust - Medium (reduced fat mozzarella)",Stuffed crust pizzas,1 slice,207,12.1,24.8,6.6,3.2,,1.14,6.0,3.2,870,,,,,,,false,true,,,Per slice; per pizza the guide prints 1653 kcal
veg-a-roma-stuffed-crust-large,"Veg-a-Roma®, Stuffed Crust - Large",Stuffed crust pizzas,1 slice,239,8.6,30.3,9.3,4.2,,1.46,7.6,2.7,1005,,,,,,,false,true,,,Per slice; per pizza the guide prints 2393 kcal
veg-a-roma-stuffed-crust-medium,"Veg-a-Roma®, Stuffed Crust - Medium",Stuffed crust pizzas,1 slice,227,12.8,22.7,9.5,4.4,,1.36,7.0,2.9,954,,,,,,,false,true,,,Per slice; per pizza the guide prints 1819 kcal
veg-a-roma-stuffed-crust-large-reduced-fat-mozzarella,"Veg-a-Roma®, Stuffed Crust - Large (reduced fat mozzarella)",Stuffed crust pizzas,1 slice,225,10.4,27.5,8.2,3.5,,1.12,7.8,4.4,947,,,,,,,false,true,,,Per slice; per pizza the guide prints 2252 kcal
veg-a-roma-stuffed-crust-medium-reduced-fat-mozzarella,"Veg-a-Roma®, Stuffed Crust - Medium (reduced fat mozzarella)",Stuffed crust pizzas,1 slice,219,10.0,26.7,8.0,3.7,,1.05,6.9,2.7,922,,,,,,,false,true,,,Per slice; per pizza the guide prints 1754 kcal
vegi-classic-stuffed-crust-large,"Vegi Classic, Stuffed Crust - Large",Stuffed crust pizzas,1 slice,216,10.6,26.2,7.6,4.4,,1.06,4.1,3.3,906,,,,,,,false,true,,,Per slice; per pizza the guide prints 2155 kcal
vegi-classic-stuffed-crust-medium,"Vegi Classic, Stuffed Crust - Medium",Stuffed crust pizzas,1 slice,208,7.9,25.8,8.2,4.2,,0.96,6.5,3.7,873,,,,,,,false,true,,,Per slice; per pizza the guide prints 1662 kcal
vegi-classic-stuffed-crust-large-reduced-fat-mozzarella,"Vegi Classic, Stuffed Crust - Large (reduced fat mozzarella)",Stuffed crust pizzas,1 slice,207,12.3,24.2,6.7,3.8,,1.12,3.8,4.4,870,,,,,,,false,true,,,Per slice; per pizza the guide prints 2066 kcal
vegi-classic-stuffed-crust-medium-reduced-fat-mozzarella,"Vegi Classic, Stuffed Crust - Medium (reduced fat mozzarella)",Stuffed crust pizzas,1 slice,195,10.9,24.1,6.1,3.2,,1.04,5.8,3.1,822,,,,,,,false,true,,,Per slice; per pizza the guide prints 1561 kcal
vegi-sizzler-stuffed-crust-large,"Vegi Sizzler, Stuffed Crust - Large",Stuffed crust pizzas,1 slice,216,10.7,26.1,7.6,4.4,,1.06,4.1,3.2,908,,,,,,,false,true,,,Per slice; per pizza the guide prints 2159 kcal
vegi-sizzler-stuffed-crust-medium,"Vegi Sizzler, Stuffed Crust - Medium",Stuffed crust pizzas,1 slice,208,7.9,25.7,8.2,4.2,,0.96,6.5,3.6,875,,,,,,,false,true,,,Per slice; per pizza the guide prints 1667 kcal
vegi-sizzler-stuffed-crust-large-reduced-fat-mozzarella,"Vegi Sizzler, Stuffed Crust - Large (reduced fat mozzarella)",Stuffed crust pizzas,1 slice,206,12.4,24.2,6.7,3.8,,1.12,3.8,4.3,867,,,,,,,false,true,,,Per slice; per pizza the guide prints 2060 kcal
vegi-sizzler-stuffed-crust-medium-reduced-fat-mozzarella,"Vegi Sizzler, Stuffed Crust - Medium (reduced fat mozzarella)",Stuffed crust pizzas,1 slice,196,11.0,24.1,6.1,3.2,,1.04,5.8,3.0,824,,,,,,,false,true,,,Per slice; per pizza the guide prints 1566 kcal
vegi-supreme-stuffed-crust-large,"Vegi Supreme, Stuffed Crust - Large",Stuffed crust pizzas,1 slice,218,10.7,26.7,7.7,4.5,,1.06,4.4,3.4,919,,,,,,,false,true,,,Per slice; per pizza the guide prints 2184 kcal
vegi-supreme-stuffed-crust-medium,"Vegi Supreme, Stuffed Crust - Medium",Stuffed crust pizzas,1 slice,211,7.9,26.2,8.2,4.2,,0.96,6.7,3.7,884,,,,,,,false,true,,,Per slice; per pizza the guide prints 1684 kcal
vegi-supreme-stuffed-crust-large-reduced-fat-mozzarella,"Vegi Supreme, Stuffed Crust - Large (reduced fat mozzarella)",Stuffed crust pizzas,1 slice,209,12.4,24.7,6.7,3.9,,1.12,4.1,4.5,879,,,,,,,false,true,,,Per slice; per pizza the guide prints 2088 kcal
vegi-supreme-stuffed-crust-medium-reduced-fat-mozzarella,"Vegi Supreme, Stuffed Crust - Medium (reduced fat mozzarella)",Stuffed crust pizzas,1 slice,197,11.0,24.6,6.2,3.2,,1.04,6.0,3.2,831,,,,,,,false,true,,,Per slice; per pizza the guide prints 1579 kcal
vegi-volcano-stuffed-crust-large,"Vegi Volcano, Stuffed Crust - Large",Stuffed crust pizzas,1 slice,258,9.9,29.9,11.0,5.3,,1.69,7.6,2.5,1083,,,,,,,false,true,,,Per slice; per pizza the guide prints 2581 kcal
vegi-volcano-stuffed-crust-medium,"Vegi Volcano, Stuffed Crust - Medium",Stuffed crust pizzas,1 slice,244,14.0,22.3,11.0,5.4,,1.56,6.9,2.7,1024,,,,,,,false,true,,,Per slice; per pizza the guide prints 1953 kcal
vegi-volcano-stuffed-crust-large-reduced-fat-mozzarella,"Vegi Volcano, Stuffed Crust - Large (reduced fat mozzarella)",Stuffed crust pizzas,1 slice,242,12.1,27.3,9.3,4.2,,1.34,7.7,4.2,1015,,,,,,,false,true,,,Per slice; per pizza the guide prints 2415 kcal
vegi-volcano-stuffed-crust-medium-reduced-fat-mozzarella,"Vegi Volcano, Stuffed Crust - Medium (reduced fat mozzarella)",Stuffed crust pizzas,1 slice,233,11.6,26.4,9.0,4.3,,1.25,6.9,2.5,978,,,,,,,false,true,,,Per slice; per pizza the guide prints 1862 kcal
absolute-banger-thin-and-crispy-crust-large,"Absolute Banger, Thin & Crispy Crust - Large",Thin & crispy crust pizzas,1 slice,194,7.7,17.8,10.3,4.7,,0.78,3.3,1.1,812,,,,,,,false,true,,,Per slice; per pizza the guide prints 1941 kcal
absolute-banger-thin-and-crispy-crust-medium,"Absolute Banger, Thin & Crispy Crust - Medium",Thin & crispy crust pizzas,1 slice,194,8.4,16.9,10.3,4.7,,0.99,3.1,1.0,811,,,,,,,false,true,,,Per slice; per pizza the guide prints 1551 kcal
absolute-banger-thin-and-crispy-crust-personal,"Absolute Banger, Thin & Crispy Crust - Personal",Thin & crispy crust pizzas,1 slice,57,2.6,4.6,3.2,1.4,,0.33,0.6,0.3,239,,,,,,,false,true,,,Per slice; per pizza the guide prints 457 kcal
absolute-banger-thin-and-crispy-crust-large-reduced-fat-mozzarella,"Absolute Banger, Thin & Crispy Crust - Large (reduced fat mozzarella)",Thin & crispy crust pizzas,1 slice,175,7.7,17.7,8.2,3.4,,0.88,3.4,1.0,733,,,,,,,false,true,,,Per slice; per pizza the guide prints 1749 kcal
absolute-banger-thin-and-crispy-crust-medium-reduced-fat-mozzarella,"Absolute Banger, Thin & Crispy Crust - Medium (reduced fat mozzarella)",Thin & crispy crust pizzas,1 slice,176,8.5,16.8,8.3,3.4,,0.91,3.3,1.3,736,,,,,,,false,true,,,Per slice; per pizza the guide prints 1405 kcal
absolute-banger-thin-and-crispy-crust-personal-reduced-fat-mozzarella,"Absolute Banger, Thin & Crispy Crust - Personal (reduced fat mozzarella)",Thin & crispy crust pizzas,1 slice,110,5.5,9.4,5.6,2.4,,0.65,1.1,0.7,461,,,,,,,false,true,,,Per slice; per pizza the guide prints 441 kcal
american-hot-thin-and-crispy-crust-large,"American Hot, Thin & Crispy Crust - Large",Thin & crispy crust pizzas,1 slice,177,6.6,17.8,8.8,4.1,,1.07,3.6,1.2,739,,,,,,,false,true,,,Per slice; per pizza the guide prints 1766 kcal
american-hot-thin-and-crispy-crust-medium,"American Hot, Thin & Crispy Crust - Medium",Thin & crispy crust pizzas,1 slice,174,7.2,16.8,8.6,4.0,,1.23,3.3,1.0,728,,,,,,,false,true,,,Per slice; per pizza the guide prints 1391 kcal
american-hot-thin-and-crispy-crust-personal,"American Hot, Thin & Crispy Crust - Personal",Thin & crispy crust pizzas,1 slice,95,4.0,9.1,4.7,2.2,,0.72,1.2,0.7,400,,,,,,,false,true,,,Per slice; per pizza the guide prints 381 kcal
american-hot-thin-and-crispy-crust-large-reduced-fat-mozzarella,"American Hot, Thin & Crispy Crust - Large (reduced fat mozzarella)",Thin & crispy crust pizzas,1 slice,157,6.6,17.6,6.7,2.8,,1.16,3.6,1.1,660,,,,,,,false,true,,,Per slice; per pizza the guide prints 1571 kcal
american-hot-thin-and-crispy-crust-medium-reduced-fat-mozzarella,"American Hot, Thin & Crispy Crust - Medium (reduced fat mozzarella)",Thin & crispy crust pizzas,1 slice,155,7.3,16.8,6.6,2.7,,1.14,3.5,1.3,651,,,,,,,false,true,,,Per slice; per pizza the guide prints 1242 kcal
american-hot-thin-and-crispy-crust-personal-reduced-fat-mozzarella,"American Hot, Thin & Crispy Crust - Personal (reduced fat mozzarella)",Thin & crispy crust pizzas,1 slice,91,4.4,9.4,4.0,1.8,,0.72,1.2,0.7,383,,,,,,,false,true,,,Per slice; per pizza the guide prints 364 kcal
americano-thin-and-crispy-crust-large,"Americano, Thin & Crispy Crust - Large",Thin & crispy crust pizzas,1 slice,189,8.8,19.6,8.4,3.9,,1.16,8.2,1.8,793,,,,,,,false,true,,,Per slice; per pizza the guide prints 1890 kcal
americano-thin-and-crispy-crust-medium,"Americano, Thin & Crispy Crust - Medium",Thin & crispy crust pizzas,1 slice,181,6.8,20.2,8.1,3.8,,1.13,7.7,1.8,760,,,,,,,false,true,,,Per slice; per pizza the guide prints 1450 kcal
americano-thin-and-crispy-crust-personal,"Americano, Thin & Crispy Crust - Personal",Thin & crispy crust pizzas,1 slice,114,4.9,12.6,4.8,2.2,,0.66,3.8,0.6,478,,,,,,,false,true,,,Per slice; per pizza the guide prints 457 kcal
americano-thin-and-crispy-crust-large-reduced-fat-mozzarella,"Americano, Thin & Crispy Crust - Large (reduced fat mozzarella)",Thin & crispy crust pizzas,1 slice,175,8.6,21.3,6.2,2.6,,1.12,8.2,1.7,738,,,,,,,false,true,,,Per slice; per pizza the guide prints 1754 kcal
americano-thin-and-crispy-crust-medium-reduced-fat-mozzarella,"Americano, Thin & Crispy Crust - Medium (reduced fat mozzarella)",Thin & crispy crust pizzas,1 slice,175,6.1,23.5,6.2,2.5,,1.23,8.0,1.1,734,,,,,,,false,true,,,Per slice; per pizza the guide prints 1396 kcal
americano-thin-and-crispy-crust-personal-reduced-fat-mozzarella,"Americano, Thin & Crispy Crust - Personal (reduced fat mozzarella)",Thin & crispy crust pizzas,1 slice,110,5.3,12.8,4.1,1.8,,0.66,3.8,0.6,461,,,,,,,false,true,,,Per slice; per pizza the guide prints 440 kcal
bacon-double-cheese-thin-and-crispy-crust-large,"Bacon Double Cheese, Thin & Crispy Crust - Large",Thin & crispy crust pizzas,1 slice,186,7.9,17.7,9.3,4.8,,0.78,3.5,1.2,779,,,,,,contains_pork,false,true,,,Per slice; per pizza the guide prints 1861 kcal
bacon-double-cheese-thin-and-crispy-crust-medium,"Bacon Double Cheese, Thin & Crispy Crust - Medium",Thin & crispy crust pizzas,1 slice,180,8.3,16.8,8.9,4.0,,0.98,3.1,1.0,754,,,,,,contains_pork,false,true,,,Per slice; per pizza the guide prints 1440 kcal
bacon-double-cheese-thin-and-crispy-crust-personal,"Bacon Double Cheese, Thin & Crispy Crust - Personal",Thin & crispy crust pizzas,1 slice,105,4.9,9.1,5.5,2.8,,0.6,1.2,0.7,442,,,,,,contains_pork,false,true,,,Per slice; per pizza the guide prints 421 kcal
bacon-double-cheese-thin-and-crispy-crust-large-reduced-fat-mozzarella,"Bacon Double Cheese, Thin & Crispy Crust - Large (reduced fat mozzarella)",Thin & crispy crust pizzas,1 slice,163,8.3,17.8,6.6,3.1,,0.88,3.5,1.0,685,,,,,,contains_pork,false,true,,,Per slice; per pizza the guide prints 1630 kcal
bacon-double-cheese-thin-and-crispy-crust-medium-reduced-fat-mozzarella,"Bacon Double Cheese, Thin & Crispy Crust - Medium (reduced fat mozzarella)",Thin & crispy crust pizzas,1 slice,158,8.7,16.9,6.2,2.9,,0.86,3.4,1.3,665,,,,,,contains_pork,false,true,,,Per slice; per pizza the guide prints 1266 kcal
bacon-double-cheese-thin-and-crispy-crust-personal-reduced-fat-mozzarella,"Bacon Double Cheese, Thin & Crispy Crust - Personal (reduced fat mozzarella)",Thin & crispy crust pizzas,1 slice,101,5.3,9.3,4.7,2.4,,0.57,1.2,0.7,425,,,,,,contains_pork,false,true,,,Per slice; per pizza the guide prints 405 kcal
buffalo-chicken-thin-and-crispy-crust-large,"Buffalo Chicken, Thin & Crispy Crust - Large",Thin & crispy crust pizzas,1 slice,146,5.4,18.2,5.8,2.9,,0.97,3.7,1.4,615,,,,,,,false,true,,,Per slice; per pizza the guide prints 1463 kcal
buffalo-chicken-thin-and-crispy-crust-medium,"Buffalo Chicken, Thin & Crispy Crust - Medium",Thin & crispy crust pizzas,1 slice,148,7.5,17.0,5.5,2.8,,1.09,3.4,1.1,620,,,,,,,false,true,,,Per slice; per pizza the guide prints 1180 kcal
buffalo-chicken-thin-and-crispy-crust-personal,"Buffalo Chicken, Thin & Crispy Crust - Personal",Thin & crispy crust pizzas,1 slice,78,4.3,9.2,2.7,1.4,,0.63,1.3,0.8,329,,,,,,,false,true,,,Per slice; per pizza the guide prints 313 kcal
buffalo-chicken-thin-and-crispy-crust-large-reduced-fat-mozzarella,"Buffalo Chicken, Thin & Crispy Crust - Large (reduced fat mozzarella)",Thin & crispy crust pizzas,1 slice,127,5.4,18.1,3.7,1.6,,1.06,3.8,1.2,534,,,,,,,false,true,,,Per slice; per pizza the guide prints 1267 kcal
buffalo-chicken-thin-and-crispy-crust-medium-reduced-fat-mozzarella,"Buffalo Chicken, Thin & Crispy Crust - Medium (reduced fat mozzarella)",Thin & crispy crust pizzas,1 slice,129,7.6,16.9,3.5,1.5,,1.01,3.6,1.4,544,,,,,,,false,true,,,Per slice; per pizza the guide prints 1033 kcal
buffalo-chicken-thin-and-crispy-crust-personal-reduced-fat-mozzarella,"Buffalo Chicken, Thin & Crispy Crust - Personal (reduced fat mozzarella)",Thin & crispy crust pizzas,1 slice,74,4.7,9.5,2.0,1.0,,0.63,1.3,0.8,312,,,,,,,false,true,,,Per slice; per pizza the guide prints 297 kcal
chicken-feast-thin-and-crispy-crust-large,"Chicken Feast, Thin & Crispy Crust - Large",Thin & crispy crust pizzas,1 slice,154,7.4,18.1,5.8,2.9,,0.58,3.7,1.3,648,,,,,,,false,true,,,Per slice; per pizza the guide prints 1541 kcal
chicken-feast-thin-and-crispy-crust-medium,"Chicken Feast, Thin & Crispy Crust - Medium",Thin & crispy crust pizzas,1 slice,151,7.9,17.1,5.6,2.8,,0.76,3.4,1.1,634,,,,,,,false,true,,,Per slice; per pizza the guide prints 1206 kcal
chicken-feast-thin-and-crispy-crust-personal,"Chicken Feast, Thin & Crispy Crust - Personal",Thin & crispy crust pizzas,1 slice,80,4.5,9.3,2.7,1.4,,0.42,1.3,0.8,336,,,,,,,false,true,,,Per slice; per pizza the guide prints 320 kcal
chicken-feast-thin-and-crispy-crust-large-reduced-fat-mozzarella,"Chicken Feast, Thin & Crispy Crust - Large (reduced fat mozzarella)",Thin & crispy crust pizzas,1 slice,134,7.5,17.9,3.7,1.6,,0.68,3.7,1.2,566,,,,,,,false,true,,,Per slice; per pizza the guide prints 1342 kcal
chicken-feast-thin-and-crispy-crust-medium-reduced-fat-mozzarella,"Chicken Feast, Thin & Crispy Crust - Medium (reduced fat mozzarella)",Thin & crispy crust pizzas,1 slice,132,8.0,17.0,3.6,1.5,,0.68,3.6,1.4,556,,,,,,,false,true,,,Per slice; per pizza the guide prints 1056 kcal
chicken-feast-thin-and-crispy-crust-personal-reduced-fat-mozzarella,"Chicken Feast, Thin & Crispy Crust - Personal (reduced fat mozzarella)",Thin & crispy crust pizzas,1 slice,76,4.9,9.5,2,1.0,,0.42,1.3,0.8,320,,,,,,,false,true,,,Per slice; per pizza the guide prints 304 kcal
deluxe-thin-and-crispy-crust-large,"Deluxe, Thin & Crispy Crust - Large",Thin & crispy crust pizzas,1 slice,174,6.7,17.9,8.4,3.9,,0.81,3.6,1.3,729,,,,,,,false,true,,,Per slice; per pizza the guide prints 1739 kcal
deluxe-thin-and-crispy-crust-medium,"Deluxe, Thin & Crispy Crust - Medium",Thin & crispy crust pizzas,1 slice,172,7.4,17.0,8.2,3.9,,0.99,3.3,1.1,718,,,,,,,false,true,,,Per slice; per pizza the guide prints 1372 kcal
deluxe-thin-and-crispy-crust-personal,"Deluxe, Thin & Crispy Crust - Personal",Thin & crispy crust pizzas,1 slice,93,4.2,9.3,4.3,2.0,,0.56,1.3,0.7,389,,,,,,,false,true,,,Per slice; per pizza the guide prints 371 kcal
deluxe-thin-and-crispy-crust-large-reduced-fat-mozzarella,"Deluxe, Thin & Crispy Crust - Large (reduced fat mozzarella)",Thin & crispy crust pizzas,1 slice,154,6.8,17.8,6.3,2.7,,0.90,3.7,1.1,648,,,,,,,false,true,,,Per slice; per pizza the guide prints 1543 kcal
deluxe-thin-and-crispy-crust-medium-reduced-fat-mozzarella,"Deluxe, Thin & Crispy Crust - Medium (reduced fat mozzarella)",Thin & crispy crust pizzas,1 slice,153,7.5,16.9,6.2,2.6,,0.91,3.5,1.4,643,,,,,,,false,true,,,Per slice; per pizza the guide prints 1225 kcal
deluxe-thin-and-crispy-crust-personal-reduced-fat-mozzarella,"Deluxe, Thin & Crispy Crust - Personal (reduced fat mozzarella)",Thin & crispy crust pizzas,1 slice,89,4.6,9.5,3.6,1.6,,0.555,1.3,0.7,372,,,,,,,false,true,,,Per slice; per pizza the guide prints 355 kcal
farmhouse-thin-and-crispy-crust-large,"Farmhouse, Thin & Crispy Crust - Large",Thin & crispy crust pizzas,1 slice,150,6.8,17.7,5.8,2.9,,0.75,3.6,1.3,631,,,,,,,false,true,,,Per slice; per pizza the guide prints 1501 kcal
farmhouse-thin-and-crispy-crust-medium,"Farmhouse, Thin & Crispy Crust - Medium",Thin & crispy crust pizzas,1 slice,148,7.4,16.8,5.7,2.9,,0.93,3.2,1.1,620,,,,,,,false,true,,,Per slice; per pizza the guide prints 1180 kcal
farmhouse-thin-and-crispy-crust-personal,"Farmhouse, Thin & Crispy Crust - Personal",Thin & crispy crust pizzas,1 slice,78,4.2,9.1,2.8,1.4,,0.53,1.2,0.8,327,,,,,,,false,true,,,Per slice; per pizza the guide prints 311 kcal
farmhouse-thin-and-crispy-crust-large-reduced-fat-mozzarella,"Farmhouse, Thin & Crispy Crust - Large (reduced fat mozzarella)",Thin & crispy crust pizzas,1 slice,131,6.8,17.5,3.7,1.6,,0.84,3.6,1.2,550,,,,,,,false,true,,,Per slice; per pizza the guide prints 1305 kcal
farmhouse-thin-and-crispy-crust-medium-reduced-fat-mozzarella,"Farmhouse, Thin & Crispy Crust - Medium (reduced fat mozzarella)",Thin & crispy crust pizzas,1 slice,129,7.5,16.7,3.6,1.6,,0.85,3.5,1.4,544,,,,,,,false,true,,,Per slice; per pizza the guide prints 1033 kcal
farmhouse-thin-and-crispy-crust-personal-reduced-fat-mozzarella,"Farmhouse, Thin & Crispy Crust - Personal (reduced fat mozzarella)",Thin & crispy crust pizzas,1 slice,74,4.6,9.3,2.1,1.0,,0.53,1.2,0.8,311,,,,,,,false,true,,,Per slice; per pizza the guide prints 295 kcal
fiery-vegi-sizzler-thin-and-crispy-crust-large,"Fiery Vegi Sizzler, Thin & Crispy Crust - Large",Thin & crispy crust pizzas,1 slice,142,5.2,17.7,5.6,2.8,,0.67,3.6,1.2,597,,,,,,,false,true,,,Per slice; per pizza the guide prints 1420 kcal
fiery-vegi-sizzler-thin-and-crispy-crust-medium,"Fiery Vegi Sizzler, Thin & Crispy Crust - Medium",Thin & crispy crust pizzas,1 slice,139,5.9,16.8,5.4,2.8,,0.84,3.3,1.0,585,,,,,,,false,true,,,Per slice; per pizza the guide prints 1113 kcal
fiery-vegi-sizzler-thin-and-crispy-crust-personal,"Fiery Vegi Sizzler, Thin & Crispy Crust - Personal",Thin & crispy crust pizzas,1 slice,72,3.1,9.1,2.6,1.4,,0.4575,1.2,0.7,303,,,,,,,false,true,,,Per slice; per pizza the guide prints 288 kcal
fiery-vegi-sizzler-thin-and-crispy-crust-large-reduced-fat-mozzarella,"Fiery Vegi Sizzler, Thin & Crispy Crust - Large (reduced fat mozzarella)",Thin & crispy crust pizzas,1 slice,123,5.3,17.6,3.5,1.6,,0.76,3.6,1.1,517,,,,,,,false,true,,,Per slice; per pizza the guide prints 1227 kcal
fiery-vegi-sizzler-thin-and-crispy-crust-medium-reduced-fat-mozzarella,"Fiery Vegi Sizzler, Thin & Crispy Crust - Medium (reduced fat mozzarella)",Thin & crispy crust pizzas,1 slice,121,6.0,16.7,3.4,1.5,,0.75,3.5,1.3,509,,,,,,,false,true,,,Per slice; per pizza the guide prints 967 kcal
fiery-vegi-sizzler-thin-and-crispy-crust-personal-reduced-fat-mozzarella,"Fiery Vegi Sizzler, Thin & Crispy Crust - Personal (reduced fat mozzarella)",Thin & crispy crust pizzas,1 slice,68,3.5,9.3,1.9,0.9,,0.46,1.2,0.7,287,,,,,,,false,true,,,Per slice; per pizza the guide prints 272 kcal
full-house-thin-and-crispy-crust-large,"Full House®, Thin & Crispy Crust - Large",Thin & crispy crust pizzas,1 slice,177,7.4,18.8,8.0,3.8,,0.83,4.2,1.3,741,,,,,,,false,true,,,Per slice; per pizza the guide prints 1767 kcal
full-house-thin-and-crispy-crust-medium,"Full House®, Thin & Crispy Crust - Medium",Thin & crispy crust pizzas,1 slice,173,8.0,17.8,7.8,3.7,,1.01,3.9,1.2,724,,,,,,,false,true,,,Per slice; per pizza the guide prints 1381 kcal
full-house-thin-and-crispy-crust-personal,"Full House®, Thin & Crispy Crust - Personal",Thin & crispy crust pizzas,1 slice,103,5.1,9.9,4.8,2.2,,0.66,1.7,0.8,430,,,,,,,false,true,,,Per slice; per pizza the guide prints 411 kcal
full-house-thin-and-crispy-crust-large-reduced-fat-mozzarella,"Full House®, Thin & Crispy Crust - Large (reduced fat mozzarella)",Thin & crispy crust pizzas,1 slice,157,7.4,18.7,5.9,2.5,,0.92,4.3,1.2,659,,,,,,,false,true,,,Per slice; per pizza the guide prints 1568 kcal
full-house-thin-and-crispy-crust-medium-reduced-fat-mozzarella,"Full House®, Thin & Crispy Crust - Medium (reduced fat mozzarella)",Thin & crispy crust pizzas,1 slice,154,8.1,17.7,5.7,2.4,,0.92,4.1,1.5,649,,,,,,,false,true,,,Per slice; per pizza the guide prints 1234 kcal
full-house-thin-and-crispy-crust-personal-reduced-fat-mozzarella,"Full House®, Thin & Crispy Crust - Personal (reduced fat mozzarella)",Thin & crispy crust pizzas,1 slice,99,5.5,10.1,4.1,1.8,,0.66,1.7,0.8,414,,,,,,,false,true,,,Per slice; per pizza the guide prints 394 kcal
ham-and-pineapple-thin-and-crispy-crust-large,"Ham & Pineapple, Thin & Crispy Crust - Large",Thin & crispy crust pizzas,1 slice,151,6.6,18.2,5.8,2.9,,0.74,4.2,1.1,634,,,,,,contains_pork,false,true,,,Per slice; per pizza the guide prints 1510 kcal
ham-and-pineapple-thin-and-crispy-crust-medium,"Ham & Pineapple, Thin & Crispy Crust - Medium",Thin & crispy crust pizzas,1 slice,148,7.2,17.2,5.6,2.9,,0.92,3.8,0.9,624,,,,,,contains_pork,false,true,,,Per slice; per pizza the guide prints 1187 kcal
ham-and-pineapple-thin-and-crispy-crust-personal,"Ham & Pineapple, Thin & Crispy Crust - Personal",Thin & crispy crust pizzas,1 slice,79,4.0,9.4,2.8,1.4,,0.52,1.6,0.7,330,,,,,,contains_pork,false,true,,,Per slice; per pizza the guide prints 314 kcal
ham-and-pineapple-thin-and-crispy-crust-large-reduced-fat-mozzarella,"Ham & Pineapple, Thin & Crispy Crust - Large (reduced fat mozzarella)",Thin & crispy crust pizzas,1 slice,132,6.6,18.1,3.7,1.6,,0.83,4.2,1.0,555,,,,,,contains_pork,false,true,,,Per slice; per pizza the guide prints 1316 kcal
ham-and-pineapple-thin-and-crispy-crust-medium-reduced-fat-mozzarella,"Ham & Pineapple, Thin & Crispy Crust - Medium (reduced fat mozzarella)",Thin & crispy crust pizzas,1 slice,130,7.3,17.1375,3.6,1.55,,0.83875,4,1.225,548,,,,,,contains_pork,false,true,,,Per slice; per pizza the guide prints 1040 kcal
ham-and-pineapple-thin-and-crispy-crust-personal-reduced-fat-mozzarella,"Ham & Pineapple, Thin & Crispy Crust - Personal (reduced fat mozzarella)",Thin & crispy crust pizzas,1 slice,75,4.4,9.7,2.0,1.0,,0.52,1.7,0.7,313,,,,,,contains_pork,false,true,,,Per slice; per pizza the guide prints 298 kcal
hawaiian-thin-and-crispy-crust-large,"Hawaiian, Thin & Crispy Crust - Large",Thin & crispy crust pizzas,1 slice,152,6.6,18.3,5.8,2.9,,0.74,4.2,1.2,637,,,,,,,false,true,,,Per slice; per pizza the guide prints 1515 kcal
hawaiian-thin-and-crispy-crust-medium,"Hawaiian, Thin & Crispy Crust - Medium",Thin & crispy crust pizzas,1 slice,149,7.3,17.2,5.7,2.9,,0.92,3.8,1.0,625,,,,,,,false,true,,,Per slice; per pizza the guide prints 1189 kcal
hawaiian-thin-and-crispy-crust-personal,"Hawaiian, Thin & Crispy Crust - Personal",Thin & crispy crust pizzas,1 slice,79,4.1,9.4,2.8,1.4,,0.52,1.7,0.7,331,,,,,,,false,true,,,Per slice; per pizza the guide prints 315 kcal
hawaiian-thin-and-crispy-crust-large-reduced-fat-mozzarella,"Hawaiian, Thin & Crispy Crust - Large (reduced fat mozzarella)",Thin & crispy crust pizzas,1 slice,132,6.7,18.1,3.7,1.6,,0.83,4.2,1.0,556,,,,,,,false,true,,,Per slice; per pizza the guide prints 1319 kcal
hawaiian-thin-and-crispy-crust-medium-reduced-fat-mozzarella,"Hawaiian, Thin & Crispy Crust - Medium (reduced fat mozzarella)",Thin & crispy crust pizzas,1 slice,131,7.4,17.2,3.6,1.6,,0.84,4.0,1.3,550,,,,,,,false,true,,,Per slice; per pizza the guide prints 1044 kcal
hawaiian-thin-and-crispy-crust-personal-reduced-fat-mozzarella,"Hawaiian, Thin & Crispy Crust - Personal (reduced fat mozzarella)",Thin & crispy crust pizzas,1 slice,75,4.5,9.7,2.0,1.0,,0.52,1.7,0.7,314,,,,,,,false,true,,,Per slice; per pizza the guide prints 299 kcal
hot-and-spicy-thin-and-crispy-crust-large,"Hot & Spicy, Thin & Crispy Crust - Large",Thin & crispy crust pizzas,1 slice,153,6.0,17.9,6.4,3.2,,0.75,3.6,1.3,641,,,,,,,false,true,,,Per slice; per pizza the guide prints 1528 kcal
hot-and-spicy-thin-and-crispy-crust-medium,"Hot & Spicy, Thin & Crispy Crust - Medium",Thin & crispy crust pizzas,1 slice,149,6.5,16.9,6.1,3.1,,0.91,3.3,1.1,626,,,,,,,false,true,,,Per slice; per pizza the guide prints 1192 kcal
hot-and-spicy-thin-and-crispy-crust-personal,"Hot & Spicy, Thin & Crispy Crust - Personal",Thin & crispy crust pizzas,1 slice,79,3.6,9.2,3.1,1.6,,0.51,1.2,0.7,332,,,,,,,false,true,,,Per slice; per pizza the guide prints 316 kcal
hot-and-spicy-thin-and-crispy-crust-large-reduced-fat-mozzarella,"Hot & Spicy, Thin & Crispy Crust - Large (reduced fat mozzarella)",Thin & crispy crust pizzas,1 slice,133,6.0,17.8,4.3,1.9,,0.84,3.6,1.1,562,,,,,,,false,true,,,Per slice; per pizza the guide prints 1334 kcal
hot-and-spicy-thin-and-crispy-crust-medium-reduced-fat-mozzarella,"Hot & Spicy, Thin & Crispy Crust - Medium (reduced fat mozzarella)",Thin & crispy crust pizzas,1 slice,131,6.6,16.9,4.1,1.8,,0.82,3.5,1.4,550,,,,,,,false,true,,,Per slice; per pizza the guide prints 1045 kcal
hot-and-spicy-thin-and-crispy-crust-personal-reduced-fat-mozzarella,"Hot & Spicy, Thin & Crispy Crust - Personal (reduced fat mozzarella)",Thin & crispy crust pizzas,1 slice,75,4.00,9.4,2.4,1.2,,0.51,1.2,0.7,316,,,,,,,false,true,,,Per slice; per pizza the guide prints 300 kcal
house-special-tandoori-chicken-thin-and-crispy-crust-large,"House Special Tandoori Chicken, Thin & Crispy Crust - Large",Thin & crispy crust pizzas,1 slice,208,9.7,18.0,10.8,5.4,,1.94,3.7,1.3,871,,,,,,,false,true,,,Per slice; per pizza the guide prints 2082 kcal
house-special-tandoori-chicken-thin-and-crispy-crust-medium,"House Special Tandoori Chicken, Thin & Crispy Crust - Medium",Thin & crispy crust pizzas,1 slice,203,10.1,17.0,10.5,5.2,,2.05,3.4,1.1,848,,,,,,,false,true,,,Per slice; per pizza the guide prints 1622 kcal
house-special-tandoori-chicken-thin-and-crispy-crust-personal,"House Special Tandoori Chicken, Thin & Crispy Crust - Personal",Thin & crispy crust pizzas,1 slice,128,6.4,9.3,7.2,3.5,,0.80,1.3,0.7,534,,,,,,,false,true,,,Per slice; per pizza the guide prints 511 kcal
house-special-tandoori-chicken-thin-and-crispy-crust-large-reduced-fat-mozzarella,"House Special Tandoori Chicken, Thin & Crispy Crust - Large (reduced fat mozzarella)",Thin & crispy crust pizzas,1 slice,186,10.1,18.0,8.1,3.7,,2.03,3.7,1.1,778,,,,,,,false,true,,,Per slice; per pizza the guide prints 1855 kcal
house-special-tandoori-chicken-thin-and-crispy-crust-medium-reduced-fat-mozzarella,"House Special Tandoori Chicken, Thin & Crispy Crust - Medium (reduced fat mozzarella)",Thin & crispy crust pizzas,1 slice,181,10.5,17.1,7.9,3.5,,1.97,3.6,1.4,760,,,,,,,false,true,,,Per slice; per pizza the guide prints 1450 kcal
house-special-tandoori-chicken-thin-and-crispy-crust-personal-reduced-fat-mozzarella,"House Special Tandoori Chicken, Thin & Crispy Crust - Personal (reduced fat mozzarella)",Thin & crispy crust pizzas,1 slice,124,6.8,9.5,6.5,3.0,,0.80,1.3,0.7,518,,,,,,,false,true,,,Per slice; per pizza the guide prints 495 kcal
meatball-marinara-thin-and-crispy-crust-large,"Meatball Marinara, Thin & Crispy Crust - Large",Thin & crispy crust pizzas,1 slice,204,8.0,19.7,10.4,4.5,,0.97,4.0,1.5,855,,,,,,,false,true,,,Per slice; per pizza the guide prints 2043 kcal
meatball-marinara-thin-and-crispy-crust-medium,"Meatball Marinara, Thin & Crispy Crust - Medium",Thin & crispy crust pizzas,1 slice,202,8.7,18.8,10.2,4.4,,1.16,3.7,1.4,845,,,,,,,false,true,,,Per slice; per pizza the guide prints 1614 kcal
meatball-marinara-thin-and-crispy-crust-personal,"Meatball Marinara, Thin & Crispy Crust - Personal",Thin & crispy crust pizzas,1 slice,119,5.2,11.3,5.9,2.5,,0.75,1.7,1.2,497,,,,,,,false,true,,,Per slice; per pizza the guide prints 475 kcal
meatball-marinara-thin-and-crispy-crust-large-reduced-fat-mozzarella,"Meatball Marinara, Thin & Crispy Crust - Large (reduced fat mozzarella)",Thin & crispy crust pizzas,1 slice,184,8.0,19.5,8.3,3.2,,1.06,4.1,1.4,773,,,,,,,false,true,,,Per slice; per pizza the guide prints 1843 kcal
meatball-marinara-thin-and-crispy-crust-medium-reduced-fat-mozzarella,"Meatball Marinara, Thin & Crispy Crust - Medium (reduced fat mozzarella)",Thin & crispy crust pizzas,1 slice,183,8.7,18.7,8.2,3.1,,1.07,4.0,1.7,769,,,,,,,false,true,,,Per slice; per pizza the guide prints 1467 kcal
meatball-marinara-thin-and-crispy-crust-personal-reduced-fat-mozzarella,"Meatball Marinara, Thin & Crispy Crust - Personal (reduced fat mozzarella)",Thin & crispy crust pizzas,1 slice,115,5.6,11.5,5.1,2.1,,0.75,1.7,1.2,481,,,,,,,false,true,,,Per slice; per pizza the guide prints 459 kcal
meateor-thin-and-crispy-crust-large,"Meateor™, Thin & Crispy Crust - Large",Thin & crispy crust pizzas,1 slice,209,9.2,19.7,10.4,4.7,,1.21,8.1,1.8,876,,,,,,,false,true,,,Per slice; per pizza the guide prints 2092 kcal
meateor-thin-and-crispy-crust-medium,"Meateor™, Thin & Crispy Crust - Medium",Thin & crispy crust pizzas,1 slice,200,7.3,20.4,10.0,4.5,,1.18,7.6,1.7,839,,,,,,,false,true,,,Per slice; per pizza the guide prints 1602 kcal
meateor-thin-and-crispy-crust-personal,"Meateor™, Thin & Crispy Crust - Personal",Thin & crispy crust pizzas,1 slice,146,6.0,12.8,7.8,3.4,,0.83,3.8,0.6,608,,,,,,,false,true,,,Per slice; per pizza the guide prints 584 kcal
meateor-thin-and-crispy-crust-large-reduced-fat-mozzarella,"Meateor™, Thin & Crispy Crust - Large (reduced fat mozzarella)",Thin & crispy crust pizzas,1 slice,196,9.0,21.4,8.2,3.4,,1.18,8.0,1.6,821,,,,,,,false,true,,,Per slice; per pizza the guide prints 1955 kcal
meateor-thin-and-crispy-crust-medium-reduced-fat-mozzarella,"Meateor™, Thin & Crispy Crust - Medium (reduced fat mozzarella)",Thin & crispy crust pizzas,1 slice,193,6.5,23.7,8.1,3.2,,1.28,7.9,1.1,811,,,,,,,false,true,,,Per slice; per pizza the guide prints 1546 kcal
meateor-thin-and-crispy-crust-personal-reduced-fat-mozzarella,"Meateor™, Thin & Crispy Crust - Personal (reduced fat mozzarella)",Thin & crispy crust pizzas,1 slice,142,6.4,13.0,7.1,2.9,,0.83,3.8,0.6,591,,,,,,,false,true,,,Per slice; per pizza the guide prints 567 kcal
meatilicious-thin-and-crispy-crust-large,"Meatilicious, Thin & Crispy Crust - Large",Thin & crispy crust pizzas,1 slice,179,8.0,17.5,8.6,4.0,,0.88,3.3,1.1,750,,,,,,,false,true,,,Per slice; per pizza the guide prints 1791 kcal
meatilicious-thin-and-crispy-crust-medium,"Meatilicious, Thin & Crispy Crust - Medium",Thin & crispy crust pizzas,1 slice,176,8.6,16.6,8.4,3.9,,1.06,3.0,0.9,737,,,,,,,false,true,,,Per slice; per pizza the guide prints 1407 kcal
meatilicious-thin-and-crispy-crust-personal,"Meatilicious, Thin & Crispy Crust - Personal",Thin & crispy crust pizzas,1 slice,111,5.7,9.1,5.8,2.6,,0.73,1.1,0.7,465,,,,,,,false,true,,,Per slice; per pizza the guide prints 444 kcal
meatilicious-thin-and-crispy-crust-large-reduced-fat-mozzarella,"Meatilicious, Thin & Crispy Crust - Large (reduced fat mozzarella)",Thin & crispy crust pizzas,1 slice,160,8.0,17.3,6.5,2.8,,0.97,3.3,1.0,670,,,,,,,false,true,,,Per slice; per pizza the guide prints 1597 kcal
meatilicious-thin-and-crispy-crust-medium-reduced-fat-mozzarella,"Meatilicious, Thin & Crispy Crust - Medium (reduced fat mozzarella)",Thin & crispy crust pizzas,1 slice,158,8.6,16.5,6.3,2.6,,0.97,3.2,1.2,661,,,,,,,false,true,,,Per slice; per pizza the guide prints 1260 kcal
meatilicious-thin-and-crispy-crust-personal-reduced-fat-mozzarella,"Meatilicious, Thin & Crispy Crust - Personal (reduced fat mozzarella)",Thin & crispy crust pizzas,1 slice,107,6.1,9.3,5.1,2.2,,0.73,1.1,0.7,449,,,,,,,false,true,,,Per slice; per pizza the guide prints 428 kcal
meat-lovers-thin-and-crispy-crust-large,"Meat Lovers, Thin & Crispy Crust - Large",Thin & crispy crust pizzas,1 slice,193,8.3,17.6,9.9,4.6,,1.03,3.3,1.1,806,,,,,,,false,true,,,Per slice; per pizza the guide prints 1926 kcal
meat-lovers-thin-and-crispy-crust-medium,"Meat Lovers, Thin & Crispy Crust - Medium",Thin & crispy crust pizzas,1 slice,188,8.8,16.6,9.6,4.5,,1.21,3.0,1.0,789,,,,,,,false,true,,,Per slice; per pizza the guide prints 1507 kcal
meat-lovers-thin-and-crispy-crust-personal,"Meat Lovers, Thin & Crispy Crust - Personal",Thin & crispy crust pizzas,1 slice,107,5.1,9.0,5.7,2.6,,0.7,1.1,0.7,450,,,,,,,false,true,,,Per slice; per pizza the guide prints 429 kcal
meat-lovers-thin-and-crispy-crust-large-reduced-fat-mozzarella,"Meat Lovers, Thin & Crispy Crust - Large (reduced fat mozzarella)",Thin & crispy crust pizzas,1 slice,173,8.3,17.4,7.8,3.3,,1.12,3.3,1.0,726,,,,,,,false,true,,,Per slice; per pizza the guide prints 1732 kcal
meat-lovers-thin-and-crispy-crust-medium-reduced-fat-mozzarella,"Meat Lovers, Thin & Crispy Crust - Medium (reduced fat mozzarella)",Thin & crispy crust pizzas,1 slice,170,8.9,16.5,7.6,3.2,,1.12,3.2,1.3,712,,,,,,,false,true,,,Per slice; per pizza the guide prints 1358 kcal
meat-lovers-thin-and-crispy-crust-personal-reduced-fat-mozzarella,"Meat Lovers, Thin & Crispy Crust - Personal (reduced fat mozzarella)",Thin & crispy crust pizzas,1 slice,103,5.5,9.2,5.0,2.2,,0.70,1.1,0.7,434,,,,,,,false,true,,,Per slice; per pizza the guide prints 413 kcal
meatzza-pizza-thin-and-crispy-crust-large,"Meatzza Pizza, Thin & Crispy Crust - Large",Thin & crispy crust pizzas,1 slice,188,8.4,17.8,9.3,4.3,,1.03,3.3,1.2,786,,,,,,,false,true,,,Per slice; per pizza the guide prints 1877 kcal
meatzza-pizza-thin-and-crispy-crust-medium,"Meatzza Pizza, Thin & Crispy Crust - Medium",Thin & crispy crust pizzas,1 slice,185,9.0,16.8,9.0,4.2,,1.20,3.0,1.0,774,,,,,,,false,true,,,Per slice; per pizza the guide prints 1478 kcal
meatzza-pizza-thin-and-crispy-crust-personal,"Meatzza Pizza, Thin & Crispy Crust - Personal",Thin & crispy crust pizzas,1 slice,101,5.1,9.2,4.9,2.3,,0.68,1.1,0.7,422,,,,,,,false,true,,,Per slice; per pizza the guide prints 403 kcal
meatzza-pizza-thin-and-crispy-crust-large-reduced-fat-mozzarella,"Meatzza Pizza, Thin & Crispy Crust - Large (reduced fat mozzarella)",Thin & crispy crust pizzas,1 slice,169,8.5,17.6,7.2,3.0,,1.12,3.4,1.0,710,,,,,,,false,true,,,Per slice; per pizza the guide prints 1691 kcal
meatzza-pizza-thin-and-crispy-crust-medium-reduced-fat-mozzarella,"Meatzza Pizza, Thin & Crispy Crust - Medium (reduced fat mozzarella)",Thin & crispy crust pizzas,1 slice,166,9.1,16.7,7.0,2.9,,1.12,3.2,1.3,697,,,,,,,false,true,,,Per slice; per pizza the guide prints 1329 kcal
meatzza-pizza-thin-and-crispy-crust-personal-reduced-fat-mozzarella,"Meatzza Pizza, Thin & Crispy Crust - Personal (reduced fat mozzarella)",Thin & crispy crust pizzas,1 slice,97,5.5,9.4,4.1,1.8,,0.68,1.1,0.7,406,,,,,,,false,true,,,Per slice; per pizza the guide prints 387 kcal
mighty-meaty-thin-and-crispy-crust-large,"Mighty Meaty®, Thin & Crispy Crust - Large",Thin & crispy crust pizzas,1 slice,191,8.6,18.0,9.4,4.3,,1.04,3.5,1.3,799,,,,,,,false,true,,,Per slice; per pizza the guide prints 1907 kcal
mighty-meaty-thin-and-crispy-crust-medium,"Mighty Meaty®, Thin & Crispy Crust - Medium",Thin & crispy crust pizzas,1 slice,187,9.1,17.1,9.1,4.2,,1.22,3.2,1.1,783,,,,,,,false,true,,,Per slice; per pizza the guide prints 1496 kcal
mighty-meaty-thin-and-crispy-crust-personal,"Mighty Meaty®, Thin & Crispy Crust - Personal",Thin & crispy crust pizzas,1 slice,103,5.2,9.3,4.9,2.3,,0.68,1.2,0.8,430,,,,,,,false,true,,,Per slice; per pizza the guide prints 410 kcal
mighty-meaty-thin-and-crispy-crust-large-reduced-fat-mozzarella,"Mighty Meaty®, Thin & Crispy Crust - Large (reduced fat mozzarella)",Thin & crispy crust pizzas,1 slice,171,8.6,17.9,7.3,3.1,,1.13,3.6,1.2,719,,,,,,,false,true,,,Per slice; per pizza the guide prints 1712 kcal
mighty-meaty-thin-and-crispy-crust-medium-reduced-fat-mozzarella,"Mighty Meaty®, Thin & Crispy Crust - Medium (reduced fat mozzarella)",Thin & crispy crust pizzas,1 slice,169,9.2,17.0,7.1,2.9,,1.13,3.4,1.4,708,,,,,,,false,true,,,Per slice; per pizza the guide prints 1349 kcal
mighty-meaty-thin-and-crispy-crust-personal-reduced-fat-mozzarella,"Mighty Meaty®, Thin & Crispy Crust - Personal (reduced fat mozzarella)",Thin & crispy crust pizzas,1 slice,99,5.6,9.6,4.2,1.9,,0.68,1.2,0.8,413,,,,,,,false,true,,,Per slice; per pizza the guide prints 394 kcal
mixed-grill-thin-and-crispy-crust-large,"Mixed Grill, Thin & Crispy Crust - Large",Thin & crispy crust pizzas,1 slice,178,7.3,18.0,8.5,4.0,,0.81,3.6,1.2,747,,,,,,,false,true,,,Per slice; per pizza the guide prints 1783 kcal
mixed-grill-thin-and-crispy-crust-medium,"Mixed Grill, Thin & Crispy Crust - Medium",Thin & crispy crust pizzas,1 slice,175,8.0,17.1,8.3,3.9,,0.99,3.3,1.1,735,,,,,,,false,true,,,Per slice; per pizza the guide prints 1403 kcal
mixed-grill-thin-and-crispy-crust-personal,"Mixed Grill, Thin & Crispy Crust - Personal",Thin & crispy crust pizzas,1 slice,103,4.8,9.3,5.2,2.4,,0.60,1.3,0.7,431,,,,,,,false,true,,,Per slice; per pizza the guide prints 412 kcal
mixed-grill-thin-and-crispy-crust-large-reduced-fat-mozzarella,"Mixed Grill, Thin & Crispy Crust - Large (reduced fat mozzarella)",Thin & crispy crust pizzas,1 slice,159,7.4,17.9,6.4,2.7,,0.90,3.6,1.1,666,,,,,,,false,true,,,Per slice; per pizza the guide prints 1587 kcal
mixed-grill-thin-and-crispy-crust-medium-reduced-fat-mozzarella,"Mixed Grill, Thin & Crispy Crust - Medium (reduced fat mozzarella)",Thin & crispy crust pizzas,1 slice,157,8.0,17.0,6.3,2.6,,0.91,3.5,1.4,658,,,,,,,false,true,,,Per slice; per pizza the guide prints 1253 kcal
mixed-grill-thin-and-crispy-crust-personal-reduced-fat-mozzarella,"Mixed Grill, Thin & Crispy Crust - Personal (reduced fat mozzarella)",Thin & crispy crust pizzas,1 slice,99,5.2,9.6,4.5,2.0,,0.6,1.3,0.7,415,,,,,,,false,true,,,Per slice; per pizza the guide prints 396 kcal
new-yorker-thin-and-crispy-crust-large,"New Yorker, Thin & Crispy Crust - Large",Thin & crispy crust pizzas,1 slice,181,7.5,17.4,9.1,4.2,,0.95,3.3,1.1,759,,,,,,,false,true,,,Per slice; per pizza the guide prints 1813 kcal
new-yorker-thin-and-crispy-crust-medium,"New Yorker, Thin & Crispy Crust - Medium",Thin & crispy crust pizzas,1 slice,178,8.1,16.4,8.9,4.2,,1.14,3.0,1.0,747,,,,,,,false,true,,,Per slice; per pizza the guide prints 1427 kcal
new-yorker-thin-and-crispy-crust-personal,"New Yorker, Thin & Crispy Crust - Personal",Thin & crispy crust pizzas,1 slice,100,4.6,8.9,5.2,2.4,,0.65,1.1,0.7,420,,,,,,,false,true,,,Per slice; per pizza the guide prints 400 kcal
new-yorker-thin-and-crispy-crust-large-reduced-fat-mozzarella,"New Yorker, Thin & Crispy Crust - Large (reduced fat mozzarella)",Thin & crispy crust pizzas,1 slice,162,7.5,17.2,7.0,3.0,,1.05,3.3,1.0,679,,,,,,,false,true,,,Per slice; per pizza the guide prints 1617 kcal
new-yorker-thin-and-crispy-crust-medium-reduced-fat-mozzarella,"New Yorker, Thin & Crispy Crust - Medium (reduced fat mozzarella)",Thin & crispy crust pizzas,1 slice,160,8.2,16.4,6.9,2.9,,1.05,3.2,1.3,672,,,,,,,false,true,,,Per slice; per pizza the guide prints 1281 kcal
new-yorker-thin-and-crispy-crust-personal-reduced-fat-mozzarella,"New Yorker, Thin & Crispy Crust - Personal (reduced fat mozzarella)",Thin & crispy crust pizzas,1 slice,96,5.0,9.1,4.4,2.0,,0.65,1.1,0.7,404,,,,,,,false,true,,,Per slice; per pizza the guide prints 384 kcal
original-cheese-and-tomato-thin-and-crispy-crust-large,"Original Cheese and Tomato, Thin & Crispy Crust - Large",Thin & crispy crust pizzas,1 slice,161,6.6,17.3,7.2,3.9,,0.62,3.3,1.1,674,,,,,,,false,true,,,Per slice; per pizza the guide prints 1607 kcal
original-cheese-and-tomato-thin-and-crispy-crust-medium,"Original Cheese and Tomato, Thin & Crispy Crust - Medium",Thin & crispy crust pizzas,1 slice,157,7.1,16.4,6.9,3.7,,0.80,3.0,0.9,656,,,,,,,false,true,,,Per slice; per pizza the guide prints 1252 kcal
original-cheese-and-tomato-thin-and-crispy-crust-personal,"Original Cheese and Tomato, Thin & Crispy Crust - Personal",Thin & crispy crust pizzas,1 slice,80,3.7,8.8,3.3,1.8,,0.43,1.1,0.6,335,,,,,,,false,true,,,Per slice; per pizza the guide prints 319 kcal
original-cheese-and-tomato-thin-and-crispy-crust-large-reduced-fat-mozzarella,"Original Cheese and Tomato, Thin & Crispy Crust - Large (reduced fat mozzarella)",Thin & crispy crust pizzas,1 slice,138,7.0,17.4,4.5,2.3,,0.72,3.3,0.9,579,,,,,,,false,true,,,Per slice; per pizza the guide prints 1376 kcal
original-cheese-and-tomato-thin-and-crispy-crust-medium-reduced-fat-mozzarella,"Original Cheese and Tomato, Thin & Crispy Crust - Medium (reduced fat mozzarella)",Thin & crispy crust pizzas,1 slice,135,7.5,16.5,4.3,2.1,,0.72,3.2,1.2,567,,,,,,,false,true,,,Per slice; per pizza the guide prints 1078 kcal
original-cheese-and-tomato-thin-and-crispy-crust-personal-reduced-fat-mozzarella,"Original Cheese and Tomato, Thin & Crispy Crust - Personal (reduced fat mozzarella)",Thin & crispy crust pizzas,1 slice,74,4.2,9.2,2.3,1.2,,0.43,1.1,0.6,312,,,,,,,false,true,,,Per slice; per pizza the guide prints 297 kcal
pepperoni-passion-thin-and-crispy-crust-large,"Pepperoni Passion, Thin & Crispy Crust - Large",Thin & crispy crust pizzas,1 slice,207,8.5,17.4,11.5,5.6,,1.05,3.3,1.1,867,,,,,,contains_pork,false,true,,,Per slice; per pizza the guide prints 2074 kcal
pepperoni-passion-thin-and-crispy-crust-medium,"Pepperoni Passion, Thin & Crispy Crust - Medium",Thin & crispy crust pizzas,1 slice,203,9.0,16.5,11.2,5.4,,1.23,3.1,0.9,849,,,,,,contains_pork,false,true,,,Per slice; per pizza the guide prints 1625 kcal
pepperoni-passion-thin-and-crispy-crust-personal,"Pepperoni Passion, Thin & Crispy Crust - Personal",Thin & crispy crust pizzas,1 slice,118,5.3,8.9,6.8,3.2,,0.75,1.1,0.6,494,,,,,,contains_pork,false,true,,,Per slice; per pizza the guide prints 470 kcal
pepperoni-passion-thin-and-crispy-crust-large-reduced-fat-mozzarella,"Pepperoni Passion, Thin & Crispy Crust - Large (reduced fat mozzarella)",Thin & crispy crust pizzas,1 slice,184,8.9,17.5,8.8,4.0,,1.15,3.4,0.9,772,,,,,,contains_pork,false,true,,,Per slice; per pizza the guide prints 1842 kcal
pepperoni-passion-thin-and-crispy-crust-medium-reduced-fat-mozzarella,"Pepperoni Passion, Thin & Crispy Crust - Medium (reduced fat mozzarella)",Thin & crispy crust pizzas,1 slice,182,9.4,16.6,8.6,3.8,,1.14,3.3,1.2,762,,,,,,contains_pork,false,true,,,Per slice; per pizza the guide prints 1454 kcal
pepperoni-passion-thin-and-crispy-crust-personal-reduced-fat-mozzarella,"Pepperoni Passion, Thin & Crispy Crust - Personal (reduced fat mozzarella)",Thin & crispy crust pizzas,1 slice,114,5.7,9.2,6.0,2.8,,0.75,1.1,0.6,477,,,,,,contains_pork,false,true,,,Per slice; per pizza the guide prints 454 kcal
ranch-bbq-thin-and-crispy-crust-large,"Ranch BBQ, Thin & Crispy Crust - Large",Thin & crispy crust pizzas,1 slice,199,9.5,19.0,9.4,4.4,,1.16,7.9,1.7,833,,,,,,,false,true,,,Per slice; per pizza the guide prints 1986 kcal
ranch-bbq-thin-and-crispy-crust-medium,"Ranch BBQ, Thin & Crispy Crust - Medium",Thin & crispy crust pizzas,1 slice,189,7.4,19.7,8.9,4.2,,1.12,7.4,1.6,790,,,,,,,false,true,,,Per slice; per pizza the guide prints 1508 kcal
ranch-bbq-thin-and-crispy-crust-personal,"Ranch BBQ, Thin & Crispy Crust - Personal",Thin & crispy crust pizzas,1 slice,119,5.2,12.0,5.5,2.5,,0.63,3.6,0.5,498,,,,,,,false,true,,,Per slice; per pizza the guide prints 476 kcal
ranch-bbq-thin-and-crispy-crust-large-reduced-fat-mozzarella,"Ranch BBQ, Thin & Crispy Crust - Large (reduced fat mozzarella)",Thin & crispy crust pizzas,1 slice,185,9.3,20.7,7.2,3.1,,1.13,7.9,1.5,779,,,,,,,false,true,,,Per slice; per pizza the guide prints 1854 kcal
ranch-bbq-thin-and-crispy-crust-medium-reduced-fat-mozzarella,"Ranch BBQ, Thin & Crispy Crust - Medium (reduced fat mozzarella)",Thin & crispy crust pizzas,1 slice,182,6.6,23.0,7.1,2.9,,1.21,7.7,1.0,763,,,,,,,false,true,,,Per slice; per pizza the guide prints 1453 kcal
ranch-bbq-thin-and-crispy-crust-personal-reduced-fat-mozzarella,"Ranch BBQ, Thin & Crispy Crust - Personal (reduced fat mozzarella)",Thin & crispy crust pizzas,1 slice,115,5.5,12.3,4.7,2.1,,0.63,3.6,0.5,480,,,,,,,false,true,,,Per slice; per pizza the guide prints 459 kcal
scrummy-thin-and-crispy-crust-large,"Scrummy™, Thin & Crispy Crust - Large",Thin & crispy crust pizzas,1 slice,209,9.4,18.1,11.0,5.0,,1.87,3.4,1.3,874,,,,,,,false,true,,,Per slice; per pizza the guide prints 2088 kcal
scrummy-thin-and-crispy-crust-medium,"Scrummy™, Thin & Crispy Crust - Medium",Thin & crispy crust pizzas,1 slice,205,9.9,17.2,10.7,4.8,,2.00,3.2,1.1,856,,,,,,,false,true,,,Per slice; per pizza the guide prints 1636 kcal
scrummy-thin-and-crispy-crust-personal,"Scrummy™, Thin & Crispy Crust - Personal",Thin & crispy crust pizzas,1 slice,132,6.7,9.5,7.4,3.3,,1.38,1.2,0.8,550,,,,,,,false,true,,,Per slice; per pizza the guide prints 526 kcal
scrummy-thin-and-crispy-crust-large-reduced-fat-mozzarella,"Scrummy™, Thin & Crispy Crust - Large (reduced fat mozzarella)",Thin & crispy crust pizzas,1 slice,189,9.5,17.9,8.9,3.7,,1.97,3.5,1.1,794,,,,,,,false,true,,,Per slice; per pizza the guide prints 1893 kcal
scrummy-thin-and-crispy-crust-medium-reduced-fat-mozzarella,"Scrummy™, Thin & Crispy Crust - Medium (reduced fat mozzarella)",Thin & crispy crust pizzas,1 slice,186,10.0,17.1,8.7,3.5,,1.92,3.4,1.4,780,,,,,,,false,true,,,Per slice; per pizza the guide prints 1489 kcal
scrummy-thin-and-crispy-crust-personal-reduced-fat-mozzarella,"Scrummy™, Thin & Crispy Crust - Personal (reduced fat mozzarella)",Thin & crispy crust pizzas,1 slice,128,7.0,9.8,6.7,2.8,,1.38,1.2,0.8,534,,,,,,,false,true,,,Per slice; per pizza the guide prints 510 kcal
dominos-tandoori-hot-thin-and-crispy-crust-large,"Dominos Tandoori Hot®, Thin & Crispy Crust - Large",Thin & crispy crust pizzas,1 slice,151,6.8,18.0,5.8,2.9,,1.69,3.6,1.3,635,,,,,,,false,true,,,Per slice; per pizza the guide prints 1510 kcal
dominos-tandoori-hot-thin-and-crispy-crust-medium,"Dominos Tandoori Hot®, Thin & Crispy Crust - Medium",Thin & crispy crust pizzas,1 slice,148,7.4,17.0,5.6,2.9,,1.80,3.3,1.2,623,,,,,,,false,true,,,Per slice; per pizza the guide prints 1185 kcal
dominos-tandoori-hot-thin-and-crispy-crust-personal,"Dominos Tandoori Hot®, Thin & Crispy Crust - Personal",Thin & crispy crust pizzas,1 slice,78,4.2,9.2,2.7,1.4,,1.10,1.3,0.8,328,,,,,,,false,true,,,Per slice; per pizza the guide prints 312 kcal
dominos-tandoori-hot-thin-and-crispy-crust-large-reduced-fat-mozzarella,"Dominos Tandoori Hot®, Thin & Crispy Crust - Large (reduced fat mozzarella)",Thin & crispy crust pizzas,1 slice,132,6.9,17.8,3.7,1.7,,1.78,3.7,1.2,555,,,,,,,false,true,,,Per slice; per pizza the guide prints 1316 kcal
dominos-tandoori-hot-thin-and-crispy-crust-medium-reduced-fat-mozzarella,"Dominos Tandoori Hot®, Thin & Crispy Crust - Medium (reduced fat mozzarella)",Thin & crispy crust pizzas,1 slice,129,7.5,16.9,3.6,1.6,,1.71,3.5,1.5,546,,,,,,,false,true,,,Per slice; per pizza the guide prints 1035 kcal
dominos-tandoori-hot-thin-and-crispy-crust-personal-reduced-fat-mozzarella,"Dominos Tandoori Hot®, Thin & Crispy Crust - Personal (reduced fat mozzarella)",Thin & crispy crust pizzas,1 slice,74,4.5,9.5,2.0,1.0,,1.10,1.3,0.8,312,,,,,,,false,true,,,Per slice; per pizza the guide prints 296 kcal
tandoori-sizzler-thin-and-crispy-crust-large,"Tandoori Sizzler, Thin & Crispy Crust - Large",Thin & crispy crust pizzas,1 slice,115,5.4,13.7,4.3,2.2,,1.27,3.0,1.0,483,,,,,,,false,true,,,Per slice; per pizza the guide prints 1150 kcal
tandoori-sizzler-thin-and-crispy-crust-medium,"Tandoori Sizzler, Thin & Crispy Crust - Medium",Thin & crispy crust pizzas,1 slice,147,7.2,17.1,5.6,2.8,,1.48,3.5,1.1,618,,,,,,,false,true,,,Per slice; per pizza the guide prints 1177 kcal
tandoori-sizzler-thin-and-crispy-crust-personal,"Tandoori Sizzler, Thin & Crispy Crust - Personal",Thin & crispy crust pizzas,1 slice,78,4.0,9.3,2.7,1.4,,0.93,1.4,0.8,326,,,,,,,false,true,,,Per slice; per pizza the guide prints 311 kcal
tandoori-sizzler-thin-and-crispy-crust-large-reduced-fat-mozzarella,"Tandoori Sizzler, Thin & Crispy Crust - Large (reduced fat mozzarella)",Thin & crispy crust pizzas,1 slice,131,6.7,17.9,3.6,1.6,,1.49,3.8,1.2,551,,,,,,,false,true,,,Per slice; per pizza the guide prints 1308 kcal
tandoori-sizzler-thin-and-crispy-crust-medium-reduced-fat-mozzarella,"Tandoori Sizzler, Thin & Crispy Crust - Medium (reduced fat mozzarella)",Thin & crispy crust pizzas,1 slice,129,7.2,17.0,3.5,1.5,,1.40,3.7,1.4,544,,,,,,,false,true,,,Per slice; per pizza the guide prints 1031 kcal
tandoori-sizzler-thin-and-crispy-crust-personal-reduced-fat-mozzarella,"Tandoori Sizzler, Thin & Crispy Crust - Personal (reduced fat mozzarella)",Thin & crispy crust pizzas,1 slice,74,4.4,9.5,2.0,1.0,,0.93,1.4,0.8,310,,,,,,,false,true,,,Per slice; per pizza the guide prints 294 kcal
texas-bbq-thin-and-crispy-crust-large,"Texas BBQ, Thin & Crispy Crust - Large",Thin & crispy crust pizzas,1 slice,166,7.9,19.1,6.4,3.2,,0.87,8.2,1.7,695,,,,,,,false,true,,,Per slice; per pizza the guide prints 1655 kcal
texas-bbq-thin-and-crispy-crust-medium,"Texas BBQ, Thin & Crispy Crust - Medium",Thin & crispy crust pizzas,1 slice,158,6.0,19.8,6.1,3.1,,0.85,7.7,1.7,665,,,,,,,false,true,,,Per slice; per pizza the guide prints 1265 kcal
texas-bbq-thin-and-crispy-crust-personal,"Texas BBQ, Thin & Crispy Crust - Personal",Thin & crispy crust pizzas,1 slice,104,4.4,12.1,4.1,2.0,,0.50,3.8,0.5,434,,,,,,,false,true,,,Per slice; per pizza the guide prints 414 kcal
texas-bbq-thin-and-crispy-crust-large-reduced-fat-mozzarella,"Texas BBQ, Thin & Crispy Crust - Large (reduced fat mozzarella)",Thin & crispy crust pizzas,1 slice,152,7.7,20.8,4.2,1.8,,0.84,8.1,1.6,641,,,,,,,false,true,,,Per slice; per pizza the guide prints 1520 kcal
texas-bbq-thin-and-crispy-crust-medium-reduced-fat-mozzarella,"Texas BBQ, Thin & Crispy Crust - Medium (reduced fat mozzarella)",Thin & crispy crust pizzas,1 slice,151,5.2,23.1,4.2,1.7,,0.94,8.0,1.0,634,,,,,,,false,true,,,Per slice; per pizza the guide prints 1204 kcal
texas-bbq-thin-and-crispy-crust-personal-reduced-fat-mozzarella,"Texas BBQ, Thin & Crispy Crust - Personal (reduced fat mozzarella)",Thin & crispy crust pizzas,1 slice,100,4.8,12.3,3.3,1.5,,0.50,3.8,0.5,416,,,,,,,false,true,,,Per slice; per pizza the guide prints 398 kcal
the-cheeseburger-thin-and-crispy-crust-large,"The Cheeseburger, Thin & Crispy Crust - Large",Thin & crispy crust pizzas,1 slice,180,6.8,19.3,8.3,3.6,,0.88,4.5,1.4,753,,,,,,,false,true,,,Per slice; per pizza the guide prints 1795 kcal
the-cheeseburger-thin-and-crispy-crust-medium,"The Cheeseburger, Thin & Crispy Crust - Medium",Thin & crispy crust pizzas,1 slice,173,7.3,18.2,7.9,3.5,,1.05,4.2,1.1,726,,,,,,,false,true,,,Per slice; per pizza the guide prints 1385 kcal
the-cheeseburger-thin-and-crispy-crust-personal,"The Cheeseburger, Thin & Crispy Crust - Personal",Thin & crispy crust pizzas,1 slice,177,5.8,25.6,5.5,2.4,,0.85,4.3,1.3,744,,,,,,,false,true,,,Per slice; per pizza the guide prints 706 kcal
the-cheeseburger-thin-and-crispy-crust-large-reduced-fat-mozzarella,"The Cheeseburger, Thin & Crispy Crust - Large (reduced fat mozzarella)",Thin & crispy crust pizzas,1 slice,160,6.9,19.1,6.2,2.3,,0.97,4.6,1.2,673,,,,,,,false,true,,,Per slice; per pizza the guide prints 1602 kcal
the-cheeseburger-thin-and-crispy-crust-medium-reduced-fat-mozzarella,"The Cheeseburger, Thin & Crispy Crust - Medium (reduced fat mozzarella)",Thin & crispy crust pizzas,1 slice,155,7.4,18.1,5.8,2.2,,0.96,4.4,1.4,650,,,,,,,false,true,,,Per slice; per pizza the guide prints 1238 kcal
the-cheeseburger-thin-and-crispy-crust-personal-reduced-fat-mozzarella,"The Cheeseburger, Thin & Crispy Crust - Personal (reduced fat mozzarella)",Thin & crispy crust pizzas,1 slice,165,6.4,23.7,4.6,1.7,,0.88,4.3,1.6,695,,,,,,,false,true,,,Per slice; per pizza the guide prints 660 kcal
the-meatfielder-thin-and-crispy-crust-large,"The Meatfielder, Thin & Crispy Crust - Large",Thin & crispy crust pizzas,1 slice,206,8.2,17.9,11.3,5.1,,1.06,3.4,1.2,863,,,,,,,false,true,,,Per slice; per pizza the guide prints 2063 kcal
the-meatfielder-thin-and-crispy-crust-medium,"The Meatfielder, Thin & Crispy Crust - Medium",Thin & crispy crust pizzas,1 slice,202,8.8,16.9,11.0,4.9,,1.23,3.1,1.0,844,,,,,,,false,true,,,Per slice; per pizza the guide prints 1615 kcal
the-meatfielder-thin-and-crispy-crust-personal,"The Meatfielder, Thin & Crispy Crust - Personal",Thin & crispy crust pizzas,1 slice,130,5.9,9.4,7.6,3.3,,0.85,1.2,0.7,542,,,,,,,false,true,,,Per slice; per pizza the guide prints 519 kcal
the-meatfielder-thin-and-crispy-crust-large-reduced-fat-mozzarella,"The Meatfielder, Thin & Crispy Crust - Large (reduced fat mozzarella)",Thin & crispy crust pizzas,1 slice,187,8.2,17.7,9.2,3.8,,1.15,3.4,1.1,781,,,,,,,false,true,,,Per slice; per pizza the guide prints 1865 kcal
the-meatfielder-thin-and-crispy-crust-medium-reduced-fat-mozzarella,"The Meatfielder, Thin & Crispy Crust - Medium (reduced fat mozzarella)",Thin & crispy crust pizzas,1 slice,202,9.8,17.0,10.6,4.3,,1.30,3.4,1.4,845,,,,,,,false,true,,,Per slice; per pizza the guide prints 1616 kcal
the-meatfielder-thin-and-crispy-crust-personal-reduced-fat-mozzarella,"The Meatfielder, Thin & Crispy Crust - Personal (reduced fat mozzarella)",Thin & crispy crust pizzas,1 slice,126,6.3,9.6,6.9,2.9,,0.85,1.2,0.7,526,,,,,,,false,true,,,Per slice; per pizza the guide prints 503 kcal
the-sizzler-thin-and-crispy-crust-large,"The Sizzler, Thin & Crispy Crust - Large",Thin & crispy crust pizzas,1 slice,177,8.0,16.5,8.8,3.8,,2.02,3.3,1.9,743,,,,,,,false,true,,,Per slice; per pizza the guide prints 1774 kcal
the-sizzler-thin-and-crispy-crust-medium,"The Sizzler, Thin & Crispy Crust - Medium",Thin & crispy crust pizzas,1 slice,176,6.4,18.1,8.6,3.7,,1.94,3.2,1.6,737,,,,,,,false,true,,,Per slice; per pizza the guide prints 1407 kcal
the-sizzler-thin-and-crispy-crust-personal,"The Sizzler, Thin & Crispy Crust - Personal",Thin & crispy crust pizzas,1 slice,103,4.6,10.2,4.7,1.9,,1.23,1.4,0.7,429,,,,,,,false,true,,,Per slice; per pizza the guide prints 410 kcal
the-sizzler-thin-and-crispy-crust-large-reduced-fat-mozzarella,"The Sizzler, Thin & Crispy Crust - Large (reduced fat mozzarella)",Thin & crispy crust pizzas,1 slice,160,8.6,15.9,6.9,2.5,,2.00,4.0,2.0,673,,,,,,,false,true,,,Per slice; per pizza the guide prints 1604 kcal
the-sizzler-thin-and-crispy-crust-medium-reduced-fat-mozzarella,"The Sizzler, Thin & Crispy Crust - Medium (reduced fat mozzarella)",Thin & crispy crust pizzas,1 slice,167,9.5,16.6,7.0,2.5,,1.97,3.7,1.4,700,,,,,,,false,true,,,Per slice; per pizza the guide prints 1333 kcal
the-sizzler-thin-and-crispy-crust-personal-reduced-fat-mozzarella,"The Sizzler, Thin & Crispy Crust - Personal (reduced fat mozzarella)",Thin & crispy crust pizzas,1 slice,99,5.0,10.5,4.0,1.5,,1.23,1.4,0.7,412,,,,,,,false,true,,,Per slice; per pizza the guide prints 394 kcal
the-ultimate-hot-honey-pepperoni-thin-and-crispy-crust-large,"The Ultimate Hot Honey Pepperoni, Thin & Crispy Crust - Large",Thin & crispy crust pizzas,1 slice,181,6.5,19.1,8.8,4.1,,0.85,4.9,1.1,759,,,,,,contains_pork,false,true,,,Per slice; per pizza the guide prints 1811 kcal
the-ultimate-hot-honey-pepperoni-thin-and-crispy-crust-medium,"The Ultimate Hot Honey Pepperoni, Thin & Crispy Crust - Medium",Thin & crispy crust pizzas,1 slice,179,7.1,18.1,8.6,4.0,,1.03,4.5,0.9,748,,,,,,contains_pork,false,true,,,Per slice; per pizza the guide prints 1429 kcal
the-ultimate-hot-honey-pepperoni-thin-and-crispy-crust-personal,"The Ultimate Hot Honey Pepperoni, Thin & Crispy Crust - Personal",Thin & crispy crust pizzas,1 slice,98,4.0,10.0,4.7,2.2,,0.59,2.1,0.6,412,,,,,,contains_pork,false,true,,,Per slice; per pizza the guide prints 393 kcal
the-ultimate-hot-honey-pepperoni-thin-and-crispy-crust-large-reduced-fat-mozzarella,"The Ultimate Hot Honey Pepperoni, Thin & Crispy Crust - Large (reduced fat mozzarella)",Thin & crispy crust pizzas,1 slice,162,6.5,19.0,6.6,2.8,,0.94,4.9,0.9,679,,,,,,contains_pork,false,true,,,Per slice; per pizza the guide prints 1617 kcal
the-ultimate-hot-honey-pepperoni-thin-and-crispy-crust-medium-reduced-fat-mozzarella,"The Ultimate Hot Honey Pepperoni, Thin & Crispy Crust - Medium (reduced fat mozzarella)",Thin & crispy crust pizzas,1 slice,160,7.2,18.0,6.6,2.7,,0.95,4.7,1.2,672,,,,,,contains_pork,false,true,,,Per slice; per pizza the guide prints 1280 kcal
the-ultimate-hot-honey-pepperoni-thin-and-crispy-crust-personal-reduced-fat-mozzarella,"The Ultimate Hot Honey Pepperoni, Thin & Crispy Crust - Personal (reduced fat mozzarella)",Thin & crispy crust pizzas,1 slice,94,4.375,10.2,4.0,1.8,,0.59,2.1,0.6,396,,,,,,contains_pork,false,true,,,Per slice; per pizza the guide prints 377 kcal
the-ultimate-hot-honey-nduja-pepperoni-thin-and-crispy-crust-large,"The Ultimate Hot Honey Nduja Pepperoni, Thin & Crispy Crust - Large",Thin & crispy crust pizzas,1 slice,200,7.3,19.2,10.5,4.8,,0.98,4.9,1.1,837,,,,,,contains_pork,false,true,,,Per slice; per pizza the guide prints 1999 kcal
the-ultimate-hot-honey-nduja-pepperoni-thin-and-crispy-crust-medium,"The Ultimate Hot Honey Nduja Pepperoni, Thin & Crispy Crust - Medium",Thin & crispy crust pizzas,1 slice,195,7.9,18.1,10.1,4.6,,1.15,4.5,0.9,817,,,,,,contains_pork,false,true,,,Per slice; per pizza the guide prints 1562 kcal
the-ultimate-hot-honey-nduja-pepperoni-thin-and-crispy-crust-personal,"The Ultimate Hot Honey Nduja Pepperoni, Thin & Crispy Crust - Personal",Thin & crispy crust pizzas,1 slice,110,4.5,10.0,5.8,2.7,,0.68,2.1,0.6,462,,,,,,contains_pork,false,true,,,Per slice; per pizza the guide prints 441 kcal
the-ultimate-hot-honey-nduja-pepperoni-thin-and-crispy-crust-large-reduced-fat-mozzarella,"The Ultimate Hot Honey Nduja Pepperoni, Thin & Crispy Crust - Large (reduced fat mozzarella)",Thin & crispy crust pizzas,1 slice,181,7.4,19.0,8.4,3.5,,1.08,4.9,0.9,757,,,,,,contains_pork,false,true,,,Per slice; per pizza the guide prints 1806 kcal
the-ultimate-hot-honey-nduja-pepperoni-thin-and-crispy-crust-medium-reduced-fat-mozzarella,"The Ultimate Hot Honey Nduja Pepperoni, Thin & Crispy Crust - Medium (reduced fat mozzarella)",Thin & crispy crust pizzas,1 slice,177,8.0,18.1,8.1,3.3,,1.07,4.7,1.2,743,,,,,,contains_pork,false,true,,,Per slice; per pizza the guide prints 1417 kcal
the-ultimate-hot-honey-nduja-pepperoni-thin-and-crispy-crust-personal-reduced-fat-mozzarella,"The Ultimate Hot Honey Nduja Pepperoni, Thin & Crispy Crust - Personal (reduced fat mozzarella)",Thin & crispy crust pizzas,1 slice,106,4.9,10.2,5.1,2.2,,0.68,2.1,0.6,444,,,,,,contains_pork,false,true,,,Per slice; per pizza the guide prints 424 kcal
the-ultimate-honey-chilli-chicken-thin-and-crispy-crust-large,"The Ultimate Honey Chilli Chicken, Thin & Crispy Crust - Large",Thin & crispy crust pizzas,1 slice,161,6.2,20.3,5.8,2.9,,0.66,5.5,1.4,674,,,,,,,false,true,,,Per slice; per pizza the guide prints 1607 kcal
the-ultimate-honey-chilli-chicken-thin-and-crispy-crust-medium,"The Ultimate Honey Chilli Chicken, Thin & Crispy Crust - Medium",Thin & crispy crust pizzas,1 slice,157,6.8,19.1,5.6,2.8,,0.83,5.1,1.2,657,,,,,,,false,true,,,Per slice; per pizza the guide prints 1253 kcal
the-ultimate-honey-chilli-chicken-thin-and-crispy-crust-personal,"The Ultimate Honey Chilli Chicken, Thin & Crispy Crust - Personal",Thin & crispy crust pizzas,1 slice,84,3.8,10.7,2.8,1.4,,0.47,2.5,0.8,352,,,,,,,false,true,,,Per slice; per pizza the guide prints 337 kcal
the-ultimate-honey-chilli-chicken-thin-and-crispy-crust-large-reduced-fat-mozzarella,"The Ultimate Honey Chilli Chicken, Thin & Crispy Crust - Large (reduced fat mozzarella)",Thin & crispy crust pizzas,1 slice,141,6.3,20.1,3.7,1.6,,0.75,5.6,1.2,593,,,,,,,false,true,,,Per slice; per pizza the guide prints 1410 kcal
the-ultimate-honey-chilli-chicken-thin-and-crispy-crust-medium-reduced-fat-mozzarella,"The Ultimate Honey Chilli Chicken, Thin & Crispy Crust - Medium (reduced fat mozzarella)",Thin & crispy crust pizzas,1 slice,139,6.9,19.1,3.6,1.5,,0.75,5.3,1.5,583,,,,,,,false,true,,,Per slice; per pizza the guide prints 1109 kcal
the-ultimate-honey-chilli-chicken-thin-and-crispy-crust-personal-reduced-fat-mozzarella,"The Ultimate Honey Chilli Chicken, Thin & Crispy Crust - Personal (reduced fat mozzarella)",Thin & crispy crust pizzas,1 slice,80,4.175,10.9,2.0,1.0,,0.36,2.5,0.8,335,,,,,,,false,true,,,Per slice; per pizza the guide prints 320 kcal
tuna-supreme-thin-and-crispy-crust-large,"Tuna Supreme, Thin & Crispy Crust - Large",Thin & crispy crust pizzas,1 slice,156,6.8,18.5,6.2,2.9,,0.64,3.9,1.4,657,,,,,,,false,true,,,Per slice; per pizza the guide prints 1563 kcal
tuna-supreme-thin-and-crispy-crust-medium,"Tuna Supreme, Thin & Crispy Crust - Medium",Thin & crispy crust pizzas,1 slice,151,7.0,17.5,5.9,2.8,,0.79,3.7,1.2,633,,,,,,,false,true,,,Per slice; per pizza the guide prints 1205 kcal
tuna-supreme-thin-and-crispy-crust-personal,"Tuna Supreme, Thin & Crispy Crust - Personal",Thin & crispy crust pizzas,1 slice,81,4.1,9.5,3.0,1.4,,0.45,1.5,0.8,339,,,,,,,false,true,,,Per slice; per pizza the guide prints 323 kcal
tuna-supreme-thin-and-crispy-crust-large-reduced-fat-mozzarella,"Tuna Supreme, Thin & Crispy Crust - Large (reduced fat mozzarella)",Thin & crispy crust pizzas,1 slice,137,6.8,18.3,4.1,1.6,,0.74,4.0,1.3,576,,,,,,,false,true,,,Per slice; per pizza the guide prints 1368 kcal
tuna-supreme-thin-and-crispy-crust-medium-reduced-fat-mozzarella,"Tuna Supreme, Thin & Crispy Crust - Medium (reduced fat mozzarella)",Thin & crispy crust pizzas,1 slice,132,7.1,17.4,3.8,1.5,,0.71,3.9,1.5,558,,,,,,,false,true,,,Per slice; per pizza the guide prints 1059 kcal
tuna-supreme-thin-and-crispy-crust-personal-reduced-fat-mozzarella,"Tuna Supreme, Thin & Crispy Crust - Personal (reduced fat mozzarella)",Thin & crispy crust pizzas,1 slice,77,4.5,9.7,2.2,1.0,,0.45,1.5,0.8,323,,,,,,,false,true,,,Per slice; per pizza the guide prints 306 kcal
veg-a-roma-thin-and-crispy-crust-large,"Veg-a-Roma®, Thin & Crispy Crust - Large",Thin & crispy crust pizzas,1 slice,146,5.5,16.4,6.5,2.8,,0.63,3.5,2.0,613,,,,,,,false,true,,,Per slice; per pizza the guide prints 1461 kcal
veg-a-roma-thin-and-crispy-crust-medium,"Veg-a-Roma®, Thin & Crispy Crust - Medium",Thin & crispy crust pizzas,1 slice,145,4.0,18.1,6.3,2.7,,0.62,3.3,1.6,608,,,,,,,false,true,,,Per slice; per pizza the guide prints 1160 kcal
veg-a-roma-thin-and-crispy-crust-personal,"Veg-a-Roma®, Thin & Crispy Crust - Personal",Thin & crispy crust pizzas,1 slice,86,3.2,10.2,3.48,1.43,,0.38,1.5,0.7,359,,,,,,,false,true,,,Per slice; per pizza the guide prints 343 kcal
veg-a-roma-thin-and-crispy-crust-large-reduced-fat-mozzarella,"Veg-a-Roma®, Thin & Crispy Crust - Large (reduced fat mozzarella)",Thin & crispy crust pizzas,1 slice,129,6.0,15.8,4.6,1.5,,0.60,4.1,2.0,541,,,,,,,false,true,,,Per slice; per pizza the guide prints 1286 kcal
veg-a-roma-thin-and-crispy-crust-medium-reduced-fat-mozzarella,"Veg-a-Roma®, Thin & Crispy Crust - Medium (reduced fat mozzarella)",Thin & crispy crust pizzas,1 slice,136,7.0,16.5,4.7,1.5,,0.65,3.9,1.5,572,,,,,,,false,true,,,Per slice; per pizza the guide prints 1088 kcal
veg-a-roma-thin-and-crispy-crust-personal-reduced-fat-mozzarella,"Veg-a-Roma®, Thin & Crispy Crust - Personal (reduced fat mozzarella)",Thin & crispy crust pizzas,1 slice,82,3.6,10.4,2.8,1.0,,0.38,1.6,0.7,342,,,,,,,false,true,,,Per slice; per pizza the guide prints 327 kcal
vegi-classic-thin-and-crispy-crust-large,"Vegi Classic, Thin & Crispy Crust - Large",Thin & crispy crust pizzas,1 slice,142,5.2,17.9,5.6,2.8,,0.51,3.7,1.3,596,,,,,,,false,true,,,Per slice; per pizza the guide prints 1418 kcal
vegi-classic-thin-and-crispy-crust-medium,"Vegi Classic, Thin & Crispy Crust - Medium",Thin & crispy crust pizzas,1 slice,139,5.8,16.9,5.4,2.8,,0.69,3.4,1.1,586,,,,,,,false,true,,,Per slice; per pizza the guide prints 1115 kcal
vegi-classic-thin-and-crispy-crust-personal-2,"Vegi Classic, Thin & Crispy Crust - Personal",Thin & crispy crust pizzas,1 slice,72,3.1,9.2,2.6,1.4,,0.38,1.3,0.8,304,,,,,,,false,true,,,Per slice; per pizza the guide prints 289 kcal
vegi-classic-thin-and-crispy-crust-large-reduced-fat-mozzarella,"Vegi Classic, Thin & Crispy Crust - Large (reduced fat mozzarella)",Thin & crispy crust pizzas,1 slice,123,5.2,17.7,3.5,1.6,,0.60,3.8,1.2,518,,,,,,,false,true,,,Per slice; per pizza the guide prints 1228 kcal
vegi-classic-thin-and-crispy-crust-medium-reduced-fat-mozzarella,"Vegi Classic, Thin & Crispy Crust - Medium (reduced fat mozzarella)",Thin & crispy crust pizzas,1 slice,121,5.9,16.8,3.4,1.5,,0.61,3.6,1.4,511,,,,,,,false,true,,,Per slice; per pizza the guide prints 969 kcal
vegi-classic-thin-and-crispy-crust-personal-reduced-fat-mozzarella,"Vegi Classic, Thin & Crispy Crust - Personal (reduced fat mozzarella)",Thin & crispy crust pizzas,1 slice,68,3.5,9.4,1.9,0.9,,0.38,1.3,0.8,288,,,,,,,false,true,,,Per slice; per pizza the guide prints 273 kcal
vegi-sizzler-thin-and-crispy-crust-large,"Vegi Sizzler, Thin & Crispy Crust - Large",Thin & crispy crust pizzas,1 slice,142,5.2,17.8,5.6,2.8,,0.51,3.7,1.2,598,,,,,,,false,true,,,Per slice; per pizza the guide prints 1424 kcal
vegi-sizzler-thin-and-crispy-crust-medium,"Vegi Sizzler, Thin & Crispy Crust - Medium",Thin & crispy crust pizzas,1 slice,139,5.9,16.9,5.4,2.8,,0.70,3.4,1.1,586,,,,,,,false,true,,,Per slice; per pizza the guide prints 1115 kcal
vegi-sizzler-thin-and-crispy-crust-personal,"Vegi Sizzler, Thin & Crispy Crust - Personal",Thin & crispy crust pizzas,1 slice,72,3.1,9.1,2.6,1.4,,0.38,1.3,0.7,304,,,,,,,false,true,,,Per slice; per pizza the guide prints 289 kcal
vegi-sizzler-thin-and-crispy-crust-large-reduced-fat-mozzarella,"Vegi Sizzler, Thin & Crispy Crust - Large (reduced fat mozzarella)",Thin & crispy crust pizzas,1 slice,123,5.3,17.6,3.5,1.5,,0.60,3.8,1.1,517,,,,,,,false,true,,,Per slice; per pizza the guide prints 1228 kcal
vegi-sizzler-thin-and-crispy-crust-medium-reduced-fat-mozzarella,"Vegi Sizzler, Thin & Crispy Crust - Medium (reduced fat mozzarella)",Thin & crispy crust pizzas,1 slice,121,6.0,16.8,3.4,1.5,,0.61,3.6,1.3,512,,,,,,,false,true,,,Per slice; per pizza the guide prints 971 kcal
vegi-sizzler-thin-and-crispy-crust-personal-reduced-fat-mozzarella,"Vegi Sizzler, Thin & Crispy Crust - Personal (reduced fat mozzarella)",Thin & crispy crust pizzas,1 slice,68,3.5,9.4,1.9,0.9,,0.38,1.3,0.7,288,,,,,,,false,true,,,Per slice; per pizza the guide prints 273 kcal
vegi-supreme-thin-and-crispy-crust-large,"Vegi Supreme, Thin & Crispy Crust - Large",Thin & crispy crust pizzas,1 slice,145,5.3,18.4,5.6,2.8,,0.51,4.0,1.4,610,,,,,,,false,true,,,Per slice; per pizza the guide prints 1453 kcal
vegi-supreme-thin-and-crispy-crust-medium,"Vegi Supreme, Thin & Crispy Crust - Medium",Thin & crispy crust pizzas,1 slice,142,5.9,17.3,5.5,2.8,,0.69,3.6,1.2,597,,,,,,,false,true,,,Per slice; per pizza the guide prints 1137 kcal
vegi-supreme-thin-and-crispy-crust-personal,"Vegi Supreme, Thin & Crispy Crust - Personal",Thin & crispy crust pizzas,1 slice,74,3.2,9.4,2.6,1.4,,0.38,1.5,0.8,311,,,,,,,false,true,,,Per slice; per pizza the guide prints 296 kcal
vegi-supreme-thin-and-crispy-crust-large-reduced-fat-mozzarella,"Vegi Supreme, Thin & Crispy Crust - Large (reduced fat mozzarella)",Thin & crispy crust pizzas,1 slice,126,5.3,18.2,3.5,1.6,,0.60,4.0,1.3,530,,,,,,,false,true,,,Per slice; per pizza the guide prints 1258 kcal
vegi-supreme-thin-and-crispy-crust-medium-reduced-fat-mozzarella,"Vegi Supreme, Thin & Crispy Crust - Medium (reduced fat mozzarella)",Thin & crispy crust pizzas,1 slice,124,6.0,17.2,3.4,1.5,,0.61,3.8,1.5,522,,,,,,,false,true,,,Per slice; per pizza the guide prints 990 kcal
vegi-supreme-thin-and-crispy-crust-personal-reduced-fat-mozzarella,"Vegi Supreme, Thin & Crispy Crust - Personal (reduced fat mozzarella)",Thin & crispy crust pizzas,1 slice,70,3.6,9.7,1.9,0.9,,0.38,1.5,0.8,294,,,,,,,false,true,,,Per slice; per pizza the guide prints 279 kcal
vegi-volcano-thin-and-crispy-crust-large,"Vegi Volcano, Thin & Crispy Crust - Large",Thin & crispy crust pizzas,1 slice,164,6.8,16.0,8.2,3.9,,0.85,3.4,1.8,688,,,,,,,false,true,,,Per slice; per pizza the guide prints 1644 kcal
vegi-volcano-thin-and-crispy-crust-medium,"Vegi Volcano, Thin & Crispy Crust - Medium",Thin & crispy crust pizzas,1 slice,162,5.2,17.6,7.9,3.7,,0.82,3.3,1.4,679,,,,,,,false,true,,,Per slice; per pizza the guide prints 1296 kcal
vegi-volcano-thin-and-crispy-crust-personal,"Vegi Volcano, Thin & Crispy Crust - Personal",Thin & crispy crust pizzas,1 slice,95,3.9,9.7,4.4,2.0,,0.50,1.5,0.5,396,,,,,,,false,true,,,Per slice; per pizza the guide prints 378 kcal
vegi-volcano-thin-and-crispy-crust-large-reduced-fat-mozzarella,"Vegi Volcano, Thin & Crispy Crust - Large (reduced fat mozzarella)",Thin & crispy crust pizzas,1 slice,144,7.7,15.6,5.7,2.2,,0.83,4.1,1.9,604,,,,,,,false,true,,,Per slice; per pizza the guide prints 1438 kcal
vegi-volcano-thin-and-crispy-crust-medium-reduced-fat-mozzarella,"Vegi Volcano, Thin & Crispy Crust - Medium (reduced fat mozzarella)",Thin & crispy crust pizzas,1 slice,150,8.6,16.2,5.6,2.2,,0.85,3.8,1.3,629,,,,,,,false,true,,,Per slice; per pizza the guide prints 1197 kcal
vegi-volcano-thin-and-crispy-crust-personal-reduced-fat-mozzarella,"Vegi Volcano, Thin & Crispy Crust - Personal (reduced fat mozzarella)",Thin & crispy crust pizzas,1 slice,91,4.3,9.9,3.7,1.6,,0.50,1.5,0.5,379,,,,,,,false,true,,,Per slice; per pizza the guide prints 362 kcal
chick-n-mix,Chick 'n' Mix,Sides,"as sold, serves 4",738,59.9,31.5,41.4,14.8,,4.8,4.7,5.3,3086,,,,,,,false,true,,,"As sold, serves 4; the guide's per portion figure is 185 kcal"
chicken-kickers-14,Chicken Kickers (14),Sides,"as sold, serves 4",812,61.3,54.3,38.9,13.3,,5.8,2.8,9.1,3401,,,,,,,false,true,,,"As sold, serves 4; the guide's per piece figure is 203 kcal"
chicken-kickers-4,Chicken Kickers (4),Sides,"as sold, serves 1",232,17.5,15.5,11.1,3.8,,1.7,0.8,2.6,972,,,,,,,false,true,,,"As sold, serves 1; the guide's per piece figure is 232 kcal"
chicken-kickers-7,Chicken Kickers (7),Sides,"as sold, serves 2",406,30.6,27.1,19.4,6.7,,2.9,1.4,4.6,1701,,,,,,,false,true,,,"As sold, serves 2; the guide's per piece figure is 203 kcal"
chicken-kickers-combo-fries,Chicken Kickers Combo Fries,Sides,"as sold, serves 4",922,36.4,108.3,38.3,8.2,,3.5,2.2,9.9,3872,,,,,,,false,true,,,"As sold, serves 4; the guide's per portion figure is 231 kcal"
chicken-kickers-combo-wedges-uk,Chicken Kickers Combo Wedges UK,Sides,"as sold, serves 4",643,34.9,65.5,26.8,7.6,,4.6,2.3,9.4,2697,,,,,,,false,true,,,"As sold, serves 4; the guide's per portion figure is 161 kcal"
chicken-strippers-14,Chicken Strippers (14),Sides,"as sold, serves 4",871,72.1,41.6,46.3,20.0,,4.6,7.1,9.0,3644,,,,,,,false,true,,,"As sold, serves 4; the guide's per piece figure is 218 kcal"
chicken-strippers-4,Chicken Strippers (4),Sides,"as sold, serves 1",249,20.6,11.9,13.2,5.7,,1.3,2.0,2.6,1041,,,,,,,false,true,,,"As sold, serves 1; the guide's per piece figure is 249 kcal"
chicken-strippers-7,Chicken Strippers (7),Sides,"as sold, serves 2",436,36.1,20.8,23.1,10.0,,2.3,3.5,4.5,1822,,,,,,,false,true,,,"As sold, serves 2; the guide's per piece figure is 218 kcal"
chicken-strippers-combo-fries,Chicken Strippers Combo Fries,Sides,"as sold, serves 4",952,41.8,102.0,42.0,11.6,,2.9,4.3,9.9,3994,,,,,,,false,true,,,"As sold, serves 4; the guide's per portion figure is 238 kcal"
chicken-strippers-combo-wedges-uk,Chicken Strippers Combo Wedges UK,Sides,"as sold, serves 4",671,40.4,59.1,30.5,10.9,,4.0,4.5,9.4,2813,,,,,,,false,true,,,"As sold, serves 4; the guide's per portion figure is 168 kcal"
chicken-wings-14,Chicken Wings (14),Sides,"as sold, serves 4",902,76.1,14.4,59.9,18.4,,6.6,6.6,0.4,3757,,,,,,,false,true,,,"As sold, serves 4; the guide's per piece figure is 226 kcal"
chicken-wings-4,Chicken Wings (4),Sides,"as sold, serves 1",258,21.8,4.1,17.1,5.3,,1.9,1.9,0.1,1074,,,,,,,false,true,,,"As sold, serves 1; the guide's per piece figure is 258 kcal"
chicken-wings-7,Chicken Wings (7),Sides,"as sold, serves 2",451,38.1,7.2,30.0,9.2,,3.3,3.3,0.2,1879,,,,,,,false,true,,,"As sold, serves 2; the guide's per piece figure is 226 kcal"
chicken-wings-combo-fries,Chicken Wings Combo Fries,Sides,"as sold, serves 4",970,43.8,88.4,48.9,10.8,,3.9,4.1,5.6,4060,,,,,,,false,true,,,"As sold, serves 4; the guide's per portion figure is 243 kcal"
chicken-wings-combo-wedges-uk,Chicken Wings Combo Wedges UK,Sides,"as sold, serves 4",688,42.4,45.6,37.3,10.1,,5.0,4.2,5.1,2878,,,,,,,false,true,,,"As sold, serves 4; the guide's per portion figure is 172 kcal"
coleslaw,Coleslaw,Sides,"as sold, serves 2",290,1.9,12.6,25.8,2.0,,1.6,9.6,1.2,1199,,,,,,,false,true,,,"As sold, serves 2; the guide's per portion figure is 145 kcal"
franks-red-hot-wings-14,Frank's Red Hot Wings (14),Sides,"as sold, serves 4",909,76.4,15.3,60.1,18.4,,9.3,6.7,0.9,3789,,,,,,,false,true,,,"As sold, serves 4; the guide's per piece figure is 227 kcal"
franks-red-hot-wings-4,Frank's Red Hot Wings (4),Sides,"as sold, serves 1",260,21.9,4.5,17.2,5.3,,2.9,1.9,0.3,1084,,,,,,,false,true,,,"As sold, serves 1; the guide's per piece figure is 260 kcal"
franks-red-hot-wings-7,Frank's Red Hot Wings (7),Sides,"as sold, serves 2",455,38.2,7.8,30.1,9.2,,5.1,3.4,0.5,1896,,,,,,,false,true,,,"As sold, serves 2; the guide's per piece figure is 228 kcal"
fries,Fries,Sides,"as sold, serves 2",518,5.8,81.2,18.9,1.6,,0.6,0.8,5.4,2178,,,,,,,false,true,,,"As sold, serves 2; the guide's per portion figure is 259 kcal"
garlic-dippers,Garlic Dippers,Sides,"as sold, serves 2",475,15.3,69.0,15.3,3.9,,1.3,6.9,5.4,1999,,,,,,,false,true,,,"As sold, serves 2; the guide's per portion figure is 238 kcal"
garlic-pizza-bread,Garlic Pizza Bread,Sides,"as sold, serves 2",614,23.8,88.7,18.2,5.9,,1.9,7.7,4.7,2587,,,,,,,false,true,,,"As sold, serves 2; the guide's per portion figure is 307 kcal"
loaded-fries-cheese,Loaded Fries - Cheese,Sides,"as sold, serves 2",561,13.3,76.1,21.3,6.5,,3.4,3.1,6.8,2345,,,,,,,false,true,,,"As sold, serves 2; the guide's per portion figure is 281 kcal"
loaded-fries-cheeseburger,Loaded Fries - Cheeseburger,Sides,"as sold, serves 2",662,16.4,76.2,31.4,8.3,,2.5,7.2,5.2,2771,,,,,,,false,true,,,"As sold, serves 2; the guide's per portion figure is 331 kcal"
loaded-fries-pepperoni-passion,Loaded Fries - Pepperoni Passion,Sides,"as sold, serves 2",737,22.0,77.1,36.7,12.9,,2.7,2.7,4.8,3084,,,,,,contains_pork,false,true,,,"As sold, serves 2; the guide's per portion figure is 369 kcal"
loaded-fries-spicy-sausage,Loaded Fries - Spicy Sausage,Sides,"as sold, serves 2",713,19.8,83.2,33.4,10.8,,3.4,2.1,4.2,2987,,,,,,contains_pork,false,true,,,"As sold, serves 2; the guide's per portion figure is 357 kcal"
loaded-fries-double-bacon-and-cheese,Loaded Fries- Double Bacon and Cheese,Sides,"as sold, serves 2",655,16.1,80.1,28.9,9.6,,2.0,3.0,5.3,2739,,,,,,contains_pork,false,true,,,"As sold, serves 2; the guide's per portion figure is 328 kcal"
loaded-veg,Loaded Veg,Sides,"as sold, serves 1",128,10.2,11.2,4.7,2.6,,0.8,6.9,3.3,538,,,,,,,false,true,,,"As sold, serves 1; the guide's per portion figure is 128 kcal"
loaded-veg-chicken,Loaded Veg - Chicken,Sides,"as sold, serves 1",160,16.8,11.8,5.1,2.7,,1.1,6.3,2.0,675,,,,,,,false,true,,,"As sold, serves 1; the guide's per portion figure is 160 kcal"
loaded-wedges,Loaded Wedges,Sides,"as sold, serves 2",543,12.8,38.2,37.6,12.3,,2.3,2.6,6.6,2259,,,,,,,false,true,,,"As sold, serves 2; the guide's per portion figure is 272 kcal"
mac-n-cheese,Mac n Cheese,Sides,"as sold, serves 2",438,23.2,41.7,19.7,11.8,,2.6,4.6,2.8,1835,,,,,,,false,true,,,"As sold, serves 2; the guide's per portion figure is 219 kcal"
nachos-no-jalapenos,NACHOS (no Jalapenos),Sides,"as sold, serves 2",509,19.3,43.0,28.8,11.8,,2.3,2.9,3.7,2126,,,,,,,false,true,,,"As sold, serves 2; the guide's per portion figure is 255 kcal"
nachos-with-jalapenos,NACHOS with Jalapenos,Sides,"as sold, serves 2",511,19.5,43.3,28.9,11.8,,3.1,3.0,3.8,2134,,,,,,,false,true,,,"As sold, serves 2; the guide's per portion figure is 256 kcal"
potato-wedges-uk,Potato Wedges UK,Sides,"as sold, serves 2",237,4.3,38.4,7.3,0.9,,1.7,0.9,4.9,997,,,,,,,false,true,,,"As sold, serves 2; the guide's per portion figure is 119 kcal"
spicy-bbq-wings-14,Spicy BBQ Wings (14),Sides,"as sold, serves 4",981,76.7,33.0,60.1,18.4,,7.5,22.4,1.0,4094,,,,,,,false,true,,,"As sold, serves 4; the guide's per piece figure is 245 kcal"
spicy-bbq-wings-4,Spicy BBQ Wings (4),Sides,"as sold, serves 1",288,22.0,11.2,17.2,5.3,,2.2,7.9,0.3,1202,,,,,,,false,true,,,"As sold, serves 1; the guide's per piece figure is 288 kcal"
spicy-bbq-wings-7,Spicy BBQ Wings (7),Sides,"as sold, serves 2",504,38.5,19.6,30.1,9.2,,3.9,13.8,0.6,2103,,,,,,,false,true,,,"As sold, serves 2; the guide's per piece figure is 252 kcal"
the-ultimate-cheesy-garlic-bread,The Ultimate Cheesy Garlic Bread,Sides,"as sold, serves 2",834,30.7,103.8,32.9,12.3,,2.9,10.6,4.5,3504,,,,,,,false,true,,,"As sold, serves 2; the guide's per portion figure is 417 kcal"
twisted-dough-balls-cheese,Twisted Dough Balls: Cheese,Sides,"as sold, serves 2",664,25.1,90.8,22.3,7.4,,1.8,7.2,5.6,2795,,,,,,,false,true,,,"As sold, serves 2; the guide's per piece figure is 332 kcal"
twisted-dough-balls-ham,Twisted Dough Balls: Ham,Sides,"as sold, serves 2",683,28.5,90.9,22.9,7.6,,2.4,7.2,5.7,2875,,,,,,contains_pork,false,true,,,"As sold, serves 2; the guide's per piece figure is 342 kcal"
twisted-dough-balls-pepperoni,Twisted Dough Balls: Pepperoni,Sides,"as sold, serves 2",748,28.5,91.0,30.0,10.4,,2.6,7.3,5.6,3143,,,,,,contains_pork,false,true,,,"As sold, serves 2; the guide's per piece figure is 374 kcal"
twisted-dough-balls-nduja-hot-honey,Twisted Dough Balls: Nduja Hot Honey,Sides,"as sold, serves 2",654,23.7,84.4,24.4,8.0,,2.5,18.1,3.6,2747,,,,,,,false,true,,,"As sold, serves 2; the guide's per piece figure is 327 kcal"
bbq-dip-100g,BBQ Dip 100g,Dips,"as sold, serves 4",188,1.4,44.9,0.3,0.0,,2.2,43.0,0.9,798,,,,,,,false,false,,,"As sold, serves 4; the guide's per portion figure is 47 kcal"
bbq-dip-25g,BBQ Dip 25g,Dips,"as sold, serves 1",47,0.3,11.2,0.1,0.0,,0.5,10.8,0.2,200,,,,,,,false,false,,,"As sold, serves 1; the guide's per dip figure is 47 kcal"
franks-hot-dip-100g,Frank's Hot Dip 100g,Dips,"as sold, serves 4",21,0.9,3.0,0.6,0.1,,9.0,0.6,1.6,89,,,,,,,false,false,,,"As sold, serves 4; the guide's per portion figure is 6 kcal"
franks-hot-dip-25g,Frank's Hot Dip 25g,Dips,"as sold, serves 1",5,0.2,0.8,0.2,0.0,,2.3,0.2,0.4,22,,,,,,,false,false,,,"As sold, serves 1; the guide's per dip figure is 6 kcal"
garlic-and-herb-dip-100g,Garlic and Herb Dip 100g,Dips,"as sold, serves 4",675,0.8,2.0,73.8,5.1,,0.8,1.6,0.1,2778,,,,,,,false,false,,,"As sold, serves 4; the guide's per portion figure is 169 kcal"
garlic-and-herb-dip-25g,Garlic and Herb Dip 25g,Dips,"as sold, serves 1",169,0.2,0.5,18.5,1.3,,0.2,0.4,0.0,695,,,,,,,false,false,,,"As sold, serves 1; the guide's per dip figure is 169 kcal"
honey-and-mustard-dip-25g,Honey and Mustard Dip 25g,Dips,"as sold, serves 1",109,0.4,2.4,10.8,0.8,,0.4,2.2,0.2,449,,,,,,,false,false,,,"As sold, serves 1; the guide's per dip figure is 109 kcal"
sweet-chilli-dip-25g,Sweet Chilli Dip 25g,Dips,"as sold, serves 1",54,0.1,12.9,0.2,0.0,,0.2,12.6,0.1,228,,,,,,,false,false,,,"As sold, serves 1; the guide's per dip figure is 54 kcal"
tangy-salsa-dip-25g,Tangy Salsa Dip 25g,Dips,"as sold, serves 1",42,0.5,6.9,1.4,0.1,,0.3,6.2,0.6,176,,,,,,,false,false,,,"As sold, serves 1; the guide's per dip figure is 42 kcal"
vegan-garlic-and-herb-dip-25g,Vegan Garlic & Herb Dip 25g,Dips,"as sold, serves 1",116,<0.5,1.1,12.3,0.9,,0.3,0.8,<0.5,478,,,,,,,false,false,,,"As sold, serves 1; the guide's per dip figure is 116 kcal"
american-hot,American Hot,Wraps,"as sold, serves 1",358,14.5,33.6,18.4,8.4,,2.77,3.6,2.2,1500,,,,,,,false,true,,,"As sold, serves 1; the guide's per wrap figure is 358 kcal"
chicken-and-bacon,Chicken and Bacon,Wraps,"as sold, serves 1",405,23.6,40.1,16.7,5.1,,2.16,3.1,2,1701,,,,,,contains_pork,false,true,,,"As sold, serves 1; the guide's per wrap figure is 405 kcal"
pepperoni-passion,Pepperoni Passion,Wraps,"as sold, serves 1",431,18.9,36.6,23.2,11.3,,2.79,3.4,1.7,1801,,,,,,contains_pork,false,true,,,"As sold, serves 1; the guide's per wrap figure is 431 kcal"
tandoori-chicken,Tandoori Chicken,Wraps,"as sold, serves 1",306,15.2,36.5,11.1,5.8,,2.23,3.7,2.7,1289,,,,,,,false,true,,,"As sold, serves 1; the guide's per wrap figure is 306 kcal"
texas-bbq,Texas BBQ,Wraps,"as sold, serves 1",420,23.6,43.7,16.8,5.2,,2.22,7,1.9,1764,,,,,,,false,true,,,"As sold, serves 1; the guide's per wrap figure is 420 kcal"
vegi,Vegi,Wraps,"as sold, serves 1",310,11.5,42.7,10.3,5.3,,1.52,4.7,0.7,1303,,,,,,,false,true,,,"As sold, serves 1; the guide's per wrap figure is 310 kcal"
mexicana-wrap,Mexicana Wrap,Wraps,"as sold, serves 1",320,15.5,36.3,12.5,6.3,,2.72,2.6,2.7,1344,,,,,,,false,true,,,"As sold, serves 1; the guide's per wrap figure is 320 kcal"
ham-and-cheese-wrap,Ham & Cheese Wrap,Wraps,"as sold, serves 1",397,18.4,31.7,21.8,11.1,,2.54,2.7,2.2,1660,,,,,,contains_pork,false,true,,,"As sold, serves 1; the guide's per wrap figure is 397 kcal"
tuna-melt-wrap,Tuna Melt Wrap,Wraps,"as sold, serves 1",372,20.1,32.3,18,8.1,,1.66,2.7,2,1557,,,,,,,false,true,,,"As sold, serves 1; the guide's per wrap figure is 372 kcal"
cinni-dippers,Cinni Dippers,Desserts,"as sold, serves 4",782,18.6,98.8,34.7,6.1,,0.37,16.2,4.8,3281,,,,,,,false,false,,,"As sold, serves 4; the guide's per portion figure is 196 kcal"
dominos-cookies-2,Domino's Cookies (2),Desserts,"as sold, serves 2",347,4.6,47.7,15.4,7.8,,0.63,27.3,1.8,1457,,,,,,,false,false,,,"As sold, serves 2; the guide's per piece figure is 174 kcal"
dominos-cookies-4,Domino's Cookies (4),Desserts,"as sold, serves 4",694,9.1,95.4,30.7,15.5,,1.25,54.6,3.5,2913,,,,,,,false,false,,,"As sold, serves 4; the guide's per piece figure is 174 kcal"
lotta-chocca-pizza,Lotta - Chocca Pizza,Desserts,"as sold, serves 4",828,21.8,114.5,31.4,12.1,,0.1,32.7,5.3,3480,,,,,,,false,false,,,"As sold, serves 4; the guide's per piece figure is 207 kcal"
double-chocolate-and-caramel-cookies,Double Chocolate & Caramel Cookies,Desserts,"as sold, serves 4",668,9.4,98.6,26.2,12.6,,1.41,64.1,2.8,2808,,,,,,,false,false,,,"As sold, serves 4; the guide's per piece figure is 167 kcal"
twisted-dough-balls-chocolate-cinnamon,Twisted Dough Balls ® Chocolate Cinnamon,Desserts,"as sold, serves 2",767,18.3,102,31.7,12.2,,1.24,35.8,5.8,3219,,,,,,,false,false,,,"As sold, serves 2; the guide's per piece figure is 128 kcal"
twisted-dough-balls-biscoff-and-white-chocolate,Twisted Dough Balls® Biscoff® & White Chocolate,Desserts,"as sold, serves 2",884,15.4,131.6,32.2,14.1,,1.4,51.7,2.4,3711,,,,,,,false,false,,,"As sold, serves 2; the guide's per piece figure is 147 kcal"
tenders-x-3,Tenders x 3,Chick 'N' Dip,"as sold, serves 1",356,29.1,27.9,14.3,5.9,,1.34,0.6,1.7,1496,,,,,,,false,true,,,"As sold, serves 1; the guide's per portion figure is 356 kcal"
tenders-x-5,Tenders x 5,Chick 'N' Dip,"as sold, serves 1",594,48.5,46.5,23.8,9.8,,2.23,1,2.8,2494,,,,,,,false,true,,,"As sold, serves 1; the guide's per portion figure is 594 kcal"
tenders-x-8,Tenders x 8,Chick 'N' Dip,"as sold, serves 2",949,77.6,74.4,38.1,15.7,,3.6,1.6,4.5,3989,,,,,,,false,true,,,"As sold, serves 2; the guide's per portion figure is 475 kcal"
wings-x-8,Wings x 8,Chick 'N' Dip,"as sold, serves 1",515,43.5,8.3,34.3,10.5,,3.75,3.8,0.3,2147,,,,,,,false,true,,,"As sold, serves 1; the guide's per portion figure is 515 kcal"
wings-x-12,Wings x 12,Chick 'N' Dip,"as sold, serves 2",773,65.3,12.4,51.4,15.8,,5.6,5.6,0.4,3221,,,,,,,false,true,,,"As sold, serves 2; the guide's per portion figure is 387 kcal"
wings-x-20,Wings x 20,Chick 'N' Dip,"as sold, serves 4",1288,108.8,20.8,85.8,26.3,,9.4,9.5,0.8,5368,,,,,,,false,true,,,"As sold, serves 4; the guide's per portion figure is 322 kcal"
boneless-bites-x-8,Boneless Bites x 8,Chick 'N' Dip,"as sold, serves 1",373,28.7,34.2,13,2.2,,1.46,0.9,1.6,1561,,,,,,,false,true,,,"As sold, serves 1; the guide's per portion figure is 373 kcal"
boneless-bites-x-12,Boneless Bites x 12,Chick 'N' Dip,"as sold, serves 2",560,43.1,51.3,19.5,3.3,,2.2,1.3,2.4,2342,,,,,,,false,true,,,"As sold, serves 2; the guide's per portion figure is 280 kcal"
boneless-bites-x-20,Boneless Bites x 20,Chick 'N' Dip,"as sold, serves 4",933,71.8,85.5,32.6,5.6,,3.66,2.2,4.1,3904,,,,,,,false,true,,,"As sold, serves 4; the guide's per portion figure is 467 kcal"
5-tenders-and-wedges-combo,5 Tenders & Wedges Combo,Chick 'N' Dip,"as sold, serves 1",832,52.8,84.9,31.1,10.7,,3.95,1.9,7.6,3496,,,,,,,false,true,,,"As sold, serves 1; the guide's per portion figure is 832 kcal"
5-tenders-and-fries-combo,5 Tenders & Fries Combo,Chick 'N' Dip,"as sold, serves 1",1111,54.3,127.7,42.7,11.3,,2.84,1.8,8.1,4670,,,,,,,false,true,,,"As sold, serves 1; the guide's per portion figure is 1111 kcal"
5-tenders-and-garlic-pizza-bread-combo,5 Tenders & Garlic Pizza Bread Combo,Chick 'N' Dip,"as sold, serves 1",1205,72.3,135.2,41.9,15.6,,4.02,8.7,7.5,5070,,,,,,,false,true,,,"As sold, serves 1; the guide's per portion figure is 1205 kcal"
8-wings-and-wedges-combo,8 Wings & Wedges Combo,Chick 'N' Dip,"as sold, serves 1",751,47.8,46.6,41.6,11.4,,5.47,4.7,5.1,3141,,,,,,,false,true,,,"As sold, serves 1; the guide's per portion figure is 751 kcal"
8-wings-and-fries-combo,8 Wings & Fries Combo,Chick 'N' Dip,"as sold, serves 1",1032,49.3,89.4,53.2,12.1,,4.36,4.5,5.6,4319,,,,,,,false,true,,,"As sold, serves 1; the guide's per portion figure is 1032 kcal"
8-wings-and-garlic-pizza-bread-combo,8 Wings & Garlic Pizza Bread Combo,Chick 'N' Dip,"as sold, serves 1",1128,67.3,97,52.4,16.4,,5.55,11.5,5,4727,,,,,,,false,true,,,"As sold, serves 1; the guide's per portion figure is 1128 kcal"
8-boneless-bites-and-wedges-combo,8 Boneless Bites & Wedges Combo,Chick 'N' Dip,"as sold, serves 1",693,33.9,80.1,21.8,3.3,,3.53,2,7.5,2898,,,,,,,false,true,,,"As sold, serves 1; the guide's per portion figure is 693 kcal"
8-boneless-bites-and-fries-combo,8 Boneless Bites & Fries Combo,Chick 'N' Dip,"as sold, serves 1",1003,37.2,125.9,35,4.5,,1.87,1.6,17.4,4197,,,,,,,false,true,,,"As sold, serves 1; the guide's per portion figure is 1003 kcal"
8-boneless-bites-and-garlic-pizza-bread-combo,8 Boneless Bites & Garlic Pizza Bread Combo,Chick 'N' Dip,"as sold, serves 1",987,52.5,122.9,31.2,8.1,,3.38,8.6,6.4,4147,,,,,,,false,true,,,"As sold, serves 1; the guide's per portion figure is 987 kcal"
garlic-aioli-40g,Garlic Aioli (40g),Chick 'N' Dip,"as sold, serves 1",207,0.5,1.7,22.0,2.1,,0.4,0.6,0.2,853,,,,,,,false,true,,,"As sold, serves 1; the guide's per dip figure is 207 kcal"
hot-honey-40g,Hot Honey (40g),Chick 'N' Dip,"as sold, serves 1",84,0.2,20.4,0.1,0.0,,0.2,15.6,0.3,356,,,,,,,false,true,,,"As sold, serves 1; the guide's per dip figure is 84 kcal"
buffalo-hot-sauce-40g,Buffalo Hot Sauce (40g),Chick 'N' Dip,"as sold, serves 1",26,0.2,3.7,1.0,0.1,,1.2,2.2,0.2,107,,,,,,,false,true,,,"As sold, serves 1; the guide's per dip figure is 26 kcal"
ghost-chilli-glaze-40g,Ghost Chilli Glaze (40g),Chick 'N' Dip,"as sold, serves 1",29,0.3,6.4,0.2,0.0,,0.5,4.0,0.2,124,,,,,,,false,true,,,"As sold, serves 1; the guide's per dip figure is 29 kcal"
katsu-curry-sauce-40g,Katsu Curry Sauce (40g),Chick 'N' Dip,"as sold, serves 1",70,0.4,5.4,5.1,1.3,,0.5,3.1,0.3,291,,,,,,,false,true,,,"As sold, serves 1; the guide's per dip figure is 70 kcal"
mexicana-mayo-40g,Mexicana Mayo (40g),Chick 'N' Dip,"as sold, serves 1",252,0.5,3.1,26.4,2.0,,0.6,1.4,0.2,1038,,,,,,,false,true,,,"As sold, serves 1; the guide's per dip figure is 252 kcal"
ranch-dip-40g,Ranch Dip (40g),Chick 'N' Dip,"as sold, serves 1",192,0.6,2.9,19.7,1.3,,0.8,2.0,0.2,792,,,,,,,false,true,,,"As sold, serves 1; the guide's per dip figure is 192 kcal"
bbq-sauce-40g,BBQ Sauce (40g),Chick 'N' Dip,"as sold, serves 1",78,0.5,18.8,0.0,0.0,,0.8,16.0,0.5,333,,,,,,,false,true,,,"As sold, serves 1; the guide's per dip figure is 78 kcal"
garlic-and-herb-40g,Garlic & Herb (40g),Chick 'N' Dip,"as sold, serves 1",265,0.3,2.5,28.4,2.0,,0.3,0.7,0.2,1092,,,,,,,false,true,,,"As sold, serves 1; the guide's per dip figure is 265 kcal"
