product_id,name_on_page,price_gbp,unit_price_gbp,unit,category_path,page_url,image_url,in_stock,checked_on
320806612,Tesco Finest Passionfruit & Raspberry Cheesecake 500g,5.50,11,per kg,"Fresh Food > Chilled Desserts > Cheesecake, Trifles & Jelly Desserts > Cheesecake Pots & Slices",https://www.tesco.com/groceries/en-GB/products/320806612,https://digitalcontent.api.tesco.com/v2/media/ghs/fdc4f550-cb70-4c39-9819-bd512d7345be/a06ab99e-793d-44f5-91c6-dbc5be8c3a7c.jpeg?h=225&w=225,yes,2026-10-07
320544005,Tesco Finest New York Vanilla Cheesecake 500g,5.50,11,per kg,"Fresh Food > Chilled Desserts > Cheesecake, Trifles & Jelly Desserts > Premium Cheesecakes",https://www.tesco.com/groceries/en-GB/products/320544005,https://digitalcontent.api.tesco.com/v2/media/ghs/39a31bd2-b2d4-40a7-bbcf-7974f6229423/8e67666d-748d-4bc1-8a31-a22c7df9c3f4.jpeg?h=225&w=225,yes,2026-10-07
320810756,Tesco Vanilla Cheesecake 500g,4.80,9.6,per kg,"Fresh Food > Chilled Desserts > Cheesecake, Trifles & Jelly Desserts > Sharing Cheesecakes",https://www.tesco.com/groceries/en-GB/products/320810756,https://digitalcontent.api.tesco.com/v2/media/ghs/d6cf16fd-dbf1-4dcf-83f8-22f88f496f3f/de8d1243-0967-4296-afaf-1487dca5d8d4.jpeg?h=225&w=225,no,2026-10-07
321840615,Tesco Apple Crumble 500g ,4.00,8,per kg,"Fresh Food > Chilled Desserts > Puddings, Crumbles & Pies > Crumbles & Pies",https://www.tesco.com/groceries/en-GB/products/321840615,https://digitalcontent.api.tesco.com/v2/media/ghs/77b95109-dee7-4ab1-9fec-49bbf851ae6c/191e9957-037b-4371-99fd-07e4d8b9d50c.jpeg?h=225&w=225,yes,2026-10-07
322430730,Gu Strawberry & Clotted Cream Cheesecake Dessert (2x82g),3.95,24.08,per kg,"Fresh Food > Chilled Desserts > Cheesecake, Trifles & Jelly Desserts > Premium Cheesecakes",https://www.tesco.com/groceries/en-GB/products/322430730,https://digitalcontent.api.tesco.com/v2/media/ghs/127f2b41-314a-4288-91f0-78df68a96dcd/24bb510a-08f8-4589-93a2-ec9cb8acffce.jpeg?h=225&w=225,yes,2026-10-07
322449956,Gu Spanish Lemon Cheesecake Dessert (2x85g),3.95,23.24,per kg,"Fresh Food > Chilled Desserts > Cheesecake, Trifles & Jelly Desserts > Cheesecake Pots & Slices",https://www.tesco.com/groceries/en-GB/products/322449956,https://digitalcontent.api.tesco.com/v2/media/ghs/e28aae04-ee6a-4dd1-a293-056d72bb6e9e/d10b6091-ed08-4e97-afce-af91359a7e4f.jpeg?h=225&w=225,yes,2026-10-07
318173728,English Cheesecake Company 2 Vanilla & Biscoff Cheesecake Slices 180g,4.00,22.22,per kg,"Fresh Food > Chilled Desserts > Cheesecake, Trifles & Jelly Desserts > Cheesecake Pots & Slices",https://www.tesco.com/groceries/en-GB/products/318173728,https://digitalcontent.api.tesco.com/v2/media/ghs/952609f6-609d-4107-9a5b-6c8bebcbffa5/64ce0eed-37be-440b-850d-522732b496e3.jpeg?h=225&w=225,yes,2026-10-07
320668757,English Cheesecake Company 2 Lemon & Mascarpone Cheesecake Slices 180g,4.00,22.22,per kg,"Fresh Food > Chilled Desserts > Cheesecake, Trifles & Jelly Desserts > Cheesecake Pots & Slices",https://www.tesco.com/groceries/en-GB/products/320668757,https://digitalcontent.api.tesco.com/v2/media/ghs/7302a465-1d0b-414d-9686-923a196d6682/f3293df0-477c-4d21-ae8c-1f4d079469bd.jpeg?h=225&w=225,yes,2026-10-07
317664512,Cadbury Dairy Milk Button & Chunk Desserts 4x75g,3.75,12.5,per kg,Fresh Food > Chilled Desserts > Confectionery Desserts & Chocolate Pots > Confectionery Desserts & Chocolate Pots,https://www.tesco.com/groceries/en-GB/products/317664512,https://digitalcontent.api.tesco.com/v2/media/ghs/d98c69d6-1f7f-4878-a911-cf6d879e24fc/3043344f-f4ac-460e-a7b1-aa00cffcbf4d.jpeg?h=225&w=225,yes,2026-10-07
321531416,Gü Chocolate Melt in the Middle Pudding 2 x 90g,3.95,21.94,per kg,Fresh Food > Chilled Desserts > Confectionery Desserts & Chocolate Pots > Confectionery Desserts & Chocolate Pots,https://www.tesco.com/groceries/en-GB/products/321531416,https://digitalcontent.api.tesco.com/v2/media/ghs/89d9e0cf-bcbf-485b-84aa-0cc1db3916b3/1b45383b-db6a-45da-98e5-f6f342cb1f56.jpeg?h=225&w=225,yes,2026-10-07
315398127,Tesco Triple Chocolate Trifle 500G,3.30,6.6,per kg,"Fresh Food > Chilled Desserts > Cheesecake, Trifles & Jelly Desserts > Sharing Trifles",https://www.tesco.com/groceries/en-GB/products/315398127,https://digitalcontent.api.tesco.com/v2/media/ghs/8f378ea9-6779-4c49-8912-fef6295423d5/ec220dfa-10b8-406b-a614-9816ad1c6325.jpeg?h=225&w=225,yes,2026-10-07
322319990,Gu Key Lime Pie Cheesecake Dessert (2x70g),3.95,28.21,per kg,"Fresh Food > Chilled Desserts > Cheesecake, Trifles & Jelly Desserts > Premium Cheesecakes",https://www.tesco.com/groceries/en-GB/products/322319990,https://digitalcontent.api.tesco.com/v2/media/ghs/b2d17197-ccf3-4ea8-88e0-16c85d58b723/4161fcfa-5a6b-4de6-9c6d-875aa2e7b9a9.jpeg?h=225&w=225,yes,2026-10-07
321788227,Gü Zillionaire Cheesecake Dessert 2 x 84.5g,3.95,23.37,per kg,Fresh Food > Chilled Desserts > Confectionery Desserts & Chocolate Pots > Confectionery Desserts & Chocolate Pots,https://www.tesco.com/groceries/en-GB/products/321788227,https://digitalcontent.api.tesco.com/v2/media/ghs/a4ee6e7f-c067-4188-878c-1f5102c1af01/43ff069b-2e6f-49f8-a528-1fb91e48d15f.jpeg?h=225&w=225,yes,2026-10-07
322337991,Gu Salted Caramel Cheesecake Dessert (2x82g),3.95,24.08,per kg,"Fresh Food > Chilled Desserts > Cheesecake, Trifles & Jelly Desserts > Cheesecake Pots & Slices",https://www.tesco.com/groceries/en-GB/products/322337991,https://digitalcontent.api.tesco.com/v2/media/ghs/e2369776-f01f-41b9-be6a-ff06307569a1/ef4c1fe7-bf06-4303-b830-41e0f9fd0e76.jpeg?h=225&w=225,yes,2026-10-07
315831813,Tesco Raspberry Trifle 600g,3.30,5.5,per kg,"Fresh Food > Chilled Desserts > Cheesecake, Trifles & Jelly Desserts > Sharing Trifles",https://www.tesco.com/groceries/en-GB/products/315831813,https://digitalcontent.api.tesco.com/v2/media/ghs/638e0adf-3788-4e82-9059-e2880cec36b1/9b9aff67-d58b-4c09-beda-99f508fc7f2d.jpeg?h=225&w=225,yes,2026-10-07
311277755,Nestle Milkybar Dessert 2X65g,2.00,15.38,per kg,Fresh Food > Chilled Desserts > Mousse & Smooth Potted Desserts > Chocolate Mousse,https://www.tesco.com/groceries/en-GB/products/311277755,https://digitalcontent.api.tesco.com/v2/media/ghs/74cccab0-fdd2-4b88-a933-f45d6b433103/7d5f1a41-1649-4810-8c9d-0b207dac1cf6.jpeg?h=225&w=225,yes,2026-10-07
315852120,Tesco Raspberry Trifles 3 x 135g 405g,1.83,4.52,per kg,"Fresh Food > Chilled Desserts > Cheesecake, Trifles & Jelly Desserts > Trifle & Jelly Pots",https://www.tesco.com/groceries/en-GB/products/315852120,https://digitalcontent.api.tesco.com/v2/media/ghs/617d64f9-359e-4726-b656-111a91ac1f1e/c2dacbc3-4f69-4e58-8bfd-f1c341274be5.jpeg?h=225&w=225,yes,2026-10-07
258622214,Tesco Small Culinary Pumpkin Each,1.20,1.2,each,"Fresh Food > Fresh Vegetables & Fresh Flowers > Courgettes, Aubergines & Squash > Pumpkins",https://www.tesco.com/groceries/en-GB/products/258622214,https://digitalcontent.api.tesco.com/v2/media/ghs/2f427e5d-5274-42fa-ba69-2833bf51952b/32a7c233-d60a-4e0c-a972-3dde85a3305c_722316211.jpeg?h=225&w=225,yes,2026-10-07
275888115,Tesco Large Pumpkin Each,2.00,2,each,"Fresh Food > Fresh Vegetables & Fresh Flowers > Courgettes, Aubergines & Squash > Pumpkins",https://www.tesco.com/groceries/en-GB/products/275888115,https://digitalcontent.api.tesco.com/v2/media/ghs/252645e5-cbf0-4890-a82f-951904c12560/1fe7ca31-d58e-4dce-a6be-d1276a5b45d4_1253487715.jpeg?h=225&w=225,yes,2026-10-07
268991509,Tesco Munchkin Pumpkin Each,0.60,0.6,each,"Fresh Food > Fresh Vegetables & Fresh Flowers > Courgettes, Aubergines & Squash > Pumpkins",https://www.tesco.com/groceries/en-GB/products/268991509,https://digitalcontent.api.tesco.com/v2/media/ghs/ed6e0d96-6036-4601-ad31-be587a0f14bf/cb946225-f1da-4015-b764-4b7f5f1e043e.jpeg?h=225&w=225,yes,2026-10-07
267420877,Tesco Pumpkin Each,0.55,0.55,each,"Fresh Food > Fresh Vegetables & Fresh Flowers > Courgettes, Aubergines & Squash > Pumpkins",https://www.tesco.com/groceries/en-GB/products/267420877,https://digitalcontent.api.tesco.com/v2/media/ghs/38da54d7-4cab-4c23-a257-3987d806f007/9ba933d1-df76-4768-a68d-cdabc3ded814_1646454189.jpeg?h=225&w=225,yes,2026-10-07
320543444,Tesco Finest 0% Fat Greek Yoghurt 1KG ,4.10,4.1,per kg,Fresh Food > Yogurts > Natural & Greek Style Yogurts > Greek Yoghurt,https://www.tesco.com/groceries/en-GB/products/320543444,https://digitalcontent.api.tesco.com/v2/media/ghs/d2bd7abe-09e0-427f-a663-991f6071bfe2/5fbb6c81-baff-48cb-a4bb-912eba3fdeca_1357774874.jpeg?h=225&w=225,yes,2026-10-07
320799037,Tesco Finest Greek Yoghurt 1KG,4.10,4.1,per kg,Fresh Food > Yogurts > Natural & Greek Style Yogurts > Greek Yoghurt,https://www.tesco.com/groceries/en-GB/products/320799037,https://digitalcontent.api.tesco.com/v2/media/ghs/a99fb8a5-6d46-4048-9cfa-cccab75eaeeb/04f97a37-89f9-4a49-a38f-3b82b659c13c_1205915568.jpeg?h=225&w=225,yes,2026-10-07
330747418,Tesco Finest Scottish Kiln Smoked Haddock Fillets 200g,5.00,25,per kg,Fresh Food > Chilled Fish & Seafood >  Fresh Fish Fillets > Fresh Haddock,https://www.tesco.com/groceries/en-GB/products/330747418,https://digitalcontent.api.tesco.com/v2/media/ghs/fa61a4af-7347-4a24-98c1-f26db2eecc59/2f52eeca-ecec-4e84-b81c-21dff9c13f71.jpeg?h=225&w=225,yes,2026-10-07
321845379,Tesco Finest Free Range 6 Golden Yolk Eggs,2.90,0.48,each,"Fresh Food > Milk, Butter & Eggs > Eggs > Free Range Eggs",https://www.tesco.com/groceries/en-GB/products/321845379,https://digitalcontent.api.tesco.com/v2/media/ghs/9702665b-de3b-4213-8e26-e1743b855bcc/48d65b7d-20c5-4ccb-90e3-8d2483b03bd1.jpeg?h=225&w=225,yes,2026-10-07
255211164,Tesco Finest 6 British Pork & Caramelised Onion Sausages 400G,3.30,8.25,per kg,Fresh Food > Fresh Meat & Poultry > Sausages > Pork Sausages & Chipolatas,https://www.tesco.com/groceries/en-GB/products/255211164,https://digitalcontent.api.tesco.com/v2/media/ghs/fd38585b-9ee5-4645-9238-cd7ae640ce46/3cc3e617-ec1f-4048-8c8e-2008f2128b2b.jpeg?h=225&w=225,yes,2026-10-07
279993208, Tesco Finest 6 Cumberland Pork Sausages 400g,3.30,8.25,per kg,Fresh Food > Fresh Meat & Poultry > Sausages > Pork Sausages & Chipolatas,https://www.tesco.com/groceries/en-GB/products/279993208,https://digitalcontent.api.tesco.com/v2/media/ghs/f85a42be-f976-4a2a-bdc4-910f6bdf9675/68e1860e-7c2c-497a-a936-e851bd991d79.jpeg?h=225&w=225,yes,2026-10-07
251523740,Tesco Finest 12 Pork British Chipolatas 375G,3.30,8.8,per kg,Fresh Food > Fresh Meat & Poultry > Sausages > Pork Sausages & Chipolatas,https://www.tesco.com/groceries/en-GB/products/251523740,https://digitalcontent.api.tesco.com/v2/media/ghs/dec81088-6972-4cf1-9cda-634deffdf065/5c5eac93-c745-4df7-81f0-d79e9d531f4d.jpeg?h=225&w=225,yes,2026-10-07
275281049,Tesco Finest 0% Fat Greek Yogurt 500G,2.50,5,per kg,Fresh Food > Yogurts > Natural & Greek Style Yogurts > Greek Yoghurt,https://www.tesco.com/groceries/en-GB/products/275281049,https://digitalcontent.api.tesco.com/v2/media/ghs/6c9a016d-df64-4594-a687-3e67ff2846e5/025afc59-d6af-446a-8de0-dc1e460e1dc3_1242910923.jpeg?h=225&w=225,yes,2026-10-07
256381115,Tesco Finest Greek Yogurt 500G,2.50,5,per kg,Fresh Food > Yogurts > Natural & Greek Style Yogurts > Greek Yoghurt,https://www.tesco.com/groceries/en-GB/products/256381115,https://digitalcontent.api.tesco.com/v2/media/ghs/6b6bc0af-a850-478e-9538-4d5e0d3583ac/6d3c2586-b06d-4372-b1a8-152ced5c4d5f_1716606654.jpeg?h=225&w=225,yes,2026-10-07
280002982,Tesco Finest 6 Pork Sausages 400G,3.30,8.25,per kg,Fresh Food > Fresh Meat & Poultry > Sausages > Pork Sausages & Chipolatas,https://www.tesco.com/groceries/en-GB/products/280002982,https://digitalcontent.api.tesco.com/v2/media/ghs/7d0550d8-c984-43b6-a6ac-e4d8c7639995/fc3f54c0-2d1c-48a0-8306-3200874ae6c9.jpeg?h=225&w=225,yes,2026-10-07
296814552,Tesco Finest Spanish Chorizo Ring 225G,2.40,10.67,per kg,"Fresh Food > Cooked Meats, Antipasti & Dips > Chorizo, Salami & Continental Meats > Chorizo",https://www.tesco.com/groceries/en-GB/products/296814552,https://digitalcontent.api.tesco.com/v2/media/ghs/e040888f-102c-449a-a0a1-dde4367b0bcb/0d4a97ba-00e4-4ea5-b453-77c8f7ed9f08_436919551.jpeg?h=225&w=225,yes,2026-10-07
316055745,Tesco Finest Finely Sliced Wiltshire Cured Ham 120g,3.75,31.25,per kg,"Fresh Food > Cooked Meats, Antipasti & Dips > Ham > Cooked Ham",https://www.tesco.com/groceries/en-GB/products/316055745,https://digitalcontent.api.tesco.com/v2/media/ghs/fdde6dfb-7b37-4432-96f6-6b6df1fd8cdf/b7ad92e7-65f2-4ee0-ac21-b2a1eff94cb0.jpeg?h=225&w=225,yes,2026-10-07
315972755,Tesco Finest Roast Dry Cured Ham 120g,3.75,31.25,per kg,"Fresh Food > Cooked Meats, Antipasti & Dips > Ham > Cooked Ham",https://www.tesco.com/groceries/en-GB/products/315972755,https://digitalcontent.api.tesco.com/v2/media/ghs/d600813d-09ef-4876-beca-a0bee98338bb/ae514fc8-a2c0-4554-b237-e621265c11de.jpeg?h=225&w=225,yes,2026-10-07
316054153,Tesco Finest Finely Sliced Honey Roast Ham 120g,3.75,31.25,per kg,"Fresh Food > Cooked Meats, Antipasti & Dips > Ham > Honey Roast Ham",https://www.tesco.com/groceries/en-GB/products/316054153,https://digitalcontent.api.tesco.com/v2/media/ghs/677eed2a-70f7-401a-bbcb-e3e2c24dc954/c94f8d3b-0235-41b1-8c36-cfa1b54ef528.jpeg?h=225&w=225,yes,2026-10-07
268412616,Tesco Finest Blueberries 150G,2.50,16.67,per kg,Fresh Food > Fresh Fruit > Berries & Cherries > Blueberries,https://www.tesco.com/groceries/en-GB/products/268412616,https://digitalcontent.api.tesco.com/v2/media/ghs/c3d4a9f7-ae92-4691-859c-f3556e353925/6ee4e0ea-0ce0-4d81-9b94-9b79dc674792.jpeg?h=225&w=225,yes,2026-10-07
309202594,Tesco Finest Tomatoes On The Vine 450G,2.00,4.44,per kg,"Fresh Food > Fresh Salad, Coleslaw & Sandwich Fillers > Tomatoes > On The Vine Tomatoes",https://www.tesco.com/groceries/en-GB/products/309202594,https://digitalcontent.api.tesco.com/v2/media/ghs/1df7c88d-0a72-4db8-9979-7b300307d16c/8814f271-83df-41a6-b34f-71e0673a08a3.jpeg?h=225&w=225,yes,2026-10-07
314703702,Tesco Finest Sweet Pointed Peppers 180g,1.80,10,per kg,"Fresh Food > Fresh Salad, Coleslaw & Sandwich Fillers > Peppers > Peppers",https://www.tesco.com/groceries/en-GB/products/314703702,https://digitalcontent.api.tesco.com/v2/media/ghs/397389a1-7810-4f79-b362-318ae474de16/76281bfe-f90c-42e7-be0e-99b4302b6edf.jpeg?h=225&w=225,yes,2026-10-07
289647218,Tesco Finest Jacket Potatoes 4 Pack,1.70,0.42,each,Fresh Food > Fresh Vegetables & Fresh Flowers > Potatoes & Sweet Potatoes > Baking & Jacket Potatoes,https://www.tesco.com/groceries/en-GB/products/289647218,https://digitalcontent.api.tesco.com/v2/media/ghs/953f88d5-db89-45c0-9e06-4dfd55cbf3a1/894bc301-0a5b-41eb-9f27-207c16168bb0.jpeg?h=225&w=225,yes,2026-10-07
315048637,Tesco Finest Red Grapes Seedless 500G,2.60,5.2,per kg,Fresh Food > Fresh Fruit > Grapes > Seedless Red Grapes,https://www.tesco.com/groceries/en-GB/products/315048637,https://digitalcontent.api.tesco.com/v2/media/ghs/c79f5dbe-1601-4022-aeab-458f3806dcdf/89bfd3e5-d801-475e-aadd-e9a6fd350cd0.jpeg?h=225&w=225,yes,2026-10-07
308481534,Tesco Finest Sugarbelle Tomatoes 220G,2.00,9.09,per kg,"Fresh Food > Fresh Salad, Coleslaw & Sandwich Fillers > Tomatoes > On The Vine Tomatoes",https://www.tesco.com/groceries/en-GB/products/308481534,https://digitalcontent.api.tesco.com/v2/media/ghs/8ba791e1-2c34-4774-8273-e7e60da61963/9be61746-8baa-4ae2-9ac0-0c980f13ef0b.jpeg?h=225&w=225,yes,2026-10-07
288115395,Tesco Finest Sweet Easy Peelers 600g,2.50,4.17,per kg,"Fresh Food > Fresh Fruit > Oranges, Lemons & Citrus Fruit > Clementines & Easy Peelers",https://www.tesco.com/groceries/en-GB/products/288115395,https://digitalcontent.api.tesco.com/v2/media/ghs/12505b4a-f30c-499e-8049-3b8ec0bd225e/ca544189-6744-4522-ab23-60eb2a42ec0a.jpeg?h=225&w=225,yes,2026-10-07
297888940,Tesco Finest Sweet & Fiery Beetroot 180G,1.50,8.33,per kg,"Fresh Food > Fresh Salad, Coleslaw & Sandwich Fillers > Spring Onions, Radish & Beetroot > Beetroot",https://www.tesco.com/groceries/en-GB/products/297888940,https://digitalcontent.api.tesco.com/v2/media/ghs/69d16fea-7bfe-499b-9c72-27288847a38a/1c56eeec-12af-4ec4-94a7-04b9acf45a3b.jpeg?h=225&w=225,yes,2026-10-07
308091212,Tesco Finest Piccobella Tomatoes 220G,2.00,9.09,per kg,"Fresh Food > Fresh Salad, Coleslaw & Sandwich Fillers > Tomatoes > On The Vine Tomatoes",https://www.tesco.com/groceries/en-GB/products/308091212,https://digitalcontent.api.tesco.com/v2/media/ghs/7b459a49-9101-4810-b9e5-b3e3e150481c/c2d8911c-a846-4c9c-8493-17206a79bb82.jpeg?h=225&w=225,yes,2026-10-07
308495443,Tesco Finest Sirloin Steak 227G,7.50,33.04,per kg,Fresh Food > Fresh Meat & Poultry > Fresh Beef > Beef Steaks,https://www.tesco.com/groceries/en-GB/products/308495443,https://digitalcontent.api.tesco.com/v2/media/ghs/31d18ee0-df79-46d8-9840-183a14ad01fd/4a8236b2-cd97-4c0e-9184-e36e2e521e0c.jpeg?h=225&w=225,yes,2026-10-07
316656092,Tesco Finest Quarter Pounders 454g,5.50,12.12,per kg,Fresh Food > Fresh Meat & Poultry > Fresh Beef > Beef Burgers & Kebabs,https://www.tesco.com/groceries/en-GB/products/316656092,https://digitalcontent.api.tesco.com/v2/media/ghs/10609003-c0b6-4793-8720-612182cfa81c/af3ef9e9-ae2d-400f-9a73-09b9cece0e5c.jpeg?h=225&w=225,yes,2026-10-07
273150945,Tesco Finest Baby Potatoes 750G,1.30,1.73,per kg,Fresh Food > Fresh Vegetables & Fresh Flowers > Potatoes & Sweet Potatoes > Baby & New Potatoes,https://www.tesco.com/groceries/en-GB/products/273150945,https://digitalcontent.api.tesco.com/v2/media/ghs/7f9e06f8-dab5-45cb-8bdf-c4629e7ed7b4/362f9a02-a405-4ad6-ab00-38de026ef8ed.jpeg?h=225&w=225,yes,2026-10-07
312228513,Tesco Finest Topside of Beef - Charred 90g,3.75,41.67,per kg,"Fresh Food > Cooked Meats, Antipasti & Dips > Beef Slices > Cooked Beef Slices",https://www.tesco.com/groceries/en-GB/products/312228513,https://digitalcontent.api.tesco.com/v2/media/ghs/ee389d15-95be-49db-95a1-f3414231ce99/09655d38-6291-4dc3-8d9d-26bb72aace27.jpeg?h=225&w=225,yes,2026-10-07
314934215,Tesco Finest Green Grapes Seedless 500G,2.60,5.2,per kg,Fresh Food > Fresh Fruit > Grapes > Seedless Green Grapes,https://www.tesco.com/groceries/en-GB/products/314934215,https://digitalcontent.api.tesco.com/v2/media/ghs/6e9e068c-ba45-40fd-8dd0-3939f7dc6651/b6a19c38-f6de-4cb9-b42a-2459369a3325.jpeg?h=225&w=225,yes,2026-10-07
307346023,Tesco Finest Sweet Mini Peppers 220G,1.80,8.18,per kg,"Fresh Food > Fresh Salad, Coleslaw & Sandwich Fillers > Peppers > Peppers",https://www.tesco.com/groceries/en-GB/products/307346023,https://digitalcontent.api.tesco.com/v2/media/ghs/cd5abed6-8e37-456d-8268-63cef9411ff4/4f3ad540-6642-4a02-84a5-0d410fe8d4a3.jpeg?h=225&w=225,yes,2026-10-07
305041628,Tesco Finest Extra Fine Beans 200G,1.60,8,per kg,"Fresh Food > Fresh Vegetables & Fresh Flowers > Peas, Beans, Sweetcorn & Asparagus > Beans",https://www.tesco.com/groceries/en-GB/products/305041628,https://digitalcontent.api.tesco.com/v2/media/ghs/2db3cd74-2d57-437d-b4e4-17992d2df8a4/39a58706-5b8d-4ce1-b60f-5d65dbd9979b.jpeg?h=225&w=225,yes,2026-10-07
304794055,Tesco Finest All Rounder Potatoes 2Kg,2.40,1.2,per kg,Fresh Food > Fresh Vegetables & Fresh Flowers > Potatoes & Sweet Potatoes > All Rounder Potatoes,https://www.tesco.com/groceries/en-GB/products/304794055,https://digitalcontent.api.tesco.com/v2/media/ghs/c3c3a37e-7dd6-464d-afa1-b2e318e02502/7ca0b0b7-be6d-4dda-98e0-30ea6d0929e7.jpeg?h=225&w=225,yes,2026-10-07
268990891,Tesco Finest Avocado Each,1.50,1.5,each,"Fresh Food > Fresh Salad, Coleslaw & Sandwich Fillers > Avocado > Ready To Eat Avocado",https://www.tesco.com/groceries/en-GB/products/268990891,https://digitalcontent.api.tesco.com/v2/media/ghs/dd88c95f-8432-4eb1-bcde-f8d717ebca94/b3ff94eb-29c1-40e2-aec1-84dd2de46943_1925432131.jpeg?h=225&w=225,yes,2026-10-07
309452019,Tesco Finest 5% Aberdeen Angus Steak Mince 500G,6.50,13,per kg,Fresh Food > Fresh Meat & Poultry > Mince & Meatballs > Beef Mince & Meatballs,https://www.tesco.com/groceries/en-GB/products/309452019,https://digitalcontent.api.tesco.com/v2/media/ghs/d0d2c5b3-9eae-405c-9b91-7dda3150ee10/063011f5-1331-43ab-916b-29b3cf3ef6a7.jpeg?h=225&w=225,yes,2026-10-07
308477494,Tesco Finest Rump Steak 255G,7.00,27.45,per kg,Fresh Food > Fresh Meat & Poultry > Fresh Beef > Beef Steaks,https://www.tesco.com/groceries/en-GB/products/308477494,https://digitalcontent.api.tesco.com/v2/media/ghs/654ae23f-8376-41a4-9d9d-9261969f5940/fc919e5a-03cb-48f8-822c-fa02713b9583.jpeg?h=225&w=225,yes,2026-10-07
280010485,Tesco Finest 10 Traditional Pork Sausages 667G,4.50,6.75,per kg,Fresh Food > Fresh Meat & Poultry > Sausages > Pork Sausages & Chipolatas,https://www.tesco.com/groceries/en-GB/products/280010485,https://digitalcontent.api.tesco.com/v2/media/ghs/5e478012-9ee3-413e-a770-ef2a8d2d40de/d8f4da15-7ec8-4e82-b660-f1ea16d57951.jpeg?h=225&w=225,yes,2026-10-07
320554425,Tesco Finest Italian Meats Wood Fired Pizza 405g,4.85,11.98,per kg,"Fresh Food > Fresh Pizza, Pasta & Garlic Bread > Fresh Pizza > Pepperoni & Meat Pizza",https://www.tesco.com/groceries/en-GB/products/320554425,https://digitalcontent.api.tesco.com/v2/media/ghs/6b5c5ecf-df72-4f2a-b5f3-b9a3f9141abf/5fccda21-716e-4b13-971d-77a763d088f5.jpeg?h=225&w=225,yes,2026-10-07
330746990,Tesco Finest Norweigian Fjords Halibut Fillet 200g,12.50,62.5,per kg,"Fresh Food > Chilled Fish & Seafood >  Fresh Fish Fillets > Fresh Cod, Basa & White Fish",https://www.tesco.com/groceries/en-GB/products/330746990,https://digitalcontent.api.tesco.com/v2/media/ghs/82e8f593-2bc2-4cc0-8ab6-38d94498ddcc/a5ae8052-f048-4a30-aefd-be5af6b130f8.jpeg?h=225&w=225,yes,2026-10-07
330747657,Tesco Finest 4 Scottish Salmon Fillets 520g,12.50,24.04,per kg,Fresh Food > Chilled Fish & Seafood > Salmon & Trout > Chilled Salmon Fillets,https://www.tesco.com/groceries/en-GB/products/330747657,https://digitalcontent.api.tesco.com/v2/media/ghs/ef300ed8-fb6b-4bb8-a2c6-f902d565bfb8/ddfe5ab7-b4d8-4bdc-a6a1-2d80c6c51bdc.jpeg?h=225&w=225,yes,2026-10-07
301795306,Tesco Finest Cooked Jumbo King Prawns 150G,4.25,28.33,per kg,Fresh Food > Chilled Fish & Seafood > Prawns & Seafood > Prawns,https://www.tesco.com/groceries/en-GB/products/301795306,https://digitalcontent.api.tesco.com/v2/media/ghs/1bda6e43-1e7f-460e-9ad6-da47fb47d0d3/52831b10-4514-4e51-86fa-2df2cafc64c4.jpeg?h=225&w=225,yes,2026-10-07
316438362,Tesco Finest Mac & Four Cheese 400g,4.75,11.88,per kg,Fresh Food > Ready Meals > Tesco Finest & Premium Ready Meals > Premium & Tesco Finest Ready Meals For 1,https://www.tesco.com/groceries/en-GB/products/316438362,https://digitalcontent.api.tesco.com/v2/media/ghs/374c506a-8157-4e5e-a847-f511dc8d9bc3/4379f62d-0627-4405-811b-fee59862521f.jpeg?h=225&w=225,yes,2026-10-07
282025194,Tesco Finest 12 Beef & Herb Meatballs 336G,4.95,14.73,per kg,Fresh Food > Fresh Meat & Poultry > Mince & Meatballs > Beef Mince & Meatballs,https://www.tesco.com/groceries/en-GB/products/282025194,https://digitalcontent.api.tesco.com/v2/media/ghs/5897c2ad-c76f-4ad7-aa2c-8fb58b642bc6/453eb611-b579-4614-a6ae-3e7108ce7ccd.jpeg?h=225&w=225,yes,2026-10-07
305976207,Tesco Finest West Country Butter & Sea Salt 250G,2.90,11.6,per kg,"Fresh Food > Milk, Butter & Eggs > Butters, Spreads & Margarine > Block Butter",https://www.tesco.com/groceries/en-GB/products/305976207,https://digitalcontent.api.tesco.com/v2/media/ghs/adca6be8-1287-444f-9e62-4a1a903baca0/d22f0828-3138-4e95-851a-6e508511fde6.jpeg?h=225&w=225,yes,2026-10-07
322766425,Tesco Finest Wild Garlic Crispy Chicken Kievs 386g,6.25,16.19,per kg,Fresh Food > Fresh Meat & Poultry > Finest Fresh Meat & Poultry > Finest Chicken,https://www.tesco.com/groceries/en-GB/products/322766425,https://digitalcontent.api.tesco.com/v2/media/ghs/4d25c80c-2cc8-400a-b3af-879db64ae1bf/9ebfb6c4-493e-4fdb-8b67-3dcfdb662ea6.jpeg?h=225&w=225,yes,2026-10-07
330752495,Tesco Finest Slow Cooked Beef Bourguignon 540G,7.95,14.72,per kg,Fresh Food > Fresh Meat & Poultry > Finest Fresh Meat & Poultry > Finest Beef,https://www.tesco.com/groceries/en-GB/products/330752495,https://digitalcontent.api.tesco.com/v2/media/ghs/e9b6ece1-4692-44a6-8899-ddadd0a75e92/716eee89-752d-432b-9d31-ec3f02ef8c3b_1600582594.jpeg?h=225&w=225,yes,2026-10-07
330750993,Tesco Finest Slow Cooked Ham Hocks with a Bourbon and Maple Glaze 525g,7.75,14.76,per kg,Fresh Food > Fresh Meat & Poultry > Finest Fresh Meat & Poultry > Finest Pork & Gammon,https://www.tesco.com/groceries/en-GB/products/330750993,https://digitalcontent.api.tesco.com/v2/media/ghs/50b6c391-242c-43ff-9bb4-e28fa1b582d6/c158fd81-76ab-47c6-80ba-58c48174508d_1196900223.jpeg?h=225&w=225,yes,2026-10-07
330754729,TESCO finest Slow Cooked Lamb Rump Roast With A Lamb & Merlot Gravy 400g,7.95,19.88,per kg,Fresh Food > Fresh Meat & Poultry > Finest Fresh Meat & Poultry > Finest Lamb,https://www.tesco.com/groceries/en-GB/products/330754729,https://digitalcontent.api.tesco.com/v2/media/ghs/d109515e-53bb-496f-b74f-beb41bb85adf/51da524b-cf72-4dcd-bc70-b36f68539d8a_298047841.jpeg?h=225&w=225,yes,2026-10-07
280002909,Tesco Finest 6 Pork & Apple Sausages 400G,3.30,8.25,per kg,Fresh Food > Fresh Meat & Poultry > Sausages > Pork Sausages & Chipolatas,https://www.tesco.com/groceries/en-GB/products/280002909,https://digitalcontent.api.tesco.com/v2/media/ghs/5b76baca-d5d5-45ae-8d6f-ddb06c143d5d/82998db1-d50e-4d39-9303-b56d8c1d4f76.jpeg?h=225&w=225,yes,2026-10-07
280011075,Tesco Finest British 6 Lincolnshire Sausages 400G,3.30,8.25,per kg,Fresh Food > Fresh Meat & Poultry > Sausages > Pork Sausages & Chipolatas,https://www.tesco.com/groceries/en-GB/products/280011075,https://digitalcontent.api.tesco.com/v2/media/ghs/d0d5e82c-de98-4e60-828f-f8f2f5e7e4e4/81a7b01f-fd25-4a07-99f9-786347e1b161.jpeg?h=225&w=225,yes,2026-10-07
317209442,Tesco Finest Baby Tomatoes on the Vine 400g,3.50,8.75,per kg,"Fresh Food > Fresh Salad, Coleslaw & Sandwich Fillers > Tomatoes > Baby & Cherry Tomatoes",https://www.tesco.com/groceries/en-GB/products/317209442,https://digitalcontent.api.tesco.com/v2/media/ghs/74450c2f-7cfb-4310-a680-bf93780f9e97/74d307bc-9cb1-43d0-aab4-f47c79c504a6.jpeg?h=225&w=225,yes,2026-10-07
309788959,Tesco Finest Lemon Curd Yogurt 150G,1.00,6.67,per kg,"Fresh Food > Yogurts > Indulgent Yogurts, Corners & Rice Pudding > Indulgent Yoghurts",https://www.tesco.com/groceries/en-GB/products/309788959,https://digitalcontent.api.tesco.com/v2/media/ghs/215eec7c-69ca-4d1c-b32c-21984bf8d4ad/02620647-3546-455d-83cc-3c2efd8923a7_2079352656.jpeg?h=225&w=225,yes,2026-10-07
279899165,Tesco Finest Cottage Pie 400G,4.75,11.88,per kg,Fresh Food > Ready Meals > Tesco Finest & Premium Ready Meals > Premium & Tesco Finest Ready Meals For 1,https://www.tesco.com/groceries/en-GB/products/279899165,https://digitalcontent.api.tesco.com/v2/media/ghs/73c6ac74-99e7-4b85-ab1b-5173aea558c7/178e47db-cc4d-48f1-9ecc-bb88f872c636.jpeg?h=225&w=225,yes,2026-10-07
258137155,Tesco Finest Fish Pie 400G,4.75,11.88,per kg,Fresh Food > Ready Meals > Tesco Finest & Premium Ready Meals > Premium & Tesco Finest Ready Meals For 1,https://www.tesco.com/groceries/en-GB/products/258137155,https://digitalcontent.api.tesco.com/v2/media/ghs/fdabcec4-dfca-460b-9e63-d9db6c184ba6/fe0b06c0-4c6a-4adf-884b-603a30e720c9.jpeg?h=225&w=225,yes,2026-10-07
315754841,Tesco Finest Crumbed Wiltshire Cured Ham 120g,3.75,31.25,per kg,"Fresh Food > Cooked Meats, Antipasti & Dips > Ham > Crumbed Ham",https://www.tesco.com/groceries/en-GB/products/315754841,https://digitalcontent.api.tesco.com/v2/media/ghs/80e2e415-6798-4abe-aa77-0f51538b1fc6/1610c017-a846-493f-b123-6f436cd14dbb.jpeg?h=225&w=225,yes,2026-10-07
316068767,Tesco Finest Finely Sliced Apple Wood Smoked Ham 120g,3.75,31.25,per kg,"Fresh Food > Cooked Meats, Antipasti & Dips > Ham > Smoked, Peppered & Flavoured Ham",https://www.tesco.com/groceries/en-GB/products/316068767,https://digitalcontent.api.tesco.com/v2/media/ghs/70385308-00ad-403e-aee5-0a76600d10aa/b36a64bc-f360-4778-a30f-d59c0e65cdb1.jpeg?h=225&w=225,yes,2026-10-07
287593399,Tesco Finest Mixed Baby Tomatoes 250G,2.00,8,per kg,"Fresh Food > Fresh Salad, Coleslaw & Sandwich Fillers > Tomatoes > Baby & Cherry Tomatoes",https://www.tesco.com/groceries/en-GB/products/287593399,https://digitalcontent.api.tesco.com/v2/media/ghs/cb624f14-38f4-453f-ae3b-1073bff6f360/daebc958-a9bd-4be1-9605-1b41f88f8d6c.jpeg?h=225&w=225,yes,2026-10-07
286694229,Tesco Finest 20 Mini Meatballs 336G,4.95,14.73,per kg,Fresh Food > Fresh Meat & Poultry > Mince & Meatballs > Beef Mince & Meatballs,https://www.tesco.com/groceries/en-GB/products/286694229,https://digitalcontent.api.tesco.com/v2/media/ghs/f4daf591-2178-4c9d-b52a-9220463ff41c/d5340cc3-0eda-4cef-a075-80a820993fbe.jpeg?h=225&w=225,yes,2026-10-07
316071282,Tesco Finest 2 Thick Whole Slices Roast Ham 120g,3.75,31.25,per kg,"Fresh Food > Cooked Meats, Antipasti & Dips > Ham > Cooked Ham",https://www.tesco.com/groceries/en-GB/products/316071282,https://digitalcontent.api.tesco.com/v2/media/ghs/a65e9d64-8997-4acd-8a95-64403f4ffe20/c18e642b-4728-4531-90b6-da3a6da42e95.jpeg?h=225&w=225,yes,2026-10-07
330750697,Tesco Finest Hunter's Chicken 464g,6.50,14.01,per kg,Fresh Food > Fresh Meat & Poultry > Finest Fresh Meat & Poultry > Finest Chicken,https://www.tesco.com/groceries/en-GB/products/330750697,https://digitalcontent.api.tesco.com/v2/media/ghs/891ac1ef-dc1f-44b3-8151-62962f4ea3c0/35b19b1a-6758-44b6-b0ff-a0269cd8845c.jpeg?h=225&w=225,yes,2026-10-07
316542128,Tesco Finest Lasagne Al Forno 400g,4.75,11.88,per kg,Fresh Food > Ready Meals > Tesco Finest & Premium Ready Meals > Premium & Tesco Finest Ready Meals For 1,https://www.tesco.com/groceries/en-GB/products/316542128,https://digitalcontent.api.tesco.com/v2/media/ghs/9df3302f-2f42-4b70-902b-469222549290/48411dd9-cc01-49c9-b212-7fecfdb58c2d.jpeg?h=225&w=225,yes,2026-10-07
330754749,Tesco Finest Just 6 Ingredients British Pork Chipolatas 375g,3.30,8.8,per kg,Fresh Food > Fresh Meat & Poultry > Sausages > Pork Sausages & Chipolatas,https://www.tesco.com/groceries/en-GB/products/330754749,https://digitalcontent.api.tesco.com/v2/media/ghs/66829b92-5ce6-4c1e-9146-5b567625d22e/068a13b4-fb6d-4d46-bc01-a107f408859e.jpeg?h=225&w=225,yes,2026-10-07
279992532,Tesco Finest 10 Pigs In Blankets 210G,3.50,16.67,per kg,Fresh Food > Fresh Meat & Poultry > Sausages > Pigs in Blankets & Cocktail Sausages,https://www.tesco.com/groceries/en-GB/products/279992532,https://digitalcontent.api.tesco.com/v2/media/ghs/c81f8a41-2d0d-449a-abb7-2c70cbbd173c/50accc86-7cb9-4fd4-be53-779733bd46f7.jpeg?h=225&w=225,yes,2026-10-07
313845316,Tesco Finest Pink Lady Apple 4 Pack,3.10,0.78,each,Fresh Food > Fresh Fruit > Apples & Pears > Pink & Red Apples,https://www.tesco.com/groceries/en-GB/products/313845316,https://digitalcontent.api.tesco.com/v2/media/ghs/218b2773-7c7f-4194-be2c-850ba5ddd95f/fd463f57-084b-49b8-a8a8-9a6f297905b1.jpeg?h=225&w=225,yes,2026-10-07
275174349,Tesco Finest Unsmoked Dry Cure Back Bacon 8 Pack 240G,4.15,17.29,per kg,Fresh Food > Fresh Meat & Poultry > Bacon > Back Bacon,https://www.tesco.com/groceries/en-GB/products/275174349,https://digitalcontent.api.tesco.com/v2/media/ghs/160f1b11-536a-4f74-84c2-1bd55675435b/67e05d7a-58cb-4834-8d51-9b42d371638b.jpeg?h=225&w=225,yes,2026-10-07
292606718,Tesco Finest 2 Cornfed Free Range Chicken Breast Fillets 270G-470G,17.80,17.8,per kg,"Fresh Food > Finest Fresh Food > Finest Meat, Poultry & Seafood > Finest Poultry",https://www.tesco.com/groceries/en-GB/products/292606718,https://digitalcontent.api.tesco.com/v2/media/ghs/86306806-56e1-45a5-a884-dda148d730a3/4fb1d4c6-36a1-4a9d-8bb7-46c797687baf.jpeg?h=225&w=225,yes,2026-10-07
291818567,Tesco Finest 2 Cod & Parsley Fishcakes 290G,3.75,12.93,per kg,Fresh Food > Chilled Fish & Seafood > Fishcakes & Fish Fingers > Chilled Fishcakes,https://www.tesco.com/groceries/en-GB/products/291818567,https://digitalcontent.api.tesco.com/v2/media/ghs/14167c18-539f-4a04-be02-9bc337d3468a/09d50aab-1c32-40a7-a3b5-466ca9fb3cf4.jpeg?h=225&w=225,yes,2026-10-07
275174361,Tesco Finest Smoked Dry Cure Back Bacon 8 Pack 240G,4.15,17.29,per kg,Fresh Food > Fresh Meat & Poultry > Bacon > Back Bacon,https://www.tesco.com/groceries/en-GB/products/275174361,https://digitalcontent.api.tesco.com/v2/media/ghs/becc1bdd-87fd-462b-926b-ec160b476d99/5b422ad4-379e-46c2-9ffa-9ce26f96f0d6.jpeg?h=225&w=225,yes,2026-10-07
291844640,Tesco Finest 2 Smoked Haddock Fishcakes 290G,3.75,12.93,per kg,Fresh Food > Chilled Fish & Seafood > Fishcakes & Fish Fingers > Chilled Fishcakes,https://www.tesco.com/groceries/en-GB/products/291844640,https://digitalcontent.api.tesco.com/v2/media/ghs/6a2bc79c-87d6-4998-aabf-3088df03b7d1/44ac94a1-4b2c-4e1c-b9fa-b1761c2df462.jpeg?h=225&w=225,yes,2026-10-07
315978501,"Tesco Finest Roast Chicken Breast with Pork, Sage & Onion Stuffing 120g",3.75,31.25,per kg,"Fresh Food > Cooked Meats, Antipasti & Dips > Cooked Chicken > Cooked Chicken Slices & Pieces",https://www.tesco.com/groceries/en-GB/products/315978501,https://digitalcontent.api.tesco.com/v2/media/ghs/239b4675-4bbe-4dca-8d96-ba73b648dbda/3f75a97e-29ae-43f5-bade-d4fd8748751e.jpeg?h=225&w=225,yes,2026-10-07
322052152,"Tesco Finest Pork, Cheddar & Beer Braised Onion Sausages 400g",3.30,8.25,per kg,Fresh Food > Fresh Meat & Poultry > Sausages > Pork Sausages & Chipolatas,https://www.tesco.com/groceries/en-GB/products/322052152,https://digitalcontent.api.tesco.com/v2/media/ghs/8f009a9b-4528-41e6-96af-204c4ac71055/33858f35-c597-411c-a8e7-842d4e6c2a90.jpeg?h=225&w=225,yes,2026-10-07
287377771,Tesco Finest Raspberries 150G,2.95,19.67,per kg,Fresh Food > Fresh Fruit > Berries & Cherries > Raspberries,https://www.tesco.com/groceries/en-GB/products/287377771,https://digitalcontent.api.tesco.com/v2/media/ghs/c20e6ffe-d6d0-47af-a370-96e0a2502bb8/a8ce9979-f8f6-4f39-803a-74c76f3d235a.jpeg?h=225&w=225,yes,2026-10-07
261958659,Tesco Finest Aberdeen Angus Steak Mince 500G,6.00,12,per kg,Fresh Food > Fresh Meat & Poultry > Mince & Meatballs > Beef Mince & Meatballs,https://www.tesco.com/groceries/en-GB/products/261958659,https://digitalcontent.api.tesco.com/v2/media/ghs/3d5cdd23-353b-45a5-8fd9-22ad78d3c79b/f156b0e0-cb9e-4f49-8f42-b854da142cfa.jpeg?h=225&w=225,yes,2026-10-07
330754746,Tesco Finest Just 6 Ingredients British Pork Sausages 400g,3.30,8.25,per kg,Fresh Food > Fresh Meat & Poultry > Sausages > Pork Sausages & Chipolatas,https://www.tesco.com/groceries/en-GB/products/330754746,https://digitalcontent.api.tesco.com/v2/media/ghs/f15836eb-a14d-453d-b5b5-f7011460ebf4/b5409b6b-7284-413d-a57b-52c32cb4f267.jpeg?h=225&w=225,yes,2026-10-07
310111585,Tesco Finest Black Cherry Yogurt 150G,1.00,6.67,per kg,"Fresh Food > Yogurts > Indulgent Yogurts, Corners & Rice Pudding > Indulgent Yoghurts",https://www.tesco.com/groceries/en-GB/products/310111585,https://digitalcontent.api.tesco.com/v2/media/ghs/04f7e89b-cc56-4b44-962f-646c3e393971/3032963c-3953-4a72-bdbf-be88ec542a93_1917429718.jpeg?h=225&w=225,yes,2026-10-07
261992145,Tesco Finest Smoked Dry Cure Streaky Bacon 240G,4.15,17.29,per kg,Fresh Food > Fresh Meat & Poultry > Bacon > Smoked Bacon,https://www.tesco.com/groceries/en-GB/products/261992145,https://digitalcontent.api.tesco.com/v2/media/ghs/795babf4-de0b-4dd4-960f-5c779d1e8020/c24c3420-340b-4fa9-b498-163d7cac671a.jpeg?h=225&w=225,yes,2026-10-07
305053885,Tesco Finest Cavolo Nero Kale 200G,1.35,6.75,per kg,"Fresh Food > Fresh Vegetables & Fresh Flowers > Spinach, Cabbages & Greens > Greens & Kale",https://www.tesco.com/groceries/en-GB/products/305053885,https://digitalcontent.api.tesco.com/v2/media/ghs/85f067fb-f11f-4693-9e84-d13ccfd96b0f/f0817c55-66d8-40e2-90eb-95397913453f.jpeg?h=225&w=225,yes,2026-10-07
266748693,Tesco Finest Spaghetti Carbonara 400G,4.75,11.88,per kg,Fresh Food > Ready Meals > Tesco Finest & Premium Ready Meals > Premium & Tesco Finest Ready Meals For 1,https://www.tesco.com/groceries/en-GB/products/266748693,https://digitalcontent.api.tesco.com/v2/media/ghs/7c61143e-2a84-474a-84d2-aa5e9e8d790d/68b65a1b-1b22-4d79-93b8-52bb866ade5c.jpeg?h=225&w=225,yes,2026-10-07
318188688,Tesco Finest Wiltshire Finely Sliced Ham 200g,4.50,22.5,per kg,"Fresh Food > Cooked Meats, Antipasti & Dips > Finest Cooked Meat > Finest Ham Slices",https://www.tesco.com/groceries/en-GB/products/318188688,https://digitalcontent.api.tesco.com/v2/media/ghs/3ec37f13-22b7-4347-9d4f-85793728cc75/4a67fd95-3169-42a1-a4b7-723a23586e84.jpeg?h=225&w=225,yes,2026-10-07
312100065,Tesco Finest Sweet & Sour Chicken & Egg Fried Rice 400G,4.75,11.88,per kg,Fresh Food > Ready Meals > Tesco Finest & Premium Ready Meals > Premium & Tesco Finest Ready Meals For 1,https://www.tesco.com/groceries/en-GB/products/312100065,https://digitalcontent.api.tesco.com/v2/media/ghs/fc4a06f6-90d4-4b4c-92de-58345cf3e2a1/353f61c8-de32-4add-a6b7-f1b74e2a3bb8.jpeg?h=225&w=225,yes,2026-10-07
320982321,Tesco Finest Salsiccia Piccante with Hot Honey Wood Fired Pizza 410g,4.85,11.83,per kg,"Fresh Food > Fresh Pizza, Pasta & Garlic Bread > Fresh Pizza > Pepperoni & Meat Pizza",https://www.tesco.com/groceries/en-GB/products/320982321,https://digitalcontent.api.tesco.com/v2/media/ghs/be89100b-5be7-494b-bd76-7b428d32410e/f2cda963-18b0-4827-908f-1f8f456b981e.jpeg?h=225&w=225,yes,2026-10-07
320557635,Tesco Finest Spaghetti Bolognese 400g,4.75,11.88,per kg,Fresh Food > Ready Meals > Tesco Finest & Premium Ready Meals > Premium & Tesco Finest Ready Meals For 1,https://www.tesco.com/groceries/en-GB/products/320557635,https://digitalcontent.api.tesco.com/v2/media/ghs/6c85dda3-5e22-498e-8e95-fabc343f5b0e/821cbe6e-ba10-4e86-9ade-da3d89a554b5.jpeg?h=225&w=225,yes,2026-10-07
299982698,Tesco Finest Creamy Buttery Mash 450G,3.30,7.33,per kg,Fresh Food > Ready Meals > Tesco Finest & Premium Ready Meals > Premium Tesco Finest Ready Meal Starters & Sides,https://www.tesco.com/groceries/en-GB/products/299982698,https://digitalcontent.api.tesco.com/v2/media/ghs/29c9e5b4-ad3a-4e56-aeef-028e775448f8/40628320-6f3e-4f96-b2af-138aafdad96f.jpeg?h=225&w=225,yes,2026-10-07
302676947,Tesco Finest Medjool Dates 200G,2.60,13,per kg,"Fresh Food > Finest Fresh Food > Finest Fruit, Nuts & Vegetables > Finest Dried Fruit & Nuts",https://www.tesco.com/groceries/en-GB/products/302676947,https://digitalcontent.api.tesco.com/v2/media/ghs/1333fe99-8c6a-4110-9437-d2cf7d9885b9/393caad6-e7c7-4bef-8ce4-890712438b73_1946626069.jpeg?h=225&w=225,yes,2026-10-07
320794411,Tesco Finest Vintage Cheddar & Caramelised Onion Quiche 400g,4.00,10,per kg,"Fresh Food > Pies, Pasties, Quiches & Party Food > Quiches & Tarts > Quiches & Tarts",https://www.tesco.com/groceries/en-GB/products/320794411,https://digitalcontent.api.tesco.com/v2/media/ghs/d3c6964d-0f51-4b44-8838-bc121be0f329/6cd30372-00bc-4af7-ab44-95bd8254b732_186801037.jpeg?h=225&w=225,yes,2026-10-07
320987696,Tesco Finest Ham Mushroom Mascarpone Woodfired Pizza 450g,4.85,10.78,per kg,"Fresh Food > Fresh Pizza, Pasta & Garlic Bread > Fresh Pizza > Pepperoni & Meat Pizza",https://www.tesco.com/groceries/en-GB/products/320987696,https://digitalcontent.api.tesco.com/v2/media/ghs/068000e6-5f90-450d-95a5-1f9f16c24c36/597d8bd8-ee62-4939-b3bf-7674c697a1b6.jpeg?h=225&w=225,yes,2026-10-07
299054484,Tesco Finest Unsmoked 6 Dry Cure Thick Cut Bacon 240G,4.15,17.29,per kg,Fresh Food > Fresh Meat & Poultry > Bacon > Back Bacon,https://www.tesco.com/groceries/en-GB/products/299054484,https://digitalcontent.api.tesco.com/v2/media/ghs/3dee505e-5b68-49e8-95ca-831b8eeb48f8/774b0a7b-bd8f-4be0-8433-37bf03516cee.jpeg?h=225&w=225,yes,2026-10-07
330757179,Tesco Finest Pesto & Mozzarella Crispy Chicken Breasts 355g,6.00,16.9,per kg,Fresh Food > Fresh Meat & Poultry > Finest Fresh Meat & Poultry > Finest Chicken,https://www.tesco.com/groceries/en-GB/products/330757179,https://digitalcontent.api.tesco.com/v2/media/ghs/bac9df2e-e82b-449f-9cdc-6fb4846b3240/4b7ea485-74c0-4266-bb6a-d7fa9cb7b06b.jpeg?h=225&w=225,yes,2026-10-07
268552569,Tesco Finest Spinach Pinenut Pasta 215G,3.25,15.12,per kg,"Fresh Food > Fresh Salad, Coleslaw & Sandwich Fillers > Salad Pots & Pasta Salad > Pasta & Noodle Salad",https://www.tesco.com/groceries/en-GB/products/268552569,https://digitalcontent.api.tesco.com/v2/media/ghs/758a5b3d-d5f8-419e-8c22-51528cc88059/b22923bc-ed0e-489d-8304-f48e0707baf0.jpeg?h=225&w=225,yes,2026-10-07
330749878,Tesco Finest Mozzarella Stuffed Pork Meatballs 530g,6.00,11.32,per kg,Fresh Food > Fresh Meat & Poultry > Finest Fresh Meat & Poultry > Finest Pork & Gammon,https://www.tesco.com/groceries/en-GB/products/330749878,https://digitalcontent.api.tesco.com/v2/media/ghs/d0d69057-afac-4970-947d-833a8ac93ddb/cb2e1175-296b-49e4-9392-dc210b6322e9.jpeg?h=225&w=225,yes,2026-10-07
275399728,Tesco Finest 6 Free Range Chestnut Maran Eggs,2.90,0.48,each,"Fresh Food > Milk, Butter & Eggs > Eggs > Specialty Eggs",https://www.tesco.com/groceries/en-GB/products/275399728,https://digitalcontent.api.tesco.com/v2/media/ghs/90bf6a67-3918-4467-ae8b-fdae83869dba/65a160de-afc6-41e4-a59f-acf29f0ac240.jpeg?h=225&w=225,yes,2026-10-07
296481201,Tesco Finest Garlic & Parsley Ciabatta 255G,3.20,12.55,per kg,"Fresh Food > Fresh Pizza, Pasta & Garlic Bread > Chilled Garlic Bread & Dough Balls > Tesco Finest Bread",https://www.tesco.com/groceries/en-GB/products/296481201,https://digitalcontent.api.tesco.com/v2/media/ghs/2b76eb6d-d128-4c71-ad41-35a6f7ba1d63/df35c875-a3ff-4035-a311-4359d168a25f.jpeg?h=225&w=225,yes,2026-10-07
268821142,Tesco Finest British 12 Pork & Honey Chipolatas 375G,3.30,8.8,per kg,Fresh Food > Fresh Meat & Poultry > Sausages > Pork Sausages & Chipolatas,https://www.tesco.com/groceries/en-GB/products/268821142,https://digitalcontent.api.tesco.com/v2/media/ghs/10eb11ad-d261-450a-864b-7c81d3e73d15/50589eff-8e2c-4b05-b5e2-af72b2dd41e4.jpeg?h=225&w=225,yes,2026-10-07
314712305,Tesco Finest Chicken Tikka Masala Saffron Pilau Rice 400G,4.75,11.88,per kg,Fresh Food > Ready Meals > Tesco Finest & Premium Ready Meals > Premium & Tesco Finest Ready Meals For 1,https://www.tesco.com/groceries/en-GB/products/314712305,https://digitalcontent.api.tesco.com/v2/media/ghs/064c095b-103f-4fa4-ad00-90b57e61204a/7f8d3301-ccd8-429b-90c4-01f0c709aebe.jpeg?h=225&w=225,yes,2026-10-07
330757176,Tesco Finest Garlic & Parmesan Mini Fillets 330g,5.00,15.15,per kg,Fresh Food > Fresh Meat & Poultry > Breaded Chicken > Chicken Fillets & Burgers,https://www.tesco.com/groceries/en-GB/products/330757176,https://digitalcontent.api.tesco.com/v2/media/ghs/eeb2c41b-ba16-42c1-b93d-39fbbd7f1e9d/dad017de-7e59-4e19-8190-c7602aaba7de.jpeg?h=225&w=225,yes,2026-10-07
310170871,Tesco Finest Madagascan Vanilla Yogurt 150G,1.00,6.67,per kg,"Fresh Food > Yogurts > Indulgent Yogurts, Corners & Rice Pudding > Indulgent Yoghurts",https://www.tesco.com/groceries/en-GB/products/310170871,https://digitalcontent.api.tesco.com/v2/media/ghs/71903313-459a-4a8a-be53-b956d5c0482a/6134525a-96f9-4912-95a1-88c102d95d3c_1825828082.jpeg?h=225&w=225,yes,2026-10-07
330746986,Tesco Finest Mediterranean Seabass Fillet 180g,7.75,43.06,per kg,Fresh Food > Chilled Fish & Seafood >  Fresh Fish Fillets > Fresh Seabass,https://www.tesco.com/groceries/en-GB/products/330746986,https://digitalcontent.api.tesco.com/v2/media/ghs/5124048a-0c0b-4bf4-8b76-40c893f4c104/508c8ede-dd61-48a7-a38a-012d78d862de.jpeg?h=225&w=225,yes,2026-10-07
279992336,Tesco Finest Pork Sausage Meat 350G,3.50,10,per kg,Fresh Food > Fresh Meat & Poultry > Sausages > Pork Sausages & Chipolatas,https://www.tesco.com/groceries/en-GB/products/279992336,https://digitalcontent.api.tesco.com/v2/media/ghs/25d34592-5bd6-4003-af92-c0046cd002af/1685a990-611b-4f73-8919-c792f386296c.jpeg?h=225&w=225,yes,2026-10-07
264744337,Tesco Finest Steak Ragu 400G,4.75,11.88,per kg,Fresh Food > Ready Meals > Tesco Finest & Premium Ready Meals > Premium & Tesco Finest Ready Meals For 1,https://www.tesco.com/groceries/en-GB/products/264744337,https://digitalcontent.api.tesco.com/v2/media/ghs/6157494c-ac65-4786-86ad-3fb9e3da5d8f/336da95b-2168-4d24-8de2-d16aa0dd10eb.jpeg?h=225&w=225,yes,2026-10-07
323423196,"Tesco Finest Chicken, King Prawn & Chorizo Paella 400g",4.75,11.88,per kg,Fresh Food > Ready Meals > Tesco Finest & Premium Ready Meals > Premium & Tesco Finest Ready Meals For 1,https://www.tesco.com/groceries/en-GB/products/323423196,https://digitalcontent.api.tesco.com/v2/media/ghs/3fcea9b8-bbf6-4cad-88fa-155c47a593a8/4ea938d7-6a8e-4f13-aea8-187bee93ab6b.jpeg?h=225&w=225,yes,2026-10-07
320793314,Tesco Finest Maple Bacon & Vintage Cheddar Quiche 400g,4.00,10,per kg,"Fresh Food > Pies, Pasties, Quiches & Party Food > Quiches & Tarts > Quiches & Tarts",https://www.tesco.com/groceries/en-GB/products/320793314,https://digitalcontent.api.tesco.com/v2/media/ghs/cebc68f3-103c-43a0-bc99-005a2b98c207/fe293346-2d55-476a-9f9f-565ff4d14bfe_865385446.jpeg?h=225&w=225,yes,2026-10-07
310130844,Tesco Finest Strawberry Yogurt 150G,1.00,6.67,per kg,"Fresh Food > Yogurts > Indulgent Yogurts, Corners & Rice Pudding > Indulgent Yoghurts",https://www.tesco.com/groceries/en-GB/products/310130844,https://digitalcontent.api.tesco.com/v2/media/ghs/7286ac45-359f-4ccb-90e7-8532f9cd17ad/4be90eb0-c67c-46d5-86ea-8f6508f1623f_672382289.jpeg?h=225&w=225,yes,2026-10-07
267266846,Tesco Finest Chicken & Pancetta Bake 400G,4.75,11.88,per kg,Fresh Food > Ready Meals > Tesco Finest & Premium Ready Meals > Premium & Tesco Finest Ready Meals For 1,https://www.tesco.com/groceries/en-GB/products/267266846,https://digitalcontent.api.tesco.com/v2/media/ghs/f5f39cf2-0b38-48e8-a3db-70f9b17c62c6/4afef9a9-9c08-4288-ad1e-f6cbd34809e5.jpeg?h=225&w=225,yes,2026-10-07
285400845,Tesco Finest Pork Loin Steaks 400G,5.75,14.38,per kg,Fresh Food > Fresh Meat & Poultry > Fresh Pork & Gammon > Pork Steaks & Chops,https://www.tesco.com/groceries/en-GB/products/285400845,https://digitalcontent.api.tesco.com/v2/media/ghs/e6f71b75-fd40-4c43-a94d-5fd730cd518f/6948ff97-5d6f-4869-9395-34194269ccae.jpeg?h=225&w=225,yes,2026-10-07
275318555,Tesco Finest Spanish Spicy Chorizo Ring 225G,2.40,10.67,per kg,"Fresh Food > Cooked Meats, Antipasti & Dips > Chorizo, Salami & Continental Meats > Chorizo",https://www.tesco.com/groceries/en-GB/products/275318555,https://digitalcontent.api.tesco.com/v2/media/ghs/77fdca88-fb6c-4e76-8123-dd4238c263ba/6bdd5a93-9941-4054-b6b8-77fc61dd8bea_919259250.jpeg?h=225&w=225,yes,2026-10-07
259098826,Tesco Finest Echalion Shallots 400G,1.55,3.88,per kg,Fresh Food > Fresh Vegetables & Fresh Flowers > Onions & Leeks > Onions - Shallots,https://www.tesco.com/groceries/en-GB/products/259098826,https://digitalcontent.api.tesco.com/v2/media/ghs/66901b9e-ed52-4f3f-9a95-a62b8151be89/1cda66fe-5279-4e2a-a20e-38ed3240b919_242085207.jpeg?h=225&w=225,yes,2026-10-07
308458275,Tesco Finest Ribeye Steak 227G,8.00,35.24,per kg,Fresh Food > Fresh Meat & Poultry > Fresh Beef > Beef Steaks,https://www.tesco.com/groceries/en-GB/products/308458275,https://digitalcontent.api.tesco.com/v2/media/ghs/005249b4-3517-4879-a7b2-fdb1bf975b0e/23ed4801-f537-47b7-adca-c96dfd611682.jpeg?h=225&w=225,yes,2026-10-07
294007848,Tesco Finest Raw Jumbo King Prawns 165G,3.95,23.94,per kg,Fresh Food > Chilled Fish & Seafood > Prawns & Seafood > Prawns,https://www.tesco.com/groceries/en-GB/products/294007848,https://digitalcontent.api.tesco.com/v2/media/ghs/b5eb28b3-5945-4b6c-bdd3-f89cc31efac6/11ccc157-80b3-41fa-a8e0-789fea452397.jpeg?h=225&w=225,yes,2026-10-07
316060698,Tesco Finest 4 Signature Pork Sausages 440g,4.25,9.66,per kg,Fresh Food > Fresh Meat & Poultry > Sausages > Pork Sausages & Chipolatas,https://www.tesco.com/groceries/en-GB/products/316060698,https://digitalcontent.api.tesco.com/v2/media/ghs/78fb0f5a-665d-4677-97a9-ea2df39dcbdd/567eca9b-ac72-446c-bd71-813047290b84.jpeg?h=225&w=225,yes,2026-10-07
317556827,Tesco Finest Dine In Golden-baked Potato Dauphinoise 400g,3.30,8.25,per kg,Fresh Food > Ready Meals > Finest Dine in for two > Finest Dine in for two Side,https://www.tesco.com/groceries/en-GB/products/317556827,https://digitalcontent.api.tesco.com/v2/media/ghs/66e5654c-8939-4458-b042-751cedc0ffb9/68141c3a-d6d4-4450-a6ab-6216b99ad534.jpeg?h=225&w=225,yes,2026-10-07
276772509,Tesco Finest Parmigiano Reggiano 170 G,3.85,22.65,per kg,Fresh Food > Cheese > Specialty & Continental Cheese > Parmesan & Pecorino,https://www.tesco.com/groceries/en-GB/products/276772509,https://digitalcontent.api.tesco.com/v2/media/ghs/390eefd5-966d-43f7-a640-61f9efb8c01e/23ce8b89-d7d8-4e07-9a6a-217f3d59a6c2_288656656.jpeg?h=225&w=225,yes,2026-10-07
311785228,Tesco Finest Jersey Whole Milk 1L,1.85,1.85,per litre,"Fresh Food > Milk, Butter & Eggs > Milk > Specialty Milk",https://www.tesco.com/groceries/en-GB/products/311785228,https://digitalcontent.api.tesco.com/v2/media/ghs/bed8164c-5a8d-4033-8d7c-4df8e16a4a1f/f9dc91be-2ef3-4831-9a80-1455f1485528_1706629093.jpeg?h=225&w=225,yes,2026-10-07
280010957,Tesco Finest British 10 Cumberland Sausages 667G,4.50,6.75,per kg,Fresh Food > Fresh Meat & Poultry > Sausages > Pork Sausages & Chipolatas,https://www.tesco.com/groceries/en-GB/products/280010957,https://digitalcontent.api.tesco.com/v2/media/ghs/5d17df79-2ffd-4dbb-bc77-f2d5f516d242/4bd17f18-3283-4f90-89f4-4f4de19c3a0d.jpeg?h=225&w=225,yes,2026-10-07
299598583,Tesco Finest 2 Cod & Chorizo Fishcakes 290G,3.75,12.93,per kg,Fresh Food > Chilled Fish & Seafood > Fishcakes & Fish Fingers > Chilled Fishcakes,https://www.tesco.com/groceries/en-GB/products/299598583,https://digitalcontent.api.tesco.com/v2/media/ghs/dc7887ce-5593-445b-8706-c2785b497c3d/5817a6e7-4504-4653-b1df-0eecc80111cb.jpeg?h=225&w=225,yes,2026-10-07
315355720,Tesco Finest Purple Sprouting Broccoli 200g,2.25,11.25,per kg,Fresh Food > Fresh Vegetables & Fresh Flowers > Broccoli & Cauliflower > Broccoli,https://www.tesco.com/groceries/en-GB/products/315355720,https://digitalcontent.api.tesco.com/v2/media/ghs/6516c6c0-5d5d-40e3-8140-3b8075a67223/caaec9ea-058e-43e2-a456-a05985d81102.jpeg?h=225&w=225,yes,2026-10-07
321522445,Tesco Finest Rossafina Tomatoes 300g,2.00,6.67,per kg,"Fresh Food > Fresh Salad, Coleslaw & Sandwich Fillers > Tomatoes > Tomatoes",https://www.tesco.com/groceries/en-GB/products/321522445,https://digitalcontent.api.tesco.com/v2/media/ghs/95a97af6-439f-4644-8bc1-e0b62aef56a5/2ab86ac5-3dd6-4096-a283-2cacc659444f.jpeg?h=225&w=225,yes,2026-10-07
312709342,Tesco Finest Bourbon Pulled Beef With Creamy Mash 400G,4.75,0.01,per kg,Fresh Food > Ready Meals > Tesco Finest & Premium Ready Meals > Premium & Tesco Finest Ready Meals For 1,https://www.tesco.com/groceries/en-GB/products/312709342,https://digitalcontent.api.tesco.com/v2/media/ghs/1bc65a95-d085-4db7-905e-4e7f22fc5eed/4d3af964-bee6-4531-a291-476977837153.jpeg?h=225&w=225,yes,2026-10-07
306930957,Tesco Finest Cantabrian Anchovy Fillets in Oil 50g,1.65,55,per kg DR.WT,Food Cupboard > Finest Food Cupboard > Finest Cooking Ingredients > Finest Canned Fish,https://www.tesco.com/groceries/en-GB/products/306930957,https://digitalcontent.api.tesco.com/v2/media/ghs/e3d6fe29-bf76-4d1f-bb7e-138c824869b1/6ea45c95-a904-47da-a8fc-cdbae2dc3c0d_1385902060.jpeg?h=225&w=225,yes,2026-10-07
322041706,Tesco Finest Grapes Selection Seedless 500g,2.70,5.4,per kg,Fresh Food > Fresh Fruit > Grapes > Seedless Green Grapes,https://www.tesco.com/groceries/en-GB/products/322041706,https://digitalcontent.api.tesco.com/v2/media/ghs/3160cc8f-e5a1-4b9d-8ed0-64c4d94bbc57/06d34497-3f06-4ed3-bc61-b5db6a17410c.jpeg?h=225&w=225,yes,2026-10-07
261969306,Tesco Finest Unsmoked Dry Cure Streaky Bacon 240G,4.15,17.29,per kg,Fresh Food > Fresh Meat & Poultry > Bacon > Streaky Bacon ,https://www.tesco.com/groceries/en-GB/products/261969306,https://digitalcontent.api.tesco.com/v2/media/ghs/1f0ce076-e2ff-4a72-912b-1b4d9f629f4f/69dbe34c-d6f3-4ef2-8177-75b23a1bf073.jpeg?h=225&w=225,yes,2026-10-07
313853669,Tesco Finest Scottish Smoked Salmon Mild and Delicate 100g,4.95,49.5,per kg,Fresh Food > Chilled Fish & Seafood > Salmon & Trout > Chilled Smoked Salmon,https://www.tesco.com/groceries/en-GB/products/313853669,https://digitalcontent.api.tesco.com/v2/media/ghs/c11e9497-fa10-4e06-8517-99eb0ba78ab6/0e1e9b9e-4187-415e-99de-4da5599bc00a.jpeg?h=225&w=225,yes,2026-10-07
276054144,Tesco Finest British Cornfed Free Range Whole Chicken 1Kg-2.3Kg,7.50,7.5,per kg,Fresh Food > Fresh Meat & Poultry > Fresh Chicken > Whole Chicken & Roast in Bag,https://www.tesco.com/groceries/en-GB/products/276054144,https://digitalcontent.api.tesco.com/v2/media/ghs/55065149-28f9-40e8-87c4-d82af338f5c5/5290ebf3-ece0-4c56-9399-8f67e54f7305.jpeg?h=225&w=225,yes,2026-10-07
275503762,Tesco Finest British Free-Range Chicken Thigh Fillets 430g,6.70,15.58,per kg,Fresh Food > Fresh Meat & Poultry > Fresh Chicken > Chicken Breast Fillet,https://www.tesco.com/groceries/en-GB/products/275503762,https://digitalcontent.api.tesco.com/v2/media/ghs/59276630-95fc-4ec9-bb31-a73f4f826859/307b6416-3288-4788-98a5-05dd5c987527.jpeg?h=225&w=225,yes,2026-10-07
285399356,Tesco Finest Pork Chops 500G,5.50,11,per kg,Fresh Food > Fresh Meat & Poultry > Fresh Pork & Gammon > Pork Steaks & Chops,https://www.tesco.com/groceries/en-GB/products/285399356,https://digitalcontent.api.tesco.com/v2/media/ghs/a38d8b8f-f3c1-4599-9fd4-2f589aa4d998/bd5c6de8-8487-4f24-8665-97433a924c68.jpeg?h=225&w=225,yes,2026-10-07
294174009,Tesco Finest Vintage English Cheddar 300g,4.00,13.33,per kg,Fresh Food > Cheese > Cheddar Cheese > Extra Mature & Vintage Cheddar Cheese,https://www.tesco.com/groceries/en-GB/products/294174009,https://digitalcontent.api.tesco.com/v2/media/ghs/55d79ba7-92df-490f-845a-79af27e765c3/bf27006c-e463-4f95-bafd-e1a5edac9d17_1953016869.jpeg?h=225&w=225,yes,2026-10-07
294173984,Tesco Finest Extra Mature English Cheddar Cheese 350G,4.00,11.43,per kg,Fresh Food > Cheese > Cheddar Cheese > Extra Mature & Vintage Cheddar Cheese,https://www.tesco.com/groceries/en-GB/products/294173984,https://digitalcontent.api.tesco.com/v2/media/ghs/d91b7d86-2dfd-46ae-8a1e-b58b34f74960/18ff60ef-7454-427b-a216-1f6514418d96_575502901.jpeg?h=225&w=225,yes,2026-10-07
320664018,Tesco Finest Wild Garlic Crispy Chicken Kiev 395g,7.50,18.99,per kg,Fresh Food > Ready Meals > Finest Dine in for two > Finest Dine in for two Main,https://www.tesco.com/groceries/en-GB/products/320664018,https://digitalcontent.api.tesco.com/v2/media/ghs/57178747-0647-40e0-bde7-840fc1c1b17f/ccaa1863-76c7-48ec-a52c-1f72bb6eb50e.jpeg?h=225&w=225,yes,2026-10-07
308481079,Tesco Finest Fillet Steak 210G,10.50,50,per kg,Fresh Food > Fresh Meat & Poultry > Fresh Beef > Beef Steaks,https://www.tesco.com/groceries/en-GB/products/308481079,https://digitalcontent.api.tesco.com/v2/media/ghs/dfd1144e-a19e-4763-9498-812bf76376a8/60f5940d-5da5-44fd-98cd-4cf0c4c1018e.jpeg?h=225&w=225,yes,2026-10-07
279899286,"Tesco Finest Ham Hock, Leek & Gratin 400G",4.75,11.88,per kg,Fresh Food > Ready Meals > Tesco Finest & Premium Ready Meals > Premium & Tesco Finest Ready Meals For 1,https://www.tesco.com/groceries/en-GB/products/279899286,https://digitalcontent.api.tesco.com/v2/media/ghs/43a465f6-039a-4402-b828-a2eeacd147f4/0303b884-7cbb-4621-b98f-adacc6aad451.jpeg?h=225&w=225,yes,2026-10-07
253154977,Tesco Finest Vanilla Custard 500g,2.95,5.9,per kg,"Fresh Food > Milk, Butter & Eggs > Fresh Cream & Custard > Fresh Custard",https://www.tesco.com/groceries/en-GB/products/253154977,https://digitalcontent.api.tesco.com/v2/media/ghs/8a020760-e961-4f38-b350-a545382fb33a/6f53bab8-4f6e-4b26-9e66-39f918f4c4ad.jpeg?h=225&w=225,yes,2026-10-07
306500712,Tesco Finest 4 Pork Sausage Rolls 188G,2.80,14.89,per kg,"Fresh Food > Pies, Pasties, Quiches & Party Food > Sausage Rolls, Pasties & Slices > Premium Sausage Rolls",https://www.tesco.com/groceries/en-GB/products/306500712,https://digitalcontent.api.tesco.com/v2/media/ghs/9c120dfa-2788-4b54-bf48-36e0f217e8a6/a5b303e1-89e1-4372-abc6-2f6c82e3454d_1672334906.jpeg?h=225&w=225,yes,2026-10-07
320545442,Tesco Finest Classic Caesar Salad Kit 265g,3.25,12.26,per kg,"Fresh Food > Fresh Salad, Coleslaw & Sandwich Fillers > Lettuce & Salad bags > Salad Bags",https://www.tesco.com/groceries/en-GB/products/320545442,https://digitalcontent.api.tesco.com/v2/media/ghs/99bef6ed-d51c-4648-8824-6bc71ec9295d/5d512f1d-3a9f-48d1-ba8c-705679952b85.jpeg?h=225&w=225,yes,2026-10-07
299982652,Tesco Finest Dine In Creamy Buttery Mash 450g,3.30,7.33,per kg,Fresh Food > Ready Meals > Finest Dine in for two > Finest Dine in for two Side,https://www.tesco.com/groceries/en-GB/products/299982652,https://digitalcontent.api.tesco.com/v2/media/ghs/77101302-9892-4616-b906-6c5249f5b31d/3f116552-d5cd-4b65-9411-ecf8b0482243.jpeg?h=225&w=225,yes,2026-10-07
303088668,Tesco Finest Sweetcure Smoked Mackerel Fillets 160G,6.15,38.44,per kg,Fresh Food > Chilled Fish & Seafood > Mackerel > Chilled Ready to Eat Mackerel,https://www.tesco.com/groceries/en-GB/products/303088668,https://digitalcontent.api.tesco.com/v2/media/ghs/dc904ddf-c3fb-4981-8fd5-bb1be6190960/ba57a315-c4e2-4ac2-8c94-bc9ecfe66a3a.jpeg?h=225&w=225,yes,2026-10-07
313739638,Tesco Finest Chicken Chow Mein 380G,4.75,12.5,per kg,Fresh Food > Ready Meals > Tesco Finest & Premium Ready Meals > Premium & Tesco Finest Ready Meals For 1,https://www.tesco.com/groceries/en-GB/products/313739638,https://digitalcontent.api.tesco.com/v2/media/ghs/fb6009ff-5430-4694-a2dc-b9791e9da36c/cea4a427-eec9-4a80-9539-d83462460035.jpeg?h=225&w=225,yes,2026-10-07
274749311,Tesco Finest Sweet Potato Coconut & Chilli Soup 600G,3.20,5.33,per kg,"Fresh Food > Chilled Soup, Sandwiches & Salad Pots > Chilled Soup > Fresh Soup - Vegetable Soup",https://www.tesco.com/groceries/en-GB/products/274749311,https://digitalcontent.api.tesco.com/v2/media/ghs/b6663fb6-eb77-46ba-acec-0cb7060aefef/b74ac7f4-4d35-4068-b30e-2a0bbfeac569.jpeg?h=225&w=225,yes,2026-10-07
323015380,Tesco Finest Moroccan Inspired Couscous 200g,3.25,16.25,per kg,"Fresh Food > Fresh Salad, Coleslaw & Sandwich Fillers > Salad Pots & Pasta Salad > Cous Cous Salad",https://www.tesco.com/groceries/en-GB/products/323015380,https://digitalcontent.api.tesco.com/v2/media/ghs/08cdb43f-2fb5-432a-87ee-99b9c3580a70/e1c1220a-8a51-4963-903a-c84ba8bfec50.jpeg?h=225&w=225,yes,2026-10-07
320401653,Tesco Finest 2 Beef Burgers 340g,4.50,13.24,per kg,Fresh Food > Fresh Meat & Poultry > Burger & BBQ Meat > Burgers,https://www.tesco.com/groceries/en-GB/products/320401653,https://digitalcontent.api.tesco.com/v2/media/ghs/bd6a2f5c-ab3d-47b9-8ff5-fb955c2fe115/f237b970-792c-4522-97bc-55894079baf9.jpeg?h=225&w=225,yes,2026-10-07
317192528,Tesco Finest 5% Pork Mince 500g,4.50,9,per kg,Fresh Food > Fresh Meat & Poultry > Mince & Meatballs > Pork Mince & Meatballs,https://www.tesco.com/groceries/en-GB/products/317192528,https://digitalcontent.api.tesco.com/v2/media/ghs/da39e664-2d5a-41ba-9e68-2cb0ebf74eed/21089119-b52d-45c9-8ec7-23f2d1482db6.jpeg?h=225&w=225,yes,2026-10-07
320963626,Tesco Finest Chicken Parmigiana Wood Fired Pizza 450g,4.85,10.78,per kg,"Fresh Food > Fresh Pizza, Pasta & Garlic Bread > Fresh Pizza > Pepperoni & Meat Pizza",https://www.tesco.com/groceries/en-GB/products/320963626,https://digitalcontent.api.tesco.com/v2/media/ghs/7540e08a-7d05-4e24-bcd3-d1e94d09c92c/d5549cc3-08b2-4878-b93c-86d2a95ad6b3.jpeg?h=225&w=225,yes,2026-10-07
261945191,Tesco Finest Belgian Chocolate Mousse 100G,1.15,11.5,per kg,Fresh Food > Chilled Desserts > Mousse & Smooth Potted Desserts > Premium Mousse & Smooth Pots,https://www.tesco.com/groceries/en-GB/products/261945191,https://digitalcontent.api.tesco.com/v2/media/ghs/e622a974-0945-4745-8467-ea911056ea76/9dc91e3d-eb7d-4d6a-8a71-b35cfa8f6fac.jpeg?h=225&w=225,yes,2026-10-07
251039075,Tesco Finest 12 Cumberland Chipolatas 375G,3.30,8.8,per kg,Fresh Food > Fresh Meat & Poultry > Sausages > Pork Sausages & Chipolatas,https://www.tesco.com/groceries/en-GB/products/251039075,https://digitalcontent.api.tesco.com/v2/media/ghs/7d5d2a54-e5fa-4b49-9aa4-e90dba5f5c1b/2edeb432-b6ca-4f98-b45a-08bf245fabf6.jpeg?h=225&w=225,yes,2026-10-07
286266161,Tesco Finest Cheddar & Onion Flatbread 295 G,3.20,10.85,per kg,"Fresh Food > Fresh Pizza, Pasta & Garlic Bread > Chilled Garlic Bread & Dough Balls > Garlic & Flavoured Flatbreads",https://www.tesco.com/groceries/en-GB/products/286266161,https://digitalcontent.api.tesco.com/v2/media/ghs/2be12cf2-f550-4821-b0b0-eb39c6e7beae/a628cdf8-b1ae-4a1b-bc73-56fec31a029f.jpeg?h=225&w=225,yes,2026-10-07
279899096,Tesco Finest Shepherd's Pie 400G,4.75,11.88,per kg,Fresh Food > Ready Meals > Tesco Finest & Premium Ready Meals > Premium & Tesco Finest Ready Meals For 1,https://www.tesco.com/groceries/en-GB/products/279899096,https://digitalcontent.api.tesco.com/v2/media/ghs/f81f65f8-594d-47f1-b5d6-854b05382bb8/adc5f89f-9be9-476d-9c6c-0b478fd91b92.jpeg?h=225&w=225,yes,2026-10-07
330747587,Tesco Finest Blue Stilton® Sauce 180g,2.35,13.06,per kg,"Fresh Food > Fresh Pizza, Pasta & Garlic Bread > Chilled Pasta Sauce & Pesto > Cheese Based Fresh Pasta Sauce",https://www.tesco.com/groceries/en-GB/products/330747587,https://digitalcontent.api.tesco.com/v2/media/ghs/67480215-1915-438e-a2d6-553accd238ae/613be120-7c97-46f5-80d0-ca6b28e559a7.jpeg?h=225&w=225,yes,2026-10-07
314847192,Tesco Finest 2 Scottish Salmon Fillets 260g ,6.50,25,per kg,Fresh Food > Chilled Fish & Seafood > Salmon & Trout > Chilled Salmon Fillets,https://www.tesco.com/groceries/en-GB/products/314847192,https://digitalcontent.api.tesco.com/v2/media/ghs/d35c05c7-fc89-4802-be35-23af58087b0f/08bce99b-f3f7-4140-85b9-cd92253e91fb.jpeg?h=225&w=225,no,2026-10-07
259703288,Tesco Finest Unsmoked Wiltshire Cured Back Bacon 8 Pack 240G,4.15,17.29,per kg,Fresh Food > Fresh Meat & Poultry > Bacon > Back Bacon,https://www.tesco.com/groceries/en-GB/products/259703288,https://digitalcontent.api.tesco.com/v2/media/ghs/9b018713-58fd-4bbd-8d93-b61a3529579e/1b89b052-8ead-43b7-9443-d198b6c6f054.jpeg?h=225&w=225,yes,2026-10-07
317404867,Tesco Finest Golden-Baked Potato Dauphinoise 400g,3.30,8.25,per kg,Fresh Food > Ready Meals > Starters & Sides > Finest & Premium Ready Meal Starters & Sides,https://www.tesco.com/groceries/en-GB/products/317404867,https://digitalcontent.api.tesco.com/v2/media/ghs/21530091-3081-4c26-80d6-f2c3f4944a70/3436c15d-d247-498b-a18c-fbc380623624.jpeg?h=225&w=225,yes,2026-10-07
317549148,Tesco Finest Vintage Cheddar Cheese 500g,5.50,11,per kg,Fresh Food > Cheese > Cheddar Cheese > Extra Mature & Vintage Cheddar Cheese,https://www.tesco.com/groceries/en-GB/products/317549148,https://digitalcontent.api.tesco.com/v2/media/ghs/95b20e32-f6ef-482f-855d-2dc0cc87a256/80ebbc2d-89a9-41a3-be9e-6ddea47205a3_1827119133.jpeg?h=225&w=225,yes,2026-10-07
304399212,Tesco Finest 2 Yellowfin Tuna Steaks 240g,10.50,43.75,per kg,Fresh Food > Chilled Fish & Seafood > Tuna > Fresh Tuna,https://www.tesco.com/groceries/en-GB/products/304399212,https://digitalcontent.api.tesco.com/v2/media/ghs/86a3ab70-93f6-42f0-8191-ccf637a266c3/22af3e3b-52cc-47c7-a923-279c705a5425.jpeg?h=225&w=225,yes,2026-10-07
323780745,Tesco Finest Dine In Triple Cook Chips 400g,3.30,8.25,per kg,Fresh Food > Ready Meals > Finest Dine in for two > Finest Dine in for two Side,https://www.tesco.com/groceries/en-GB/products/323780745,https://digitalcontent.api.tesco.com/v2/media/ghs/37977c92-1e35-4971-8b25-0cc403a6b5b3/c2962558-c756-400e-8f2f-230e1bff506f.jpeg?h=225&w=225,yes,2026-10-07
312713935,Tesco Finest Extra Large Brown Onions 2 Pack,1.60,0.8,each,Fresh Food > Fresh Vegetables & Fresh Flowers > Onions & Leeks > Onions,https://www.tesco.com/groceries/en-GB/products/312713935,https://digitalcontent.api.tesco.com/v2/media/ghs/c10bfa60-d3fa-4a7f-b375-924d8083d3d1/04950e6e-9c26-4494-9e05-e0401315efb8_1928317482.jpeg?h=225&w=225,yes,2026-10-07
315389363,Tesco Finest Dine In Mixed Berry Trifles 2x150G,3.50,11.67,per kg,Fresh Food > Ready Meals > Finest Dine in for two > Finest Dine in for two Dessert,https://www.tesco.com/groceries/en-GB/products/315389363,https://digitalcontent.api.tesco.com/v2/media/ghs/b1d6ee67-0ecf-4ef5-abc8-db1e4b345885/721b05ce-ff79-4e9a-a32d-7a61b4d4b9fb.jpeg?h=225&w=225,yes,2026-10-07
330747583,Tesco Finest Three Cheese Sauce 250g,2.75,11,per kg,"Fresh Food > Fresh Pizza, Pasta & Garlic Bread > Chilled Pasta Sauce & Pesto > Cheese Based Fresh Pasta Sauce",https://www.tesco.com/groceries/en-GB/products/330747583,https://digitalcontent.api.tesco.com/v2/media/ghs/b11bd460-35a2-4048-ba30-fd70a23b3bf9/0642a253-09f9-4177-b883-60b21c3a3da7.jpeg?h=225&w=225,yes,2026-10-07
322041845,Tesco Finest Deli Gammon Ham Slices 120g,3.00,25,per kg,"Fresh Food > Cooked Meats, Antipasti & Dips > Ham > Cooked Ham",https://www.tesco.com/groceries/en-GB/products/322041845,https://digitalcontent.api.tesco.com/v2/media/ghs/031b7dd4-6c61-45eb-9f04-0660b0205e16/be99b4d1-21a1-4961-ac53-408ce61c0a07.jpeg?h=225&w=225,yes,2026-10-07
299054461,Tesco Finest Smoked 6 Dry Cure Thick Cut Bacon 240g ,4.15,17.29,per kg,Fresh Food > Fresh Meat & Poultry > Bacon > Back Bacon,https://www.tesco.com/groceries/en-GB/products/299054461,https://digitalcontent.api.tesco.com/v2/media/ghs/420f0ac8-2ecb-43d0-b822-32cd71f5c72f/0efcad7b-b869-4842-8738-532e17b68f54.jpeg?h=225&w=225,yes,2026-10-07
323007672,Tesco Finest 2 Thai Inspired Salmon & King Prawn Fishcake 290g,3.75,12.93,per kg,Fresh Food > Chilled Fish & Seafood > Finest Fish > Finest Fishcakes,https://www.tesco.com/groceries/en-GB/products/323007672,https://digitalcontent.api.tesco.com/v2/media/ghs/abc9905b-3ff1-46e0-89c7-7c3ada9cf89e/fa3a0405-89d4-4564-b451-721ad98e9d0c.jpeg?h=225&w=225,yes,2026-10-07
312348117,Tesco Finest Sauvignon Blanc 75Cl,8.75,11.67,per litre,Fresh Food > Ready Meals > Finest Dine in for two > Finest Dine in for two Drinks,https://www.tesco.com/groceries/en-GB/products/312348117,https://digitalcontent.api.tesco.com/v2/media/ghs/0789365b-28fe-4716-b2a4-e47475f1286a/afea0727-0e87-439e-9791-5a9159609c4e_763877168.jpeg?h=225&w=225,yes,2026-10-07
322157973,Tesco Finest Yogurt Honey & Stem Ginger Yogurt 150g,1.00,6.67,per kg,"Fresh Food > Yogurts > Indulgent Yogurts, Corners & Rice Pudding > Indulgent Yoghurts",https://www.tesco.com/groceries/en-GB/products/322157973,https://digitalcontent.api.tesco.com/v2/media/ghs/986877a1-4b3a-49c9-b1b9-6c6d408981d4/24abd28b-ebf9-42c9-b316-4c4ef2b6cadf_1508207756.jpeg?h=225&w=225,yes,2026-10-07
303391549,Tesco Finest Strawberries 227G,3.25,14.32,per kg,Fresh Food > Fresh Fruit > Berries & Cherries > Strawberries,https://www.tesco.com/groceries/en-GB/products/303391549,https://digitalcontent.api.tesco.com/v2/media/ghs/3d5cf8d5-fcf3-41a9-8908-7355607a6bcd/9d2a5556-42e6-45d3-b22f-38c2242d7d3b.jpeg?h=225&w=225,yes,2026-10-07
317196432,Tesco Finest Slow Cooked Roast Beef Topside Slices 90g,4.00,44.44,per kg,Fresh Food > Deli Counter > Deli Counter - 3 for 2 > Counter 3 for 2,https://www.tesco.com/groceries/en-GB/products/317196432,https://digitalcontent.api.tesco.com/v2/media/ghs/6a6d6d29-09e2-4820-816e-a4db89c33ef7/826385b9-dbaa-4fcf-980f-5fdba55cbdeb.jpeg?h=225&w=225,yes,2026-10-07
300601199,"Tesco Finest Sardines With Chilli, Lime & Coriander 105G",1.20,11.43,per kg,Food Cupboard > Finest Food Cupboard > Finest Cooking Ingredients > Finest Canned Fish,https://www.tesco.com/groceries/en-GB/products/300601199,https://digitalcontent.api.tesco.com/v2/media/ghs/f3226b59-8021-4f2f-b0c3-e487450f6866/2d7dfa7f-27d6-4a24-a5b0-b31e129bbc4c_1033534768.jpeg?h=225&w=225,yes,2026-10-07
323663850,Tesco Finest Cooked Jumbo King Prawns 300g,7.50,25,per kg,Fresh Food > Chilled Fish & Seafood > Finest Fish > Finest Shellfish & Seafood,https://www.tesco.com/groceries/en-GB/products/323663850,https://digitalcontent.api.tesco.com/v2/media/ghs/c284d280-2482-496d-8632-3006676ad6e7/cfab28f9-2929-4f2a-ae39-d35836c30cb1.jpeg?h=225&w=225,yes,2026-10-07
330745126,Tesco Finest Arctic Circle Prime Sharing Salmon Fillet 500g,15.00,30,per kg,Fresh Food > Chilled Fish & Seafood > Finest Fish > Finest Fish & Fish Fillets,https://www.tesco.com/groceries/en-GB/products/330745126,https://digitalcontent.api.tesco.com/v2/media/ghs/fd6d990c-377b-4aa9-8551-c66822f36577/5f030c27-6acf-4866-8bbd-d645386f94b9.jpeg?h=225&w=225,yes,2026-10-07
309772684,Tesco Finest King Prawn Linguine 400G,4.75,11.88,per kg,Fresh Food > Ready Meals > Tesco Finest & Premium Ready Meals > Premium & Tesco Finest Ready Meals For 1,https://www.tesco.com/groceries/en-GB/products/309772684,https://digitalcontent.api.tesco.com/v2/media/ghs/92589a40-d559-4d4e-b82a-eddb3d1725b2/be2573a9-8cde-4e51-97bc-e5fe81918428.jpeg?h=225&w=225,yes,2026-10-07
313618839,Tesco Finest Sausage & Mash 400G,4.75,11.88,per kg,Fresh Food > Ready Meals > Tesco Finest & Premium Ready Meals > Premium & Tesco Finest Ready Meals For 1,https://www.tesco.com/groceries/en-GB/products/313618839,https://digitalcontent.api.tesco.com/v2/media/ghs/201a9c9e-3e11-4856-8a17-c2be7a31cbff/4d8bfa47-254a-40bc-9176-667f2dbd2166.jpeg?h=225&w=225,yes,2026-10-07
279468791,Tesco Finest 2 Wild Caught Sockeye Salmon Fillets 230G,10.75,46.74,per kg,Fresh Food > Chilled Fish & Seafood > Salmon & Trout > Chilled Salmon Fillets,https://www.tesco.com/groceries/en-GB/products/279468791,https://digitalcontent.api.tesco.com/v2/media/ghs/6806f8a7-2912-4615-9da4-d5dbbefedb9c/e9e9c437-2eb3-4d07-9c14-992b2a276151.jpeg?h=225&w=225,yes,2026-10-07
305966087,Tesco Finest 2 Scotch Eggs 260G,3.50,13.46,per kg,"Fresh Food > Pies, Pasties, Quiches & Party Food > Pork Pies & Scotch Eggs > Scotch Eggs",https://www.tesco.com/groceries/en-GB/products/305966087,https://digitalcontent.api.tesco.com/v2/media/ghs/937c3aae-9eba-4c04-a869-04371ba6b4b3/e9c65b16-0cb6-45d0-a983-c9d62a514db4_1578543201.jpeg?h=225&w=225,yes,2026-10-07
322140468,Tesco Finest Steakhouse Peppercorn Sauce 180g,2.60,14.44,per kg,"Fresh Food > Fresh Meat & Poultry > Fresh Sauces, Stuffing & Accompaniments > Steak Sauces",https://www.tesco.com/groceries/en-GB/products/322140468,https://digitalcontent.api.tesco.com/v2/media/ghs/c66c21c1-c4c0-4c2d-865c-adba946003a9/7817dff7-5e40-4e03-a43d-b64aa88ad381.jpeg?h=225&w=225,yes,2026-10-07
295981947,Tesco Finest 14 Month Genuine Parma Ham 78G,3.00,38.46,per kg,"Fresh Food > Cooked Meats, Antipasti & Dips > Chorizo, Salami & Continental Meats > Parma Ham, Prosciutto & Serrano Ham",https://www.tesco.com/groceries/en-GB/products/295981947,https://digitalcontent.api.tesco.com/v2/media/ghs/ff3d14f6-fc90-4bb9-b72a-c06ecba604ef/2982ec85-1244-4f58-8e48-b283718e18e3_809911515.jpeg?h=225&w=225,yes,2026-10-07
330748181,Tesco Finest Alaskan Sablefish Fillet 150g,8.00,53.33,per kg,"Fresh Food > Chilled Fish & Seafood > Cod, Haddock & White Fish > Fresh Cod",https://www.tesco.com/groceries/en-GB/products/330748181,https://digitalcontent.api.tesco.com/v2/media/ghs/24b8d208-edf6-48c9-8e54-e78daf12ba70/8f0ca4f4-fbdf-4e10-a091-752acba7cfbc.jpeg?h=225&w=225,yes,2026-10-07
315581175,Lasagne Al Forno 700g,7.50,10.71,per kg,Fresh Food > Ready Meals > Finest Dine in for two > Finest Dine in for two Main,https://www.tesco.com/groceries/en-GB/products/315581175,https://digitalcontent.api.tesco.com/v2/media/ghs/b2294424-a3a6-4112-8321-f795b0fd8b83/8e2f59a6-19ed-4a79-88d9-6a537227431f.jpeg?h=225&w=225,yes,2026-10-07
323156903,Tesco Finest Tabbouleh with a Mint & Herb Dressing 200g,3.25,16.25,per kg,"Fresh Food > Fresh Salad, Coleslaw & Sandwich Fillers > Salad Pots & Pasta Salad > Cous Cous Salad",https://www.tesco.com/groceries/en-GB/products/323156903,https://digitalcontent.api.tesco.com/v2/media/ghs/411746df-d6e4-4cfa-91e4-c05bb01e2c65/aa0e88d0-a692-46b7-90e8-375ed176ad20.jpeg?h=225&w=225,yes,2026-10-07
317191587,Tesco Finest Dine In Slow Cooked Steak Pie 500G,7.50,15,per kg,Fresh Food > Ready Meals > Finest Dine in for two > Finest Dine in for two Main,https://www.tesco.com/groceries/en-GB/products/317191587,https://digitalcontent.api.tesco.com/v2/media/ghs/2e9ffb75-03d8-46ee-94b3-3b96f811f2bf/6a945a0c-536b-4ab7-86e5-df353cb6ec6d.jpeg?h=225&w=225,yes,2026-10-07
330746751,Tesco Finest 4 Signature Pork Cumberland Sausages 440g,4.25,9.66,per kg,Fresh Food > Fresh Meat & Poultry > Sausages > Pork Sausages & Chipolatas,https://www.tesco.com/groceries/en-GB/products/330746751,https://digitalcontent.api.tesco.com/v2/media/ghs/de598460-d95d-426f-abf1-84b7714064b3/7a5405f8-2c82-4329-8f89-c1fa1be7117c.jpeg?h=225&w=225,yes,2026-10-07
312827121,Tesco Finest Italian Burrata 250G,3.15,21,per kg DR.WT,Fresh Food > Cheese > Specialty & Continental Cheese > Soft Continental Cheese,https://www.tesco.com/groceries/en-GB/products/312827121,https://digitalcontent.api.tesco.com/v2/media/ghs/7b26148a-5a5d-4b5a-b314-aedfdbc00585/51d9f471-3d1d-4467-8c15-55bb1e2c9b73_3668684283.jpeg?h=225&w=225,yes,2026-10-07
330746776,Tesco Finest Moules Mariniere 500g ,4.00,8,per kg,Fresh Food > Chilled Fish & Seafood > Finest Fish > Finest Shellfish & Seafood,https://www.tesco.com/groceries/en-GB/products/330746776,https://digitalcontent.api.tesco.com/v2/media/ghs/ac89457c-e7fc-455f-bf68-610d8b940307/6cb6d1b6-7e71-4c13-98b6-e45a030a2d5d.jpeg?h=225&w=225,yes,2026-10-07
317196743,Tesco Finest Dine In Green Vegetable Medley 220g,3.30,15,per kg,Fresh Food > Ready Meals > Finest Dine in for two > Finest Dine in for two Side,https://www.tesco.com/groceries/en-GB/products/317196743,https://digitalcontent.api.tesco.com/v2/media/ghs/353db420-4792-4798-9cd8-abc32a4706d6/d85d76db-df39-4a08-9a24-059816d6b9e0.jpeg?h=225&w=225,yes,2026-10-07
322046626,Tesco Finest Smooth Brussels Pâté 150g,2.70,18,per kg,"Fresh Food > Cooked Meats, Antipasti & Dips > Pate > Farmhouse & Meat Pate",https://www.tesco.com/groceries/en-GB/products/322046626,https://digitalcontent.api.tesco.com/v2/media/ghs/dc87e3aa-6a8c-49d5-9ea8-fb18424b73c7/c0da732f-08cb-4cc6-b85f-1fc22f8de0e8.jpeg?h=225&w=225,yes,2026-10-07
313003607,Tesco Finest Chicken Madeira & Mushroom Rice 400G,4.75,11.88,per kg,Fresh Food > Ready Meals > Tesco Finest & Premium Ready Meals > Premium & Tesco Finest Ready Meals For 1,https://www.tesco.com/groceries/en-GB/products/313003607,https://digitalcontent.api.tesco.com/v2/media/ghs/684bd8e1-88bf-4317-a713-695062c339e0/50f0152c-5d53-4542-8248-f696d36ec30e.jpeg?h=225&w=225,yes,2026-10-07
330746833,Tesco Finest Mussels with Chorizo in a Smoked Red Pepper & White Wine Sauce 500g,4.00,8,per kg,Fresh Food > Chilled Fish & Seafood > Finest Fish > Finest Shellfish & Seafood,https://www.tesco.com/groceries/en-GB/products/330746833,https://digitalcontent.api.tesco.com/v2/media/ghs/8f5241aa-b96d-4187-9f03-3a85fd109c52/71a1db6a-aec4-482e-ab31-cabbeb689a77.jpeg?h=225&w=225,yes,2026-10-07
323508955,Tesco Finest Cauliflower Cheese 350g,3.30,9.43,per kg,Fresh Food > Ready Meals > Starters & Sides > Finest & Premium Ready Meal Starters & Sides,https://www.tesco.com/groceries/en-GB/products/323508955,https://digitalcontent.api.tesco.com/v2/media/ghs/12516197-27c0-493f-8dba-e3efa0bbf8fd/bf0d255c-7170-47ec-85a5-14667dd22dd9.jpeg?h=225&w=225,yes,2026-10-07
310152294,Tesco Finest Roasted Hazelnut Yogurt 150G,1.00,6.67,per kg,"Fresh Food > Yogurts > Indulgent Yogurts, Corners & Rice Pudding > Indulgent Yoghurts",https://www.tesco.com/groceries/en-GB/products/310152294,https://digitalcontent.api.tesco.com/v2/media/ghs/8b96455d-c28a-4d39-bb60-544cdb953354/ffe543be-5044-41b3-b132-5c50c7d14bc3_567369500.jpeg?h=225&w=225,yes,2026-10-07
293742497,Tesco Finest Steak & Ale Pie 250G,4.00,16,per kg,"Fresh Food > Pies, Pasties, Quiches & Party Food > Pies > Premium Pies",https://www.tesco.com/groceries/en-GB/products/293742497,https://digitalcontent.api.tesco.com/v2/media/ghs/6d79b32e-b0da-489c-8d81-9083cf99d0a7/5b27b75a-27b1-4d7c-985b-48e02c57abeb_3351687820.jpeg?h=225&w=225,yes,2026-10-07
317205437,Tesco Finest Keralan Inspired Chicken Soup 600g,3.20,5.33,per kg,"Fresh Food > Chilled Soup, Sandwiches & Salad Pots > Tesco Finest & Premium Soup > Tesco Finest & Premium Soup",https://www.tesco.com/groceries/en-GB/products/317205437,https://digitalcontent.api.tesco.com/v2/media/ghs/7dfba561-5f55-4b64-af39-c0c6437c22b9/2365200f-bacb-4a6e-907d-cc962154b96f.jpeg?h=225&w=225,yes,2026-10-07
312571249,Tesco Finest Portobello Vitamin D Mushrooms,1.50,10,per kg,Fresh Food > Fresh Vegetables & Fresh Flowers > Mushrooms > Large & Flat Mushrooms,https://www.tesco.com/groceries/en-GB/products/312571249,https://digitalcontent.api.tesco.com/v2/media/ghs/d0b3e8f3-e23a-4d0f-bd30-5b2ee54b33af/e6c8954a-4182-45f2-9e37-2d8aea700dab.jpeg?h=225&w=225,yes,2026-10-07
322159406,Tesco Finest Pea & Ham 600g,3.20,5.33,per kg,"Fresh Food > Chilled Soup, Sandwiches & Salad Pots > Chilled Soup > Fresh Soup - Meat & Chicken Soup",https://www.tesco.com/groceries/en-GB/products/322159406,https://digitalcontent.api.tesco.com/v2/media/ghs/5311f88b-9cd1-4bac-bb10-b9a98cb4e783/2f7ca1ef-ecfa-4236-b84e-1e9809aaf1c8.jpeg?h=225&w=225,yes,2026-10-07
302292491,Tesco Finest Smoked Scottish Salmon Fillets 240g,6.75,28.12,per kg,Fresh Food > Chilled Fish & Seafood > Salmon & Trout > Chilled Smoked Salmon,https://www.tesco.com/groceries/en-GB/products/302292491,https://digitalcontent.api.tesco.com/v2/media/ghs/feb49051-f742-4008-b40c-b53b3381621e/8b075fac-20cd-4dd4-a31d-ba07c7849479.jpeg?h=225&w=225,yes,2026-10-07
259703198,Tesco Finest Wiltshire Cured Smoked Back Bacon 8 Rashers 240g,4.15,17.29,per kg,Fresh Food > Fresh Meat & Poultry > Bacon > Smoked Bacon,https://www.tesco.com/groceries/en-GB/products/259703198,https://digitalcontent.api.tesco.com/v2/media/ghs/fbbe07cc-8d14-461b-a493-c7900ec86fef/438deb04-ff14-42fe-8faf-b53912762403.jpeg?h=225&w=225,yes,2026-10-07
322138662,"Tesco Finest Oak Smoked British Pork Ribs with Hot Wildflower Honey, Apple & Bourbon glaze 995g",12.15,12.21,per kg,Fresh Food > Fresh Meat & Poultry > Finest Fresh Meat & Poultry > Finest Pork & Gammon,https://www.tesco.com/groceries/en-GB/products/322138662,https://digitalcontent.api.tesco.com/v2/media/ghs/da87a3df-17fe-4ede-bbd3-1ccc0e7dc712/2cf07939-c3bf-466c-a15b-3149fbd28bd6_151990979.jpeg?h=225&w=225,yes,2026-10-07
292054967,Tesco Finest Dine In Salted Caramel Profiteroles 6pk,3.50,28.23,per kg,Fresh Food > Ready Meals > Finest Dine in for two > Finest Dine in for two Dessert,https://www.tesco.com/groceries/en-GB/products/292054967,https://digitalcontent.api.tesco.com/v2/media/ghs/b2c11a30-5ec8-421b-84ff-ac1571fcf63f/9b47485f-abc8-43f9-97c8-07a5f9128442.jpeg?h=225&w=225,yes,2026-10-07
320542917,Tesco Finest Dry Cured Ham on the Bone Slices 130g,4.00,30.77,per kg,Fresh Food > Deli Counter > Deli Counter - 3 for 2 > Counter 3 for 2,https://www.tesco.com/groceries/en-GB/products/320542917,https://digitalcontent.api.tesco.com/v2/media/ghs/03bca0c1-5176-44d0-a252-ff29b1633a59/cc916046-a700-4b67-815e-c7bb2206ec61.jpeg?h=225&w=225,yes,2026-10-07
321830155,Tesco Finest Sticky Toffee Pudding Meal Deal 230g,3.50,15.22,per kg,Fresh Food > Ready Meals > Finest Dine in for two > Finest Dine in for two Dessert,https://www.tesco.com/groceries/en-GB/products/321830155,https://digitalcontent.api.tesco.com/v2/media/ghs/69781fcf-4640-47ed-ae12-55a9eb255fb9/182d5993-2182-45c9-bc91-a15ef1d4ae53.jpeg?h=225&w=225,yes,2026-10-07
317195577,Tesco Finest Coffee & Amaretto Tiramisu 2x85g,3.50,20.59,per kg,Fresh Food > Ready Meals > Finest Dine in for two > Finest Dine in for two Dessert,https://www.tesco.com/groceries/en-GB/products/317195577,https://digitalcontent.api.tesco.com/v2/media/ghs/8e0cc5bf-a503-427b-8e19-c1bea5182f7b/71432a86-be15-4511-9568-6c114df7df36.jpeg?h=225&w=225,yes,2026-10-07
320556826,Tesco Finest Shropshire Black Ham 120g,3.75,31.25,per kg,"Fresh Food > Cooked Meats, Antipasti & Dips > Finest Cooked Meat > Finest Ham Slices",https://www.tesco.com/groceries/en-GB/products/320556826,https://digitalcontent.api.tesco.com/v2/media/ghs/1b10931a-a698-4134-aa98-69c2c625c5b2/9f5f1134-ee14-42e5-be00-d4f77e4254ea.jpeg?h=225&w=225,yes,2026-10-07
314306078,Tesco Finest Strong And Robust Scottish Smoked Salmon 100G,4.95,49.5,per kg,Fresh Food > Chilled Fish & Seafood > Salmon & Trout > Chilled Smoked Salmon,https://www.tesco.com/groceries/en-GB/products/314306078,https://digitalcontent.api.tesco.com/v2/media/ghs/21fea0fb-c9ce-4e60-ad3b-99309f4d24e9/dbffefcb-7d45-43c0-bd49-e75f46056c36.jpeg?h=225&w=225,yes,2026-10-07
316054061,Tesco Finest Melting Middle 2 Katsu Cod & King Prawn Fishcakes 290g,3.75,12.93,per kg,Fresh Food > Chilled Fish & Seafood > Fishcakes & Fish Fingers > Chilled Fishcakes,https://www.tesco.com/groceries/en-GB/products/316054061,https://digitalcontent.api.tesco.com/v2/media/ghs/f7e61d0d-23d2-490c-9628-3e1e335521d1/a2f751c1-7671-4aaa-9916-1620be1c46f2.jpeg?h=225&w=225,yes,2026-10-07
300534497,Tesco Finest Sardines In Paprika & Tomato Sauce 105G,1.20,11.43,per kg,"Food Cupboard > Tins, Cans & Packets > Tinned Sardines & Mackerel > Tinned Sardines",https://www.tesco.com/groceries/en-GB/products/300534497,https://digitalcontent.api.tesco.com/v2/media/ghs/0a85a6fc-7ec9-4ca2-9900-d76e41d5e379/6d267bb3-efb7-4cbb-8763-766b062a7d18_1900193629.jpeg?h=225&w=225,yes,2026-10-07
321540837,Tesco Finest Belgian Chocolate Orange Nut Selection 150g,3.00,20,per kg,"Treats & Snacks > Chocolate, Sweets, Mints & Chewing Gum > Chocolate Boxes & Gifts > Boxed Chocolates, Sweets & Chocolate Boxes",https://www.tesco.com/groceries/en-GB/products/321540837,https://digitalcontent.api.tesco.com/v2/media/ghs/af0b4bb5-e6cc-484a-9366-2439f31aa50a/c702d576-b14c-4b1b-9386-b6fe76af2f2a_1738965730.jpeg?h=225&w=225,yes,2026-10-07
313011036,Tesco Finest Beef Stroganoff With Rice 400G,4.75,11.88,per kg,Fresh Food > Ready Meals > Tesco Finest & Premium Ready Meals > Premium & Tesco Finest Ready Meals For 1,https://www.tesco.com/groceries/en-GB/products/313011036,https://digitalcontent.api.tesco.com/v2/media/ghs/8603cce0-a1d6-4493-9099-c77983806655/4aae54f1-101d-44d5-a016-af611ff61732.jpeg?h=225&w=225,yes,2026-10-07
322995493,Tesco Finest Dine In Rosemary & Parmesan Fries 350g,3.30,9.43,per kg,Fresh Food > Ready Meals > Finest Dine in for two > Finest Dine in for two Side,https://www.tesco.com/groceries/en-GB/products/322995493,https://digitalcontent.api.tesco.com/v2/media/ghs/931f95ef-2705-42e0-b38e-8495a9e218fc/f941cf9d-1a2b-4171-80f7-b72d3f60a3aa.jpeg?h=225&w=225,yes,2026-10-07
312852856,Tesco Finest Malbec 75Cl,8.75,11.67,per litre,Fresh Food > Ready Meals > Finest Dine in for two > Finest Dine in for two Drinks,https://www.tesco.com/groceries/en-GB/products/312852856,https://digitalcontent.api.tesco.com/v2/media/ghs/3eedaf4b-2a45-4a78-b7aa-f2f8c3c912ea/b277d928-14a2-4173-b68a-4f8c17b88df0_1106449014.jpeg?h=225&w=225,yes,2026-10-07
288135169,Jaffa Easy Peelers 600g,2.20,3.67,per kg,"Fresh Food > Fresh Fruit > Oranges, Lemons & Citrus Fruit > Clementines & Easy Peelers",https://www.tesco.com/groceries/en-GB/products/288135169,https://digitalcontent.api.tesco.com/v2/media/ghs/e8cd823c-97fa-4df0-9a22-95be4d4a03db/00472a3c-2016-496e-8d9b-229de8f09fab_505273563.jpeg?h=225&w=225,yes,2026-10-07
284477542,Tesco Pink Lady Apples 5 Pack,2.90,0.58,each,Fresh Food > Fresh Fruit > Apples & Pears > Pink & Red Apples,https://www.tesco.com/groceries/en-GB/products/284477542,https://digitalcontent.api.tesco.com/v2/media/ghs/c7c15f32-5870-43b2-9859-fb51abdbcab8/e30aa11c-c51f-4b6d-bdcb-a7849e1e31e9_165174249.jpeg?h=225&w=225,yes,2026-10-07
287356888,Tesco Blueberries 150G,2.00,13.33,per kg,Fresh Food > Fresh Fruit > Berries & Cherries > Blueberries,https://www.tesco.com/groceries/en-GB/products/287356888,https://digitalcontent.api.tesco.com/v2/media/ghs/e9b69156-0f94-46b7-b38d-9e5da4d8839e/7dff1fe3-f812-476a-9e09-838a82d7a4f2.jpeg?h=225&w=225,yes,2026-10-07
284475832,Tesco Granny Smith Apples Minimum 5 Pack,1.80,0.36,each,Fresh Food > Fresh Fruit > Apples & Pears > Green Apples,https://www.tesco.com/groceries/en-GB/products/284475832,https://digitalcontent.api.tesco.com/v2/media/ghs/0cf00e5f-f196-496f-b497-8f37b61bd17d/802b7ac5-5af6-41ec-b7b6-3fdae79b13cd_61813660.jpeg?h=225&w=225,yes,2026-10-07
330749911,Cotton Candy Seedless Grapes Snack Pot 125g,1.25,10,per kg,Fresh Food > Fresh Fruit > Grapes > Snack Pack Grapes,https://www.tesco.com/groceries/en-GB/products/330749911,https://digitalcontent.api.tesco.com/v2/media/ghs/cf8facdb-c730-4f70-a113-c7c9f12d0ece/1fe3ad39-56f0-4ccf-aa6c-d8fd5f2cfe89.jpeg?h=225&w=225,yes,2026-10-07
266499399,Tesco Sweet Easy Peelers 600g,1.50,2.5,per kg,"Fresh Food > Fresh Fruit > Oranges, Lemons & Citrus Fruit > Clementines & Easy Peelers",https://www.tesco.com/groceries/en-GB/products/266499399,https://digitalcontent.api.tesco.com/v2/media/ghs/651b0f4a-46ce-4c9d-9f23-c7001d6505ce/fd97e6c9-acc3-43c3-acb5-15c47e18fcb8_1810529679.jpeg?h=225&w=225,yes,2026-10-07
292248675,Rosedene Farms Blueberries 150G,1.55,10.33,per kg,Fresh Food > Fresh Fruit > Berries & Cherries > Blueberries,https://www.tesco.com/groceries/en-GB/products/292248675,https://digitalcontent.api.tesco.com/v2/media/ghs/b4050812-99e9-46a2-af4a-4bcd3ebed59f/580eebcb-b694-4f65-b932-074df67d9000.jpeg?h=225&w=225,yes,2026-10-07
257875814,Tesco Lemons 4 Pack,1.45,0.36,each,"Fresh Food > Fresh Fruit > Oranges, Lemons & Citrus Fruit > Lemons",https://www.tesco.com/groceries/en-GB/products/257875814,https://digitalcontent.api.tesco.com/v2/media/ghs/b2ab0ea7-b44c-47d5-9b6c-3bd3881f8d70/2c918316-f4f4-42b3-b70b-4dcc08af51e7_393823282.jpeg?h=225&w=225,yes,2026-10-07
287357000,Tesco Blueberries 250G,2.75,11,per kg,Fresh Food > Fresh Fruit > Berries & Cherries > Blueberries,https://www.tesco.com/groceries/en-GB/products/287357000,https://digitalcontent.api.tesco.com/v2/media/ghs/01564def-b72a-4fdb-b6c9-5cb294dff219/9b7d3846-53eb-433a-b399-cf767092b15d.jpeg?h=225&w=225,yes,2026-10-07
260138514,Tesco Seedless Grape Selection Pack 500G,2.00,4,per kg,Fresh Food > Fresh Fruit > Grapes > Seedless Mixed Grapes,https://www.tesco.com/groceries/en-GB/products/260138514,https://digitalcontent.api.tesco.com/v2/media/ghs/dd462699-8b30-48ed-bb21-d3da7de1da85/cd08a0da-8869-44a1-b55b-d7aab65bef67.jpeg?h=225&w=225,yes,2026-10-07
287377667,Tesco Raspberries 150G,2.25,15,per kg,Fresh Food > Fresh Fruit > Berries & Cherries > Raspberries,https://www.tesco.com/groceries/en-GB/products/287377667,https://digitalcontent.api.tesco.com/v2/media/ghs/1da0e335-861f-4299-9b9d-4280f242fdd8/eae8989f-5703-4c5b-8caa-e736b055b988.jpeg?h=225&w=225,yes,2026-10-07
292226511,Rosedene Farms Strawberries 227G,1.39,6.12,per kg,Fresh Food > Fresh Fruit > Berries & Cherries > Strawberries,https://www.tesco.com/groceries/en-GB/products/292226511,https://digitalcontent.api.tesco.com/v2/media/ghs/6f416f68-2577-4188-b3cf-99a8159b368c/20522951-ea87-4a04-9d50-73f5a2419c5d.jpeg?h=225&w=225,yes,2026-10-07
287377736,Tesco Raspberries 250G,3.25,13,per kg,Fresh Food > Fresh Fruit > Berries & Cherries > Raspberries,https://www.tesco.com/groceries/en-GB/products/287377736,https://digitalcontent.api.tesco.com/v2/media/ghs/0f2687c7-3059-46ca-ac5d-79152476bcbd/2bcad5e7-b64f-4716-826c-10d38e306abd.jpeg?h=225&w=225,yes,2026-10-07
260138290,Tesco Green Seedless Grapes Pack 500G,2.00,4,per kg,Fresh Food > Fresh Fruit > Grapes > Seedless Green Grapes,https://www.tesco.com/groceries/en-GB/products/260138290,https://digitalcontent.api.tesco.com/v2/media/ghs/b191a83d-7ea5-4cf9-916a-028bd52638b6/521c54ff-3855-4f47-bb4d-16e96f3639d9.jpeg?h=225&w=225,yes,2026-10-07
253556398,Tesco Lemons Each,0.37,0.37,each,"Fresh Food > Fresh Fruit > Oranges, Lemons & Citrus Fruit > Lemons",https://www.tesco.com/groceries/en-GB/products/253556398,https://digitalcontent.api.tesco.com/v2/media/ghs/c3fc26c7-0757-450a-9323-7ab1faf39077/03c312b4-2219-49a3-b310-af3af7196f86_1021779795.jpeg?h=225&w=225,yes,2026-10-07
287529333,Tesco Strawberries 400G,2.50,6.25,per kg,Fresh Food > Fresh Fruit > Berries & Cherries > Strawberries,https://www.tesco.com/groceries/en-GB/products/287529333,https://digitalcontent.api.tesco.com/v2/media/ghs/aa634fbf-d518-4709-a120-250af0ab27dd/c994e310-ddc7-4bab-b8b4-e102dd6007c0.jpeg?h=225&w=225,yes,2026-10-07
285157326,Tesco Small Bananas 6 Pack,0.75,0.12,each,Fresh Food > Fresh Fruit > Bananas > Bananas,https://www.tesco.com/groceries/en-GB/products/285157326,https://digitalcontent.api.tesco.com/v2/media/ghs/e295a807-2d7f-432d-92a0-dfb64e5a6c7b/2e151c6d-2a5f-41de-af0e-513a2c6b87a0_1846504696.jpeg?h=225&w=225,yes,2026-10-07
260138854,Tesco Red Seedless Grapes 500G,2.00,4,per kg,Fresh Food > Fresh Fruit > Grapes > Seedless Red Grapes,https://www.tesco.com/groceries/en-GB/products/260138854,https://digitalcontent.api.tesco.com/v2/media/ghs/0afa0729-2fd4-44ad-ac34-52ae766dfeeb/54b6795e-2b32-48de-8757-fc47a16125ed.jpeg?h=225&w=225,yes,2026-10-07
275280804,Tesco Bananas Loose,0.16,0.9,per kg,Fresh Food > Fresh Fruit > Bananas > Loose Bananas,https://www.tesco.com/groceries/en-GB/products/275280804,https://digitalcontent.api.tesco.com/v2/media/ghs/1feec673-c2f3-4e8c-9198-ca4ac8a23c2c/4c931bfb-d2c2-4979-877f-af5e3a8b0685_1475640744.jpeg?h=225&w=225,yes,2026-10-07
250317358,Tesco Ripen at Home Kiwi Fruit 6 Pack,1.29,0.22,each,"Fresh Food > Fresh Fruit > Mango, Kiwi & Exotic Fruit > Kiwi",https://www.tesco.com/groceries/en-GB/products/250317358,https://digitalcontent.api.tesco.com/v2/media/ghs/31ca9d70-c5a3-4067-9971-b19ae549abfe/aedce7cb-7127-40f9-938e-65a3c098a2ed_1763798412.jpeg?h=225&w=225,yes,2026-10-07
303869954,Tesco Fairtrade Organic Bananas 5 Pack,1.60,0.32,each,Fresh Food > Fresh Fruit > Bananas > Organic Bananas,https://www.tesco.com/groceries/en-GB/products/303869954,https://digitalcontent.api.tesco.com/v2/media/ghs/0b3f4e78-c720-4129-9816-24e2396b55f1/4a28fbb9-135d-4bd3-8f81-ea98e9217641_504976936.jpeg?h=225&w=225,yes,2026-10-07
253560634,Tesco Limes Each,0.23,0.23,each,"Fresh Food > Fresh Fruit > Oranges, Lemons & Citrus Fruit > Limes",https://www.tesco.com/groceries/en-GB/products/253560634,https://digitalcontent.api.tesco.com/v2/media/ghs/eb070d88-22ce-4f58-ae18-ae26303f22f5/8434d60e-5118-4ead-9433-e8037af10493.jpeg?h=225&w=225,yes,2026-10-07
309753989,Tesco Seasonal Apples Minimum 5 Pack,2.00,0.4,each,Fresh Food > Fresh Fruit > Apples & Pears > Pink & Red Apples,https://www.tesco.com/groceries/en-GB/products/309753989,https://digitalcontent.api.tesco.com/v2/media/ghs/5d1466ec-fe17-4bf0-930a-7c0245778fd6/73ca2602-3e49-4171-98d6-a24c1ccba7f4_1964590308.jpeg?h=225&w=225,yes,2026-10-07
266419328,Tesco Ripe Bananas 5 Pack,0.78,0.16,each,Fresh Food > Fresh Fruit > Bananas > Bananas,https://www.tesco.com/groceries/en-GB/products/266419328,https://digitalcontent.api.tesco.com/v2/media/ghs/3cb88fa3-ef12-400b-ad2f-be9b0c7b0b5f/8e4e43e0-f369-4bdd-9bfa-5240376f5ed0_2129484329.jpeg?h=225&w=225,yes,2026-10-07
266420677,Tesco Ripen At Home Bananas 5 Pack,0.78,0.16,each,Fresh Food > Fresh Fruit > Bananas > Bananas,https://www.tesco.com/groceries/en-GB/products/266420677,https://digitalcontent.api.tesco.com/v2/media/ghs/ff558f31-fabf-442d-86ed-6079cd1aef31/fa8f2e16-7a7a-43d8-8403-a3c36add54fe_754417135.jpeg?h=225&w=225,yes,2026-10-07
254384645,Tesco Honeydew Melon,1.75,1.75,each,Fresh Food > Fresh Fruit > Melons & Pineapples > Melons,https://www.tesco.com/groceries/en-GB/products/254384645,https://digitalcontent.api.tesco.com/v2/media/ghs/dfaba638-17f0-42cf-8aab-41d9cd868010/743d5683-5b3f-4e4d-92c6-c1a639af4e0d_1137959372.jpeg?h=225&w=225,yes,2026-10-07
272202380,Tesco Strawberries 227G,2.15,9.47,per kg,Fresh Food > Fresh Fruit > Berries & Cherries > Strawberries,https://www.tesco.com/groceries/en-GB/products/272202380,https://digitalcontent.api.tesco.com/v2/media/ghs/050e5763-7839-4003-9a26-2d3af5589b00/af3dfcd1-1815-474d-b746-3965f133e618.jpeg?h=225&w=225,yes,2026-10-07
284475550,Tesco Gala Apples,1.80,0.36,each,Fresh Food > Fresh Fruit > Apples & Pears > Pink & Red Apples,https://www.tesco.com/groceries/en-GB/products/284475550,https://digitalcontent.api.tesco.com/v2/media/ghs/bdd74cad-a753-4b85-ad35-b1406fcd4568/542594e8-98b1-4b3c-990a-25c4f727bed3_1110855971.jpeg?h=225&w=225,yes,2026-10-07
292275515,Suntrail Farms Nectarines Minimum 4,1.89,0.47,each,"Fresh Food > Fresh Fruit > Peaches, Nectarines, Plums & Apricots > Nectarines",https://www.tesco.com/groceries/en-GB/products/292275515,https://digitalcontent.api.tesco.com/v2/media/ghs/d665435a-908d-44e8-879e-d53f57b82345/abcbcbc1-eea1-473c-97ce-ca24a3bed162_1719342685.jpeg?h=225&w=225,yes,2026-10-07
292248312,Rosedene Farms Raspberries 125G,1.49,11.92,per kg,Fresh Food > Fresh Fruit > Berries & Cherries > Raspberries,https://www.tesco.com/groceries/en-GB/products/292248312,https://digitalcontent.api.tesco.com/v2/media/ghs/1fa943ce-d2bf-4a14-90b5-950b2e25c0b1/f6f45694-4c12-4d35-ba70-31e39b03d223.jpeg?h=225&w=225,yes,2026-10-07
254638605,Tesco Watermelon,3.75,3.75,each,Fresh Food > Fresh Fruit > Melons & Pineapples > Melons,https://www.tesco.com/groceries/en-GB/products/254638605,https://digitalcontent.api.tesco.com/v2/media/ghs/bebd86e3-fe6c-4d7a-a247-34619cf7bc33/71940471-2fe6-4991-ba7a-1d15e49ce3da.jpeg?h=225&w=225,yes,2026-10-07
284475953,Tesco Cox Apple Minimum 5 Pack,1.80,0.36,each,Fresh Food > Fresh Fruit > Apples & Pears > Pink & Red Apples,https://www.tesco.com/groceries/en-GB/products/284475953,https://digitalcontent.api.tesco.com/v2/media/ghs/f1808c2a-50e5-4a97-8464-2018c2540ab1/59fd801b-e6c4-4e08-a5e6-c740edd37f51_253775090.jpeg?h=225&w=225,yes,2026-10-07
305831903,Rosedene Farms Gala Apples 6 Pack,1.59,0.26,each,Fresh Food > Fresh Fruit > Apples & Pears > Pink & Red Apples,https://www.tesco.com/groceries/en-GB/products/305831903,https://digitalcontent.api.tesco.com/v2/media/ghs/0dfdb961-35c6-4d65-88a0-b845187076e3/a31bbe26-c299-426c-9862-67311396f316_956003666.jpeg?h=225&w=225,yes,2026-10-07
284477058,Tesco British Apples Minimum 5 Pack,1.80,0.36,each,Fresh Food > Fresh Fruit > Apples & Pears > Pink & Red Apples,https://www.tesco.com/groceries/en-GB/products/284477058,https://digitalcontent.api.tesco.com/v2/media/ghs/4004fa92-82be-4685-ac64-d2ad2f513a86/6e1e99bd-9f31-431a-a433-778706238dc7_1615773324.jpeg?h=225&w=225,yes,2026-10-07
267479525,Parrs Toffee Apples Each,1.40,1.4,each,Fresh Food > Fresh Fruit > Apples & Pears > Toffee Apples,https://www.tesco.com/groceries/en-GB/products/267479525,https://digitalcontent.api.tesco.com/v2/media/ghs/14628cbd-acee-4422-85a6-231a26ebb1ef/054f7f8e-4cae-4326-a7c1-43a3cd8be4be_616235392.jpeg?h=225&w=225,yes,2026-10-07
284475671,Tesco Braeburn Apple Minimum 5 Pack,1.80,0.36,each,Fresh Food > Fresh Fruit > Apples & Pears > Pink & Red Apples,https://www.tesco.com/groceries/en-GB/products/284475671,https://digitalcontent.api.tesco.com/v2/media/ghs/ae640fc4-235e-4498-8168-b8273508a79b/8725912a-1bb2-4037-9ef7-5be67f7d9078_251237679.jpeg?h=225&w=225,yes,2026-10-07
321531215,Tesco Mini Pink Lady Apples,2.00,0.33,each,Fresh Food > Fresh Fruit > Apples & Pears > Pink & Red Apples,https://www.tesco.com/groceries/en-GB/products/321531215,https://digitalcontent.api.tesco.com/v2/media/ghs/5c28062e-1c12-41f1-9de8-03546c675b69/e6f9ce6d-696b-4871-b90c-a4915123a7fe_587039691.jpeg?h=225&w=225,yes,2026-10-07
284477628,Tesco Jazz Apple 6 Pack,2.40,0.4,each,Fresh Food > Fresh Fruit > Apples & Pears > Pink & Red Apples,https://www.tesco.com/groceries/en-GB/products/284477628,https://digitalcontent.api.tesco.com/v2/media/ghs/d2e96e1f-003e-4d34-bfa1-1189d10abb3e/412ac07e-4e79-4b65-b133-4e3d8e9ba986_902875707.jpeg?h=225&w=225,yes,2026-10-07
286681924,Tesco Apple Snack Pack 80G,0.39,4.88,per kg,"Fresh Food > Fresh Fruit > Fruit Pots, Platters & Packs > Fruit Snacks - Fruit Pots",https://www.tesco.com/groceries/en-GB/products/286681924,https://digitalcontent.api.tesco.com/v2/media/ghs/ba84fe23-7fcf-4061-be30-c04d0e8d3efa/5753c677-3639-4dc7-a4c0-1e1538739d0d.jpeg?h=225&w=225,yes,2026-10-07
284475227,Tesco Conference Pears Pack 610G,1.60,2.62,per kg,Fresh Food > Fresh Fruit > Apples & Pears > Green Pears,https://www.tesco.com/groceries/en-GB/products/284475227,https://digitalcontent.api.tesco.com/v2/media/ghs/4c6f6056-56a6-4be0-93d2-49fd6021d3e5/5335b23f-d6c1-43a3-9750-0f405b1ec37c_1825971327.jpeg?h=225&w=225,yes,2026-10-07
317057528,Zespri SunGold Kiwi 4pk,2.75,0.69,each,"Fresh Food > Fresh Fruit > Mango, Kiwi & Exotic Fruit > Kiwi",https://www.tesco.com/groceries/en-GB/products/317057528,https://digitalcontent.api.tesco.com/v2/media/ghs/2d947244-bc86-4311-ac04-95c7f47acf02/f9a673b1-6630-4011-8ae1-76941784ad39.jpeg?h=225&w=225,yes,2026-10-07
288136888,Tesco Orange Minimum 5 Pack,1.50,0.3,each,"Fresh Food > Fresh Fruit > Oranges, Lemons & Citrus Fruit > Oranges",https://www.tesco.com/groceries/en-GB/products/288136888,https://digitalcontent.api.tesco.com/v2/media/ghs/eed38460-63c4-4c1c-b1f5-a3925a9435a7/eb175208-f098-482a-811a-b9995b30e4a9_1221663153.jpeg?h=225&w=225,yes,2026-10-07
292216045,Suntrail Farms Price Lemons Minimum 4 Pack,0.89,0.22,each,"Fresh Food > Fresh Fruit > Oranges, Lemons & Citrus Fruit > Lemons",https://www.tesco.com/groceries/en-GB/products/292216045,https://digitalcontent.api.tesco.com/v2/media/ghs/16204e71-d97f-4620-ba2c-4926dd3d80f6/d37afc25-b006-4708-a2e6-f3bf702e432b_775935791.jpeg?h=225&w=225,yes,2026-10-07
330782654,Parrs White Chocolate Coated Apple with Rainbow sugar crunch,1.40,1.4,each,Fresh Food > Fresh Fruit > Apples & Pears > Toffee Apples,https://www.tesco.com/groceries/en-GB/products/330782654,https://digitalcontent.api.tesco.com/v2/media/ghs/d232da55-b523-46cf-8d09-db8eeceb6cc5/2ec2428e-5130-4c3f-9af7-f1f352d15067.jpeg?h=225&w=225,yes,2026-10-07
292249576,Rosedene Farms Small Apple 6 Pack,0.99,0.16,each,Fresh Food > Fresh Fruit > Apples & Pears > Pink & Red Apples,https://www.tesco.com/groceries/en-GB/products/292249576,https://digitalcontent.api.tesco.com/v2/media/ghs/432dcfee-63bf-478b-b5c3-25f3625ab794/d3b55598-13e4-46f0-a93a-faa36eb9a793_615036611.jpeg?h=225&w=225,yes,2026-10-07
322559405,Parrs Toffee Apple with Caramelised biscuit  Crumb Topping ,1.40,1.4,each,Fresh Food > Fresh Fruit > Apples & Pears > Toffee Apples,https://www.tesco.com/groceries/en-GB/products/322559405,https://digitalcontent.api.tesco.com/v2/media/ghs/8f574c69-a1fb-4fe2-844c-6df3d55b13d4/613be722-9a94-46e2-a152-7541d950847c.jpeg?h=225&w=225,yes,2026-10-07
292249484,Rosedene Farms Small Pear Pack 550G,0.99,1.8,per kg,Fresh Food > Fresh Fruit > Apples & Pears > Green Pears,https://www.tesco.com/groceries/en-GB/products/292249484,https://digitalcontent.api.tesco.com/v2/media/ghs/75107e24-db57-4b09-8168-15e5a53a5b2e/60b77d74-2e82-40bf-b1ef-efeb80520444_1789256177.jpeg?h=225&w=225,yes,2026-10-07
256582085,Tesco Cantaloupe Melon Each,2.00,2,each,Fresh Food > Fresh Fruit > Melons & Pineapples > Melons,https://www.tesco.com/groceries/en-GB/products/256582085,https://digitalcontent.api.tesco.com/v2/media/ghs/f8813e2e-1413-45d3-b711-04055b49f129/8ca2eb30-0436-4acc-b279-586465b99a76.jpeg?h=225&w=225,yes,2026-10-07
301514109,Tesco Blueberries 500G,4.30,8.6,per kg,Fresh Food > Fresh Fruit > Berries & Cherries > Blueberries,https://www.tesco.com/groceries/en-GB/products/301514109,https://digitalcontent.api.tesco.com/v2/media/ghs/268af349-f698-4437-a9d7-c06873b1a8b6/64e9e768-4f5c-4998-8ad3-09034adc3efb.jpeg?h=225&w=225,yes,2026-10-07
267479491,Parrs Milk Chocolate Decorated Apples Each,1.40,1.4,each,Fresh Food > Fresh Fruit > Apples & Pears > Toffee Apples,https://www.tesco.com/groceries/en-GB/products/267479491,https://digitalcontent.api.tesco.com/v2/media/ghs/f709f3bb-7323-4e2c-bb6f-231b03b9d0ec/717e290c-390c-421b-9132-7e550d83c792_219895469.jpeg?h=225&w=225,yes,2026-10-07
255230763,Tesco Pineapple,0.98,0.98,each,Fresh Food > Fresh Fruit > Melons & Pineapples > Pineapples,https://www.tesco.com/groceries/en-GB/products/255230763,https://digitalcontent.api.tesco.com/v2/media/ghs/0f9161b6-a920-4f0c-9e18-85633f317e61/eeb1f52a-8bd7-43fa-934c-cdbf8c94c43d.jpeg?h=225&w=225,yes,2026-10-07
275142791,Tesco Red Grapefruit,0.44,0.44,each,"Fresh Food > Fresh Fruit > Oranges, Lemons & Citrus Fruit > Grapefruit",https://www.tesco.com/groceries/en-GB/products/275142791,https://digitalcontent.api.tesco.com/v2/media/ghs/53c0d204-1e17-4f33-a2aa-bde9a812f6d0/195b5e89-4a11-4754-a91c-aa2741edb4a7.jpeg?h=225&w=225,yes,2026-10-07
267479289,Parrs Milk Chocolate Retro Apples Each,1.40,1.4,each,Fresh Food > Fresh Fruit > Apples & Pears > Toffee Apples,https://www.tesco.com/groceries/en-GB/products/267479289,https://digitalcontent.api.tesco.com/v2/media/ghs/1e8fb0ec-b92c-4c69-9766-a4a6c777122f/9ebd53e6-c60c-4bb3-ac27-c8b64dddac7d_2145059297.jpeg?h=225&w=225,yes,2026-10-07
322450562,Tesco Oranges Each,0.35,0.35,each,"Fresh Food > Fresh Fruit > Oranges, Lemons & Citrus Fruit > Oranges",https://www.tesco.com/groceries/en-GB/products/322450562,https://digitalcontent.api.tesco.com/v2/media/ghs/8e1f93ba-8d03-4216-af9c-50e55b5d28e6/f2e18e5e-e432-46fb-8ed6-b5ae1926394a.jpeg?h=225&w=225,yes,2026-10-07
255805844,Tesco Perfectly Ripe Mango,0.94,0.94,each,"Fresh Food > Fresh Fruit > Mango, Kiwi & Exotic Fruit > Mango",https://www.tesco.com/groceries/en-GB/products/255805844,https://digitalcontent.api.tesco.com/v2/media/ghs/9933804c-8240-47f8-b80c-e51362a0728c/23966d9d-12d8-456f-9256-d8e9b785f49b.jpeg?h=225&w=225,yes,2026-10-07
313859559,Tesco Apple Family Bag 1.5Kg,3.15,2.1,per kg,Fresh Food > Fresh Fruit > Apples & Pears > Pink & Red Apples,https://www.tesco.com/groceries/en-GB/products/313859559,https://digitalcontent.api.tesco.com/v2/media/ghs/2a425a26-332c-4505-9991-39e95296165f/aab2037a-4e41-42bf-8b59-9c58dc0e43f5_626158340.jpeg?h=225&w=225,yes,2026-10-07
251627289,Large Pink Lady Apples Loose Class 1,0.75,4.4,per kg,Fresh Food > Fresh Fruit > Apples & Pears > Pink & Red Apples,https://www.tesco.com/groceries/en-GB/products/251627289,https://digitalcontent.api.tesco.com/v2/media/ghs/2aae6e58-ad23-4350-9934-f2dd5ec93453/snapshotimagehandler_1135414980.jpeg?h=225&w=225,yes,2026-10-07
322650947,KISSABEL APPLES 6 PACK,3.00,0.5,each,Fresh Food > Fresh Fruit > Apples & Pears > Pink & Red Apples,https://www.tesco.com/groceries/en-GB/products/322650947,https://digitalcontent.api.tesco.com/v2/media/ghs/abc79b05-9c04-43c7-b62a-de7f0665b83b/fbec6b99-ae55-4b93-9c83-88e301e35b3e.jpeg?h=225&w=225,yes,2026-10-07
253558033,Tesco Bramley Cooking Apples Loose,0.64,2.55,per kg,Fresh Food > Fresh Fruit > Apples & Pears > Cooking Apples,https://www.tesco.com/groceries/en-GB/products/253558033,https://digitalcontent.api.tesco.com/v2/media/ghs/0b5fb4f8-9732-433b-9ca3-131ad444faed/3a1914e5-9ad5-4e57-b403-7725bdbbdf0e.jpeg?h=225&w=225,yes,2026-10-07
273888602,Tesco Pomegranate Seeds 80G,1.50,18.75,per kg,"Fresh Food > Fresh Fruit > Fruit Pots, Platters & Packs > Fruit Snacks - Fruit Pots",https://www.tesco.com/groceries/en-GB/products/273888602,https://digitalcontent.api.tesco.com/v2/media/ghs/03d30af9-a031-48b6-bd0b-b725118b8998/50b84d4f-855b-46f3-8ce9-5fd9c566df25.jpeg?h=225&w=225,yes,2026-10-07
317551907,Zespri Jumbo Sungold Kiwifruit,1.00,1,each,"Fresh Food > Fresh Fruit > Mango, Kiwi & Exotic Fruit > Kiwi",https://www.tesco.com/groceries/en-GB/products/317551907,https://digitalcontent.api.tesco.com/v2/media/ghs/ee17bd5d-f25a-45b8-b923-2af1281f923d/7ee7e58e-830d-4e37-afb5-63c435d348d9.jpeg?h=225&w=225,yes,2026-10-07
287377189,Tesco Blackberries 150G,2.65,17.67,per kg,Fresh Food > Fresh Fruit > Berries & Cherries > Blackberries,https://www.tesco.com/groceries/en-GB/products/287377189,https://digitalcontent.api.tesco.com/v2/media/ghs/b3e07e0b-ffba-467d-98ca-f5b1bd0f4d05/1b8e20eb-1e90-447b-bf6e-558f4172ddfc.jpeg?h=225&w=225,yes,2026-10-07
253561247,Large Conference Pears Class 1 Loose,0.52,2.75,per kg,Fresh Food > Fresh Fruit > Apples & Pears > Green Pears,https://www.tesco.com/groceries/en-GB/products/253561247,https://digitalcontent.api.tesco.com/v2/media/ghs/9c287862-6e90-4836-a6dd-d399a37e4bdc/ce402e03-c6b2-4520-9b0e-e105e8578855_1808658366.jpeg?h=225&w=225,yes,2026-10-07
330749895,Cotton Candy Seedless Grapes 400g,2.40,6,per kg,Fresh Food > Fresh Fruit > Grapes > Seedless Green Grapes,https://www.tesco.com/groceries/en-GB/products/330749895,https://digitalcontent.api.tesco.com/v2/media/ghs/0fc44973-f7b5-43b8-8ea0-4290f48d8148/e4af9697-c493-478d-a9ed-48248f864e55.jpeg?h=225&w=225,yes,2026-10-07
311430205,Tesco Perfectly Ripe Plums 325G,2.65,8.15,per kg,"Fresh Food > Fresh Fruit > Peaches, Nectarines, Plums & Apricots > Plums",https://www.tesco.com/groceries/en-GB/products/311430205,https://digitalcontent.api.tesco.com/v2/media/ghs/0c77db3e-9ba6-40be-bc2a-030e9bcb7c74/3de14dee-fd19-4dd3-8d54-ccace1db9838.jpeg?h=225&w=225,yes,2026-10-07
284475129,Tesco Ready to Eat Conference Pears 4 Pack,2.35,0.59,each,Fresh Food > Fresh Fruit > Apples & Pears > Ready to Eat Pears,https://www.tesco.com/groceries/en-GB/products/284475129,https://digitalcontent.api.tesco.com/v2/media/ghs/dea172ec-3728-40d4-84fe-14b063841a75/8ce112d5-29e4-45f0-93bc-3b95f688dcde.jpeg?h=225&w=225,yes,2026-10-07
311438519,Jaffa Jumbo Orange Minimum 4 Pack,2.20,0.55,each,"Fresh Food > Fresh Fruit > Oranges, Lemons & Citrus Fruit > Oranges",https://www.tesco.com/groceries/en-GB/products/311438519,https://digitalcontent.api.tesco.com/v2/media/ghs/24fe0587-9e43-4e6f-934e-8735df3c07a1/6f2f38c8-d2c5-4c56-92f1-274526204f79_889686679.jpeg?h=225&w=225,yes,2026-10-07
284475890,Tesco Golden Delicious Apple Minimum 5 Pack,1.80,0.36,each,Fresh Food > Fresh Fruit > Apples & Pears > Green Apples,https://www.tesco.com/groceries/en-GB/products/284475890,https://digitalcontent.api.tesco.com/v2/media/ghs/a95084f7-242b-4685-9bdd-e361a3ed5743/075b0911-e1f4-4845-a54d-de24fba48c54_1773287386.jpeg?h=225&w=225,yes,2026-10-07
252201146,Tesco Organic Unwaxed Lemons Minimum 3 Pack,1.90,0.63,each,Fresh Food > Fresh Fruit > Organic Fruit & Nuts > Organic Citrus Fruits,https://www.tesco.com/groceries/en-GB/products/252201146,https://digitalcontent.api.tesco.com/v2/media/ghs/809ea58f-e620-4345-af06-f86e05745316/76e3e9f6-6ded-4e64-9253-b1e8d8cbef10_3813352668.jpeg?h=225&w=225,yes,2026-10-07
330744711,Zespri Green Kiwifruit 4 pack,2.25,0.56,each,"Fresh Food > Fresh Fruit > Mango, Kiwi & Exotic Fruit > Kiwi",https://www.tesco.com/groceries/en-GB/products/330744711,https://digitalcontent.api.tesco.com/v2/media/ghs/1ed6ed4b-9efa-40f2-ab1b-b04feb00e6ee/74bedc99-afd2-4e68-9a90-acad404132a6.jpeg?h=225&w=225,yes,2026-10-07
302987699,Tesco Mango 250G,2.50,10,per kg,"Fresh Food > Fresh Fruit > Fruit Pots, Platters & Packs > Fruit Snacks - Fruit Pots",https://www.tesco.com/groceries/en-GB/products/302987699,https://digitalcontent.api.tesco.com/v2/media/ghs/65018920-d38f-4f91-b856-2fe529450dc3/f44e95f4-2b0a-49fc-b00f-9cf9a27fbd03.jpeg?h=225&w=225,yes,2026-10-07
262456128,Tesco Mini Watermelon,2.40,2.4,each,Fresh Food > Fresh Fruit > Melons & Pineapples > Melons,https://www.tesco.com/groceries/en-GB/products/262456128,https://digitalcontent.api.tesco.com/v2/media/ghs/8322aa29-c426-45d1-88b6-b067cc303763/f08fa6b4-fee4-4315-83bf-5ee76a4b22aa_1789242797.jpeg?h=225&w=225,yes,2026-10-07
253554170,Jaffa Orange Pack,2.20,0.44,each,"Fresh Food > Fresh Fruit > Oranges, Lemons & Citrus Fruit > Oranges",https://www.tesco.com/groceries/en-GB/products/253554170,https://digitalcontent.api.tesco.com/v2/media/ghs/3300ebae-cde6-460b-9979-71fa1661b4bd/d3dd2a8e-16d6-4579-80c5-aaf0be6e06f3_286726242.jpeg?h=225&w=225,yes,2026-10-07
262640958,Tesco Black Seedless Grapes 500G,2.00,4,per kg,Fresh Food > Fresh Fruit > Grapes > Black Grapes,https://www.tesco.com/groceries/en-GB/products/262640958,https://digitalcontent.api.tesco.com/v2/media/ghs/03321bc9-c8d4-4bf9-ae32-938cab550daa/5330884d-fceb-4db9-a1bb-48f430379b32.jpeg?h=225&w=225,yes,2026-10-07
287023171,Tesco Organic Gala Apples 630G,2.35,3.73,per kg,Fresh Food > Fresh Fruit > Organic Fruit & Nuts > Organic Apples,https://www.tesco.com/groceries/en-GB/products/287023171,https://digitalcontent.api.tesco.com/v2/media/ghs/ad3313fe-4141-4751-82a9-56e4574e3ad9/33094b9e-fead-4d05-95ab-df14ed8a3259_553021813.jpeg?h=225&w=225,yes,2026-10-07
322836089,NERGI Kiwi Berries 125g,2.25,18,per kg,"Fresh Food > Fresh Fruit > Mango, Kiwi & Exotic Fruit > Kiwi",https://www.tesco.com/groceries/en-GB/products/322836089,https://digitalcontent.api.tesco.com/v2/media/ghs/52ae4668-156f-4a28-aed9-89cbc44f12d0/735624ce-4dec-495f-91db-bec095fb85f4.jpeg?h=225&w=225,yes,2026-10-07
265891385,Tesco Limes Minimum 5 Pack,1.15,0.23,each,"Fresh Food > Fresh Fruit > Oranges, Lemons & Citrus Fruit > Limes",https://www.tesco.com/groceries/en-GB/products/265891385,https://digitalcontent.api.tesco.com/v2/media/ghs/ac42082a-98de-47c6-b518-1b961f54d66f/dd1e6404-9449-4750-b2fc-741e2dc3d12c.jpeg?h=225&w=225,yes,2026-10-07
260276321,Tesco Perfectly Ripe Mango Twin Pack,1.90,0.95,each,"Fresh Food > Fresh Fruit > Mango, Kiwi & Exotic Fruit > Mango",https://www.tesco.com/groceries/en-GB/products/260276321,https://digitalcontent.api.tesco.com/v2/media/ghs/0119b68e-e2b0-45a5-bec9-52e96197bcb5/91fe4059-439a-4817-bd75-c1aab18b0731.jpeg?h=225&w=225,yes,2026-10-07
284475164,Tesco Ready To Eat Seasonal Pears 4Pack 550G,1.85,3.36,per kg,Fresh Food > Fresh Fruit > Apples & Pears > Ready to Eat Pears,https://www.tesco.com/groceries/en-GB/products/284475164,https://digitalcontent.api.tesco.com/v2/media/ghs/7fd8eae4-85c3-4355-8395-29a865e3a542/d3597cc8-3109-48a6-9b28-3a5ae8a94e0b.jpeg?h=225&w=225,yes,2026-10-07
292216000,Suntrail Farms Soft Citrus Pack 600G,1.19,1.98,per kg,"Fresh Food > Fresh Fruit > Oranges, Lemons & Citrus Fruit > Clementines & Easy Peelers",https://www.tesco.com/groceries/en-GB/products/292216000,https://digitalcontent.api.tesco.com/v2/media/ghs/d17b662a-0aaf-40c2-9b1c-77a170acb594/83a5bbe9-a60a-4111-a10f-35e0b536b1e1_505452425.jpeg?h=225&w=225,yes,2026-10-07
292225110,Suntrail Farms Price Orange Minimum 5 Pack,0.99,0.2,each,"Fresh Food > Fresh Fruit > Oranges, Lemons & Citrus Fruit > Oranges",https://www.tesco.com/groceries/en-GB/products/292225110,https://digitalcontent.api.tesco.com/v2/media/ghs/99d61ed2-77a0-46f9-afd8-606bea89e1fa/8febb771-f9ee-40db-aa3c-d76c6415ecb0_330924236.jpeg?h=225&w=225,yes,2026-10-07
296057693,Tesco Nectarines Minimum 4 Pack,1.80,0.45,each,"Fresh Food > Fresh Fruit > Peaches, Nectarines, Plums & Apricots > Nectarines",https://www.tesco.com/groceries/en-GB/products/296057693,https://digitalcontent.api.tesco.com/v2/media/ghs/cb1efdaa-aa32-4e62-b09f-82dc10def64e/00190ada-ebcd-4d15-ba0f-fdc4ea78f166.jpeg?h=225&w=225,yes,2026-10-07
292250003,Suntrail Farms Grapes 500G,1.37,2.74,per kg,Fresh Food > Fresh Fruit > Grapes > Black Grapes,https://www.tesco.com/groceries/en-GB/products/292250003,https://digitalcontent.api.tesco.com/v2/media/ghs/27a59e42-e454-49fa-adfa-df9b5b44dbfa/3322760a-fde7-4a82-ab73-b386b8f7407d.jpeg?h=225&w=225,yes,2026-10-07
292249370,Rosedene Farms Blackberries 150G,1.49,9.93,per kg,Fresh Food > Fresh Fruit > Berries & Cherries > Blackberries,https://www.tesco.com/groceries/en-GB/products/292249370,https://digitalcontent.api.tesco.com/v2/media/ghs/a8b6ad88-4952-479e-9ac1-e38c5e176378/2d177478-cabe-46cc-bed6-834f3279d5d2.jpeg?h=225&w=225,yes,2026-10-07
265460855,Tesco Passion Fruit 3 Pack,1.30,0.43,each,"Fresh Food > Fresh Fruit > Mango, Kiwi & Exotic Fruit > Passion Fruit",https://www.tesco.com/groceries/en-GB/products/265460855,https://digitalcontent.api.tesco.com/v2/media/ghs/80cc17d3-b2e6-4451-9b93-d7b8ee01e815/85aae4e1-27d2-4957-9cc3-5cad4b0f7cb7.jpeg?h=225&w=225,yes,2026-10-07
292129321,Suntrail Farms Plums 1Kg,1.99,1.99,per kg,"Fresh Food > Fresh Fruit > Peaches, Nectarines, Plums & Apricots > Plums",https://www.tesco.com/groceries/en-GB/products/292129321,https://digitalcontent.api.tesco.com/v2/media/ghs/32a7d810-0b8f-498b-a914-7d2b7bf99d5f/8dc92ffd-52e3-411d-bf1f-6fcb6d9d3da0_1424657012.jpeg?h=225&w=225,yes,2026-10-07
253554982,Tesco Pomegranates Each,1.55,1.55,each,"Fresh Food > Fresh Fruit > Mango, Kiwi & Exotic Fruit > Pomegranate",https://www.tesco.com/groceries/en-GB/products/253554982,https://digitalcontent.api.tesco.com/v2/media/ghs/eca612e4-7fe2-421c-83c7-e465d6573f9f/1343e6ed-ed16-4c17-90cb-258b1b3e2d81.jpeg?h=225&w=225,yes,2026-10-07
272897950,Tesco Figs Minimum 3 Pack,2.00,0.67,each,"Fresh Food > Fresh Fruit > Mango, Kiwi & Exotic Fruit > Figs",https://www.tesco.com/groceries/en-GB/products/272897950,https://digitalcontent.api.tesco.com/v2/media/ghs/acae3552-0f1a-433c-9ac3-4289e5804fbb/c8e2c475-4526-44b8-8b5a-22f2fe800add.jpeg?h=225&w=225,yes,2026-10-07
255547786,Tesco Ripe Papaya Each,2.00,2,each,"Fresh Food > Fresh Fruit > Mango, Kiwi & Exotic Fruit > Papaya",https://www.tesco.com/groceries/en-GB/products/255547786,https://digitalcontent.api.tesco.com/v2/media/ghs/d247b7cb-94ac-4f60-994a-2e0711924203/59213de8-ba19-49f5-aa0f-fbb92aa3a685.jpeg?h=225&w=225,yes,2026-10-07
308454819,Tesco Fruit Salad Selection 435G,4.10,9.42,per kg,"Fresh Food > Fresh Fruit > Fruit Pots, Platters & Packs > Fruit Snacks - Fruit Pots",https://www.tesco.com/groceries/en-GB/products/308454819,https://digitalcontent.api.tesco.com/v2/media/ghs/80db525c-910b-4ab5-8aa4-f558461e4426/15193567-9d1b-4308-9d3f-919512caf415.jpeg?h=225&w=225,yes,2026-10-07
312845963,Tesco Sunshine Fruit Bowl 440G,4.10,9.32,per kg,"Fresh Food > Fresh Fruit > Fruit Pots, Platters & Packs > Fruit Snacks - Fruit Pots",https://www.tesco.com/groceries/en-GB/products/312845963,https://digitalcontent.api.tesco.com/v2/media/ghs/ef1e8f76-95f8-4e2a-b806-73ea706ab5e0/1889a2e5-425b-4487-ab41-63ee7ed26253.jpeg?h=225&w=225,yes,2026-10-07
305056231,Tesco Mango 450G,4.25,9.44,per kg,"Fresh Food > Fresh Fruit > Fruit Pots, Platters & Packs > Fruit Snacks - Fruit Pots",https://www.tesco.com/groceries/en-GB/products/305056231,https://digitalcontent.api.tesco.com/v2/media/ghs/7a423d14-dbc2-4b37-a90f-1f57506f6d56/baf2ee32-306c-47cd-88b8-3e3951c3f5ee.jpeg?h=225&w=225,yes,2026-10-07
330754724,Jaffa Giant Galia Melon Each,2.75,2.75,each,Fresh Food > Fresh Fruit > Melons & Pineapples > Melons,https://www.tesco.com/groceries/en-GB/products/330754724,https://digitalcontent.api.tesco.com/v2/media/ghs/a7f4386b-cd8b-4e31-aab2-5567ec12872e/832463d9-70a9-47fc-a088-6689cc0829da.jpeg?h=225&w=225,yes,2026-10-07
294076120,Tesco Large Selection Grapes 800G Pack,3.50,4.38,per kg,Fresh Food > Fresh Fruit > Grapes > Seedless Mixed Grapes,https://www.tesco.com/groceries/en-GB/products/294076120,https://digitalcontent.api.tesco.com/v2/media/ghs/a3ad5ff7-56df-4f54-b178-e02c6c6b2897/55da80bf-be7a-4ebd-99ec-5992bd8f982b.jpeg?h=225&w=225,yes,2026-10-07
256991482,Tesco Organic Blueberries 150G,2.90,19.33,per kg,Fresh Food > Fresh Fruit > Organic Fruit & Nuts > Organic Berries,https://www.tesco.com/groceries/en-GB/products/256991482,https://digitalcontent.api.tesco.com/v2/media/ghs/95ff6200-6c15-41c1-a91a-870a765ff5fb/b586e7c6-6bff-498a-b0ea-b782062d5f4b.jpeg?h=225&w=225,yes,2026-10-07
311449005,Tesco Pineapple Chunks 300G,2.50,8.33,per kg,"Fresh Food > Fresh Fruit > Fruit Pots, Platters & Packs > Fruit Snacks - Fruit Pots",https://www.tesco.com/groceries/en-GB/products/311449005,https://digitalcontent.api.tesco.com/v2/media/ghs/48b0cb3f-f724-423d-9e58-334b7dc2eba0/2b6332b5-04fd-43fe-b3fc-3a8fc9d4bd01.jpeg?h=225&w=225,yes,2026-10-07
330777379,Tesco Juicy Melon & Pineapple 300g,2.50,8.33,per kg,"Fresh Food > Fresh Fruit > Fruit Pots, Platters & Packs > Melon & Pineapple Fruit Pots",https://www.tesco.com/groceries/en-GB/products/330777379,https://digitalcontent.api.tesco.com/v2/media/ghs/98cd480f-20b6-4d2e-b38c-aba64bd1e436/9e35f959-ca0b-443d-ac70-526a9d8f48f8.jpeg?h=225&w=225,yes,2026-10-07
302972049,Tesco Watermelon Chunks 300G,2.50,8.33,per kg,"Fresh Food > Fresh Fruit > Fruit Pots, Platters & Packs > Fruit Snacks - Fruit Pots",https://www.tesco.com/groceries/en-GB/products/302972049,https://digitalcontent.api.tesco.com/v2/media/ghs/50135d62-e484-4bab-91db-8f5deb3ff28c/3480043e-8621-49ec-8b29-b5a7d161de4f.jpeg?h=225&w=225,yes,2026-10-07
323646485,TESCO Pomegranate 200g,2.50,12.5,per kg,"Fresh Food > Fresh Fruit > Mango, Kiwi & Exotic Fruit > Pomegranate",https://www.tesco.com/groceries/en-GB/products/323646485,https://digitalcontent.api.tesco.com/v2/media/ghs/ba1481d7-1651-410f-a775-95dac22deb44/9a40c3fe-e259-40e1-87e8-18ccbd328a54.jpeg?h=225&w=225,yes,2026-10-07
287594559,Tesco Watermelon Wedges 550G,3.50,6.36,per kg,"Fresh Food > Fresh Fruit > Fruit Pots, Platters & Packs > Fruit Snacks - Fruit Pots",https://www.tesco.com/groceries/en-GB/products/287594559,https://digitalcontent.api.tesco.com/v2/media/ghs/927e3c92-60d8-4cb7-97c8-df5fb2dc09fa/b4eab4ec-9f68-4c19-90b0-e6c204a97328.jpeg?h=225&w=225,yes,2026-10-07
322637405,Jaffa Lemon and Limes 6 Pack,2.20,0.37,each,"Fresh Food > Fresh Fruit > Oranges, Lemons & Citrus Fruit > Limes",https://www.tesco.com/groceries/en-GB/products/322637405,https://digitalcontent.api.tesco.com/v2/media/ghs/27f18a7a-9837-474f-a24f-9f6cd289494a/42a43695-67d7-45f3-a44e-f09cc4a76020.jpeg?h=225&w=225,yes,2026-10-07
309172075,Jaffa Seedless Lemons 4 Pack,2.20,0.55,each,"Fresh Food > Fresh Fruit > Oranges, Lemons & Citrus Fruit > Lemons",https://www.tesco.com/groceries/en-GB/products/309172075,https://digitalcontent.api.tesco.com/v2/media/ghs/9a06cdfb-3c26-4fa7-8420-a659914c2a9b/9879e178-de6d-40c6-917c-1d6ec8654687_1962842563.jpeg?h=225&w=225,yes,2026-10-07
253807413,Large Braeburn Apples Loose Class 1,0.56,2.8,per kg,Fresh Food > Fresh Fruit > Apples & Pears > Pink & Red Apples,https://www.tesco.com/groceries/en-GB/products/253807413,https://digitalcontent.api.tesco.com/v2/media/ghs/c5543398-fd4a-42f0-9c9f-8ba3b4003ef4/74669643-1db9-435b-adb7-56e4d421c2aa.jpeg?h=225&w=225,yes,2026-10-07
253559147,Large Gala Apples Loose Class 1,0.45,2.8,per kg,Fresh Food > Fresh Fruit > Apples & Pears > Pink & Red Apples,https://www.tesco.com/groceries/en-GB/products/253559147,https://digitalcontent.api.tesco.com/v2/media/ghs/b696d18f-a388-49ea-a358-a5c333d58784/2f0d3369-16c8-40f2-a226-1780784c671f_871105349.jpeg?h=225&w=225,yes,2026-10-07
313835651,Tesco Apple With Peanut Butter Dip 110G,1.65,15,per kg,"Fresh Food > Fresh Fruit > Fruit Pots, Platters & Packs > Fruit Snacks - Fruit Pots",https://www.tesco.com/groceries/en-GB/products/313835651,https://digitalcontent.api.tesco.com/v2/media/ghs/c1ae5e35-a753-42c1-b57f-a2837d1e8ee3/892bf7f0-922a-42af-aa4a-7c49b35e9a55.jpeg?h=225&w=225,yes,2026-10-07
302971678,Tesco Pineapple Chunks 145G,1.50,10.34,per kg,"Fresh Food > Fresh Fruit > Fruit Pots, Platters & Packs > Fruit Snacks - Fruit Pots",https://www.tesco.com/groceries/en-GB/products/302971678,https://digitalcontent.api.tesco.com/v2/media/ghs/dde2be38-7d06-4c38-bbeb-fa00566e616b/6906e41b-2100-45dc-91f4-0e6f7d377c7a.jpeg?h=225&w=225,yes,2026-10-07
316556020,Jaffa Supersweet Pineapple,2.30,2.3,each,Fresh Food > Fresh Fruit > Melons & Pineapples > Pineapples,https://www.tesco.com/groceries/en-GB/products/316556020,https://digitalcontent.api.tesco.com/v2/media/ghs/c2755385-bba7-423e-9dfa-f999fc94a2bd/505993cf-0519-4d25-b046-0f9b78e89913.jpeg?h=225&w=225,yes,2026-10-07
277053207,Tesco Melon Slices 450G,2.50,5.56,per kg,"Fresh Food > Fresh Fruit > Fruit Pots, Platters & Packs > Fruit Snacks - Fruit Pots",https://www.tesco.com/groceries/en-GB/products/277053207,https://digitalcontent.api.tesco.com/v2/media/ghs/e3f1031e-e9a1-463b-98d7-671fa8e7d18a/f3314a81-948b-430b-bd7e-455d4095c10b.jpeg?h=225&w=225,yes,2026-10-07
320793320,"Tesco Apple, Grape & Cheese Snack Pack 110g",1.50,13.64,per kg,"Fresh Food > Fresh Fruit > Fruit Pots, Platters & Packs > Fruit Snacks - Fruit Pots",https://www.tesco.com/groceries/en-GB/products/320793320,https://digitalcontent.api.tesco.com/v2/media/ghs/f5e84975-b99f-4b9d-b128-20a04b70916d/09424e68-998b-404a-a316-25f7db12c5dd.jpeg?h=225&w=225,yes,2026-10-07
308092044,Tesco Watermelon 130G,1.50,11.54,per kg,"Fresh Food > Fresh Fruit > Fruit Pots, Platters & Packs > Fruit Snacks - Fruit Pots",https://www.tesco.com/groceries/en-GB/products/308092044,https://digitalcontent.api.tesco.com/v2/media/ghs/7bf5bb5b-ed6d-4fe8-97f6-c88933cbb163/7723558b-2555-47df-a21f-480338b48929.jpeg?h=225&w=225,yes,2026-10-07
321324529,Tesco Pineapple Chunks 145G (FOS) ,1.50,10.34,per kg,"Fresh Food > Fresh Fruit > Fruit Pots, Platters & Packs > Fruit Snacks - Fruit Pots",https://www.tesco.com/groceries/en-GB/products/321324529,https://digitalcontent.api.tesco.com/v2/media/ghs/70f04530-8c31-4548-ab05-cfbd1cd086bb/7b3bc224-7bdc-47ec-b011-f09937015a6f.jpeg?h=225&w=225,yes,2026-10-07
305977327,Tesco Raspberries & Blueberries 200G,2.85,14.25,per kg,Fresh Food > Fresh Fruit > Berries & Cherries > Mixed Berries,https://www.tesco.com/groceries/en-GB/products/305977327,https://digitalcontent.api.tesco.com/v2/media/ghs/3def46cb-4abc-450d-89ef-e025b889ea09/60130de3-6f27-4cd5-9877-d0ec2c754a4a.jpeg?h=225&w=225,yes,2026-10-07
299045691,Tesco Mango Chunks 120G,1.50,12.5,per kg,"Fresh Food > Fresh Fruit > Fruit Pots, Platters & Packs > Fruit Snacks - Fruit Pots",https://www.tesco.com/groceries/en-GB/products/299045691,https://digitalcontent.api.tesco.com/v2/media/ghs/7721eef5-0bc2-42fc-bcba-85dfe6f72de5/f8478d46-20ef-4a4a-86d9-df8ba94964bb.jpeg?h=225&w=225,yes,2026-10-07
320559662,Tesco Mango Chunks 120G (FOS) ,1.50,12.5,per kg DR.WT,"Fresh Food > Fresh Fruit > Fruit Pots, Platters & Packs > Fruit Snacks - Fruit Pots",https://www.tesco.com/groceries/en-GB/products/320559662,https://digitalcontent.api.tesco.com/v2/media/ghs/c636a2db-1d9c-4c13-afb0-01cf6e60b638/460d1b2d-4701-4050-8522-36c79ec7adb5.jpeg?h=225&w=225,yes,2026-10-07
292275469,Suntrail Farms Ripen At Home Peach Minimum 4 Pack,1.89,0.47,each,"Fresh Food > Fresh Fruit > Peaches, Nectarines, Plums & Apricots > Peaches",https://www.tesco.com/groceries/en-GB/products/292275469,https://digitalcontent.api.tesco.com/v2/media/ghs/56a13961-58fb-4f0f-a928-368a7d625183/04cf205f-b6b0-4e5e-bd9c-8ebc0df893f5_1901366162.jpeg?h=225&w=225,yes,2026-10-07
254385356,Tesco Galia Melon Each,2.00,2,each,Fresh Food > Fresh Fruit > Melons & Pineapples > Melons,https://www.tesco.com/groceries/en-GB/products/254385356,https://digitalcontent.api.tesco.com/v2/media/ghs/10f07884-5cc6-498f-be69-d190fdd4ce9d/8f7b6bde-1e53-4b88-a030-9f2b6a77d75b.jpeg?h=225&w=225,yes,2026-10-07
317663640,Grower's Harvest pineapple slices in juice 425g,0.97,2.28,per kg DR.WT,Fresh Food > Fresh Fruit > Melons & Pineapples > Pineapples,https://www.tesco.com/groceries/en-GB/products/317663640,https://digitalcontent.api.tesco.com/v2/media/ghs/544a9de2-b28b-471a-b82f-eb1bf1d09cb5/ecc6af74-d282-466e-a039-7e8619a6fcba_93407640.jpeg?h=225&w=225,yes,2026-10-07
296057710,Tesco Plums 400G,1.50,3.75,per kg,"Fresh Food > Fresh Fruit > Peaches, Nectarines, Plums & Apricots > Plums",https://www.tesco.com/groceries/en-GB/products/296057710,https://digitalcontent.api.tesco.com/v2/media/ghs/dbd0c39f-9e1b-4721-9fd2-a8b7818d70b6/ddd7ee95-bce4-43b8-8155-51ebf7ceaa77.jpeg?h=225&w=225,yes,2026-10-07
302971880,Tesco Melon Medley 300G,2.50,8.33,per kg,"Fresh Food > Fresh Fruit > Fruit Pots, Platters & Packs > Fruit Snacks - Fruit Pots",https://www.tesco.com/groceries/en-GB/products/302971880,https://digitalcontent.api.tesco.com/v2/media/ghs/c8f0dbce-5753-4c15-bea6-a23e9558c753/1ffa87ee-62e1-4351-92f9-789142556634.jpeg?h=225&w=225,yes,2026-10-07
323511604, TESCO Pomegranate 350g,3.75,10.71,per kg,"Fresh Food > Fresh Fruit > Mango, Kiwi & Exotic Fruit > Pomegranate",https://www.tesco.com/groceries/en-GB/products/323511604,https://digitalcontent.api.tesco.com/v2/media/ghs/52bf29a9-01ed-4ae9-a1ad-59b0d80e9f7a/9250c546-d92c-4396-b9a5-faeb8275f76b.jpeg?h=225&w=225,yes,2026-10-07
302947875,Tesco Pink Lady Apple Slices 350G,2.85,8.14,per kg,"Fresh Food > Fresh Fruit > Fruit Pots, Platters & Packs > Fruit Snacks - Fruit Pots",https://www.tesco.com/groceries/en-GB/products/302947875,https://digitalcontent.api.tesco.com/v2/media/ghs/693a0066-8415-416c-ac0d-aa074e7964a4/40b32659-7b3b-4a98-b067-140e5c893409.jpeg?h=225&w=225,yes,2026-10-07
302971908,Tesco Melon & Grapes 300G,2.50,8.33,per kg,"Fresh Food > Fresh Fruit > Fruit Pots, Platters & Packs > Fruit Snacks - Fruit Pots",https://www.tesco.com/groceries/en-GB/products/302971908,https://digitalcontent.api.tesco.com/v2/media/ghs/82083bbb-ff86-487c-af4b-fac2dfe8d23d/941b4cd3-2ab4-4ad1-b254-44e974c1214a.jpeg?h=225&w=225,yes,2026-10-07
258580504,Tesco Organic Mixed Nuts 200G,3.30,16.5,per kg,Fresh Food > Fresh Fruit > Organic Fruit & Nuts > Organic Dried Fruit & Nuts,https://www.tesco.com/groceries/en-GB/products/258580504,https://digitalcontent.api.tesco.com/v2/media/ghs/15c6c143-48e0-4d6f-a329-1b21d7584b53/4d8cd939-0ec4-4018-8c66-b416614c1366_2031635546.jpeg?h=225&w=225,yes,2026-10-07
250281502,Tesco Organic Medjool Dates 200G,2.75,13.75,per kg,Fresh Food > Fresh Fruit > Organic Fruit & Nuts > Organic Dried Fruit & Nuts,https://www.tesco.com/groceries/en-GB/products/250281502,https://digitalcontent.api.tesco.com/v2/media/ghs/e7104bbf-38c6-43a3-9e68-b309573ac855/467ef36e-e18d-4600-a327-1a4c11a5ec17_1947938638.jpeg?h=225&w=225,yes,2026-10-07
316309066,Tesco Mango & Passion Fruit Pot 250g,3.00,12,per kg,"Fresh Food > Fresh Fruit > Fruit Pots, Platters & Packs > Fruit Snacks - Fruit Pots",https://www.tesco.com/groceries/en-GB/products/316309066,https://digitalcontent.api.tesco.com/v2/media/ghs/e0beae66-04d3-4293-ae49-e4e74eedc76c/2da6f3b5-c8f2-41b6-b9b9-2f6c09249cd6.jpeg?h=225&w=225,yes,2026-10-07
309472739,Tesco Watermelon & Mango 230G,2.50,10.87,per kg,"Fresh Food > Fresh Fruit > Fruit Pots, Platters & Packs > Fruit Snacks - Fruit Pots",https://www.tesco.com/groceries/en-GB/products/309472739,https://digitalcontent.api.tesco.com/v2/media/ghs/06f98daa-67d4-41f0-874d-4be0fbfa2f4c/5a9bc40f-9530-4069-b5c9-1a759f6a78af.jpeg?h=225&w=225,yes,2026-10-07
316808604,Jaffa Crunchy Grapes 500g ,2.50,5,per kg,Fresh Food > Fresh Fruit > Grapes > Seedless Red Grapes,https://www.tesco.com/groceries/en-GB/products/316808604,https://digitalcontent.api.tesco.com/v2/media/ghs/05f3bf92-5f20-4d9f-adf0-c1b65747d593/f52d32e7-5038-4595-8def-67e1e381619f.jpeg?h=225&w=225,yes,2026-10-07
311209097,"Tesco Kiwi, Melon & Strawberries 250G",2.50,10,per kg,"Fresh Food > Fresh Fruit > Fruit Pots, Platters & Packs > Fruit Snacks - Fruit Pots",https://www.tesco.com/groceries/en-GB/products/311209097,https://digitalcontent.api.tesco.com/v2/media/ghs/a50ddd2a-3a47-4188-aee3-ea1552986d59/0a549201-6b55-4045-8362-9948891ab1f2.jpeg?h=225&w=225,yes,2026-10-07
300134734,Tesco Coconut 80G,1.50,18.75,per kg,"Fresh Food > Fresh Fruit > Fruit Pots, Platters & Packs > Fruit Snacks - Fruit Pots",https://www.tesco.com/groceries/en-GB/products/300134734,https://digitalcontent.api.tesco.com/v2/media/ghs/3be825f8-303e-415a-a8aa-73abf555a173/d5574cfa-b2b6-41a9-911b-d780597f49e8.jpeg?h=225&w=225,yes,2026-10-07
284477507,Tesco Bramley Apple 775G,2.10,2.71,per kg,Fresh Food > Fresh Fruit > Apples & Pears > Cooking Apples,https://www.tesco.com/groceries/en-GB/products/284477507,https://digitalcontent.api.tesco.com/v2/media/ghs/b9a0e872-7b78-4762-8b7a-d2504a53a4eb/6bb473e2-632a-4b5c-914a-5b6dde4fe21e_1955102165.jpeg?h=225&w=225,yes,2026-10-07
323434223,"Tesco Mango, Papaya & Pineapple Tropical Trio 240g ",2.50,10.42,per kg,"Fresh Food > Fresh Fruit > Fruit Pots, Platters & Packs > Mixed Fruit",https://www.tesco.com/groceries/en-GB/products/323434223,https://digitalcontent.api.tesco.com/v2/media/ghs/51a53a20-f631-474e-b261-d85fe19d8ab2/6c0e2779-b5a1-4dfe-b512-0c321ecaed56.jpeg?h=225&w=225,yes,2026-10-07
302972366,Tesco Tropical Tray 250G,2.50,10,per kg,"Fresh Food > Fresh Fruit > Fruit Pots, Platters & Packs > Fruit Snacks - Fruit Pots",https://www.tesco.com/groceries/en-GB/products/302972366,https://digitalcontent.api.tesco.com/v2/media/ghs/0e5934bb-d0c4-4850-a7c1-13db99c38f28/3b6a73f5-0816-4bf4-81a6-da44c4c28a03.jpeg?h=225&w=225,yes,2026-10-07
312991322,Tesco Grape & Berry Medley 230G,2.50,10.87,per kg,"Fresh Food > Fresh Fruit > Fruit Pots, Platters & Packs > Fruit Snacks - Fruit Pots",https://www.tesco.com/groceries/en-GB/products/312991322,https://digitalcontent.api.tesco.com/v2/media/ghs/4a6a975e-c351-41f6-9aa1-bbc71e3563e2/d7a870a4-c8af-4ec3-a299-b3b3c7590d4c.jpeg?h=225&w=225,yes,2026-10-07
301513359,Tesco Pink Lady Apple & Grape Pot 100G,1.50,15,per kg,"Fresh Food > Fresh Fruit > Fruit Pots, Platters & Packs > Fruit Snacks - Fruit Pots",https://www.tesco.com/groceries/en-GB/products/301513359,https://digitalcontent.api.tesco.com/v2/media/ghs/ed93b3a4-0f8b-403e-9204-f7382b4f0f85/fa51f86e-ef00-44bb-bff4-9d9b362a8727.jpeg?h=225&w=225,yes,2026-10-07
306935710,Tesco Organic Seasonal Apples,2.80,0.7,each,Fresh Food > Fresh Fruit > Apples & Pears > Organic Apples,https://www.tesco.com/groceries/en-GB/products/306935710,https://digitalcontent.api.tesco.com/v2/media/ghs/492fa2cc-11fa-49a6-bdf8-921031ac9326/6941bbc8-d079-49ce-b434-1bf024c9bece.jpeg?h=225&w=225,yes,2026-10-07
317546877,Tesco Kiwi Fruit Pot 100g,1.50,15,per kg,"Fresh Food > Fresh Fruit > Fruit Pots, Platters & Packs > Fruit Snacks - Fruit Pots",https://www.tesco.com/groceries/en-GB/products/317546877,https://digitalcontent.api.tesco.com/v2/media/ghs/e6561a7a-f14f-4255-93a8-d74889b79f91/0f6a335e-970f-4250-bc15-370ccc5ed92c.jpeg?h=225&w=225,yes,2026-10-07
313162778,Tesco Grapes & Strawberries 115G,1.50,13.04,per kg,"Fresh Food > Fresh Fruit > Fruit Pots, Platters & Packs > Fruit Snacks - Fruit Pots",https://www.tesco.com/groceries/en-GB/products/313162778,https://digitalcontent.api.tesco.com/v2/media/ghs/53cf2183-994d-438d-b637-5c43c2bc3243/71eef8b1-742e-42e3-ad33-7a99749b8e5f.jpeg?h=225&w=225,yes,2026-10-07
301513394,Tesco Pink Lady Apple Pot 80G,1.50,18.75,per kg,"Fresh Food > Fresh Fruit > Fruit Pots, Platters & Packs > Fruit Snacks - Fruit Pots",https://www.tesco.com/groceries/en-GB/products/301513394,https://digitalcontent.api.tesco.com/v2/media/ghs/a2990a29-a298-4266-a697-e2fc27f5232d/a26dd5c5-e075-4183-87c9-8451260241e1.jpeg?h=225&w=225,yes,2026-10-07
321322330,Tesco Apple & Strawberries 90g (FOS),1.50,16.67,per kg,"Fresh Food > Fresh Fruit > Fruit Pots, Platters & Packs > Fruit Snacks - Fruit Pots",https://www.tesco.com/groceries/en-GB/products/321322330,https://digitalcontent.api.tesco.com/v2/media/ghs/d6e4eb40-9df1-461f-b1a7-2a4c4b2c60b7/5598a4cd-37da-48e0-bda0-b8872db67cee.jpeg?h=225&w=225,yes,2026-10-07
323660225,Tesco Finest Sugarloaf Pineapple 220g,2.20,10,per kg,"Fresh Food > Fresh Fruit > Fruit Pots, Platters & Packs > Melon & Pineapple Fruit Pots",https://www.tesco.com/groceries/en-GB/products/323660225,https://digitalcontent.api.tesco.com/v2/media/ghs/4d13d208-4891-46b1-8620-18f607eb06dc/aa414eb7-7cfa-46a2-a360-6ed2905616d7.jpeg?h=225&w=225,yes,2026-10-07
287024636,Tesco Organic Ripe & Ready Pears 550G,2.70,4.91,per kg,Fresh Food > Fresh Fruit > Organic Fruit & Nuts > Organic Pears,https://www.tesco.com/groceries/en-GB/products/287024636,https://digitalcontent.api.tesco.com/v2/media/ghs/9d6be6e7-ba83-4f06-a764-98113fabcebe/a4862d99-ca88-479c-a5ca-9a2d25e13da5.jpeg?h=225&w=225,yes,2026-10-07
252946036,Tesco Rhubarb 400G,2.50,6.25,per kg,Fresh Food > Fresh Fruit > Rhubarb > Rhubarb,https://www.tesco.com/groceries/en-GB/products/252946036,https://digitalcontent.api.tesco.com/v2/media/ghs/9f308483-f98c-4b04-92ba-b6c5485baebd/52574b48-9d40-407d-8a69-f51e52ac957b.jpeg?h=225&w=225,yes,2026-10-07
300991012,Tesco Finest Snowball Melon,2.60,2.6,each,Fresh Food > Fresh Fruit > Melons & Pineapples > Melons,https://www.tesco.com/groceries/en-GB/products/300991012,https://digitalcontent.api.tesco.com/v2/media/ghs/f095858e-e803-43b6-80f7-a8ce16fff1cb/b4cb1888-d346-4d78-a786-c9c219d5cee3_394295505.jpeg?h=225&w=225,yes,2026-10-07
321775277,Tesco Organic Seedless Grapes 400g,3.00,7.5,per kg,Fresh Food > Fresh Fruit > Organic Fruit & Nuts > Organic Grapes,https://www.tesco.com/groceries/en-GB/products/321775277,https://digitalcontent.api.tesco.com/v2/media/ghs/1bf4f165-ff7b-4a40-8a60-ba959e6362bd/c809bd02-e580-4289-bab8-414c6f634de9.jpeg?h=225&w=225,yes,2026-10-07
330749865,Tesco Red Seedless Grapes Snack Pot 150g,1.35,9,per kg,Fresh Food > Fresh Fruit > Grapes > Snack Pack Grapes,https://www.tesco.com/groceries/en-GB/products/330749865,https://digitalcontent.api.tesco.com/v2/media/ghs/f476a377-cb15-4f30-a444-f63cd0df5f36/5fae03c0-8a85-475e-ae0b-900face5bc8f.jpeg?h=225&w=225,yes,2026-10-07
271531711,Tesco Persimmons Minimum 2 Pack,1.70,0.85,each,"Fresh Food > Fresh Fruit > Mango, Kiwi & Exotic Fruit > Persimmons",https://www.tesco.com/groceries/en-GB/products/271531711,https://digitalcontent.api.tesco.com/v2/media/ghs/da707a2c-c5de-40bc-9993-c144bea4a841/fce3f0da-4aab-4a4b-9967-59f7dab76744.jpeg?h=225&w=225,yes,2026-10-07
323495622,Tesco Blueberries Snack Pot 90g,1.65,18.33,per kg,Fresh Food > Fresh Fruit > Berries & Cherries > Blueberries,https://www.tesco.com/groceries/en-GB/products/323495622,https://digitalcontent.api.tesco.com/v2/media/ghs/3d48a85f-cb0c-4dc0-855a-4b7de783072e/89ca1f17-2324-494c-96d8-0c48f8e532b4.jpeg?h=225&w=225,yes,2026-10-07
296057670,Tesco Peaches Minimum 4 Pack,2.25,0.56,each,"Fresh Food > Fresh Fruit > Peaches, Nectarines, Plums & Apricots > Peaches",https://www.tesco.com/groceries/en-GB/products/296057670,https://digitalcontent.api.tesco.com/v2/media/ghs/f32eab49-afbd-4abe-869f-964492bbdb22/2f48a296-6f8b-40ec-9699-a2ccff23220f.jpeg?h=225&w=225,yes,2026-10-07
261834005,Tesco Organic Walnuts 100G,3.00,30,per kg,Fresh Food > Fresh Fruit > Organic Fruit & Nuts > Organic Dried Fruit & Nuts,https://www.tesco.com/groceries/en-GB/products/261834005,https://digitalcontent.api.tesco.com/v2/media/ghs/b4ec481e-41fc-4850-9773-f2c62d28d2ff/b64decf2-2443-4679-a4c2-a1b6fb1b4d6f_950551321.jpeg?h=225&w=225,yes,2026-10-07
307761343,Tesco Finest Apples Minimum 4 Pack,3.10,0.78,each,Fresh Food > Fresh Fruit > Apples & Pears > Pink & Red Apples,https://www.tesco.com/groceries/en-GB/products/307761343,https://digitalcontent.api.tesco.com/v2/media/ghs/e07f854b-251b-48b1-baf8-ecef41737d1e/0a909410-757a-4b46-a69c-959a6a313570.jpeg?h=225&w=225,yes,2026-10-07
321052171,"Tesco Fruit, Cheese & Crackers Snack Pack 150g",3.10,20.67,per kg,"Fresh Food > Fresh Fruit > Fruit Pots, Platters & Packs > Fruit Snacks - Fruit Pots",https://www.tesco.com/groceries/en-GB/products/321052171,https://digitalcontent.api.tesco.com/v2/media/ghs/d2c7f1d5-8152-4e5e-b3a7-79b3942b4f53/c0ba585d-ae95-45f4-9bcd-8b2c0e4485d4.jpeg?h=225&w=225,yes,2026-10-07
260942646,Tesco Organic Fairtrade Cashew Nuts 150g,3.40,22.67,per kg,Fresh Food > Fresh Fruit > Organic Fruit & Nuts > Organic Dried Fruit & Nuts,https://www.tesco.com/groceries/en-GB/products/260942646,https://digitalcontent.api.tesco.com/v2/media/ghs/ae6fcf70-6e4f-4c6e-b031-f7e68378fe6a/4c969cf3-bde7-4b66-ac2e-b2ab0df49ea3_1755317444.jpeg?h=225&w=225,yes,2026-10-07
308467598,Tesco Watermelon 600g,4.45,7.42,per kg,"Fresh Food > Fresh Fruit > Fruit Pots, Platters & Packs > Fruit Snacks - Fruit Pots",https://www.tesco.com/groceries/en-GB/products/308467598,https://digitalcontent.api.tesco.com/v2/media/ghs/e833e4c1-f2e7-4b6f-a295-32de24292591/a6aa4613-260e-436d-aafd-486b9bcd1dd4.jpeg?h=225&w=225,yes,2026-10-07
323305336,Tesco Rainbow Fruit Platter 200g,2.50,12.5,per kg,"Fresh Food > Fresh Fruit > Fruit Pots, Platters & Packs > Fruit Platters",https://www.tesco.com/groceries/en-GB/products/323305336,https://digitalcontent.api.tesco.com/v2/media/ghs/6172903f-463a-4d30-9fe9-794b1ff7eec3/54956ca3-9b07-4ce1-b73e-5db5ea48381d.jpeg?h=225&w=225,yes,2026-10-07
302972268,Tesco Large Fruit Platter 350G,3.25,9.29,per kg,"Fresh Food > Fresh Fruit > Fruit Pots, Platters & Packs > Fruit Snacks - Fruit Pots",https://www.tesco.com/groceries/en-GB/products/302972268,https://digitalcontent.api.tesco.com/v2/media/ghs/d9db3d2e-cfa7-4766-8ba9-2c4b2dc262b6/751d063a-aaed-49e4-9b4b-b198f05b161b.jpeg?h=225&w=225,yes,2026-10-07
309450846,Tesco Organic Raspberries 150G,3.50,23.33,per kg,Fresh Food > Fresh Fruit > Berries & Cherries > Organic Berries,https://www.tesco.com/groceries/en-GB/products/309450846,https://digitalcontent.api.tesco.com/v2/media/ghs/278989fb-a06e-45ec-93ff-3904c7f6bf27/0935fed6-4b49-47af-84ef-7a40a57b7dd5.jpeg?h=225&w=225,yes,2026-10-07
321326239,Tesco Pineapple Chunks 300G (FOS) ,2.50,8.33,per kg DR.WT,"Fresh Food > Fresh Fruit > Fruit Pots, Platters & Packs > Fruit Snacks - Fruit Pots",https://www.tesco.com/groceries/en-GB/products/321326239,https://digitalcontent.api.tesco.com/v2/media/ghs/7a36aab5-a392-46b8-a98c-0295f833a555/247ed3bb-48b1-48c3-8847-45670fcf3d5b.jpeg?h=225&w=225,yes,2026-10-07
321325091,Tesco Finest Best in Season Pears 4 Pack,3.00,0.75,each,Fresh Food > Fresh Fruit > Apples & Pears > Ready to Eat Pears,https://www.tesco.com/groceries/en-GB/products/321325091,https://digitalcontent.api.tesco.com/v2/media/ghs/d0d6956f-617d-4343-95d8-29852a821ce3/b58b9df4-ab73-4563-86b2-7beccb96f35b.jpeg?h=225&w=225,yes,2026-10-07
266356851,Tesco Organic Almonds 200 G,3.30,16.5,per kg,Fresh Food > Fresh Fruit > Organic Fruit & Nuts > Organic Dried Fruit & Nuts,https://www.tesco.com/groceries/en-GB/products/266356851,https://digitalcontent.api.tesco.com/v2/media/ghs/6d9e739e-c588-437a-8d87-df783766f234/706041d0-7f14-416c-95f0-45727e765b38_1831295255.jpeg?h=225&w=225,yes,2026-10-07
313946787,Tesco Fruit Kebabs 290G,4.10,14.14,per kg,"Fresh Food > Fresh Fruit > Fruit Pots, Platters & Packs > Fruit Snacks - Fruit Pots",https://www.tesco.com/groceries/en-GB/products/313946787,https://digitalcontent.api.tesco.com/v2/media/ghs/3fdf218e-e4f2-4e6a-ad62-e7b3092d7764/c5d7b309-41fd-4ce6-8c58-31125790d3d9.jpeg?h=225&w=225,yes,2026-10-07
302685683,Tesco Snack Pack Mango 35G,1.00,28.57,per kg,"Treats & Snacks > Dried Fruit, Nuts, Nutrient Powders & Seeds > Dried Fruit > Dried Fruit",https://www.tesco.com/groceries/en-GB/products/302685683,https://digitalcontent.api.tesco.com/v2/media/ghs/3f85a55e-ded1-48b2-a299-12970bfa99f4/abb5da0f-739a-4f30-abbc-e15d6db34bde_1341552294.jpeg?h=225&w=225,yes,2026-10-07
321331031,"Tesco Melon, Kiwi & Strawberry 250g (FOS)",2.50,10,per kg,"Fresh Food > Fresh Fruit > Fruit Pots, Platters & Packs > Fruit Snacks - Fruit Pots",https://www.tesco.com/groceries/en-GB/products/321331031,https://digitalcontent.api.tesco.com/v2/media/ghs/63c103cf-e1aa-4a18-8117-65cd4a00a3fb/0e4ab86b-db0d-48ef-9069-dbd00ea0b271.jpeg?h=225&w=225,yes,2026-10-07
330751787,Tesco Pineapple 450g,3.00,6.67,per kg,"Fresh Food > Fresh Fruit > Fruit Pots, Platters & Packs > Melon & Pineapple Fruit Pots",https://www.tesco.com/groceries/en-GB/products/330751787,https://digitalcontent.api.tesco.com/v2/media/ghs/659b624a-fcd0-42e2-9511-61e3a190115c/ec2dc536-e3d6-4f9c-b939-261c50b89d04.jpeg?h=225&w=225,yes,2026-10-07
321349598,Tesco Grapes 110g (FOS),1.50,13.64,per kg,Fresh Food > Fresh Fruit > Grapes > Snack Pack Grapes,https://www.tesco.com/groceries/en-GB/products/321349598,https://digitalcontent.api.tesco.com/v2/media/ghs/2a314e7e-d3c7-489e-b7cd-c54f18543f3f/c1a3a9c7-b423-45de-95e9-66cdab3b807e.jpeg?h=225&w=225,yes,2026-10-07
302947950,Tesco Pink Lady Apple And Grape Snack Pot 100G,1.50,15,per kg,"Fresh Food > Fresh Fruit > Fruit Pots, Platters & Packs > Fruit Snacks - Fruit Pots",https://www.tesco.com/groceries/en-GB/products/302947950,https://digitalcontent.api.tesco.com/v2/media/ghs/e67e3b85-2461-4c62-a48d-cd5d47b0473e/767530dd-e2bb-4f4f-a64d-43c7fbb462b4.jpeg?h=225&w=225,yes,2026-10-07
321121245,Tesco Grape & Berry Medley 230G (FOS),2.50,10.87,per kg,"Fresh Food > Fresh Fruit > Fruit Pots, Platters & Packs > Fruit Snacks - Fruit Pots",https://www.tesco.com/groceries/en-GB/products/321121245,https://digitalcontent.api.tesco.com/v2/media/ghs/ee5f2dc9-cd9b-4dea-83ca-b6c9e93c3d1f/89cb4a66-d6d2-4169-9fdd-7a7ea5e0dba6.jpeg?h=225&w=225,yes,2026-10-07
315075509,Tesco Cucumber With Soured Cream & Chive Dip 120g,1.65,13.75,per kg,Fresh Food > Fresh Vegetables & Fresh Flowers > Prepared Vegetables > Prepared Vegetable Snacks,https://www.tesco.com/groceries/en-GB/products/315075509,https://digitalcontent.api.tesco.com/v2/media/ghs/b680c3ab-84fc-44c6-9b8a-402f4a281190/ffce355f-181a-4f59-b8d6-836ce00a9abf.jpeg?h=225&w=225,yes,2026-10-07
323506657,Tesco Cantaloupe Melon 130g,1.50,11.54,per kg,Fresh Food > Fresh Fruit > Melons & Pineapples > Melons,https://www.tesco.com/groceries/en-GB/products/323506657,https://digitalcontent.api.tesco.com/v2/media/ghs/619b78e7-57d3-4890-bc71-fb95203c6d8e/b83d9c13-4f16-4fe3-8807-1e354b5ba04a.jpeg?h=225&w=225,yes,2026-10-07
311447192,"Tesco Melon, Kiwi & Strawberry 125g",1.50,12,per kg,"Fresh Food > Fresh Fruit > Fruit Pots, Platters & Packs > Fruit Snacks - Fruit Pots",https://www.tesco.com/groceries/en-GB/products/311447192,https://digitalcontent.api.tesco.com/v2/media/ghs/e4bd83ba-747e-46b4-a3ee-28f40eda8c1b/1e8f42e1-7242-46f1-880d-24362289049f.jpeg?h=225&w=225,yes,2026-10-07
255582121,Tesco Organic Unwaxed Oranges,2.00,0.5,each,Fresh Food > Fresh Fruit > Organic Fruit & Nuts > Organic Citrus Fruits,https://www.tesco.com/groceries/en-GB/products/255582121,https://digitalcontent.api.tesco.com/v2/media/ghs/9ce5401a-a9e5-4d2f-bad5-ecfda7e575c5/4487b04f-a696-4215-a6bd-0ed858879acb_2064326854.jpeg?h=225&w=225,yes,2026-10-07
323665905,TESCO Orange Segements 140g,1.65,11.79,per kg,"Fresh Food > Fresh Fruit > Fruit Pots, Platters & Packs > Fruit Snacks - Fruit Pots",https://www.tesco.com/groceries/en-GB/products/323665905,https://digitalcontent.api.tesco.com/v2/media/ghs/a41143b1-b960-43af-b2c9-79d5e473d57d/9b0cea16-e6ea-4907-b235-3f2a1719c798.jpeg?h=225&w=225,yes,2026-10-07
251627813,Tesco Dragon Fruit Each,3.15,3.15,each,"Fresh Food > Fresh Fruit > Mango, Kiwi & Exotic Fruit > Dragon Fruit",https://www.tesco.com/groceries/en-GB/products/251627813,https://digitalcontent.api.tesco.com/v2/media/ghs/b907304b-c9fa-41c4-a980-cd7083953c82/2845bf47-ae77-4a13-af4a-4aaccf0770ae_1993300070.jpeg?h=225&w=225,yes,2026-10-07
278721090,Tesco Coconut Each,1.25,1.25,each,"Fresh Food > Fresh Fruit > Mango, Kiwi & Exotic Fruit > Coconut",https://www.tesco.com/groceries/en-GB/products/278721090,https://digitalcontent.api.tesco.com/v2/media/ghs/d9e35256-5df8-47c6-9439-292bc08f6385/a7f23f43-c448-4e5e-961c-1976bd018a39_1254456572.jpeg?h=225&w=225,yes,2026-10-07
250164181,Tesco Finest Mango Each,2.35,2.35,each,"Fresh Food > Fresh Fruit > Mango, Kiwi & Exotic Fruit > Mango",https://www.tesco.com/groceries/en-GB/products/250164181,https://digitalcontent.api.tesco.com/v2/media/ghs/c02bca54-c33e-4827-920b-a1f9743ee485/8c25704c-e3a5-412a-bda0-c9c092b145f7_2088877684.jpeg?h=225&w=225,yes,2026-10-07
311230753,Albert Bartlett Cheese Croquettes 250G,1.80,7.2,per kg,Fresh Food > Fresh Vegetables & Fresh Flowers > Prepared Vegetables > Prepared Potatoes,https://www.tesco.com/groceries/en-GB/products/311230753,https://digitalcontent.api.tesco.com/v2/media/ghs/ed5d3ef8-f5e4-4a1b-aa73-f19db5d07879/788cddc6-99a0-46d8-8f9f-958f72862c67.jpeg?h=225&w=225,yes,2026-10-07
296057883,Nightingale Farms Peppers 375G,1.79,4.77,per kg,"Fresh Food > Fresh Salad, Coleslaw & Sandwich Fillers > Peppers > Peppers",https://www.tesco.com/groceries/en-GB/products/296057883,https://digitalcontent.api.tesco.com/v2/media/ghs/aa1a338c-64b8-46c9-ac55-4d44a38d91e1/5465a4e4-c0a0-45fb-8415-6315e9d92b4a_1637457968.jpeg?h=225&w=225,yes,2026-10-07
302290700,Tesco Maris Piper Potatoes 2Kg,1.85,0.92,per kg,Fresh Food > Fresh Vegetables & Fresh Flowers > Potatoes & Sweet Potatoes > All Rounder Potatoes,https://www.tesco.com/groceries/en-GB/products/302290700,https://digitalcontent.api.tesco.com/v2/media/ghs/3d6e5b1e-a686-4f0d-8155-b6b6c8c8f20a/4d0e0f86-9eeb-4121-b3ee-fa28aff297a0_1520128228.jpeg?h=225&w=225,yes,2026-10-07
281426090,Tesco Brown Onions 3 Pack,1.00,0.33,each,Fresh Food > Fresh Vegetables & Fresh Flowers > Onions & Leeks > Brown Onions,https://www.tesco.com/groceries/en-GB/products/281426090,https://digitalcontent.api.tesco.com/v2/media/ghs/923b6a50-8ade-4376-a856-671bc2750962/cd0f3a4b-5d3f-4525-be02-50ba412a5617_1235554975.jpeg?h=225&w=225,no,2026-10-07
305834203,Tesco Sweet Vine Ripened Tomatoes 255G,1.25,4.9,per kg,"Fresh Food > Fresh Salad, Coleslaw & Sandwich Fillers > Tomatoes > On The Vine Tomatoes",https://www.tesco.com/groceries/en-GB/products/305834203,https://digitalcontent.api.tesco.com/v2/media/ghs/4e0c5b8a-e965-44a8-8916-23cfb63ab328/1194fb76-1df9-444a-9785-9b974332253a.jpeg?h=225&w=225,yes,2026-10-07
281425851,Tesco Red Onions 3Pack Minimum,1.00,0.33,each,Fresh Food > Fresh Vegetables & Fresh Flowers > Onions & Leeks > Pink Onions & Red Onions,https://www.tesco.com/groceries/en-GB/products/281425851,https://digitalcontent.api.tesco.com/v2/media/ghs/d7fee53b-a660-46f9-8e6a-6366dc4c9f89/b1f2aef0-6a5f-4fd4-84ca-d608eef7803b_2038170557.jpeg?h=225&w=225,yes,2026-10-07
304376337,Tesco Maris Piper Potatoes 1.25Kg,1.45,1.16,per kg,Fresh Food > Fresh Vegetables & Fresh Flowers > Potatoes & Sweet Potatoes > All Rounder Potatoes,https://www.tesco.com/groceries/en-GB/products/304376337,https://digitalcontent.api.tesco.com/v2/media/ghs/7660132e-78e1-4dc2-a920-c06c9dee8631/bce795f9-cfb7-48ef-9c87-9d982e16d872_1776916406.jpeg?h=225&w=225,yes,2026-10-07
314119392,Tesco Baby Plum Tomatoes 300G,1.00,3.33,per kg,"Fresh Food > Fresh Salad, Coleslaw & Sandwich Fillers > Tomatoes > Baby & Cherry Tomatoes",https://www.tesco.com/groceries/en-GB/products/314119392,https://digitalcontent.api.tesco.com/v2/media/ghs/3d94286f-0419-46e9-b174-9a33a225fbf5/38642f86-61ac-492a-9007-8a865bbd0266.jpeg?h=225&w=225,yes,2026-10-07
305255289,Tesco Tenderstem Broccoli 200G,1.60,8,per kg,Fresh Food > Fresh Vegetables & Fresh Flowers > Broccoli & Cauliflower > Broccoli,https://www.tesco.com/groceries/en-GB/products/305255289,https://digitalcontent.api.tesco.com/v2/media/ghs/36e057b0-3a85-46c6-ada0-679b194899f4/1c9d51fa-19b1-4708-b9b2-f11debf3e2a4.jpeg?h=225&w=225,yes,2026-10-07
313168547,Tesco Large Garlic,0.50,0.5,each,"Fresh Food > Fresh Vegetables & Fresh Flowers > Fresh Chillies, Herbs, Garlic & Ginger > Garlic Cloves",https://www.tesco.com/groceries/en-GB/products/313168547,https://digitalcontent.api.tesco.com/v2/media/ghs/161ccab8-39cd-4d63-bc91-e7132d46e4c5/5e546c2c-8875-4a23-bf33-e8deaaa1ca67_712747529.jpeg?h=225&w=225,yes,2026-10-07
273796618,Tesco Chestnut Vitamin D Mushrooms 250G,1.10,4.4,per kg,Fresh Food > Fresh Vegetables & Fresh Flowers > Mushrooms > Chestnut Mushrooms,https://www.tesco.com/groceries/en-GB/products/273796618,https://digitalcontent.api.tesco.com/v2/media/ghs/d7fdf21b-0306-4a0b-a810-5dfd201cfefb/499558ec-5b02-470f-9827-af8b84cb0c80.jpeg?h=225&w=225,yes,2026-10-07
321328928,Tesco Carrots 500g,0.55,1.1,per kg,Fresh Food > Fresh Vegetables & Fresh Flowers > Carrots & Root Vegetables > Carrots,https://www.tesco.com/groceries/en-GB/products/321328928,https://digitalcontent.api.tesco.com/v2/media/ghs/80791a2a-82d5-43ee-9970-49e5700224e4/5ea707b1-646a-4a2a-b4f2-08dda4814586_2016759926.jpeg?h=225&w=225,yes,2026-10-07
281035500,Tesco Bunched Spring Onions 100G,0.69,6.9,per kg,"Fresh Food > Fresh Salad, Coleslaw & Sandwich Fillers > Spring Onions, Radish & Beetroot > Spring Onions",https://www.tesco.com/groceries/en-GB/products/281035500,https://digitalcontent.api.tesco.com/v2/media/ghs/9ac27c57-9a0a-4652-9643-5d562716e9d3/40796177-0f92-47cb-b54f-6b96d93b7caf.jpeg?h=225&w=225,yes,2026-10-07
253557034,Tesco Brown Onions Loose,0.11,0.95,per kg,Fresh Food > Fresh Vegetables & Fresh Flowers > Onions & Leeks > Brown Onions,https://www.tesco.com/groceries/en-GB/products/253557034,https://digitalcontent.api.tesco.com/v2/media/ghs/92eb3f22-271c-4be6-8bff-e5b084a32a77/9bc4adda-25e3-40ae-bcb5-41b5b241ce43.jpeg?h=225&w=225,yes,2026-10-07
305953125,Tesco Carrots 1Kg,0.69,0.69,per kg,Fresh Food > Fresh Vegetables & Fresh Flowers > Carrots & Root Vegetables > Carrots,https://www.tesco.com/groceries/en-GB/products/305953125,https://digitalcontent.api.tesco.com/v2/media/ghs/7b2dc3fc-ca18-4b66-ae91-d28aefc22f93/a3364ce8-cbcc-48fb-ac96-50af12cee10f_216679890.jpeg?h=225&w=225,yes,2026-10-07
305729979,Tesco Baking Potatoes 4 Pack,0.85,0.21,each,Fresh Food > Fresh Vegetables & Fresh Flowers > Potatoes & Sweet Potatoes > Baking & Jacket Potatoes,https://www.tesco.com/groceries/en-GB/products/305729979,https://digitalcontent.api.tesco.com/v2/media/ghs/8e75f438-779a-4b82-9370-8a7b3b5bb2e8/05ad7e4c-0a97-40e9-8598-9d21091b7202_102214516.jpeg?h=225&w=225,yes,2026-10-07
254638565,Tesco Carrots Loose,0.11,0.69,per kg,Fresh Food > Fresh Vegetables & Fresh Flowers > Carrots & Root Vegetables > Carrots,https://www.tesco.com/groceries/en-GB/products/254638565,https://digitalcontent.api.tesco.com/v2/media/ghs/b329881a-9bdc-49cc-b2ad-4c669d99f980/3261d1c0-6e49-44c6-bde2-ca7a3c532420.jpeg?h=225&w=225,yes,2026-10-07
258114107,Tesco Red Onions Loose,0.20,0.95,per kg,Fresh Food > Fresh Vegetables & Fresh Flowers > Onions & Leeks > Pink Onions & Red Onions,https://www.tesco.com/groceries/en-GB/products/258114107,https://digitalcontent.api.tesco.com/v2/media/ghs/6c95b03d-ee51-4279-8404-5a52ba388add/5dddba7c-a82a-429a-a360-4caee65b1c60.jpeg?h=225&w=225,yes,2026-10-07
255736044,Tesco Brown Onions 1Kg,0.95,0.95,per kg,Fresh Food > Fresh Vegetables & Fresh Flowers > Onions & Leeks > Brown Onions,https://www.tesco.com/groceries/en-GB/products/255736044,https://digitalcontent.api.tesco.com/v2/media/ghs/e93cdebb-d4d7-4360-92a5-3cef6073f08b/613352db-2d7e-4223-a86d-6a61ab0fe9a1_945785523.jpeg?h=225&w=225,yes,2026-10-07
313165959,Tesco All Rounder Potatoes 2Kg,1.32,0.66,per kg,Fresh Food > Fresh Vegetables & Fresh Flowers > Potatoes & Sweet Potatoes > All Rounder Potatoes,https://www.tesco.com/groceries/en-GB/products/313165959,https://digitalcontent.api.tesco.com/v2/media/ghs/bc2745bd-1012-4120-874d-9df37d6aa7fe/113fbf46-4311-4e71-80df-39b236ea730c_264456656.jpeg?h=225&w=225,yes,2026-10-07
253558183,Tesco Large Baking Potatoes Loose,0.27,0.9,per kg,Fresh Food > Fresh Vegetables & Fresh Flowers > Potatoes & Sweet Potatoes > Baking & Jacket Potatoes,https://www.tesco.com/groceries/en-GB/products/253558183,https://digitalcontent.api.tesco.com/v2/media/ghs/856ef54e-8700-40f8-adf4-95952f72a03d/snapshotimagehandler_652104633.jpeg?h=225&w=225,yes,2026-10-07
307344549,Tesco Broccoli 375G,0.90,2.4,per kg,Fresh Food > Fresh Vegetables & Fresh Flowers > Broccoli & Cauliflower > Broccoli,https://www.tesco.com/groceries/en-GB/products/307344549,https://digitalcontent.api.tesco.com/v2/media/ghs/af13a73d-85a9-412b-8534-48a86b8fa43a/f88bf7ad-5a12-4a6d-8863-39eceaf29298_601975441.jpeg?h=225&w=225,yes,2026-10-07
312570515,Tesco Closed Cup Mushrooms 400G,1.29,3.22,per kg,Fresh Food > Fresh Vegetables & Fresh Flowers > Mushrooms > White & Button Mushrooms,https://www.tesco.com/groceries/en-GB/products/312570515,https://digitalcontent.api.tesco.com/v2/media/ghs/070fda6a-cab7-42e4-afd3-9bdaf5abe6fc/7fdbc57f-8016-4d83-bad6-9d3e06465042.jpeg?h=225&w=225,yes,2026-10-07
308490189,Tesco Tomatoes On The Vine 500G,1.50,3,per kg,"Fresh Food > Fresh Salad, Coleslaw & Sandwich Fillers > Tomatoes > On The Vine Tomatoes",https://www.tesco.com/groceries/en-GB/products/308490189,https://digitalcontent.api.tesco.com/v2/media/ghs/8289a69e-7b1d-4469-b485-6b31e2a64db1/c56dfac3-4d58-489a-904b-61a293b05f82.jpeg?h=225&w=225,yes,2026-10-07
301219119,Tesco Baby Spinach 250G,1.30,5.2,per kg,"Fresh Food > Fresh Vegetables & Fresh Flowers > Spinach, Cabbages & Greens > Spinach",https://www.tesco.com/groceries/en-GB/products/301219119,https://digitalcontent.api.tesco.com/v2/media/ghs/e9957150-c13b-4fab-86ef-bf2afa6444c1/bb64aa48-f4d1-4ffb-bd9c-e8fba2533c8a.jpeg?h=225&w=225,yes,2026-10-07
253554596,Tesco Courgettes Loose,0.56,2.78,per kg,"Fresh Food > Fresh Vegetables & Fresh Flowers > Courgettes, Aubergines & Squash > Courgette",https://www.tesco.com/groceries/en-GB/products/253554596,https://digitalcontent.api.tesco.com/v2/media/ghs/761f624b-5445-4cec-aafd-135da5ae2a81/a7efeb83-7b07-4251-8f20-88e6d0e5eb01_598194724.jpeg?h=225&w=225,yes,2026-10-07
315591641,Tesco Baking Potatoes 2kg,1.85,0.92,per kg,Fresh Food > Fresh Vegetables & Fresh Flowers > Potatoes & Sweet Potatoes > Baking & Jacket Potatoes,https://www.tesco.com/groceries/en-GB/products/315591641,https://digitalcontent.api.tesco.com/v2/media/ghs/55ca62db-746f-485a-80b3-533e8b1a88a9/a203486b-78f8-4e44-b186-30f80690b6ed.jpeg?h=225&w=225,yes,2026-10-07
280046454,Tesco Baby Button Mushrooms 200G,1.20,6,per kg,Fresh Food > Fresh Vegetables & Fresh Flowers > Mushrooms > White & Button Mushrooms,https://www.tesco.com/groceries/en-GB/products/280046454,https://digitalcontent.api.tesco.com/v2/media/ghs/9f9b8e7c-d09a-4731-87a3-e5e40bd71fa7/97af61c5-34c8-4411-8004-a4158998b5cc.jpeg?h=225&w=225,yes,2026-10-07
301219155,Tesco Curly Kale 180G,0.80,4.44,per kg,"Fresh Food > Fresh Vegetables & Fresh Flowers > Spinach, Cabbages & Greens > Greens & Kale",https://www.tesco.com/groceries/en-GB/products/301219155,https://digitalcontent.api.tesco.com/v2/media/ghs/7b3f8b04-9322-4975-80b7-a8956f17391c/473773cc-aab5-438a-abe5-cf45790c2e74.jpeg?h=225&w=225,yes,2026-10-07
293610620,Tesco Aubergine Each,0.95,0.95,each,"Fresh Food > Fresh Vegetables & Fresh Flowers > Courgettes, Aubergines & Squash > Aubergine",https://www.tesco.com/groceries/en-GB/products/293610620,https://digitalcontent.api.tesco.com/v2/media/ghs/0e7a52e8-c672-4c23-a003-d776ae97efaf/4948a591-8387-4681-9732-b1202643fa48.jpeg?h=225&w=225,yes,2026-10-07
315449673,Tesco Sugarsnap Peas 180g,1.60,8.89,per kg,"Fresh Food > Fresh Vegetables & Fresh Flowers > Peas, Beans, Sweetcorn & Asparagus > Peas",https://www.tesco.com/groceries/en-GB/products/315449673,https://digitalcontent.api.tesco.com/v2/media/ghs/b5cebc56-390d-4816-b52c-e972e4179280/101e2d11-34c9-4cbb-9dd1-baa1982f51c3_1870850897.jpeg?h=225&w=225,yes,2026-10-07
314098829,Tesco Classic Round Tomatoes 6 Pack,0.99,0.16,each,"Fresh Food > Fresh Salad, Coleslaw & Sandwich Fillers > Tomatoes > Tomatoes",https://www.tesco.com/groceries/en-GB/products/314098829,https://digitalcontent.api.tesco.com/v2/media/ghs/1513f64e-eb67-4ea7-a19a-b6f05b81034b/eb2e5de2-c903-4f02-bdf4-98bfe5aa77ce.jpeg?h=225&w=225,yes,2026-10-07
267524806,Tesco Leeks 500G,1.37,2.74,per kg,Fresh Food > Fresh Vegetables & Fresh Flowers > Onions & Leeks > Leeks,https://www.tesco.com/groceries/en-GB/products/267524806,https://digitalcontent.api.tesco.com/v2/media/ghs/858f3531-27e5-4f48-9806-6d05049d4a17/a18e7571-c8a8-4223-9fc4-0821ed35ba0f_1168805486.jpeg?h=225&w=225,yes,2026-10-07
257231200,Tesco Broccoli Loose,0.90,2.39,per kg,Fresh Food > Fresh Vegetables & Fresh Flowers > Broccoli & Cauliflower > Broccoli,https://www.tesco.com/groceries/en-GB/products/257231200,https://digitalcontent.api.tesco.com/v2/media/ghs/7f75d4cf-dd88-4c92-b7c8-66b28905bca0/7616067c-0921-4292-8010-93034ec7f8b5_759270779.jpeg?h=225&w=225,yes,2026-10-07
258905427,Tesco Yellow Peppers Each,0.70,0.7,each,"Fresh Food > Fresh Salad, Coleslaw & Sandwich Fillers > Peppers > Peppers",https://www.tesco.com/groceries/en-GB/products/258905427,https://digitalcontent.api.tesco.com/v2/media/ghs/ea54116a-4257-4cbf-b41e-0322be840865/faba9714-c90b-41ce-8956-c3495bdf5295.jpeg?h=225&w=225,yes,2026-10-07
304785423,Tesco Swede,0.62,0.62,each,Fresh Food > Fresh Vegetables & Fresh Flowers > Carrots & Root Vegetables > Swede & Turnips,https://www.tesco.com/groceries/en-GB/products/304785423,https://digitalcontent.api.tesco.com/v2/media/ghs/57bf3ff0-9d64-4ab1-9590-faceb30d4855/18ac21dc-56d3-4d8a-97e3-94a3eb31993a.jpeg?h=225&w=225,yes,2026-10-07
292686490,Tesco Fresh Cut Coriander 30G,0.50,16.67,per kg,"Fresh Food > Fresh Salad, Coleslaw & Sandwich Fillers > Fresh Chillies, Herbs, Garlic & Ginger > Fresh Cut Herbs",https://www.tesco.com/groceries/en-GB/products/292686490,https://digitalcontent.api.tesco.com/v2/media/ghs/e9d96893-4774-4a76-a3b4-5943433b1670/12628d24-99ed-49fc-8357-2eded727a587.jpeg?h=225&w=225,yes,2026-10-07
293953719,Tesco Baby Corn 130G,0.98,7.54,per kg,"Fresh Food > Fresh Vegetables & Fresh Flowers > Peas, Beans, Sweetcorn & Asparagus > Sweetcorn",https://www.tesco.com/groceries/en-GB/products/293953719,https://digitalcontent.api.tesco.com/v2/media/ghs/3f27544b-0da2-4054-b9b6-fc3883f6c05e/3adcf6bc-8a48-4cb0-a43f-6aebfa4e33a6.jpeg?h=225&w=225,yes,2026-10-07
310190037,Tesco Sweet Potatoes 1Kg,1.19,1.19,per kg,Fresh Food > Fresh Vegetables & Fresh Flowers > Potatoes & Sweet Potatoes > Sweet Potato,https://www.tesco.com/groceries/en-GB/products/310190037,https://digitalcontent.api.tesco.com/v2/media/ghs/f0de2371-0a25-49c4-b429-447a8ba53e3a/cab81051-eab4-4969-a769-bb433c4b6734_354241976.jpeg?h=225&w=225,yes,2026-10-07
262645072,Tesco Red Onions Pack 1Kg,0.95,0.95,per kg,Fresh Food > Fresh Vegetables & Fresh Flowers > Onions & Leeks > Pink Onions & Red Onions,https://www.tesco.com/groceries/en-GB/products/262645072,https://digitalcontent.api.tesco.com/v2/media/ghs/c038c848-ab83-4263-a556-f3d6c4cc8c56/9ae5553b-fbfc-472f-a9b1-4c76b3fbf223_692136221.jpeg?h=225&w=225,yes,2026-10-07
254941983,Tesco Sweetheart Cabbage Each,0.75,0.75,each,"Fresh Food > Fresh Vegetables & Fresh Flowers > Spinach, Cabbages & Greens > Cabbages",https://www.tesco.com/groceries/en-GB/products/254941983,https://digitalcontent.api.tesco.com/v2/media/ghs/cd85fedb-220b-4dfa-a8bf-818f61e56a60/8f8cc090-c8e0-49f9-a309-0dd90b87ec65_1796022566.jpeg?h=225&w=225,yes,2026-10-07
313168567,Tesco Green Beans 220G,0.85,3.86,per kg,"Fresh Food > Fresh Vegetables & Fresh Flowers > Peas, Beans, Sweetcorn & Asparagus > Beans",https://www.tesco.com/groceries/en-GB/products/313168567,https://digitalcontent.api.tesco.com/v2/media/ghs/34a69630-c0db-42f5-ad4d-95b8f824e7c4/700da0c3-92d4-4ec7-a74c-f5660ba7691a.jpeg?h=225&w=225,yes,2026-10-07
253558119,Tesco Cauliflower Each,1.18,1.18,each,Fresh Food > Fresh Vegetables & Fresh Flowers > Broccoli & Cauliflower > Cauliflower,https://www.tesco.com/groceries/en-GB/products/253558119,https://digitalcontent.api.tesco.com/v2/media/ghs/84190cb9-5053-4cf9-8d61-81d64039f8aa/6899c247-5ef2-47e0-8757-d24749bc356c_1717665016.jpeg?h=225&w=225,yes,2026-10-07
253559199,Tesco Large Sweet Potatoes Loose Class 1,0.42,1.19,per kg,Fresh Food > Fresh Vegetables & Fresh Flowers > Potatoes & Sweet Potatoes > Sweet Potato,https://www.tesco.com/groceries/en-GB/products/253559199,https://digitalcontent.api.tesco.com/v2/media/ghs/c0766973-560d-4a11-9f2b-065f677cf2e6/cdc52ffd-d556-49e7-bdea-b6fd0ebaf4b5.jpeg?h=225&w=225,yes,2026-10-07
251788587,Tesco Sweetcorn Cobettes 4 Pack,1.29,0.32,each,"Fresh Food > Fresh Vegetables & Fresh Flowers > Peas, Beans, Sweetcorn & Asparagus > Sweetcorn",https://www.tesco.com/groceries/en-GB/products/251788587,https://digitalcontent.api.tesco.com/v2/media/ghs/48f4b995-cbc9-4fca-a9af-a019b0092c40/652758ce-85ab-4e4d-908e-a81bd9e22fe8.jpeg?h=225&w=225,yes,2026-10-07
299389237,Tesco Tenderstem Broccoli Spears 330G,2.50,7.58,per kg,Fresh Food > Fresh Vegetables & Fresh Flowers > Broccoli & Cauliflower > Broccoli,https://www.tesco.com/groceries/en-GB/products/299389237,https://digitalcontent.api.tesco.com/v2/media/ghs/70cab943-5510-4409-92c2-85a87d33f6df/397d079b-eb93-4896-a8c5-8abe8128467b.jpeg?h=225&w=225,yes,2026-10-07
296652420,Tesco Family Pack Chestnut Vitamin D Mushrooms 485G,2.00,4.12,per kg,Fresh Food > Fresh Vegetables & Fresh Flowers > Mushrooms > Chestnut Mushrooms,https://www.tesco.com/groceries/en-GB/products/296652420,https://digitalcontent.api.tesco.com/v2/media/ghs/e89cc8ec-b8eb-421f-bab7-2c821e9303bb/a4d8f121-7010-43dc-bf3d-9f2c4f4c2ff9.jpeg?h=225&w=225,yes,2026-10-07
253559297,Tesco Root Ginger Loose,0.56,5.6,per kg,"Fresh Food > Fresh Vegetables & Fresh Flowers > Fresh Chillies, Herbs, Garlic & Ginger > Ginger",https://www.tesco.com/groceries/en-GB/products/253559297,https://digitalcontent.api.tesco.com/v2/media/ghs/ad4f456e-1588-476e-8ff0-fbfa149594ec/snapshotimagehandler_1126124490.jpeg?h=225&w=225,yes,2026-10-07
272107544,Fresh & Naked Spinach 125G,1.20,9.6,per kg,"Fresh Food > Fresh Salad, Coleslaw & Sandwich Fillers > Lettuce & Salad bags > Salad Bags",https://www.tesco.com/groceries/en-GB/products/272107544,https://digitalcontent.api.tesco.com/v2/media/ghs/e00c15e3-f217-43b3-b89a-0fc43d022dbe/e5f2131f-4420-4c29-bcfd-abee07d4a3c5.jpeg?h=225&w=225,yes,2026-10-07
256651384,Tesco Asparagus Tips 125G,2.10,16.8,per kg,"Fresh Food > Fresh Vegetables & Fresh Flowers > Peas, Beans, Sweetcorn & Asparagus > Asparagus",https://www.tesco.com/groceries/en-GB/products/256651384,https://digitalcontent.api.tesco.com/v2/media/ghs/ac614f3a-cca7-461e-a7e4-3bf551f6bac1/74f39dcd-3e3c-42d6-bb7d-bf1ac8fd92d7_1670944550.jpeg?h=225&w=225,yes,2026-10-07
315384380,Tesco Garlic 4 Pack,0.87,0.22,each,"Fresh Food > Fresh Vegetables & Fresh Flowers > Fresh Chillies, Herbs, Garlic & Ginger > Garlic Cloves",https://www.tesco.com/groceries/en-GB/products/315384380,https://digitalcontent.api.tesco.com/v2/media/ghs/1f6561af-20e3-4827-8e35-d18623ce8e2d/0eb1c303-4649-454d-9380-8e1d8e225cc2_143830372.jpeg?h=225&w=225,yes,2026-10-07
304401971,Tesco Baby Spinach 220G,1.65,7.5,per kg,"Fresh Food > Fresh Salad, Coleslaw & Sandwich Fillers > Lettuce & Salad bags > Salad Bags",https://www.tesco.com/groceries/en-GB/products/304401971,https://digitalcontent.api.tesco.com/v2/media/ghs/2cee1bbd-8570-4c90-873f-79b401a310f7/00f0b067-55c3-49a7-90ab-afaa4d73b192.jpeg?h=225&w=225,yes,2026-10-07
293953495,Tesco Runner Beans 180G,1.45,8.06,per kg,"Fresh Food > Fresh Vegetables & Fresh Flowers > Peas, Beans, Sweetcorn & Asparagus > Beans",https://www.tesco.com/groceries/en-GB/products/293953495,https://digitalcontent.api.tesco.com/v2/media/ghs/3f2df616-32cc-4c51-90b3-b0647cb4cc1f/24489f80-07b0-4a27-af8d-098fd5a22d7a_312565257.jpeg?h=225&w=225,yes,2026-10-07
279336901,Tesco Fine Beans 200G,1.25,6.25,per kg,"Fresh Food > Fresh Vegetables & Fresh Flowers > Peas, Beans, Sweetcorn & Asparagus > Beans",https://www.tesco.com/groceries/en-GB/products/279336901,https://digitalcontent.api.tesco.com/v2/media/ghs/74b14ec2-01f8-4a82-add0-0fd504f5eabf/e74e0814-3c89-4402-8f46-e2c89869cd7f.jpeg?h=225&w=225,yes,2026-10-07
254999782,Tesco Beef Tomatoes Each,0.90,0.9,each,"Fresh Food > Fresh Salad, Coleslaw & Sandwich Fillers > Tomatoes > Tomatoes",https://www.tesco.com/groceries/en-GB/products/254999782,https://digitalcontent.api.tesco.com/v2/media/ghs/aca31efb-62b5-4f63-9ed4-e595834680d9/b1991a93-a813-4c95-93fc-72e814f4fef9.jpeg?h=225&w=225,yes,2026-10-07
290981391,Tesco Egg Noodles 300G,1.15,3.83,per kg,"Fresh Food > Fresh Vegetables & Fresh Flowers > Stir Fry Vegetables, Sauce & Noodles > Stir Fry Noodles & Rice",https://www.tesco.com/groceries/en-GB/products/290981391,https://digitalcontent.api.tesco.com/v2/media/ghs/d7d0621c-aa01-458c-8473-635bd0b82db0/c4da01f2-6a03-48cc-b1f1-90a30736a218.jpeg?h=225&w=225,yes,2026-10-07
266125635,Tesco Miniature Potatoes 750G,1.45,1.93,per kg,Fresh Food > Fresh Vegetables & Fresh Flowers > Potatoes & Sweet Potatoes > Baby & New Potatoes,https://www.tesco.com/groceries/en-GB/products/266125635,https://digitalcontent.api.tesco.com/v2/media/ghs/b7bb6f7e-f97a-426c-a7ae-01d93de15423/79491240-e87b-47d0-926a-7d06ebe344de_290477104.jpeg?h=225&w=225,yes,2026-10-07
313968087,Tesco Cherry Tomatoes 300G,1.00,3.33,per kg,"Fresh Food > Fresh Salad, Coleslaw & Sandwich Fillers > Tomatoes > Baby & Cherry Tomatoes",https://www.tesco.com/groceries/en-GB/products/313968087,https://digitalcontent.api.tesco.com/v2/media/ghs/1156c838-032e-4aef-9739-899db4f6da20/8717976a-d504-4587-8baf-a33be40c70aa.jpeg?h=225&w=225,yes,2026-10-07
312693894,Tesco Carrot Batons 400G,1.10,2.75,per kg,Fresh Food > Fresh Vegetables & Fresh Flowers > Prepared Vegetables > Prepared Single Vegetables,https://www.tesco.com/groceries/en-GB/products/312693894,https://digitalcontent.api.tesco.com/v2/media/ghs/02b1c458-f127-4c5c-b1d4-94ac52292314/f9160aca-7621-4aaa-93a0-38625274925c.jpeg?h=225&w=225,yes,2026-10-07
292686582,Tesco Fresh Cut Flat Leaf Parsley 30G,0.50,16.67,per kg,"Fresh Food > Fresh Salad, Coleslaw & Sandwich Fillers > Fresh Chillies, Herbs, Garlic & Ginger > Fresh Cut Herbs",https://www.tesco.com/groceries/en-GB/products/292686582,https://digitalcontent.api.tesco.com/v2/media/ghs/91f778ed-4156-40ac-85ea-944235402060/9e324bea-75f3-4b84-8d1f-847635592f1e.jpeg?h=225&w=225,yes,2026-10-07
256687445,Tesco Organic Carrots 700G,1.35,1.93,per kg,Fresh Food > Fresh Vegetables & Fresh Flowers > Carrots & Root Vegetables > Organic Carrots & Root Vegetables,https://www.tesco.com/groceries/en-GB/products/256687445,https://digitalcontent.api.tesco.com/v2/media/ghs/2fb1842c-91cf-4ec8-938b-8341ac2765f3/e46c836d-5a47-483c-abc3-b7983baa0b3b_736031612.jpeg?h=225&w=225,yes,2026-10-07
253557408,Tesco Parsnips Loose,0.22,1.48,per kg,Fresh Food > Fresh Vegetables & Fresh Flowers > Carrots & Root Vegetables > Parsnips,https://www.tesco.com/groceries/en-GB/products/253557408,https://digitalcontent.api.tesco.com/v2/media/ghs/d9a2c62f-4007-4275-a08a-4edfb5637b2f/58de6440-4c38-4189-a2c0-d8cc3cc1132f.jpeg?h=225&w=225,yes,2026-10-07
315744110,Tesco Red Potatoes 2KG,1.56,0.78,per kg,Fresh Food > Fresh Vegetables & Fresh Flowers > Potatoes & Sweet Potatoes > All Rounder Potatoes,https://www.tesco.com/groceries/en-GB/products/315744110,https://digitalcontent.api.tesco.com/v2/media/ghs/b83de64c-041a-4710-bbc6-bdbc1013598a/bdcf635b-e36c-4a5b-bf83-b62787ccd7f1.jpeg?h=225&w=225,yes,2026-10-07
297682889,Tesco Tenderstem & Mixed Vegetables 160G,1.75,10.94,per kg,Fresh Food > Fresh Vegetables & Fresh Flowers > Prepared Vegetables > Prepared Mixed Vegetables,https://www.tesco.com/groceries/en-GB/products/297682889,https://digitalcontent.api.tesco.com/v2/media/ghs/8cf67096-4bed-4b7e-a25a-939f825ab7c1/f3bc4115-d7ba-490c-b993-e586ca3a8833.jpeg?h=225&w=225,yes,2026-10-07
292213267,Nightingale Farms Cherry Tomatoes 250G,0.62,2.48,per kg,"Fresh Food > Fresh Salad, Coleslaw & Sandwich Fillers > Tomatoes > Baby & Cherry Tomatoes",https://www.tesco.com/groceries/en-GB/products/292213267,https://digitalcontent.api.tesco.com/v2/media/ghs/50ae2616-9ae0-4e5f-8457-1cfadecf9eed/86de7558-faca-4286-a294-830fea0b4802_1001944737.jpeg?h=225&w=225,yes,2026-10-07
294070748,Tesco White Cabbage Each,0.89,0.89,each,"Fresh Food > Fresh Vegetables & Fresh Flowers > Spinach, Cabbages & Greens > Cabbages",https://www.tesco.com/groceries/en-GB/products/294070748,https://digitalcontent.api.tesco.com/v2/media/ghs/d7aa9cd0-d728-4367-93e1-348901abbbd5/f50ef9e5-e8c7-447d-a876-7da4f424c2b1_700106821.jpeg?h=225&w=225,yes,2026-10-07
307365386,Tesco Parsnips 500G,0.74,1.48,per kg,Fresh Food > Fresh Vegetables & Fresh Flowers > Carrots & Root Vegetables > Parsnips,https://www.tesco.com/groceries/en-GB/products/307365386,https://digitalcontent.api.tesco.com/v2/media/ghs/68baf6e9-2686-4288-b713-b897f9b2e7d7/44cca757-db40-4dc0-90b1-0a544ba4cc2d_73622614.jpeg?h=225&w=225,yes,2026-10-07
292695686,Tesco Fresh Cut Basil 30G,0.50,16.67,per kg,"Fresh Food > Fresh Salad, Coleslaw & Sandwich Fillers > Fresh Chillies, Herbs, Garlic & Ginger > Fresh Cut Herbs",https://www.tesco.com/groceries/en-GB/products/292695686,https://digitalcontent.api.tesco.com/v2/media/ghs/3f4c8406-8ba7-4e9c-abce-b719ed4cb8f0/dc00e21f-1e05-44f9-b1ec-7372be53ff8c.jpeg?h=225&w=225,yes,2026-10-07
330746970,Tesco Organic Sweetcorn Cobettes 4 Pack,1.50,0.38,each,"Fresh Food > Fresh Vegetables & Fresh Flowers > Peas, Beans, Sweetcorn & Asparagus > Sweetcorn",https://www.tesco.com/groceries/en-GB/products/330746970,https://digitalcontent.api.tesco.com/v2/media/ghs/c9fb7941-cd89-49e4-9c1a-2d6d630a8184/eccb97fb-27b4-42fa-8d59-c0f9e2cddd91.jpeg?h=225&w=225,yes,2026-10-07
252895723,Tesco Pak Choi 250G,1.55,6.2,per kg,Fresh Food > Fresh Vegetables & Fresh Flowers > International Vegetables > Pak Choi & Chicory,https://www.tesco.com/groceries/en-GB/products/252895723,https://digitalcontent.api.tesco.com/v2/media/ghs/164df1e6-2c6e-4405-852f-80201060b9f9/5b41941a-e709-4b4a-951b-04a54278eedc_728205065.jpeg?h=225&w=225,yes,2026-10-07
287571051,Tesco Sliced Mushrooms 250G,1.35,5.4,per kg,Fresh Food > Fresh Vegetables & Fresh Flowers > Prepared Vegetables > Prepared Single Vegetables,https://www.tesco.com/groceries/en-GB/products/287571051,https://digitalcontent.api.tesco.com/v2/media/ghs/29eb6745-a397-4f4a-aed7-4199540175ee/ee0634ff-9b3e-422a-b321-cec6effcd23c.jpeg?h=225&w=225,yes,2026-10-07
330750034,Tesco Mixed Vegetables 240g,1.85,7.71,per kg,Fresh Food > Fresh Vegetables & Fresh Flowers > Prepared Vegetables > Prepared Mixed Vegetables,https://www.tesco.com/groceries/en-GB/products/330750034,https://digitalcontent.api.tesco.com/v2/media/ghs/8bffa245-6c96-4151-9a28-7d92b5b478de/9eb259b1-efae-413d-9fbe-76fc4ea3ed01.jpeg?h=225&w=225,yes,2026-10-07
277492902,Tesco Butternut Squash Each,1.50,1.5,each,"Fresh Food > Fresh Vegetables & Fresh Flowers > Courgettes, Aubergines & Squash > Butternut Squash",https://www.tesco.com/groceries/en-GB/products/277492902,https://digitalcontent.api.tesco.com/v2/media/ghs/fe007bd0-ac17-4257-8d2b-37cd37cf64f4/19a43489-9221-4a8b-8641-5605a47e4d37.jpeg?h=225&w=225,yes,2026-10-07
279316390,Tesco Family Pack Mushrooms 625G,1.95,3.12,per kg,Fresh Food > Fresh Vegetables & Fresh Flowers > Mushrooms > White & Button Mushrooms,https://www.tesco.com/groceries/en-GB/products/279316390,https://digitalcontent.api.tesco.com/v2/media/ghs/f58ee182-a515-4641-81d9-a95317d51719/88a7a950-b972-4c7a-accf-9745a86b55e2.jpeg?h=225&w=225,yes,2026-10-07
299916749,Tesco Large Flat Mushrooms 250G,1.25,5,per kg,Fresh Food > Fresh Vegetables & Fresh Flowers > Mushrooms > Large & Flat Mushrooms,https://www.tesco.com/groceries/en-GB/products/299916749,https://digitalcontent.api.tesco.com/v2/media/ghs/9cd7152f-512c-461b-9094-bcd5d5731cfa/d7b4019b-c627-41e0-8c5f-940fa5f71665.jpeg?h=225&w=225,yes,2026-10-07
330754444,Tesco Peeled Baby Brussels Sprouts 160g,1.25,7.81,per kg,Fresh Food > Fresh Vegetables & Fresh Flowers > Prepared Vegetables > Prepared Single Vegetables,https://www.tesco.com/groceries/en-GB/products/330754444,https://digitalcontent.api.tesco.com/v2/media/ghs/ef5cea69-c1f6-44da-8cf6-2534216a5dee/78ab3b95-daf7-4413-a065-4c9c9da40115.jpeg?h=225&w=225,yes,2026-10-07
323324198,Tesco Finest Whole Leaf Red Kale 210g,1.30,6.19,per kg,"Fresh Food > Fresh Vegetables & Fresh Flowers > Spinach, Cabbages & Greens > Greens & Kale",https://www.tesco.com/groceries/en-GB/products/323324198,https://digitalcontent.api.tesco.com/v2/media/ghs/6db27a3f-9953-4194-9d49-11517d3e5614/1688af2b-9301-41c8-ad15-520dc00dfa3f.jpeg?h=225&w=225,yes,2026-10-07
296056918,Tesco Salad Tomatoes 650G,1.55,2.38,per kg,"Fresh Food > Fresh Salad, Coleslaw & Sandwich Fillers > Tomatoes > Tomatoes",https://www.tesco.com/groceries/en-GB/products/296056918,https://digitalcontent.api.tesco.com/v2/media/ghs/183749e1-85e5-42c4-96f9-c25d9b2c6bd4/14a9351c-35a4-492b-a17c-b10f7a1af209_244220707.jpeg?h=225&w=225,yes,2026-10-07
301194326,Tesco Traditional Sliced Runner Beans 160G,1.75,10.94,per kg,Fresh Food > Fresh Vegetables & Fresh Flowers > Prepared Vegetables > Prepared Single Vegetables,https://www.tesco.com/groceries/en-GB/products/301194326,https://digitalcontent.api.tesco.com/v2/media/ghs/68c16634-4303-4f6e-bbe1-4c45a76d4b82/6a0ec13e-6e3d-4a92-ac9a-03c9c72d1231.jpeg?h=225&w=225,yes,2026-10-07
254973708,Tesco Extra Large Cauliflower Each,2.10,2.1,each,Fresh Food > Fresh Vegetables & Fresh Flowers > Broccoli & Cauliflower > Cauliflower,https://www.tesco.com/groceries/en-GB/products/254973708,https://digitalcontent.api.tesco.com/v2/media/ghs/3459b94b-9f2b-4606-ba42-4bed83b4bf87/eda5711c-f87c-4e72-898b-db37b90e410d_581349763.jpeg?h=225&w=225,yes,2026-10-07
277941239,Tesco Mini Carrots 320G,1.35,4.22,per kg,Fresh Food > Fresh Vegetables & Fresh Flowers > Prepared Vegetables > Prepared Single Vegetables,https://www.tesco.com/groceries/en-GB/products/277941239,https://digitalcontent.api.tesco.com/v2/media/ghs/2408bbc5-ccd3-4258-aeaf-691b6441ada9/1b505628-4099-4cc2-807b-869c65ce90d8.jpeg?h=225&w=225,yes,2026-10-07
253555998,Tesco Leeks Loose,0.69,2.74,per kg,Fresh Food > Fresh Vegetables & Fresh Flowers > Onions & Leeks > Leeks,https://www.tesco.com/groceries/en-GB/products/253555998,https://digitalcontent.api.tesco.com/v2/media/ghs/a2c65bf0-746e-4288-b896-f695cbd9f0e4/5e6b2bbd-06c4-4b18-86bf-a926abf25706.jpeg?h=225&w=225,yes,2026-10-07
300537350,Tesco Trimmed Tenderstem Broccoli 80G,1.30,16.25,per kg,Fresh Food > Fresh Vegetables & Fresh Flowers > Prepared Vegetables > Prepared Single Vegetables,https://www.tesco.com/groceries/en-GB/products/300537350,https://digitalcontent.api.tesco.com/v2/media/ghs/b15e040e-a95e-4a46-b4e5-aaea3ec7c36c/d424d34a-76e0-4b8a-b7a5-a5340604321c.jpeg?h=225&w=225,yes,2026-10-07
277884433,Tesco Potato Slices 350G,1.90,5.43,per kg,Fresh Food > Fresh Vegetables & Fresh Flowers > Prepared Vegetables > Prepared Potatoes,https://www.tesco.com/groceries/en-GB/products/277884433,https://digitalcontent.api.tesco.com/v2/media/ghs/1e35ca52-08b2-4bdc-ad13-dbf63344af82/b4ec6f3f-0541-43f3-bd40-0aa649e82173.jpeg?h=225&w=225,yes,2026-10-07
330750033,Tesco Cook's Veggie Base 250g,1.30,5.2,per kg,Fresh Food > Fresh Vegetables & Fresh Flowers > Prepared Vegetables > Prepared Mixed Vegetables,https://www.tesco.com/groceries/en-GB/products/330750033,https://digitalcontent.api.tesco.com/v2/media/ghs/717d391d-2802-4f71-b0d1-9257ae7ce53c/aa45803f-e68a-4669-81a0-a26fa333dc76.jpeg?h=225&w=225,no,2026-10-07
330755936, Tesco Mangetout 80g,1.00,12.5,per kg,Fresh Food > Fresh Vegetables & Fresh Flowers > Prepared Vegetables > Prepared Single Vegetables,https://www.tesco.com/groceries/en-GB/products/330755936,https://digitalcontent.api.tesco.com/v2/media/ghs/d12acf03-65d7-438b-a2af-b8ec1c41d918/06413052-0e2f-4317-97a4-bccf42ce5720.jpeg?h=225&w=225,yes,2026-10-07
280605939,Tesco Courgettes Pre Packed 500G,1.39,2.78,per kg,"Fresh Food > Fresh Vegetables & Fresh Flowers > Courgettes, Aubergines & Squash > Courgette",https://www.tesco.com/groceries/en-GB/products/280605939,https://digitalcontent.api.tesco.com/v2/media/ghs/e8271e0b-0bc5-4297-ac2c-3c7d48a565cb/ddb10783-b72b-4929-8411-add4bde8a106_875099334.jpeg?h=225&w=225,yes,2026-10-07
309486752,Tesco Autumnal Squash,1.50,1.5,each,"Fresh Food > Fresh Vegetables & Fresh Flowers > Courgettes, Aubergines & Squash > Butternut Squash",https://www.tesco.com/groceries/en-GB/products/309486752,https://digitalcontent.api.tesco.com/v2/media/ghs/a2518a44-bb60-4af3-8a83-2916e259b616/0ee218a1-4ca2-43f4-82ce-e012a06f780b.jpeg?h=225&w=225,yes,2026-10-07
279684822,Tesco Edamame Beans 150G,1.50,10,per kg,Fresh Food > Fresh Vegetables & Fresh Flowers > Prepared Vegetables > Prepared Single Vegetables,https://www.tesco.com/groceries/en-GB/products/279684822,https://digitalcontent.api.tesco.com/v2/media/ghs/8ac414f3-5826-4a68-812f-67cb10e1e8ba/776abbef-229b-4289-a334-4b04650b790f.jpeg?h=225&w=225,yes,2026-10-07
281054492,Tesco Large Spring Onions Bunched 130G,1.00,7.69,per kg,"Fresh Food > Fresh Salad, Coleslaw & Sandwich Fillers > Spring Onions, Radish & Beetroot > Spring Onions",https://www.tesco.com/groceries/en-GB/products/281054492,https://digitalcontent.api.tesco.com/v2/media/ghs/5aa986c5-e302-4d34-8b51-d75164d76efd/42212958-2281-438e-b936-9f9d67e02345.jpeg?h=225&w=225,yes,2026-10-07
330752586,TESCO CAULIFLOWER FLORETS 320g,1.00,3.12,per kg,Fresh Food > Fresh Vegetables & Fresh Flowers > Prepared Vegetables > Prepared Single Vegetables,https://www.tesco.com/groceries/en-GB/products/330752586,https://digitalcontent.api.tesco.com/v2/media/ghs/69c0ed83-8667-4d85-a539-4e4f42de2f16/8f817920-5b6e-49cc-9bb1-d53fbb2c57e0.jpeg?h=225&w=225,yes,2026-10-07
330752592,Tesco Cauliflower & Broccoli Florets 320g,1.00,3.12,per kg,Fresh Food > Fresh Vegetables & Fresh Flowers > Prepared Vegetables > Prepared Mixed Vegetables,https://www.tesco.com/groceries/en-GB/products/330752592,https://digitalcontent.api.tesco.com/v2/media/ghs/c324ed88-3260-491f-9880-80099dc48a82/a0e0a6f4-745b-4de8-a0f0-df47160d8dfd.jpeg?h=225&w=225,yes,2026-10-07
330752594,TESCO BROCCOLI FLORETS 320g,1.00,3.12,per kg,Fresh Food > Fresh Vegetables & Fresh Flowers > Prepared Vegetables > Prepared Single Vegetables,https://www.tesco.com/groceries/en-GB/products/330752594,https://digitalcontent.api.tesco.com/v2/media/ghs/51011623-077d-43d2-b5b2-f693889fd40f/1344dd44-2bb1-4592-b62e-405a92b7d7e3.jpeg?h=225&w=225,yes,2026-10-07
313732922,Tesco Asparagus 180G,1.70,9.44,per kg,"Fresh Food > Fresh Vegetables & Fresh Flowers > Peas, Beans, Sweetcorn & Asparagus > Asparagus",https://www.tesco.com/groceries/en-GB/products/313732922,https://digitalcontent.api.tesco.com/v2/media/ghs/2b722c8e-7377-4912-a4b3-235d5421b693/82e00de8-7f19-41e8-8220-7353ff2fb153_680335811.jpeg?h=225&w=225,yes,2026-10-07
294007399,Tesco Diced Onion 400G,1.10,2.75,per kg,Fresh Food > Fresh Vegetables & Fresh Flowers > Prepared Vegetables > Prepared Single Vegetables,https://www.tesco.com/groceries/en-GB/products/294007399,https://digitalcontent.api.tesco.com/v2/media/ghs/18d3c9dd-3447-4d4a-9219-aa288bdc2300/d922d2c8-7632-4107-9558-b5c494b02ef9.jpeg?h=225&w=225,yes,2026-10-07
259095864,Tesco Fresh Cut Mint 30G,0.50,16.67,per kg,"Fresh Food > Fresh Salad, Coleslaw & Sandwich Fillers > Fresh Chillies, Herbs, Garlic & Ginger > Fresh Cut Herbs",https://www.tesco.com/groceries/en-GB/products/259095864,https://digitalcontent.api.tesco.com/v2/media/ghs/4dab772e-ffc8-4003-8757-cb3f18b46aa1/fe1d601c-8c1d-45fe-b81b-cafefad31f84.jpeg?h=225&w=225,yes,2026-10-07
330754452,Tesco Diced Swede 400g,0.75,1.88,per kg,Fresh Food > Fresh Vegetables & Fresh Flowers > Prepared Vegetables > Prepared Single Vegetables,https://www.tesco.com/groceries/en-GB/products/330754452,https://digitalcontent.api.tesco.com/v2/media/ghs/f7f4e8fb-a156-4fde-b208-f4ce2ff7299c/7f675de5-3195-4ea1-b366-1097988b9fac.jpeg?h=225&w=225,yes,2026-10-07
256339363,Tesco Red Chillies 60G,0.51,8.5,per kg,"Fresh Food > Fresh Vegetables & Fresh Flowers > Fresh Chillies, Herbs, Garlic & Ginger > Chillies",https://www.tesco.com/groceries/en-GB/products/256339363,https://digitalcontent.api.tesco.com/v2/media/ghs/eb58beed-386d-4501-b283-3108dc4a7ff3/fbc918c4-45fc-49c4-a537-1a3e0e8fadec_380768971.jpeg?h=225&w=225,yes,2026-10-07
255838396,Tesco Savoy Cabbage Each,0.77,0.77,each,"Fresh Food > Fresh Vegetables & Fresh Flowers > Spinach, Cabbages & Greens > Cabbages",https://www.tesco.com/groceries/en-GB/products/255838396,https://digitalcontent.api.tesco.com/v2/media/ghs/65c7a0de-dbb4-45b6-bf13-ea522b32b114/9c148a3b-9c42-4a89-baf1-71fb661f5fa3_2069066867.jpeg?h=225&w=225,yes,2026-10-07
321118578,Tesco Mashed Potato 450g,1.10,2.44,per kg,Fresh Food > Fresh Vegetables & Fresh Flowers > Prepared Vegetables > Prepared Potatoes,https://www.tesco.com/groceries/en-GB/products/321118578,https://digitalcontent.api.tesco.com/v2/media/ghs/417c8ce0-fa9c-4524-ad8e-ea2376b9f3ea/8850e8bb-6bcb-47c3-ba9a-93d00c8ba024.jpeg?h=225&w=225,yes,2026-10-07
315375362,Tesco Vegetable Stir Fry 320g,1.75,5.47,per kg,"Fresh Food > Fresh Vegetables & Fresh Flowers > Stir Fry Vegetables, Sauce & Noodles > Stir Fry Vegetables",https://www.tesco.com/groceries/en-GB/products/315375362,https://digitalcontent.api.tesco.com/v2/media/ghs/719fa156-a4a7-4a23-be65-3c437625f904/22f172a7-1921-48cc-a295-0383477ee0fa.jpeg?h=225&w=225,yes,2026-10-07
305990282,Tesco Green Vegetable Medley 250G,2.50,10,per kg,Fresh Food > Fresh Vegetables & Fresh Flowers > Prepared Vegetables > Prepared Mixed Vegetables,https://www.tesco.com/groceries/en-GB/products/305990282,https://digitalcontent.api.tesco.com/v2/media/ghs/65a20f5e-6a0b-4072-a032-f0ba522b3154/7c47a0a2-1a73-41c8-8f68-65f40c3b0ae7.jpeg?h=225&w=225,yes,2026-10-07
330772774,"Tesco Buttery, Garlicky & Sliced Mushrooms 200g",2.00,10,per kg,Fresh Food > Fresh Vegetables & Fresh Flowers > Prepared Vegetables > Prepared Mushrooms,https://www.tesco.com/groceries/en-GB/products/330772774,https://digitalcontent.api.tesco.com/v2/media/ghs/301291b6-993c-4857-bf29-f59e5aff3205/f811068c-5e6e-469b-af3b-e0b2430e5909.jpeg?h=225&w=225,yes,2026-10-07
280108932,Tesco Tenderstem Broccoli Tips 120G,1.50,12.5,per kg,Fresh Food > Fresh Vegetables & Fresh Flowers > Broccoli & Cauliflower > Broccoli,https://www.tesco.com/groceries/en-GB/products/280108932,https://digitalcontent.api.tesco.com/v2/media/ghs/74497c91-5f5f-460e-ac7e-4f8250e5631d/abd1e36e-2916-4352-b468-a30730850644.jpeg?h=225&w=225,yes,2026-10-07
275549004,Tesco Spinach 500G,1.77,3.54,per kg,"Fresh Food > Fresh Vegetables & Fresh Flowers > Spinach, Cabbages & Greens > Spinach",https://www.tesco.com/groceries/en-GB/products/275549004,https://digitalcontent.api.tesco.com/v2/media/ghs/e7c97d22-2e70-471f-b70f-5f22f3b1ccba/fc29ea01-7ff5-4de7-82ed-73222d27e0df.jpeg?h=225&w=225,yes,2026-10-07
290981552,Tesco Beansprouts 300G,0.85,2.83,per kg,"Fresh Food > Fresh Vegetables & Fresh Flowers > Stir Fry Vegetables, Sauce & Noodles > Stir Fry Vegetables",https://www.tesco.com/groceries/en-GB/products/290981552,https://digitalcontent.api.tesco.com/v2/media/ghs/4cee8448-cc3c-47ea-97c8-1ea1d630b1ae/3d8923ec-707c-49c3-b88a-71369b5c7562.jpeg?h=225&w=225,yes,2026-10-07
252474219,Tesco Fresh Cut Coriander 100G,1.35,13.5,per kg,"Fresh Food > Fresh Salad, Coleslaw & Sandwich Fillers > Fresh Chillies, Herbs, Garlic & Ginger > Fresh Cut Herbs",https://www.tesco.com/groceries/en-GB/products/252474219,https://digitalcontent.api.tesco.com/v2/media/ghs/7093b7c7-cac3-46aa-aaba-9578d6b29110/389fe7db-5f28-460e-9f22-a9d69175ffee.jpeg?h=225&w=225,yes,2026-10-07
298126620,Tesco Peeled Brussels Sprouts 200G,1.60,8,per kg,Fresh Food > Fresh Vegetables & Fresh Flowers > Prepared Vegetables > Prepared Single Vegetables,https://www.tesco.com/groceries/en-GB/products/298126620,https://digitalcontent.api.tesco.com/v2/media/ghs/f9f1a7d1-8dcc-4d6e-b178-8e8cf5d34025/2b45cba4-ac71-44eb-994b-6ad059427188.jpeg?h=225&w=225,yes,2026-10-07
315377089,Tesco Teriyaki Stir Fry Sauce 165g,1.15,6.97,per kg,"Fresh Food > Fresh Vegetables & Fresh Flowers > Stir Fry Vegetables, Sauce & Noodles > Stir Fry Sauces",https://www.tesco.com/groceries/en-GB/products/315377089,https://digitalcontent.api.tesco.com/v2/media/ghs/355a744b-e525-4f2c-ae4b-bb779c7676c9/ba918f4f-f5b4-4203-bb10-2fb2f983cbc8_601915552.jpeg?h=225&w=225,yes,2026-10-07
293821231,Tesco British Baby Chestnut Mushrooms 150g,1.15,7.67,per kg,Fresh Food > Fresh Vegetables & Fresh Flowers > Mushrooms > Chestnut Mushrooms,https://www.tesco.com/groceries/en-GB/products/293821231,https://digitalcontent.api.tesco.com/v2/media/ghs/5db46d61-af00-4dcf-b5a8-9be55adcb2af/d84e0543-1668-4eab-98a8-80c3152cf625.jpeg?h=225&w=225,yes,2026-10-07
315469741,Tesco Chantenay Carrots 400g,1.00,2.5,per kg,Fresh Food > Fresh Vegetables & Fresh Flowers > Carrots & Root Vegetables > Carrots,https://www.tesco.com/groceries/en-GB/products/315469741,https://digitalcontent.api.tesco.com/v2/media/ghs/be3174d6-c660-4f10-946d-6ca7773b4a17/98a20f25-5908-4669-aa8b-a0532fa0c62d_1949443648.jpeg?h=225&w=225,yes,2026-10-07
302319790,Tesco Mediterranean Style Vegetables 400G,2.00,5,per kg,Fresh Food > Fresh Vegetables & Fresh Flowers > Prepared Vegetables > Prepared Mixed Vegetables,https://www.tesco.com/groceries/en-GB/products/302319790,https://digitalcontent.api.tesco.com/v2/media/ghs/b9699333-c11e-4ebc-a653-410ed7fdf21a/3ec3cc05-edec-4d43-8a3e-1dc6be8b1b86.jpeg?h=225&w=225,yes,2026-10-07
315445602,Tesco Mangetout 180g,1.60,8.89,per kg,"Fresh Food > Fresh Vegetables & Fresh Flowers > Peas, Beans, Sweetcorn & Asparagus > Peas",https://www.tesco.com/groceries/en-GB/products/315445602,https://digitalcontent.api.tesco.com/v2/media/ghs/77df30b2-5556-4e49-b3a6-d20b375c0aab/c5e7ea53-2a08-4caa-bb7d-d2c96d85c1e4_694450421.jpeg?h=225&w=225,yes,2026-10-07
330754927,Tesco Diced Swede and Carrot 600g,1.00,1.67,per kg,Fresh Food > Fresh Vegetables & Fresh Flowers > Carrots & Root Vegetables > Mixed Root Veg Packs,https://www.tesco.com/groceries/en-GB/products/330754927,https://digitalcontent.api.tesco.com/v2/media/ghs/4756f2e3-5ce0-422f-bc0c-fec228654b1f/a6fbfb5b-f50d-48c3-ab15-8139c7b4256b.jpeg?h=225&w=225,yes,2026-10-07
292632440,Tesco Sliced Red Onion 180G,0.95,5.28,per kg,Fresh Food > Fresh Vegetables & Fresh Flowers > Prepared Vegetables > Prepared Single Vegetables,https://www.tesco.com/groceries/en-GB/products/292632440,https://digitalcontent.api.tesco.com/v2/media/ghs/34efce6b-024f-450b-8b51-eea07aeb0c2d/332e18f5-22d0-48e8-8fcb-f37b775b6629.jpeg?h=225&w=225,yes,2026-10-07
321042298,Tesco Butter Garlic & Herb baby Potatoes 400g,1.10,2.75,per kg,Fresh Food > Fresh Vegetables & Fresh Flowers > Prepared Vegetables > Prepared Potatoes,https://www.tesco.com/groceries/en-GB/products/321042298,https://digitalcontent.api.tesco.com/v2/media/ghs/a2b91f72-b929-41a2-92fb-d310479c19f9/71f80890-9352-470b-814d-0c1f55f02047.jpeg?h=225&w=225,yes,2026-10-07
317293377,Tesco Fine Beans & Tenderstem Broccoli 190g,1.95,10.26,per kg,Fresh Food > Fresh Vegetables & Fresh Flowers > Prepared Vegetables > Prepared Mixed Vegetables,https://www.tesco.com/groceries/en-GB/products/317293377,https://digitalcontent.api.tesco.com/v2/media/ghs/1fd12ae2-e0b7-42cc-a677-cec85f552c33/99694f25-b180-4f60-8379-35161c5af751.jpeg?h=225&w=225,yes,2026-10-07
253892828,Tesco Growing Salad Cress Each,0.45,0.45,each,"Fresh Food > Fresh Salad, Coleslaw & Sandwich Fillers > Fresh Chillies, Herbs, Garlic & Ginger > Fresh Cut Herbs",https://www.tesco.com/groceries/en-GB/products/253892828,https://digitalcontent.api.tesco.com/v2/media/ghs/642bd517-e870-4968-9368-4573eae4cbca/6196e051-8813-479f-990c-f5892e076182.jpeg?h=225&w=225,yes,2026-10-07
313757213,Tesco Fresh Pickled Beetroot 300g,1.00,3.33,per kg,"Fresh Food > Fresh Salad, Coleslaw & Sandwich Fillers > Spring Onions, Radish & Beetroot > Beetroot",https://www.tesco.com/groceries/en-GB/products/313757213,https://digitalcontent.api.tesco.com/v2/media/ghs/39b6b8f2-4acb-433d-8e0b-1f9410a6860f/0294bb4d-435c-4984-93bc-350d4f042f0a.jpeg?h=225&w=225,yes,2026-10-07
313955497,Tesco Baby Corn and Mangetout 190g ,1.95,10.26,per kg,Fresh Food > Fresh Vegetables & Fresh Flowers > Prepared Vegetables > Prepared Mixed Vegetables,https://www.tesco.com/groceries/en-GB/products/313955497,https://digitalcontent.api.tesco.com/v2/media/ghs/486bd9be-20b3-400c-a9b1-0dd4c3d40156/d3137c1b-77c3-4f95-b419-ef9affcbe733.jpeg?h=225&w=225,yes,2026-10-07
272852905,Tesco Large Broccoli Pack 500G,1.20,2.4,per kg,Fresh Food > Fresh Vegetables & Fresh Flowers > Broccoli & Cauliflower > Broccoli,https://www.tesco.com/groceries/en-GB/products/272852905,https://digitalcontent.api.tesco.com/v2/media/ghs/b568c33c-cd4c-4e38-997f-a0b79d80ea28/a4e6c696-364f-49cb-acb0-4b81c0a77a42_598952262.jpeg?h=225&w=225,yes,2026-10-07
304404478,Tesco Fresh Cut Dill 20G,0.48,24,per kg,"Fresh Food > Fresh Salad, Coleslaw & Sandwich Fillers > Fresh Chillies, Herbs, Garlic & Ginger > Fresh Cut Herbs",https://www.tesco.com/groceries/en-GB/products/304404478,https://digitalcontent.api.tesco.com/v2/media/ghs/40ff3108-122e-4cf7-8c52-d4d7701b8479/7ab07f41-4622-4893-bd79-ab6d3c977515.jpeg?h=225&w=225,yes,2026-10-07
308490402,Tesco Organic Broccoli 335G,1.55,4.63,per kg,Fresh Food > Fresh Vegetables & Fresh Flowers > Broccoli & Cauliflower > Broccoli,https://www.tesco.com/groceries/en-GB/products/308490402,https://digitalcontent.api.tesco.com/v2/media/ghs/48e42a46-4010-4134-84b8-11476ae76707/6146e67a-ea7c-441d-b4b3-f2b2a29c4611_1965793934.jpeg?h=225&w=225,yes,2026-10-07
304785930,Tesco Fresh Cut Thyme 20G,0.50,25,per kg,"Fresh Food > Fresh Salad, Coleslaw & Sandwich Fillers > Fresh Chillies, Herbs, Garlic & Ginger > Fresh Cut Herbs",https://www.tesco.com/groceries/en-GB/products/304785930,https://digitalcontent.api.tesco.com/v2/media/ghs/dd58b9ba-96c5-455c-b827-e55bb723ea65/a8ccab03-179e-49c6-8740-1acd4add0aa1.jpeg?h=225&w=225,yes,2026-10-07
304796979,Tesco Fresh Cut Chives 20G,0.50,25,per kg,"Fresh Food > Fresh Salad, Coleslaw & Sandwich Fillers > Fresh Chillies, Herbs, Garlic & Ginger > Fresh Cut Herbs",https://www.tesco.com/groceries/en-GB/products/304796979,https://digitalcontent.api.tesco.com/v2/media/ghs/01bc3082-c93a-4c8d-9d47-e1528df3a758/f765c43a-7eb5-466c-96da-4c20e5d111a5.jpeg?h=225&w=225,yes,2026-10-07
262453391,Tesco Mixed Chillies 65G,0.55,8.46,per kg,"Fresh Food > Fresh Vegetables & Fresh Flowers > Fresh Chillies, Herbs, Garlic & Ginger > Chillies",https://www.tesco.com/groceries/en-GB/products/262453391,https://digitalcontent.api.tesco.com/v2/media/ghs/973ce75c-e839-4b94-9a57-04eca3a796f5/8cba6a00-f2a3-411c-a911-ec166dde1661_1297896897.jpeg?h=225&w=225,yes,2026-10-07
317661665,Tesco Sliced Leeks 200g,1.00,5,per kg,Fresh Food > Fresh Vegetables & Fresh Flowers > Onions & Leeks > Leeks,https://www.tesco.com/groceries/en-GB/products/317661665,https://digitalcontent.api.tesco.com/v2/media/ghs/1ebedbbd-9f2e-48b7-a895-89ccb3187785/b4054d4f-33f5-47d1-912a-59cec99cb2f7.jpeg?h=225&w=225,yes,2026-10-07
292310843,Perfectly Imperfect Parsnips 500G,0.55,1.1,per kg,Fresh Food > Fresh Vegetables & Fresh Flowers > Carrots & Root Vegetables > Parsnips,https://www.tesco.com/groceries/en-GB/products/292310843,https://digitalcontent.api.tesco.com/v2/media/ghs/dec68586-d80c-4d05-a05a-2ffcfaf56698/1334c91b-6561-4e4c-86ac-fa9e0dd80ab3_1479010380.jpeg?h=225&w=225,yes,2026-10-07
305964008,Tesco Perfectly Imperfect Carrots 1.5Kg,0.79,0.53,per kg,Fresh Food > Fresh Vegetables & Fresh Flowers > Carrots & Root Vegetables > Carrots,https://www.tesco.com/groceries/en-GB/products/305964008,https://digitalcontent.api.tesco.com/v2/media/ghs/174dcb27-3bcc-46db-86e5-17eab9db5a52/dcbaac71-e803-4fb2-937f-8e8c92b59408_2003982765.jpeg?h=225&w=225,yes,2026-10-07
253555825,Tesco Corn On The Cob Twinpack,1.29,0.64,each,"Fresh Food > Fresh Vegetables & Fresh Flowers > Peas, Beans, Sweetcorn & Asparagus > Sweetcorn",https://www.tesco.com/groceries/en-GB/products/253555825,https://digitalcontent.api.tesco.com/v2/media/ghs/fe2b39c1-1e71-4a5b-a234-eabd29be9af7/b659a19a-e41b-4a9a-92e3-3f92209ee516.jpeg?h=225&w=225,yes,2026-10-07
294070184,Tesco Red Cabbage Each,0.89,0.89,each,"Fresh Food > Fresh Vegetables & Fresh Flowers > Spinach, Cabbages & Greens > Cabbages",https://www.tesco.com/groceries/en-GB/products/294070184,https://digitalcontent.api.tesco.com/v2/media/ghs/b8fe34a7-1b8a-4c84-81f7-8fc61cfeac08/21252334-3d92-421e-9121-43d3c3f95a08_11336673.jpeg?h=225&w=225,yes,2026-10-07
299927310,Tesco Crispy Sweet Potato Fries 300G,1.95,6.5,per kg,Fresh Food > Fresh Vegetables & Fresh Flowers > Prepared Vegetables > Prepared Potatoes,https://www.tesco.com/groceries/en-GB/products/299927310,https://digitalcontent.api.tesco.com/v2/media/ghs/cb82824a-0e48-4dee-ae6b-cf79934638d0/85a44c19-3261-4845-a36a-018c1c524aff.jpeg?h=225&w=225,yes,2026-10-07
315464124,Tesco Mushroom Stir Fry 320g,1.75,5.47,per kg,"Fresh Food > Fresh Vegetables & Fresh Flowers > Stir Fry Vegetables, Sauce & Noodles > Stir Fry Vegetables",https://www.tesco.com/groceries/en-GB/products/315464124,https://digitalcontent.api.tesco.com/v2/media/ghs/42ad2deb-c043-4642-bc57-c169855279e1/f0334531-f786-4e82-9674-7a8aad3cb795.jpeg?h=225&w=225,yes,2026-10-07
330754301,"Tesco Carrot, Cauliflower & Broccoli 480g",2.50,5.21,per kg,Fresh Food > Fresh Vegetables & Fresh Flowers > Prepared Vegetables > Prepared Mixed Vegetables,https://www.tesco.com/groceries/en-GB/products/330754301,https://digitalcontent.api.tesco.com/v2/media/ghs/a7787957-294f-4c27-91b6-274c25c119c7/b38eb38f-6847-47a2-aee6-b062b385cfd9.jpeg?h=225&w=225,yes,2026-10-07
314931777,Tesco Ginger 100g,1.25,12.5,per kg,"Fresh Food > Fresh Vegetables & Fresh Flowers > Fresh Chillies, Herbs, Garlic & Ginger > Ginger",https://www.tesco.com/groceries/en-GB/products/314931777,https://digitalcontent.api.tesco.com/v2/media/ghs/d9c29fe8-c43e-4499-90e4-1ce8a66b1328/43738309-471a-4d4d-ba35-958a289e9a81.jpeg?h=225&w=225,yes,2026-10-07
256180514,Tesco Basil Medium Pot,1.60,1.6,each,"Fresh Food > Fresh Salad, Coleslaw & Sandwich Fillers > Fresh Chillies, Herbs, Garlic & Ginger > Fresh Growing Herb Pots",https://www.tesco.com/groceries/en-GB/products/256180514,https://digitalcontent.api.tesco.com/v2/media/ghs/41f201d9-d0ee-43b9-8224-e72833099f51/e898d75f-3268-4a61-8edc-ab3407f91d0e_1066056396.jpeg?h=225&w=225,yes,2026-10-07
265555588,Tesco Organic Cherry Tomatoes On The Vine 200g,2.10,10.5,per kg,"Fresh Food > Fresh Salad, Coleslaw & Sandwich Fillers > Organic Salad > Organic Tomatoes",https://www.tesco.com/groceries/en-GB/products/265555588,https://digitalcontent.api.tesco.com/v2/media/ghs/050a13e3-ed7b-4e62-b6e1-917a30bcbc6f/229cd110-10b5-4518-a410-5f9411ec4085.jpeg?h=225&w=225,yes,2026-10-07
315574472,Tesco Pepper Stir Fry 320g,1.75,5.47,per kg,"Fresh Food > Fresh Vegetables & Fresh Flowers > Stir Fry Vegetables, Sauce & Noodles > Stir Fry Vegetables",https://www.tesco.com/groceries/en-GB/products/315574472,https://digitalcontent.api.tesco.com/v2/media/ghs/2c3416fa-48f3-4a6e-b296-737d82a993d4/f35a563e-bdd9-46e7-a858-b614f4a0faa0.jpeg?h=225&w=225,yes,2026-10-07
315390769,Tesco Large Vegetable Stir Fry 570g,2.10,3.68,per kg,"Fresh Food > Fresh Vegetables & Fresh Flowers > Stir Fry Vegetables, Sauce & Noodles > Stir Fry Vegetables",https://www.tesco.com/groceries/en-GB/products/315390769,https://digitalcontent.api.tesco.com/v2/media/ghs/c330f58a-fbd2-4869-9037-18949a4b8acf/a7e1f9f6-56f4-4f4b-aec3-b6f35222493b.jpeg?h=225&w=225,yes,2026-10-07
315448052,Tesco Water Chestnuts & Bamboo Shoots Stir Fry 320g,1.75,5.47,per kg,"Fresh Food > Fresh Vegetables & Fresh Flowers > Stir Fry Vegetables, Sauce & Noodles > Stir Fry Vegetables",https://www.tesco.com/groceries/en-GB/products/315448052,https://digitalcontent.api.tesco.com/v2/media/ghs/b14eb84e-758b-4327-ab1e-ed075c71fcb8/9ecf6f94-c039-4dcd-ac22-b031529ddb84.jpeg?h=225&w=225,yes,2026-10-07
257482311,Tesco Flat Leaf Parsley 100G,1.35,13.5,per kg,"Fresh Food > Fresh Salad, Coleslaw & Sandwich Fillers > Fresh Chillies, Herbs, Garlic & Ginger > Fresh Cut Herbs",https://www.tesco.com/groceries/en-GB/products/257482311,https://digitalcontent.api.tesco.com/v2/media/ghs/5eb4c3ac-904f-4693-8b5e-40b53f4707ce/cc5575df-e67c-490b-9137-2efaa6321c09.jpeg?h=225&w=225,yes,2026-10-07
263943986,Tesco Organic Garlic 3 Pack,1.00,0.33,each,"Fresh Food > Fresh Vegetables & Fresh Flowers > Fresh Chillies, Herbs, Garlic & Ginger > Garlic Cloves",https://www.tesco.com/groceries/en-GB/products/263943986,https://digitalcontent.api.tesco.com/v2/media/ghs/03ce8f1d-6001-452d-a35b-69937770ced4/881df394-4a4a-4379-80c0-83ee05af3d57_1022575068.jpeg?h=225&w=225,yes,2026-10-07
250342022,Tesco Organic Spinach 200G,2.00,10,per kg,"Fresh Food > Fresh Vegetables & Fresh Flowers > Spinach, Cabbages & Greens > Spinach",https://www.tesco.com/groceries/en-GB/products/250342022,https://digitalcontent.api.tesco.com/v2/media/ghs/b26db796-3ed1-4463-b8ea-8fd9e45d061a/1a984a5b-4938-4c7c-84fc-219dfe69a98d.jpeg?h=225&w=225,yes,2026-10-07
315586763,Tesco Sweet Chilli Stir Fry Sauce 165g,1.15,6.97,per kg,"Fresh Food > Fresh Vegetables & Fresh Flowers > Stir Fry Vegetables, Sauce & Noodles > Stir Fry Sauces",https://www.tesco.com/groceries/en-GB/products/315586763,https://digitalcontent.api.tesco.com/v2/media/ghs/fb8ca440-e933-4020-af77-920a0bfb742e/65a9068c-fcf7-4d64-97bc-fc68ddb9f673_1322654659.jpeg?h=225&w=225,yes,2026-10-07
315254269,Tesco Fennel Each,1.25,1.25,each,Fresh Food > Fresh Vegetables & Fresh Flowers > Carrots & Root Vegetables > Fennel & Celeriac,https://www.tesco.com/groceries/en-GB/products/315254269,https://digitalcontent.api.tesco.com/v2/media/ghs/df5b3c56-d7f0-41e8-a583-f742a279a3a1/26a9d6d8-4519-4ff0-8b07-ab0f0e1fc191.jpeg?h=225&w=225,yes,2026-10-07
315578669,Tesco Chow Mein Stir Fry Sauce 165g,1.15,6.97,per kg,"Fresh Food > Fresh Vegetables & Fresh Flowers > Stir Fry Vegetables, Sauce & Noodles > Stir Fry Sauces",https://www.tesco.com/groceries/en-GB/products/315578669,https://digitalcontent.api.tesco.com/v2/media/ghs/338aa502-c3dc-4cab-8d9a-3c290674d36d/46dafd1d-2f42-43d5-b6ce-e688c0397a4e_128331328.jpeg?h=225&w=225,yes,2026-10-07
315346028,Tesco Sweet Peppers & Sugarsnap Peas Stir Fry 200g,2.50,12.5,per kg,"Fresh Food > Fresh Vegetables & Fresh Flowers > Stir Fry Vegetables, Sauce & Noodles > Stir Fry Vegetables",https://www.tesco.com/groceries/en-GB/products/315346028,https://digitalcontent.api.tesco.com/v2/media/ghs/3bd25d67-e2c7-40df-a1b2-eccbbdd1d16b/38334db8-8363-4fa9-83d6-c350f7db6889.jpeg?h=225&w=225,yes,2026-10-07
315355864,Tesco Plum & Hoisin Stir Fry Sauce 165g,1.15,6.97,per kg,"Fresh Food > Fresh Vegetables & Fresh Flowers > Stir Fry Vegetables, Sauce & Noodles > Stir Fry Sauces",https://www.tesco.com/groceries/en-GB/products/315355864,https://digitalcontent.api.tesco.com/v2/media/ghs/95fcedef-56fd-4b14-b659-6e59fbe14bb4/7fbd39bb-6aaf-49ba-b7c0-9d3c3b07d220_1763350495.jpeg?h=225&w=225,yes,2026-10-07
321038488,Tesco Root Vegetable Mash 450g,1.60,3.56,per kg,Fresh Food > Fresh Vegetables & Fresh Flowers > Prepared Vegetables > Prepared Mixed Vegetables,https://www.tesco.com/groceries/en-GB/products/321038488,https://digitalcontent.api.tesco.com/v2/media/ghs/a2a87a79-8a89-48a6-86db-4d92305a0118/089da0c3-1976-4fa9-b86e-2a5635e7cc07.jpeg?h=225&w=225,yes,2026-10-07
320977835,Tesco Sweet Potato & Potato Mash 450g,1.60,3.56,per kg,Fresh Food > Fresh Vegetables & Fresh Flowers > Prepared Vegetables > Prepared Potatoes,https://www.tesco.com/groceries/en-GB/products/320977835,https://digitalcontent.api.tesco.com/v2/media/ghs/9713b22e-d250-41c9-a14b-e79130df2a41/60e05307-8119-4121-a84b-8cf25b5efa6a.jpeg?h=225&w=225,yes,2026-10-07
279627298,Tesco Tendersweet Carrots 150G,1.50,10,per kg,Fresh Food > Fresh Vegetables & Fresh Flowers > Carrots & Root Vegetables > Carrots,https://www.tesco.com/groceries/en-GB/products/279627298,https://digitalcontent.api.tesco.com/v2/media/ghs/f8683747-4747-4127-8b68-f9257c93a999/e9927d5a-ecd0-4e79-85e1-f2491a7f5498.jpeg?h=225&w=225,yes,2026-10-07
330781816,Whitworths Wok Tops Spicy + Crunchy Stir Fry Topper 50g,1.00,20,per kg,"Fresh Food > Fresh Vegetables & Fresh Flowers > Stir Fry Vegetables, Sauce & Noodles > Stir Fry Sauces",https://www.tesco.com/groceries/en-GB/products/330781816,https://digitalcontent.api.tesco.com/v2/media/ghs/8bb44f1b-3127-443f-bef8-278ec0517c85/dba6aa9a-665e-4f3f-89c7-e9ca1a07a5d2_913827890.jpeg?h=225&w=225,yes,2026-10-07
317209488,"Tesco Carrot, Savoy Cabbage & Greens 205g",2.00,9.76,per kg,Fresh Food > Fresh Vegetables & Fresh Flowers > Prepared Vegetables > Prepared Mixed Vegetables,https://www.tesco.com/groceries/en-GB/products/317209488,https://digitalcontent.api.tesco.com/v2/media/ghs/6d2d7c99-08e5-4ab4-a275-b5bca8306931/b9b00da2-d3bf-4cbd-8ad8-6e9f1502af07.jpeg?h=225&w=225,yes,2026-10-07
315836557,Tesco King Edward Potatoes 2kg,1.85,0.92,per kg,Fresh Food > Fresh Vegetables & Fresh Flowers > Potatoes & Sweet Potatoes > All Rounder Potatoes,https://www.tesco.com/groceries/en-GB/products/315836557,https://digitalcontent.api.tesco.com/v2/media/ghs/f39037c4-c3c5-4470-89cc-8486149d7773/872a1d1c-5903-44db-95fe-d82fbe03e7d2.jpeg?h=225&w=225,yes,2026-10-07
320381595,Nanna Tate Super Scrumptious Mash 400g,1.40,3.5,per kg,Fresh Food > Fresh Vegetables & Fresh Flowers > Prepared Vegetables > Prepared Potatoes,https://www.tesco.com/groceries/en-GB/products/320381595,https://digitalcontent.api.tesco.com/v2/media/ghs/cd54ad4a-31a6-4106-8881-8a53ba275350/1e25e297-d247-4943-8006-0ee62db9b98c.jpeg?h=225&w=225,yes,2026-10-07
290711055,Tesco Shallots Onions 400G,1.35,3.38,per kg,Fresh Food > Fresh Vegetables & Fresh Flowers > Onions & Leeks > Onions - Shallots,https://www.tesco.com/groceries/en-GB/products/290711055,https://digitalcontent.api.tesco.com/v2/media/ghs/33c54ca5-b594-48c5-8007-1ecc93c49624/9d621011-3a47-4f65-8f1d-68ad20be960b_1240451965.jpeg?h=225&w=225,yes,2026-10-07
306816120,Tesco Stuffed Peppers 320G,2.20,6.88,per kg,Fresh Food > Fresh Vegetables & Fresh Flowers > Prepared Vegetables > Prepared Single Vegetables,https://www.tesco.com/groceries/en-GB/products/306816120,https://digitalcontent.api.tesco.com/v2/media/ghs/7621faa7-7b74-47d6-bbe2-bb9e655dcc86/29650d71-f59e-49f8-9d0d-6a967f1e71f5.jpeg?h=225&w=225,yes,2026-10-07
297674922,Tesco Tender Vegetable Medley 160G,1.75,10.94,per kg,Fresh Food > Fresh Vegetables & Fresh Flowers > Prepared Vegetables > Prepared Mixed Vegetables,https://www.tesco.com/groceries/en-GB/products/297674922,https://digitalcontent.api.tesco.com/v2/media/ghs/07178bf5-ac04-4849-bbf9-5abfe83827b6/f0eb0757-2a2c-45c5-bc5f-8b90fed3cf56.jpeg?h=225&w=225,yes,2026-10-07
304782991,Tesco Fresh Cut Rosemary 20G,0.50,25,per kg,"Fresh Food > Fresh Salad, Coleslaw & Sandwich Fillers > Fresh Chillies, Herbs, Garlic & Ginger > Fresh Cut Herbs",https://www.tesco.com/groceries/en-GB/products/304782991,https://digitalcontent.api.tesco.com/v2/media/ghs/715542f0-d88e-4276-8100-49fa1e3d8195/9116fa33-372b-46d4-976f-4a1e1651aeba.jpeg?h=225&w=225,yes,2026-10-07
320680799,Tesco Colourful Vegetable Medley 160g,1.75,10.94,per kg,Fresh Food > Fresh Vegetables & Fresh Flowers > Prepared Vegetables > Prepared Single Vegetables,https://www.tesco.com/groceries/en-GB/products/320680799,https://digitalcontent.api.tesco.com/v2/media/ghs/34cf9771-3373-4304-b99d-d5c861a2dc1c/969d3c27-b8de-4e0b-b93c-096d660a4274.jpeg?h=225&w=225,yes,2026-10-07
290981362,Tesco Singapore Noodles 300G,1.15,3.83,per kg,"Fresh Food > Fresh Vegetables & Fresh Flowers > Stir Fry Vegetables, Sauce & Noodles > Stir Fry Noodles & Rice",https://www.tesco.com/groceries/en-GB/products/290981362,https://digitalcontent.api.tesco.com/v2/media/ghs/e83df67c-d8ee-4d00-b3fc-70c459984cfb/40bd13d9-b460-472f-a092-186a27116910.jpeg?h=225&w=225,yes,2026-10-07
299847531,Tesco Protein Noodles 300G,1.15,3.83,per kg,"Fresh Food > Fresh Vegetables & Fresh Flowers > Stir Fry Vegetables, Sauce & Noodles > Stir Fry Noodles & Rice",https://www.tesco.com/groceries/en-GB/products/299847531,https://digitalcontent.api.tesco.com/v2/media/ghs/d5d675ac-767b-4074-89e0-74d30bf5ff06/75b7ac61-2bf0-44b4-9dbe-bb26641ecf60.jpeg?h=225&w=225,yes,2026-10-07
277926811,Tesco Organic Tenderstem Broccoli 200G,2.75,13.75,per kg,Fresh Food > Fresh Vegetables & Fresh Flowers > Broccoli & Cauliflower > Broccoli,https://www.tesco.com/groceries/en-GB/products/277926811,https://digitalcontent.api.tesco.com/v2/media/ghs/fa3704fc-37c9-46c3-8b85-bd4123932499/0f6c3848-ebf4-4afa-a205-6f5e574944ab.jpeg?h=225&w=225,yes,2026-10-07
330755926,Tesco Tenderstem & Mixed Vegetable 400g,3.95,9.88,per kg,Fresh Food > Fresh Vegetables & Fresh Flowers > Prepared Vegetables > Prepared Mixed Vegetables,https://www.tesco.com/groceries/en-GB/products/330755926,https://digitalcontent.api.tesco.com/v2/media/ghs/9151bd6b-de63-40a4-9416-e4f2ac1fbf88/e16438b7-caff-48a3-b531-dfc65176be19.jpeg?h=225&w=225,yes,2026-10-07
323874030,Tesco Finest Mini San Marzano Tomatoes 220G,2.15,9.77,per kg,Fresh Food > Fresh Vegetables & Fresh Flowers > Tomatoes > Vine Tomatoes,https://www.tesco.com/groceries/en-GB/products/323874030,https://digitalcontent.api.tesco.com/v2/media/ghs/c37881d5-f330-4fbe-8852-7d38bd346ca4/0e966591-867e-40b4-a744-9b71593f8d16.jpeg?h=225&w=225,yes,2026-10-07
309757887,Tesco Seasoned Roast Potatoes 800G,2.65,3.31,per kg,Fresh Food > Fresh Vegetables & Fresh Flowers > Prepared Vegetables > Prepared Potatoes,https://www.tesco.com/groceries/en-GB/products/309757887,https://digitalcontent.api.tesco.com/v2/media/ghs/5fac60e5-9656-4395-a3f7-3a020d6fee58/ddca4146-fb5c-43ad-a2be-53848ee4985b.jpeg?h=225&w=225,yes,2026-10-07
252834693,Tesco Organic Curly Kale 200G,2.00,10,per kg,"Fresh Food > Fresh Vegetables & Fresh Flowers > Spinach, Cabbages & Greens > Greens & Kale",https://www.tesco.com/groceries/en-GB/products/252834693,https://digitalcontent.api.tesco.com/v2/media/ghs/fd19d9f7-d9f6-4b6a-9de9-cd9856079990/9ce79521-a317-45e6-8ade-1e0da51f974d.jpeg?h=225&w=225,yes,2026-10-07
303823219,Chop Ginger Puree 75G,1.50,20,per kg,"Fresh Food > Fresh Salad, Coleslaw & Sandwich Fillers > Fresh Chillies, Herbs, Garlic & Ginger > Herb Puree",https://www.tesco.com/groceries/en-GB/products/303823219,https://digitalcontent.api.tesco.com/v2/media/ghs/98f7ccbd-20ad-49ec-be91-410d142d41f5/34e086db-c865-4eae-beb4-62829a65c21b_926523493.jpeg?h=225&w=225,yes,2026-10-07
276775005,Tesco Cabbage And Leek,1.80,6,per kg,Fresh Food > Fresh Vegetables & Fresh Flowers > Prepared Vegetables > Prepared Mixed Vegetables,https://www.tesco.com/groceries/en-GB/products/276775005,https://digitalcontent.api.tesco.com/v2/media/ghs/7c5a4fff-d7ec-4879-a9ad-917f51f5c9da/eb966cf0-8c4d-4679-8c80-4727e04f473d.jpeg?h=225&w=225,yes,2026-10-07
254707265,Tesco Organic Chestnut Mushrooms 250 G,2.25,9,per kg,Fresh Food > Fresh Vegetables & Fresh Flowers > Mushrooms > Organic Mushrooms,https://www.tesco.com/groceries/en-GB/products/254707265,https://digitalcontent.api.tesco.com/v2/media/ghs/53e4719a-351c-47aa-a289-3a4c88aa0edd/0430ef56-5ea6-4c59-9673-0e29a564f1d6.jpeg?h=225&w=225,yes,2026-10-07
303823191,Chop Garlic Puree 75G,1.50,20,per kg,"Fresh Food > Fresh Salad, Coleslaw & Sandwich Fillers > Fresh Chillies, Herbs, Garlic & Ginger > Herb Puree",https://www.tesco.com/groceries/en-GB/products/303823191,https://digitalcontent.api.tesco.com/v2/media/ghs/74be0aca-a026-4e94-8a3d-1a34d2e017a0/cb3d4e84-e2aa-4b30-826e-489571d35919_635437459.jpeg?h=225&w=225,yes,2026-10-07
262018816,Tesco Organic Courgettes 3 Pack,2.50,0.83,each,"Fresh Food > Fresh Vegetables & Fresh Flowers > Courgettes, Aubergines & Squash > Courgette",https://www.tesco.com/groceries/en-GB/products/262018816,https://digitalcontent.api.tesco.com/v2/media/ghs/565c03cf-6fa0-4548-8ecb-72534605aa5e/24c09b87-0dda-4f61-b92d-ef2b59d291d8.jpeg?h=225&w=225,yes,2026-10-07
317299267,Tesco Green Vegetable Selection 250g,2.30,9.2,per kg,Fresh Food > Ready Meals > Starters & Sides > Ready Meal Vegetable Sides,https://www.tesco.com/groceries/en-GB/products/317299267,https://digitalcontent.api.tesco.com/v2/media/ghs/1ca0c884-f6ef-4025-bbec-09456432ccc1/28801fa5-26cc-4d20-bf55-f9382824d7e9.jpeg?h=225&w=225,yes,2026-10-07
273718534,Tesco Sliced Greens 300G,2.10,7,per kg,"Fresh Food > Fresh Vegetables & Fresh Flowers > Spinach, Cabbages & Greens > Greens & Kale",https://www.tesco.com/groceries/en-GB/products/273718534,https://digitalcontent.api.tesco.com/v2/media/ghs/62ff51ca-2111-4f3d-a2e2-d04ac3e86eb2/f40fdf83-82c4-4b27-98e1-2c8b4e0684f9.jpeg?h=225&w=225,yes,2026-10-07
253194105,Tesco Finger Chillies 80G,1.15,14.38,per kg,"Fresh Food > Fresh Vegetables & Fresh Flowers > Fresh Chillies, Herbs, Garlic & Ginger > Chillies",https://www.tesco.com/groceries/en-GB/products/253194105,https://digitalcontent.api.tesco.com/v2/media/ghs/1502e3dd-b0b0-4400-a857-9196f1e2f152/42d38c1c-d700-4dc7-b0a3-f59d0b796644_1513077421.jpeg?h=225&w=225,yes,2026-10-07
255737636,Tesco Bird Eye Chillies 25G,0.90,36,per kg,"Fresh Food > Fresh Vegetables & Fresh Flowers > Fresh Chillies, Herbs, Garlic & Ginger > Chillies",https://www.tesco.com/groceries/en-GB/products/255737636,https://digitalcontent.api.tesco.com/v2/media/ghs/6a6b3f8d-9102-467a-a8ca-b9e4b0dbdd3e/7dcea18c-a4d3-4dff-8b4c-be85aab0004d_702331907.jpeg?h=225&w=225,yes,2026-10-07
317400042,Tesco Casserole Vegetables 600G,1.50,2.5,per kg,Fresh Food > Fresh Vegetables & Fresh Flowers > Prepared Vegetables > Prepared Mixed Vegetables,https://www.tesco.com/groceries/en-GB/products/317400042,https://digitalcontent.api.tesco.com/v2/media/ghs/337296b0-0303-4d99-be52-4096a7cc22c2/b5f43856-062a-47fe-b026-55c85b5310b1.jpeg?h=225&w=225,yes,2026-10-07
315566021,Tesco Edamame & Tenderstem® Broccoli Stir Fry 320g,1.75,5.47,per kg,"Fresh Food > Fresh Vegetables & Fresh Flowers > Stir Fry Vegetables, Sauce & Noodles > Stir Fry Vegetables",https://www.tesco.com/groceries/en-GB/products/315566021,https://digitalcontent.api.tesco.com/v2/media/ghs/868eaeaf-d6e8-4d0f-915f-14b4e1e0d0bd/3f4ddcde-1340-4171-8020-3c5247866d43.jpeg?h=225&w=225,yes,2026-10-07
268597343,Tesco Organic Brown Onions 750G,1.65,2.2,per kg,Fresh Food > Fresh Vegetables & Fresh Flowers > Onions & Leeks > Brown Onions,https://www.tesco.com/groceries/en-GB/products/268597343,https://digitalcontent.api.tesco.com/v2/media/ghs/4dc93b1b-537c-4b1b-b50b-d61c9f0570ae/bfaa2607-ce7e-4c76-a99f-5c6cfdda8df6_1818843454.jpeg?h=225&w=225,yes,2026-10-07
315346702,Tesco Tenderstem Broccoli & Mangetout Stir Fry 200g,2.50,12.5,per kg,"Fresh Food > Fresh Vegetables & Fresh Flowers > Stir Fry Vegetables, Sauce & Noodles > Stir Fry Vegetables",https://www.tesco.com/groceries/en-GB/products/315346702,https://digitalcontent.api.tesco.com/v2/media/ghs/8f3f2881-9d00-4d14-9e4a-5e92cf3acbb0/94224055-f79d-42d1-80f9-c1be2726e729.jpeg?h=225&w=225,yes,2026-10-07
288043116,Tesco Organic White Potatoes 1.5Kg,1.85,1.23,per kg,Fresh Food > Fresh Vegetables & Fresh Flowers > Potatoes & Sweet Potatoes > Organic Potatoes,https://www.tesco.com/groceries/en-GB/products/288043116,https://digitalcontent.api.tesco.com/v2/media/ghs/63ffeb52-164f-4096-afca-a8b72b51e47f/1c3b4dc4-acad-41f9-bb92-9b0ba33a5aed.jpeg?h=225&w=225,yes,2026-10-07
317407616,Tesco Fine Beans 80g,1.30,16.25,per kg,Fresh Food > Fresh Vegetables & Fresh Flowers > Prepared Vegetables > Prepared Mixed Vegetables,https://www.tesco.com/groceries/en-GB/products/317407616,https://digitalcontent.api.tesco.com/v2/media/ghs/bbb42fa0-a559-4f03-b51f-3c579c937dc5/922c4923-920d-4ae3-b7f1-e9b8404d0f68.jpeg?h=225&w=225,yes,2026-10-07
297673140,Tesco Sweet Potato Mash 400G,1.75,4.38,per kg,Fresh Food > Ready Meals > Starters & Sides > Ready Meal Potato Sides,https://www.tesco.com/groceries/en-GB/products/297673140,https://digitalcontent.api.tesco.com/v2/media/ghs/8d3e6a36-b2cd-4497-9897-e931361c4353/099fe3e8-c5dc-4cbc-9763-ed2876e9d20d.jpeg?h=225&w=225,yes,2026-10-07
311419905,Tesco Sliced Spring Greens 200G,1.35,6.75,per kg,Fresh Food > Fresh Vegetables & Fresh Flowers > Prepared Vegetables > Prepared Single Vegetables,https://www.tesco.com/groceries/en-GB/products/311419905,https://digitalcontent.api.tesco.com/v2/media/ghs/9b1ff2b7-0c2a-4eb2-9dfe-35091e8f03c9/ced9b89e-9747-45ed-b80d-8f3178cafecb.jpeg?h=225&w=225,yes,2026-10-07
303261342,Tesco Garlic & Cheese Mushrooms 200g,2.20,11,per kg,Fresh Food > Fresh Vegetables & Fresh Flowers > Prepared Vegetables > Prepared Mushrooms,https://www.tesco.com/groceries/en-GB/products/303261342,https://digitalcontent.api.tesco.com/v2/media/ghs/1a86abc7-1553-419c-8061-c72e5ce59b1e/b18ebae5-bcc7-4599-919d-8a786ba9eebc.jpeg?h=225&w=225,yes,2026-10-07
305055877,Tesco Parmentier Potatoes 400G,1.75,4.38,per kg,Fresh Food > Fresh Vegetables & Fresh Flowers > Prepared Vegetables > Prepared Potatoes,https://www.tesco.com/groceries/en-GB/products/305055877,https://digitalcontent.api.tesco.com/v2/media/ghs/7902ca76-fcbc-487c-9445-443101600cc5/0fe9f0c0-b80f-44e2-9841-bb8a3a362342.jpeg?h=225&w=225,yes,2026-10-07
308449568,Tesco Potato Wedges 500G,1.50,3,per kg,Fresh Food > Fresh Vegetables & Fresh Flowers > Prepared Vegetables > Prepared Potatoes,https://www.tesco.com/groceries/en-GB/products/308449568,https://digitalcontent.api.tesco.com/v2/media/ghs/217b55ff-8209-422c-8506-1f2a9122636b/37cf99dd-007a-457a-ac04-6b848a79c617.jpeg?h=225&w=225,yes,2026-10-07
292686720,Tesco Curled Leaf Parsley 30g,0.50,16.67,per kg,"Fresh Food > Fresh Salad, Coleslaw & Sandwich Fillers > Fresh Chillies, Herbs, Garlic & Ginger > Fresh Cut Herbs",https://www.tesco.com/groceries/en-GB/products/292686720,https://digitalcontent.api.tesco.com/v2/media/ghs/699a6fc1-3bf9-4681-8708-a9091f0985a5/2e73e7a0-e794-4d39-bff0-c4cec05587ca.jpeg?h=225&w=225,yes,2026-10-07
313364240,Tesco Brussels Sprouts 500g,0.89,1.78,per kg,"Fresh Food > Fresh Vegetables & Fresh Flowers > Spinach, Cabbages & Greens > Brussel Sprouts",https://www.tesco.com/groceries/en-GB/products/313364240,https://digitalcontent.api.tesco.com/v2/media/ghs/ef18d608-35a5-4313-82f4-4074d0b0219b/f3c3470a-2338-4ed6-a90e-148d544e104b_238631603.jpeg?h=225&w=225,yes,2026-10-07
290981805,Tesco Rice Noodles 300G,1.15,3.83,per kg,"Fresh Food > Fresh Vegetables & Fresh Flowers > Stir Fry Vegetables, Sauce & Noodles > Stir Fry Noodles & Rice",https://www.tesco.com/groceries/en-GB/products/290981805,https://digitalcontent.api.tesco.com/v2/media/ghs/7c9ccc98-0ca3-4c42-9294-3efa71d46806/e14eaa9f-c4fa-4a12-a16c-58c83abde156.jpeg?h=225&w=225,yes,2026-10-07
323502391,Tesco BBQ Crispy Potato Slices 350g,1.90,5.43,per kg,Fresh Food > Fresh Vegetables & Fresh Flowers > Prepared Vegetables > Prepared Potatoes,https://www.tesco.com/groceries/en-GB/products/323502391,https://digitalcontent.api.tesco.com/v2/media/ghs/7412c1fc-70af-4bf4-8680-8c5f494bd717/4f68b640-ce8a-4e15-b216-991b3174fab5.jpeg?h=225&w=225,yes,2026-10-07
323785636,Tesco Diced Butternut 400g,1.75,4.38,per kg,Fresh Food > Fresh Vegetables & Fresh Flowers > Prepared Vegetables > Prepared Single Vegetables,https://www.tesco.com/groceries/en-GB/products/323785636,https://digitalcontent.api.tesco.com/v2/media/ghs/be90a920-e538-4583-ab40-a5386d4819fa/0069b8da-fe03-432c-b056-b8ba3ce17c44.jpeg?h=225&w=225,yes,2026-10-07
312586825,Tesco Finest Beef Dripping Roast Potatoes 800G,3.30,4.12,per kg,Fresh Food > Ready Meals > Starters & Sides > Ready Meal Potato Sides,https://www.tesco.com/groceries/en-GB/products/312586825,https://digitalcontent.api.tesco.com/v2/media/ghs/57408cad-57ab-475b-a5c7-770b411b25fd/e671d2ae-2bb2-4757-84d7-71ed8ffff100.jpeg?h=225&w=225,yes,2026-10-07
321942206,Tesco Finest 4 Potato Dauphinoise 480g,3.50,7.29,per kg,Frozen Food > Vegetables > Prepared Vegetables > Frozen Vegetables - Prepared Vegetables,https://www.tesco.com/groceries/en-GB/products/321942206,https://digitalcontent.api.tesco.com/v2/media/ghs/e0df3460-280f-4489-9d62-7e5c88850f19/b770754c-c74c-4a19-b48e-0f3d9f39974b.jpeg?h=225&w=225,yes,2026-10-07
302290699,Tesco Finest Oyster Mushroom Cluster 150G,2.35,15.67,per kg,Fresh Food > Fresh Vegetables & Fresh Flowers > Mushrooms > Wild & Shiitake Mushrooms,https://www.tesco.com/groceries/en-GB/products/302290699,https://digitalcontent.api.tesco.com/v2/media/ghs/5b0a3ad6-5957-4cf0-82e9-8e3ef52c0d11/70c2601f-c690-494c-a3d9-7f0d6c7314e7.jpeg?h=225&w=225,yes,2026-10-07
279426357,Tesco Organic Green Beans 225G,2.40,10.67,per kg,"Fresh Food > Fresh Vegetables & Fresh Flowers > Peas, Beans, Sweetcorn & Asparagus > Beans",https://www.tesco.com/groceries/en-GB/products/279426357,https://digitalcontent.api.tesco.com/v2/media/ghs/d040c096-965a-4601-af3f-0ed8a3e41d47/120d7dc1-7c49-4de0-aa9e-8fb00429fd50.jpeg?h=225&w=225,yes,2026-10-07
318194686,Nanna Tate Potatoes 2kg ,2.30,1.15,per kg,Fresh Food > Fresh Vegetables & Fresh Flowers > Potatoes & Sweet Potatoes > All Rounder Potatoes,https://www.tesco.com/groceries/en-GB/products/318194686,https://digitalcontent.api.tesco.com/v2/media/ghs/6cf2908c-7d87-4356-b6de-cc689717621b/620d9a05-e8a5-4e59-8fe9-ebe0b0fa2603.jpeg?h=225&w=225,yes,2026-10-07
315960838,"Tesco Finest Kale, Peas & Tenderstem Broccoli with Wild Garlic Butter 175g",3.00,17.14,per kg,Fresh Food > Fresh Vegetables & Fresh Flowers > Prepared Vegetables > Prepared Mixed Vegetables,https://www.tesco.com/groceries/en-GB/products/315960838,https://digitalcontent.api.tesco.com/v2/media/ghs/3636d0e6-ea59-4f9c-ac4b-55a4a67f31e1/e0ea1205-87a2-454e-b35f-8ac405a98fc5.jpeg?h=225&w=225,yes,2026-10-07
315157131,itsu chicken ramen brilliant broth serves 2 500ml,2.70,5.4,per litre,"Fresh Food > Fresh Vegetables & Fresh Flowers > Stir Fry Vegetables, Sauce & Noodles > Stir Fry Sauces",https://www.tesco.com/groceries/en-GB/products/315157131,https://digitalcontent.api.tesco.com/v2/media/ghs/42ac6902-2280-453c-bfe0-a8c5b188d929/ea45f36b-6e0b-4f7e-a127-0769c97d3536_2017196053.jpeg?h=225&w=225,yes,2026-10-07
253928581,Tesco Spray Carnations Flowers Bouquet,3.00,3,each,Fresh Food > Fresh Vegetables & Fresh Flowers > Fresh Flowers > Fresh Flowers,https://www.tesco.com/groceries/en-GB/products/253928581,https://digitalcontent.api.tesco.com/v2/media/ghs/9a097a56-61a1-4012-adde-061a507a08b2/5a5f14b2-2563-421e-8a1a-1cc7cc276e98_118133646.jpeg?h=225&w=225,yes,2026-10-07
256220670,Tesco Coriander Medium Pot,1.60,1.6,each,"Fresh Food > Fresh Salad, Coleslaw & Sandwich Fillers > Fresh Chillies, Herbs, Garlic & Ginger > Fresh Growing Herb Pots",https://www.tesco.com/groceries/en-GB/products/256220670,https://digitalcontent.api.tesco.com/v2/media/ghs/1b48ce7f-8df0-4d8c-81d8-6aaf39aa8aff/05921b51-d44c-40cb-9885-45bb7634b94d_115836210.jpeg?h=225&w=225,yes,2026-10-07
321669121,Tesco 4 Vegetable Spring Rolls 144g,1.80,12.5,per kg,"Fresh Food > Ready Meals > Starters & Sides > Chinese, Thai & Asian Ready Meal Starters & Sides",https://www.tesco.com/groceries/en-GB/products/321669121,https://digitalcontent.api.tesco.com/v2/media/ghs/4b03c726-93f8-487c-ac9b-0626fd916c84/533b690e-48ad-4a0d-8891-b639b379b85e.jpeg?h=225&w=225,yes,2026-10-07
317398458,Tesco Onion Rings 200g,2.55,12.75,per kg,Fresh Food > Ready Meals > Starters & Sides > Ready Meal Vegetable Sides,https://www.tesco.com/groceries/en-GB/products/317398458,https://digitalcontent.api.tesco.com/v2/media/ghs/8d60eb1c-478c-4d8c-8122-46c7c6411d03/1611b0d7-f025-43f6-be18-1d547d8a0bae.jpeg?h=225&w=225,yes,2026-10-07
317652209,Tesco Potato Croquettes 220g,2.30,10.46,per kg,Fresh Food > Ready Meals > Starters & Sides > Ready Meal Potato Sides,https://www.tesco.com/groceries/en-GB/products/317652209,https://digitalcontent.api.tesco.com/v2/media/ghs/c144ade8-2556-47d2-8c29-907bbf4251c8/4a834146-b8d8-498f-894a-769676c214b2.jpeg?h=225&w=225,yes,2026-10-07
315344514,Tesco Beansprout & Vegetable Stir Fry 570g,2.10,3.68,per kg,"Fresh Food > Fresh Vegetables & Fresh Flowers > Stir Fry Vegetables, Sauce & Noodles > Stir Fry Vegetables",https://www.tesco.com/groceries/en-GB/products/315344514,https://digitalcontent.api.tesco.com/v2/media/ghs/8152c1d5-e846-4ba5-80b8-e18e853a4d5c/211a954c-ac00-444b-b311-5c7608aff3b4.jpeg?h=225&w=225,yes,2026-10-07
314305047,Tesco Finest Samphire 90g,1.85,20.56,per kg,Fresh Food > Fresh Vegetables & Fresh Flowers > International Vegetables > Seaweed & Samphire,https://www.tesco.com/groceries/en-GB/products/314305047,https://digitalcontent.api.tesco.com/v2/media/ghs/8307c108-5522-49fb-9656-a68b7831986f/5681b5bc-30a1-4019-9d54-f049be2f7d09.jpeg?h=225&w=225,yes,2026-10-07
307154152,Tesco Finest Rainbow Carrots 450G,1.90,4.22,per kg,Fresh Food > Fresh Vegetables & Fresh Flowers > Carrots & Root Vegetables > Carrots,https://www.tesco.com/groceries/en-GB/products/307154152,https://digitalcontent.api.tesco.com/v2/media/ghs/1a39d4c0-be3f-421c-b9ad-f8e30b18fcdb/06fe22c6-987f-42c2-9c1b-e14b6d0b6484.jpeg?h=225&w=225,yes,2026-10-07
322842847,Azura Sun Joy Baby Plum Tomatoes 250g,1.35,5.4,per kg,"Fresh Food > Fresh Salad, Coleslaw & Sandwich Fillers > Tomatoes > Baby & Cherry Tomatoes",https://www.tesco.com/groceries/en-GB/products/322842847,https://digitalcontent.api.tesco.com/v2/media/ghs-mktg/b0b04216-fa73-466d-a9d7-c9fcfa1ce9b3/no-image.jpeg,yes,2026-10-07
316925338,Tesco Potato Gratin 400g,2.80,7,per kg,Fresh Food > Ready Meals > Starters & Sides > Ready Meal Potato Sides,https://www.tesco.com/groceries/en-GB/products/316925338,https://digitalcontent.api.tesco.com/v2/media/ghs/4cf5dfdb-4ba9-4418-b977-121af9d7223e/f67fb55e-885b-4b35-813f-4316a079f84f.jpeg?h=225&w=225,yes,2026-10-07
313852682,Tesco Finest Exotic Mixed Mushrooms 150G,2.15,14.33,per kg,Fresh Food > Fresh Vegetables & Fresh Flowers > Mushrooms > Wild & Shiitake Mushrooms,https://www.tesco.com/groceries/en-GB/products/313852682,https://digitalcontent.api.tesco.com/v2/media/ghs/4d1f8f6c-df9c-4397-8196-376664afe7a5/51f5c87a-7426-4c5d-9176-155936add62d.jpeg?h=225&w=225,yes,2026-10-07
315576927,Tesco Egg Fried Rice 400g.,2.40,6,per kg,"Fresh Food > Fresh Vegetables & Fresh Flowers > Stir Fry Vegetables, Sauce & Noodles > Stir Fry Noodles & Rice",https://www.tesco.com/groceries/en-GB/products/315576927,https://digitalcontent.api.tesco.com/v2/media/ghs/ccfadb59-8dff-40c5-9165-4a80f0233ec2/b1bc803d-8188-4989-8392-9e512daa1396.jpeg?h=225&w=225,yes,2026-10-07
317399739,"Tesco Peas, Sweetcorn & Carrot 395g",2.25,5.7,per kg,Fresh Food > Fresh Vegetables & Fresh Flowers > Prepared Vegetables > Prepared Mixed Vegetables,https://www.tesco.com/groceries/en-GB/products/317399739,https://digitalcontent.api.tesco.com/v2/media/ghs/29e9a815-2d6c-4862-82ff-13680248a77d/fba189bd-932a-4a52-abe0-1600a20b67c3.jpeg?h=225&w=225,yes,2026-10-07
317405250,Tesco Carrots & Peas Duo 300g,2.25,7.5,per kg,Fresh Food > Ready Meals > Starters & Sides > Ready Meal Vegetable Sides,https://www.tesco.com/groceries/en-GB/products/317405250,https://digitalcontent.api.tesco.com/v2/media/ghs/0fe38379-621b-4e6b-a493-44177d733370/7e66d737-58f2-47ce-aba4-f10e5fae1083.jpeg?h=225&w=225,yes,2026-10-07
315068795,itsu chilled restaurant ramen original noodles 200g,1.50,7.5,per kg,"Fresh Food > Fresh Vegetables & Fresh Flowers > Stir Fry Vegetables, Sauce & Noodles > Stir Fry Noodles & Rice",https://www.tesco.com/groceries/en-GB/products/315068795,https://digitalcontent.api.tesco.com/v2/media/ghs/823df78d-da89-4591-85af-3761527faaaf/8fc043dc-0a6f-46c1-9df7-7a0f1915767f_1383978710.jpeg?h=225&w=225,yes,2026-10-07
315064577,Tesco Celeriac Each,1.70,1.7,each,Fresh Food > Fresh Vegetables & Fresh Flowers > Carrots & Root Vegetables > Fennel & Celeriac,https://www.tesco.com/groceries/en-GB/products/315064577,https://digitalcontent.api.tesco.com/v2/media/ghs/d42f6aeb-52cd-48b1-96dd-0e674af5a1bb/fdd32ac8-5b13-4916-a385-d3520290d037.jpeg?h=225&w=225,yes,2026-10-07
254932061,Tesco Organic Red Onions,1.45,2.9,per kg,Fresh Food > Fresh Vegetables & Fresh Flowers > Onions & Leeks > Pink Onions & Red Onions,https://www.tesco.com/groceries/en-GB/products/254932061,https://digitalcontent.api.tesco.com/v2/media/ghs/b387de21-441c-4cd8-bbb3-6c7e29c79e18/f661abf4-76cf-4034-90c2-04bfb759ab01_1355442773.jpeg?h=225&w=225,yes,2026-10-07
288043433,Tesco Organic Baby Potatoes 750G,1.45,1.93,per kg,Fresh Food > Fresh Vegetables & Fresh Flowers > Potatoes & Sweet Potatoes > Organic Potatoes,https://www.tesco.com/groceries/en-GB/products/288043433,https://digitalcontent.api.tesco.com/v2/media/ghs/f54b6f45-b2a8-4e42-97ee-b214dec97d72/b58b2d5f-d28c-4e14-baea-a0b06a6c8813.jpeg?h=225&w=225,yes,2026-10-07
318075390,Tesco Finest Shiitake Mushrooms 125g,2.00,16,per kg,Fresh Food > Fresh Vegetables & Fresh Flowers > Mushrooms > Wild & Shiitake Mushrooms,https://www.tesco.com/groceries/en-GB/products/318075390,https://digitalcontent.api.tesco.com/v2/media/ghs/a89749ea-8a28-40c2-9bf3-c2a25c8baeea/d8f2840d-6248-4fda-8de5-871c39443fb0.jpeg?h=225&w=225,yes,2026-10-07
315454205,Tesco Katsu Stir Fry Sauce 165g,1.15,6.97,per kg,"Fresh Food > Fresh Vegetables & Fresh Flowers > Stir Fry Vegetables, Sauce & Noodles > Stir Fry Sauces",https://www.tesco.com/groceries/en-GB/products/315454205,https://digitalcontent.api.tesco.com/v2/media/ghs/1ddcb2db-46ba-4b78-9f33-31cfe7e558d6/46eb87da-4f27-4f9b-b5c8-1c656a157c81.jpeg?h=225&w=225,yes,2026-10-07
322333678,Tesco Jalapenos Chillies  80g,0.90,11.25,per kg,"Fresh Food > Fresh Vegetables & Fresh Flowers > Fresh Chillies, Herbs, Garlic & Ginger > Chillies",https://www.tesco.com/groceries/en-GB/products/322333678,https://digitalcontent.api.tesco.com/v2/media/ghs/e9bb46a0-e518-4ead-b8e9-286ff9665933/023e72ce-276d-4b93-8dfc-ef27e254835b.jpeg?h=225&w=225,yes,2026-10-07
296424875,Tesco Imperator Carrot 450G,2.00,4.44,per kg,Fresh Food > Fresh Vegetables & Fresh Flowers > Carrots & Root Vegetables > Carrots,https://www.tesco.com/groceries/en-GB/products/296424875,https://digitalcontent.api.tesco.com/v2/media/ghs/afa27223-a5d8-41dd-8b68-13869b93931c/6861ea68-66e4-4b96-8c9b-060b4a20a026_1519887485.jpeg?h=225&w=225,yes,2026-10-07
317311357,Nanna Tate Yummy Cheesy Mash Bake 400g,2.00,5,per kg,Fresh Food > Fresh Vegetables & Fresh Flowers > Prepared Vegetables > Prepared Potatoes,https://www.tesco.com/groceries/en-GB/products/317311357,https://digitalcontent.api.tesco.com/v2/media/ghs/4f92d8f2-11a6-4b2f-86a6-b7ff95ad263d/c59328e4-7ba6-4c92-b818-a8afff24452f.jpeg?h=225&w=225,yes,2026-10-07
322261457,"Tesco Peas, Sweetcorn, Broccoli and Carrot 300g",2.25,7.5,per kg,Fresh Food > Fresh Vegetables & Fresh Flowers > Prepared Vegetables > Prepared Mixed Vegetables,https://www.tesco.com/groceries/en-GB/products/322261457,https://digitalcontent.api.tesco.com/v2/media/ghs/d7423907-2737-4dde-aa19-f0e3b91221cc/0eedb95f-0b6f-40ac-bf6e-a897afa7f8e8.jpeg?h=225&w=225,yes,2026-10-07
315463246,Tesco Sweet & Sour Stir Fry Sauce 165g,1.15,6.97,per kg,"Fresh Food > Fresh Vegetables & Fresh Flowers > Stir Fry Vegetables, Sauce & Noodles > Stir Fry Sauces",https://www.tesco.com/groceries/en-GB/products/315463246,https://digitalcontent.api.tesco.com/v2/media/ghs/82526d13-ff8f-4e7e-a5c3-2c5207bd4e67/1694022a-6988-49db-860b-759c66478c38_954542059.jpeg?h=225&w=225,yes,2026-10-07
317766000,Nanna Tate Crunchy Roasts 450g,2.00,4.44,per kg,Fresh Food > Fresh Vegetables & Fresh Flowers > Prepared Vegetables > Prepared Potatoes,https://www.tesco.com/groceries/en-GB/products/317766000,https://digitalcontent.api.tesco.com/v2/media/ghs/063e3412-d00b-4333-9295-d9aa5bce3f4b/720511f2-2816-4e0c-8c05-eee7eae9a7ec.jpeg?h=225&w=225,yes,2026-10-07
308476276,Tesco Scotch Bonnet Chillies 50G,0.79,15.8,per kg,"Fresh Food > Fresh Vegetables & Fresh Flowers > Fresh Chillies, Herbs, Garlic & Ginger > Chillies",https://www.tesco.com/groceries/en-GB/products/308476276,https://digitalcontent.api.tesco.com/v2/media/ghs/678ae216-3f6f-49a9-8c98-b275c093d2d6/c95123a6-cd15-4378-b58f-b764f9ea475d_94239960.jpeg?h=225&w=225,yes,2026-10-07
304409507,Tesco Turnip,0.60,0.6,each,Fresh Food > Fresh Vegetables & Fresh Flowers > Carrots & Root Vegetables > Swede & Turnips,https://www.tesco.com/groceries/en-GB/products/304409507,https://digitalcontent.api.tesco.com/v2/media/ghs/5fbae0af-288b-4405-8eb9-bc8c2720e84a/e289e3c5-81be-41c1-9e7e-0f2f7cba3236.jpeg?h=225&w=225,yes,2026-10-07
256731301,Tesco Lemongrass Minimum 2 Stems,0.60,0.3,each,"Fresh Food > Fresh Salad, Coleslaw & Sandwich Fillers > Fresh Chillies, Herbs, Garlic & Ginger > Fresh Cut Herbs",https://www.tesco.com/groceries/en-GB/products/256731301,https://digitalcontent.api.tesco.com/v2/media/ghs/f9fa21b2-c563-417a-bd94-ac7b7db75078/6ef790cb-aafc-4133-a8f9-902e8b999b38.jpeg?h=225&w=225,yes,2026-10-07
323492389,Tesco Tempura Cauliflower Bites 200g,2.75,13.75,per kg,Fresh Food > Fresh Vegetables & Fresh Flowers > Prepared Vegetables > Prepared Vegetable Snacks,https://www.tesco.com/groceries/en-GB/products/323492389,https://digitalcontent.api.tesco.com/v2/media/ghs/4a0695ff-9b8f-41e8-a7c5-d6ce13e6c579/8dada163-479c-4707-b66a-f028e4d0ee10.jpeg?h=225&w=225,no,2026-10-07
304796018,Tesco Sage 20G,0.50,25,per kg,"Fresh Food > Fresh Salad, Coleslaw & Sandwich Fillers > Fresh Chillies, Herbs, Garlic & Ginger > Fresh Cut Herbs",https://www.tesco.com/groceries/en-GB/products/304796018,https://digitalcontent.api.tesco.com/v2/media/ghs/ad5e7bad-4e3e-4279-a880-6446dc8fe5f9/50d4626d-b75e-4d12-9063-792b989705a9.jpeg?h=225&w=225,yes,2026-10-07
280108134,Rainbow Alstroemeria,5.00,5,each,Fresh Food > Fresh Vegetables & Fresh Flowers > Fresh Flowers > Fresh Flowers,https://www.tesco.com/groceries/en-GB/products/280108134,https://digitalcontent.api.tesco.com/v2/media/ghs/39c024cf-47c5-45ca-a3d2-41c2f017b7f9/fc00835d-d586-42a0-95a2-8f14a194d81a_1409444647.jpeg?h=225&w=225,yes,2026-10-07
321831845,Tesco Finest Creamy Mash 450g,3.30,7.33,per kg,Fresh Food > Fresh Vegetables & Fresh Flowers > Prepared Vegetables > Prepared Potatoes,https://www.tesco.com/groceries/en-GB/products/321831845,https://digitalcontent.api.tesco.com/v2/media/ghs/97a62688-659b-420f-b2fb-95809ce755fd/291ef6d9-f134-4672-be6a-274a14eaf49f.jpeg?h=225&w=225,yes,2026-10-07
296029842,Tesco Yellow Small Roses Flowers Bouquet,4.00,4,each,Fresh Food > Fresh Vegetables & Fresh Flowers > Fresh Flowers > Fresh Flowers,https://www.tesco.com/groceries/en-GB/products/296029842,https://digitalcontent.api.tesco.com/v2/media/ghs/64754855-8fff-4950-a374-41f1fd7051cf/dd8c6cca-307a-4f46-89a6-eafebd87e42b_752637089.jpeg?h=225&w=225,yes,2026-10-07
296029780,Tesco White Roses Flowers Bouquet,6.00,6,each,Fresh Food > Fresh Vegetables & Fresh Flowers > Fresh Flowers > Fresh Flowers,https://www.tesco.com/groceries/en-GB/products/296029780,https://digitalcontent.api.tesco.com/v2/media/ghs/1d1d116d-dff3-4085-aee4-5e3d4ec92d89/e10fe2b6-89be-4e6d-b4fd-86b5f424b503_1575362440.jpeg?h=225&w=225,yes,2026-10-07
316077229,itsu chicken & spring onion 8 gyoza dumplings 150g,4.00,26.67,per kg,"Fresh Food > Fresh Vegetables & Fresh Flowers > Stir Fry Vegetables, Sauce & Noodles > Stir Fry Protein",https://www.tesco.com/groceries/en-GB/products/316077229,https://digitalcontent.api.tesco.com/v2/media/ghs/80922b3d-8977-4ba8-be49-7e751421e041/ab3bec0f-efc6-4fd4-aa86-94f8c0d4cc7a.jpeg?h=225&w=225,yes,2026-10-07
296673026,Tesco Yellow Roses Flowers Bouquet,6.00,1,each,Fresh Food > Fresh Vegetables & Fresh Flowers > Fresh Flowers > Fresh Flowers,https://www.tesco.com/groceries/en-GB/products/296673026,https://digitalcontent.api.tesco.com/v2/media/ghs/2c8e1722-44c5-4de7-bf71-55766e74ad57/b135b35a-e199-4b93-8a30-5ce9e5670181_1198561005.jpeg?h=225&w=225,yes,2026-10-07
317404504,Tesco Finest Green Vegetable Medley 220G,3.30,15,per kg,Fresh Food > Ready Meals > Starters & Sides > Finest & Premium Ready Meal Starters & Sides,https://www.tesco.com/groceries/en-GB/products/317404504,https://digitalcontent.api.tesco.com/v2/media/ghs/0f659593-b166-47e3-93a1-b82b85c53ea8/5ecb3d09-6c99-4b2e-a47d-35d00f79b9d6.jpeg?h=225&w=225,yes,2026-10-07
315165150,itsu classic ramen brilliant broth serves 2 500ml,2.70,5.4,per litre,"Fresh Food > Fresh Vegetables & Fresh Flowers > Stir Fry Vegetables, Sauce & Noodles > Stir Fry Sauces",https://www.tesco.com/groceries/en-GB/products/315165150,https://digitalcontent.api.tesco.com/v2/media/ghs/1a2f2499-8f09-4184-a471-5b658ef06617/56fe8381-583c-429c-a26f-5fbeef1deac7_1338812894.jpeg?h=225&w=225,yes,2026-10-07
268913840,Tesco Winter Vegetables 480G,1.95,4.06,per kg,Fresh Food > Fresh Vegetables & Fresh Flowers > Prepared Vegetables > Prepared Mixed Vegetables,https://www.tesco.com/groceries/en-GB/products/268913840,https://digitalcontent.api.tesco.com/v2/media/ghs/98dc635e-6f6a-41f3-b6b9-4797c7193f28/f3c95bf4-9b66-4760-9f43-58622d25b64b_1881470884.jpeg?h=225&w=225,yes,2026-10-07
296029820,Tesco Small White Roses Bouquet,4.00,4,each,Fresh Food > Fresh Vegetables & Fresh Flowers > Fresh Flowers > Fresh Flowers,https://www.tesco.com/groceries/en-GB/products/296029820,https://digitalcontent.api.tesco.com/v2/media/ghs/337f9531-9a91-4db8-9338-480e3c591c5e/55fe4937-f903-43c5-99e7-012372d30868_1612884113.jpeg?h=225&w=225,yes,2026-10-07
256212432,Tesco Curled Parsley Medium Pot,1.60,1.6,each,"Fresh Food > Fresh Salad, Coleslaw & Sandwich Fillers > Fresh Chillies, Herbs, Garlic & Ginger > Fresh Growing Herb Pots",https://www.tesco.com/groceries/en-GB/products/256212432,https://digitalcontent.api.tesco.com/v2/media/ghs/ba126010-aa9a-4a6a-97c7-2a71e05be4a3/d0ac122e-eac4-443b-b162-b6f380f7457d_951986533.jpeg?h=225&w=225,yes,2026-10-07
257574329,Tesco Flat Leaf Parsley Medium Pot,1.60,1.6,each,"Fresh Food > Fresh Salad, Coleslaw & Sandwich Fillers > Fresh Chillies, Herbs, Garlic & Ginger > Fresh Growing Herb Pots",https://www.tesco.com/groceries/en-GB/products/257574329,https://digitalcontent.api.tesco.com/v2/media/ghs/ab1a0065-25ce-4bda-9939-8a42b8006ea4/effd086e-97d2-4bf0-bd37-9fc58f2ab46e_166898287.jpeg?h=225&w=225,yes,2026-10-07
317654947,Tesco Finest Nemo Potatoes 2kg,2.40,1.2,per kg,Fresh Food > Fresh Vegetables & Fresh Flowers > Potatoes & Sweet Potatoes > Baby & New Potatoes,https://www.tesco.com/groceries/en-GB/products/317654947,https://digitalcontent.api.tesco.com/v2/media/ghs/8976edcb-7f20-4462-bcfe-1feb87a8b778/8a9ec665-580a-4cd6-93d9-11538fc43486.jpeg?h=225&w=225,yes,2026-10-07
316658130,Tesco Frites 300g,2.65,8.83,per kg,Fresh Food > Ready Meals > Starters & Sides > Ready Meal Potato Sides,https://www.tesco.com/groceries/en-GB/products/316658130,https://digitalcontent.api.tesco.com/v2/media/ghs/3cf7d0cd-8cf2-41f6-9b07-6b4bfde3d0fd/4932276d-88ee-4c39-b3fc-88c3dfe7373e.jpeg?h=225&w=225,yes,2026-10-07
317652866,Tesco Oven Chips 450g,2.90,6.44,per kg,Fresh Food > Ready Meals > Starters & Sides > Ready Meal Potato Sides,https://www.tesco.com/groceries/en-GB/products/317652866,https://digitalcontent.api.tesco.com/v2/media/ghs/ac5c6507-9602-4002-b842-cc17e2fcfec4/40bb96f4-10dd-4e9b-941f-d98658328829.jpeg?h=225&w=225,yes,2026-10-07
304792155,Tesco Finest Red Potatoes 2Kg,2.40,1.2,per kg,Fresh Food > Fresh Vegetables & Fresh Flowers > Potatoes & Sweet Potatoes > All Rounder Potatoes,https://www.tesco.com/groceries/en-GB/products/304792155,https://digitalcontent.api.tesco.com/v2/media/ghs/1f800838-a36f-4732-af2f-77259260b80b/c371d83b-e03a-4fe8-ac93-9abca958d051.jpeg?h=225&w=225,yes,2026-10-07
282854370,Tesco Turmeric 100G,1.55,15.5,per kg,Food Cupboard > World Foods > South Asian > South Asian Spices,https://www.tesco.com/groceries/en-GB/products/282854370,https://digitalcontent.api.tesco.com/v2/media/ghs/e13a593f-4b31-47c4-a9d2-afbabe6d6995/2da75bea-89db-4764-83ee-c52236892381_294152037.jpeg?h=225&w=225,yes,2026-10-07
307134699,Tesco Finest Sliced Cavolo Nero 200G,1.60,8,per kg,Fresh Food > Fresh Vegetables & Fresh Flowers > Prepared Vegetables > Prepared Single Vegetables,https://www.tesco.com/groceries/en-GB/products/307134699,https://digitalcontent.api.tesco.com/v2/media/ghs/499d5833-8744-4a89-a0bc-95e017352d3b/900a185e-8486-4d61-a4a6-8bd159cf5ef4.jpeg?h=225&w=225,yes,2026-10-07
321826391,Tesco Finest Extra Fine Asparagus 110g,2.10,19.09,per kg,"Fresh Food > Fresh Vegetables & Fresh Flowers > Peas, Beans, Sweetcorn & Asparagus > Asparagus",https://www.tesco.com/groceries/en-GB/products/321826391,https://digitalcontent.api.tesco.com/v2/media/ghs/b6cbcb25-83a4-4fb6-a420-c40153c2232a/d6f3804a-85ee-4e93-ba42-447d28a9f3c3.jpeg?h=225&w=225,yes,2026-10-07
285668272,Milgro Crispy Onions 75G,1.75,23.33,per kg,Fresh Food > Fresh Vegetables & Fresh Flowers > Prepared Vegetables > Prepared Mixed Vegetables,https://www.tesco.com/groceries/en-GB/products/285668272,https://digitalcontent.api.tesco.com/v2/media/ghs/18afbdd4-83d8-470f-a15b-6f70c6678fd5/8fe1ca4b-7429-48d2-99ab-05f31cb7e95b_2009995245.jpeg?h=225&w=225,yes,2026-10-07
321952246,Tesco 4 Duck Spring Rolls 141g,2.30,16.31,per kg,"Fresh Food > Ready Meals > Starters & Sides > Chinese, Thai & Asian Ready Meal Starters & Sides",https://www.tesco.com/groceries/en-GB/products/321952246,https://digitalcontent.api.tesco.com/v2/media/ghs/a456aa56-39ea-48cb-b324-7939000261c0/fdfc5eaa-5103-4a45-8f59-aa843e2e39f6.jpeg?h=225&w=225,yes,2026-10-07
261718731,Tesco Growing Mint Medium Pot,1.60,1.6,each,"Fresh Food > Fresh Salad, Coleslaw & Sandwich Fillers > Fresh Chillies, Herbs, Garlic & Ginger > Fresh Growing Herb Pots",https://www.tesco.com/groceries/en-GB/products/261718731,https://digitalcontent.api.tesco.com/v2/media/ghs/75c3dc76-4200-4bef-846c-2b4baf32da0a/eceb9f30-58f9-4009-9e11-dc36815a4745_620830098.jpeg?h=225&w=225,yes,2026-10-07
314932465,itsu chilled restaurant ramen flat noodles 200g,1.50,7.5,per kg,"Fresh Food > Fresh Vegetables & Fresh Flowers > Stir Fry Vegetables, Sauce & Noodles > Stir Fry Noodles & Rice",https://www.tesco.com/groceries/en-GB/products/314932465,https://digitalcontent.api.tesco.com/v2/media/ghs/4c1d186a-1838-4285-8657-5c2592f6f6b0/399c2cda-f944-4b99-878c-838df2cf6afe_1352224708.jpeg?h=225&w=225,yes,2026-10-07
267908975,Tesco Choi Sum 200G,1.70,8.5,per kg,Fresh Food > Fresh Vegetables & Fresh Flowers > International Vegetables > Pak Choi & Chicory,https://www.tesco.com/groceries/en-GB/products/267908975,https://digitalcontent.api.tesco.com/v2/media/ghs/92f43008-de1f-45de-b091-262671d68559/51052fc2-22a3-457b-a9c5-8333d1aba340_1954002272.jpeg?h=225&w=225,yes,2026-10-07
321207594,LOVE BEETS NO VINEGAR DICED BEETROOT TOPPERS 120G,1.10,9.17,per kg,Fresh Food > Fresh Vegetables & Fresh Flowers > Carrots & Root Vegetables > Beetroot,https://www.tesco.com/groceries/en-GB/products/321207594,https://digitalcontent.api.tesco.com/v2/media/ghs/87d1543d-72b9-4476-98bc-f828be6985c8/f5c830a7-d084-4818-9ca2-e42bb0cd0d37.jpeg?h=225&w=225,yes,2026-10-07
307143735,Tesco Organic Bunched Carrots 400G,1.90,4.75,per kg,Fresh Food > Fresh Vegetables & Fresh Flowers > Carrots & Root Vegetables > Organic Carrots & Root Vegetables,https://www.tesco.com/groceries/en-GB/products/307143735,https://digitalcontent.api.tesco.com/v2/media/ghs/7db093a9-21fe-40f8-8911-fa863165fd86/c578fbe2-86db-4640-a520-df1bbb2c7e1b.jpeg?h=225&w=225,yes,2026-10-07
322050655,Tesco Finest Thai Basil 20G,0.90,45,per kg,"Fresh Food > Fresh Vegetables & Fresh Flowers > Fresh Chillies, Herbs, Garlic & Ginger > Fresh Cut Herbs",https://www.tesco.com/groceries/en-GB/products/322050655,https://digitalcontent.api.tesco.com/v2/media/ghs/73379e59-3b07-4554-9c6e-dfb3c38e3689/53c7d522-7a19-4d79-be99-50bb02f71be8.jpeg?h=225&w=225,yes,2026-10-07
264013984,Tesco Rocket Chillies 250G,1.80,7.2,per kg,"Fresh Food > Fresh Vegetables & Fresh Flowers > Fresh Chillies, Herbs, Garlic & Ginger > Chillies",https://www.tesco.com/groceries/en-GB/products/264013984,https://digitalcontent.api.tesco.com/v2/media/ghs/d655f971-60fa-40a8-a039-7f85f68655b8/94cdb57d-0c7c-4bfc-af47-08f43fe72f25_1971994513.jpeg?h=225&w=225,yes,2026-10-07
256858664,Tesco Organic Leeks 400G,2.10,5.25,per kg,Fresh Food > Fresh Vegetables & Fresh Flowers > Onions & Leeks > Leeks,https://www.tesco.com/groceries/en-GB/products/256858664,https://digitalcontent.api.tesco.com/v2/media/ghs/387f7371-ec95-441b-8e08-e2b8b5e80212/7d9e6a93-d888-4bc6-870e-6cc88815e9a1_2117538973.jpeg?h=225&w=225,yes,2026-10-07
304413790,Tesco Tarragon 20G,0.50,25,per kg,"Fresh Food > Fresh Salad, Coleslaw & Sandwich Fillers > Fresh Chillies, Herbs, Garlic & Ginger > Fresh Cut Herbs",https://www.tesco.com/groceries/en-GB/products/304413790,https://digitalcontent.api.tesco.com/v2/media/ghs/1d43808d-461f-43a1-8d9b-857d13f0b3c3/94dc1a07-7df3-4556-85cc-a2656e743e42.jpeg?h=225&w=225,yes,2026-10-07
321849951,Tesco Flat Rice Noodles 300g ,1.15,3.83,per kg,"Fresh Food > Fresh Vegetables & Fresh Flowers > Stir Fry Vegetables, Sauce & Noodles > Stir Fry Noodles & Rice",https://www.tesco.com/groceries/en-GB/products/321849951,https://digitalcontent.api.tesco.com/v2/media/ghs/03cbca5b-1eb4-4014-ac94-e7b05bb7e11a/955e7cec-8cd5-4921-891e-e33b89917d10.jpeg?h=225&w=225,yes,2026-10-07
256725879,Tesco Organic Seasonal Cabbage,1.35,1.35,each,"Fresh Food > Fresh Vegetables & Fresh Flowers > Spinach, Cabbages & Greens > Cabbages",https://www.tesco.com/groceries/en-GB/products/256725879,https://digitalcontent.api.tesco.com/v2/media/ghs/a7023176-6cc6-4b93-8668-5a6951014a71/4d73e214-688e-471a-9ba5-207f1e929665_1702431059.jpeg?h=225&w=225,yes,2026-10-07
259390111,Tesco Belle Bouquet,6.00,6,each,Fresh Food > Fresh Vegetables & Fresh Flowers > Fresh Flowers > Fresh Flowers,https://www.tesco.com/groceries/en-GB/products/259390111,https://digitalcontent.api.tesco.com/v2/media/ghs/41752ea2-2c00-43ec-8828-d95ddeccc3ed/04cf432d-53e2-4436-b7df-b2c725317e6f_1205718169.jpeg?h=225&w=225,yes,2026-10-07
295198430,Tesco Finest Maris Piper Roast Potatoes With Goose Fat 800g,3.30,4.12,per kg,Fresh Food > Fresh Vegetables & Fresh Flowers > Prepared Vegetables > Prepared Potatoes,https://www.tesco.com/groceries/en-GB/products/295198430,https://digitalcontent.api.tesco.com/v2/media/ghs/1e0d5f20-e58b-4682-8c5c-62d85f36cea0/fd9e96af-22bf-467a-81f4-4114f68de927_1042377572.jpeg?h=225&w=225,yes,2026-10-07
266077432,Tesco Cool Tulips Bunch,4.00,4,each,Fresh Food > Fresh Vegetables & Fresh Flowers > Fresh Flowers > Fresh Flowers,https://www.tesco.com/groceries/en-GB/products/266077432,https://digitalcontent.api.tesco.com/v2/media/ghs/c034eeb9-09b2-4436-aceb-2c5bfde3d36f/snapshotimagehandler_2026350937.jpeg?h=225&w=225,yes,2026-10-07
313947377,Tesco Finest British Chicory,2.25,2.25,each,"Fresh Food > Fresh Salad, Coleslaw & Sandwich Fillers > Lettuce & Salad bags > Chicory & Chinese Leaf",https://www.tesco.com/groceries/en-GB/products/313947377,https://digitalcontent.api.tesco.com/v2/media/ghs/c9805ce4-7d0e-4734-9d68-0e2a6acb2c60/359cc0df-6a49-414f-af82-910a46cb3a40.jpeg?h=225&w=225,yes,2026-10-07
324094715,itsu spicy chicken 8 gyoza dumplings 150g,4.00,26.67,per kg,"Fresh Food > Ready Meals > Chinese, Thai & Asian Ready Meals > Chinese, Thai & Asian Ready Meal Starters & Sides",https://www.tesco.com/groceries/en-GB/products/324094715,https://digitalcontent.api.tesco.com/v2/media/ghs/a2ab7132-33a5-411c-b59a-522e791bdd72/bb61c49c-5ebf-443b-90cc-4ad1b8e8239d.jpeg?h=225&w=225,yes,2026-10-07
314941143,itsu miso ramen brilliant broth serves 2 500ml,2.70,5.4,per litre,"Fresh Food > Fresh Vegetables & Fresh Flowers > Stir Fry Vegetables, Sauce & Noodles > Stir Fry Sauces",https://www.tesco.com/groceries/en-GB/products/314941143,https://digitalcontent.api.tesco.com/v2/media/ghs/7d6e6bfd-0f03-45ba-b6f6-baf4f9bd503a/4603a025-4b2c-48c9-844c-29064d604c99_776584010.jpeg?h=225&w=225,yes,2026-10-07
256204223,Tesco Thyme Medium Pot,1.60,1.6,each,"Fresh Food > Fresh Salad, Coleslaw & Sandwich Fillers > Fresh Chillies, Herbs, Garlic & Ginger > Fresh Growing Herb Pots",https://www.tesco.com/groceries/en-GB/products/256204223,https://digitalcontent.api.tesco.com/v2/media/ghs/a0769a67-e07e-46cb-8a33-851481b05bdb/fcfa2817-9c07-4fd6-af47-7deacd7f837f_329303914.jpeg?h=225&w=225,yes,2026-10-07
324116570,Tesco Finest sweet & vibrant colourful vegetable medley 160g ,2.20,13.75,per kg,Fresh Food > Fresh Vegetables & Fresh Flowers > Prepared Vegetables > Prepared Mixed Vegetables,https://www.tesco.com/groceries/en-GB/products/324116570,https://digitalcontent.api.tesco.com/v2/media/ghs/ec151a96-953e-43e0-b96f-2f9cf4ac5b15/b55fefc7-1c54-423a-b85a-c1f3078d2a00.jpeg?h=225&w=225,yes,2026-10-07
305438959,Seasonal Fillers,2.25,2.25,each,Fresh Food > Fresh Vegetables & Fresh Flowers > Fresh Flowers > Fresh Flowers,https://www.tesco.com/groceries/en-GB/products/305438959,https://digitalcontent.api.tesco.com/v2/media/ghs/0bb69f15-ac87-47f4-8d2e-cd6645eb4fec/cbc9ac74-fc4b-4728-b7f0-af1603412460_422989581.jpeg?h=225&w=225,yes,2026-10-07
305975243,Tesco Finest Rosanna Pink Onions 3 Pack,1.45,0.48,each,Fresh Food > Fresh Vegetables & Fresh Flowers > Onions & Leeks > Pink Onions & Red Onions,https://www.tesco.com/groceries/en-GB/products/305975243,https://digitalcontent.api.tesco.com/v2/media/ghs/bf8559b5-5182-44ce-ad17-aa169f672064/e93eabf2-50a4-4a7f-b736-73135fb76543_774326267.jpeg?h=225&w=225,yes,2026-10-07
323648517,Tesco Finest All The Greens Medley 195g,3.00,15.38,per kg,Fresh Food > Fresh Vegetables & Fresh Flowers > Prepared Vegetables > Prepared Mixed Vegetables,https://www.tesco.com/groceries/en-GB/products/323648517,https://digitalcontent.api.tesco.com/v2/media/ghs/2eb356e8-f59b-4539-928c-3367deaf75fa/c7884d34-6406-4ce0-ae5a-57f448d8659d.jpeg?h=225&w=225,yes,2026-10-07
321962787,Rochelle Stir Fry Topper Crispy Onions 100G,1.10,11,per kg,"Fresh Food > Fresh Vegetables & Fresh Flowers > Stir Fry Vegetables, Sauce & Noodles > Stir Fry Vegetables",https://www.tesco.com/groceries/en-GB/products/321962787,https://digitalcontent.api.tesco.com/v2/media/ghs/048135c8-9580-49b8-965a-dfa40dd420f8/da14b49d-4cac-4475-90c9-9d10147d6f5b_1673834663.jpeg?h=225&w=225,yes,2026-10-07
317298381,Merchant Gourmet Dried Porcini Mushrooms 30g,3.00,100,per kg,Fresh Food > Fresh Vegetables & Fresh Flowers > Mushrooms > Dried Mushrooms,https://www.tesco.com/groceries/en-GB/products/317298381,https://digitalcontent.api.tesco.com/v2/media/ghs/944ef47a-0532-4543-bec7-ca5e0a731b86/f0d24fb9-cb4c-4987-8d18-f503ba236bd9_1525203289.jpeg?h=225&w=225,yes,2026-10-07
285507466,Tesco British Rosemary Medium Pot Each,1.60,1.6,each,"Fresh Food > Fresh Salad, Coleslaw & Sandwich Fillers > Fresh Chillies, Herbs, Garlic & Ginger > Fresh Growing Herb Pots",https://www.tesco.com/groceries/en-GB/products/285507466,https://digitalcontent.api.tesco.com/v2/media/ghs/86500560-baed-463f-a530-571adbbcb000/cd24f931-b866-42fd-a68f-3e2aa0d242a3.jpeg?h=225&w=225,yes,2026-10-07
324434095,itsu chilled restaurant ramen udon noodles 200g,1.50,7.5,per kg,"Fresh Food > Fresh Vegetables & Fresh Flowers > Stir Fry Vegetables, Sauce & Noodles > Stir Fry Noodles & Rice",https://www.tesco.com/groceries/en-GB/products/324434095,https://digitalcontent.api.tesco.com/v2/media/ghs/2e9b007e-f1b4-47ff-994c-69f53e3b4b9c/d9c70190-11d3-4e00-a455-d1f32c431fed_161711117.jpeg?h=225&w=225,yes,2026-10-07
321844755,Tesco Finest Roasting Root Vegetables With Honey & Thyme Dressing 400g,3.00,7.5,per kg,Fresh Food > Fresh Vegetables & Fresh Flowers > Prepared Vegetables > Prepared Mixed Vegetables,https://www.tesco.com/groceries/en-GB/products/321844755,https://digitalcontent.api.tesco.com/v2/media/ghs/77d32501-3025-4bad-80aa-01cd234e2aa5/c2085d41-bdd8-48a8-a9d2-b6a2e5592859.jpeg?h=225&w=225,yes,2026-10-07
317308411,Tesco Chips & Curry Sauce 350g,2.90,8.29,per kg,Fresh Food > Ready Meals > Starters & Sides > Ready Meal Potato Sides,https://www.tesco.com/groceries/en-GB/products/317308411,https://digitalcontent.api.tesco.com/v2/media/ghs/89152cb1-cad3-4e6a-9d80-66269d1497c2/e7e5117e-1d79-4e79-bffe-6de9f8c1dd7b.jpeg?h=225&w=225,yes,2026-10-07
307337472,Tesco Finest Rainbow Chard 200G,1.80,9,per kg,"Fresh Food > Fresh Vegetables & Fresh Flowers > Spinach, Cabbages & Greens > Greens & Kale",https://www.tesco.com/groceries/en-GB/products/307337472,https://digitalcontent.api.tesco.com/v2/media/ghs/6c38b847-02b7-493e-96a5-cb705cceb348/ad9ac2c8-b4ca-446a-9d93-3816d358eaea_1709489400.jpeg?h=225&w=225,yes,2026-10-07
323498360,Tesco Tempura Carrots Wedges 150g,2.75,18.33,per kg,Fresh Food > Fresh Vegetables & Fresh Flowers > Prepared Vegetables > Prepared Vegetable Snacks,https://www.tesco.com/groceries/en-GB/products/323498360,https://digitalcontent.api.tesco.com/v2/media/ghs/543bee56-62ce-4b01-be8c-36bceb9484a7/32e62687-c36e-4b94-b523-495a7e68842e.jpeg?h=225&w=225,yes,2026-10-07
322439110,Tesco Bay Leaves,0.80,0.08,each,"Fresh Food > Fresh Vegetables & Fresh Flowers > Fresh Chillies, Herbs, Garlic & Ginger > Fresh Cut Herbs",https://www.tesco.com/groceries/en-GB/products/322439110,https://digitalcontent.api.tesco.com/v2/media/ghs/b3ae99a9-d90a-4c7c-9c0f-2d7ff82eb73c/f63b967d-b959-477b-b0cd-c9e783c5a465.jpeg?h=225&w=225,yes,2026-10-07
321942961,Tesco Chantenay Carrot and Baby Parsnip 350g ,1.55,4.43,per kg,Fresh Food > Fresh Vegetables & Fresh Flowers > Carrots & Root Vegetables > Carrots,https://www.tesco.com/groceries/en-GB/products/321942961,https://digitalcontent.api.tesco.com/v2/media/ghs/ef038fb6-d352-440c-9e97-42faa7907648/665b429b-7b1a-4d99-95ff-dd140c3b0a54_1041615205.jpeg?h=225&w=225,yes,2026-10-07
317994023,Tesco Thai Inspired Stir Fry Sauce 165g,1.15,6.97,per kg,"Fresh Food > Fresh Vegetables & Fresh Flowers > Stir Fry Vegetables, Sauce & Noodles > Stir Fry Sauces",https://www.tesco.com/groceries/en-GB/products/317994023,https://digitalcontent.api.tesco.com/v2/media/ghs/993f74fc-6bf5-41c7-a812-4dae6613952b/c8540c17-2902-40b2-bc08-81708917511a.jpeg?h=225&w=225,yes,2026-10-07
322535612,Nanna Tate Baby Potatoes 750g,1.30,1.73,per kg,Fresh Food > Fresh Vegetables & Fresh Flowers > Potatoes & Sweet Potatoes > Baby & New Potatoes,https://www.tesco.com/groceries/en-GB/products/322535612,https://digitalcontent.api.tesco.com/v2/media/ghs/20bb82b1-8c59-4537-aac3-94d5b485d7de/d7ae0cf0-2aa8-4db3-b88f-0e9c4c879d43.jpeg?h=225&w=225,yes,2026-10-07
323417388,Tesco Finest Italian Artichokes  150g,4.00,26.67,per kg,Fresh Food > Fresh Vegetables & Fresh Flowers > International Vegetables > Artichoke,https://www.tesco.com/groceries/en-GB/products/323417388,https://digitalcontent.api.tesco.com/v2/media/ghs/740e3e91-e283-46af-b055-705f94a38533/6017e718-6121-461e-896a-af6cfa08476c_1207482547.jpeg?h=225&w=225,no,2026-10-07
317742178,Nanna Tate Crispy Chips 450g,2.00,4.44,per kg,Fresh Food > Fresh Vegetables & Fresh Flowers > Prepared Vegetables > Prepared Potatoes,https://www.tesco.com/groceries/en-GB/products/317742178,https://digitalcontent.api.tesco.com/v2/media/ghs/5c695b19-2504-4b94-a01b-ba49301297b9/d5667bd9-6a05-4286-9253-6c4eb789fbe8.jpeg?h=225&w=225,yes,2026-10-07
314690341,Tesco Carrot Batons Snack Pack 80g,0.39,4.88,per kg,Fresh Food > Fresh Vegetables & Fresh Flowers > Prepared Vegetables > Prepared Vegetable Snacks,https://www.tesco.com/groceries/en-GB/products/314690341,https://digitalcontent.api.tesco.com/v2/media/ghs/b0f53541-6552-4682-bb35-d03a08018543/a55be3fc-37db-4194-a3ba-be4f00364129.jpeg?h=225&w=225,yes,2026-10-07
289765781,Tesco Roasting Herbs 30g,0.80,26.67,per kg,"Fresh Food > Fresh Vegetables & Fresh Flowers > Fresh Chillies, Herbs, Garlic & Ginger > Fresh Cut Herbs",https://www.tesco.com/groceries/en-GB/products/289765781,https://digitalcontent.api.tesco.com/v2/media/ghs/a2959a51-a7c6-4767-8cb4-d1d8a1311c1f/ff5ca935-9189-4740-856c-a6e60b7e0877_1769012049.jpeg?h=225&w=225,yes,2026-10-07
293478061,Bright Bouquet,10.00,10,each,Fresh Food > Fresh Vegetables & Fresh Flowers > Fresh Flowers > Fresh Flowers,https://www.tesco.com/groceries/en-GB/products/293478061,https://digitalcontent.api.tesco.com/v2/media/ghs/9e454d61-d132-4f4a-9971-4a1cf8c7efc4/cf31e451-ed7f-4891-aab5-41568d1e13c1_361791146.jpeg?h=225&w=225,yes,2026-10-07
252583476,Tesco Finest Fleur Bouquet,12.00,12,each,Fresh Food > Fresh Vegetables & Fresh Flowers > Fresh Flowers > Fresh Flowers,https://www.tesco.com/groceries/en-GB/products/252583476,https://digitalcontent.api.tesco.com/v2/media/ghs/6c77e945-1e18-491c-9be1-6bd9e0036d1c/9e5d3abc-5566-4b3b-ae61-c1de7bfea3d1_2064693691.jpeg?h=225&w=225,yes,2026-10-07
325795503,Tango Dream,25.00,25,each,Fresh Food > Fresh Vegetables & Fresh Flowers > Fresh Flowers > Fresh Flowers,https://www.tesco.com/groceries/en-GB/products/325795503,https://digitalcontent.api.tesco.com/v2/media/marketplace/f87c48d3-6ba4-4519-b623-81c3245b23a3/TpvHZ7c88-U9SiHFfsN8jgyRM_1772806412.jpeg?h=225&w=225,yes,2026-10-07
325795504,Hello Sunshine,19.95,19.95,each,Fresh Food > Fresh Vegetables & Fresh Flowers > Fresh Flowers > Fresh Flowers,https://www.tesco.com/groceries/en-GB/products/325795504,https://digitalcontent.api.tesco.com/v2/media/marketplace/594d7a63-5c77-45da-8293-ecaab5766f1a/rNEJA_1qVocb_Zcjy3qbT5cAs_263327909.jpeg?h=225&w=225,yes,2026-10-07
325795494,Blue Horizon,29.95,29.95,each,Marketplace > Seasonal Events & Celebrations > Fresh Flowers > Fresh Flowers,https://www.tesco.com/groceries/en-GB/products/325795494,https://digitalcontent.api.tesco.com/v2/media/marketplace/f8e37aa5-adf0-4002-8a9f-a4885e8360f8/9874a3570b2f4d549a28493c158d0fd0_1767154509.jpeg?h=225&w=225,yes,2026-10-07
325795496,Allure,38.50,38.5,each,Fresh Food > Fresh Vegetables & Fresh Flowers > Fresh Flowers > Fresh Flowers,https://www.tesco.com/groceries/en-GB/products/325795496,https://digitalcontent.api.tesco.com/v2/media/marketplace/22569874-b8c1-41dc-b63a-96501bd63eef/h8HwwmR6g1iyLoELjIf350em0_1390741081.jpeg?h=225&w=225,yes,2026-10-07
325795497,Stargazer (Vase Included),30.00,30,each,Fresh Food > Fresh Vegetables & Fresh Flowers > Fresh Flowers > Fresh Flowers,https://www.tesco.com/groceries/en-GB/products/325795497,https://digitalcontent.api.tesco.com/v2/media/marketplace/ec46885f-95c6-48db-b5ba-29615bd5546d/7GJs-Rwf1c373SqnmAZlX0EXY_308848905.jpeg?h=225&w=225,yes,2026-10-07
325795498,Sweet Scents,39.95,39.95,each,Fresh Food > Fresh Vegetables & Fresh Flowers > Fresh Flowers > Fresh Flowers,https://www.tesco.com/groceries/en-GB/products/325795498,https://digitalcontent.api.tesco.com/v2/media/marketplace/6e04ef77-8ce6-42ac-b0ef-b1f48a32058c/voCsajmCyoCgwl02vJvyGcMic_49810706.jpeg?h=225&w=225,yes,2026-10-07
325795499,Sunset Delight,30.00,30,each,Fresh Food > Fresh Vegetables & Fresh Flowers > Fresh Flowers > Fresh Flowers,https://www.tesco.com/groceries/en-GB/products/325795499,https://digitalcontent.api.tesco.com/v2/media/marketplace/ab114fcb-9bbb-4074-b664-53f9821b6bc7/UUDuNggat6OM9k_c8aoe6VlKI_420674064.jpeg?h=225&w=225,yes,2026-10-07
325795501,Pink Kiss,35.00,35,each,Fresh Food > Fresh Vegetables & Fresh Flowers > Fresh Flowers > Fresh Flowers,https://www.tesco.com/groceries/en-GB/products/325795501,https://digitalcontent.api.tesco.com/v2/media/marketplace/b4c9dc47-4732-4146-9e53-18e6ee0e9b6f/URoKsBx_wjr4etrYQjBGc2j9A_1796182144.jpeg?h=225&w=225,yes,2026-10-07
325795502,Moonlight & Stars,30.00,30,each,Marketplace > Seasonal Events & Celebrations > Fresh Flowers > Fresh Flowers,https://www.tesco.com/groceries/en-GB/products/325795502,https://digitalcontent.api.tesco.com/v2/media/marketplace/e9333fc6-696c-46fe-bfe7-ca8eeb7a77f4/92bcacf783624b6d8d006cd4b1d10d2f_1049509960.jpeg?h=225&w=225,yes,2026-10-07
325965537,Sunlit Embrace Bouquet,40.00,40,each,Marketplace > Seasonal Events & Celebrations > Fresh Flowers > Fresh Flowers,https://www.tesco.com/groceries/en-GB/products/325965537,https://digitalcontent.api.tesco.com/v2/media/marketplace/978d97c0-460b-4218-8f3e-96aa0be3f97d/2X5GsE0xKCSOflVBzH-SPIujg_1230402045.jpeg?h=225&w=225,yes,2026-10-07
325981137,Sweet Nectar Bouquet,60.00,60,each,Marketplace > Seasonal Events & Celebrations > Fresh Flowers > Fresh Flowers,https://www.tesco.com/groceries/en-GB/products/325981137,https://digitalcontent.api.tesco.com/v2/media/marketplace/d59b7925-8a8b-48b4-a5b6-5aa46b8a86a6/B1utU2Q658fIDBmAQtQ7aST7g_1485381989.jpeg?h=225&w=225,yes,2026-10-07
325981139,Spell Bound,30.00,30,each,Marketplace > Seasonal Events & Celebrations > Fresh Flowers > Fresh Flowers,https://www.tesco.com/groceries/en-GB/products/325981139,https://digitalcontent.api.tesco.com/v2/media/marketplace/694b0f0d-8462-4b71-bc6e-8b5669355cd2/59c94102dab349898abe3fa9eba73924_1969443571.jpeg?h=225&w=225,yes,2026-10-07
325981138,"Love, Actually Bouquet",28.00,28,each,Fresh Food > Fresh Vegetables & Fresh Flowers > Fresh Flowers > Fresh Flowers,https://www.tesco.com/groceries/en-GB/products/325981138,https://digitalcontent.api.tesco.com/v2/media/marketplace/20edf859-98a6-49f2-bfd0-eae4b5137856/uUNC_46QQbRtsgQ0oFRzNM82s_1040394243.jpeg?h=225&w=225,yes,2026-10-07
325981142,Bright Delight Bouquet,28.00,28,each,Fresh Food > Fresh Vegetables & Fresh Flowers > Fresh Flowers > Fresh Flowers,https://www.tesco.com/groceries/en-GB/products/325981142,https://digitalcontent.api.tesco.com/v2/media/marketplace/44223136-0940-4d0f-b9ca-1a34503f800c/55VvrcldTKSy_0gFYrdcs09SI_1702037557.jpeg?h=225&w=225,yes,2026-10-07
325981144,Sunflower Bliss Bouquet,60.00,60,each,Marketplace > Seasonal Events & Celebrations > Fresh Flowers > Fresh Flowers,https://www.tesco.com/groceries/en-GB/products/325981144,https://digitalcontent.api.tesco.com/v2/media/marketplace/10326a4f-9ea8-4a9a-9084-764bf6e246c7/Bn8kz_azDTZnI5OOnhnvPKr8I_1756703506.jpeg?h=225&w=225,yes,2026-10-07
325981143,True Affection Bouquet,30.00,30,each,Fresh Food > Fresh Vegetables & Fresh Flowers > Fresh Flowers > Fresh Flowers,https://www.tesco.com/groceries/en-GB/products/325981143,https://digitalcontent.api.tesco.com/v2/media/marketplace/a09ffcae-db1f-4d2c-9f20-0af8ce57da53/XJZQF2J2AkSqC7JaOLPdzuAMo_875635413.jpeg?h=225&w=225,yes,2026-10-07
325981145,Bold & Beautiful Bouquet,30.00,30,each,Fresh Food > Fresh Vegetables & Fresh Flowers > Fresh Flowers > Fresh Flowers,https://www.tesco.com/groceries/en-GB/products/325981145,https://digitalcontent.api.tesco.com/v2/media/marketplace/4c929e09-57b5-4923-9e02-f9d3a36b8092/xRF_6F1J7XMYTHI3CPpWyg7BE_1393638639.jpeg?h=225&w=225,yes,2026-10-07
325981146,Spring Sparkle Bouquet,60.00,60,each,Marketplace > Seasonal Events & Celebrations > Fresh Flowers > Fresh Flowers,https://www.tesco.com/groceries/en-GB/products/325981146,https://digitalcontent.api.tesco.com/v2/media/marketplace/b92da896-0645-44ca-8927-e862cafa08dc/GnIHlUYup5yvo17_QSZs2lQ00_662162685.jpeg?h=225&w=225,yes,2026-10-07
325981147,Pink Garden Bouquet,57.00,57,each,Marketplace > Seasonal Events & Celebrations > Fresh Flowers > Fresh Flowers,https://www.tesco.com/groceries/en-GB/products/325981147,https://digitalcontent.api.tesco.com/v2/media/marketplace/5db708fa-e90e-4b36-9126-e5d8ab2b4ee8/NfiVbha4LNInrKcElwQI_lHS4_866851000.jpeg?h=225&w=225,yes,2026-10-07
325981148,Lush Elegance Bouquet,28.00,28,each,Marketplace > Seasonal Events & Celebrations > Fresh Flowers > Fresh Flowers,https://www.tesco.com/groceries/en-GB/products/325981148,https://digitalcontent.api.tesco.com/v2/media/marketplace/d79ac7a1-bedb-4312-9fc1-f8263bfb80b2/HrU18zJt7CN05Dah2wQUaDkqE_1937282715.jpeg?h=225&w=225,yes,2026-10-07
325981149,Festive Flair Bouquet,30.00,30,each,Marketplace > Seasonal Events & Celebrations > Fresh Flowers > Fresh Flowers,https://www.tesco.com/groceries/en-GB/products/325981149,https://digitalcontent.api.tesco.com/v2/media/marketplace/61fc4a90-c542-4c7d-9af2-e94f37dd974f/sRkGT1BicPe4lpuxRWSSJJWds_1262292603.jpeg?h=225&w=225,yes,2026-10-07
325981150,London Brights Bouquet,30.00,30,each,Marketplace > Seasonal Events & Celebrations > Fresh Flowers > Fresh Flowers,https://www.tesco.com/groceries/en-GB/products/325981150,https://digitalcontent.api.tesco.com/v2/media/marketplace/1de4a4df-c229-4b44-88e7-775ba9b7f95a/m7h_c0A_b4y8jGyPVKsmAh42g_1307527844.jpeg?h=225&w=225,yes,2026-10-07
325981151,Sweet Life Bouquet,30.00,30,each,Marketplace > Seasonal Events & Celebrations > Fresh Flowers > Fresh Flowers,https://www.tesco.com/groceries/en-GB/products/325981151,https://digitalcontent.api.tesco.com/v2/media/marketplace/7efb9177-853e-41c2-a7c5-2cdfcc417c5c/KosIOFvG90O6ndMClsUIT_MDw_1474434893.jpeg?h=225&w=225,yes,2026-10-07
325981152,Friendship Flair Bouquet,28.00,28,each,Fresh Food > Fresh Vegetables & Fresh Flowers > Fresh Flowers > Fresh Flowers,https://www.tesco.com/groceries/en-GB/products/325981152,https://digitalcontent.api.tesco.com/v2/media/marketplace/ec3bc897-3471-4937-b2fe-d31129431717/CXAg59Ay4RBxw5HqGwfs937RE_1066854942.jpeg?h=225&w=225,yes,2026-10-07
325986674,Delicate Charm Bouquet,30.00,30,each,Marketplace > Seasonal Events & Celebrations > Fresh Flowers > Fresh Flowers,https://www.tesco.com/groceries/en-GB/products/325986674,https://digitalcontent.api.tesco.com/v2/media/marketplace/53c92861-b035-408f-9e2f-de2a07cc75ad/gyz0ghUImdJz-ShPjbaU8yJvQ_1172037740.jpeg?h=225&w=225,yes,2026-10-07
326237346,Believe in Blooms,29.99,29.99,each,Fresh Food > Fresh Vegetables & Fresh Flowers > Fresh Flowers > Fresh Flowers,https://www.tesco.com/groceries/en-GB/products/326237346,https://digitalcontent.api.tesco.com/v2/media/marketplace/3923513b-8762-413c-8a5c-df3bce23b6b9/KZvqmYyZJhhE1Jl6ddTybgPkY_1534689625.jpeg?h=225&w=225,yes,2026-10-07
326237349,Simply Perfect,29.50,29.5,each,Fresh Food > Fresh Vegetables & Fresh Flowers > Fresh Flowers > Fresh Flowers,https://www.tesco.com/groceries/en-GB/products/326237349,https://digitalcontent.api.tesco.com/v2/media/marketplace/4d0aeffe-6bfa-4f98-8ac7-606595f57c78/spgz98rCHYU3vFwT2daS0cmHI_376225184.jpeg?h=225&w=225,yes,2026-10-07
326237351,Love Sings,35.00,35,each,Fresh Food > Fresh Vegetables & Fresh Flowers > Fresh Flowers > Fresh Flowers,https://www.tesco.com/groceries/en-GB/products/326237351,https://digitalcontent.api.tesco.com/v2/media/marketplace/5b065596-0a5f-4299-800f-8e157e153e0e/idilhvEShLDDSyqUByePJScY0_1249632500.jpeg?h=225&w=225,yes,2026-10-07
326237352,Yours Truly,49.99,49.99,each,Fresh Food > Fresh Vegetables & Fresh Flowers > Fresh Flowers > Fresh Flowers,https://www.tesco.com/groceries/en-GB/products/326237352,https://digitalcontent.api.tesco.com/v2/media/marketplace/a742acd4-bdd4-4907-b926-b1d9260a73d6/f81Rc1jlzezvUkcE3p5rvYoxY_959971981.jpeg?h=225&w=225,yes,2026-10-07
326237353,Best of Luck,49.99,49.99,each,Fresh Food > Fresh Vegetables & Fresh Flowers > Fresh Flowers > Fresh Flowers,https://www.tesco.com/groceries/en-GB/products/326237353,https://digitalcontent.api.tesco.com/v2/media/marketplace/2d89bb9a-f549-4466-b549-7bc5ff96aee1/gnVmaFw6Leica1eLhI-vNvUmQ_756843939.jpeg?h=225&w=225,yes,2026-10-07
326237357,Sunflowers in a Pink Hat Box,99.95,99.95,each,Kiosk > Fresh Flowers > Bouquets > Mixed Bouquets,https://www.tesco.com/groceries/en-GB/products/326237357,https://digitalcontent.api.tesco.com/v2/media/marketplace/d20c6bea-95e2-46c2-b7bd-2f429973c8a9/pcI9_YSSe-83GvvvrnZAJ_VHU_514830311.jpeg?h=225&w=225,yes,2026-10-07
326237358,Diamond Glow,59.99,59.99,each,Fresh Food > Fresh Vegetables & Fresh Flowers > Fresh Flowers > Fresh Flowers,https://www.tesco.com/groceries/en-GB/products/326237358,https://digitalcontent.api.tesco.com/v2/media/marketplace/3a97a296-41a7-4db6-9db1-885e6ae08ab0/DAPfKA8yWwpPptcelNcKjLFyU_1606381120.jpeg?h=225&w=225,yes,2026-10-07
326172445,Pink Baby's Breath in a Vase Bouquet (Vase Included),35.00,35,each,Fresh Food > Fresh Vegetables & Fresh Flowers > Fresh Flowers > Fresh Flowers,https://www.tesco.com/groceries/en-GB/products/326172445,https://digitalcontent.api.tesco.com/v2/media/marketplace/eb8ff9c6-0aa2-443b-8d16-aa647f5810b8/73ac22c887f444d684a18131e0368426_106859124.jpeg?h=225&w=225,yes,2026-10-07
326172448,Autumn Aura Bouquet,35.00,35,each,Fresh Food > Fresh Vegetables & Fresh Flowers > Fresh Flowers > Fresh Flowers,https://www.tesco.com/groceries/en-GB/products/326172448,https://digitalcontent.api.tesco.com/v2/media/marketplace/8d0f4b24-465b-4108-b8ef-05d8c44485a7/ad3558869ec344f998ccbfdb74686e06_1137310192.jpeg?h=225&w=225,yes,2026-10-07
326172447,Golden Muse Bouquet,39.99,39.99,each,Fresh Food > Fresh Vegetables & Fresh Flowers > Fresh Flowers > Fresh Flowers,https://www.tesco.com/groceries/en-GB/products/326172447,https://digitalcontent.api.tesco.com/v2/media/marketplace/f61c0019-2764-4365-ae2a-b48e87930137/e21c306f2be54b1eb1f2acdd40c72e66_1294709221.jpeg?h=225&w=225,yes,2026-10-07
326172449,White Baby's Breath in a Vase Bouquet (Vase Included),19.95,19.95,each,Marketplace > Seasonal Events & Celebrations > Fresh Flowers > Fresh Flowers,https://www.tesco.com/groceries/en-GB/products/326172449,https://digitalcontent.api.tesco.com/v2/media/marketplace/b8d97039-5386-410f-b017-2a499c4d8bff/b860fb0de4d7487da0784100d0edd942_1687269705.jpeg?h=225&w=225,yes,2026-10-07
326180796,Infinity White Rose Head in Black Vase and Gift Box,27.50,27.5,each,Marketplace > Home Accessories > Ornaments & Room Decoration > Decorative Accessories,https://www.tesco.com/groceries/en-GB/products/326180796,https://digitalcontent.api.tesco.com/v2/media/marketplace/1e8c17e5-29c0-48e7-8385-82855079f6bb/f0112a890ffb4efc8603c2f8d156b75b_129283320.jpeg?h=225&w=225,yes,2026-10-07
326180797,Spring Sparkle Bouquet Deluxe,84.00,84,each,Fresh Food > Fresh Vegetables & Fresh Flowers > Fresh Flowers > Fresh Flowers,https://www.tesco.com/groceries/en-GB/products/326180797,https://digitalcontent.api.tesco.com/v2/media/marketplace/1a5399bd-082f-4239-824e-e9bb8064e8e6/48243e9fffbc411ebdc49efb07cb0684_744561933.jpeg?h=225&w=225,yes,2026-10-07
326180802,Sweet Nectar Bouquet Deluxe,84.00,84,each,Fresh Food > Fresh Vegetables & Fresh Flowers > Fresh Flowers > Fresh Flowers,https://www.tesco.com/groceries/en-GB/products/326180802,https://digitalcontent.api.tesco.com/v2/media/marketplace/7cb3a6b7-f990-4524-be6a-2edcb9773125/74fa06b262244d8b8be81747fc04ac26_782660920.jpeg?h=225&w=225,yes,2026-10-07
326180800,Pink Garden Bouquet Deluxe,79.99,79.99,each,Fresh Food > Fresh Vegetables & Fresh Flowers > Fresh Flowers > Fresh Flowers,https://www.tesco.com/groceries/en-GB/products/326180800,https://digitalcontent.api.tesco.com/v2/media/marketplace/7a4493c0-00bb-4acc-9917-b4bbd410f49e/ff4a710ddf914100949eb98527d2f8cb_1809266601.jpeg?h=225&w=225,yes,2026-10-07
326180807,Pink Muse Bouquet,57.75,57.75,each,Fresh Food > Fresh Vegetables & Fresh Flowers > Fresh Flowers > Fresh Flowers,https://www.tesco.com/groceries/en-GB/products/326180807,https://digitalcontent.api.tesco.com/v2/media/marketplace/c7ea9972-041a-4695-a093-f9f1bcf58057/a608537f3825489893798bcd1dc98a78_691790226.jpeg?h=225&w=225,yes,2026-10-07
326180808,Lisianthus Bouquet,39.99,39.99,each,Fresh Food > Fresh Vegetables & Fresh Flowers > Fresh Flowers > Fresh Flowers,https://www.tesco.com/groceries/en-GB/products/326180808,https://digitalcontent.api.tesco.com/v2/media/marketplace/38bf1fd6-653e-4edf-a740-3a66ef30131e/8868f8d99ff641779fe7aa636c44a211_358953248.jpeg?h=225&w=225,yes,2026-10-07
380057983,Midnight Embrace Hand Tied Bouquet,49.99,49.99,each,Marketplace > Seasonal Events & Celebrations > Fresh Flowers > Fresh Flowers,https://www.tesco.com/groceries/en-GB/products/380057983,https://digitalcontent.api.tesco.com/v2/media/marketplace/69c11aba-321c-44ab-87ed-471aef8a130f/d23d8a544df34b0199d11dae80953b9e_1268496102.jpeg?h=225&w=225,yes,2026-10-07
380057987,Vibrant Charm Giftbox,29.99,29.99,each,Marketplace > Seasonal Events & Celebrations > Fresh Flowers > Fresh Flowers,https://www.tesco.com/groceries/en-GB/products/380057987,https://digitalcontent.api.tesco.com/v2/media/marketplace/20f29ca5-d7ef-4595-9dbd-f9f972d79df9/b433ce82d0ff41f5b7de539d0548ff0f_1697555724.jpeg?h=225&w=225,yes,2026-10-07
380057993,Golden Radiance Hand Tied Bouquet,59.99,59.99,each,Marketplace > Seasonal Events & Celebrations > Fresh Flowers > Fresh Flowers,https://www.tesco.com/groceries/en-GB/products/380057993,https://digitalcontent.api.tesco.com/v2/media/marketplace/cb2ce72e-201c-4e87-aaa0-f4322db55ab1/70fb67f96beb4263a894cb20d831f428_781923093.jpeg?h=225&w=225,yes,2026-10-07
380058000,Amber Bloom Handtie Bouquet,39.99,39.99,each,Marketplace > Seasonal Events & Celebrations > Fresh Flowers > Fresh Flowers,https://www.tesco.com/groceries/en-GB/products/380058000,https://digitalcontent.api.tesco.com/v2/media/marketplace/be0432bd-6c51-4ded-a6a7-88a5d1b5bddb/25508c7ffb5343fb96969d2252aadfa5_249537393.jpeg?h=225&w=225,yes,2026-10-07
380058003,Amethyst Royale Hand Tied Bouquet,49.99,49.99,each,Marketplace > Seasonal Events & Celebrations > Fresh Flowers > Fresh Flowers,https://www.tesco.com/groceries/en-GB/products/380058003,https://digitalcontent.api.tesco.com/v2/media/marketplace/237f3ec3-87ef-4f18-832a-16cf77cd10a5/4363e920a476460f97d62448e3fa87eb_834263703.jpeg?h=225&w=225,yes,2026-10-07
380058004,Hawaiian Sunset Handtie Bouquet,36.99,36.99,each,Marketplace > Seasonal Events & Celebrations > Fresh Flowers > Fresh Flowers,https://www.tesco.com/groceries/en-GB/products/380058004,https://digitalcontent.api.tesco.com/v2/media/marketplace/2b8d5979-01ef-497b-98a4-e45c0f1e386d/3ecf1f469eb14088bc5ed3266834b588_1109201870.jpeg?h=225&w=225,yes,2026-10-07
380058007,Pink Simplicity Hand Tied Bouquet,34.99,34.99,each,Marketplace > Seasonal Events & Celebrations > Fresh Flowers > Fresh Flowers,https://www.tesco.com/groceries/en-GB/products/380058007,https://digitalcontent.api.tesco.com/v2/media/marketplace/17689b82-043b-418b-9ff9-d313dd2c0af8/d02391157d8f415d85ab589d27aaf2ca_468383506.jpeg?h=225&w=225,yes,2026-10-07
380058008,Vanilla Skies Giftbox,29.99,29.99,each,Marketplace > Seasonal Events & Celebrations > Fresh Flowers > Fresh Flowers,https://www.tesco.com/groceries/en-GB/products/380058008,https://digitalcontent.api.tesco.com/v2/media/marketplace/f134da87-5308-43c2-89b2-46cfd12457ee/ef04c886c5264969b993c723e85d2dbc_1557126840.jpeg?h=225&w=225,yes,2026-10-07
380065085,Lavendar Blush,19.95,19.95,each,Marketplace > Seasonal Events & Celebrations > Fresh Flowers > Fresh Flowers,https://www.tesco.com/groceries/en-GB/products/380065085,https://digitalcontent.api.tesco.com/v2/media/marketplace/ba2f605a-a913-43c8-a927-6cf550dc248c/3eeb10c959e749c69e7f5fe9a8fda50f_1712184755.jpeg?h=225&w=225,yes,2026-10-07
380065094,The Bestest,49.99,49.99,each,Marketplace > Seasonal Events & Celebrations > Fresh Flowers > Fresh Flowers,https://www.tesco.com/groceries/en-GB/products/380065094,https://digitalcontent.api.tesco.com/v2/media/marketplace/e1bbb62c-d1cc-4043-a4af-4b0b9cc698e3/0cb1ffc463004d7c845fd49183eecb1a_1660446139.jpeg?h=225&w=225,yes,2026-10-07
380065117,Sunshine Blush,19.95,19.95,each,Marketplace > Seasonal Events & Celebrations > Fresh Flowers > Fresh Flowers,https://www.tesco.com/groceries/en-GB/products/380065117,https://digitalcontent.api.tesco.com/v2/media/marketplace/cd4fe56a-2b9d-4d61-9877-7c4b072d43de/ee3e23d89bb041b0b0e86b355d199d13_1207155819.jpeg?h=225&w=225,yes,2026-10-07
380065123,Sweetheart,52.50,52.5,each,Marketplace > Seasonal Events & Celebrations > Fresh Flowers > Fresh Flowers,https://www.tesco.com/groceries/en-GB/products/380065123,https://digitalcontent.api.tesco.com/v2/media/marketplace/76907aff-1517-4a7f-a16e-90a0e75e08ec/4c9765066bad447fa925a7c7a212c14f_608094530.jpeg?h=225&w=225,yes,2026-10-07
380065233,Soft Romance,19.95,19.95,each,Marketplace > Seasonal Events & Celebrations > Fresh Flowers > Fresh Flowers,https://www.tesco.com/groceries/en-GB/products/380065233,https://digitalcontent.api.tesco.com/v2/media/marketplace/1e1640e8-411b-4db9-b36c-97370a6ed8bc/6c7a16b822bf45e98abb15be490126da_142921604.jpeg?h=225&w=225,yes,2026-10-07
380065240,Azure Allure,39.99,39.99,each,Marketplace > Seasonal Events & Celebrations > Fresh Flowers > Fresh Flowers,https://www.tesco.com/groceries/en-GB/products/380065240,https://digitalcontent.api.tesco.com/v2/media/marketplace/47bda50c-d543-49d9-a6ff-07239f5a513a/072a19cf7a0a41e39f8b80d0c85bf678_1906897240.jpeg?h=225&w=225,yes,2026-10-07
380065241,Red Infinity Rose Long Stem,29.50,29.5,each,Marketplace > Seasonal Events & Celebrations > Fresh Flowers > Fresh Flowers,https://www.tesco.com/groceries/en-GB/products/380065241,https://digitalcontent.api.tesco.com/v2/media/marketplace/e5bc4d2a-80a6-45b0-8b86-11817f2adecf/dac4fb0473204fd291439752e860d00a_634022310.jpeg?h=225&w=225,yes,2026-10-07
380065242,Sweet Pea,49.99,49.99,each,Marketplace > Seasonal Events & Celebrations > Fresh Flowers > Fresh Flowers,https://www.tesco.com/groceries/en-GB/products/380065242,https://digitalcontent.api.tesco.com/v2/media/marketplace/03f1d38f-6977-4d62-8edf-6c0b0bc12bc9/f63b79e128fe4911935a66bb5746e67e_139554623.jpeg?h=225&w=225,yes,2026-10-07
380065605,Red Infinity Rose Short Stem,19.50,19.5,each,Marketplace > Seasonal Events & Celebrations > Fresh Flowers > Fresh Flowers,https://www.tesco.com/groceries/en-GB/products/380065605,https://digitalcontent.api.tesco.com/v2/media/marketplace/cdc43100-c535-4420-ab10-5ab4578fb6a4/0c64d04dda674961ac0e9dfbbdc82dc4_485413063.jpeg?h=225&w=225,yes,2026-10-07
380065606,My Guiding Light,27.50,27.5,each,Marketplace > Seasonal Events & Celebrations > Fresh Flowers > Fresh Flowers,https://www.tesco.com/groceries/en-GB/products/380065606,https://digitalcontent.api.tesco.com/v2/media/marketplace/b53169f3-2351-47a0-819c-2aa56a320c39/c475b37b5b614af29bafe6cc20e123e2_1831485472.jpeg?h=225&w=225,yes,2026-10-07
380065892,Peach Blush,19.95,19.95,each,Marketplace > Seasonal Events & Celebrations > Fresh Flowers > Fresh Flowers,https://www.tesco.com/groceries/en-GB/products/380065892,https://digitalcontent.api.tesco.com/v2/media/marketplace/6810124b-c605-4f5c-ba34-1c80b073e213/7ab3e205794b43a7b47e22ef63684627_213628975.jpeg?h=225&w=225,yes,2026-10-07
380096312,Phalaenopsis Honey Peach Moth Orchid 12cm Pot 65cm Tall Indoor Orchids,31.99,31.99,each,Marketplace > Garden & DIY > Garden Plants & Planters > Indoor Plants,https://www.tesco.com/groceries/en-GB/products/380096312,https://digitalcontent.api.tesco.com/v2/media/marketplace/d85b22e6-8de3-4dd2-97c3-5f4ac9768cc3/6404763f235846d7bdb518e65fca2699_2072476686.jpeg?h=225&w=225,yes,2026-10-07
380385690,Best of Luck Bouquet Deluxe,69.99,69.99,each,Marketplace > Seasonal Events & Celebrations > Fresh Flowers > Fresh Flowers,https://www.tesco.com/groceries/en-GB/products/380385690,https://digitalcontent.api.tesco.com/v2/media/marketplace/2a2cdd12-f046-4454-b148-014e7464a809/136a1e268e4341f4b0682d54244def6b_2051579909.jpeg?h=225&w=225,yes,2026-10-07
326237347,Timeless Rose Bouquet,35.00,35,each,Fresh Food > Fresh Vegetables & Fresh Flowers > Fresh Flowers > Fresh Flowers,https://www.tesco.com/groceries/en-GB/products/326237347,https://digitalcontent.api.tesco.com/v2/media/marketplace/9c76efcf-a07d-460a-8c3a-39d1e4378b85/0XI2h0n8Q1nl_VlacgUZ7D3BU_362934718.jpeg?h=225&w=225,yes,2026-10-07
326237363,Treasured Rose Mix,39.00,39,each,Fresh Food > Fresh Vegetables & Fresh Flowers > Fresh Flowers > Fresh Flowers,https://www.tesco.com/groceries/en-GB/products/326237363,https://digitalcontent.api.tesco.com/v2/media/marketplace/64c8d24c-28a1-4a5b-a534-1ec812419529/-OgQdDGUC85TBkhf6_VAX9IaA_1738484647.jpeg?h=225&w=225,yes,2026-10-07
326172443,White Roses with Eucalyptus Bouquet,29.99,29.99,each,Fresh Food > Fresh Vegetables & Fresh Flowers > Fresh Flowers > Fresh Flowers,https://www.tesco.com/groceries/en-GB/products/326172443,https://digitalcontent.api.tesco.com/v2/media/marketplace/48fe1665-30a5-438f-a1d5-1a8a85e848c3/6b082c141c9a41f08c761f9c7fb03c8d_1944131950.jpeg?h=225&w=225,yes,2026-10-07
326172446,Red Roses with Eucalyptus Bouquet,29.99,29.99,each,Fresh Food > Fresh Vegetables & Fresh Flowers > Fresh Flowers > Fresh Flowers,https://www.tesco.com/groceries/en-GB/products/326172446,https://digitalcontent.api.tesco.com/v2/media/marketplace/d8d3ed6f-a032-43c5-a136-f573ecadb32b/e17a4ec26bdb4701bad4980d23f7e6d8_1048594486.jpeg?h=225&w=225,yes,2026-10-07
326172450,Orange Roses with Eucalyptus Bouquet,29.99,29.99,each,Fresh Food > Fresh Vegetables & Fresh Flowers > Fresh Flowers > Fresh Flowers,https://www.tesco.com/groceries/en-GB/products/326172450,https://digitalcontent.api.tesco.com/v2/media/marketplace/90a97fb3-e860-417b-8a17-2203608f86ae/80e6922b2f27453ebf9a656f716d6d2d_1148231298.jpeg?h=225&w=225,yes,2026-10-07
326172452,Sugar Rush Bouquet,35.00,35,each,Fresh Food > Fresh Vegetables & Fresh Flowers > Fresh Flowers > Fresh Flowers,https://www.tesco.com/groceries/en-GB/products/326172452,https://digitalcontent.api.tesco.com/v2/media/marketplace/19ad98db-c3df-4082-b003-7a304a4b117f/c580bb95ee974d0381fb8ed7194c97c4_1071498592.jpeg?h=225&w=225,yes,2026-10-07
326172453,Pink Roses with Eucalyptus Bouquet,29.99,29.99,each,Fresh Food > Fresh Vegetables & Fresh Flowers > Fresh Flowers > Fresh Flowers,https://www.tesco.com/groceries/en-GB/products/326172453,https://digitalcontent.api.tesco.com/v2/media/marketplace/8aa07ed5-4143-487a-bef5-495b7ff199db/24941a00b36b477b9876bafec51c7cc3_1543746952.jpeg?h=225&w=225,yes,2026-10-07
380057985,The flower of love Black Handtie Bouquet,64.99,64.99,each,Marketplace > Seasonal Events & Celebrations > Fresh Flowers > Fresh Flowers,https://www.tesco.com/groceries/en-GB/products/380057985,https://digitalcontent.api.tesco.com/v2/media/marketplace/6b00dbbf-9cb4-400d-84d6-a41592e7c399/74176442067e4c0e8e7332f47ba8a680_531753112.jpeg?h=225&w=225,yes,2026-10-07
380065096,White Infinity Rose Long Stem,20.00,20,each,Marketplace > Seasonal Events & Celebrations > Fresh Flowers > Fresh Flowers,https://www.tesco.com/groceries/en-GB/products/380065096,https://digitalcontent.api.tesco.com/v2/media/marketplace/6116af9a-bed9-4c6d-89e4-f8986245b338/3583c378d9cc4e7ba70f0abebd173457_120326252.jpeg?h=225&w=225,yes,2026-10-07
380065610,Red Infinity Rose Long Stem in Luxury Case,39.99,39.99,each,Marketplace > Seasonal Events & Celebrations > Fresh Flowers > Fresh Flowers,https://www.tesco.com/groceries/en-GB/products/380065610,https://digitalcontent.api.tesco.com/v2/media/marketplace/fee5318e-84f9-422b-bcce-f944c6922278/0684f7923e4f46fcaffc67cb980e11ef_57726239.jpeg?h=225&w=225,yes,2026-10-07
263262799,Finest Rose & Lily Bouquet,15.00,15,each,Fresh Food > Fresh Vegetables & Fresh Flowers > Fresh Flowers > Fresh Flowers,https://www.tesco.com/groceries/en-GB/products/263262799,https://digitalcontent.api.tesco.com/v2/media/ghs/4a4ce218-8bf2-49fe-90ee-1d1c89f295e3/5a8466ed-c62b-43fe-ab5f-31eb940393fa_1911249026.jpeg?h=225&w=225,yes,2026-10-07
280032637,Secret Garden,10.00,10,each,Fresh Food > Fresh Vegetables & Fresh Flowers > Fresh Flowers > Fresh Flowers,https://www.tesco.com/groceries/en-GB/products/280032637,https://digitalcontent.api.tesco.com/v2/media/ghs/027778d2-6256-4374-ad16-3b3f2052b7ea/1a3e6236-c9c0-41df-a399-8147f433e691_1081583452.jpeg?h=225&w=225,yes,2026-10-07
293377128,Tesco Rose & Lily Flowers Bouquet,8.00,8,each,Fresh Food > Fresh Vegetables & Fresh Flowers > Fresh Flowers > Fresh Flowers,https://www.tesco.com/groceries/en-GB/products/293377128,https://digitalcontent.api.tesco.com/v2/media/ghs/0b37280d-ea9f-44ce-8071-00aadd9420ac/1d615e20-2dda-4ede-b745-65c86759bfa1_3301364130.jpeg?h=225&w=225,yes,2026-10-07
326180798,White Lilies in Glass Vase Bouquet,39.99,39.99,each,Fresh Food > Fresh Vegetables & Fresh Flowers > Fresh Flowers > Fresh Flowers,https://www.tesco.com/groceries/en-GB/products/326180798,https://digitalcontent.api.tesco.com/v2/media/marketplace/2af06357-8b4e-4e2e-b948-8b6ce46e3d72/79c71c9e3f60424a9f194b2f4b41e7b1_491487879.jpeg?h=225&w=225,yes,2026-10-07
251592242,Tesco Oriental Lilies,6.50,6.5,each,Fresh Food > Fresh Vegetables & Fresh Flowers > Fresh Flowers > Fresh Flowers,https://www.tesco.com/groceries/en-GB/products/251592242,https://digitalcontent.api.tesco.com/v2/media/ghs/03e9b699-fcb0-41af-947f-05220566248a/6b0374f3-aab5-4615-9e56-e2e098ad65b7_1979784885.jpeg?h=225&w=225,yes,2026-10-07
317300425,Merchant Gourmet Dried Mixed Mushrooms 30g,3.00,100,per kg,Fresh Food > Fresh Vegetables & Fresh Flowers > Mushrooms > Dried Mushrooms,https://www.tesco.com/groceries/en-GB/products/317300425,https://digitalcontent.api.tesco.com/v2/media/ghs/640eb28f-2f12-4b63-8669-d1d87e2c36b0/d5087a48-579c-4794-8775-d0fa6d7c838b_307453390.jpeg?h=225&w=225,yes,2026-10-07
316194038,itsu vegetable festival 8 gyoza dumplings 150g,4.00,26.67,per kg,"Fresh Food > Fresh Vegetables & Fresh Flowers > Stir Fry Vegetables, Sauce & Noodles > Stir Fry Protein",https://www.tesco.com/groceries/en-GB/products/316194038,https://digitalcontent.api.tesco.com/v2/media/ghs/6f905365-ed02-4c08-b946-5dc1b16eb344/a68c8cfa-086e-42c7-8531-26c832de3038.jpeg?h=225&w=225,yes,2026-10-07
325795500,Carnation Creation,30.00,30,each,Fresh Food > Fresh Vegetables & Fresh Flowers > Fresh Flowers > Fresh Flowers,https://www.tesco.com/groceries/en-GB/products/325795500,https://digitalcontent.api.tesco.com/v2/media/marketplace/9519175f-8688-4ead-8a2c-c144bbbe47b0/Fd4Nz9yS8pE77wjlSOHhKj354_2017712927.jpeg?h=225&w=225,yes,2026-10-07
326237356,She's The One,55.00,55,each,Fresh Food > Fresh Vegetables & Fresh Flowers > Fresh Flowers > Fresh Flowers,https://www.tesco.com/groceries/en-GB/products/326237356,https://digitalcontent.api.tesco.com/v2/media/marketplace/8f83e534-c20f-46ec-8879-8df27ba1f7f5/5f4zxv900Kz4-JgiMnRei9mEw_1180570042.jpeg?h=225&w=225,yes,2026-10-07
326180799,She's The One Bouquet Deluxe,77.00,77,each,Fresh Food > Fresh Vegetables & Fresh Flowers > Fresh Flowers > Fresh Flowers,https://www.tesco.com/groceries/en-GB/products/326180799,https://digitalcontent.api.tesco.com/v2/media/marketplace/11575169-2810-4853-9be5-1f42fc06b793/e23f468296544c0c8c6275097c38516c_778963859.jpeg?h=225&w=225,yes,2026-10-07
326180806,Carnation Creation Bouquet Deluxe,42.00,42,each,Fresh Food > Fresh Vegetables & Fresh Flowers > Fresh Flowers > Fresh Flowers,https://www.tesco.com/groceries/en-GB/products/326180806,https://digitalcontent.api.tesco.com/v2/media/marketplace/798cedd7-2d7a-42d8-9675-494a1d826388/7569a2044d6146849add3ad3e935d76a_2100498321.jpeg?h=225&w=225,yes,2026-10-07
326180809,Carnation Kiss Bouquet,29.99,29.99,each,Fresh Food > Fresh Vegetables & Fresh Flowers > Fresh Flowers > Fresh Flowers,https://www.tesco.com/groceries/en-GB/products/326180809,https://digitalcontent.api.tesco.com/v2/media/marketplace/7057d4ed-3018-4fbb-9d98-8b17eb1ca7ad/69adf1256a4b4ad380ce2b811f662178_1778019954.jpeg?h=225&w=225,yes,2026-10-07
326197489,Organic Japanese Shiitake Mushrooms 40g (Clearspring) | Multi,12.15,303.75,per kg,Marketplace > Groceries > World Foods > Authentic East & South East Asian,https://www.tesco.com/groceries/en-GB/products/326197489,https://digitalcontent.api.tesco.com/v2/media/marketplace/aaff7ed6-3a58-4653-92ad-24028c22a3a8/fa18a4b5a9634147af840b35c1fd2cd1_579688324.jpeg?h=225&w=225,yes,2026-10-07
326197547,Porcini Mushrooms 30g (Tropical Wholefoods) | Multi,9.40,313.33,per kg,Marketplace > Groceries > Cooking Ingredients > Herbs & Spices,https://www.tesco.com/groceries/en-GB/products/326197547,https://digitalcontent.api.tesco.com/v2/media/marketplace/1006d2c2-3b33-45e8-852d-17124244c31b/aab1acf600b24daf9fdada02b7504d3b_2102925963.jpeg?h=225&w=225,yes,2026-10-07
326820311,Epicure Sliced Shiitake Mushrooms (30g),2.75,2.75,each,Marketplace > Groceries > Food Cupboard > Tinned Food,https://www.tesco.com/groceries/en-GB/products/326820311,https://digitalcontent.api.tesco.com/v2/media/marketplace/914d3bb2-f3cf-41eb-aa35-8789acc60527/7831d1d065994b1bb89a2a8afd6152ed_1895755855.jpeg?h=225&w=225,yes,2026-10-07
303817705,Chop Chilli Puree 75G,1.50,21.43,per kg,"Fresh Food > Fresh Salad, Coleslaw & Sandwich Fillers > Fresh Chillies, Herbs, Garlic & Ginger > Herb Puree",https://www.tesco.com/groceries/en-GB/products/303817705,https://digitalcontent.api.tesco.com/v2/media/ghs/a3907216-9c02-4c64-9e8b-767a1d711327/78c5bce8-b3f6-4ab9-b298-a5ab1eee43e2_1702501287.jpeg?h=225&w=225,yes,2026-10-07
326592693,Apple Mint Herb Plant Mentha Suaveolens 9cm Pot | Green | Green | 9cm Pot | 1,13.99,13.99,each,Marketplace > Garden & DIY > Garden Plants & Planters > Garden Plants,https://www.tesco.com/groceries/en-GB/products/326592693,https://digitalcontent.api.tesco.com/v2/media/marketplace/1f3a5df2-3720-4884-a6a8-f49ef6e04113/c78af20d38e44a7b87867878fb84f765_966873742.jpeg?h=225&w=225,yes,2026-10-07
326592724,Basil Herb Plant Ocimum Basilicum Magic Mountain 9cm Pot | Green | Green | 9cm Pot | 1,13.99,13.99,each,Marketplace > Garden & DIY > Garden Plants & Planters > Garden Plants,https://www.tesco.com/groceries/en-GB/products/326592724,https://digitalcontent.api.tesco.com/v2/media/marketplace/6e4dbe40-6944-4e3f-8a37-27f2c16dbb7c/4072fe3241f74815ab25549a596e737c_1385531931.jpeg?h=225&w=225,yes,2026-10-07
326593003,Thyme Silver Posie Herb Plant Thymus 9cm Pot | Purple | Purple | 9cm Pot | 1,13.99,13.99,each,Marketplace > Garden & DIY > Garden Plants & Planters > Garden Plants,https://www.tesco.com/groceries/en-GB/products/326593003,https://digitalcontent.api.tesco.com/v2/media/marketplace/045a6c49-27ce-4b3c-9aa7-7ac026275cd5/dc1eb86aea13466c8db1b8feed16a0d2_1291965832.jpeg?h=225&w=225,yes,2026-10-07
326270260,Rosemary Herb Plant Rosmarinus Officinalis 9cm Pot,13.99,13.99,each,Marketplace > Garden & DIY > Garden Plants & Planters > Garden Plants,https://www.tesco.com/groceries/en-GB/products/326270260,https://digitalcontent.api.tesco.com/v2/media/marketplace/834d903a-3180-4363-b290-07a0e1f75c88/bfb9ab1b6ed54458a5e09a58737cc7d2_2022272073.jpeg?h=225&w=225,yes,2026-10-07
326394869,Herb Thyme Common 1 Litre Potted Plant x 1,13.99,13.99,each,Marketplace > Garden & DIY > Garden Plants & Planters > Garden Plants,https://www.tesco.com/groceries/en-GB/products/326394869,https://digitalcontent.api.tesco.com/v2/media/marketplace/e62c1a33-1e08-4a15-85c1-22342b420227/6c547c01e91a4070a1c01545ff450616_374857076.jpeg?h=225&w=225,yes,2026-10-07
326648618,Rosemary Speedy 3,18.99,18.99,each,Marketplace > Garden & DIY > Garden Plants & Planters > Garden Plants,https://www.tesco.com/groceries/en-GB/products/326648618,https://digitalcontent.api.tesco.com/v2/media/marketplace/7663ec01-3514-4363-8498-de57c52be42b/a552f92052c24cd6aace1e8467f8581a_1770130963.jpeg?h=225&w=225,yes,2026-10-07
326648631,Moroccan Mint Pack of 3,18.99,18.99,each,Marketplace > Garden & DIY > Garden Plants & Planters > Garden Plants,https://www.tesco.com/groceries/en-GB/products/326648631,https://digitalcontent.api.tesco.com/v2/media/marketplace/b1b23d1e-73e3-49a3-9e66-c637ad138453/d0e465ff2a6849cc9c0ab26912ec99c7_1385387473.jpeg?h=225&w=225,yes,2026-10-07
326699476,"Carbeth Plants 3 x Large Herb Mix in 14cm Pots - Rosemary, Laurel Bay & Thyme for Culinary Use",29.99,29.99,each,Marketplace > Garden & DIY > Garden Plants & Planters > Garden Plants,https://www.tesco.com/groceries/en-GB/products/326699476,https://digitalcontent.api.tesco.com/v2/media/marketplace/9170db44-6674-4d31-8831-6c8ed68cda56/bc9d84746acc45c486fe2df55f081c46_1573348200.jpeg?h=225&w=225,yes,2026-10-07
380270052,Carbeth Plants 3 x Barbeque Rosemary Herb Plants in 9cm Pots - Fresh BBQ Rosemary Plants,17.99,17.99,each,Marketplace > Garden & DIY > Garden Plants & Planters > Garden Plants,https://www.tesco.com/groceries/en-GB/products/380270052,https://digitalcontent.api.tesco.com/v2/media/marketplace/99ed073e-f20e-4bc0-9e64-d0f976356747/b500ee08e45142b88c280603751c0001_1856463349.jpeg?h=225&w=225,yes,2026-10-07
380270341,Carbeth Plants Rosemary Bush 14cm Pot - Ready to Plant in The Garden and Used for Culinary Purposes,11.99,11.99,each,Marketplace > Garden & DIY > Garden Plants & Planters > Garden Plants,https://www.tesco.com/groceries/en-GB/products/380270341,https://digitalcontent.api.tesco.com/v2/media/marketplace/148a47a3-de51-4091-98ab-588a8cb746dc/0e157a5d64fd46c4b14d99f122c9f05e_1069638910.jpeg?h=225&w=225,yes,2026-10-07
321126856,Tesco Finest Purple Sprouting Broccoli with Soy Glaze 210g,2.60,12.38,per kg,Fresh Food > Fresh Vegetables & Fresh Flowers > Prepared Vegetables > Prepared Single Vegetables,https://www.tesco.com/groceries/en-GB/products/321126856,https://digitalcontent.api.tesco.com/v2/media/ghs/85d17339-9a4f-4fcc-8df6-b9b60b49a165/eb73a1dd-66d3-44c8-b220-b7047899bece.jpeg?h=225&w=225,yes,2026-10-07
326190315,Arame Seaweed 100g (Sussex Wholefoods) | Multi,17.16,171.6,per kg,Marketplace > Groceries > World Foods > Authentic East & South East Asian,https://www.tesco.com/groceries/en-GB/products/326190315,https://digitalcontent.api.tesco.com/v2/media/marketplace/7b2df7e9-979a-4234-9883-e1a62ca8000e/6859e1763a8b43228b0ddfa25923071b_1648430771.jpeg?h=225&w=225,yes,2026-10-07
326190336,Organic Sea Salad 100g (Sussex Wholefoods) | Multi,15.40,154,per kg,Marketplace > Groceries > Cooking Ingredients > Seasoning,https://www.tesco.com/groceries/en-GB/products/326190336,https://digitalcontent.api.tesco.com/v2/media/marketplace/72e10620-39ac-45a8-bb12-57a82342aa54/bd200bff6201418984d21a8201685292_26460214.jpeg?h=225&w=225,yes,2026-10-07
322163176,Tesco Finest Purple Tenderstem & Extra Fine Beans 190g,1.95,10.26,per kg,"Fresh Food > Fresh Vegetables & Fresh Flowers > Peas, Beans, Sweetcorn & Asparagus > Beans",https://www.tesco.com/groceries/en-GB/products/322163176,https://digitalcontent.api.tesco.com/v2/media/ghs/8ac3b260-45b1-46f8-8941-974ea90d9dc2/f71b521b-8b84-4a71-8689-61f9a4dcc2ea.jpeg?h=225&w=225,yes,2026-10-07
322154924,Tesco Finest Purple Mangetout 180g,2.00,11.11,per kg,"Fresh Food > Fresh Vegetables & Fresh Flowers > Peas, Beans, Sweetcorn & Asparagus > Peas",https://www.tesco.com/groceries/en-GB/products/322154924,https://digitalcontent.api.tesco.com/v2/media/ghs/a4904dcb-876c-4d92-8299-24196acf1918/89e8ae5f-4882-424f-8635-d2b66b5c7756_204460927.jpeg?h=225&w=225,yes,2026-10-07
380501203,Cherry Tomatoes Triple pack,12.98,12.98,each,Marketplace > Groceries > Fresh Fruit & Vegetables > Fresh Vegetables,https://www.tesco.com/groceries/en-GB/products/380501203,https://digitalcontent.api.tesco.com/v2/media/marketplace/14972958-74b1-4e43-b14d-f2b9f3bc5060/bd9550ae856a41bf8121b9cdf394a496_4147823172.jpeg?h=225&w=225,yes,2026-10-07
323920068,TESCO Finest One Clove Garlic ,1.80,1.8,each,"Fresh Food > Fresh Vegetables & Fresh Flowers > Fresh Chillies, Herbs, Garlic & Ginger > Garlic Cloves",https://www.tesco.com/groceries/en-GB/products/323920068,https://digitalcontent.api.tesco.com/v2/media/ghs/3316d292-e4cf-4c62-816e-985a9408c5fd/f033b6d4-1522-455c-ab32-8a5cfead0828.jpeg?h=225&w=225,yes,2026-10-07
326294660,Suma Organic - Fresh Edamame Soybeans - Org - 12 x 200g - 12 pack,26.64,11.1,per kg,Marketplace > Groceries > World Foods > Authentic East & South East Asian,https://www.tesco.com/groceries/en-GB/products/326294660,https://digitalcontent.api.tesco.com/v2/media/marketplace/b48d0548-1744-4a36-b790-fee26ec52cf6/4bda70f5c98d439cb10b5cd78a5ce594_1432374168.jpeg?h=225&w=225,yes,2026-10-07
263534622,Tesco Organic Asparagus Bundle Each,2.55,12.75,per kg,"Fresh Food > Fresh Vegetables & Fresh Flowers > Peas, Beans, Sweetcorn & Asparagus > Asparagus",https://www.tesco.com/groceries/en-GB/products/263534622,https://digitalcontent.api.tesco.com/v2/media/ghs/8a472d22-6a34-4993-81d7-fd0863c7e60c/7b2ead0e-8c23-4403-a613-da54b6eadc1e_705705534.jpeg?h=225&w=225,yes,2026-10-07
326396137,Squash 'Long Pie' - Seeds - 6 Seeds Per Packet Ideal for Baking & Pies by Thompson and Morgan,4.99,4.99,each,Marketplace > Garden & DIY > Garden Plants & Planters > Garden Plants,https://www.tesco.com/groceries/en-GB/products/326396137,https://digitalcontent.api.tesco.com/v2/media/marketplace/88aff17d-bf31-49ae-8ab0-2aab14bc5cb0/036eba4d55734b3f9a8a9de821290edf_58472486.jpeg?h=225&w=225,yes,2026-10-07
320816197,Tesco Finest Crushed Baby Potato Salad with Caesar Dressing 450g,3.00,6.67,per kg,"Fresh Food > Fresh Salad, Coleslaw & Sandwich Fillers > Salad Dressings & Croutons > Salad Dressings",https://www.tesco.com/groceries/en-GB/products/320816197,https://digitalcontent.api.tesco.com/v2/media/ghs/a7671072-67bd-4123-8473-e98bceda92b3/be38e9b6-b949-4988-b699-5ca1c7772b63.jpeg?h=225&w=225,yes,2026-10-07
330774818,72. Tesco Finest Prepared Vegetable Selection 1.4kg (Serves 4),10.00,7.14,per kg,Fresh Food > Festive Food to Order > Festive Food to Order Sides & Vegetables > Festive Food to Order Sides & Vegetables,https://www.tesco.com/groceries/en-GB/products/330774818,https://digitalcontent.api.tesco.com/v2/media/ghs/1ecbaad1-88f9-439c-b6e7-6a661f529409/65c01c15-eef6-444a-a29a-880d76c808e4.jpeg?h=225&w=225,no,2026-10-07
294203149,75. Tesco Ready to Cook Fresh Vegetable Selection 3.2kg (Serves 4),9.50,2.97,per kg,Fresh Food > Festive Food to Order > Festive Food to Order Sides & Vegetables > Festive Food to Order Sides & Vegetables,https://www.tesco.com/groceries/en-GB/products/294203149,https://digitalcontent.api.tesco.com/v2/media/ghs/687c6fc1-9c35-4bf3-a039-fdc13e11dfb4/75bd5ee4-b2b2-4559-a0ff-3ed4f05f3f4c.jpeg?h=225&w=225,no,2026-10-07
313618269,Tesco Root Vegetable Collection,5.00,5,each,Fresh Food > Fresh Vegetables & Fresh Flowers > Carrots & Root Vegetables > Mixed Root Veg Packs,https://www.tesco.com/groceries/en-GB/products/313618269,https://digitalcontent.api.tesco.com/v2/media/ghs-mktg/b0b04216-fa73-466d-a9d7-c9fcfa1ce9b3/no-image.jpeg,yes,2026-10-07
320555643,Do Goodly Sun Dried Tomato Houmous 150g,2.25,15,per kg,"Fresh Food > Fresh Salad, Coleslaw & Sandwich Fillers > Houmous & Dips > Houmous",https://www.tesco.com/groceries/en-GB/products/320555643,https://digitalcontent.api.tesco.com/v2/media/ghs/62f58cff-5e9f-4d0c-9b33-587dd9e33890/b1a20f5a-e1ec-4ddf-9979-7d456291cab6_1438120896.jpeg?h=225&w=225,yes,2026-10-07
320969689,Do Goodly Smashed Pea Guacamole 150g,2.25,15,per kg,"Fresh Food > Fresh Salad, Coleslaw & Sandwich Fillers > Houmous & Dips > Smashed Avocado & Guacamole",https://www.tesco.com/groceries/en-GB/products/320969689,https://digitalcontent.api.tesco.com/v2/media/ghs/a55e7989-77cc-4955-8706-7f2d99cc7831/85f9e7c8-b250-4daa-954d-4f8b626770f3_195679004.jpeg?h=225&w=225,yes,2026-10-07
292593115,Tesco Mixed Leaf Salad 120G,1.20,10,per kg,"Fresh Food > Fresh Salad, Coleslaw & Sandwich Fillers > Lettuce & Salad bags > Salad Bags",https://www.tesco.com/groceries/en-GB/products/292593115,https://digitalcontent.api.tesco.com/v2/media/ghs/33a40c07-d23b-4add-847f-1a71d62e03df/1074e81e-7dbb-4982-8415-9dda739b80cc.jpeg?h=225&w=225,yes,2026-10-07
299963865,Tesco Wild Rocket 60G,1.00,16.67,per kg,"Fresh Food > Fresh Salad, Coleslaw & Sandwich Fillers > Lettuce & Salad bags > Salad Bags",https://www.tesco.com/groceries/en-GB/products/299963865,https://digitalcontent.api.tesco.com/v2/media/ghs/38d82fa3-41fd-4824-a696-0fb993915633/600c3043-ba1c-4507-af91-d2e802c2517b.jpeg?h=225&w=225,yes,2026-10-07
320968345,Tesco Houmous 200g ,1.30,6.5,per kg,"Fresh Food > Fresh Salad, Coleslaw & Sandwich Fillers > Houmous & Dips > Houmous",https://www.tesco.com/groceries/en-GB/products/320968345,https://digitalcontent.api.tesco.com/v2/media/ghs/af202247-6dad-498f-862d-71347019618a/76736ff7-383c-43a3-bfbf-8ed58d3466d1_19098222.jpeg?h=225&w=225,yes,2026-10-07
390093720,Fresh & Naked Fibre Mix 90g,1.20,13.33,per kg,"Fresh Food > Fresh Salad, Coleslaw & Sandwich Fillers > Lettuce & Salad bags > Salad Bags",https://www.tesco.com/groceries/en-GB/products/390093720,https://digitalcontent.api.tesco.com/v2/media/ghs/2835406a-9d92-4502-bd7d-3c37cdc6de7c/91d333d6-b99d-49fe-be7c-5a46f4820aaf.jpeg?h=225&w=225,yes,2026-10-07
280379906,Tesco Whole Large Cucumber,1.20,1.2,each,"Fresh Food > Fresh Salad, Coleslaw & Sandwich Fillers > Cucumber > Cucumber",https://www.tesco.com/groceries/en-GB/products/280379906,https://digitalcontent.api.tesco.com/v2/media/ghs/e0c9cdbe-64b5-4978-ba73-5b1bd496cfa6/a95ad3e2-8c01-4ea3-9ca7-74e7c6fbf51b.jpeg?h=225&w=225,yes,2026-10-07
304369719,Tesco Babyleaf Salad 90G,0.90,10,per kg,"Fresh Food > Fresh Salad, Coleslaw & Sandwich Fillers > Lettuce & Salad bags > Salad Bags",https://www.tesco.com/groceries/en-GB/products/304369719,https://digitalcontent.api.tesco.com/v2/media/ghs/2e294709-c8ad-45cf-aab0-b8954566cb08/482a6129-3fa8-46c3-8826-59b3d757c868.jpeg?h=225&w=225,yes,2026-10-07
253558972,Tesco Whole Cucumber Each,0.99,0.99,each,"Fresh Food > Fresh Salad, Coleslaw & Sandwich Fillers > Cucumber > Cucumber",https://www.tesco.com/groceries/en-GB/products/253558972,https://digitalcontent.api.tesco.com/v2/media/ghs/e71951e0-6c6e-428f-8233-a843793a6788/857575da-d0d1-4a0b-8f4b-9b615d634693.jpeg?h=225&w=225,yes,2026-10-07
312352060,Tesco Butterhead Salad 80G,1.00,12.5,per kg,"Fresh Food > Fresh Salad, Coleslaw & Sandwich Fillers > Lettuce & Salad bags > Salad Bags",https://www.tesco.com/groceries/en-GB/products/312352060,https://digitalcontent.api.tesco.com/v2/media/ghs/c353222d-01b1-4e82-9dee-d656c1108fbf/9723b14b-c0c9-4c56-8317-d84cdff5b7d4.jpeg?h=225&w=225,yes,2026-10-07
292663718,Tesco Baby Cucumbers 200G,1.10,5.5,per kg,"Fresh Food > Fresh Salad, Coleslaw & Sandwich Fillers > Cucumber > Cucumber",https://www.tesco.com/groceries/en-GB/products/292663718,https://digitalcontent.api.tesco.com/v2/media/ghs/9eec5a02-14fe-4189-85f3-164a35579ca3/622154a7-e569-4ef7-b3a0-65474f9ca2fc.jpeg?h=225&w=225,yes,2026-10-07
265299741,Tesco Perfectly Ripe Avocados Twin Pack,1.50,0.75,each,"Fresh Food > Fresh Salad, Coleslaw & Sandwich Fillers > Avocado > Ready To Eat Avocado",https://www.tesco.com/groceries/en-GB/products/265299741,https://digitalcontent.api.tesco.com/v2/media/ghs/1b668170-5c2b-4f82-b74e-bf1e3a9a3c49/9c77efdc-94d2-4ea3-81e1-3cc8f6ec61ed.jpeg?h=225&w=225,yes,2026-10-07
255903025,Tesco Ripe & Ready Avocado,0.69,0.69,each,"Fresh Food > Fresh Salad, Coleslaw & Sandwich Fillers > Avocado > Ready To Eat Avocado",https://www.tesco.com/groceries/en-GB/products/255903025,https://digitalcontent.api.tesco.com/v2/media/ghs/e0b4af27-a9e1-4590-bfb7-3ba8c18be414/2595e575-ec20-4c64-b0d0-afd8061615d8.jpeg?h=225&w=225,yes,2026-10-07
311955598,Tesco Shredded Iceberg 130G,0.50,3.85,per kg,"Fresh Food > Fresh Salad, Coleslaw & Sandwich Fillers > Lettuce & Salad bags > Salad Bags",https://www.tesco.com/groceries/en-GB/products/311955598,https://digitalcontent.api.tesco.com/v2/media/ghs/ef3430ef-760c-4b21-98df-84126c8787e4/ef105fdb-949f-4454-ab0c-c69d2a57c689.jpeg?h=225&w=225,yes,2026-10-07
253557495,Tesco Iceberg Lettuce Each,0.89,0.89,each,"Fresh Food > Fresh Salad, Coleslaw & Sandwich Fillers > Lettuce & Salad bags > Iceberg & Round Lettuce",https://www.tesco.com/groceries/en-GB/products/253557495,https://digitalcontent.api.tesco.com/v2/media/ghs/8c44281d-338f-4e29-8838-57638cbbb108/23b443fd-06c2-4e20-962c-013e6c1fe3f6.jpeg?h=225&w=225,yes,2026-10-07
265299361,Tesco Ready To Eat Large Avocados Each,0.95,0.95,each,"Fresh Food > Fresh Salad, Coleslaw & Sandwich Fillers > Avocado > Ready To Eat Avocado",https://www.tesco.com/groceries/en-GB/products/265299361,https://digitalcontent.api.tesco.com/v2/media/ghs/13881305-22f3-4e67-abd1-95894e07160f/d0a46acb-f605-429a-8089-62109326e7a5.jpeg?h=225&w=225,yes,2026-10-07
311672834,Tesco Celery,0.74,0.74,each,"Fresh Food > Fresh Salad, Coleslaw & Sandwich Fillers > Celery > Celery",https://www.tesco.com/groceries/en-GB/products/311672834,https://digitalcontent.api.tesco.com/v2/media/ghs/c11de0be-c543-47dc-99f8-e279e36cc1c7/32224563-b094-4270-bda8-0ffd1cfd7643.jpeg?h=225&w=225,yes,2026-10-07
253560041,Tesco Little Gem Lettuce Twin Pack,0.77,0.38,each,"Fresh Food > Fresh Salad, Coleslaw & Sandwich Fillers > Lettuce & Salad bags > Romaine & Gem Lettuce",https://www.tesco.com/groceries/en-GB/products/253560041,https://digitalcontent.api.tesco.com/v2/media/ghs/211a1d66-c86b-4977-a646-fc4c1cb4085e/18fdecc5-ea2b-410b-b7e7-4369f850f777.jpeg?h=225&w=225,yes,2026-10-07
320790784,Tesco Finest Coleslaw 300g,1.80,6,per kg,"Fresh Food > Fresh Salad, Coleslaw & Sandwich Fillers > Coleslaw & Potato Salad > Premium Coleslaw",https://www.tesco.com/groceries/en-GB/products/320790784,https://digitalcontent.api.tesco.com/v2/media/ghs/c85fd035-2772-446a-ae9c-d8f2f3af0d1e/8fecf1a6-4662-48a0-8567-d95c7f82bfa9.jpeg?h=225&w=225,yes,2026-10-07
320788195,Tesco Finest Coleslaw 180g,1.40,7.78,per kg,"Fresh Food > Fresh Salad, Coleslaw & Sandwich Fillers > Coleslaw & Potato Salad > Premium Coleslaw",https://www.tesco.com/groceries/en-GB/products/320788195,https://digitalcontent.api.tesco.com/v2/media/ghs/b959861d-581d-4cf1-a188-58f869b9a43e/4b08b31c-73ad-433c-8f80-a9af59d224c9.jpeg?h=225&w=225,yes,2026-10-07
320806658,Tesco Finest Coleslaw 500g,2.40,4.8,per kg,"Fresh Food > Fresh Salad, Coleslaw & Sandwich Fillers > Coleslaw & Potato Salad > Premium Coleslaw",https://www.tesco.com/groceries/en-GB/products/320806658,https://digitalcontent.api.tesco.com/v2/media/ghs/22725d37-45ae-4e7a-9144-fc7535d20826/6759baa0-d680-452f-a8e0-6ed3cc4c6525.jpeg?h=225&w=225,yes,2026-10-07
268312543,Tesco Rocket & Babyleaf Salad 90g,1.30,14.44,per kg,"Fresh Food > Fresh Salad, Coleslaw & Sandwich Fillers > Lettuce & Salad bags > Salad Bags",https://www.tesco.com/groceries/en-GB/products/268312543,https://digitalcontent.api.tesco.com/v2/media/ghs/15f5d8c5-8e77-4ffb-a50a-2ee84bc3b137/ca08e2f0-d54c-4a07-bfa3-b2e8bdfc8ec4.jpeg?h=225&w=225,yes,2026-10-07
320984325,Tesco Coleslaw 300g,1.25,4.17,per kg,"Fresh Food > Fresh Salad, Coleslaw & Sandwich Fillers > Coleslaw & Potato Salad > Coleslaw",https://www.tesco.com/groceries/en-GB/products/320984325,https://digitalcontent.api.tesco.com/v2/media/ghs/d66c6bfd-4380-4570-a74a-dcb40af0ed1c/32cde7c1-a73e-4b9a-adc1-150ccfd94985.jpeg?h=225&w=225,yes,2026-10-07
260083848,Tesco Tzatziki Dip 200G,1.30,6.5,per kg,"Fresh Food > Cooked Meats, Antipasti & Dips > Houmous & Dips > Creamy Dips & Tzatziki",https://www.tesco.com/groceries/en-GB/products/260083848,https://digitalcontent.api.tesco.com/v2/media/ghs/c92e84dc-53d4-4930-b8ca-2d0ad27a311c/ff4609e9-8514-4348-a011-50763eaaa205_445218265.jpeg?h=225&w=225,yes,2026-10-07
260249776,Tesco Sour Cream & Chive Dip 200G,1.30,6.5,per kg,"Fresh Food > Cooked Meats, Antipasti & Dips > Houmous & Dips > Creamy Dips & Tzatziki",https://www.tesco.com/groceries/en-GB/products/260249776,https://digitalcontent.api.tesco.com/v2/media/ghs/e111d321-3f52-4041-ac7c-8f881f38a70b/785c9d70-a80d-4f98-992f-0e4a9e7b53ad_1814454819.jpeg?h=225&w=225,yes,2026-10-07
267315115,Fresh & Naked Just Wild Rocket 60G,1.20,20,per kg,"Fresh Food > Fresh Salad, Coleslaw & Sandwich Fillers > Lettuce & Salad bags > Salad Bags",https://www.tesco.com/groceries/en-GB/products/267315115,https://digitalcontent.api.tesco.com/v2/media/ghs/9984a7d0-9bbd-4fe7-ab0f-96bdf551160b/f3cfe7db-6b11-44d4-995c-d240ce86bdce.jpeg?h=225&w=225,yes,2026-10-07
330750912,Tesco Rocket & Tomato Salad Bowl 150g,1.25,8.33,per kg,"Fresh Food > Fresh Salad, Coleslaw & Sandwich Fillers > Lettuce & Salad bags > Salad Bowls",https://www.tesco.com/groceries/en-GB/products/330750912,https://digitalcontent.api.tesco.com/v2/media/ghs/a4a56d99-40df-4293-9660-445dcbb03a9d/7561dd5b-a7db-493b-88e7-894b5ae8d095.jpeg?h=225&w=225,yes,2026-10-07
251582605,Tesco Organic Whole Cucumber,1.30,1.3,each,"Fresh Food > Fresh Salad, Coleslaw & Sandwich Fillers > Organic Salad > Organic Cucumber",https://www.tesco.com/groceries/en-GB/products/251582605,https://digitalcontent.api.tesco.com/v2/media/ghs/3d8a054e-04f3-4b87-bc18-15b723ec95d7/e264a07d-2756-46ed-bcd0-1125ece63d95.jpeg?h=225&w=225,yes,2026-10-07
320673572,Tesco Red Pepper Houmous 182g ,1.30,7.14,per kg,"Fresh Food > Fresh Salad, Coleslaw & Sandwich Fillers > Houmous & Dips > Flavoured Houmous",https://www.tesco.com/groceries/en-GB/products/320673572,https://digitalcontent.api.tesco.com/v2/media/ghs/0b689e21-7946-4c0f-8d4f-efa25f7266aa/a4a38c67-48f6-4eee-bb96-ed1667b21405_1991538581.jpeg?h=225&w=225,yes,2026-10-07
330750916,Tesco Sweet & Crunchy Salad Bowl 165g,1.15,6.97,per kg,"Fresh Food > Fresh Salad, Coleslaw & Sandwich Fillers > Lettuce & Salad bags > Salad Bowls",https://www.tesco.com/groceries/en-GB/products/330750916,https://digitalcontent.api.tesco.com/v2/media/ghs/ff6236f2-335f-4629-aab6-e299e7f8fa16/224ba772-9839-4226-b723-b306e80c7c0d.jpeg?h=225&w=225,yes,2026-10-07
330750904,Tesco House Salad with Tomato & Cucumber 125g,1.25,10,per kg,"Fresh Food > Fresh Salad, Coleslaw & Sandwich Fillers > Lettuce & Salad bags > Salad Bowls",https://www.tesco.com/groceries/en-GB/products/330750904,https://digitalcontent.api.tesco.com/v2/media/ghs/533651bd-03e4-46a1-9e05-e1c0f7f693b4/366d1cda-2cd7-484a-8369-c1eee3d311f4.jpeg?h=225&w=225,yes,2026-10-07
304412981,Tesco Sweet & Crunchy Salad 250G,0.78,3.12,per kg,"Fresh Food > Fresh Salad, Coleslaw & Sandwich Fillers > Lettuce & Salad bags > Salad Bags",https://www.tesco.com/groceries/en-GB/products/304412981,https://digitalcontent.api.tesco.com/v2/media/ghs/db4aaeb1-93ba-4746-8e86-febe6c40f0da/96adfde0-7fb9-4a88-92e1-55bfae3d05d9.jpeg?h=225&w=225,yes,2026-10-07
312704710,Tesco Iceberg Lettuce 200G,0.64,3.2,per kg,"Fresh Food > Fresh Salad, Coleslaw & Sandwich Fillers > Lettuce & Salad bags > Salad Bags",https://www.tesco.com/groceries/en-GB/products/312704710,https://digitalcontent.api.tesco.com/v2/media/ghs/1f936a21-2c09-4447-a800-3edb1b26115a/1c69c132-5bce-4402-9824-18d796740a92.jpeg?h=225&w=225,yes,2026-10-07
261049366,Tesco Radish Pack 240G,0.56,2.33,per kg,"Fresh Food > Fresh Salad, Coleslaw & Sandwich Fillers > Spring Onions, Radish & Beetroot > Radish",https://www.tesco.com/groceries/en-GB/products/261049366,https://digitalcontent.api.tesco.com/v2/media/ghs/77881c86-2b4c-47f6-a8d1-e15487f373aa/7a28f940-dfd9-42ab-8c1c-131084c3f95e.jpeg?h=225&w=225,yes,2026-10-07
254797214,Tesco Romaine Hearts Twin Pack,1.20,0.6,each,"Fresh Food > Fresh Salad, Coleslaw & Sandwich Fillers > Lettuce & Salad bags > Romaine & Gem Lettuce",https://www.tesco.com/groceries/en-GB/products/254797214,https://digitalcontent.api.tesco.com/v2/media/ghs/11ad831f-a3c1-4ec6-a8d9-08ccc9cabe40/51f3bd7c-0093-4314-90e5-810666c96cc3.jpeg?h=225&w=225,yes,2026-10-07
305943990,Tesco Celery Sticks 250G,0.90,3.6,per kg,"Fresh Food > Fresh Salad, Coleslaw & Sandwich Fillers > Celery > Celery",https://www.tesco.com/groceries/en-GB/products/305943990,https://digitalcontent.api.tesco.com/v2/media/ghs/12e0ccd9-c3e2-4163-a175-76556ad9af09/043edc0f-0fc9-43f3-806e-111c809ca58f.jpeg?h=225&w=225,yes,2026-10-07
264534350,Tesco Sweet Gem Lettuce,1.10,0.55,each,"Fresh Food > Fresh Salad, Coleslaw & Sandwich Fillers > Lettuce & Salad bags > Romaine & Gem Lettuce",https://www.tesco.com/groceries/en-GB/products/264534350,https://digitalcontent.api.tesco.com/v2/media/ghs/3007dfa5-068f-410d-8f46-484cb86d8315/e5202b50-1d4e-4907-bb1d-af7b5688c1c5.jpeg?h=225&w=225,yes,2026-10-07
311254788,Ramona's Original Heavenly Houmous 500g,3.70,7.4,per kg,"Fresh Food > Cooked Meats, Antipasti & Dips > Houmous & Dips > Vegan Dips",https://www.tesco.com/groceries/en-GB/products/311254788,https://digitalcontent.api.tesco.com/v2/media/ghs/3c84d471-6dcd-4210-bc23-f0e07b2dac05/c47325e8-e6ed-4a2f-9ab3-36c3cbd09ecf_952445707.jpeg?h=225&w=225,yes,2026-10-07
322263668,Tesco Crispy Salad 220g,1.55,7.04,per kg,"Fresh Food > Fresh Salad, Coleslaw & Sandwich Fillers > Lettuce & Salad bags > Salad Bags",https://www.tesco.com/groceries/en-GB/products/322263668,https://digitalcontent.api.tesco.com/v2/media/ghs/1d9eb893-9987-4f0c-89f1-6fd522a06ed0/86ebaf57-f389-4ea3-985b-9d4d8ebd0962.jpeg?h=225&w=225,yes,2026-10-07
313960605,Tesco Caesar Salad Kit 250G,2.00,8,per kg,"Fresh Food > Fresh Salad, Coleslaw & Sandwich Fillers > Lettuce & Salad bags > Salad Bags",https://www.tesco.com/groceries/en-GB/products/313960605,https://digitalcontent.api.tesco.com/v2/media/ghs/010faad7-8c45-4426-a422-38eb163f9452/662c9370-0f08-459a-9780-bfec5371b25e.jpeg?h=225&w=225,yes,2026-10-07
267917077,Tesco Beetroot Salad 160G,1.45,9.06,per kg,"Fresh Food > Fresh Salad, Coleslaw & Sandwich Fillers > Lettuce & Salad bags > Salad Bags",https://www.tesco.com/groceries/en-GB/products/267917077,https://digitalcontent.api.tesco.com/v2/media/ghs/db112c41-7ef1-4416-9ee3-549216016d00/f218bec6-9366-4ae2-8d9e-50873f9abc04.jpeg?h=225&w=225,yes,2026-10-07
321112688,Tesco Reduced Fat Coleslaw 300g,1.25,4.17,per kg,"Fresh Food > Fresh Salad, Coleslaw & Sandwich Fillers > Coleslaw & Potato Salad > Coleslaw",https://www.tesco.com/groceries/en-GB/products/321112688,https://digitalcontent.api.tesco.com/v2/media/ghs/1a1ae0ab-0a67-492c-8873-7a2152379745/011b5dd4-9416-45a8-93c7-186af962442b.jpeg?h=225&w=225,yes,2026-10-07
268477290,Fresh & Naked Mixed Little Leaves 90G,1.20,13.33,per kg,"Fresh Food > Fresh Salad, Coleslaw & Sandwich Fillers > Lettuce & Salad bags > Salad Bags",https://www.tesco.com/groceries/en-GB/products/268477290,https://digitalcontent.api.tesco.com/v2/media/ghs/1fd66884-7c1d-474e-b766-aaf4072f0cb3/95ce7ca5-5aa0-4009-a89a-3266ab4fb718.jpeg?h=225&w=225,yes,2026-10-07
320967265,Tesco Houmous 300g ,1.50,5,per kg,"Fresh Food > Fresh Salad, Coleslaw & Sandwich Fillers > Houmous & Dips > Houmous",https://www.tesco.com/groceries/en-GB/products/320967265,https://digitalcontent.api.tesco.com/v2/media/ghs/00534b8e-3ad8-42c5-abf8-3edb79b78ca4/a235b571-ce12-4f92-88bd-71d3bbf60e69_1299100118.jpeg?h=225&w=225,yes,2026-10-07
313519755,Tesco Watercress 80G,1.40,17.5,per kg,"Fresh Food > Fresh Salad, Coleslaw & Sandwich Fillers > Lettuce & Salad bags > Salad Bags",https://www.tesco.com/groceries/en-GB/products/313519755,https://digitalcontent.api.tesco.com/v2/media/ghs/c24e15a9-7677-4816-bce9-ea01fa509854/f7e73a6a-8cf7-4bc7-a291-b5ab753433eb.jpeg?h=225&w=225,yes,2026-10-07
320983015,Tesco Coleslaw 500g,1.60,3.2,per kg,"Fresh Food > Fresh Salad, Coleslaw & Sandwich Fillers > Coleslaw & Potato Salad > Coleslaw",https://www.tesco.com/groceries/en-GB/products/320983015,https://digitalcontent.api.tesco.com/v2/media/ghs/8998755a-36a5-4341-90be-b802653f6714/ba720652-e0d5-4957-b414-e5bf3696581b.jpeg?h=225&w=225,yes,2026-10-07
320569961,Tesco 3 Houmous Stack 180g,1.60,8.89,per kg,"Fresh Food > Fresh Salad, Coleslaw & Sandwich Fillers > Houmous & Dips > Houmous",https://www.tesco.com/groceries/en-GB/products/320569961,https://digitalcontent.api.tesco.com/v2/media/ghs/1b2fad72-e60e-497d-bde0-a44332a0211e/afeca7fa-cd0a-4620-9cdb-bcb0a3aaedbf_1261870461.jpeg?h=225&w=225,yes,2026-10-07
320547526,Tesco Reduced Fat Houmous 200g ,1.30,6.5,per kg,"Fresh Food > Fresh Salad, Coleslaw & Sandwich Fillers > Houmous & Dips > Reduced Fat Houmous & Dips",https://www.tesco.com/groceries/en-GB/products/320547526,https://digitalcontent.api.tesco.com/v2/media/ghs/a8cf32ac-cdf8-4a1f-a63b-1befecbfde0d/1ddc3396-75b1-4c5b-8000-e5caa0d56196_2004348471.jpeg?h=225&w=225,yes,2026-10-07
320408473,Tesco Caramelised Onion Houmous 182g ,1.30,7.14,per kg,"Fresh Food > Fresh Salad, Coleslaw & Sandwich Fillers > Houmous & Dips > Flavoured Houmous",https://www.tesco.com/groceries/en-GB/products/320408473,https://digitalcontent.api.tesco.com/v2/media/ghs/71a91bca-663d-44e7-8b46-9ecf5c7bd179/75e32d1c-b022-4716-bfb9-aa5cabf63c71_60598515.jpeg?h=225&w=225,yes,2026-10-07
320566273,Tesco Potato Salad 300g,1.25,4.17,per kg,"Fresh Food > Fresh Salad, Coleslaw & Sandwich Fillers > Coleslaw & Potato Salad > Potato Salad",https://www.tesco.com/groceries/en-GB/products/320566273,https://digitalcontent.api.tesco.com/v2/media/ghs/94ee862f-1d77-4d63-8190-012efafe64d2/05989495-bf89-413b-a9f6-f43cc7a9da06.jpeg?h=225&w=225,yes,2026-10-07
314581015,Florette Crispy Salad Strong 140g,1.35,9.64,per kg,"Fresh Food > Fresh Salad, Coleslaw & Sandwich Fillers > Lettuce & Salad bags > Salad Bags",https://www.tesco.com/groceries/en-GB/products/314581015,https://digitalcontent.api.tesco.com/v2/media/ghs/5741dd87-cad0-411d-a9a5-ded2fea6d462/e1f3d076-3b2b-4ff3-8f81-d5264bcad848.jpeg?h=225&w=225,yes,2026-10-07
320980882,Tesco Organic Houmous 200g ,1.70,8.5,per kg,"Fresh Food > Fresh Salad, Coleslaw & Sandwich Fillers > Houmous & Dips > Houmous",https://www.tesco.com/groceries/en-GB/products/320980882,https://digitalcontent.api.tesco.com/v2/media/ghs/f837bced-2f5d-4be4-a6c4-dec8da42bc25/16a059c2-7caf-4382-84e2-23819fb55f83_1088940532.jpeg?h=225&w=225,yes,2026-10-07
322049001,Tesco Salsa 200g,1.30,6.5,per kg,"Fresh Food > Cooked Meats, Antipasti & Dips > Houmous & Dips > Fresh Salsa & Tex Mex Dips",https://www.tesco.com/groceries/en-GB/products/322049001,https://digitalcontent.api.tesco.com/v2/media/ghs/9cb7a684-95db-4ce4-921b-6cb3523aa0c8/69de4bbb-ba80-4fd4-aa7c-2b9d3170dd7f_1596373138.jpeg?h=225&w=225,yes,2026-10-07
267315167,Fresh & Naked Just Lambs Lettuce 60G,1.20,20,per kg,"Fresh Food > Fresh Salad, Coleslaw & Sandwich Fillers > Lettuce & Salad bags > Salad Bags",https://www.tesco.com/groceries/en-GB/products/267315167,https://digitalcontent.api.tesco.com/v2/media/ghs/e230792f-b85b-44a0-b885-ae87553d9605/b17d1900-3271-48ad-8c98-c976550c2936.jpeg?h=225&w=225,yes,2026-10-07
320990553,Tesco Sweet Chilli Houmous 182g ,1.30,7.14,per kg,"Fresh Food > Fresh Salad, Coleslaw & Sandwich Fillers > Houmous & Dips > Flavoured Houmous",https://www.tesco.com/groceries/en-GB/products/320990553,https://digitalcontent.api.tesco.com/v2/media/ghs/4f3241d7-b89b-4b81-a992-c018b200b62a/8f8e28e5-010d-4d55-86fb-ca11f5d9899b_1772565053.jpeg?h=225&w=225,yes,2026-10-07
303542690,Love Beets No Vinegar Beetroot Pouch 280g,1.30,4.64,per kg,"Fresh Food > Fresh Salad, Coleslaw & Sandwich Fillers > Spring Onions, Radish & Beetroot > Beetroot",https://www.tesco.com/groceries/en-GB/products/303542690,https://digitalcontent.api.tesco.com/v2/media/ghs/c6b9b3cc-0eb4-46f6-838f-d13271f65bec/2b56130f-7dde-4580-a48a-ed8a81137a3c.jpeg?h=225&w=225,yes,2026-10-07
310693807,Tesco Butterhead Lettuce,0.95,0.95,each,"Fresh Food > Fresh Salad, Coleslaw & Sandwich Fillers > Lettuce & Salad bags > Iceberg & Round Lettuce",https://www.tesco.com/groceries/en-GB/products/310693807,https://digitalcontent.api.tesco.com/v2/media/ghs/f9ec4abd-b47f-435d-b893-5d8550c85c00/19650871-bdd6-4805-ad87-632df4331af6.jpeg?h=225&w=225,yes,2026-10-07
316796417,Tesco Simply Smashed Avocado - 100g,1.20,12,per kg,"Fresh Food > Fresh Salad, Coleslaw & Sandwich Fillers > Avocado > Ready To Eat Avocado",https://www.tesco.com/groceries/en-GB/products/316796417,https://digitalcontent.api.tesco.com/v2/media/ghs/5c1f90e1-9248-447a-bf05-9d446ed050d8/d1ee7032-b1bc-4f67-8a68-6c75d6d38f5c.jpeg?h=225&w=225,yes,2026-10-07
311688401,Tesco Cooked Beetroot 500g,0.90,1.8,per kg,"Fresh Food > Fresh Salad, Coleslaw & Sandwich Fillers > Spring Onions, Radish & Beetroot > Beetroot",https://www.tesco.com/groceries/en-GB/products/311688401,https://digitalcontent.api.tesco.com/v2/media/ghs/0682618b-4ac3-4b69-9540-0e740adc6fd0/94726b00-2165-4352-8f12-8e3be8020cb6_1954666837.jpeg?h=225&w=225,yes,2026-10-07
322253415,Tesco Guacamole 163g,1.30,7.98,per kg,"Fresh Food > Fresh Salad, Coleslaw & Sandwich Fillers > Houmous & Dips > Smashed Avocado & Guacamole",https://www.tesco.com/groceries/en-GB/products/322253415,https://digitalcontent.api.tesco.com/v2/media/ghs/e06ef974-fa82-47b0-9627-ed3c87ec23ec/a877b1f3-c00e-4f67-be62-d6f7a2dea1d9_1167891983.jpeg?h=225&w=225,yes,2026-10-07
292451013,Tesco Grated Carrots 200g,0.59,2.95,per kg,"Fresh Food > Fresh Salad, Coleslaw & Sandwich Fillers > Lettuce & Salad bags > Salad Bags",https://www.tesco.com/groceries/en-GB/products/292451013,https://digitalcontent.api.tesco.com/v2/media/ghs/6e0e85bb-19ad-4bcf-b580-fe733bfe8030/792c5762-b4d3-4ae0-a0d9-7461f398094b.jpeg?h=225&w=225,yes,2026-10-07
321776380,Tesco 4 Tex Mex Dips 400g ,3.25,8.12,per kg,"Fresh Food > Fresh Salad, Coleslaw & Sandwich Fillers > Houmous & Dips > Fresh Salsa & Tex Mex Dips",https://www.tesco.com/groceries/en-GB/products/321776380,https://digitalcontent.api.tesco.com/v2/media/ghs/5ef8331f-752e-4a27-8e9b-dc7c4f8345fb/9e15ab46-7f91-4f5c-9cb6-51417cc77cf5_1743069119.jpeg?h=225&w=225,yes,2026-10-07
311945898,Tesco Party Salad 455G,3.00,6.59,per kg,"Fresh Food > Fresh Salad, Coleslaw & Sandwich Fillers > Lettuce & Salad bags > Salad Bowls",https://www.tesco.com/groceries/en-GB/products/311945898,https://digitalcontent.api.tesco.com/v2/media/ghs/c339f856-2b3d-43cd-90bb-8c15c173b271/b02a91cf-2366-4a03-814a-16a029e1cf29.jpeg?h=225&w=225,yes,2026-10-07
254694710,Tesco Tuna & Sweetcorn Pasta 300G,3.10,10.33,per kg,"Fresh Food > Chilled Soup, Sandwiches & Salad Pots > Pasta, Salad Pots & Noodle Pots > Fish & Seafood Salads",https://www.tesco.com/groceries/en-GB/products/254694710,https://digitalcontent.api.tesco.com/v2/media/ghs/f155729f-6fa5-499c-ba5a-3354f5593f99/c9081e66-b6c1-42a8-aa40-f7cb0dc96623.jpeg?h=225&w=225,yes,2026-10-07
264510919,Tesco Southern Fried Chicken Pasta 300G,3.10,10.33,per kg,"Fresh Food > Chilled Soup, Sandwiches & Salad Pots > Pasta, Salad Pots & Noodle Pots > Meat & Chicken Salads",https://www.tesco.com/groceries/en-GB/products/264510919,https://digitalcontent.api.tesco.com/v2/media/ghs/0ba0bdd8-c4be-4c14-a7f6-7e95a937fe91/7dfce4bc-89bf-4e7b-b6f7-16ab2af14e16.jpeg?h=225&w=225,yes,2026-10-07
320807715,Tesco Finest Baby Potato Salad 275g,2.30,8.36,per kg,"Fresh Food > Fresh Salad, Coleslaw & Sandwich Fillers > Coleslaw & Potato Salad > Potato Salad",https://www.tesco.com/groceries/en-GB/products/320807715,https://digitalcontent.api.tesco.com/v2/media/ghs/f381f1a3-120c-4167-8ad7-f57e47937df3/2f00d588-92a9-4327-a17f-6bc079825f9a.jpeg?h=225&w=225,yes,2026-10-07
330750910,Tesco Potato and Egg Salad 300g,3.00,10,per kg,"Fresh Food > Fresh Salad, Coleslaw & Sandwich Fillers > Coleslaw & Potato Salad > Potato Salad",https://www.tesco.com/groceries/en-GB/products/330750910,https://digitalcontent.api.tesco.com/v2/media/ghs/2139ffd6-0e7f-4f2f-9cb9-c3a3d1c67e92/1fae7bc9-0b20-413f-9d64-0966fa957af0.jpeg?h=225&w=225,yes,2026-10-07
322739066,Tesco Coronation Chicken 423g,2.80,6.62,per kg,"Fresh Food > Fresh Salad, Coleslaw & Sandwich Fillers > Sandwich Fillers > Sandwich Fillers",https://www.tesco.com/groceries/en-GB/products/322739066,https://digitalcontent.api.tesco.com/v2/media/ghs/16554cab-32c0-4838-baf8-89accecf3117/9bd2b076-37ca-4b3a-a226-b619a5f19b2a_933622370.jpeg?h=225&w=225,yes,2026-10-07
287632423,Tesco Chicken & Bacon Caesar Salad 265G,3.10,11.7,per kg,"Fresh Food > Fresh Salad, Coleslaw & Sandwich Fillers > Salad Pots & Pasta Salad > Meat & Seafood Salad",https://www.tesco.com/groceries/en-GB/products/287632423,https://digitalcontent.api.tesco.com/v2/media/ghs/7714b2f6-38eb-455f-9fa3-568a6f976086/dd3ed809-f177-41ea-964f-217a903432ab.jpeg?h=225&w=225,yes,2026-10-07
320799395,Tesco Finest Extra Mature Cheddar Coleslaw 250g,1.95,7.8,per kg,"Fresh Food > Fresh Salad, Coleslaw & Sandwich Fillers > Coleslaw & Potato Salad > Premium Coleslaw",https://www.tesco.com/groceries/en-GB/products/320799395,https://digitalcontent.api.tesco.com/v2/media/ghs/88a93d9d-8584-4a16-bed3-10faa52ee2ab/baaa1ff9-9e48-4edd-8df3-4d30eb1f8089.jpeg?h=225&w=225,yes,2026-10-07
262970204,Tesco Cheese & Tomato Pasta 300G (C),1.80,6,per kg,"Fresh Food > Chilled Soup, Sandwiches & Salad Pots > Pasta, Salad Pots & Noodle Pots > Vegetarian Salads",https://www.tesco.com/groceries/en-GB/products/262970204,https://digitalcontent.api.tesco.com/v2/media/ghs/c19d1249-a3ce-456d-9d4e-ae247b9bfb48/8fa07840-e69f-4063-bf59-df3c944720e7.jpeg?h=225&w=225,yes,2026-10-07
302988699,Tesco Crunchy Coleslaw Mix 300G,1.45,4.83,per kg,"Fresh Food > Fresh Salad, Coleslaw & Sandwich Fillers > Lettuce & Salad bags > Salad Bags",https://www.tesco.com/groceries/en-GB/products/302988699,https://digitalcontent.api.tesco.com/v2/media/ghs/d5e3aa0d-d538-4cc7-9691-6d37dd698963/7a39fc09-afa3-4060-9db0-6233aed7d226.jpeg?h=225&w=225,yes,2026-10-07
292613675,Tesco Caesar Dressing 175Ml,1.50,8.57,per litre,"Fresh Food > Fresh Salad, Coleslaw & Sandwich Fillers > Salad Dressings & Croutons > Salad Dressings",https://www.tesco.com/groceries/en-GB/products/292613675,https://digitalcontent.api.tesco.com/v2/media/ghs/b7388a5b-82c8-4b71-a989-fb5c317d52f0/a24a3500-5b7f-4558-98f9-3fbe0ec3fad0_772483663.jpeg?h=225&w=225,yes,2026-10-07
314847785,Tesco Chicken & Sweetcorn Sandwich Filler 235g,1.70,7.23,per kg,"Fresh Food > Fresh Salad, Coleslaw & Sandwich Fillers > Sandwich Fillers > Sandwich Fillers",https://www.tesco.com/groceries/en-GB/products/314847785,https://digitalcontent.api.tesco.com/v2/media/ghs/23d9831c-352d-434e-9cab-8b2db631b43d/8c41fae1-2e77-4ad3-8241-8fa301d9cf3d_787875720.jpeg?h=225&w=225,no,2026-10-07
322823594,Tesco Tuna & Sweetcorn 235g,1.70,7.23,per kg,"Fresh Food > Fresh Salad, Coleslaw & Sandwich Fillers > Sandwich Fillers > Sandwich Fillers",https://www.tesco.com/groceries/en-GB/products/322823594,https://digitalcontent.api.tesco.com/v2/media/ghs/c2ca12b3-1daa-493e-9961-2a57792cf15f/e379ec4e-8c6d-4fa0-b9d7-d627ff3695d5_2006821374.jpeg?h=225&w=225,yes,2026-10-07
322533361,Tesco Cheese & Onion 235g,1.70,7.23,per kg,"Fresh Food > Fresh Salad, Coleslaw & Sandwich Fillers > Sandwich Fillers > Sandwich Fillers",https://www.tesco.com/groceries/en-GB/products/322533361,https://digitalcontent.api.tesco.com/v2/media/ghs/95908337-3dd7-4028-8bef-cc70baba4725/036de2bd-c1e8-4e08-94ce-1a629b0ed97a_444526348.jpeg?h=225&w=225,yes,2026-10-07
281055891,Tesco Organic Beetroot 450g,2.20,4.89,per kg,"Fresh Food > Fresh Salad, Coleslaw & Sandwich Fillers > Organic Salad > Organic Beetroot",https://www.tesco.com/groceries/en-GB/products/281055891,https://digitalcontent.api.tesco.com/v2/media/ghs/55c0f06e-91b4-479a-9793-ea244aee8cb9/08dca782-7b10-4739-9a4f-44b7ba5aac23.jpeg?h=225&w=225,yes,2026-10-07
322848357,Tesco Coronation Chicken 235g,1.70,7.23,per kg,"Fresh Food > Fresh Salad, Coleslaw & Sandwich Fillers > Sandwich Fillers > Sandwich Fillers",https://www.tesco.com/groceries/en-GB/products/322848357,https://digitalcontent.api.tesco.com/v2/media/ghs/8ce3e3f2-3542-4a32-b985-ec0a725b4bdd/adfc647c-66d3-4999-a4e0-4e46411382c4_516066059.jpeg?h=225&w=225,yes,2026-10-07
311793754,Tesco Ripen At Home Avocados 3Pack,2.00,0.67,each,"Fresh Food > Fresh Salad, Coleslaw & Sandwich Fillers > Avocado > Ready To Eat Avocado",https://www.tesco.com/groceries/en-GB/products/311793754,https://digitalcontent.api.tesco.com/v2/media/ghs/63a0a4f0-1ab1-4c2a-b6db-b5f0e70d17ed/73102207-b1fa-4492-854c-6af941a1d3f4.jpeg?h=225&w=225,yes,2026-10-07
323659343,Tesco Chopped Caesar Salad Kit 260g,2.95,11.35,per kg,"Fresh Food > Fresh Salad, Coleslaw & Sandwich Fillers > Lettuce & Salad bags > Salad Bags",https://www.tesco.com/groceries/en-GB/products/323659343,https://digitalcontent.api.tesco.com/v2/media/ghs/805c52bd-c275-4951-b7a1-08dd68700528/2823a3a6-6a71-4f60-ab6c-056612819b20.jpeg?h=225&w=225,yes,2026-10-07
266078609,Tesco Reduced Fat Sour Cream & Chive Dip 200G,1.30,6.5,per kg,"Fresh Food > Cooked Meats, Antipasti & Dips > Houmous & Dips > Creamy Dips & Tzatziki",https://www.tesco.com/groceries/en-GB/products/266078609,https://digitalcontent.api.tesco.com/v2/media/ghs/280f2ca6-c85d-4474-975f-a1c023095bf0/bd2cbd5e-1a4c-4ce5-8d58-1b5df1ad3610_497355724.jpeg?h=225&w=225,yes,2026-10-07
260076333,Tesco Onion & Garlic Dip 200G,1.30,6.5,per kg,"Fresh Food > Cooked Meats, Antipasti & Dips > Houmous & Dips > Creamy Dips & Tzatziki",https://www.tesco.com/groceries/en-GB/products/260076333,https://digitalcontent.api.tesco.com/v2/media/ghs/dd1a2ddd-61ec-4078-a6e9-7191b83aca70/8171e510-bab5-4ed0-aa15-fd870568f598_978061265.jpeg?h=225&w=225,yes,2026-10-07
322744595,Tesco Egg Mayonnaise 235g ,1.70,7.23,per kg,"Fresh Food > Fresh Salad, Coleslaw & Sandwich Fillers > Sandwich Fillers > Sandwich Fillers",https://www.tesco.com/groceries/en-GB/products/322744595,https://digitalcontent.api.tesco.com/v2/media/ghs/11247093-7480-4213-9579-955b3115d6d0/ec5a17cc-56a5-482e-a9c6-6c3041e6ea3c_149182125.jpeg?h=225&w=225,yes,2026-10-07
321217000,Tesco Taramasalata 200g,1.30,6.5,per kg,"Fresh Food > Fresh Salad, Coleslaw & Sandwich Fillers > Houmous & Dips > Creamy Dips & Tzatziki",https://www.tesco.com/groceries/en-GB/products/321217000,https://digitalcontent.api.tesco.com/v2/media/ghs/ec0f88d7-1d9c-43da-947b-cd2245ed3b2f/af77fafd-5ce8-424b-a7a0-aba633f7575e_1489517322.jpeg?h=225&w=225,yes,2026-10-07
322157835,Eastmans Coleslaw 600g,1.29,2.15,per kg,"Fresh Food > Fresh Salad, Coleslaw & Sandwich Fillers > Coleslaw & Potato Salad > Coleslaw",https://www.tesco.com/groceries/en-GB/products/322157835,https://digitalcontent.api.tesco.com/v2/media/ghs/2281714b-ed9e-41c6-b097-a4caa62f6273/ca5975d9-dcf9-401d-8c3e-b50520bd456c.jpeg?h=225&w=225,yes,2026-10-07
321104099,Tesco Cheese Coleslaw 300g,1.25,4.17,per kg,"Fresh Food > Fresh Salad, Coleslaw & Sandwich Fillers > Coleslaw & Potato Salad > Premium Coleslaw",https://www.tesco.com/groceries/en-GB/products/321104099,https://digitalcontent.api.tesco.com/v2/media/ghs/770f4bc0-c53c-4119-8276-ff3f35f30ee8/e56ec811-379f-469e-86f4-b3529787228f.jpeg?h=225&w=225,yes,2026-10-07
260076346,Tesco Cheddar Cheese & Chive Dip 200G,1.30,6.5,per kg,"Fresh Food > Cooked Meats, Antipasti & Dips > Houmous & Dips > Creamy Dips & Tzatziki",https://www.tesco.com/groceries/en-GB/products/260076346,https://digitalcontent.api.tesco.com/v2/media/ghs/4cfcaf09-c43b-416d-b952-df346b103d40/4383fbc8-5670-4bbd-a38f-6a6ea4298fc6_526445119.jpeg?h=225&w=225,yes,2026-10-07
314820298,Tesco Chicken & Bacon Sandwich Filler 235g,1.70,7.23,per kg,"Fresh Food > Fresh Salad, Coleslaw & Sandwich Fillers > Sandwich Fillers > Sandwich Fillers",https://www.tesco.com/groceries/en-GB/products/314820298,https://digitalcontent.api.tesco.com/v2/media/ghs/d800c3e6-010e-4d75-b554-4bb1e4c6e922/c88362f0-2b08-4f57-b2cf-571fe9f8188c_658271600.jpeg?h=225&w=225,yes,2026-10-07
296455884,Tesco Aioli Dip 200G,1.30,6.5,per kg,"Fresh Food > Cooked Meats, Antipasti & Dips > Houmous & Dips > Creamy Dips & Tzatziki",https://www.tesco.com/groceries/en-GB/products/296455884,https://digitalcontent.api.tesco.com/v2/media/ghs/c3355d6b-471b-4499-99f6-245fa41a0c4a/4e979a22-be49-4e87-a26b-36e5e4cf32e6_1515589769.jpeg?h=225&w=225,yes,2026-10-07
322664240,Tesco Seafood Cocktail 235g,1.70,7.23,per kg,"Fresh Food > Fresh Salad, Coleslaw & Sandwich Fillers > Sandwich Fillers > Sandwich Fillers",https://www.tesco.com/groceries/en-GB/products/322664240,https://digitalcontent.api.tesco.com/v2/media/ghs/9df59039-2fe6-4b39-82b4-dc93aad03112/e078ed27-231b-4029-b06d-acc7014a2aa5_1782642386.jpeg?h=225&w=225,yes,2026-10-07
323330680,Popits Bite-Sized Cucumbers 180g,1.50,8.33,per kg,"Fresh Food > Fresh Salad, Coleslaw & Sandwich Fillers > Cucumber > Cucumber",https://www.tesco.com/groceries/en-GB/products/323330680,https://digitalcontent.api.tesco.com/v2/media/ghs/bc9f2ba0-a764-44f3-b7c6-c0e1fd32fcb0/40a2d9bd-8954-4362-a4d3-b7287903bd61.jpeg?h=225&w=225,yes,2026-10-07
281055568,Tesco Organic Celery,1.40,1.4,each,"Fresh Food > Fresh Salad, Coleslaw & Sandwich Fillers > Organic Salad > Organic Celery",https://www.tesco.com/groceries/en-GB/products/281055568,https://digitalcontent.api.tesco.com/v2/media/ghs/70e0b8cc-f780-4e57-b81a-f2827f80f287/19874715-ce3b-45d4-8045-6011fc9f37b8.jpeg?h=225&w=225,yes,2026-10-07
317190162,Tesco 4 Classic Dips 500g,3.25,6.5,per kg,"Fresh Food > Fresh Salad, Coleslaw & Sandwich Fillers > Houmous & Dips > Creamy Dips & Tzatziki",https://www.tesco.com/groceries/en-GB/products/317190162,https://digitalcontent.api.tesco.com/v2/media/ghs/85a54549-75dc-473a-b9b6-fbec9556a868/d1f44f91-b650-418c-bacf-c8933fd22f9d_479788488.jpeg?h=225&w=225,yes,2026-10-07
311265781,Ramona's Heavenly Houmous - Jalapeno 500g,3.70,7.4,per kg,"Fresh Food > Fresh Salad, Coleslaw & Sandwich Fillers > Houmous & Dips > Vegan Dips",https://www.tesco.com/groceries/en-GB/products/311265781,https://digitalcontent.api.tesco.com/v2/media/ghs/8452c3e0-3784-41a4-a010-c3e5095153db/c8eb7897-40c2-4fd6-8b3e-d6869227a432_2095029026.jpeg?h=225&w=225,yes,2026-10-07
250438255,Yarden Houmous 250G,2.95,11.8,per kg,"Food Cupboard > World Foods > Kosher > Kosher Hummus, Guacamole & Dips",https://www.tesco.com/groceries/en-GB/products/250438255,https://digitalcontent.api.tesco.com/v2/media/ghs/893f1c45-065e-42e5-b423-8e9e3014ccdd/1dcf43ed-26f8-4b88-8f6c-2e0fd5da701f.jpeg?h=225&w=225,yes,2026-10-07
323303436,Tesco Finest Smoky Roasted Vegetable Couscous 200g,3.25,16.25,per kg,"Fresh Food > Fresh Salad, Coleslaw & Sandwich Fillers > Salad Pots & Pasta Salad > Cous Cous Salad",https://www.tesco.com/groceries/en-GB/products/323303436,https://digitalcontent.api.tesco.com/v2/media/ghs/b6b5a71c-6caa-4dcc-9d4d-6f132bfb69bf/3fe11169-1037-45ce-b80c-28b575ca97a2.jpeg?h=225&w=225,yes,2026-10-07
287732489,"Tesco Chicken, Tomato & Basil Pasta 300g",3.10,10.33,per kg,"Fresh Food > Chilled Soup, Sandwiches & Salad Pots > Pasta, Salad Pots & Noodle Pots > Pasta Salads",https://www.tesco.com/groceries/en-GB/products/287732489,https://digitalcontent.api.tesco.com/v2/media/ghs/cdffbcd4-70d8-49ea-a2b6-e4370b69eb1e/5be5a250-339d-4cd8-bad6-ae2ee7457952.jpeg?h=225&w=225,yes,2026-10-07
306949141,Tesco Greek Salad 185G,3.00,16.22,per kg,"Fresh Food > Fresh Salad, Coleslaw & Sandwich Fillers > Lettuce & Salad bags > Salad Bowls",https://www.tesco.com/groceries/en-GB/products/306949141,https://digitalcontent.api.tesco.com/v2/media/ghs/6b1afe21-71ea-49bf-a08c-25e78acd32a3/56dc4764-a9b7-44d8-a652-b5ec85262724.jpeg?h=225&w=225,yes,2026-10-07
314595727,Tesco Beetroot Salad 300g,1.90,6.33,per kg,"Fresh Food > Fresh Salad, Coleslaw & Sandwich Fillers > Salad Pots & Pasta Salad > Beetroot, Bean & Vegetable Salad",https://www.tesco.com/groceries/en-GB/products/314595727,https://digitalcontent.api.tesco.com/v2/media/ghs/71b39243-0cb9-4991-9a91-6d9c552aef63/41ee83af-119a-4e71-960d-378fda5c189c_1285872354.jpeg?h=225&w=225,yes,2026-10-07
306947984,Tesco Chicken Caesar Salad 185G,3.00,16.22,per kg,"Fresh Food > Fresh Salad, Coleslaw & Sandwich Fillers > Lettuce & Salad bags > Salad Bowls",https://www.tesco.com/groceries/en-GB/products/306947984,https://digitalcontent.api.tesco.com/v2/media/ghs/db200abe-a940-4588-834b-a90c3e91768f/6041833b-9095-4c4e-96e9-ae0bff518978.jpeg?h=225&w=225,yes,2026-10-07
323423806,Tesco Finest Caesar Pasta Salad 215g,3.25,15.12,per kg,"Fresh Food > Chilled Soup, Sandwiches & Salad Pots > Pasta, Salad Pots & Noodle Pots > Pasta Salads",https://www.tesco.com/groceries/en-GB/products/323423806,https://digitalcontent.api.tesco.com/v2/media/ghs/daa32fe4-ed53-4ec9-ba8c-2344d6ef4d27/0b362945-edec-4b56-9bdd-89c4fdb6923c.jpeg?h=225&w=225,yes,2026-10-07
322835315,Tesco Tuna & Sweetcorn 423g,2.80,6.62,per kg,"Fresh Food > Fresh Salad, Coleslaw & Sandwich Fillers > Sandwich Fillers > Sandwich Fillers",https://www.tesco.com/groceries/en-GB/products/322835315,https://digitalcontent.api.tesco.com/v2/media/ghs/0a6babaf-a253-4474-a30d-5c98939b8e22/c8d479ec-16dd-4ce3-ab40-1495aee079cf_2123430010.jpeg?h=225&w=225,yes,2026-10-07
283222287,Sabra Houmous Garlic Red Pepper 200G,2.55,12.75,per kg,"Fresh Food > Cooked Meats, Antipasti & Dips > Houmous & Dips > Houmous",https://www.tesco.com/groceries/en-GB/products/283222287,https://digitalcontent.api.tesco.com/v2/media/ghs/c3e83591-9655-4f12-9e7a-d841f7a18b08/11e9ac87-9e01-4a40-8e2d-dc4b3c31a4ce_1306945469.jpeg?h=225&w=225,yes,2026-10-07
316657465,Holy Moly Smashed Avocado 3 x 57g,2.65,15.5,per kg,"Fresh Food > Fresh Salad, Coleslaw & Sandwich Fillers > Houmous & Dips > Smashed Avocado & Guacamole",https://www.tesco.com/groceries/en-GB/products/316657465,https://digitalcontent.api.tesco.com/v2/media/ghs/d9b3dc80-551b-4c89-ad3e-da8d2217aed0/6317203f-2eca-4954-a257-c6620b71185b_326766206.jpeg?h=225&w=225,yes,2026-10-07
316172433,Tesco Four Bean Salad 250g    ,1.90,7.6,per kg,"Fresh Food > Fresh Salad, Coleslaw & Sandwich Fillers > Salad Pots & Pasta Salad > Beetroot, Bean & Vegetable Salad",https://www.tesco.com/groceries/en-GB/products/316172433,https://digitalcontent.api.tesco.com/v2/media/ghs/e6f82260-cea7-4d65-948e-debb18b31376/75dda294-055e-485a-a89c-469268c897ce_560961363.jpeg?h=225&w=225,yes,2026-10-07
320683139,Tesco Celery Fruit & Nut 300g,1.90,6.33,per kg,"Fresh Food > Fresh Salad, Coleslaw & Sandwich Fillers > Salad Pots & Pasta Salad > Side Salads",https://www.tesco.com/groceries/en-GB/products/320683139,https://digitalcontent.api.tesco.com/v2/media/ghs/b2869276-3def-4c6e-beff-2684da035aff/523e1664-b0be-4c78-9b66-59da4b81ba82_599510135.jpeg?h=225&w=225,yes,2026-10-07
287733373,Tesco Pickled Pink Slaw 140G,1.45,10.36,per kg,"Fresh Food > Fresh Salad, Coleslaw & Sandwich Fillers > Coleslaw & Potato Salad > Coleslaw",https://www.tesco.com/groceries/en-GB/products/287733373,https://digitalcontent.api.tesco.com/v2/media/ghs/d9680ec0-3d5e-4943-925f-2cd024639121/3eb4d099-a4a7-4ea1-bb8e-860fe80ed137.jpeg?h=225&w=225,yes,2026-10-07
324442868,Moorish Smoked Houmous with Hot Honey 170g,2.50,14.71,per kg,"Fresh Food > Fresh Salad, Coleslaw & Sandwich Fillers > Houmous & Dips > Flavoured Houmous",https://www.tesco.com/groceries/en-GB/products/324442868,https://digitalcontent.api.tesco.com/v2/media/ghs/8913f524-dbdf-44fa-90e8-123f8d840598/e5312364-a29d-422f-bbf4-80c7b37983c5_1471557019.jpeg?h=225&w=225,yes,2026-10-07
257574583,Tesco Organic Ripe & Ready Avocados Minimum 2 Pack,2.60,1.3,each,"Fresh Food > Fresh Salad, Coleslaw & Sandwich Fillers > Avocado > Ready To Eat Avocado",https://www.tesco.com/groceries/en-GB/products/257574583,https://digitalcontent.api.tesco.com/v2/media/ghs/28c20428-faf2-4e0c-a4b9-b14383de653b/f5c21342-c98e-4c11-aee3-910cbacf092b.jpeg?h=225&w=225,yes,2026-10-07
322834304,Tesco Egg & Mayonnaise 423g,2.80,6.62,per kg,"Fresh Food > Fresh Salad, Coleslaw & Sandwich Fillers > Sandwich Fillers > Sandwich Fillers",https://www.tesco.com/groceries/en-GB/products/322834304,https://digitalcontent.api.tesco.com/v2/media/ghs/124b3075-c86e-4a50-b23f-677868d5ed30/7f73a4d3-c3f2-4fc9-990b-e13c166c6e97_1638636073.jpeg?h=225&w=225,yes,2026-10-07
323417152,Tesco Tomato & Basil Pasta 250g,1.90,7.6,per kg,"Fresh Food > Chilled Soup, Sandwiches & Salad Pots > Pasta, Salad Pots & Noodle Pots > Pasta Salads",https://www.tesco.com/groceries/en-GB/products/323417152,https://digitalcontent.api.tesco.com/v2/media/ghs/33f5dcea-a371-42f0-b8b6-e058dce2315d/ea288ca7-8cce-4c56-9450-4f55ec1be1fc_21879614.jpeg?h=225&w=225,yes,2026-10-07
262078306,Tesco Spicy Chicken Pasta 275G,1.80,6.54,per kg,"Fresh Food > Chilled Soup, Sandwiches & Salad Pots > Pasta, Salad Pots & Noodle Pots > Pasta Pots",https://www.tesco.com/groceries/en-GB/products/262078306,https://digitalcontent.api.tesco.com/v2/media/ghs/1dd1a8fe-5cc8-45ea-b5cb-472e425b5a76/617ca24b-b9e5-4900-ae8b-7e089035599d.jpeg?h=225&w=225,yes,2026-10-07
325506387,Rosi Small Sheesham Wood Shallow Salad Bowl,20.49,20.49,each,Marketplace > Cook & Dine > Tableware > Plates & Bowls,https://www.tesco.com/groceries/en-GB/products/325506387,https://digitalcontent.api.tesco.com/v2/media/marketplace/87990dda-b5b5-4e4b-ab76-f9ded268be2f/9x64C12nKhbhZxcTGsXR657lU_419982902.jpeg?h=225&w=225,yes,2026-10-07
326017140,"Zeal Melamine Salad Bowl, 26cm, Sage Green",23.95,23.95,each,Marketplace > Cook & Dine > Tableware > Plates & Bowls,https://www.tesco.com/groceries/en-GB/products/326017140,https://digitalcontent.api.tesco.com/v2/media/marketplace/435e8643-1f63-4233-8f2b-d67c75003c02/DY5kn9rsEwVcIzIui4ld_rKWw_880015985.jpeg?h=225&w=225,yes,2026-10-07
326017154,"Zeal Melamine Salad Bowl, 26cm, Mustard Yellow",23.95,23.95,each,Marketplace > Cook & Dine > Tableware > Plates & Bowls,https://www.tesco.com/groceries/en-GB/products/326017154,https://digitalcontent.api.tesco.com/v2/media/marketplace/3575b69e-786b-41a2-be1b-b4f0278ef8fc/6TZVtPuaN04sBItWT49WxJ6sQ_28897849.jpeg?h=225&w=225,yes,2026-10-07
299917300,Love Beets Smokey Shred Beetroot 180G,1.50,8.33,per kg,"Fresh Food > Fresh Salad, Coleslaw & Sandwich Fillers > Spring Onions, Radish & Beetroot > Beetroot",https://www.tesco.com/groceries/en-GB/products/299917300,https://digitalcontent.api.tesco.com/v2/media/ghs/e7bc118f-76f1-45ec-8bed-569b67cc956c/e92fbea3-458c-4b66-83fa-09a9e1d32caf.jpeg?h=225&w=225,yes,2026-10-07
314927662,Tesco Chicken & Bacon Sandwich Filler 423G,2.80,6.62,per kg,"Fresh Food > Fresh Salad, Coleslaw & Sandwich Fillers > Sandwich Fillers > Sandwich Fillers",https://www.tesco.com/groceries/en-GB/products/314927662,https://digitalcontent.api.tesco.com/v2/media/ghs/22936b7a-e77c-4af5-b527-022fdf9baa51/aeaea704-eb7c-4982-84ab-b861f1d6a464_26837059.jpeg?h=225&w=225,yes,2026-10-07
320989659,Tesco Jalapeño Houmous 182g ,1.30,7.14,per kg,"Fresh Food > Fresh Salad, Coleslaw & Sandwich Fillers > Houmous & Dips > Flavoured Houmous",https://www.tesco.com/groceries/en-GB/products/320989659,https://digitalcontent.api.tesco.com/v2/media/ghs/0451e01b-d456-4d8d-90fc-142755b1048e/c51444b4-a508-4106-9980-65e9c8f963e5_974388519.jpeg?h=225&w=225,yes,2026-10-07
253559988,Tesco Chinese Leaf Each,1.45,1.45,each,"Fresh Food > Fresh Salad, Coleslaw & Sandwich Fillers > Lettuce & Salad bags > Chicory & Chinese Leaf",https://www.tesco.com/groceries/en-GB/products/253559988,https://digitalcontent.api.tesco.com/v2/media/ghs/01f8823f-d65f-48f8-a4d4-5988ce8d5147/dcbb84e7-c642-4733-a9fe-779da5f871c7.jpeg?h=225&w=225,yes,2026-10-07
316530661,Tesco BBQ Chicken Sandwich Filler 235g,1.70,7.23,per kg,"Fresh Food > Fresh Salad, Coleslaw & Sandwich Fillers > Sandwich Fillers > Sandwich Fillers",https://www.tesco.com/groceries/en-GB/products/316530661,https://digitalcontent.api.tesco.com/v2/media/ghs/57dc8e48-1e03-4456-bce7-bb62875deda3/26872382-1840-4f6d-ab36-5555b32b1e47_2020639511.jpeg?h=225&w=225,yes,2026-10-07
306501400,Crouton Company Garlic & Herb Croutons 40G,0.55,13.75,per kg,"Fresh Food > Fresh Salad, Coleslaw & Sandwich Fillers > Salad Dressings & Croutons > Croutons",https://www.tesco.com/groceries/en-GB/products/306501400,https://digitalcontent.api.tesco.com/v2/media/ghs/fe3c5c86-6145-4bc2-bb45-acc1326f3ba5/503cce75-8f5f-43a5-8cb5-dc0bebde3887_1690373197.jpeg?h=225&w=225,yes,2026-10-07
320571272,Tesco Moroccan Houmous 182g ,1.30,7.14,per kg,"Fresh Food > Fresh Salad, Coleslaw & Sandwich Fillers > Houmous & Dips > Houmous",https://www.tesco.com/groceries/en-GB/products/320571272,https://digitalcontent.api.tesco.com/v2/media/ghs/8f6a4911-e987-4dca-9916-debb9a9d51ec/adcbb1dd-4ea9-4eca-a81f-201746eff4dd_1484938007.jpeg?h=225&w=225,yes,2026-10-07
308089779,Love Beets Cooked Beetroot 250G,0.90,3.6,per kg,"Fresh Food > Fresh Salad, Coleslaw & Sandwich Fillers > Spring Onions, Radish & Beetroot > Beetroot",https://www.tesco.com/groceries/en-GB/products/308089779,https://digitalcontent.api.tesco.com/v2/media/ghs/455ab32c-d229-477a-a8c8-30a452282568/f2077cc1-1d8c-450b-8b6d-4d61edd9e1b2_1775166368.jpeg?h=225&w=225,yes,2026-10-07
281068426,Tesco Organic Pepper 250G,1.75,7,per kg,"Fresh Food > Fresh Salad, Coleslaw & Sandwich Fillers > Organic Salad > Organic Peppers",https://www.tesco.com/groceries/en-GB/products/281068426,https://digitalcontent.api.tesco.com/v2/media/ghs/ab5abfe1-c0f5-4665-8623-b6b99c8d2dfb/ae7b95e6-2984-4751-977a-2dd7854f38a2.jpeg?h=225&w=225,yes,2026-10-07
315568897,Eastmans Potato Salad 300g.,0.99,3.3,per kg,"Fresh Food > Fresh Salad, Coleslaw & Sandwich Fillers > Coleslaw & Potato Salad > Potato Salad",https://www.tesco.com/groceries/en-GB/products/315568897,https://digitalcontent.api.tesco.com/v2/media/ghs/35f7a5ba-63a7-4057-818e-34087e6c9dbb/05661b75-00f9-48cf-acd2-9fe9115bda95.jpeg?h=225&w=225,yes,2026-10-07
315073805,Tesco Egg & Bacon Sandwich Filler 235g,1.70,7.23,per kg,"Fresh Food > Fresh Salad, Coleslaw & Sandwich Fillers > Sandwich Fillers > Sandwich Fillers",https://www.tesco.com/groceries/en-GB/products/315073805,https://digitalcontent.api.tesco.com/v2/media/ghs/00a0a9cc-af3d-4c11-9f35-dc5bbc94e240/dafd135e-ffd2-4ac3-a601-6a6e728f2587_512565713.jpeg?h=225&w=225,yes,2026-10-07
281056432,Tesco Organic Spring Onions 100G,1.20,12,per kg,"Fresh Food > Fresh Salad, Coleslaw & Sandwich Fillers > Spring Onions, Radish & Beetroot > Spring Onions",https://www.tesco.com/groceries/en-GB/products/281056432,https://digitalcontent.api.tesco.com/v2/media/ghs/fdc5c0c3-d7a8-4047-8537-66526d0d3d0b/55d80771-6c38-40e6-8397-f2ab1dd98c9f.jpeg?h=225&w=225,yes,2026-10-07
322848098,Tesco Potato Salad 500g.,1.60,3.2,per kg,"Fresh Food > Fresh Salad, Coleslaw & Sandwich Fillers > Coleslaw & Potato Salad > Potato Salad",https://www.tesco.com/groceries/en-GB/products/322848098,https://digitalcontent.api.tesco.com/v2/media/ghs/2ee68df4-0b20-40bb-abae-679ee6edb21a/52c5d5fe-d365-438e-8b87-6c94a590acde.jpeg?h=225&w=225,yes,2026-10-07
316644025,Tesco Organic Sweet Gem,1.80,1.8,each,"Fresh Food > Fresh Salad, Coleslaw & Sandwich Fillers > Lettuce & Salad bags > Organic Lettuce",https://www.tesco.com/groceries/en-GB/products/316644025,https://digitalcontent.api.tesco.com/v2/media/ghs/3845110b-cd81-4ff8-a5ad-78e83a46730e/d71ff054-dbfc-4c37-a584-fdac30d50904.jpeg?h=225&w=225,yes,2026-10-07
326416165,Lettuce (Cos) Lobjoits Green,4.49,4.49,each,"Fresh Food > Fresh Salad, Coleslaw & Sandwich Fillers > Lettuce & Salad bags > Romaine & Gem Lettuce",https://www.tesco.com/groceries/en-GB/products/326416165,https://digitalcontent.api.tesco.com/v2/media/marketplace/a84d207e-4e82-4e4a-9e6d-f2c39f4d6f73/e64b32d6e7244be5b7d43021c7be9a7e_288300960.jpeg?h=225&w=225,yes,2026-10-07
288101624,Yarden Houmous Tahina 400g,4.30,10.75,per kg,"Food Cupboard > World Foods > Kosher > Kosher Hummus, Guacamole & Dips",https://www.tesco.com/groceries/en-GB/products/288101624,https://digitalcontent.api.tesco.com/v2/media/ghs/a47d0264-0fdc-4835-b3d4-8494ef73b0e0/b3badcde-be11-45b1-aafa-5a1b917f0576.jpeg?h=225&w=225,yes,2026-10-07
321531111,Tesco Finest Extra Smooth Houmous 170g,2.80,16.47,per kg,"Fresh Food > Fresh Salad, Coleslaw & Sandwich Fillers > Houmous & Dips > Houmous",https://www.tesco.com/groceries/en-GB/products/321531111,https://digitalcontent.api.tesco.com/v2/media/ghs/7b272047-6742-4005-929d-d9b13534d7b1/4554069c-ecb5-493b-a741-edfaa65ac1eb_1391423723.jpeg?h=225&w=225,yes,2026-10-07
298089409,Yarden Houmous Garlic & Red Pepper 250G,2.95,11.8,per kg,"Food Cupboard > World Foods > Kosher > Kosher Hummus, Guacamole & Dips",https://www.tesco.com/groceries/en-GB/products/298089409,https://digitalcontent.api.tesco.com/v2/media/ghs/3dc990c0-518b-4cf0-9515-a624a991df08/f9897ea5-6a3a-49dd-ad96-bbdafad8946f.jpeg?h=225&w=225,yes,2026-10-07
320789648,Ramona's Heavenly Houmous Red Pepper 500g,3.70,7.4,per kg,"Fresh Food > Fresh Salad, Coleslaw & Sandwich Fillers > Houmous & Dips > Flavoured Houmous",https://www.tesco.com/groceries/en-GB/products/320789648,https://digitalcontent.api.tesco.com/v2/media/ghs/0f11b0af-4022-4cdb-8e2c-972e2c0a9c86/1365c8e0-c33b-4d73-9392-0422f4d92f60_959767188.jpeg?h=225&w=225,yes,2026-10-07
298089421,Yarden Prestige Houmous 250G,2.95,11.8,per kg,"Food Cupboard > World Foods > Kosher > Kosher Hummus, Guacamole & Dips",https://www.tesco.com/groceries/en-GB/products/298089421,https://digitalcontent.api.tesco.com/v2/media/ghs/7e66a887-3d2a-42dc-a71f-f20ccd68f770/74005a99-56d6-4e8a-9df3-ba8ab40f5438.jpeg?h=225&w=225,yes,2026-10-07
301429579,Tesco Chicken & Bacon Pasta 300G,3.10,10.33,per kg,"Fresh Food > Chilled Soup, Sandwiches & Salad Pots > Pasta, Salad Pots & Noodle Pots > Meat & Chicken Salads",https://www.tesco.com/groceries/en-GB/products/301429579,https://digitalcontent.api.tesco.com/v2/media/ghs/70cb8f0e-ee3f-411e-8f3e-69a70b46a2ba/a9430b9f-2826-46f0-bd56-de0cd28f676e.jpeg?h=225&w=225,yes,2026-10-07
254501341,Tesco Honey & Mustard Chicken Pasta 300G,3.10,10.33,per kg,"Fresh Food > Chilled Soup, Sandwiches & Salad Pots > Pasta, Salad Pots & Noodle Pots > Meat & Chicken Salads",https://www.tesco.com/groceries/en-GB/products/254501341,https://digitalcontent.api.tesco.com/v2/media/ghs/6f28aa47-0e8f-4702-a70f-14730efd88c1/9f37a193-d10a-4bb9-b37e-253d2c290cdc.jpeg?h=225&w=225,yes,2026-10-07
251117841,Yarden Houmous Extra 250G,2.95,11.8,per kg,"Food Cupboard > World Foods > Kosher > Kosher Hummus, Guacamole & Dips",https://www.tesco.com/groceries/en-GB/products/251117841,https://digitalcontent.api.tesco.com/v2/media/ghs/f378dddb-6b91-4e0a-8a6e-bf1ce5ea6106/630aa2d4-abed-4ee9-a28f-35c0cf5946c7.jpeg?h=225&w=225,yes,2026-10-07
250442416,Yarden Red Cabbage Mayonnaise 250G,2.95,11.8,per kg,"Food Cupboard > World Foods > Kosher > Kosher Hummus, Guacamole & Dips",https://www.tesco.com/groceries/en-GB/products/250442416,https://digitalcontent.api.tesco.com/v2/media/ghs/198899e4-3338-4366-9086-137f7ab0dd2d/778eaa28-9280-427c-b87e-f0b4944613b7.jpeg?h=225&w=225,yes,2026-10-07
303673407,Tesco Ham Egg & Coleslaw Salad 235G,3.10,13.19,per kg,"Fresh Food > Fresh Salad, Coleslaw & Sandwich Fillers > Salad Pots & Pasta Salad > Meat & Seafood Salad",https://www.tesco.com/groceries/en-GB/products/303673407,https://digitalcontent.api.tesco.com/v2/media/ghs/62da5593-6007-4603-a399-6aa6ec388ecc/ccc0566a-2f6e-4ebf-ac75-839871ebdc6b.jpeg?h=225&w=225,yes,2026-10-07
278935113,Tesco Feta Semi Dried Tomato Pasta 290G,3.10,10.69,per kg,"Fresh Food > Chilled Soup, Sandwiches & Salad Pots > Pasta, Salad Pots & Noodle Pots > Pasta Salads",https://www.tesco.com/groceries/en-GB/products/278935113,https://digitalcontent.api.tesco.com/v2/media/ghs/cf3bc6d1-2c7a-48f1-86e4-2cc9a736dbc7/3a06c9e8-f5fc-45f3-8839-5a04e3ef96b2.jpeg?h=225&w=225,yes,2026-10-07
322994309,Tesco Finest Cacio e Pepe Pasta Salad 215g,3.25,15.12,per kg,"Fresh Food > Fresh Salad, Coleslaw & Sandwich Fillers > Salad Pots & Pasta Salad > Pasta & Noodle Salad",https://www.tesco.com/groceries/en-GB/products/322994309,https://digitalcontent.api.tesco.com/v2/media/ghs/e3595805-4961-42eb-bbd0-33abe3c91a1d/4d3d45fd-d630-4742-a7db-02fa9fcd6980.jpeg?h=225&w=225,yes,2026-10-07
303673199,Tesco Prawn Layered Salad 300G,3.10,10.33,per kg,"Fresh Food > Fresh Salad, Coleslaw & Sandwich Fillers > Salad Pots & Pasta Salad > Meat & Seafood Salad",https://www.tesco.com/groceries/en-GB/products/303673199,https://digitalcontent.api.tesco.com/v2/media/ghs/3ec83ab9-8856-435b-a1c2-07ba497b6f73/f2665b03-1b8f-4273-9558-384c44ce2704.jpeg?h=225&w=225,yes,2026-10-07
310680716,Holy Moly Guacamole Original 3 x 57g,2.65,15.5,per kg,"Fresh Food > Cooked Meats, Antipasti & Dips > Houmous & Dips > Smashed Avocado & Guacamole",https://www.tesco.com/groceries/en-GB/products/310680716,https://digitalcontent.api.tesco.com/v2/media/ghs/dbb41434-d129-436f-80ec-75fa2e532952/2bbb5a7b-6b3c-41d4-ac20-1b2969aa7134_868591561.jpeg?h=225&w=225,yes,2026-10-07
322751690,Tesco Beetroot & Feta Grain Bowl 380g,4.75,12.5,per kg,"Fresh Food > Chilled Soup, Sandwiches & Salad Pots > Pasta, Salad Pots & Noodle Pots > Vegetarian Salads",https://www.tesco.com/groceries/en-GB/products/322751690,https://digitalcontent.api.tesco.com/v2/media/ghs/37abc85d-a168-43d8-9adb-7120ea824d2f/a6210f6b-d5f4-406e-8183-a76ad6753e78.jpeg?h=225&w=225,yes,2026-10-07
306952551,Holy Moly Guacamole Original 150G,2.35,15.67,per kg,"Fresh Food > Cooked Meats, Antipasti & Dips > Houmous & Dips > Smashed Avocado & Guacamole",https://www.tesco.com/groceries/en-GB/products/306952551,https://digitalcontent.api.tesco.com/v2/media/ghs/7a20b197-d86f-4fbb-a894-7ca848a58639/742f4754-6b17-4a9c-9b6f-82855a482e40_2989678.jpeg?h=225&w=225,yes,2026-10-07
292619260,Tesco French Style Dressing 175Ml,1.50,8.57,per litre,"Fresh Food > Fresh Salad, Coleslaw & Sandwich Fillers > Salad Dressings & Croutons > Salad Dressings",https://www.tesco.com/groceries/en-GB/products/292619260,https://digitalcontent.api.tesco.com/v2/media/ghs/7dd86a25-a507-4443-8d48-fdecd4264a7b/40951fa9-9558-4b2f-b074-566d5f0b4ffb_679463405.jpeg?h=225&w=225,yes,2026-10-07
323325289,Tesco Chargrilled Vegetable Couscous 200g,1.90,9.5,per kg,"Fresh Food > Fresh Salad, Coleslaw & Sandwich Fillers > Salad Pots & Pasta Salad > Side Salads",https://www.tesco.com/groceries/en-GB/products/323325289,https://digitalcontent.api.tesco.com/v2/media/ghs/53fa1325-060b-4d80-ad0e-eb989fa44710/69bf92d2-331e-436e-b95e-f0c7945c9251_778046891.jpeg?h=225&w=225,yes,2026-10-07
323430360,Tesco Finest Houmous & Roasted Red Pepper 250g,3.50,14,per kg,"Fresh Food > Fresh Salad, Coleslaw & Sandwich Fillers > Houmous & Dips > Flavoured Houmous",https://www.tesco.com/groceries/en-GB/products/323430360,https://digitalcontent.api.tesco.com/v2/media/ghs/3b3f8e1e-45e0-4540-ac00-dce3332f062a/d51723b3-c4a5-4334-99ce-abbe71f23ad1_677423707.jpeg?h=225&w=225,yes,2026-10-07
322236851,Moorish Smoked Humous 150g,2.00,13.33,per kg,"Fresh Food > Fresh Salad, Coleslaw & Sandwich Fillers > Houmous & Dips > Flavoured Houmous",https://www.tesco.com/groceries/en-GB/products/322236851,https://digitalcontent.api.tesco.com/v2/media/ghs/c3644497-0747-495a-98df-99f60eb5adb1/521d8836-40c3-439b-8a8b-cdd22fd75f24_1168412769.jpeg?h=225&w=225,yes,2026-10-07
317540221,Holy Moly Smashed Avocado 150g,2.35,15.67,per kg,"Fresh Food > Fresh Salad, Coleslaw & Sandwich Fillers > Houmous & Dips > Smashed Avocado & Guacamole",https://www.tesco.com/groceries/en-GB/products/317540221,https://digitalcontent.api.tesco.com/v2/media/ghs/89d1d128-1c41-48ea-bcc8-cb58e351e753/91363c3b-6d54-4f44-9e03-d981c4118f66_1096848054.jpeg?h=225&w=225,yes,2026-10-07
323670000,Tesco Reduced Fat Caesar Dressing 175ml,1.50,8.57,per litre,"Fresh Food > Fresh Salad, Coleslaw & Sandwich Fillers > Salad Dressings & Croutons > Salad Dressings",https://www.tesco.com/groceries/en-GB/products/323670000,https://digitalcontent.api.tesco.com/v2/media/ghs/65d5bc87-42f6-4308-a8cb-fbe3ee0eb7e9/61ad0ce5-abf0-42d1-9889-532735dd2dd5.jpeg?h=225&w=225,yes,2026-10-07
323655791,Tesco Chopped Soy & Miso Salad Kit 295g,2.95,10,per kg,"Fresh Food > Fresh Salad, Coleslaw & Sandwich Fillers > Lettuce & Salad bags > Salad Bags",https://www.tesco.com/groceries/en-GB/products/323655791,https://digitalcontent.api.tesco.com/v2/media/ghs/f42293f0-8fcd-4ab8-be82-f32154eb9e9e/3fe1707d-0dc3-40ee-a827-98039907013b.jpeg?h=225&w=225,yes,2026-10-07
320798833,Tesco Greek Style Chicken Sandwich Filler 235g,1.70,7.23,per kg,"Fresh Food > Cooked Meats, Antipasti & Dips > Sandwich Fillers > Sandwich Fillers",https://www.tesco.com/groceries/en-GB/products/320798833,https://digitalcontent.api.tesco.com/v2/media/ghs/b3ea99bb-3e63-4047-889b-5961f4430c8c/26173edd-f898-406e-884b-060be9b13512_1994086534.jpeg?h=225&w=225,yes,2026-10-07
316293290,Tesco Zingy Corn Salsa 165g,1.45,8.79,per kg,"Fresh Food > Fresh Salad, Coleslaw & Sandwich Fillers > Lettuce & Salad bags > Salad Bowls",https://www.tesco.com/groceries/en-GB/products/316293290,https://digitalcontent.api.tesco.com/v2/media/ghs/4f6c2b01-93a1-40c7-a45f-a9a6b4648287/8a346a27-88f6-4ad0-99a0-52b412d2a8f1.jpeg?h=225&w=225,yes,2026-10-07
303881777,Crouton Company Pepper & Salt Croutons 40G,0.55,13.75,per kg,"Fresh Food > Fresh Salad, Coleslaw & Sandwich Fillers > Salad Dressings & Croutons > Croutons",https://www.tesco.com/groceries/en-GB/products/303881777,https://digitalcontent.api.tesco.com/v2/media/ghs/cc67708f-e912-4f14-a2c6-d5b7b692f84d/ec960e20-ca40-4641-9b75-d94d35bbe75a_1064293203.jpeg?h=225&w=225,yes,2026-10-07
323419046,TESCO Caesar Chicken & bacon 235g ,1.70,7.23,per kg,"Fresh Food > Chilled Soup, Sandwiches & Salad Pots > Sandwiches, Wraps & Sushi > Sandwiches",https://www.tesco.com/groceries/en-GB/products/323419046,https://digitalcontent.api.tesco.com/v2/media/ghs/65eafb3c-b3bb-4d88-b11b-ba78248b3258/3f8fabe9-b8f6-49e5-b376-8530444d53ac_1383808230.jpeg?h=225&w=225,yes,2026-10-07
322064835,Tesco Finest Moroccan Inspired Houmous 170g,2.80,16.47,per kg,"Fresh Food > Fresh Salad, Coleslaw & Sandwich Fillers > Houmous & Dips > Flavoured Houmous",https://www.tesco.com/groceries/en-GB/products/322064835,https://digitalcontent.api.tesco.com/v2/media/ghs/39be7463-7f0e-4676-b148-d9dcc378b631/ad30ecab-1c81-421c-8885-5c86016c8219_990205748.jpeg?h=225&w=225,yes,2026-10-07
305958575,Tesco Finest Mozzarella & Pesto Pasta Salad 235G,4.25,18.08,per kg,"Fresh Food > Fresh Salad, Coleslaw & Sandwich Fillers > Salad Pots & Pasta Salad > Pasta & Noodle Salad",https://www.tesco.com/groceries/en-GB/products/305958575,https://digitalcontent.api.tesco.com/v2/media/ghs/7b2213d5-2d4d-41bc-b207-2838d2312ddc/56bcfdac-bb51-4197-86b4-fa5614bb7605.jpeg?h=225&w=225,yes,2026-10-07
321533161,Pollen & Grace Superfood Red Pepper Houmous & Rice Salad Bowl 275g ,4.25,15.46,per kg,"Fresh Food > Fresh Salad, Coleslaw & Sandwich Fillers > Lettuce & Salad bags > Salad Bowls",https://www.tesco.com/groceries/en-GB/products/321533161,https://digitalcontent.api.tesco.com/v2/media/ghs/33182ca7-6939-47f1-abf8-5e584fbb9f79/b1a9d87f-6fde-4e48-92cf-99d6ceac7fdf.jpeg?h=225&w=225,no,2026-10-07
283195992,Tesco Basil Pesto & Semi Dried Tomato Pasta 225g,3.10,13.78,per kg,"Fresh Food > Chilled Soup, Sandwiches & Salad Pots > Pasta, Salad Pots & Noodle Pots > Vegetarian Salads",https://www.tesco.com/groceries/en-GB/products/283195992,https://digitalcontent.api.tesco.com/v2/media/ghs/0a6416cf-e863-4306-82ea-2d0efee8bdce/c2b24c7e-34f6-4a29-9d6a-d0991c682367.jpeg?h=225&w=225,yes,2026-10-07
323161228,Tesco Finest Red Pepper & Sun-dried Tomato Pasta Salad 215g,3.50,16.28,per kg,"Fresh Food > Chilled Soup, Sandwiches & Salad Pots > Pasta, Salad Pots & Noodle Pots > Pasta Salads",https://www.tesco.com/groceries/en-GB/products/323161228,https://digitalcontent.api.tesco.com/v2/media/ghs/ed98a5a7-68df-49f3-b7f9-b90e00cd8f6c/b9d2bb5d-e4f0-482b-a095-aa6517479a4d_567137301.jpeg?h=225&w=225,yes,2026-10-07
322850780,Tesco Gochujang Chicken Grain Bowl 360g,4.75,13.19,per kg,"Fresh Food > Fresh Salad, Coleslaw & Sandwich Fillers > Lettuce & Salad bags > Salad Bowls",https://www.tesco.com/groceries/en-GB/products/322850780,https://digitalcontent.api.tesco.com/v2/media/ghs/f450933a-1de1-4ad3-bc2a-3714115315b0/a3c0006e-0bf8-40a6-8c7e-aa7ba0d04b27.jpeg?h=225&w=225,yes,2026-10-07
323409248,Tesco Finest Mozzarella Pearls & Pesto Orzo Salad 215g,3.50,16.28,per kg,"Fresh Food > Fresh Salad, Coleslaw & Sandwich Fillers > Salad Pots & Pasta Salad > Pasta & Noodle Salad",https://www.tesco.com/groceries/en-GB/products/323409248,https://digitalcontent.api.tesco.com/v2/media/ghs/28977d03-beff-44e5-81a0-35970760fc84/5b01ecf3-35a3-406e-a6b9-ee1ab73c0c5b_1576684450.jpeg?h=225&w=225,yes,2026-10-07
321944636,The Real Greek Giant Bean & Aubergine Salad 200g,2.75,13.75,per kg,"Fresh Food > Fresh Salad, Coleslaw & Sandwich Fillers > Salad Pots & Pasta Salad > Beetroot, Bean & Vegetable Salad",https://www.tesco.com/groceries/en-GB/products/321944636,https://digitalcontent.api.tesco.com/v2/media/ghs/1a928611-5863-4cb7-b85c-0fa4ffd0c24d/8b1902d3-20c0-4d64-911e-5a1643faaf88_90234728.jpeg?h=225&w=225,yes,2026-10-07
316539907,Tesco Smashed Avocado Vibrant & Spicy 150g,2.10,14,per kg,"Fresh Food > Fresh Salad, Coleslaw & Sandwich Fillers > Houmous & Dips > Smashed Avocado & Guacamole",https://www.tesco.com/groceries/en-GB/products/316539907,https://digitalcontent.api.tesco.com/v2/media/ghs/df2f2b68-051a-46f4-9061-962cde918807/a815573e-d8e6-437d-9540-5f2ed147e1dd_1926788357.jpeg?h=225&w=225,yes,2026-10-07
316534000,Tesco Smashed Avocado Vibrant & Zesty 150g,2.10,14,per kg,"Fresh Food > Fresh Salad, Coleslaw & Sandwich Fillers > Houmous & Dips > Smashed Avocado & Guacamole",https://www.tesco.com/groceries/en-GB/products/316534000,https://digitalcontent.api.tesco.com/v2/media/ghs/3de97faa-dea9-4e1d-9291-b05125d4a98a/810c1d95-a795-4634-8503-e17d005d7968_586043951.jpeg?h=225&w=225,yes,2026-10-07
323304251,Tesco Finest Buttermilk Ranch Dressing 235ml,2.35,10,per litre,"Fresh Food > Fresh Salad, Coleslaw & Sandwich Fillers > Salad Dressings & Croutons > Salad Dressings",https://www.tesco.com/groceries/en-GB/products/323304251,https://digitalcontent.api.tesco.com/v2/media/ghs/9e236e8f-3a92-4a61-a297-06c7a16d720f/02aa36f4-6ef3-4823-9c9c-d6ff04f8a94a_1579522552.jpeg?h=225&w=225,yes,2026-10-07
323421095,Tesco Houmous Platter 280g,3.25,11.61,per kg,"Fresh Food > Fresh Salad, Coleslaw & Sandwich Fillers > Houmous & Dips > Houmous",https://www.tesco.com/groceries/en-GB/products/323421095,https://digitalcontent.api.tesco.com/v2/media/ghs/2f3cc411-c448-432f-a8c9-b79a7b69fb36/3966a134-a2de-4759-9fd7-85c97eb89b26.jpeg?h=225&w=225,yes,2026-10-07
322440735,Moorish Smoked Humous with Chilli Harissa​ 150g,2.00,13.33,per kg,"Fresh Food > Fresh Salad, Coleslaw & Sandwich Fillers > Houmous & Dips > Flavoured Houmous",https://www.tesco.com/groceries/en-GB/products/322440735,https://digitalcontent.api.tesco.com/v2/media/ghs/ccef131b-55ad-4b13-a34c-57c972b55593/4371bd08-3eac-4f2c-8c68-cfce7654b422_1334562844.jpeg?h=225&w=225,yes,2026-10-07
320982701,Tesco Plant Chef Coleslaw 250g,1.60,6.4,per kg,Fresh Food > Chilled Vegetarian & Vegan > Ready to Eat Snacks & Falafels > Picnic Foods,https://www.tesco.com/groceries/en-GB/products/320982701,https://digitalcontent.api.tesco.com/v2/media/ghs/88ba9d98-92fd-465a-a585-07990ceddf83/b6fa80fc-411c-451e-9e03-16034fc36c2e.jpeg?h=225&w=225,yes,2026-10-07
323433679,Tesco Honey & Mustard Dressing 175ml ,1.50,8.57,per litre,"Fresh Food > Fresh Salad, Coleslaw & Sandwich Fillers > Salad Dressings & Croutons > Salad Dressings",https://www.tesco.com/groceries/en-GB/products/323433679,https://digitalcontent.api.tesco.com/v2/media/ghs/bda42d65-033b-4044-ae12-ad3212b341b2/4c532433-16c1-4c25-8a31-07248d5db88e.jpeg?h=225&w=225,yes,2026-10-07
323409945,Tesco Chicken & Bacon Salad with Honey Mustard Dressing 200g,3.00,15,per kg,"Fresh Food > Fresh Salad, Coleslaw & Sandwich Fillers > Lettuce & Salad bags > Salad Bowls",https://www.tesco.com/groceries/en-GB/products/323409945,https://digitalcontent.api.tesco.com/v2/media/ghs/7d39d6ca-1258-473f-95c4-ae83f6322b71/e1f03c58-497d-43dc-b97f-86e5c21937f9.jpeg?h=225&w=225,yes,2026-10-07
320658695,Tesco Finest Pesto & Parmesan Slaw 250g,2.10,8.4,per kg,"Fresh Food > Fresh Salad, Coleslaw & Sandwich Fillers > Coleslaw & Potato Salad > Premium Coleslaw",https://www.tesco.com/groceries/en-GB/products/320658695,https://digitalcontent.api.tesco.com/v2/media/ghs/0181574c-0d25-441e-b60c-7b446b6fd2fc/664494fd-ada3-42f7-8c16-507df91d98b6.jpeg?h=225&w=225,yes,2026-10-07
323431474,Tesco Finest Caesar & Smoked Bacon Coleslaw 270g ,3.50,12.96,per kg,"Fresh Food > Fresh Salad, Coleslaw & Sandwich Fillers > Coleslaw & Potato Salad > Premium Coleslaw",https://www.tesco.com/groceries/en-GB/products/323431474,https://digitalcontent.api.tesco.com/v2/media/ghs/d02aed66-d789-4db5-a15a-b2a895c71dc0/d6dc5f89-2ad9-4464-9811-1c102546a113_1157981202.jpeg?h=225&w=225,yes,2026-10-07
323431998,Tesco Finest French Style Dressing 235ml,2.35,10,per litre,"Fresh Food > Fresh Salad, Coleslaw & Sandwich Fillers > Salad Dressings & Croutons > Salad Dressings",https://www.tesco.com/groceries/en-GB/products/323431998,https://digitalcontent.api.tesco.com/v2/media/ghs/df358818-89f2-455b-b242-42affc2d02ef/a8573c4a-3384-47fd-a284-4ec683860895_1981286836.jpeg?h=225&w=225,yes,2026-10-07
323500767,Tesco Pickled Mexican Style Slaw 340g,1.60,4.71,per kg DR.WT,"Fresh Food > Fresh Salad, Coleslaw & Sandwich Fillers > Coleslaw & Potato Salad > Coleslaw",https://www.tesco.com/groceries/en-GB/products/323500767,https://digitalcontent.api.tesco.com/v2/media/ghs/60d6e220-225b-4fd7-8143-33ee956fe7da/5c7d86a0-a436-41c4-93b3-274d8f132781_1258332665.jpeg?h=225&w=225,yes,2026-10-07
323642587,Tesco Pickled Asian Style Slaw 340g,1.60,4.71,per kg DR.WT,"Fresh Food > Fresh Salad, Coleslaw & Sandwich Fillers > Coleslaw & Potato Salad > Coleslaw",https://www.tesco.com/groceries/en-GB/products/323642587,https://digitalcontent.api.tesco.com/v2/media/ghs/53443cc0-605d-448e-95bf-61988f3b3fca/9d925ec5-ca43-4ef9-97fc-a52a0bbdbeb0_379125548.jpeg?h=225&w=225,yes,2026-10-07
323412128,Tesco Finest Buffalo Potato Salad 270g,3.50,12.96,per kg,"Fresh Food > Fresh Salad, Coleslaw & Sandwich Fillers > Coleslaw & Potato Salad > Potato Salad",https://www.tesco.com/groceries/en-GB/products/323412128,https://digitalcontent.api.tesco.com/v2/media/ghs/86ba7da0-d28c-40b2-90fb-8e741d70d27d/8269cb0c-768e-4dd4-a331-8126cc6512e4_632984296.jpeg?h=225&w=225,yes,2026-10-07
322245915,Tesco Organic Little Gem Twin Pack,1.60,0.8,each,"Fresh Food > Fresh Salad, Coleslaw & Sandwich Fillers > Lettuce & Salad bags > Organic Lettuce",https://www.tesco.com/groceries/en-GB/products/322245915,https://digitalcontent.api.tesco.com/v2/media/ghs/4c95c643-1b8d-4fa8-b5bb-d98e39945a5a/f7590a16-b7a1-4689-b426-730271445cef.jpeg?h=225&w=225,yes,2026-10-07
279232799,Tesco Ready To Eat Extra Large Avocados Each,1.50,1.5,each,"Fresh Food > Fresh Salad, Coleslaw & Sandwich Fillers > Avocado > Ready To Eat Avocado",https://www.tesco.com/groceries/en-GB/products/279232799,https://digitalcontent.api.tesco.com/v2/media/ghs/29300013-e3fc-47f7-94a1-1c58ec8833bb/ee1b8b09-fcc8-4f9c-aa59-01d5bd9d1192.jpeg?h=225&w=225,yes,2026-10-07
322847502,Tesco Finest Four Cheese Potato Salad 270g,3.50,12.96,per kg,"Fresh Food > Fresh Salad, Coleslaw & Sandwich Fillers > Coleslaw & Potato Salad > Potato Salad",https://www.tesco.com/groceries/en-GB/products/322847502,https://digitalcontent.api.tesco.com/v2/media/ghs/1b6ce7bf-b49b-4bfa-928f-84cd68bb7c27/23dbe901-7a6d-4e30-a7a2-4880c294b5ac_1955548344.jpeg?h=225&w=225,yes,2026-10-07
323312990,Tesco Chilli Cheese Potato Salad 250g,1.30,5.2,per kg,"Fresh Food > Fresh Salad, Coleslaw & Sandwich Fillers > Coleslaw & Potato Salad > Potato Salad",https://www.tesco.com/groceries/en-GB/products/323312990,https://digitalcontent.api.tesco.com/v2/media/ghs/96990e11-e14f-415d-a962-91a243ff066d/cad5ff38-67b2-443b-a88d-55d49f946709.jpeg?h=225&w=225,yes,2026-10-07
323427094,Tesco Finest Ploughman's Dip 160g,2.80,17.5,per kg,"Fresh Food > Cooked Meats, Antipasti & Dips > Houmous & Dips > Creamy Dips & Tzatziki",https://www.tesco.com/groceries/en-GB/products/323427094,https://digitalcontent.api.tesco.com/v2/media/ghs/4c98323f-edf7-476b-bb43-4f32f366f7c8/137cb626-6497-4f72-975c-0f45571f8585_294100637.jpeg?h=225&w=225,yes,2026-10-07
266752278,Cauldron Foods Lincolnshire Sausages 6 Pack 276G,3.10,11.23,per kg,Fresh Food > Chilled Vegetarian & Vegan > Sausages & Bacon Alternatives > Sausages,https://www.tesco.com/groceries/en-GB/products/266752278,https://digitalcontent.api.tesco.com/v2/media/ghs/4c461256-432e-442c-9c4a-3250d9af4be4/1ef9f5ef-77e3-4de3-8f46-6a62f0cbd99b.jpeg?h=225&w=225,yes,2026-10-07
266727804,Cauldron Foods Falafel 200G,2.60,13,per kg,Fresh Food > Chilled Vegetarian & Vegan > Ready to Eat Snacks & Falafels > Falafels,https://www.tesco.com/groceries/en-GB/products/266727804,https://digitalcontent.api.tesco.com/v2/media/ghs/b12252ae-5db6-491d-b531-913c07bf552c/7b4ebad2-e949-415f-a1f4-5338500075f7.jpeg?h=225&w=225,yes,2026-10-07
330775088,Tiba Tempeh Organic Original 200g,2.70,13.5,per kg,Fresh Food > Chilled Vegetarian & Vegan > Tofu & Tempeh > Tofu & Tempeh,https://www.tesco.com/groceries/en-GB/products/330775088,https://digitalcontent.api.tesco.com/v2/media/ghs/55477469-014f-4080-a18c-cf70d246922a/50001037-d8af-498f-ba13-f916279ed497_541094157.jpeg?h=225&w=225,yes,2026-10-07
330780575,IMPOSSIBLE BURGER PATTIES MADE FROM PLANTS 226g,4.25,18.8,per kg,Fresh Food > Chilled Vegetarian & Vegan > Burgers > Burgers,https://www.tesco.com/groceries/en-GB/products/330780575,https://digitalcontent.api.tesco.com/v2/media/ghs/88690e35-064e-43e8-b7f5-3030250a5bb1/a67a539d-e7e9-4b76-819a-d91974311fe7.jpeg?h=225&w=225,yes,2026-10-07
312705369,This Isn't Pork Plant Based Sausages 270G,3.75,13.89,per kg,Fresh Food > Chilled Vegetarian & Vegan > Sausages & Bacon Alternatives > Sausages,https://www.tesco.com/groceries/en-GB/products/312705369,https://digitalcontent.api.tesco.com/v2/media/ghs/61ee7b9f-83b4-4f7c-9b96-fcc0ba68c176/866e46cf-84bc-427c-9224-b876f5ea2733.jpeg?h=225&w=225,yes,2026-10-07
306819791,The Tofoo Co. Extra Firm Organic Tofu Naked XL 450g,3.50,7.78,per kg,Fresh Food > Chilled Vegetarian & Vegan > Tofu & Tempeh > Tofu & Tempeh,https://www.tesco.com/groceries/en-GB/products/306819791,https://digitalcontent.api.tesco.com/v2/media/ghs/c28f3a4e-97f9-41a3-810d-ab196c2cce7f/1e5a6c7e-a8de-46cb-ac45-ea90ee571981.jpeg?h=225&w=225,yes,2026-10-07
330783488,La Vie Teriyaki Tofu 240g,3.90,16.25,per kg,Fresh Food > Chilled Vegetarian & Vegan > Tofu & Tempeh > Flavoured & Smoked Tofu & Tempeh,https://www.tesco.com/groceries/en-GB/products/330783488,https://digitalcontent.api.tesco.com/v2/media/ghs/b2235d14-9488-4d80-8701-514aa6097b61/021b7807-4e18-4f0f-8dcf-06432529a4f2.jpeg?h=225&w=225,yes,2026-10-07
305972822,Violife Epic Cheddar Cheese Alternative 200g,3.00,15,per kg,Fresh Food > Dairy Free & Dairy Alternatives > Dairy Free Cheese Alternatives > Dairy Free Block Cheese Alternatives,https://www.tesco.com/groceries/en-GB/products/305972822,https://digitalcontent.api.tesco.com/v2/media/ghs/fdfde268-e573-4020-bdb8-4be8c0ad3257/d0f7d4b3-b748-446e-a721-8c5cac3c0dcf_433850122.jpeg?h=225&w=225,yes,2026-10-07
300743036,The Tofoo Co. Smoked Organic Tofu 225G,2.85,12.67,per kg,Fresh Food > Chilled Vegetarian & Vegan > Tofu & Tempeh > Flavoured & Smoked Tofu & Tempeh,https://www.tesco.com/groceries/en-GB/products/300743036,https://digitalcontent.api.tesco.com/v2/media/ghs/c564e35b-cf8e-40f6-afff-4afb54eaae15/a8c5a0b3-afbf-4c88-a606-c9c712d6402b.jpeg?h=225&w=225,yes,2026-10-07
317042684,Philadelphia Plant Based Soft Cream Cheese Alternative - Almond & Oat 145g,2.75,18.97,per kg,Fresh Food > Cheese > Dairy Free Cheese Alternatives > Dairy Free Cheese Alternatives,https://www.tesco.com/groceries/en-GB/products/317042684,https://digitalcontent.api.tesco.com/v2/media/ghs/68577551-b43b-4cc3-961f-3bfc745dec65/cc3694c1-7afd-4e48-8954-4b06a4923e47_367516287.jpeg?h=225&w=225,yes,2026-10-07
314118116,Gosh Mediterranean Falafel 171G,2.30,13.45,per kg,Fresh Food > Chilled Vegetarian & Vegan > Ready to Eat Snacks & Falafels > Falafels,https://www.tesco.com/groceries/en-GB/products/314118116,https://digitalcontent.api.tesco.com/v2/media/ghs/30ac461e-3703-40e0-9de1-d559c312c445/1aaa87f4-d4f7-43cf-92b1-631adfc33b51.jpeg?h=225&w=225,yes,2026-10-07
314324655,Gosh Moroccan Spiced Falafel 171G,2.30,13.45,per kg,Fresh Food > Chilled Vegetarian & Vegan > Ready to Eat Snacks & Falafels > Falafels,https://www.tesco.com/groceries/en-GB/products/314324655,https://digitalcontent.api.tesco.com/v2/media/ghs/5709c39a-1505-4422-9277-e8e3a3305428/cc81e67b-c63e-420c-b4b6-f356d0b4f3cb.jpeg?h=225&w=225,yes,2026-10-07
330776050,THIS Picnic Eggs 140g,2.95,21.07,per kg,"Fresh Food > Pies, Pasties, Quiches & Party Food > Vegetarian & Vegan Pies, Quiches & Snacks > Vegetarian & Vegan Snacks",https://www.tesco.com/groceries/en-GB/products/330776050,https://digitalcontent.api.tesco.com/v2/media/ghs/eea1895e-5df6-4dbe-92e6-63e2b6c2e7a5/82873bf5-3d22-44b0-ae65-313d1787cbe3.jpeg?h=225&w=225,yes,2026-10-07
330776569,THIS Crunchy Mushroom Bites 160g,2.95,18.44,per kg,"Fresh Food > Pies, Pasties, Quiches & Party Food > Vegetarian & Vegan Pies, Quiches & Snacks > Vegetarian & Vegan Snacks",https://www.tesco.com/groceries/en-GB/products/330776569,https://digitalcontent.api.tesco.com/v2/media/ghs/27ed485e-83f2-4e93-b1cf-1c354857c5b1/5a5ecb7b-5b79-46a2-832d-555820b13a80.jpeg?h=225&w=225,yes,2026-10-07
330786620,THIS Extra Firm Mushroom 'Tofu' 200g,2.95,14.75,per kg,Fresh Food > Chilled Vegetarian & Vegan > Tofu & Tempeh > Tofu & Tempeh,https://www.tesco.com/groceries/en-GB/products/330786620,https://digitalcontent.api.tesco.com/v2/media/ghs/86ae4aaa-6776-45b0-9a5e-138b51d3adf3/8582a744-29bc-4ae2-8e9c-5dc8bae99335.jpeg?h=225&w=225,yes,2026-10-07
330762623,THE TOFOO CO Organic spicy tofu 280g ,2.75,9.82,per kg,Fresh Food > Chilled Vegetarian & Vegan > Tofu & Tempeh > Flavoured & Smoked Tofu & Tempeh,https://www.tesco.com/groceries/en-GB/products/330762623,https://digitalcontent.api.tesco.com/v2/media/ghs/e3a9bdf5-8447-452a-bfb8-a8166db9a701/faef49ca-cfdc-44d5-afe4-a8809aa2ab63.jpeg?h=225&w=225,yes,2026-10-07
330783486,La Vie Vegan Salami Sticks Classic 75g,2.80,37.33,per kg,Fresh Food > Chilled Vegetarian & Vegan > Deli Slices & Ready to Eat Pieces > Slices & Pieces,https://www.tesco.com/groceries/en-GB/products/330783486,https://digitalcontent.api.tesco.com/v2/media/ghs/ace2589a-bf61-4a46-9a13-871db69ac088/9302b1ee-d77d-4f8e-9fb0-6b727ff0003d.jpeg?h=225&w=225,yes,2026-10-07
316535448,Violife Original Slices Vegan Cheese Alternative 175g,2.75,15.71,per kg,Fresh Food > Dairy Free & Dairy Alternatives > Dairy Free Cheese Alternatives > Dairy Free Cheese Slices & Grated Cheese Alternatives,https://www.tesco.com/groceries/en-GB/products/316535448,https://digitalcontent.api.tesco.com/v2/media/ghs/aaed5515-12dd-4f22-bd33-12c4f3f524cc/7f83f42d-7bcf-4746-af03-625727545ad7_617278322.jpeg?h=225&w=225,yes,2026-10-07
317747910,Yutaka Silken Tofu 308g,2.10,6.82,per kg,Fresh Food > Chilled Vegetarian & Vegan > Tofu & Tempeh > Tofu & Tempeh,https://www.tesco.com/groceries/en-GB/products/317747910,https://digitalcontent.api.tesco.com/v2/media/ghs/dd5f599b-3121-486d-9031-ab7b0a410bcc/196518e3-acb2-43c0-b28e-36155b00026c_534185574.jpeg?h=225&w=225,yes,2026-10-07
313956415,Richmond Meat-Free Back Bacon Rashers 120g,2.30,19.17,per kg,Fresh Food > Chilled Vegetarian & Vegan > Sausages & Bacon Alternatives > Bacon Alternatives,https://www.tesco.com/groceries/en-GB/products/313956415,https://digitalcontent.api.tesco.com/v2/media/ghs/f8d69d9c-4717-4cba-9c03-dcd815402e6a/0f5f3ca6-c6ec-4c49-b7fc-876e78b04af3.jpeg?h=225&w=225,yes,2026-10-07
313942570,Richmond Meat-Free Streaky Bacon Rashers 120g,2.30,19.17,per kg,Fresh Food > Chilled Vegetarian & Vegan > Sausages & Bacon Alternatives > Bacon Alternatives,https://www.tesco.com/groceries/en-GB/products/313942570,https://digitalcontent.api.tesco.com/v2/media/ghs/b9654b28-8e3b-4b6c-9622-ee4457e9ef32/8a25eeb4-c991-40d1-b170-b20c61344a75.jpeg?h=225&w=225,yes,2026-10-07
316445612,Violife Original Grated Vegan Cheese Alternative 175g,2.75,15.71,per kg,Fresh Food > Dairy Free & Dairy Alternatives > Dairy Free Cheese Alternatives > Dairy Free Cheese Slices & Grated Cheese Alternatives,https://www.tesco.com/groceries/en-GB/products/316445612,https://digitalcontent.api.tesco.com/v2/media/ghs/10b279c9-87b4-48c4-9c5b-796691e482c2/feb5bebd-e1a1-48c1-a603-3d167e61850c_994663304.jpeg?h=225&w=225,yes,2026-10-07
317661325,Quorn Veggie Ham 100g,2.10,21,per kg,Fresh Food > Chilled Vegetarian & Vegan > Deli Slices & Ready to Eat Pieces > Slices & Pieces,https://www.tesco.com/groceries/en-GB/products/317661325,https://digitalcontent.api.tesco.com/v2/media/ghs/dc298595-2f91-47fe-bf12-3dcc67bcd4d0/5cdbc492-4929-459d-8708-5a6991645f46.jpeg?h=225&w=225,yes,2026-10-07
330757250,THE TOFOO CO ORGANIC SILKEN TOFU 300g ,2.50,8.33,per kg,Fresh Food > Chilled Vegetarian & Vegan > Tofu & Tempeh > Tofu & Tempeh,https://www.tesco.com/groceries/en-GB/products/330757250,https://digitalcontent.api.tesco.com/v2/media/ghs/e9a8fe0d-c656-4269-90ba-ce628ed58db7/ad4f7840-2533-4009-a343-bd0c84b9a173.jpeg?h=225&w=225,yes,2026-10-07
323874024,Quorn Roasted Protein Bites 70g,1.16,16.57,per kg,Fresh Food > Chilled Vegetarian & Vegan > Deli Slices & Ready to Eat Pieces > Slices & Pieces,https://www.tesco.com/groceries/en-GB/products/323874024,https://digitalcontent.api.tesco.com/v2/media/ghs/076b32b0-a158-4d70-b209-d076fbfbbeb2/09a9f7cf-8496-40cc-bd19-19adeaf1cde3.jpeg?h=225&w=225,yes,2026-10-07
294476706,The Tofoo Co Naked Tofu 280G,2.50,8.93,per kg,Fresh Food > Chilled Vegetarian & Vegan > Tofu & Tempeh > Tofu & Tempeh,https://www.tesco.com/groceries/en-GB/products/294476706,https://digitalcontent.api.tesco.com/v2/media/ghs/8ce89d63-c97d-47dc-94f2-e7824d5222f9/0a615b43-91f0-4367-a1f0-fe48be059841.jpeg?h=225&w=225,yes,2026-10-07
323489048,Cauldron Extra Firm Tofu Block 200g,1.75,8.75,per kg,Fresh Food > Chilled Vegetarian & Vegan > Tofu & Tempeh > Tofu & Tempeh,https://www.tesco.com/groceries/en-GB/products/323489048,https://digitalcontent.api.tesco.com/v2/media/ghs/fb72aa46-5c93-43a9-b1ee-e9fa7ec173a9/541a5cfb-89a2-4e9e-b92e-40e53f259dc3.jpeg?h=225&w=225,yes,2026-10-07
314834869,Tesco Plant Chef Organic Firm Tofu 399g,1.95,6.5,per kg DR.WT,Fresh Food > Chilled Vegetarian & Vegan > Tofu & Tempeh > Tofu & Tempeh,https://www.tesco.com/groceries/en-GB/products/314834869,https://digitalcontent.api.tesco.com/v2/media/ghs/24940b58-591d-4e3e-b2ca-d28f187f422d/92084ba4-4fb9-44cd-b2df-306b11c842aa_592945195.jpeg?h=225&w=225,yes,2026-10-07
305734051,Beyond Burger Plant Based Patties 226G,4.50,19.91,per kg,Fresh Food > Chilled Vegetarian & Vegan > Burgers > Burgers,https://www.tesco.com/groceries/en-GB/products/305734051,https://digitalcontent.api.tesco.com/v2/media/ghs/a8118490-4924-4e31-b9e1-d42d75490c96/f4fc6874-0485-4a88-9c52-65238ed131d3.jpeg?h=225&w=225,yes,2026-10-07
317874217,Squeaky Bean Vegan Crispy Bacon 50g,2.75,55,per kg,Fresh Food > Chilled Vegetarian & Vegan > Deli Slices & Ready to Eat Pieces > Slices & Pieces,https://www.tesco.com/groceries/en-GB/products/317874217,https://digitalcontent.api.tesco.com/v2/media/ghs/0e97bf72-c068-49c6-9bac-4e5e6a70405d/15c76759-d21d-4fe4-9fc3-26f8ceb871ca.jpeg?h=225&w=225,yes,2026-10-07
314097986,Richmond Meat-Free Sausages 8 Pack 304g,2.40,7.9,per kg,Fresh Food > Chilled Vegetarian & Vegan > Sausages & Bacon Alternatives > Sausages,https://www.tesco.com/groceries/en-GB/products/314097986,https://digitalcontent.api.tesco.com/v2/media/ghs/3009d3be-890b-478e-ab60-94cb6b88f70f/5d1574d7-c0cd-423a-bac5-eaed80900455.jpeg?h=225&w=225,yes,2026-10-07
316427847,Quorn 12 Picnic Eggs 240g,2.39,9.96,per kg,Fresh Food > Chilled Vegetarian & Vegan > Ready to Eat Snacks & Falafels > Picnic Foods,https://www.tesco.com/groceries/en-GB/products/316427847,https://digitalcontent.api.tesco.com/v2/media/ghs/86f9c8a3-a65a-4720-b74f-805503c9e65d/4972cefd-a79e-4986-9cbf-f43b07f39bd1.jpeg?h=225&w=225,yes,2026-10-07
330771036,The Tofoo Co Naked Tofu Mini 180g  ,1.55,8.61,per kg,Fresh Food > Chilled Vegetarian & Vegan > Tofu & Tempeh > Tofu & Tempeh,https://www.tesco.com/groceries/en-GB/products/330771036,https://digitalcontent.api.tesco.com/v2/media/ghs/f3293857-c840-4afd-909a-bcac310e1729/2dca8858-da8a-4341-b79b-c8a56e4905da_4009009903.jpeg?h=225&w=225,yes,2026-10-07
300544554,Vivera Plant-Based Shawarma Kebab 175g,2.65,15.14,per kg,"Fresh Food > Chilled Vegetarian & Vegan > Steaks, Fillets & Kebabs > Kebabs",https://www.tesco.com/groceries/en-GB/products/300544554,https://digitalcontent.api.tesco.com/v2/media/ghs/6e79f766-5566-474e-baab-99b66429c4c2/96f06c8c-9efe-4494-aa20-4ad0897c384d.jpeg?h=225&w=225,yes,2026-10-07
300544940,Quorn Vegan Smoky Ham Free Slice 100G,2.70,27,per kg,Fresh Food > Chilled Vegetarian & Vegan > Deli Slices & Ready to Eat Pieces > Slices & Pieces,https://www.tesco.com/groceries/en-GB/products/300544940,https://digitalcontent.api.tesco.com/v2/media/ghs/ba191be9-fb9d-4859-a6f9-eb2465cd93d7/93efaa2a-d997-4a8c-9cb4-d7057b609d05.jpeg?h=225&w=225,yes,2026-10-07
316431571,Quorn 24 Cocktail Sausages 240g,2.39,9.96,per kg,Fresh Food > Chilled Vegetarian & Vegan > Sausages & Bacon Alternatives > Sausages,https://www.tesco.com/groceries/en-GB/products/316431571,https://digitalcontent.api.tesco.com/v2/media/ghs/cd6aa05e-cf39-4832-a733-e1f70f281d69/e81cc104-00c2-49ad-b3fc-1de2f480cac6.jpeg?h=225&w=225,yes,2026-10-07
300544928,Quorn Vegan Chicken Free Slices 100G,2.70,27,per kg,Fresh Food > Chilled Vegetarian & Vegan > Deli Slices & Ready to Eat Pieces > Slices & Pieces,https://www.tesco.com/groceries/en-GB/products/300544928,https://digitalcontent.api.tesco.com/v2/media/ghs/f3f5f4a2-15a2-460a-ad73-a6a97f596a82/bd4391d4-cf11-40cd-b429-fabd7e8424f9.jpeg?h=225&w=225,yes,2026-10-07
310132519,Tesco Plant Chef 2 Meat Free Burgers 226G,2.00,8.85,per kg,Fresh Food > Chilled Vegetarian & Vegan > Burgers > Burgers,https://www.tesco.com/groceries/en-GB/products/310132519,https://digitalcontent.api.tesco.com/v2/media/ghs/637e21bf-f36a-4f10-86a3-9f5e3b7e03e3/b8752557-0918-4c55-9ae2-0547b5e40dec.jpeg?h=225&w=225,yes,2026-10-07
320680062,Cauldron Moreish-ly Moroccan Falafel 180g,2.60,14.44,per kg,Fresh Food > Chilled Vegetarian & Vegan > Ready to Eat Snacks & Falafels > Falafels,https://www.tesco.com/groceries/en-GB/products/320680062,https://digitalcontent.api.tesco.com/v2/media/ghs/82637991-a7e0-4da4-8e78-f0c4ff7c2b63/c1f60b70-3e15-4a59-aa44-6499ea5e6ea2.jpeg?h=225&w=225,yes,2026-10-07
304780273,Wall's Vegan Jumbo Roll 120G,1.30,10.83,per kg,"Fresh Food > Chilled Vegetarian & Vegan > Pies, Pasties & Sausage Rolls > Pasties & Sausage Rolls",https://www.tesco.com/groceries/en-GB/products/304780273,https://digitalcontent.api.tesco.com/v2/media/ghs/fd260db7-fb2d-4b47-8d25-05edd004a063/58f77ad6-7f1c-4815-b114-5dbe410ba57e.jpeg?h=225&w=225,yes,2026-10-07
330781611,Tiba Tempeh Southern Style Protein Bites 60g,1.50,25,per kg,Fresh Food > Chilled Vegetarian & Vegan > Tofu & Tempeh > Flavoured & Smoked Tofu & Tempeh,https://www.tesco.com/groceries/en-GB/products/330781611,https://digitalcontent.api.tesco.com/v2/media/ghs/3bbd9662-7e02-438d-a5df-226913bb3cf3/cec5a15b-fb89-4b7a-bc84-01b42339dab6.jpeg?h=225&w=225,yes,2026-10-07
330775094,Tiba Tempeh Roasted Protein Bites 60g,1.50,25,per kg,Fresh Food > Chilled Vegetarian & Vegan > Tofu & Tempeh > Flavoured & Smoked Tofu & Tempeh,https://www.tesco.com/groceries/en-GB/products/330775094,https://digitalcontent.api.tesco.com/v2/media/ghs/a2e6de6f-f663-49fa-a7f9-d6d93280e627/541731c5-e472-428a-a84c-b85a61563ea1.jpeg?h=225&w=225,yes,2026-10-07
316437081,Quorn 14 Cocktail Sausages 140g,2.10,15,per kg,Fresh Food > Chilled Vegetarian & Vegan > Ready to Eat Snacks & Falafels > Picnic Foods,https://www.tesco.com/groceries/en-GB/products/316437081,https://digitalcontent.api.tesco.com/v2/media/ghs/9db7794f-b31e-4083-8f8a-69c7e2179988/75c75d7d-8be6-4d47-80d0-d9ef01cadb2e.jpeg?h=225&w=225,yes,2026-10-07
316442385,Quorn 7 Picnic Eggs 140g,2.10,15,per kg,Fresh Food > Chilled Vegetarian & Vegan > Ready to Eat Snacks & Falafels > Picnic Foods,https://www.tesco.com/groceries/en-GB/products/316442385,https://digitalcontent.api.tesco.com/v2/media/ghs/e7a16020-c79d-4a58-a747-373c9dfe764f/f84c8971-62ff-4fcb-92e4-3ea3ff2547b2.jpeg?h=225&w=225,yes,2026-10-07
323139953,Tesco Finest Halloumi & Hot Honey Filo Batons 126G,3.75,29.76,per kg,Fresh Food > Chilled Vegetarian & Vegan > Ready to Eat Snacks & Falafels > Picnic Foods,https://www.tesco.com/groceries/en-GB/products/323139953,https://digitalcontent.api.tesco.com/v2/media/ghs/f53c8373-03d5-461e-ba92-18d1ba3fe7e0/5c5b14fa-81f5-4859-8425-abcc9c6d12d8_3086575111.jpeg?h=225&w=225,yes,2026-10-07
322840112,The Tofoo Co. Naked XXL 750g ,5.50,7.33,per kg,Fresh Food > Chilled Vegetarian & Vegan > Tofu & Tempeh > Tofu & Tempeh,https://www.tesco.com/groceries/en-GB/products/322840112,https://digitalcontent.api.tesco.com/v2/media/ghs/4dda24ad-74ec-419d-9e37-efc03e8f0c7e/673f5573-25fd-4046-97aa-ffc2ba125748.jpeg?h=225&w=225,yes,2026-10-07
330776095,Crosta & Mollica Verdure Pizza 471g,6.25,13.27,per kg,Frozen Food > Pizza & Garlic Bread > Vegan Pizza > Frozen Vegan Pizza,https://www.tesco.com/groceries/en-GB/products/330776095,https://digitalcontent.api.tesco.com/v2/media/ghs/7b736a2e-3d00-4db9-8012-14533c3cc10a/114176c7-4929-457e-bbc3-ccae2cfb428d.jpeg?h=225&w=225,yes,2026-10-07
251922538,"Quorn Meat Free Peppered Steaks 2 Pack, 196G",3.65,18.62,per kg,"Fresh Food > Chilled Vegetarian & Vegan > Steaks, Fillets & Kebabs > Steaks & Fillets",https://www.tesco.com/groceries/en-GB/products/251922538,https://digitalcontent.api.tesco.com/v2/media/ghs/1e0b43f2-8352-4978-b32b-cf9dabef5381/415f2ce2-4011-4acd-aae9-69f65f96db1a_514835581.jpeg?h=225&w=225,yes,2026-10-07
266728037,Cauldron Foods Tofu Pieces 160G,3.20,20,per kg,Fresh Food > Chilled Vegetarian & Vegan > Tofu & Tempeh > Tofu & Tempeh,https://www.tesco.com/groceries/en-GB/products/266728037,https://digitalcontent.api.tesco.com/v2/media/ghs/3dcfdc44-9744-4c62-bef4-72536ece5ecd/52f53565-a719-41d0-900a-652a023bf7cd.jpeg?h=225&w=225,yes,2026-10-07
330776229,"Pieminister Wild Shroom Pie with Mushroom, Asparagus & White Wine 255g",5.00,19.61,per kg,"Fresh Food > Pies, Pasties, Quiches & Party Food > Vegetarian & Vegan Pies, Quiches & Snacks > Vegetarian & Vegan Pies & Quiches",https://www.tesco.com/groceries/en-GB/products/330776229,https://digitalcontent.api.tesco.com/v2/media/ghs/fdf23c32-da0e-42b1-9fa4-23939bb5014e/8a22fc94-03fc-4e83-9dec-7a082898124a.jpeg?h=225&w=225,yes,2026-10-07
304786111,Quorn Mozzarella & Pesto Escalope 240G,3.40,14.17,per kg,Fresh Food > Chilled Vegetarian & Vegan > Escalopes & Goujons > Escalopes & Kievs,https://www.tesco.com/groceries/en-GB/products/304786111,https://digitalcontent.api.tesco.com/v2/media/ghs/6d69ea60-4ead-4fd2-a3a0-9c7116e77ae0/dcfef03a-2c5b-41f6-b68b-ab03adf35484.jpeg?h=225&w=225,yes,2026-10-07
330776211,Pieminister Mooless Moo pie with plant based 'steak' and Craft Ale 255g,5.00,19.61,per kg,"Fresh Food > Pies, Pasties, Quiches & Party Food > Vegetarian & Vegan Pies, Quiches & Snacks > Vegetarian & Vegan Pies & Quiches",https://www.tesco.com/groceries/en-GB/products/330776211,https://digitalcontent.api.tesco.com/v2/media/ghs/9cb4a69f-46c4-4422-8123-dfdb95bce9f8/8bcd885b-0440-4593-990d-e879b62f69e5.jpeg?h=225&w=225,yes,2026-10-07
330776180,"Pieminister Chana Rama Pie with Chickpea, Sweet potato & Cauliflower 255g",5.00,19.61,per kg,"Fresh Food > Pies, Pasties, Quiches & Party Food > Vegetarian & Vegan Pies, Quiches & Snacks > Vegetarian & Vegan Pies & Quiches",https://www.tesco.com/groceries/en-GB/products/330776180,https://digitalcontent.api.tesco.com/v2/media/ghs/3aba736b-878a-4a14-9c4f-23ff993ad012/0cdcb176-b9f1-4d27-b541-08d4eeea8e08.jpeg?h=225&w=225,yes,2026-10-07
264789203,Quorn Sausage Rolls 3 Pack 210g,3.30,15.71,per kg,"Fresh Food > Chilled Vegetarian & Vegan > Pies, Pasties & Sausage Rolls > Pasties & Sausage Rolls",https://www.tesco.com/groceries/en-GB/products/264789203,https://digitalcontent.api.tesco.com/v2/media/ghs/4283d725-d954-4cb4-96f3-29e1d8de2763/bac8e4d5-280c-4303-8bea-eba6e3f2dbb7.jpeg?h=225&w=225,yes,2026-10-07
311799293,The Vegetarian Butcher Impeckable Vegan Chicken Breast 180g,3.15,17.5,per kg,"Fresh Food > Chilled Vegetarian & Vegan > Steaks, Fillets & Kebabs > Steaks & Fillets",https://www.tesco.com/groceries/en-GB/products/311799293,https://digitalcontent.api.tesco.com/v2/media/ghs/9af42081-349c-4b41-9a4e-c9524787203d/654d96a6-7ca4-4cff-b3d8-1d0798e37ddc.jpeg?h=225&w=225,yes,2026-10-07
320673595,The Vegetarian Butcher What the Cluck 160g,3.15,19.69,per kg,"Fresh Food > Chilled Vegetarian & Vegan > Pieces, Mince & Meatballs Alternative > Strips & Pieces",https://www.tesco.com/groceries/en-GB/products/320673595,https://digitalcontent.api.tesco.com/v2/media/ghs/0073c925-20b4-4be2-b29e-881ef9587e2d/70d3ad1c-2ed3-43d7-9d3c-fcd4438063bb.jpeg?h=225&w=225,yes,2026-10-07
314093921,Fridge Raiders Meat Free Slow Roasted Tasty Bites 60G,1.50,25,per kg,Fresh Food > Chilled Vegetarian & Vegan > Ready to Eat Snacks & Falafels > Picnic Foods,https://www.tesco.com/groceries/en-GB/products/314093921,https://digitalcontent.api.tesco.com/v2/media/ghs/762261ce-86ae-4f1f-bbc9-8ef67dfbc503/897792ca-fdb9-4e68-a3e0-8b23093f0a1a.jpeg?h=225&w=225,yes,2026-10-07
330783490,La Vie Tofu Nuggets 180g,3.70,20.56,per kg,Fresh Food > Chilled Vegetarian & Vegan > Escalopes & Goujons > Goujons,https://www.tesco.com/groceries/en-GB/products/330783490,https://digitalcontent.api.tesco.com/v2/media/ghs/14b0ccf6-32cc-425d-b98a-523627dbd56d/f4188aac-9216-4bb0-8e38-f4165cf8f8a8.jpeg?h=225&w=225,yes,2026-10-07
316201573,Squeaky Bean Tuna Style Flakes 120g,3.40,28.33,per kg,Fresh Food > Chilled Vegetarian & Vegan > Deli Slices & Ready to Eat Pieces > Slices & Pieces,https://www.tesco.com/groceries/en-GB/products/316201573,https://digitalcontent.api.tesco.com/v2/media/ghs/70cd6ef8-1642-4fea-996b-35e7bd7bf876/faf6665a-9bc2-4214-80d4-be478dc5272a.jpeg?h=225&w=225,yes,2026-10-07
266727466,Cauldron Foods Tofu 396G,2.90,7.32,per kg,Fresh Food > Chilled Vegetarian & Vegan > Tofu & Tempeh > Tofu & Tempeh,https://www.tesco.com/groceries/en-GB/products/266727466,https://digitalcontent.api.tesco.com/v2/media/ghs/03dc7ca1-45d3-49be-b3f4-8c2220c83f3b/d8894542-2c60-402f-a3f1-c99827fb313c.jpeg?h=225&w=225,yes,2026-10-07
307149464,Squeaky Bean Ready To Eat Deli Pastrami Sandwich Slice 90G,3.00,33.33,per kg,Fresh Food > Chilled Vegetarian & Vegan > Deli Slices & Ready to Eat Pieces > Slices & Pieces,https://www.tesco.com/groceries/en-GB/products/307149464,https://digitalcontent.api.tesco.com/v2/media/ghs/41a7103c-1908-4d66-9f85-118a9d9f0738/983ff088-32fa-499e-97d7-bb0f233cf097_1012336196.jpeg?h=225&w=225,yes,2026-10-07
330784776,Higgidy Cheddar & Hot Maple Roasted Winter Veg Quiche 400g,4.60,11.5,per kg,"Fresh Food > Pies, Pasties, Quiches & Party Food > Quiches & Tarts > Quiches & Tarts",https://www.tesco.com/groceries/en-GB/products/330784776,https://digitalcontent.api.tesco.com/v2/media/ghs/48b52a69-ad7d-4cfb-ae75-71266c3d6390/6904d417-c877-4378-8875-76a4e5c7211d.jpeg?h=225&w=225,yes,2026-10-07
309206774,BOL Coconut Turmeric Lentil Daal Power Pot 450g,3.25,7.22,per kg,"Fresh Food > Chilled Vegetarian & Vegan > Ready Meals, Pizza & Lunch Pots > Indian Ready Meals",https://www.tesco.com/groceries/en-GB/products/309206774,https://digitalcontent.api.tesco.com/v2/media/ghs/10081d23-f778-47d5-98c1-619e345ca09a/e12092bf-ff87-4315-bddc-9305b18f4789.jpeg?h=225&w=225,yes,2026-10-07
309209569,BOL Spanish Butter Bean Stew Power Pot 450g,3.25,7.22,per kg,"Fresh Food > Chilled Vegetarian & Vegan > Ready Meals, Pizza & Lunch Pots > Ready Meals",https://www.tesco.com/groceries/en-GB/products/309209569,https://digitalcontent.api.tesco.com/v2/media/ghs/dc914971-0671-429a-a311-cec71a93d662/98fc777e-5c26-4383-8ada-8b8a2fd4f12d.jpeg?h=225&w=225,yes,2026-10-07
314427171,Gosh Sweet Potato Pakora With Red Pepper 171G,2.30,13.45,per kg,Fresh Food > Chilled Vegetarian & Vegan > Ready to Eat Snacks & Falafels > Falafels,https://www.tesco.com/groceries/en-GB/products/314427171,https://digitalcontent.api.tesco.com/v2/media/ghs/5938c655-65d9-49d7-8394-af60698a981a/7e5c8cbe-ac86-4321-8c23-ee4501262796.jpeg?h=225&w=225,yes,2026-10-07
308850419,Quorn Vegan Pepperoni Slices 100G,2.70,27,per kg,Fresh Food > Chilled Vegetarian & Vegan > Deli Slices & Ready to Eat Pieces > Slices & Pieces,https://www.tesco.com/groceries/en-GB/products/308850419,https://digitalcontent.api.tesco.com/v2/media/ghs/540803eb-84f0-4fa8-b887-9b12ddb38067/d7946da9-bc83-4576-ad42-f186effbd722.jpeg?h=225&w=225,yes,2026-10-07
318065471,"Higgidy Spinach, Greek Feta & Pine Nut Pie  200g",3.75,18.75,per kg,"Fresh Food > Chilled Vegetarian & Vegan > Pies, Pasties & Sausage Rolls > Pies",https://www.tesco.com/groceries/en-GB/products/318065471,https://digitalcontent.api.tesco.com/v2/media/ghs/abee8908-ee83-45cd-9fb4-8683cae0e582/13154fc6-c36f-4bb6-a6da-23bdf1627624.jpeg?h=225&w=225,yes,2026-10-07
330776020,THIS Cocktail Sausages 140g,2.95,21.07,per kg,Fresh Food > Chilled Vegetarian & Vegan > Sausages & Bacon Alternatives > Sausages,https://www.tesco.com/groceries/en-GB/products/330776020,https://digitalcontent.api.tesco.com/v2/media/ghs/9650fa5c-4b22-4c30-9047-d66a0173a09d/ec4ca423-0efe-4c70-a58d-f5cd2fe45ebd.jpeg?h=225&w=225,yes,2026-10-07
330776028,THIS Pastrami Slices 70g,2.95,42.14,per kg,Fresh Food > Chilled Vegetarian & Vegan > Deli Slices & Ready to Eat Pieces > Slices & Pieces,https://www.tesco.com/groceries/en-GB/products/330776028,https://digitalcontent.api.tesco.com/v2/media/ghs/3370baa8-c464-44ee-ac1b-b6294207171b/936b6837-607c-4248-bb3e-9654e2eeea80.jpeg?h=225&w=225,yes,2026-10-07
310148927,Quorn Garlic & Herb Bites 180G,2.60,14.44,per kg,Fresh Food > Chilled Vegetarian & Vegan > Ready to Eat Snacks & Falafels > Picnic Foods,https://www.tesco.com/groceries/en-GB/products/310148927,https://digitalcontent.api.tesco.com/v2/media/ghs/5e485451-56b0-46d0-b9b2-85d0e078c823/eb6a22f7-b6a3-479e-8abe-72a2ae7077c5.jpeg?h=225&w=225,yes,2026-10-07
330778516,THIS Chicken Slices 95g ,2.95,31.05,per kg,Fresh Food > Chilled Vegetarian & Vegan > Deli Slices & Ready to Eat Pieces > Slices & Pieces,https://www.tesco.com/groceries/en-GB/products/330778516,https://digitalcontent.api.tesco.com/v2/media/ghs/71d4532c-055e-4104-a801-80194b6c779e/a652efda-720c-4912-a216-6cd1f004789f.jpeg?h=225&w=225,yes,2026-10-07
309454243,Quorn Sweet Chilli Bites 180G,2.60,14.44,per kg,Fresh Food > Chilled Vegetarian & Vegan > Ready to Eat Snacks & Falafels > Picnic Foods,https://www.tesco.com/groceries/en-GB/products/309454243,https://digitalcontent.api.tesco.com/v2/media/ghs/e1258d96-3aad-466b-a5b5-0bc8f2f43986/3b9045a6-146b-4d68-be2b-fa5f60933fc8.jpeg?h=225&w=225,yes,2026-10-07
314601333,Better Nature Organic Tempeh 200G,2.75,13.75,per kg,Fresh Food > Chilled Vegetarian & Vegan > Tofu & Tempeh > Tofu & Tempeh,https://www.tesco.com/groceries/en-GB/products/314601333,https://digitalcontent.api.tesco.com/v2/media/ghs/80dc1ca7-cf45-4941-a138-a5d34cce509e/46d1510f-891c-41a3-b10f-09ab61a02a2e_1755373707.jpeg?h=225&w=225,yes,2026-10-07
303543019,Vivera Veggie Mince 220G,2.65,12.04,per kg,"Fresh Food > Chilled Vegetarian & Vegan > Pieces, Mince & Meatballs Alternative > Mince",https://www.tesco.com/groceries/en-GB/products/303543019,https://digitalcontent.api.tesco.com/v2/media/ghs/8722ca72-1b94-4703-8171-ce70e8510bee/c3efc28e-502a-4ee8-804e-154371d3963b.jpeg?h=225&w=225,yes,2026-10-07
306947517,Pukka Vegan Minced Beef & Onion Pie,2.25,10.71,per kg,"Fresh Food > Chilled Vegetarian & Vegan > Pies, Pasties & Sausage Rolls > Pies",https://www.tesco.com/groceries/en-GB/products/306947517,https://digitalcontent.api.tesco.com/v2/media/ghs/938b30af-9c8f-4fa7-bea4-47c1eeaaeea8/fd049156-ef11-44dc-b8fa-d0bd9c207c51.jpeg?h=225&w=225,yes,2026-10-07
316556849,The Tofoo Co. Original Seitan 225g ,2.50,11.11,per kg,Fresh Food > Chilled Vegetarian & Vegan > Tofu & Tempeh > Tofu & Tempeh,https://www.tesco.com/groceries/en-GB/products/316556849,https://digitalcontent.api.tesco.com/v2/media/ghs/513542f2-73a6-4c97-baa1-f1b2435bab60/21ac52f0-e257-4ea5-8592-9ebb6a39dceb.jpeg?h=225&w=225,yes,2026-10-07
314709736,Pukka Vegan No Steak Pie,2.25,2.25,each,"Fresh Food > Chilled Vegetarian & Vegan > Pies, Pasties & Sausage Rolls > Pies",https://www.tesco.com/groceries/en-GB/products/314709736,https://digitalcontent.api.tesco.com/v2/media/ghs/f3d93009-128d-43f0-a2ac-fe03ab538a1a/29e75cb1-7735-498a-b496-1dba00eab256.jpeg?h=225&w=225,yes,2026-10-07
330783493,La Vie Vegan Salami Sticks Spicy 75g,2.80,37.33,per kg,Fresh Food > Chilled Vegetarian & Vegan > Sausages & Bacon Alternatives > Sausages,https://www.tesco.com/groceries/en-GB/products/330783493,https://digitalcontent.api.tesco.com/v2/media/ghs/966a77dd-1dcb-49e8-aff0-627055ae8ad6/4bf2dcee-b0b6-41bc-ba0f-fec24597ca95.jpeg?h=225&w=225,yes,2026-10-07
315157488,Wall's 4 Vegan Sausage Rolls 220g,2.30,10.46,per kg,"Fresh Food > Chilled Vegetarian & Vegan > Pies, Pasties & Sausage Rolls > Pasties & Sausage Rolls",https://www.tesco.com/groceries/en-GB/products/315157488,https://digitalcontent.api.tesco.com/v2/media/ghs/6349fe56-bc2e-407c-a477-5e8e5c4b50b5/461b8e46-5131-4518-9774-6187fe7c3fee.jpeg?h=225&w=225,yes,2026-10-07
306946478,Pukka Vegan Chicken & Mushroom Pie,2.25,10.71,per kg,"Fresh Food > Chilled Vegetarian & Vegan > Pies, Pasties & Sausage Rolls > Pies",https://www.tesco.com/groceries/en-GB/products/306946478,https://digitalcontent.api.tesco.com/v2/media/ghs/2dc8526a-fde8-4639-9d68-ee5ef07b09bf/b28541c8-8d73-4b79-aaf6-2ff1a0eecf3a.jpeg?h=225&w=225,yes,2026-10-07
305968649,This Isn't Bacon Plant-Based Rashers 120G,3.50,29.17,per kg,Fresh Food > Chilled Vegetarian & Vegan > Sausages & Bacon Alternatives > Bacon Alternatives,https://www.tesco.com/groceries/en-GB/products/305968649,https://digitalcontent.api.tesco.com/v2/media/ghs/b7c785c3-a21f-4d91-ada8-e54947ee844e/db49529a-7eb8-43e6-a3c4-e8343d41af6e.jpeg?h=225&w=225,yes,2026-10-07
321548201,"Pukka Vegetarian Cheese, Leek & Potato Pie",2.25,2.25,each,"Fresh Food > Chilled Vegetarian & Vegan > Pies, Pasties & Sausage Rolls > Pies",https://www.tesco.com/groceries/en-GB/products/321548201,https://digitalcontent.api.tesco.com/v2/media/ghs/3fde8c7b-8724-45f0-b758-ba3c4e48a170/2257387e-5da4-4885-b7ac-585268ef593b.jpeg?h=225&w=225,yes,2026-10-07
304797910,Ginsters Vegan Quorn Pasty 180G,2.25,12.5,per kg,"Fresh Food > Chilled Vegetarian & Vegan > Pies, Pasties & Sausage Rolls > Pasties & Sausage Rolls",https://www.tesco.com/groceries/en-GB/products/304797910,https://digitalcontent.api.tesco.com/v2/media/ghs/870c55c2-b509-4875-9f3a-1ba0bf483468/e3cddfee-daec-4b8e-b349-33221721c19c.jpeg?h=225&w=225,yes,2026-10-07
317649859,Quorn Veggie Turkey & Stuffing 100g,2.10,21,per kg,Fresh Food > Chilled Vegetarian & Vegan > Deli Slices & Ready to Eat Pieces > Slices & Pieces,https://www.tesco.com/groceries/en-GB/products/317649859,https://digitalcontent.api.tesco.com/v2/media/ghs/dc94cb4d-877a-4253-96ae-428a498f86e1/f612a0a1-5391-4a5f-a963-e920350331fc.jpeg?h=225&w=225,yes,2026-10-07
317409919,Better Nature Tempeh - Smoky 220g,2.75,12.5,per kg,Fresh Food > Chilled Vegetarian & Vegan > Tofu & Tempeh > Tofu & Tempeh,https://www.tesco.com/groceries/en-GB/products/317409919,https://digitalcontent.api.tesco.com/v2/media/ghs/6bc6c4b8-ad12-43a3-8b37-b88af54321f1/2d37c678-2d4f-4f9c-888b-a9e76d43b414_1270758907.jpeg?h=225&w=225,yes,2026-10-07
308841512,Squeaky Bean Chargrilled Cajun Mini Fillets 120g,3.40,28.33,per kg,Fresh Food > Chilled Vegetarian & Vegan > Deli Slices & Ready to Eat Pieces > Slices & Pieces,https://www.tesco.com/groceries/en-GB/products/308841512,https://digitalcontent.api.tesco.com/v2/media/ghs/110801d4-7ddc-4f8c-94f7-0bef57172341/0ca4e37b-1844-4dc3-bd04-75da53a6a6b3.jpeg?h=225&w=225,yes,2026-10-07
316434821,Quorn Fajita Mini Fillets 138g,3.10,22.46,per kg,Fresh Food > Chilled Vegetarian & Vegan > Deli Slices & Ready to Eat Pieces > Slices & Pieces,https://www.tesco.com/groceries/en-GB/products/316434821,https://digitalcontent.api.tesco.com/v2/media/ghs/50bd3804-035c-40d3-afd4-0d17f802c260/79461358-5993-47fc-baaf-3f49451e999e_367731389.jpeg?h=225&w=225,yes,2026-10-07
313858480,Squeaky Bean Ready To Eat Chicken Style Pieces - Sweet Smokey BBQ 130g,3.25,25,per kg,Fresh Food > Chilled Vegetarian & Vegan > Deli Slices & Ready to Eat Pieces > Slices & Pieces,https://www.tesco.com/groceries/en-GB/products/313858480,https://digitalcontent.api.tesco.com/v2/media/ghs/8bcc4210-cb37-4655-9380-9be7699331f2/ff011666-5070-405c-92fa-06faf3d5fc87.jpeg?h=225&w=225,yes,2026-10-07
303543032,Vivera Veggie Greek Kebab 175G,2.65,15.14,per kg,"Fresh Food > Chilled Vegetarian & Vegan > Steaks, Fillets & Kebabs > Kebabs",https://www.tesco.com/groceries/en-GB/products/303543032,https://digitalcontent.api.tesco.com/v2/media/ghs/d41bd003-5446-44e3-8611-ed6008881cb6/ee20cb34-fe8a-4d9f-9e09-8e8165d1575c.jpeg?h=225&w=225,yes,2026-10-07
316065284,Tesco Plant Chef 6 Cumberland Style Meat-Free Bangers 300g,2.30,7.67,per kg,Fresh Food > Chilled Vegetarian & Vegan > Sausages & Bacon Alternatives > Sausages,https://www.tesco.com/groceries/en-GB/products/316065284,https://digitalcontent.api.tesco.com/v2/media/ghs/6c516700-3afc-4707-9770-ab5b3bdc6a62/64127a13-f94c-48cd-adf5-d91c9f6a4ecf.jpeg?h=225&w=225,yes,2026-10-07
323771468,Vivera Plant Based Doner Kebab 160g,2.65,16.56,per kg,"Fresh Food > Chilled Vegetarian & Vegan > Steaks, Fillets & Kebabs > Kebabs",https://www.tesco.com/groceries/en-GB/products/323771468,https://digitalcontent.api.tesco.com/v2/media/ghs/1525ae81-1d71-4aec-9c23-e8fec00e2d34/37b8bc0d-4da3-4968-8ecd-9672955a0f54.jpeg?h=225&w=225,yes,2026-10-07
315757291,Juicy Marbles 2 Thick-Cut Fillet Plant Based Steaks 226g,8.00,35.4,per kg,"Fresh Food > Chilled Vegetarian & Vegan > Steaks, Fillets & Kebabs > Steaks & Fillets",https://www.tesco.com/groceries/en-GB/products/315757291,https://digitalcontent.api.tesco.com/v2/media/ghs/c5c08f8d-0190-4f48-8f4e-17bb728bba26/346935a9-a9c8-463a-bbd1-3381afe3efc1.jpeg?h=225&w=225,yes,2026-10-07
320556515,Quorn Tikka Masala with Rice 400g,4.00,10,per kg,"Fresh Food > Chilled Vegetarian & Vegan > Ready Meals, Pizza & Lunch Pots > Indian Ready Meals",https://www.tesco.com/groceries/en-GB/products/320556515,https://digitalcontent.api.tesco.com/v2/media/ghs/79536e27-21aa-44d9-9d71-0edbb023bf70/5ce9b1b6-7d9f-4c01-82e6-e416f1aa2961.jpeg?h=225&w=225,yes,2026-10-07
320545309,Quorn Cottage Pie 400g,3.85,9.62,per kg,"Fresh Food > Chilled Vegetarian & Vegan > Ready Meals, Pizza & Lunch Pots > Ready Meals",https://www.tesco.com/groceries/en-GB/products/320545309,https://digitalcontent.api.tesco.com/v2/media/ghs/94459a2a-2275-4067-b880-bdc2a7e05b79/6889330e-36ab-4612-9622-a3a8fa7eb2a2.jpeg?h=225&w=225,yes,2026-10-07
322640061,Vivera Plant Based Steak 240g,3.85,16.04,per kg,"Fresh Food > Chilled Vegetarian & Vegan > Steaks, Fillets & Kebabs > Steaks & Fillets",https://www.tesco.com/groceries/en-GB/products/322640061,https://digitalcontent.api.tesco.com/v2/media/ghs/12ffab75-e9b1-4603-b9cc-3cf97b20ed85/a355e7b3-9e2c-4813-842f-98a4501126ee.jpeg?h=225&w=225,yes,2026-10-07
313168121,This Isn't Pork Plant-Based Onion Sausages 270G,3.75,13.89,per kg,Fresh Food > Chilled Vegetarian & Vegan > Sausages & Bacon Alternatives > Sausages,https://www.tesco.com/groceries/en-GB/products/313168121,https://digitalcontent.api.tesco.com/v2/media/ghs/88d6cc9f-f95e-4d12-8718-699123edaee1/e608b46b-1fb5-497c-9eb9-a04f4ec65564.jpeg?h=225&w=225,yes,2026-10-07
323002781,Cauldron Express Teriyaki Organic Tofu Pieces 160g,3.20,20,per kg,Fresh Food > Chilled Vegetarian & Vegan > Tofu & Tempeh > Flavoured & Smoked Tofu & Tempeh,https://www.tesco.com/groceries/en-GB/products/323002781,https://digitalcontent.api.tesco.com/v2/media/ghs/b25b6505-1215-419f-9a4e-05bc4f51d0c8/a43ce263-631d-4d18-988a-f76f18518f50_1996980559.jpeg?h=225&w=225,yes,2026-10-07
320551929,Beyond Meat Steak Pieces 160g,4.50,28.12,per kg,"Fresh Food > Chilled Vegetarian & Vegan > Steaks, Fillets & Kebabs > Steaks & Fillets",https://www.tesco.com/groceries/en-GB/products/320551929,https://digitalcontent.api.tesco.com/v2/media/ghs/d1630e83-59db-4b4a-be2a-adb67bff2ea6/d5863dd3-0fa2-4a94-9d02-3d0aa9b9c1e4.jpeg?h=225&w=225,yes,2026-10-07
316423157,THIS Isn't Chicken Plant Based Thighs 220g,3.95,17.96,per kg,"Fresh Food > Chilled Vegetarian & Vegan > Steaks, Fillets & Kebabs > Steaks & Fillets",https://www.tesco.com/groceries/en-GB/products/316423157,https://digitalcontent.api.tesco.com/v2/media/ghs/a6a501d6-1534-4e0b-b6c0-fdf8998847d8/831da75f-dc6f-4eda-8873-271388f897bf.jpeg?h=225&w=225,yes,2026-10-07
315342159,Pork Farms Vegan Porkless Pies 4 Pack 260g,3.70,14.23,per kg,"Fresh Food > Chilled Vegetarian & Vegan > Pies, Pasties & Sausage Rolls > Pies",https://www.tesco.com/groceries/en-GB/products/315342159,https://digitalcontent.api.tesco.com/v2/media/ghs/3525cfdf-a356-447c-a489-8c9e043f95d8/b7156cf7-c822-4661-b16d-e9f9429741a2.jpeg?h=225&w=225,yes,2026-10-07
304403024,Vivera Veggie Bacon Pieces 175G,3.20,18.29,per kg,Fresh Food > Chilled Vegetarian & Vegan > Sausages & Bacon Alternatives > Bacon Alternatives,https://www.tesco.com/groceries/en-GB/products/304403024,https://digitalcontent.api.tesco.com/v2/media/ghs/79648df8-2c45-4c70-8f0f-2f60b5bb5b3b/68e0e38a-a34a-4982-b700-c4335c44b64d.jpeg?h=225&w=225,yes,2026-10-07
321325661,The Vegetarian Butcher Vegan Hentastic Southern Fried Chicken Fillet 200g,3.15,15.75,per kg,Fresh Food > Chilled Vegetarian & Vegan > Escalopes & Goujons > Escalopes & Kievs,https://www.tesco.com/groceries/en-GB/products/321325661,https://digitalcontent.api.tesco.com/v2/media/ghs/8fab4710-cf5b-41f9-93b7-8c20e367f6ae/ab063280-d237-4d63-adf2-307b46a50cd5_1703518303.jpeg?h=225&w=225,yes,2026-10-07
323326236,THIS Isn't Beef Plant Based Burgers 226g,3.75,16.59,per kg,Fresh Food > Chilled Vegetarian & Vegan > Burgers > Burgers,https://www.tesco.com/groceries/en-GB/products/323326236,https://digitalcontent.api.tesco.com/v2/media/ghs/900deadb-a436-4e00-9f7a-6a6495fdfd0d/5f679c11-f8c7-4d2c-8989-0e03f328439c.jpeg?h=225&w=225,yes,2026-10-07
303969755,Tofoo Co Tempeh 200G,2.85,14.25,per kg,Fresh Food > Chilled Vegetarian & Vegan > Tofu & Tempeh > Tofu & Tempeh,https://www.tesco.com/groceries/en-GB/products/303969755,https://digitalcontent.api.tesco.com/v2/media/ghs/19e75382-c1a1-4e09-a4cd-5d52185723f2/ba76eefd-026b-40e1-8950-17dd98cb0648.jpeg?h=225&w=225,yes,2026-10-07
311228060,Vivera Plant Salmon Style Fillets 2X100g,3.50,17.5,per kg,"Fresh Food > Chilled Vegetarian & Vegan > Steaks, Fillets & Kebabs > Steaks & Fillets",https://www.tesco.com/groceries/en-GB/products/311228060,https://digitalcontent.api.tesco.com/v2/media/ghs/0d83535e-da40-4a13-ae9b-012fcf51c3b9/624cf333-ffaa-4297-a2ab-1171a1ca074c.jpeg?h=225&w=225,yes,2026-10-07
321339466,BOL Chickpea Tikka Masala Power Pot 450g,3.25,7.22,per kg,"Fresh Food > Chilled Vegetarian & Vegan > Ready Meals, Pizza & Lunch Pots > Indian Ready Meals",https://www.tesco.com/groceries/en-GB/products/321339466,https://digitalcontent.api.tesco.com/v2/media/ghs/e38ce9c9-7ad5-4342-87e1-580dada4a8db/43603bf7-4900-42c7-bc6f-8974b4fcb7da.jpeg?h=225&w=225,yes,2026-10-07
312089383,Squeaky Bean Chargrilled Steak Strips 120G,3.40,28.33,per kg,Fresh Food > Chilled Vegetarian & Vegan > Deli Slices & Ready to Eat Pieces > Slices & Pieces,https://www.tesco.com/groceries/en-GB/products/312089383,https://digitalcontent.api.tesco.com/v2/media/ghs/da6f67dc-69b3-4cc2-ad15-52a29560f4b9/04e1c57c-982a-4d1b-b193-b48ab949cc1b.jpeg?h=225&w=225,yes,2026-10-07
326190271,Mock Duck Grilled Seitan 225g (Marigold),6.90,30.67,per kg,Marketplace > Groceries > World Foods > Authentic East & South East Asian,https://www.tesco.com/groceries/en-GB/products/326190271,https://digitalcontent.api.tesco.com/v2/media/marketplace/9f366fd9-363d-4c62-9336-4519112b49d0/a7f8a867a1874b8ca9b42f27024d5a6f_1759396893.jpeg?h=225&w=225,yes,2026-10-07
330760932,Whitworths Nutty Kitchen Italian Super Mince 200g,3.20,16,per kg,"Fresh Food > Chilled Vegetarian & Vegan > Pieces, Mince & Meatballs Alternative > Mince",https://www.tesco.com/groceries/en-GB/products/330760932,https://digitalcontent.api.tesco.com/v2/media/ghs/7ed82939-4915-4287-bbe8-38e891a77328/1ac376d9-4f46-4282-9e92-c899b589af7b_1110790766.jpeg?h=225&w=225,yes,2026-10-07
330760997,Whitworths Nutty Kitchen Original Super Mince 200g,3.20,16,per kg,"Fresh Food > Chilled Vegetarian & Vegan > Pieces, Mince & Meatballs Alternative > Mince",https://www.tesco.com/groceries/en-GB/products/330760997,https://digitalcontent.api.tesco.com/v2/media/ghs/b0efc474-3010-44e7-860c-12768229a053/96cdb50a-6935-418a-be12-81a0b5e5a5df_2107221462.jpeg?h=225&w=225,yes,2026-10-07
303860693,Higgidy Feta & Red Pepper Mini Rolls 160G,3.30,20.62,per kg,"Fresh Food > Pies, Pasties, Quiches & Party Food > Sausage Rolls, Pasties & Slices > Premium Sausage Rolls",https://www.tesco.com/groceries/en-GB/products/303860693,https://digitalcontent.api.tesco.com/v2/media/ghs/3a74ae9d-e1f8-4d53-8273-b7eaf652e2ba/ecde63f1-5284-4904-a6e3-a265a31719f5.jpeg?h=225&w=225,yes,2026-10-07
309778476,The Tofoo Co. Organic Scrambled Tofu 200G,2.85,14.25,per kg,Fresh Food > Chilled Vegetarian & Vegan > Tofu & Tempeh > Tofu & Tempeh,https://www.tesco.com/groceries/en-GB/products/309778476,https://digitalcontent.api.tesco.com/v2/media/ghs/2f46ad37-3a56-43d9-9cd8-b9a37f69045f/ed8afd18-03a9-4ac7-860d-5a49cabcc87b.jpeg?h=225&w=225,yes,2026-10-07
330760931,Whitworths Nutty Kitchen Mexican Super Mince 200g,3.20,16,per kg,"Fresh Food > Chilled Vegetarian & Vegan > Pieces, Mince & Meatballs Alternative > Mince",https://www.tesco.com/groceries/en-GB/products/330760931,https://digitalcontent.api.tesco.com/v2/media/ghs/d8de0182-e844-4151-91f4-677a84994504/16facf9a-9b77-49e2-96f8-30276c515a23_1384927972.jpeg?h=225&w=225,yes,2026-10-07
330760935,Whitworths Nutty Kitchen Indian Super Mince 200g,3.20,16,per kg,"Fresh Food > Chilled Vegetarian & Vegan > Pieces, Mince & Meatballs Alternative > Mince",https://www.tesco.com/groceries/en-GB/products/330760935,https://digitalcontent.api.tesco.com/v2/media/ghs/c4de067a-7751-4d99-95ba-7a2fe1e8d3a6/3fc6b9a5-38f2-4424-8ec7-2fad30a513d5_31483706.jpeg?h=225&w=225,yes,2026-10-07
302312238,Violife Greek White Feta Cheese Alternative,3.20,13.91,per kg,Fresh Food > Dairy Free & Dairy Alternatives > Dairy Free Cheese Alternatives > Dairy Free Speciality Cheese Alternatives,https://www.tesco.com/groceries/en-GB/products/302312238,https://digitalcontent.api.tesco.com/v2/media/ghs/b06fbcdb-9ed7-4f2d-9450-59174320779d/e37afd94-4888-4b34-ab6d-5a2c6a4311fe_959187322.jpeg?h=225&w=225,yes,2026-10-07
330758141,all plants Rich  Tomato & Basil Tortelloni 250g,3.50,14,per kg,"Fresh Food > Fresh Pizza, Pasta & Garlic Bread > Tortelloni & Fresh Pasta > Fresh Filled & Stuffed Pasta",https://www.tesco.com/groceries/en-GB/products/330758141,https://digitalcontent.api.tesco.com/v2/media/ghs/2d65c847-020f-4a50-b7f5-c0a7a8781d94/7b20c84d-d3db-4357-a91c-a0be5e33ab99.jpeg?h=225&w=225,yes,2026-10-07
330758133,all plants Mushroom & Wild Garlic Tortelloni 250g,3.50,14,per kg,"Fresh Food > Fresh Pizza, Pasta & Garlic Bread > Tortelloni & Fresh Pasta > Fresh Filled & Stuffed Pasta",https://www.tesco.com/groceries/en-GB/products/330758133,https://digitalcontent.api.tesco.com/v2/media/ghs/2183ef4e-ec70-41d3-93bc-03c1827b1b3c/f28ff75e-6a9c-452c-ab0e-c39b454e83b5.jpeg?h=225&w=225,yes,2026-10-07
314586880,Gosh Beetroot Falafel With Red Pepper And Chli 171G,2.30,13.45,per kg,Fresh Food > Chilled Vegetarian & Vegan > Ready to Eat Snacks & Falafels > Falafels,https://www.tesco.com/groceries/en-GB/products/314586880,https://digitalcontent.api.tesco.com/v2/media/ghs/39c85ce5-4e0c-4b48-95f3-92012b9042b2/b5e4e82a-8c1d-4a6b-8cae-fdd5418422cf.jpeg?h=225&w=225,yes,2026-10-07
330758146,all plants Butternut Squash & Sage Tortelloni 250g,3.50,14,per kg,"Fresh Food > Fresh Pizza, Pasta & Garlic Bread > Tortelloni & Fresh Pasta > Fresh Filled & Stuffed Pasta",https://www.tesco.com/groceries/en-GB/products/330758146,https://digitalcontent.api.tesco.com/v2/media/ghs/68005229-06b7-4353-834a-19746f31e9ef/76f318bb-cf2c-4f4e-94ca-a6f9e7739d99.jpeg?h=225&w=225,yes,2026-10-07
318089857,Quorn Smokey BBQ Filled Bites 180g,2.60,14.44,per kg,Fresh Food > Chilled Vegetarian & Vegan > Ready to Eat Snacks & Falafels > Picnic Foods,https://www.tesco.com/groceries/en-GB/products/318089857,https://digitalcontent.api.tesco.com/v2/media/ghs/9415729c-b4f0-4a6f-a4fb-36eaa50aa175/a79e6f7e-0298-41b7-aba7-b8bb2ea23813.jpeg?h=225&w=225,yes,2026-10-07
313962874,Squeaky Bean Cooking Chorizo Style Sausage 100G,3.00,30,per kg,Fresh Food > Chilled Vegetarian & Vegan > Sausages & Bacon Alternatives > Sausages,https://www.tesco.com/groceries/en-GB/products/313962874,https://digitalcontent.api.tesco.com/v2/media/ghs/24c09fc9-a00e-475f-a432-c7436dc350b4/6d0ed892-98cc-4118-aca8-7157501fb4af.jpeg?h=225&w=225,yes,2026-10-07
312346505,Quorn Vegan Roast Beef Style Slices 105G,2.70,25.71,per kg,Fresh Food > Chilled Vegetarian & Vegan > Deli Slices & Ready to Eat Pieces > Slices & Pieces,https://www.tesco.com/groceries/en-GB/products/312346505,https://digitalcontent.api.tesco.com/v2/media/ghs/c726e31d-2ede-40e4-97b4-b1e00844654c/8a70b007-4fc0-4324-9d17-6200bafbe0e7.jpeg?h=225&w=225,yes,2026-10-07
297661822,Quorn Spinach And Red Pepper Slices 100G,2.70,27,per kg,Fresh Food > Chilled Vegetarian & Vegan > Deli Slices & Ready to Eat Pieces > Slices & Pieces,https://www.tesco.com/groceries/en-GB/products/297661822,https://digitalcontent.api.tesco.com/v2/media/ghs/4e287925-af51-46e1-89a3-54925efbe5c8/4c5a24cc-a654-44fc-af47-c49ad10418b5.jpeg?h=225&w=225,yes,2026-10-07
312579575,Gü Plant Zillionaire Vegan Cheesecake Dessert 2 x 91.5g,3.95,21.58,per kg,"Fresh Food > Chilled Desserts > Cheesecake, Trifles & Jelly Desserts > Cheesecake Pots & Slices",https://www.tesco.com/groceries/en-GB/products/312579575,https://digitalcontent.api.tesco.com/v2/media/ghs/fac2329a-c5ff-4fdc-919d-e5d84f497609/ed6ab7b4-3225-4c01-8471-13ff413d3e0b.jpeg?h=225&w=225,yes,2026-10-07
320678285,THIS Isn't Chicken Plant Based Kyiv 250g,4.95,19.8,per kg,Fresh Food > Chilled Vegetarian & Vegan > Escalopes & Goujons > Escalopes & Kievs,https://www.tesco.com/groceries/en-GB/products/320678285,https://digitalcontent.api.tesco.com/v2/media/ghs/79b226bb-1ff0-4104-9876-5a803d77bca0/cefe5a9c-ab8f-43ef-89f2-69e9fae87674.jpeg?h=225&w=225,yes,2026-10-07
315854360,Tesco Free From Coconut Oil Alternative to Soft Cheese 150g,2.00,13.33,per kg,Fresh Food > Dairy Free & Dairy Alternatives > Dairy Free Cheese Alternatives > Dairy Free Soft & Cream Cheese Alternatives,https://www.tesco.com/groceries/en-GB/products/315854360,https://digitalcontent.api.tesco.com/v2/media/ghs/c192d53e-7a21-47f3-8269-b5d0af631d59/b3e02ab3-66c9-407d-abb7-2872f95a6767_266657179.jpeg?h=225&w=225,yes,2026-10-07
313840794,Tesco Plant Chef 2 No-Chicken Garlic Kievs 270G,2.50,9.26,per kg,Fresh Food > Chilled Vegetarian & Vegan > Escalopes & Goujons > Escalopes & Kievs,https://www.tesco.com/groceries/en-GB/products/313840794,https://digitalcontent.api.tesco.com/v2/media/ghs/b1418578-e993-4422-a47c-53e1f750e520/0813f114-a2be-4f64-9002-abad0d7e46c6.jpeg?h=225&w=225,yes,2026-10-07
316420296,Fridge Raiders Meat-Free Vegan Southern Style Tasty Bites 60g,1.50,25,per kg,Fresh Food > Chilled Vegetarian & Vegan > Ready to Eat Snacks & Falafels > Picnic Foods,https://www.tesco.com/groceries/en-GB/products/316420296,https://digitalcontent.api.tesco.com/v2/media/ghs/da4693c0-f723-440c-84fd-48452b6e5052/6118d48c-8152-472f-adc2-10dcc98d579b.jpeg?h=225&w=225,yes,2026-10-07
312995370,Pukka Vegan Sausage Roll 130G,1.85,14.23,per kg,"Fresh Food > Chilled Vegetarian & Vegan > Pies, Pasties & Sausage Rolls > Pasties & Sausage Rolls",https://www.tesco.com/groceries/en-GB/products/312995370,https://digitalcontent.api.tesco.com/v2/media/ghs/a452613d-a278-4221-99a9-3cd5c9598bac/fbe03541-3699-4992-a94b-67cb986e8b74.jpeg?h=225&w=225,yes,2026-10-07
310148187,Ginsters Creamy Garlic Mushroom Slice 170G,2.25,13.24,per kg,"Fresh Food > Chilled Vegetarian & Vegan > Pies, Pasties & Sausage Rolls > Pasties & Sausage Rolls",https://www.tesco.com/groceries/en-GB/products/310148187,https://digitalcontent.api.tesco.com/v2/media/ghs/5f470af8-54ae-4d4a-bbaf-d65c68654599/316b80a3-8e91-4163-a1a1-1d6af4d295a7.jpeg?h=225&w=225,yes,2026-10-07
330744171,Quorn Pieces 200g,2.75,13.75,per kg,"Fresh Food > Chilled Vegetarian & Vegan > Pieces, Mince & Meatballs Alternative > Strips & Pieces",https://www.tesco.com/groceries/en-GB/products/330744171,https://digitalcontent.api.tesco.com/v2/media/ghs/1629d36c-08af-4b29-9e48-3567be674baf/f3e2ff37-064f-476a-85c9-b782207a6276_111875366.jpeg?h=225&w=225,yes,2026-10-07
316546602,Quorn Sweet Chilli Fillets 138g,3.10,22.46,per kg,Fresh Food > Chilled Vegetarian & Vegan > Deli Slices & Ready to Eat Pieces > Slices & Pieces,https://www.tesco.com/groceries/en-GB/products/316546602,https://digitalcontent.api.tesco.com/v2/media/ghs/a95c688a-982f-446c-95c0-80f15a0efdbc/d586d3ad-41ba-4a98-b11f-bd2918cc58e7_1560425230.jpeg?h=225&w=225,yes,2026-10-07
309745671,Ginster Pasty Bombay Potato & Spinach 180G,2.25,12.5,per kg,"Fresh Food > Chilled Vegetarian & Vegan > Pies, Pasties & Sausage Rolls > Pasties & Sausage Rolls",https://www.tesco.com/groceries/en-GB/products/309745671,https://digitalcontent.api.tesco.com/v2/media/ghs/0fd287f0-4796-45d6-b084-864759f64272/a5620242-abd9-4c8a-bb33-a165af7557d7.jpeg?h=225&w=225,yes,2026-10-07
316534037,Quorn Roast Mini Fillets 138g,3.10,22.46,per kg,Fresh Food > Chilled Vegetarian & Vegan > Deli Slices & Ready to Eat Pieces > Slices & Pieces,https://www.tesco.com/groceries/en-GB/products/316534037,https://digitalcontent.api.tesco.com/v2/media/ghs/735b7dd9-fc31-4224-8e80-f405b1145fc8/5ddd7e9e-5856-4bfb-8512-8d282ff4847f_784710753.jpeg?h=225&w=225,yes,2026-10-07
315067479,This Isnt Roast Chicken & Stuffing 325G,6.35,19.54,per kg,"Fresh Food > Chilled Vegetarian & Vegan > Steaks, Fillets & Kebabs > Roasts",https://www.tesco.com/groceries/en-GB/products/315067479,https://digitalcontent.api.tesco.com/v2/media/ghs/45b8d36e-0d7a-41b1-997a-1c9ae5594ecf/28dc95ff-4b00-47fe-beb2-e65583a03303.jpeg?h=225&w=225,yes,2026-10-07
322998622,The Tofoo Co. Smoked XL 400g ,4.80,12,per kg,Fresh Food > Chilled Vegetarian & Vegan > Tofu & Tempeh > Tofu & Tempeh,https://www.tesco.com/groceries/en-GB/products/322998622,https://digitalcontent.api.tesco.com/v2/media/ghs/82e44cd3-dff9-4c3f-8aef-bb3368978439/77b32c99-39e2-4d68-acb2-7dc35d78c4ad_1251099510.jpeg?h=225&w=225,yes,2026-10-07
320564494,Quorn Lasagne 400g,4.00,10,per kg,"Fresh Food > Chilled Vegetarian & Vegan > Ready Meals, Pizza & Lunch Pots > Italian Ready Meals",https://www.tesco.com/groceries/en-GB/products/320564494,https://digitalcontent.api.tesco.com/v2/media/ghs/314c32be-fb91-49da-8a09-cbc06614968d/702ff745-4e4c-46eb-8bc0-370d1e23ad95.jpeg?h=225&w=225,yes,2026-10-07
323918423,BOSH! Pepper-Noni Pizza 300g,4.50,15,per kg,"Fresh Food > Fresh Pizza, Pasta & Garlic Bread > Fresh Pizza > Vegan Pizza",https://www.tesco.com/groceries/en-GB/products/323918423,https://digitalcontent.api.tesco.com/v2/media/ghs/f9991600-a144-46c4-899e-bc5846987fe1/7ee8ca87-620d-4a00-a290-2123b2e5c72e.jpeg?h=225&w=225,yes,2026-10-07
310686186,Tesco Plant Chef Meat-Free Balls 12 Pack 336g,3.60,10.71,per kg,"Fresh Food > Chilled Vegetarian & Vegan > Pieces, Mince & Meatballs Alternative > Meatballs",https://www.tesco.com/groceries/en-GB/products/310686186,https://digitalcontent.api.tesco.com/v2/media/ghs/6c9b489d-0a9a-4305-b93f-f0c18f888fc4/7d2235f7-5462-4850-b82f-cce1132f4b59.jpeg?h=225&w=225,yes,2026-10-07
323849591,BOSH! Margherita Pizza 300g,4.50,15,per kg,"Fresh Food > Fresh Pizza, Pasta & Garlic Bread > Fresh Pizza > Vegan Pizza",https://www.tesco.com/groceries/en-GB/products/323849591,https://digitalcontent.api.tesco.com/v2/media/ghs/49867bfa-f875-429d-bb80-83a5e7643522/beef0c62-a62a-44bf-bccc-916eb2fb2cf5.jpeg?h=225&w=225,yes,2026-10-07
330761574,The Vegetarian Butcher Grilliant Burger 200g,3.50,17.5,per kg,Fresh Food > Chilled Vegetarian & Vegan > Burgers > Burgers,https://www.tesco.com/groceries/en-GB/products/330761574,https://digitalcontent.api.tesco.com/v2/media/ghs/bb82b8ac-501d-4c8d-90bd-8e3523638ef5/0088bd18-bca4-4960-a96c-10f98b0d0732.jpeg?h=225&w=225,yes,2026-10-07
330761645,The Vegetarian Butcher Happy Go Clucky 180g,3.50,19.44,per kg,"Fresh Food > Chilled Vegetarian & Vegan > Pieces, Mince & Meatballs Alternative > Strips & Pieces",https://www.tesco.com/groceries/en-GB/products/330761645,https://digitalcontent.api.tesco.com/v2/media/ghs/b3887862-d809-42e5-ab65-5161765c294b/af3c2ddb-324e-4b23-a2de-d214b2b83e0e.jpeg?h=225&w=225,yes,2026-10-07
330784082, IMPOSSIBLE SPICY CHICKEN FRIES MADE FROM PLANT 180g.,3.50,19.44,per kg,"Fresh Food > Chilled Vegetarian & Vegan > Pieces, Mince & Meatballs Alternative > Strips & Pieces",https://www.tesco.com/groceries/en-GB/products/330784082,https://digitalcontent.api.tesco.com/v2/media/ghs/ae948bd4-ff4b-40b4-82ed-58bdc6535ed2/f88b7c2d-a7ef-4239-8da6-a6988468fcf8.jpeg?h=225&w=225,yes,2026-10-07
322145814,BOSH! Creamy Mac & Greens 380g,4.50,11.84,per kg,"Fresh Food > Chilled Vegetarian & Vegan > Ready Meals, Pizza & Lunch Pots > Ready Meals",https://www.tesco.com/groceries/en-GB/products/322145814,https://digitalcontent.api.tesco.com/v2/media/ghs/9947d8cf-5e50-4675-9c17-1336193eb77c/4c444d39-2bca-4333-8a96-2e369733a2fe.jpeg?h=225&w=225,yes,2026-10-07
330776032,all plants Superfood Veggie Bites Golden Sweet Potato 170g,3.50,20.59,per kg,"Fresh Food > Chilled Vegetarian & Vegan > Pieces, Mince & Meatballs Alternative > Meatballs",https://www.tesco.com/groceries/en-GB/products/330776032,https://digitalcontent.api.tesco.com/v2/media/ghs/83bff556-37fc-4bb8-85e2-fecdb02b5b93/059d892e-8636-4add-9aef-2da90bf516e0.jpeg?h=225&w=225,yes,2026-10-07
320787610,Higgidy Hoisin Pulled Mushroom & Spring Onion Rolls 160g,3.30,20.62,per kg,Fresh Food > Chilled Vegetarian & Vegan > Ready to Eat Snacks & Falafels > Picnic Foods,https://www.tesco.com/groceries/en-GB/products/320787610,https://digitalcontent.api.tesco.com/v2/media/ghs/3baeb364-e3d0-4c09-bcd2-096d0ebb87ca/88720e26-4785-474a-9464-e7b09b81b817.jpeg?h=225&w=225,yes,2026-10-07
322251498,BOL Protein Thai Green Curry Power Pot 450g,3.50,7.78,per kg,"Fresh Food > Chilled Vegetarian & Vegan > Ready Meals, Pizza & Lunch Pots > Ready Meals",https://www.tesco.com/groceries/en-GB/products/322251498,https://digitalcontent.api.tesco.com/v2/media/ghs/c5f705f3-b7de-4a91-8310-8c7c9f60d2b8/5e64008a-6d5c-438c-abeb-8f91c61ced1b.jpeg?h=225&w=225,yes,2026-10-07
322437659,BOL Protein Chickpea Jalfrezi Power Pot 450g,3.50,7.78,per kg,"Fresh Food > Chilled Vegetarian & Vegan > Ready Meals, Pizza & Lunch Pots > Indian Ready Meals",https://www.tesco.com/groceries/en-GB/products/322437659,https://digitalcontent.api.tesco.com/v2/media/ghs/016f67d5-dcff-4417-b9d6-fefd9811d4a4/d0630670-da0d-4eb6-adb2-7bee4322d5ff.jpeg?h=225&w=225,yes,2026-10-07
323159704,all plants Tofu Goujons with spinach 160g,3.50,21.88,per kg,Fresh Food > Chilled Vegetarian & Vegan > Tofu & Tempeh > Tofu & Tempeh,https://www.tesco.com/groceries/en-GB/products/323159704,https://digitalcontent.api.tesco.com/v2/media/ghs/78113e39-4bf4-4606-b20d-ecf8cf64afdf/8a6de5fb-86ac-452f-b4bd-7f01cee3f84b.jpeg?h=225&w=225,yes,2026-10-07
311951737,This Isn't Chicken Plant Based Pieces 170G,3.50,20.59,per kg,"Fresh Food > Chilled Vegetarian & Vegan > Pieces, Mince & Meatballs Alternative > Strips & Pieces",https://www.tesco.com/groceries/en-GB/products/311951737,https://digitalcontent.api.tesco.com/v2/media/ghs/65b602be-a278-4748-bf19-fa91a6c2339e/737f5694-dc53-48e0-abb3-be558162ef65.jpeg?h=225&w=225,yes,2026-10-07
330776045,BOSH! Mediterranean Grain Bowl 300g,4.75,15.83,per kg,"Fresh Food > Chilled Vegetarian & Vegan > Ready Meals, Pizza & Lunch Pots > Ready Meals",https://www.tesco.com/groceries/en-GB/products/330776045,https://digitalcontent.api.tesco.com/v2/media/ghs/6f5b52ee-af06-449a-9ba7-7f2b4a40e7a1/74cc6099-08a6-4d11-b0eb-bee8488f9a01.jpeg?h=225&w=225,yes,2026-10-07
330776036,BOSH! Firecracker Grain Bowl 300g,4.75,15.83,per kg,"Fresh Food > Ready Meals > Free From, Vegetarian & Vegan Ready Meals > Vegan Ready Meals",https://www.tesco.com/groceries/en-GB/products/330776036,https://digitalcontent.api.tesco.com/v2/media/ghs/3a16c2db-3db0-47b9-9c25-880233293cf5/372ee4e6-576e-4672-bd74-dc8138ec5a4b.jpeg?h=225&w=225,yes,2026-10-07
314118370,Squeaky Bean Ready To Eat Chicken Style Pieces - Kick Of Tikka 130g,3.25,25,per kg,Fresh Food > Chilled Vegetarian & Vegan > Deli Slices & Ready to Eat Pieces > Slices & Pieces,https://www.tesco.com/groceries/en-GB/products/314118370,https://digitalcontent.api.tesco.com/v2/media/ghs/c489ed69-adf8-4163-9fb3-35e466a6314b/ef55412b-d77d-4d33-adeb-2349f4a17c08.jpeg?h=225&w=225,yes,2026-10-07
323161194,Quorn Deli Garlic & Herb Slices 100g,2.70,27,per kg,Fresh Food > Chilled Vegetarian & Vegan > Deli Slices & Ready to Eat Pieces > Slices & Pieces,https://www.tesco.com/groceries/en-GB/products/323161194,https://digitalcontent.api.tesco.com/v2/media/ghs/cba8be18-8a74-4ce0-a72a-71c72d2eb20d/8cf0351d-2bb4-432b-befc-f65aa54e8c7c_422433499.jpeg?h=225&w=225,yes,2026-10-07
330743970,Quorn Mince 230g,2.75,11.96,per kg,"Fresh Food > Chilled Vegetarian & Vegan > Pieces, Mince & Meatballs Alternative > Mince",https://www.tesco.com/groceries/en-GB/products/330743970,https://digitalcontent.api.tesco.com/v2/media/ghs/25998c64-f528-4e15-892c-e940035067c3/9a630545-0a2f-41aa-8429-378d53dc9314_316797178.jpeg?h=225&w=225,yes,2026-10-07
320976248,Quorn Tomato & Basil Slices 100g,2.70,27,per kg,Fresh Food > Chilled Vegetarian & Vegan > Deli Slices & Ready to Eat Pieces > Slices & Pieces,https://www.tesco.com/groceries/en-GB/products/320976248,https://digitalcontent.api.tesco.com/v2/media/ghs/0e85fe33-d951-4399-baf6-6aa76bfe1146/6d0e4024-5696-4c32-bfb3-8e473479b6a4_2132830345.jpeg?h=225&w=225,yes,2026-10-07
321333812,Wall's Vegan Peppered Steak Slice 180g                     ,2.20,12.22,per kg,"Fresh Food > Chilled Vegetarian & Vegan > Pies, Pasties & Sausage Rolls > Pasties & Sausage Rolls",https://www.tesco.com/groceries/en-GB/products/321333812,https://digitalcontent.api.tesco.com/v2/media/ghs/11f4adaf-d2c1-4b1a-9391-31e7cffa63f9/ba093460-0b15-413a-bd76-be0547b94fd8.jpeg?h=225&w=225,yes,2026-10-07
323921067,"Gosh! Super Plants Parsnip, Leek & Pea with Linseed Sausages 210g",3.00,14.29,per kg,Fresh Food > Chilled Vegetarian & Vegan > Sausages & Bacon Alternatives > Sausages,https://www.tesco.com/groceries/en-GB/products/323921067,https://digitalcontent.api.tesco.com/v2/media/ghs/c1b869e2-4b8d-4874-8c80-75ac2b383f6d/77495312-66aa-4905-b0c6-8bb77193ca93.jpeg?h=225&w=225,yes,2026-10-07
322997065,The Tofoo Co. Dippers Crispy Crumb 160g,2.50,15.62,per kg,Fresh Food > Chilled Vegetarian & Vegan > Tofu & Tempeh > Tofu & Tempeh,https://www.tesco.com/groceries/en-GB/products/322997065,https://digitalcontent.api.tesco.com/v2/media/ghs/9e51b8ca-adfc-4663-b262-4e825836f770/64f6efa0-772d-4ed4-98fd-be707b080e7b.jpeg?h=225&w=225,yes,2026-10-07
330759855,Gosh! Super Plants Middle Eastern Broccoli & Broad Bean with Cherry Burgers 200g,3.25,16.25,per kg,Fresh Food > Chilled Vegetarian & Vegan > Burgers > Burgers,https://www.tesco.com/groceries/en-GB/products/330759855,https://digitalcontent.api.tesco.com/v2/media/ghs/f877fc15-a2dd-4cda-8ee6-508d882b6122/6508bd64-9a9a-442d-95aa-969f9d368c52.jpeg?h=225&w=225,yes,2026-10-07
330759856,Gosh! Super Plants Asian Style Cauliflower & Spinach with Pumpkin Seeds Burgers 200g,3.25,16.25,per kg,Fresh Food > Chilled Vegetarian & Vegan > Burgers > Burgers,https://www.tesco.com/groceries/en-GB/products/330759856,https://digitalcontent.api.tesco.com/v2/media/ghs/f9bbf08f-b898-4ac8-b5fa-edbda25e6576/53f097ea-09f4-42e3-8103-94bbb948df2a.jpeg?h=225&w=225,yes,2026-10-07
320802806,Tesco Finest Aged Balsamic Dressing 150ml,2.10,14,per litre,"Fresh Food > Chilled Vegetarian & Vegan > Sauces, Dressing & Marinades > Sauces, Dressing & Marinades",https://www.tesco.com/groceries/en-GB/products/320802806,https://digitalcontent.api.tesco.com/v2/media/ghs/59c900ab-89c4-4875-890d-332eff29be1e/8e6e0dbe-6736-4401-8f50-08bb122134e5_1389559994.jpeg?h=225&w=225,yes,2026-10-07
320814625,Tesco Plant Chef 6 Caramelised Onion Meat-Free Bangers 300g,2.30,7.67,per kg,Fresh Food > Chilled Vegetarian & Vegan > Sausages & Bacon Alternatives > Sausages,https://www.tesco.com/groceries/en-GB/products/320814625,https://digitalcontent.api.tesco.com/v2/media/ghs/dd3ef75c-66f8-465c-8a5a-d34b8e36d17a/5155f9d4-eaa6-4670-b5a3-466c8702e4f0.jpeg?h=225&w=225,yes,2026-10-07
320967668,Tesco Plant Chef 6 Leek & Mushroom Meat-Free Bangers 300G,2.30,7.67,per kg,Fresh Food > Chilled Vegetarian & Vegan > Sausages & Bacon Alternatives > Sausages,https://www.tesco.com/groceries/en-GB/products/320967668,https://digitalcontent.api.tesco.com/v2/media/ghs/c5796476-8a33-4e29-afaf-6e67336c7681/0cb7b0fb-47f2-4e39-83b4-609718cf7a75.jpeg?h=225&w=225,yes,2026-10-07
330751143,Pukka Cheese & Pickle Slice 140g ,1.75,12.5,per kg,"Fresh Food > Chilled Vegetarian & Vegan > Pies, Pasties & Sausage Rolls > Pies",https://www.tesco.com/groceries/en-GB/products/330751143,https://digitalcontent.api.tesco.com/v2/media/ghs/bbc47211-8477-424e-b383-696bbad5eeae/b1e4bc39-82bd-496d-b228-ca4b867af612.jpeg?h=225&w=225,yes,2026-10-07
323780463,THIS Fillet Steak 220G,7.00,31.82,per kg,"Fresh Food > Chilled Vegetarian & Vegan > Steaks, Fillets & Kebabs > Steaks & Fillets",https://www.tesco.com/groceries/en-GB/products/323780463,https://digitalcontent.api.tesco.com/v2/media/ghs/e086c709-0d9e-403e-be17-9e3989a0a445/260fafe7-2d76-41cd-ba1c-7d34fb71c7ab.jpeg?h=225&w=225,yes,2026-10-07
330772090,62. Tesco Plant Chef No-Turkey Crown with Sage & Onion Stuffing 395g (Serves 4),6.50,16.46,per kg,Fresh Food > Festive Food to Order > Festive Food to Order Mains > Festive Food to Order Vegetarian & Vegan,https://www.tesco.com/groceries/en-GB/products/330772090,https://digitalcontent.api.tesco.com/v2/media/ghs/5518543f-a379-47d6-af33-902649ef600c/83b18611-feed-40f5-a817-d2258ff5fb1f.jpeg?h=225&w=225,no,2026-10-07
322839063,Kulcher Kitchen No-Butter Chick’n with Cumin Rice 360g,4.95,13.75,per kg,"Fresh Food > Chilled Vegetarian & Vegan > Ready Meals, Pizza & Lunch Pots > Indian Ready Meals",https://www.tesco.com/groceries/en-GB/products/322839063,https://digitalcontent.api.tesco.com/v2/media/ghs/27c99b25-ab08-474c-bffe-66636889bd83/e68436f1-6279-473c-b265-cdece6ce1ccf.jpeg?h=225&w=225,yes,2026-10-07
322739999,Kulcher Kitchen BBQ Jerk Chick’n with Coconut Rice and Mango Salsa 360g,4.95,13.75,per kg,"Fresh Food > Chilled Vegetarian & Vegan > Ready Meals, Pizza & Lunch Pots > Ready Meals",https://www.tesco.com/groceries/en-GB/products/322739999,https://digitalcontent.api.tesco.com/v2/media/ghs/4dc229f4-cc5b-4df6-93d5-7d554050d5f5/76309e41-02b1-40fd-a032-c293b4a392eb.jpeg?h=225&w=225,yes,2026-10-07
330776025,all plants Ultimate Veggie Burger Golden Sweet Potato 160g,3.50,21.88,per kg,Fresh Food > Chilled Vegetarian & Vegan > Burgers > Burgers,https://www.tesco.com/groceries/en-GB/products/330776025,https://digitalcontent.api.tesco.com/v2/media/ghs/e06808d9-8bfc-4fb2-bdb4-73b67eab1743/2674271c-05f4-4ac4-868a-c3a59ceaaac0.jpeg?h=225&w=225,yes,2026-10-07
330776010,all plants Ultimate Veggie Burger Smoky Black Bean 160g,3.50,21.88,per kg,Fresh Food > Chilled Vegetarian & Vegan > Burgers > Burgers,https://www.tesco.com/groceries/en-GB/products/330776010,https://digitalcontent.api.tesco.com/v2/media/ghs/2c7f7aca-8b70-486f-9c82-d2a141ff32e4/d23bffc9-51e6-4b89-92f6-62d66c518471.jpeg?h=225&w=225,yes,2026-10-07
323908619,BOSH! Peanut Satay Noodles 380g,4.50,11.84,per kg,"Fresh Food > Ready Meals > Free From, Vegetarian & Vegan Ready Meals > Vegan Ready Meals",https://www.tesco.com/groceries/en-GB/products/323908619,https://digitalcontent.api.tesco.com/v2/media/ghs/90f36e63-a8c8-48b8-a632-e3318e12896d/c2510ef7-9b32-46db-a7d1-d84ec6a4a406.jpeg?h=225&w=225,yes,2026-10-07
322346231,BOSH! Teriyaki Mushroom Noodles 380g,4.50,11.84,per kg,"Fresh Food > Chilled Vegetarian & Vegan > Ready Meals, Pizza & Lunch Pots > Ready Meals",https://www.tesco.com/groceries/en-GB/products/322346231,https://digitalcontent.api.tesco.com/v2/media/ghs/6d09643c-3ccd-49d8-94a1-ede658649702/875dda77-d4b4-4d93-b919-73c54c249e4e.jpeg?h=225&w=225,yes,2026-10-07
330776056,all plants Crispy Tofu Burger 160g,3.50,21.88,per kg,Fresh Food > Chilled Vegetarian & Vegan > Burgers > Burgers,https://www.tesco.com/groceries/en-GB/products/330776056,https://digitalcontent.api.tesco.com/v2/media/ghs/0c18651e-0c6b-433a-a25b-2e4769a78a8a/2d405f1a-7516-4cb8-9fc0-4ae3b2fb9e7a.jpeg?h=225&w=225,yes,2026-10-07
316800601,The Tofoo Co. Tex Mex Burgers 226g ,3.00,13.27,per kg,Fresh Food > Chilled Vegetarian & Vegan > Burgers > Burgers,https://www.tesco.com/groceries/en-GB/products/316800601,https://digitalcontent.api.tesco.com/v2/media/ghs/bba588be-4404-4ae6-8849-2ac958618819/8faea353-bb43-4308-ba0a-250289ea1a89.jpeg?h=225&w=225,yes,2026-10-07
323010736,RICHMOND 8 VEGGIE TASTY SAUSAGES 304g,2.40,7.9,per kg,Fresh Food > Chilled Vegetarian & Vegan > Sausages & Bacon Alternatives > Sausages,https://www.tesco.com/groceries/en-GB/products/323010736,https://digitalcontent.api.tesco.com/v2/media/ghs/a7dbf5a8-7ca8-48a2-8076-9317d49e3c5b/1d8d90a9-deb9-40d3-bb67-0a90f17daefe.jpeg?h=225&w=225,yes,2026-10-07
317309600,Tesco Plant Chef Organic Smoked Tofu 399g,2.50,8.33,per kg DR.WT,Fresh Food > Chilled Vegetarian & Vegan > Tofu & Tempeh > Flavoured & Smoked Tofu & Tempeh,https://www.tesco.com/groceries/en-GB/products/317309600,https://digitalcontent.api.tesco.com/v2/media/ghs/84403734-8b43-4ace-ad63-af83b62f4343/068845bd-103c-4489-88e0-c314c2178178_2005031469.jpeg?h=225&w=225,yes,2026-10-07
322753434,Urban Rajah Lime Chana Masala Buroti,3.25,3.25,each,"Fresh Food > Chilled Vegetarian & Vegan > Ready Meals, Pizza & Lunch Pots > Indian Ready Meals",https://www.tesco.com/groceries/en-GB/products/322753434,https://digitalcontent.api.tesco.com/v2/media/ghs/935bbf02-7ded-43dd-95f8-a4a933e880c9/b039059e-b51c-40cc-a766-dd272a251dad.jpeg?h=225&w=225,yes,2026-10-07
323000092,Cauldron Express Smoky BBQ Grillable Tofu Block 180g,2.30,12.78,per kg,Fresh Food > Chilled Vegetarian & Vegan > Tofu & Tempeh > Flavoured & Smoked Tofu & Tempeh,https://www.tesco.com/groceries/en-GB/products/323000092,https://digitalcontent.api.tesco.com/v2/media/ghs/12940354-6d9d-4762-8eb7-e10e741dc6b1/ecf45d3e-ea17-4809-bf64-5a7f7000cff4_724540098.jpeg?h=225&w=225,yes,2026-10-07
316442984,"Mockingbird Raw Shield, Carrot, Orange, Ginger Juice with Vitamins 750ml",4.20,5.6,per litre,Fresh Food > Juice & Smoothies > Fresh Juice > Mixed Fruit & Tropical Juice,https://www.tesco.com/groceries/en-GB/products/316442984,https://digitalcontent.api.tesco.com/v2/media/ghs/db8be52c-24bf-45b5-9b59-a592866696dd/103a0381-40af-4756-8be8-f33738fa250d_308610525.jpeg?h=225&w=225,yes,2026-10-07
316188607,"Mockingbird Raw Daily Greens, Cucumber, Spinach, Pineapple, Kiwi Juice with Vitamins 750ml",4.20,5.6,per litre,Fresh Food > Juice & Smoothies > Fresh Juice > Mixed Fruit & Tropical Juice,https://www.tesco.com/groceries/en-GB/products/316188607,https://digitalcontent.api.tesco.com/v2/media/ghs/b1261e82-6f71-4cad-9566-08401b6c0cf6/94d8359c-9276-4e33-82fe-6b5f6f22d69c_1497735575.jpeg?h=225&w=225,yes,2026-10-07
316196883,"Mockingbird Raw Pump, Beetroot, Strawberry, Pomegranate Juice with Vitamins 750ml",4.20,5.6,per litre,Fresh Food > Juice & Smoothies > Fresh Juice > Mixed Fruit & Tropical Juice,https://www.tesco.com/groceries/en-GB/products/316196883,https://digitalcontent.api.tesco.com/v2/media/ghs/a7ea1aff-4e04-41f1-93dc-62129a518154/1f4ae7a6-3eb4-4a44-b60c-91fc162bfeee_411601173.jpeg?h=225&w=225,yes,2026-10-07
313858318,Tropicana Smooth Orange Juice 1.5L,4.50,3,per litre,"Drinks > Juices, Smoothies & Wellness Drinks > Fresh Juice > Orange Juice",https://www.tesco.com/groceries/en-GB/products/313858318,https://digitalcontent.api.tesco.com/v2/media/ghs/db3c8737-5079-4f57-bffa-c01e58f27cbe/f967c85a-46c4-4fae-b9ae-6f7cf22f4dca.jpeg?h=225&w=225,yes,2026-10-07
305529830,"innocent Kids Smoothies Oranges, Mangoes & Pineapples 4 x 150ml",3.60,6,per litre,Drinks > Kids Drinks > Lunchbox Juice Drinks > Kids Juice Cartons,https://www.tesco.com/groceries/en-GB/products/305529830,https://digitalcontent.api.tesco.com/v2/media/ghs/72bab32f-2bb6-4535-880a-1f839cb6c1d5/f1f9afc0-1cb8-4812-9b47-cc874c1caf64.jpeg?h=225&w=225,yes,2026-10-07
305249700,"innocent Kids Smoothies Strawberries, Raspberries & Apples 4 x 150ml",3.60,6,per litre,Drinks > Kids Drinks > Kids Juices & Smoothies > Kids Juice Cartons,https://www.tesco.com/groceries/en-GB/products/305249700,https://digitalcontent.api.tesco.com/v2/media/ghs/59d777f4-8664-4044-aca0-37d6ea60983b/c8388f26-0689-4d3e-9d25-882d507abddc.jpeg?h=225&w=225,yes,2026-10-07
268218386,Innocent Smooth Orange Juice 900ml,3.20,3.56,per litre,"Drinks > Juices, Smoothies & Wellness Drinks > Fresh Juice > Orange Juice",https://www.tesco.com/groceries/en-GB/products/268218386,https://digitalcontent.api.tesco.com/v2/media/ghs/d9fe191f-5ad0-457d-b418-0306c22f6c50/ec778314-e9ab-4b29-8bce-e11f1ad9e4e7.jpeg?h=225&w=225,yes,2026-10-07
268094074,Vita Coco Original Coconut Water 1 Litre,4.00,4,per litre,Fresh Food > Juice & Smoothies > Coconut Water > Coconut Water,https://www.tesco.com/groceries/en-GB/products/268094074,https://digitalcontent.api.tesco.com/v2/media/ghs/6ecf515a-5052-4afd-9e43-43fd651f323e/d74b143c-cf3c-43f8-9cd6-5b2ee57597f1_177551942.jpeg?h=225&w=225,yes,2026-10-07
272489114,Innocent Apple Juice 1.35 Litre,4.40,3.26,per litre,"Drinks > Juices, Smoothies & Wellness Drinks > Fresh Juice > Apple Juice",https://www.tesco.com/groceries/en-GB/products/272489114,https://digitalcontent.api.tesco.com/v2/media/ghs/1b563a11-eac9-4481-9cd5-6df838f448cd/e8313b7e-a47e-4d02-bc1b-d4837369cdd3.jpeg?h=225&w=225,yes,2026-10-07
271400233,Innocent Smooth Orange Juice 1.35L,4.40,3.26,per litre,"Drinks > Juices, Smoothies & Wellness Drinks > Fresh Juice > Orange Juice",https://www.tesco.com/groceries/en-GB/products/271400233,https://digitalcontent.api.tesco.com/v2/media/ghs/ce2ccfd6-9cfd-46ea-9b0b-2575829ac596/60ee6f56-e1bd-465c-9b63-517f667db9b1.jpeg?h=225&w=225,yes,2026-10-07
305984399,"innocent Kids Super Smoothies Strawberries, Kiwis & Apples 4 x 150ml",4.10,6.83,per litre,Drinks > Kids Drinks > Lunchbox Juice Drinks > Kids Juice Cartons,https://www.tesco.com/groceries/en-GB/products/305984399,https://digitalcontent.api.tesco.com/v2/media/ghs/e4181dcf-fe23-4a2c-b76c-6a8408f8cbc9/4657797e-5e4c-44b2-b5e2-fee28cc093af.jpeg?h=225&w=225,yes,2026-10-07
305948269,"innocent Kids Super Smoothies Mangoes, Peaches, Apricots & Apples 4 x 150ml",4.10,6.83,per litre,Drinks > Kids Drinks > Lunchbox Juice Drinks > Kids Juice Cartons,https://www.tesco.com/groceries/en-GB/products/305948269,https://digitalcontent.api.tesco.com/v2/media/ghs/eaefde49-6735-48b1-8dea-9b16a3870b1d/3fae78b2-d9b9-4eab-9b9d-98da01d2685f.jpeg?h=225&w=225,yes,2026-10-07
276956270,Tesco 100% Pressed Apple Juice 1 Litre,2.00,2,per litre,"Drinks > Juices, Smoothies & Wellness Drinks > Fresh Juice > Apple Juice",https://www.tesco.com/groceries/en-GB/products/276956270,https://digitalcontent.api.tesco.com/v2/media/ghs/6f96e2b9-f694-4f57-9122-b376c147a0eb/6e424e70-c680-4bb4-aa0c-34f3b540a976.jpeg?h=225&w=225,yes,2026-10-07
276956454,Tesco 100% Pressed Apple & Mango Juice 1 Litre,2.00,2,per litre,"Drinks > Juices, Smoothies & Wellness Drinks > Fresh Juice > Mixed Fruit & Tropical Juice",https://www.tesco.com/groceries/en-GB/products/276956454,https://digitalcontent.api.tesco.com/v2/media/ghs/a332e1ff-8b94-4d44-8142-b098ab6d368f/57f08768-777e-43b7-95dc-5fea3152fca5.jpeg?h=225&w=225,yes,2026-10-07
305983377,Tesco Mango Passion Fruit Smoothie 750Ml,1.95,2.6,per litre,"Drinks > Juices, Smoothies & Wellness Drinks > Smoothies & Added Benefit Juices > Smoothies",https://www.tesco.com/groceries/en-GB/products/305983377,https://digitalcontent.api.tesco.com/v2/media/ghs/1804b5d8-71a6-47ae-a5af-db9ed626fdf3/94b1d5c8-f008-441e-9d9f-10f2bab24269_1475068686.jpeg?h=225&w=225,yes,2026-10-07
305959509,Tesco Strawberry Sensation Smoothie 750Ml,1.95,2.6,per litre,"Drinks > Juices, Smoothies & Wellness Drinks > Smoothies & Added Benefit Juices > Smoothies",https://www.tesco.com/groceries/en-GB/products/305959509,https://digitalcontent.api.tesco.com/v2/media/ghs/8ee7623b-92db-42ac-865b-f97331e058eb/8ef02d0c-da1b-476c-8dc7-85f1ed08d64e_1797614097.jpeg?h=225&w=225,yes,2026-10-07
306801166,"Tesco Apple, Lemon & Ginger Juice 1L",2.00,2,per litre,"Drinks > Juices, Smoothies & Wellness Drinks > Fresh Juice > Mixed Fruit & Tropical Juice",https://www.tesco.com/groceries/en-GB/products/306801166,https://digitalcontent.api.tesco.com/v2/media/ghs/d1cedc2c-c579-4aeb-b458-d2f6790320cd/a04cedad-4c83-44cd-883e-876cf130b2e3_1790347798.jpeg?h=225&w=225,yes,2026-10-07
311268187,Tropicana Smooth Orange Juice 900Ml,3.15,3.5,per litre,"Drinks > Juices, Smoothies & Wellness Drinks > Fresh Juice > Orange Juice",https://www.tesco.com/groceries/en-GB/products/311268187,https://digitalcontent.api.tesco.com/v2/media/ghs/b6e8d355-4d42-47ce-81dd-c2d83b0a3433/878e081c-ac6c-4276-8ac7-587f037d1a6b.jpeg?h=225&w=225,yes,2026-10-07
311673277,Tropicana Original Orange With Juicy Bits 900Ml,3.15,3.5,per litre,"Drinks > Juices, Smoothies & Wellness Drinks > Fresh Juice > Orange Juice",https://www.tesco.com/groceries/en-GB/products/311673277,https://digitalcontent.api.tesco.com/v2/media/ghs/f8d3fcea-6952-4927-845d-45a72e14ffd8/dec70431-ed63-4ea6-9a3c-a5fe26c85caa.jpeg?h=225&w=225,yes,2026-10-07
263450571,"Tesco 100% Pure Apple, Peach, Mango & Passion Fruit Juice 1L",2.00,2,per litre,"Drinks > Juices, Smoothies & Wellness Drinks > Fresh Juice > Mixed Fruit & Tropical Juice",https://www.tesco.com/groceries/en-GB/products/263450571,https://digitalcontent.api.tesco.com/v2/media/ghs/65a650f2-8ff7-4bd6-aea6-a743676b28a1/720768e3-e2a1-4329-a7e7-4e049bd3de46_699330389.jpeg?h=225&w=225,yes,2026-10-07
311797243,Tropicana Pressed Apple Juice 900Ml,3.15,3.5,per litre,"Drinks > Juices, Smoothies & Wellness Drinks > Fresh Juice > Apple Juice",https://www.tesco.com/groceries/en-GB/products/311797243,https://digitalcontent.api.tesco.com/v2/media/ghs/a7270d48-a322-42ac-8f71-f5db7295f9e2/02968bb7-0058-499f-a8e3-a73ad76c4d43.jpeg?h=225&w=225,yes,2026-10-07
278082689,Tesco No Added Sugar Cranberry Juice Drink 1 Litre,1.40,1.4,per litre,"Drinks > Juices, Smoothies & Wellness Drinks > Long Life Juice > Long Life Cranberry Juice",https://www.tesco.com/groceries/en-GB/products/278082689,https://digitalcontent.api.tesco.com/v2/media/ghs/10ea3018-e26c-4cc3-9c64-498281e21a9c/365dae75-8965-49fd-9460-e2a1cc0e3d8c_555018805.jpeg?h=225&w=225,yes,2026-10-07
257983254,Tesco Tomato Juice 1 Litre,1.40,1.4,per litre,"Drinks > Juices, Smoothies & Wellness Drinks > Long Life Juice > Long Life Vegetable & Tomato Juice",https://www.tesco.com/groceries/en-GB/products/257983254,https://digitalcontent.api.tesco.com/v2/media/ghs/0017eabb-66f4-4c29-ab7b-6a93a6fbe27b/02430910-01d8-48f8-9b79-fdb83587f060_779703193.jpeg?h=225&w=225,yes,2026-10-07
265161034,Happy Monkey Smoothies Orange & Mango 4 x 180ml,2.40,3.33,per litre,Drinks > Kids Drinks > Lunchbox Juice Drinks > Kids Juice Cartons,https://www.tesco.com/groceries/en-GB/products/265161034,https://digitalcontent.api.tesco.com/v2/media/ghs/b4582bfa-3549-4b88-a90c-d40c072b2bac/669e458e-29be-4c01-a9af-58a8bda87875.jpeg?h=225&w=225,yes,2026-10-07
265160818,Happy Monkey Smoothies Strawberry & Banana 4 x 180ml,2.40,3.33,per litre,Drinks > Kids Drinks > Lunchbox Juice Drinks > Kids Juice Cartons,https://www.tesco.com/groceries/en-GB/products/265160818,https://digitalcontent.api.tesco.com/v2/media/ghs/984f47af-6869-4fc6-b89d-389640579495/8f6b6743-c5ef-486b-944b-a2cfb064027f.jpeg?h=225&w=225,yes,2026-10-07
256095926,Tesco Cranberry Juice Drink 1 Litre,1.40,1.4,per litre,"Drinks > Juices, Smoothies & Wellness Drinks > Long Life Juice > Long Life Cranberry Juice",https://www.tesco.com/groceries/en-GB/products/256095926,https://digitalcontent.api.tesco.com/v2/media/ghs/f784874f-e354-42c8-a236-8353cb8c6b8b/11180be2-e946-4c12-a38f-8b373fe83624_664754617.jpeg?h=225&w=225,yes,2026-10-07
252648579,Ocean Spray Cranberry Classic Light Juice Drink 1 Litre,1.90,1.9,per litre,"Drinks > Juices, Smoothies & Wellness Drinks > Long Life Juice > Long Life Cranberry Juice",https://www.tesco.com/groceries/en-GB/products/252648579,https://digitalcontent.api.tesco.com/v2/media/ghs/3f8e88a9-9468-4305-b1ee-793fedc22573/da977e24-bc94-446e-a43b-67dc817e3692_197714367.jpeg?h=225&w=225,yes,2026-10-07
254859384,Ocean Spray Cranberry Classic Juice Drink 1 Litre,1.90,1.9,per litre,"Drinks > Juices, Smoothies & Wellness Drinks > Long Life Juice > Long Life Cranberry Juice",https://www.tesco.com/groceries/en-GB/products/254859384,https://digitalcontent.api.tesco.com/v2/media/ghs/58e29954-9d1a-40c3-b044-25136731ab58/9718beeb-32c4-4179-867b-cc3e99b3d89d_1766762834.jpeg?h=225&w=225,yes,2026-10-07
278082620,Tesco No Added Sugar Cranberry Raspberry Juice Drink 1 Litre,1.40,1.4,per litre,"Drinks > Juices, Smoothies & Wellness Drinks > Long Life Juice > Long Life Cranberry Juice",https://www.tesco.com/groceries/en-GB/products/278082620,https://digitalcontent.api.tesco.com/v2/media/ghs/2fbd8281-679e-432e-99e1-9c46cf1b4c5e/cffc2f87-7607-4004-aa5f-55805425e664_1874345996.jpeg?h=225&w=225,yes,2026-10-07
263450663,Tesco Clementine Juice Not From Concentrate 1L,2.00,2,per litre,"Drinks > Juices, Smoothies & Wellness Drinks > Fresh Juice > Orange Juice",https://www.tesco.com/groceries/en-GB/products/263450663,https://digitalcontent.api.tesco.com/v2/media/ghs/4101b34d-f265-4fb9-991c-f54c43c04d39/380eba19-f6ac-46fc-9a4f-ad619a89757f_1737988122.jpeg?h=225&w=225,yes,2026-10-07
254859580,Tesco Pure Apple Juice 1 Litre,1.40,1.4,per litre,"Drinks > Juices, Smoothies & Wellness Drinks > Long Life Juice > Long Life Apple Juice",https://www.tesco.com/groceries/en-GB/products/254859580,https://digitalcontent.api.tesco.com/v2/media/ghs/0e25584f-2444-4fa3-9535-1b4dac4a0069/217ebbfc-04bb-4c0d-a6e2-c77bf671eae2_1138473858.jpeg?h=225&w=225,yes,2026-10-07
300473499,Growers Harvest Orange Juice Smooth 1L,1.45,1.45,per litre,"Drinks > Juices, Smoothies & Wellness Drinks > Fresh Juice > Orange Juice",https://www.tesco.com/groceries/en-GB/products/300473499,https://digitalcontent.api.tesco.com/v2/media/ghs/3179eb83-d8a2-411a-8d41-4c900dab1fa0/410e6a02-412b-4bf0-b224-1b206584dd8d.jpeg?h=225&w=225,yes,2026-10-07
278993187,Tesco 100% Pure Breakfast Juice 1L,2.00,2,per litre,"Drinks > Juices, Smoothies & Wellness Drinks > Fresh Juice > Orange Juice",https://www.tesco.com/groceries/en-GB/products/278993187,https://digitalcontent.api.tesco.com/v2/media/ghs/1575395f-184e-4203-814b-173f02d9d428/009d2435-ea33-4572-8553-55ebf732c31b.jpeg?h=225&w=225,yes,2026-10-07
289510599,Tesco Apple And Mango From Concentrate 1 Litre,1.40,1.4,per litre,"Drinks > Juices, Smoothies & Wellness Drinks > Long Life Juice > Long Life Mixed Fruit & Tropical Juice",https://www.tesco.com/groceries/en-GB/products/289510599,https://digitalcontent.api.tesco.com/v2/media/ghs/cc498c1f-bd73-4940-a08a-dabda7bb426d/507d5459-4d3a-4dff-a6a8-73942b2aff03_89288415.jpeg?h=225&w=225,yes,2026-10-07
282646562,Tesco 100% Pure Squeezed Pink Grapefruit Juice 1 Litre,2.00,2,per litre,"Drinks > Juices, Smoothies & Wellness Drinks > Fresh Juice > Grapefruit & Pineapple Juice",https://www.tesco.com/groceries/en-GB/products/282646562,https://digitalcontent.api.tesco.com/v2/media/ghs/c2277636-e619-4d1c-8aee-4c614487932a/dd67114f-25be-4983-8729-fb2d3d1fd1b8.jpeg?h=225&w=225,yes,2026-10-07
255595993,Tesco 100% Pure Squeezed Orange Juice With Bits 1.75 L,3.25,1.86,per litre,"Drinks > Juices, Smoothies & Wellness Drinks > Fresh Juice > Orange Juice",https://www.tesco.com/groceries/en-GB/products/255595993,https://digitalcontent.api.tesco.com/v2/media/ghs/a27fb78b-fb65-43b6-b0ef-7f63a0e0d334/0d6d87f8-c6d5-47ee-bee3-c1d01560ca2f_2122131410.jpeg?h=225&w=225,yes,2026-10-07
255595843,Tesco 100% Pure Squeezed Orange Juice Smooth 1.75 Litre,3.25,1.86,per litre,"Drinks > Juices, Smoothies & Wellness Drinks > Fresh Juice > Orange Juice",https://www.tesco.com/groceries/en-GB/products/255595843,https://digitalcontent.api.tesco.com/v2/media/ghs/be2612a2-d5f7-42e5-8581-28c53242345c/0af4c5fc-3d4f-488c-b130-0c9c2a0fd3a9.jpeg?h=225&w=225,yes,2026-10-07
300473931,Growers Harvest Pure Apple Juice 1 Litre,0.99,0.99,per litre,"Drinks > Juices, Smoothies & Wellness Drinks > Fresh Juice > Apple Juice",https://www.tesco.com/groceries/en-GB/products/300473931,https://digitalcontent.api.tesco.com/v2/media/ghs/0237e78e-896b-4c50-ac50-5ddf13316f95/d651af9a-5987-4d5e-b295-ba35c99f6eaf.jpeg?h=225&w=225,yes,2026-10-07
301219495,Growers Harvest Pure Apple Juice 1 Litre,0.89,0.89,per litre,"Drinks > Juices, Smoothies & Wellness Drinks > Long Life Juice > Long Life Apple Juice",https://www.tesco.com/groceries/en-GB/products/301219495,https://digitalcontent.api.tesco.com/v2/media/ghs/d6d8baae-0678-43d8-8e9b-318b6279c514/927081bc-00f2-4a60-80c8-df4b4a34d79b_595886244.jpeg?h=225&w=225,yes,2026-10-07
300473447,Growers Harvest Tropical Juice Drink 2L,1.49,0.74,per litre,"Drinks > Juices, Smoothies & Wellness Drinks > Fresh Juice > Mixed Fruit & Tropical Juice",https://www.tesco.com/groceries/en-GB/products/300473447,https://digitalcontent.api.tesco.com/v2/media/ghs/f301aca0-13f4-4e57-8b27-fcd92c639215/187de227-6fa5-4b33-a9e8-24471c1c4408_2066166250.jpeg?h=225&w=225,yes,2026-10-07
300474469,Growers Harvest Orange Juice Smooth 2L,2.19,1.1,per litre,"Drinks > Juices, Smoothies & Wellness Drinks > Fresh Juice > Orange Juice",https://www.tesco.com/groceries/en-GB/products/300474469,https://digitalcontent.api.tesco.com/v2/media/ghs/a631c113-91c5-498d-899e-b48f56adc934/7f399d94-5184-4f04-9de4-3e4456f4be34.jpeg?h=225&w=225,yes,2026-10-07
254859516,Tesco Orange Juice Smooth 1 Litre,1.40,1.4,per litre,"Drinks > Juices, Smoothies & Wellness Drinks > Long Life Juice > Long Life Orange Juice",https://www.tesco.com/groceries/en-GB/products/254859516,https://digitalcontent.api.tesco.com/v2/media/ghs/cc47acc6-6b85-4c50-a7e4-f7f25566cb73/d8ff9d90-f647-4e17-834a-4c9016d1db12_1250574320.jpeg?h=225&w=225,yes,2026-10-07
259151850,Tesco 100% Pure Orange Juice Smooth 1 Litre,2.00,2,per litre,"Drinks > Juices, Smoothies & Wellness Drinks > Fresh Juice > Orange Juice",https://www.tesco.com/groceries/en-GB/products/259151850,https://digitalcontent.api.tesco.com/v2/media/ghs/aa67a254-9314-49e6-b28a-549c4aeb1eca/d87973f8-ee97-453d-949d-2f1db18efce9.jpeg?h=225&w=225,yes,2026-10-07
258997144,Tesco 100% Pure Squeezed Orange Juice With Bits 1 Litre,2.00,2,per litre,"Drinks > Juices, Smoothies & Wellness Drinks > Fresh Juice > Orange Juice",https://www.tesco.com/groceries/en-GB/products/258997144,https://digitalcontent.api.tesco.com/v2/media/ghs/a261454f-be62-425e-94f1-45bc480d2970/c27626b5-d680-45db-8d5e-8e13c223cd7f.jpeg?h=225&w=225,yes,2026-10-07
251741199,Tesco Pure Orange Juice With Bits 1 Litre,1.40,1.4,per litre,"Drinks > Juices, Smoothies & Wellness Drinks > Long Life Juice > Long Life Orange Juice",https://www.tesco.com/groceries/en-GB/products/251741199,https://digitalcontent.api.tesco.com/v2/media/ghs/754b32f6-5e8e-4532-9f59-091f35f543a1/a7c482e3-6d28-49ab-9e76-720799d3575b_736391894.jpeg?h=225&w=225,yes,2026-10-07
264959141,Tesco 100% Squeezed & Pressed Orange & Mango Juice 1 Litre,2.00,2,per litre,"Drinks > Juices, Smoothies & Wellness Drinks > Fresh Juice > Mixed Fruit & Tropical Juice",https://www.tesco.com/groceries/en-GB/products/264959141,https://digitalcontent.api.tesco.com/v2/media/ghs/7dba18c4-3ce1-487e-9995-c96645339e3f/c35b02af-b3c1-4d35-9190-4f46f71e1933.jpeg?h=225&w=225,yes,2026-10-07
259336315,Tesco Pineapple Juice 1 Litre,1.40,1.4,per litre,"Drinks > Juices, Smoothies & Wellness Drinks > Long Life Juice > Long Life Mixed Fruit & Tropical Juice",https://www.tesco.com/groceries/en-GB/products/259336315,https://digitalcontent.api.tesco.com/v2/media/ghs/2b999cda-4d30-497e-ab84-1b0caa1f6595/c7e32184-0d91-4fb9-b6cd-20e0abd75c75_158375459.jpeg?h=225&w=225,yes,2026-10-07
299914924,Grower's Harvest Orange Juice Smooth 1 Litre,0.89,0.89,per litre,"Drinks > Juices, Smoothies & Wellness Drinks > Long Life Juice > Long Life Orange Juice",https://www.tesco.com/groceries/en-GB/products/299914924,https://digitalcontent.api.tesco.com/v2/media/ghs/6cbd4b55-3752-479c-bc0b-147af7af067f/a74868a7-2aee-4113-ba56-cdf82e62d901_806330900.jpeg?h=225&w=225,yes,2026-10-07
276956212,Tesco 100% Pure Pineapple Juice 1 Litre,2.00,2,per litre,"Drinks > Juices, Smoothies & Wellness Drinks > Fresh Juice > Grapefruit & Pineapple Juice",https://www.tesco.com/groceries/en-GB/products/276956212,https://digitalcontent.api.tesco.com/v2/media/ghs/0d831fb8-6bd3-4bb9-bdae-0123c387909c/49529c13-3a45-441b-a5f7-2db0d958ddd4_1909407932.jpeg?h=225&w=225,yes,2026-10-07
305251351,"innocent Kids Orange, Mango & Pineapple Smoothies 10x150ml",6.50,4.33,per litre,Drinks > Kids Drinks > Lunchbox Juice Drinks > Kids Juice Cartons,https://www.tesco.com/groceries/en-GB/products/305251351,https://digitalcontent.api.tesco.com/v2/media/ghs/123fdbf8-ce63-4703-aff9-fdf5006d0955/02d058d1-0cac-4362-b1c2-1028bdbf8a6b.jpeg?h=225&w=225,yes,2026-10-07
305251564,"innocent Kids Smoothies Strawberries, Raspberries & Apples 10 x 150ml",6.50,4.33,per litre,Drinks > Kids Drinks > Kids Juices & Smoothies > Kids Juice Cartons,https://www.tesco.com/groceries/en-GB/products/305251564,https://digitalcontent.api.tesco.com/v2/media/ghs/abf0ce30-e5f5-48eb-a5d0-5385081ce887/f631eaec-f8d0-43d0-9646-b88866d73e74.jpeg?h=225&w=225,yes,2026-10-07
303448116,Vita Coco Extra Coconut Water 1 Litre,4.00,4,per litre,Fresh Food > Juice & Smoothies > Coconut Water > Coconut Water,https://www.tesco.com/groceries/en-GB/products/303448116,https://digitalcontent.api.tesco.com/v2/media/ghs/b56dc741-1ac9-4594-80f0-a6ac6d1193c5/76704c20-798d-48dc-8790-2fb3b464d9ca_1967586080.jpeg?h=225&w=225,yes,2026-10-07
266828570,Pom Wonderful 100% Pomegranate Juice 710Ml,4.80,6.76,per litre,"Drinks > Juices, Smoothies & Wellness Drinks > Fresh Juice > Cranberry, Pomegranate & Mixed Berry Juice",https://www.tesco.com/groceries/en-GB/products/266828570,https://digitalcontent.api.tesco.com/v2/media/ghs/bcad4a36-2202-4be8-9dd5-36ce06970ffc/8fb7d844-a75c-4372-87a3-47cd674bfb77_1429614793.jpeg?h=225&w=225,yes,2026-10-07
313757081,Tropicana Original Orange Fruit Juice With Bits 1.5L,4.50,3,per litre,"Drinks > Juices, Smoothies & Wellness Drinks > Fresh Juice > Orange Juice",https://www.tesco.com/groceries/en-GB/products/313757081,https://digitalcontent.api.tesco.com/v2/media/ghs/c9f285a4-21a2-4769-aee9-08df1fede592/d1a380ff-4432-4432-a041-ba07e5d751fd.jpeg?h=225&w=225,yes,2026-10-07
305528693,"innocent Kids Smoothies Peaches, Passion Fruits & Oranges 4 x 150ml",3.60,6,per litre,Drinks > Kids Drinks > Lunchbox Juice Drinks > Kids Juice Cartons,https://www.tesco.com/groceries/en-GB/products/305528693,https://digitalcontent.api.tesco.com/v2/media/ghs/c887857e-4431-46a3-afeb-4b475bc85823/5dd254c7-5082-4c07-948f-22bb895a8c60.jpeg?h=225&w=225,yes,2026-10-07
305529496,"innocent Kids Smoothies Cherries, Strawberries & Apples 4 x 150ml",3.60,6,per litre,Drinks > Kids Drinks > Lunchbox Juice Drinks > Kids Juice Cartons,https://www.tesco.com/groceries/en-GB/products/305529496,https://digitalcontent.api.tesco.com/v2/media/ghs/263b93f2-953f-4638-969c-4f2f8fe3e4dc/e7cd0c33-b74d-45bb-abc0-86bbf61bc2b6.jpeg?h=225&w=225,yes,2026-10-07
314424151,Tropicana Pressed Apple Fruit Juice 1.5L,4.50,3,per litre,"Drinks > Juices, Smoothies & Wellness Drinks > Fresh Juice > Apple Juice",https://www.tesco.com/groceries/en-GB/products/314424151,https://digitalcontent.api.tesco.com/v2/media/ghs/9beef374-7eec-4026-b310-1b687ce08738/e79c1d0d-3593-4fe9-8390-71a20f4f73cb.jpeg?h=225&w=225,yes,2026-10-07
298025889,Benefit 100% Prune Juice 1Litre,3.95,3.95,per litre,"Drinks > Juices, Smoothies & Wellness Drinks > Long Life Juice > Long Life Juice",https://www.tesco.com/groceries/en-GB/products/298025889,https://digitalcontent.api.tesco.com/v2/media/ghs/371639d6-bda4-489c-b32e-4621e49fb22a/408a2749-925a-45ee-a013-8b522d848646_1841983159.jpeg?h=225&w=225,yes,2026-10-07
305524927,innocent Kids Smoothies Apples & Blackcurrants 4 x 150ml,3.60,6,per litre,Drinks > Kids Drinks > Lunchbox Juice Drinks > Kids Juice Cartons,https://www.tesco.com/groceries/en-GB/products/305524927,https://digitalcontent.api.tesco.com/v2/media/ghs/0e05a8b0-166d-48d8-bb5a-0f59158e345f/b1848e9e-6bb1-4645-8d3f-bd94809807da.jpeg?h=225&w=225,yes,2026-10-07
287438170,Tropicana Smooth Orange Juice 300ml,2.25,7.5,per litre,Fresh Food > Juice & Smoothies > Fresh Juice > Fresh Orange Juice,https://www.tesco.com/groceries/en-GB/products/287438170,https://digitalcontent.api.tesco.com/v2/media/ghs/92b2b8e1-5902-4640-ba2b-813b06648ca7/a1f4243b-a39c-4d46-bcf1-4bd72c797ffe.jpeg?h=225&w=225,yes,2026-10-07
263449907,Tesco Apple Juice 1.75 Litre,3.25,1.86,per litre,"Drinks > Juices, Smoothies & Wellness Drinks > Fresh Juice > Apple Juice",https://www.tesco.com/groceries/en-GB/products/263449907,https://digitalcontent.api.tesco.com/v2/media/ghs/dec79550-1ee8-42e1-9e36-552f8198b064/7578e05b-ca4a-4e58-bdca-5efe29355a69.jpeg?h=225&w=225,yes,2026-10-07
324423471,TROPICANA Smooth Orange with No Bits Juice 1.8l,4.90,2.72,per litre,Fresh Food > Juice & Smoothies > Fresh Juice > Fresh Orange Juice,https://www.tesco.com/groceries/en-GB/products/324423471,https://digitalcontent.api.tesco.com/v2/media/ghs/ff50d836-b711-4a6b-95e4-067b3c0e5019/df6fb20e-e21c-42d3-ab55-8824ec5daafb.jpeg?h=225&w=225,yes,2026-10-07
270928025,Innocent Smoothie - Mangoes Passion Fruits & Apples 750ml,3.50,4.67,per litre,"Drinks > Juices, Smoothies & Wellness Drinks > Smoothies & Added Benefit Juices > Smoothies",https://www.tesco.com/groceries/en-GB/products/270928025,https://digitalcontent.api.tesco.com/v2/media/ghs/25187d40-6d64-4189-b68e-37e9b6b394cb/2c32fcc5-de4d-4d5f-bd45-4c7cb1b1d76e.jpeg?h=225&w=225,yes,2026-10-07
270927464,"innocent Strawberries, Bananas & Apples Smoothie 750ml",3.50,4.67,per litre,"Drinks > Juices, Smoothies & Wellness Drinks > Smoothies & Added Benefit Juices > Smoothies",https://www.tesco.com/groceries/en-GB/products/270927464,https://digitalcontent.api.tesco.com/v2/media/ghs/b62c2d33-0f83-45f7-a483-0e3b4bab35b7/65125da3-6d9a-468a-9fb6-62426d951a8b.jpeg?h=225&w=225,yes,2026-10-07
288178112,Innocent Coconut Water 1 Litre,4.30,4.3,per litre,Fresh Food > Juice & Smoothies > Coconut Water > Coconut Water,https://www.tesco.com/groceries/en-GB/products/288178112,https://digitalcontent.api.tesco.com/v2/media/ghs/019bbe15-0a71-4aee-88f3-14d203c9c687/24e7d53f-102d-47b3-a6dc-976c48ef6b20_402078745.jpeg?h=225&w=225,yes,2026-10-07
268219251,Innocent Apple Juice 900Ml,3.20,3.56,per litre,"Drinks > Juices, Smoothies & Wellness Drinks > Fresh Juice > Apple Juice",https://www.tesco.com/groceries/en-GB/products/268219251,https://digitalcontent.api.tesco.com/v2/media/ghs/3fbdf00f-4371-4ed3-9120-3f13150c24d6/49caa619-4f3e-49c0-8845-160091e0fee1.jpeg?h=225&w=225,yes,2026-10-07
287294534,Tropicana Pineapple Juice 850Ml,3.50,4.12,per litre,Fresh Food > Juice & Smoothies > Fresh Juice > Mixed Fruit & Tropical Juice,https://www.tesco.com/groceries/en-GB/products/287294534,https://digitalcontent.api.tesco.com/v2/media/ghs/8aa9254f-c40f-446d-8f29-f1f6ea9adfce/c3cec1c2-6246-48f5-b0ce-078626895b6f.jpeg?h=225&w=225,yes,2026-10-07
293945418,Tesco Cranberry Juice Drink 1 Litre,2.00,2,per litre,"Drinks > Juices, Smoothies & Wellness Drinks > Fresh Juice > Cranberry, Pomegranate & Mixed Berry Juice",https://www.tesco.com/groceries/en-GB/products/293945418,https://digitalcontent.api.tesco.com/v2/media/ghs/9c0d31e9-6671-48a5-9975-13946b5462f9/b3e883d8-10f5-4424-a52a-8fd5c12c51ad_1619936285.jpeg?h=225&w=225,yes,2026-10-07
301443833,Copella Apple Juice 1.35L,3.75,2.78,per litre,"Drinks > Juices, Smoothies & Wellness Drinks > Fresh Juice > Apple Juice",https://www.tesco.com/groceries/en-GB/products/301443833,https://digitalcontent.api.tesco.com/v2/media/ghs/afba814d-ba79-49f9-ae43-417b5b59f5cb/3796b657-5372-492a-a80b-36784f0236b7.jpeg?h=225&w=225,yes,2026-10-07
301443856,Copella Apple And Elderflower Juice 1.35L,3.75,2.78,per litre,"Drinks > Juices, Smoothies & Wellness Drinks > Fresh Juice > Apple Juice",https://www.tesco.com/groceries/en-GB/products/301443856,https://digitalcontent.api.tesco.com/v2/media/ghs/6684676e-c749-4ca6-95b4-f9114e5b5b42/64ca56ca-a653-494c-a2b5-de45b090a419.jpeg?h=225&w=225,yes,2026-10-07
293945270,Tesco 100% Pressed Tomato Juice 1 Litre,2.00,2,per litre,"Drinks > Juices, Smoothies & Wellness Drinks > Fresh Juice > Prune, Tomato & Vegetable Juice",https://www.tesco.com/groceries/en-GB/products/293945270,https://digitalcontent.api.tesco.com/v2/media/ghs/e48e0235-2e29-4b3e-8f5d-76d1599255d2/70bf9f60-f94d-4e1b-a3ee-302a535b57a3.jpeg?h=225&w=225,yes,2026-10-07
271400354,Innocent Orange Juice With Bits 1.35 Litre,4.40,3.26,per litre,"Drinks > Juices, Smoothies & Wellness Drinks > Fresh Juice > Orange Juice",https://www.tesco.com/groceries/en-GB/products/271400354,https://digitalcontent.api.tesco.com/v2/media/ghs/b91f2180-c7c0-4c8a-8f6f-378b83ca4920/6c530f5b-1077-4a36-ae46-ae0fc8f3f3bb.jpeg?h=225&w=225,yes,2026-10-07
275216744,Beet It 1L,3.35,3.35,per litre,"Drinks > Juices, Smoothies & Wellness Drinks > Long Life Juice > Long Life Vegetable & Tomato Juice",https://www.tesco.com/groceries/en-GB/products/275216744,https://digitalcontent.api.tesco.com/v2/media/ghs/0418a4b2-e1e5-4e3c-b574-53973068a14e/55cce252-23ad-41bf-8c07-66a96f5ba18f_897478430.jpeg?h=225&w=225,yes,2026-10-07
277975204,Juice Burst Apple Juice 500Ml,2.00,4,per litre,Drinks > On The Go Drinks > Juice & Smoothies > Juice & Smoothies,https://www.tesco.com/groceries/en-GB/products/277975204,https://digitalcontent.api.tesco.com/v2/media/ghs/b6f7886e-895a-41ce-bc6b-4edb56a20178/352c85a6-752e-40d0-ba1f-fbca266774f3_2077783974.jpeg?h=225&w=225,yes,2026-10-07
276685837,Innocent Tropical Juice 1.35 Litre,4.40,3.26,per litre,Fresh Food > Juice & Smoothies > Fresh Juice > Mixed Fruit & Tropical Juice,https://www.tesco.com/groceries/en-GB/products/276685837,https://digitalcontent.api.tesco.com/v2/media/ghs/5770da89-a22e-4624-961e-5f2ec333d88a/bdf54902-b818-4940-90ac-b02068b055e3.jpeg?h=225&w=225,yes,2026-10-07
305518993,Innocent Super Smoothie Energise 300ml,2.80,9.33,per litre,Drinks > On The Go Drinks > Juice & Smoothies > Juice & Smoothies,https://www.tesco.com/groceries/en-GB/products/305518993,https://digitalcontent.api.tesco.com/v2/media/ghs/0f4797e5-dbcb-467f-8a93-9dbee92fa106/a9218242-63b7-4f16-a458-4ff7c4761d1c.jpeg?h=225&w=225,yes,2026-10-07
305521078,"Innocent Super Smoothie Invigorate, Kiwi & Cucumber Juice with Vitamins 750ml",4.50,6,per litre,"Drinks > Juices, Smoothies & Wellness Drinks > Smoothies & Added Benefit Juices > Smoothies",https://www.tesco.com/groceries/en-GB/products/305521078,https://digitalcontent.api.tesco.com/v2/media/ghs/064441e2-bafa-41c6-a180-bb71d83b5742/70ee687f-97d7-44b8-80aa-f5bb1a393895.jpeg?h=225&w=225,yes,2026-10-07
305528318,"Innocent Super Smoothie Energise, Strawberry & Cherry 750ml",4.50,6,per litre,"Drinks > Juices, Smoothies & Wellness Drinks > Smoothies & Added Benefit Juices > Smoothies",https://www.tesco.com/groceries/en-GB/products/305528318,https://digitalcontent.api.tesco.com/v2/media/ghs/1f166f0c-4f55-42e2-8668-ab1c4dd43448/52d249fa-127d-4dfe-99c3-7a86f56113e4.jpeg?h=225&w=225,yes,2026-10-07
312558427,"Innocent Super Smoothie Revitalise Raspberry, Cranberry, Pomegranate & Apple with Vitamins 750ml",4.50,6,per litre,Fresh Food > Juice & Smoothies > Smoothies & Added Benefit Juices > Smoothies,https://www.tesco.com/groceries/en-GB/products/312558427,https://digitalcontent.api.tesco.com/v2/media/ghs/ec6cadb7-978d-4a7f-b880-b874008fc9fc/9a043021-ddb1-4e46-ac7c-aaf9515d7623.jpeg?h=225&w=225,yes,2026-10-07
309489582,Naked Blue Machine Blueberry Smoothie 300Ml,2.90,9.67,per litre,Fresh Food > Juice & Smoothies > Smoothies & Added Benefit Juices > Smoothies,https://www.tesco.com/groceries/en-GB/products/309489582,https://digitalcontent.api.tesco.com/v2/media/ghs/f955c72b-4f9c-4871-b9fd-6fbd13248c4b/2d9aecbb-954b-4314-a9ab-5dc1ec28356f.jpeg?h=225&w=225,yes,2026-10-07
305979377,Coco Cabana Coconut Water 1 Litre,2.50,2.5,per litre,"Drinks > Juices, Smoothies & Wellness Drinks > Coconut Water > Coconut Water",https://www.tesco.com/groceries/en-GB/products/305979377,https://digitalcontent.api.tesco.com/v2/media/ghs/48e6c43d-49a2-4057-84c6-9f4d60a734a7/5c876d44-f2b7-4bbb-b46c-60db9a801093_714942393.jpeg?h=225&w=225,yes,2026-10-07
253845148,Innocent Smoothie - Strawberries & Bananas 250ml,2.00,8,per litre,Fresh Food > Juice & Smoothies > Kids Juices & Smoothies > Kids Juices & Smoothies,https://www.tesco.com/groceries/en-GB/products/253845148,https://digitalcontent.api.tesco.com/v2/media/ghs/c3b30620-08b4-457d-ab6d-5fc1b98eecd4/38c32af6-d5c8-4aaf-9e08-28686230a07e.jpeg?h=225&w=225,yes,2026-10-07
305525264,"Innocent Super Smoothie Tropical Defence Mango, Coconut Milk, Apple & Ginger with Vitamins 300ml",2.80,9.33,per litre,Fresh Food > Juice & Smoothies > Smoothies & Added Benefit Juices > Smoothies,https://www.tesco.com/groceries/en-GB/products/305525264,https://digitalcontent.api.tesco.com/v2/media/ghs/5c128412-76d3-462b-a832-49f5479d2b54/c1e8602c-be7e-4b9d-95f4-aaf36f6cde1d.jpeg?h=225&w=225,yes,2026-10-07
287295032,Tropicana Tropical Juice 850Ml,3.25,3.82,per litre,"Drinks > Juices, Smoothies & Wellness Drinks > Fresh Juice > Mixed Fruit & Tropical Juice",https://www.tesco.com/groceries/en-GB/products/287295032,https://digitalcontent.api.tesco.com/v2/media/ghs/b8e4bb32-a6ee-4f7a-be8e-c35ddf82e48f/68999727-12df-4ced-a8cb-a6a59662eba2.jpeg?h=225&w=225,yes,2026-10-07
305948408,Tesco Pineapple Paradise Fruit Smoothie 750Ml,1.95,2.6,per litre,"Drinks > Juices, Smoothies & Wellness Drinks > Smoothies & Added Benefit Juices > Smoothies",https://www.tesco.com/groceries/en-GB/products/305948408,https://digitalcontent.api.tesco.com/v2/media/ghs/64d32daa-2341-4c5e-8a7c-8853d20c9aef/683eec06-13b4-46d4-90cf-066631373a9d_2095026656.jpeg?h=225&w=225,yes,2026-10-07
256648058,Pomegreat Pomegranate Juice Drink 1 Litre,2.20,2.2,per litre,"Drinks > Juices, Smoothies & Wellness Drinks > Long Life Juice > Long Life Juice",https://www.tesco.com/groceries/en-GB/products/256648058,https://digitalcontent.api.tesco.com/v2/media/ghs/a2f771c9-3783-425d-abb8-6dc2c209e083/a1021846-04f1-4d62-a4fe-f59aa86eb835_713549070.jpeg?h=225&w=225,yes,2026-10-07
257630874,Ocean Spray Cranberry & Raspberry Juice Drink 1 Litre,1.90,1.9,per litre,"Drinks > Juices, Smoothies & Wellness Drinks > Long Life Juice > Long Life Cranberry Juice",https://www.tesco.com/groceries/en-GB/products/257630874,https://digitalcontent.api.tesco.com/v2/media/ghs/eab49e8e-32da-429d-840c-dca1c4e1d6fa/00d585d3-04ab-4524-9022-1afe9fd1686a_81543512.jpeg?h=225&w=225,yes,2026-10-07
266597882,Ocean Spray Blueberry Juice Drink 1 Litre,1.90,1.9,per litre,"Drinks > Juices, Smoothies & Wellness Drinks > Long Life Juice > Long Life Juice",https://www.tesco.com/groceries/en-GB/products/266597882,https://digitalcontent.api.tesco.com/v2/media/ghs/e0c41a4c-4c06-4240-b37b-290de26c182a/a139e200-e4c4-4ffa-8c36-8551a33819ca_1552195600.jpeg?h=225&w=225,yes,2026-10-07
301219459,Tesco Tropical Juice Drink 1 Litre,1.40,1.4,per litre,"Drinks > Juices, Smoothies & Wellness Drinks > Long Life Juice > Long Life Mixed Fruit & Tropical Juice",https://www.tesco.com/groceries/en-GB/products/301219459,https://digitalcontent.api.tesco.com/v2/media/ghs/b6f710fd-2d9c-49ca-baca-f6d21066b498/12c70e79-9552-4728-a6bc-7ab56b1e14fc_1155965875.jpeg?h=225&w=225,yes,2026-10-07
254426418,Tesco Pink Grapefruit Juice 1 Litre,1.40,1.4,per litre,"Drinks > Juices, Smoothies & Wellness Drinks > Long Life Juice > Long Life Mixed Fruit & Tropical Juice",https://www.tesco.com/groceries/en-GB/products/254426418,https://digitalcontent.api.tesco.com/v2/media/ghs/4165e7f0-f45e-44ef-a008-b4c3fa0ee2ae/3664c389-b733-4313-a13d-caf6b722efdb_2096260424.jpeg?h=225&w=225,yes,2026-10-07
306650136,Don Simon Pineapple & Coconut Juice Drink 1.5Ltr,1.00,0.67,per litre,"Drinks > Juices, Smoothies & Wellness Drinks > Long Life Juice > Long Life Mixed Fruit & Tropical Juice",https://www.tesco.com/groceries/en-GB/products/306650136,https://digitalcontent.api.tesco.com/v2/media/ghs/b48887c9-f2ad-4dde-bd89-6745ed056520/21645d0b-7bac-4d31-9945-a5d64454fdac_1453940856.jpeg?h=225&w=225,yes,2026-10-07
306802758,Don Simon Mango & Passionfruit Juice Drink 1.5L,1.00,0.67,per litre,"Drinks > Juices, Smoothies & Wellness Drinks > Long Life Juice > Long Life Mixed Fruit & Tropical Juice",https://www.tesco.com/groceries/en-GB/products/306802758,https://digitalcontent.api.tesco.com/v2/media/ghs/40c1dc84-7a38-4a46-a607-fbc675e48ff0/8cf1df88-8f91-48c9-81dd-22f6ff0f3012_341239206.jpeg?h=225&w=225,yes,2026-10-07
252530666,Tesco Pure Exotic Juice 1 Litre,1.40,1.4,per litre,"Drinks > Juices, Smoothies & Wellness Drinks > Long Life Juice > Long Life Mixed Fruit & Tropical Juice",https://www.tesco.com/groceries/en-GB/products/252530666,https://digitalcontent.api.tesco.com/v2/media/ghs/07b91d2a-78c0-4495-9286-bd9a76c10228/52279f20-41cd-49bd-a248-8982ebaef824_1553712603.jpeg?h=225&w=225,yes,2026-10-07
254668811,Ocean Spray Cranberry Classic Juice Drink 4 X 1 Litre,6.00,1.5,per litre,"Drinks > Juices, Smoothies & Wellness Drinks > Long Life Juice > Long Life Cranberry Juice",https://www.tesco.com/groceries/en-GB/products/254668811,https://digitalcontent.api.tesco.com/v2/media/ghs/b25bc20d-c539-4fc0-b1f2-f29c07e69dfb/e473e017-3e53-4b11-9bea-126605236860_101438621.jpeg?h=225&w=225,yes,2026-10-07
253983583,Ocean Spray Cranberry Classic Light Juice Drink 4 X 1 Litre,6.00,1.5,per litre,"Drinks > Juices, Smoothies & Wellness Drinks > Long Life Juice > Long Life Cranberry Juice",https://www.tesco.com/groceries/en-GB/products/253983583,https://digitalcontent.api.tesco.com/v2/media/ghs/0ce6d580-22ea-4ee6-b579-efa87cd1f75b/e5ff2acc-6990-4408-ab92-0f404fc222f5_1705170940.jpeg?h=225&w=225,yes,2026-10-07
315377383,"Mockingbird Raw Defence, Mango, Passion Fruit, Carrot Smoothie with Vitamins 750ml",4.50,6,per litre,Fresh Food > Juice & Smoothies > Smoothies & Added Benefit Juices > Smoothies,https://www.tesco.com/groceries/en-GB/products/315377383,https://digitalcontent.api.tesco.com/v2/media/ghs/656ea7a2-0183-4a26-891d-a94ed2b25128/34de2825-1735-43f9-86bd-c4eb6fa964a6_1664214267.jpeg?h=225&w=225,yes,2026-10-07
312235619,"Mockingbird Raw Boost, Berry, Beetroot Smoothie with Vitamins 750ml",4.50,6,per litre,Fresh Food > Juice & Smoothies > Smoothies & Added Benefit Juices > Smoothies,https://www.tesco.com/groceries/en-GB/products/312235619,https://digitalcontent.api.tesco.com/v2/media/ghs/44626609-94a2-4f70-b678-8b63470ac0eb/a2f5b937-4133-4e46-a572-896962325e6f.jpeg?h=225&w=225,yes,2026-10-07
303415189,Innocent Plus Blue Bolt Guava & Lime Juice with Vitamins 750ml,4.00,5.33,per litre,"Drinks > Juices, Smoothies & Wellness Drinks > Fresh Juice > Mixed Fruit & Tropical Juice",https://www.tesco.com/groceries/en-GB/products/303415189,https://digitalcontent.api.tesco.com/v2/media/ghs/b40dd370-d239-42a6-b48e-415d19bbf73b/54e30d6c-06f5-43b7-bc4c-5ececc20133b.jpeg?h=225&w=225,yes,2026-10-07
303415144,Innocent Citrus Shield Juice 750Ml,4.00,5.33,per litre,"Drinks > Juices, Smoothies & Wellness Drinks > Fresh Juice > Mixed Fruit & Tropical Juice",https://www.tesco.com/groceries/en-GB/products/303415144,https://digitalcontent.api.tesco.com/v2/media/ghs/61e54d2d-6ba2-4f21-833f-52a6e1d57978/b19fe47d-3399-4292-bb29-e1be9a717be4.jpeg?h=225&w=225,yes,2026-10-07
303415121,Innocent Berry Set Go Juice 750Ml,4.00,5.33,per litre,"Drinks > Juices, Smoothies & Wellness Drinks > Fresh Juice > Cranberry, Pomegranate & Mixed Berry Juice",https://www.tesco.com/groceries/en-GB/products/303415121,https://digitalcontent.api.tesco.com/v2/media/ghs/d202d6d2-e513-4fbc-929a-353e2be2183c/52cf42da-13e2-475a-b452-6d3e2e546fa4.jpeg?h=225&w=225,yes,2026-10-07
278083043,Cawston Press Brilliant Beetroot Juice 1L,3.45,3.45,per litre,"Drinks > Juices, Smoothies & Wellness Drinks > Long Life Juice > Long Life Vegetable & Tomato Juice",https://www.tesco.com/groceries/en-GB/products/278083043,https://digitalcontent.api.tesco.com/v2/media/ghs/94caa8ea-c59d-4076-8f41-78f291ab7b48/23ab4d04-ab6e-44ac-b1a4-cbe59dd6735b_1970242869.jpeg?h=225&w=225,yes,2026-10-07
312585037,"Mockingbird Raw Greens, Kiwi, Spinach, Pear, Banana Smoothie with Vitamins 750ml",4.50,6,per litre,Fresh Food > Juice & Smoothies > Smoothies & Added Benefit Juices > Smoothies,https://www.tesco.com/groceries/en-GB/products/312585037,https://digitalcontent.api.tesco.com/v2/media/ghs/70d1cf83-d8de-49ac-98c9-1b7eedeb399b/de38023f-4300-4e1f-bf08-e74009aa39a1.jpeg?h=225&w=225,yes,2026-10-07
313733345,Tropicana Tropical Fruit Juice 1.5L,4.50,3,per litre,"Drinks > Juices, Smoothies & Wellness Drinks > Fresh Juice > Mixed Fruit & Tropical Juice",https://www.tesco.com/groceries/en-GB/products/313733345,https://digitalcontent.api.tesco.com/v2/media/ghs/13f4f7a2-fd5e-495f-a788-b10a9445c965/e9581dd6-11a7-4bff-9110-0a3a44d20240.jpeg?h=225&w=225,yes,2026-10-07
287438135,Tropicana Orange Juice Original 300 Ml,2.25,7.5,per litre,Fresh Food > Juice & Smoothies > Fresh Juice > Fresh Orange Juice,https://www.tesco.com/groceries/en-GB/products/287438135,https://digitalcontent.api.tesco.com/v2/media/ghs/94ce140c-3a52-4c6f-884d-583d474aacf0/33894bcd-862f-4af3-8636-505b19a6d219.jpeg?h=225&w=225,yes,2026-10-07
289685190,Naked Blue Machine Super Smoothie 750ml,4.00,5.33,per litre,"Drinks > Juices, Smoothies & Wellness Drinks > Smoothies & Added Benefit Juices > Smoothies",https://www.tesco.com/groceries/en-GB/products/289685190,https://digitalcontent.api.tesco.com/v2/media/ghs/4ba5cf88-d25b-42ec-b482-5b6e90bc08d9/f5a1fff0-4a33-4329-99df-d6436e38ded3_1680018247.jpeg?h=225&w=225,yes,2026-10-07
289685149,Naked Green Machine Super Smoothie 750ml,4.00,5.33,per litre,"Drinks > Juices, Smoothies & Wellness Drinks > Smoothies & Added Benefit Juices > Smoothies",https://www.tesco.com/groceries/en-GB/products/289685149,https://digitalcontent.api.tesco.com/v2/media/ghs/7ef07e9c-751f-4e8b-b723-2f524c89b43c/db4e49e6-fb37-40c7-bd6a-74838b85b3fc_1542970311.jpeg?h=225&w=225,yes,2026-10-07
287939251,Tropicana Multivitamins Juice 300 Ml,2.25,7.5,per litre,Drinks > On The Go Drinks > Juice & Smoothies > Juice & Smoothies,https://www.tesco.com/groceries/en-GB/products/287939251,https://digitalcontent.api.tesco.com/v2/media/ghs/bf375951-3575-4d59-8488-4edd25e64136/87423827-7aeb-48cd-a965-73405d8e1591.jpeg?h=225&w=225,yes,2026-10-07
272488576,Innocent Tropical Juice 900Ml,3.20,3.56,per litre,"Drinks > Juices, Smoothies & Wellness Drinks > Fresh Juice > Mixed Fruit & Tropical Juice",https://www.tesco.com/groceries/en-GB/products/272488576,https://digitalcontent.api.tesco.com/v2/media/ghs/e18ed997-30e6-498f-b9f4-30ee2a19b370/2c225c9f-062d-4f64-926d-5dd678700026.jpeg?h=225&w=225,yes,2026-10-07
324444889,TROPICANA Orchard Apple Perfectly Pressed 1.8l,4.90,2.72,per litre,Fresh Food > Juice & Smoothies > Fresh Juice > Fresh Apple Juice,https://www.tesco.com/groceries/en-GB/products/324444889,https://digitalcontent.api.tesco.com/v2/media/ghs/b244b798-5624-4bda-adae-59e1c2a64c52/5f6cb25a-59ac-49dd-8bff-a7021be1f65f.jpeg?h=225&w=225,yes,2026-10-07
270928457,innocent Pineapples Bananas & Coconuts Smoothie 750ml,3.50,4.67,per litre,"Drinks > Juices, Smoothies & Wellness Drinks > Smoothies & Added Benefit Juices > Smoothies",https://www.tesco.com/groceries/en-GB/products/270928457,https://digitalcontent.api.tesco.com/v2/media/ghs/e050068d-ae92-497f-adac-f8cb8ff42d8f/08212d75-d23d-4bcb-bb45-51cca031960c.jpeg?h=225&w=225,yes,2026-10-07
323857454,Tropicana Hydrate Coconut Water & Pineapple 300ml,2.25,7.5,per litre,"Drinks > Juices, Smoothies & Wellness Drinks > Coconut Water > Coconut Water",https://www.tesco.com/groceries/en-GB/products/323857454,https://digitalcontent.api.tesco.com/v2/media/ghs/bc8156a8-143c-4812-8cc7-1fabbaab03b2/8ee3f793-8390-4eae-84ec-a295c8d8ad9e_1415756001.jpeg?h=225&w=225,yes,2026-10-07
287438020,Copella Apple Juice 300Ml,1.95,6.5,per litre,Fresh Food > Juice & Smoothies > Kids Juices & Smoothies > Kids Juices & Smoothies,https://www.tesco.com/groceries/en-GB/products/287438020,https://digitalcontent.api.tesco.com/v2/media/ghs/302e8956-2f39-4042-80ed-a7c368f22e6f/13103cb5-b795-4c00-83c7-0de3b87b8cc2.jpeg?h=225&w=225,yes,2026-10-07
260079497,Big Tom Tomato Juice 750Ml,3.25,4.33,per litre,"Drinks > Juices, Smoothies & Wellness Drinks > Long Life Juice > Long Life Vegetable & Tomato Juice",https://www.tesco.com/groceries/en-GB/products/260079497,https://digitalcontent.api.tesco.com/v2/media/ghs/75c2f1c3-d941-4d04-92f5-6a9f1c6d2fef/4b8a29e4-d80e-4aaf-9286-0f5558f62f35_780925924.jpeg?h=225&w=225,yes,2026-10-07
316421836,"Mockingbird Raw Activate, Coconut Water, White Grape, Passion Fruit Juice with Vitamins 750ml",4.20,5.6,per litre,Fresh Food > Juice & Smoothies > Fresh Juice > Mixed Fruit & Tropical Juice,https://www.tesco.com/groceries/en-GB/products/316421836,https://digitalcontent.api.tesco.com/v2/media/ghs/4c1a8af8-b4c0-4437-81e6-c7ea99ceb04b/a070802a-5916-439d-893e-0f82623ccf20_2099727780.jpeg?h=225&w=225,yes,2026-10-07
318268594,Tropicana Fresh & Light Tropical Juice Drink 850ml,2.75,3.24,per litre,Fresh Food > Juice & Smoothies > Fresh Juice > Mixed Fruit & Tropical Juice,https://www.tesco.com/groceries/en-GB/products/318268594,https://digitalcontent.api.tesco.com/v2/media/ghs/b1e7eb85-b6b7-4620-bc17-2a522105abd8/99f3f594-a0b9-4a76-a8af-553cb2789cc1.jpeg?h=225&w=225,yes,2026-10-07
321232125,"Mockingbird Raw Hydration, Coconut Water, Pineapple, Lime Juice with Vitamins 750ml",4.20,5.6,per litre,Fresh Food > Juice & Smoothies > Fresh Juice > Mixed Fruit & Tropical Juice,https://www.tesco.com/groceries/en-GB/products/321232125,https://digitalcontent.api.tesco.com/v2/media/ghs/a0b33234-4305-4720-bb5a-a628137d097e/dcb2126d-8097-43ca-ae21-685e5566a515_482465812.jpeg?h=225&w=225,yes,2026-10-07
288307410,Copella Apple & Elderflower Juice 900Ml,2.75,3.06,per litre,"Drinks > Juices, Smoothies & Wellness Drinks > Fresh Juice > Apple Juice",https://www.tesco.com/groceries/en-GB/products/288307410,https://digitalcontent.api.tesco.com/v2/media/ghs/3151628b-e83b-489c-bc7f-44fbbd242993/f56992f8-e9a3-4f8e-a1f1-326e5157ecba.jpeg?h=225&w=225,yes,2026-10-07
288178014,Innocent Summer Fruits Juice 1.35L,4.40,3.26,per litre,"Drinks > Juices, Smoothies & Wellness Drinks > Fresh Juice > Cranberry, Pomegranate & Mixed Berry Juice",https://www.tesco.com/groceries/en-GB/products/288178014,https://digitalcontent.api.tesco.com/v2/media/ghs/c4b851d0-d382-464e-8b24-47a14925e859/86cc0cc7-2a2d-48e3-ae55-324f023c7878.jpeg?h=225&w=225,yes,2026-10-07
276683488,Innocent Apple & Mango Juice 1.35 Litre,4.40,3.26,per litre,"Drinks > Juices, Smoothies & Wellness Drinks > Fresh Juice > Mixed Fruit & Tropical Juice",https://www.tesco.com/groceries/en-GB/products/276683488,https://digitalcontent.api.tesco.com/v2/media/ghs/705de22d-3622-42d6-9f1b-52e4e2767d1e/c6846746-70c5-408e-ad78-dec4b308c5a1.jpeg?h=225&w=225,yes,2026-10-07
305431759,"Innocent Super Smoothie Invigorate, Kiwi & Cucumber Juice with Vitamins 300ml",2.80,9.33,per litre,Drinks > On The Go Drinks > Juice & Smoothies > Juice & Smoothies,https://www.tesco.com/groceries/en-GB/products/305431759,https://digitalcontent.api.tesco.com/v2/media/ghs/d8996fde-cd18-4b29-a711-a9e0a8ab08f7/f1a186a1-21d4-4607-9c7d-1049343f425f.jpeg?h=225&w=225,yes,2026-10-07
260153979,Welch's Light Purple Grape Juice Drink 1 Litre,1.75,1.75,per litre,"Drinks > Juices, Smoothies & Wellness Drinks > Long Life Juice > Long Life Juice",https://www.tesco.com/groceries/en-GB/products/260153979,https://digitalcontent.api.tesco.com/v2/media/ghs/ac3f9da3-6f44-47d0-88d1-e6a9b905a468/b78378cc-de80-4e5d-9440-2ac815c32e69_488580557.jpeg?h=225&w=225,yes,2026-10-07
321236858,Tesco Finest Pressed Pink Lady® Apple Juice 750ml,2.90,3.87,per litre,Fresh Food > Juice & Smoothies > Fresh Juice > Fresh Apple Juice,https://www.tesco.com/groceries/en-GB/products/321236858,https://digitalcontent.api.tesco.com/v2/media/ghs/3f9cd307-5470-4757-84b8-81d7a7ae37a3/f2394366-c2ca-4e08-bf39-1d84ea236676.jpeg?h=225&w=225,yes,2026-10-07
316300640,Innocent Blueberry Focus Super Smoothie 750ml,4.50,6,per litre,Fresh Food > Juice & Smoothies > Smoothies & Added Benefit Juices > Added Benefit Juices,https://www.tesco.com/groceries/en-GB/products/316300640,https://digitalcontent.api.tesco.com/v2/media/ghs/a637ea8c-0772-4a34-822d-303705c75e9f/94bd5846-b135-488c-b2c3-503b68001a59.jpeg?h=225&w=225,yes,2026-10-07
288306532,Copella Apple Juice 900Ml,2.75,3.06,per litre,"Drinks > Juices, Smoothies & Wellness Drinks > Fresh Juice > Apple Juice",https://www.tesco.com/groceries/en-GB/products/288306532,https://digitalcontent.api.tesco.com/v2/media/ghs/17c31514-951a-4368-a85d-8564e4f71e89/9cea2ef6-92fe-4317-bfff-7e9c41c6e4a3.jpeg?h=225&w=225,yes,2026-10-07
305524708,"Innocent Super Smoothie Blue Spark, Guava & Pineapple 750ml",4.50,6,per litre,"Drinks > Juices, Smoothies & Wellness Drinks > Smoothies & Added Benefit Juices > Smoothies",https://www.tesco.com/groceries/en-GB/products/305524708,https://digitalcontent.api.tesco.com/v2/media/ghs/e8a96868-014e-4e6d-b1cb-edf0aa9d94f9/495a0e76-a1bc-4702-9e8a-5186e830edb4.jpeg?h=225&w=225,yes,2026-10-07
303415109, Innocent Plus Blue Bolt Guava & Lime Juice with Vitamins 330ml,2.30,6.97,per litre,Drinks > On The Go Drinks > Juice & Smoothies > Juice & Smoothies,https://www.tesco.com/groceries/en-GB/products/303415109,https://digitalcontent.api.tesco.com/v2/media/ghs/e06110f4-c535-408b-a488-e89f1ce69949/4cdfd72b-b354-4507-8d43-e5334cb7089b.jpeg?h=225&w=225,yes,2026-10-07
253845275,Innocent Smoothie Mangoes Passion Fruits & Apples 250ml,2.00,8,per litre,Drinks > On The Go Drinks > Juice & Smoothies > Juice & Smoothies,https://www.tesco.com/groceries/en-GB/products/253845275,https://digitalcontent.api.tesco.com/v2/media/ghs/d8c00fb2-0410-41e7-ade7-ff2b6f2d8c71/9fbeeec8-ec48-49e0-8ec7-263dfde55f2e.jpeg?h=225&w=225,yes,2026-10-07
274623051,Vita Coco Original Coconut Water 500ml,2.50,5,per litre,Fresh Food > Juice & Smoothies > Coconut Water > Coconut Water,https://www.tesco.com/groceries/en-GB/products/274623051,https://digitalcontent.api.tesco.com/v2/media/ghs/038e598f-6d45-4052-ba7d-7738c46d8a2c/7415d31f-e4bb-436a-b6ca-95f45b1e92d9_246533217.jpeg?h=225&w=225,yes,2026-10-07
321054451,Tesco Finest Freshly Squeezed Orange Juice with Bits 750ml,2.90,3.87,per litre,Fresh Food > Juice & Smoothies > Fresh Juice > Fresh Orange Juice,https://www.tesco.com/groceries/en-GB/products/321054451,https://digitalcontent.api.tesco.com/v2/media/ghs/654d41e3-7f97-470f-8a9b-f975eb9770fc/5fdf7f71-8568-41fe-8fb3-1b2fe30123fa.jpeg?h=225&w=225,yes,2026-10-07
287294655,Tropicana Orange & Mango Juice 850Ml,3.25,3.82,per litre,"Drinks > Juices, Smoothies & Wellness Drinks > Fresh Juice > Mixed Fruit & Tropical Juice",https://www.tesco.com/groceries/en-GB/products/287294655,https://digitalcontent.api.tesco.com/v2/media/ghs/9751e6bd-df76-4e36-aa0d-1f2924d355ed/573f3084-198c-4a0a-bf5e-5c964c4ad05f.jpeg?h=225&w=225,yes,2026-10-07
287004009,Tropicana Multivitamin Juice - Multifruit 850ml,3.50,4.12,per litre,"Drinks > Juices, Smoothies & Wellness Drinks > Fresh Juice > Mixed Fruit & Tropical Juice",https://www.tesco.com/groceries/en-GB/products/287004009,https://digitalcontent.api.tesco.com/v2/media/ghs/5b981ea8-b6d6-4941-915b-9666357316c1/1fefa43a-e5d4-4960-ab5f-45cfadf357ce.jpeg?h=225&w=225,yes,2026-10-07
277975101,Juice Burst Orange Juice 500 Ml,2.00,4,per litre,Fresh Food > Juice & Smoothies > Kids Juices & Smoothies > Kids Juices & Smoothies,https://www.tesco.com/groceries/en-GB/products/277975101,https://digitalcontent.api.tesco.com/v2/media/ghs/5fabb661-e996-4ca1-9bb6-f8d2042942f8/a49ca829-07b0-42fc-9678-038c9a71297b_1133639508.jpeg?h=225&w=225,yes,2026-10-07
264685493,Cherrygood Cherry Juice Drink 1 Litre,2.00,2,per litre,"Drinks > Juices, Smoothies & Wellness Drinks > Long Life Juice > Long Life Juice",https://www.tesco.com/groceries/en-GB/products/264685493,https://digitalcontent.api.tesco.com/v2/media/ghs/86f6c7fb-0202-4b55-9f3c-e82db76da166/d4c410d7-f24f-489b-98f6-fb906397ebeb_1883780538.jpeg?h=225&w=225,yes,2026-10-07
264468556,Sunny D Citrus Fusion Juice Drink - Tangy Florida 1L,1.10,1.1,per litre,"Drinks > Juices, Smoothies & Wellness Drinks > Fresh Juice > Orange Juice",https://www.tesco.com/groceries/en-GB/products/264468556,https://digitalcontent.api.tesco.com/v2/media/ghs/8f4b620d-84cc-47ac-a793-93650d262145/6ddc4573-9f40-4061-b9cf-f2fe42ee9233_840677276.jpeg?h=225&w=225,yes,2026-10-07
306941276,Don Simon Juice Drink - Lemon & Raspberry 1.5L,1.00,0.67,per litre,"Drinks > Juices, Smoothies & Wellness Drinks > Long Life Juice > Long Life Juice",https://www.tesco.com/groceries/en-GB/products/306941276,https://digitalcontent.api.tesco.com/v2/media/ghs/11f24a06-08c2-4184-a708-4bff112fbb3c/9ebe2ae1-2c38-49f0-950f-6fd8ab0b0dba_1342852145.jpeg?h=225&w=225,yes,2026-10-07
323872101,"Mockingbird Raw Tropical Greens, Cucumber, White Grape, Pear, Ginger with Vitamins 750ml",4.50,6,per litre,"Drinks > Juices, Smoothies & Wellness Drinks > Smoothies & Added Benefit Juices > Smoothies",https://www.tesco.com/groceries/en-GB/products/323872101,https://digitalcontent.api.tesco.com/v2/media/ghs/76556608-305a-49bb-ad62-f6be9878ac99/e32c9fbe-cc81-44ac-a46e-9394c7ae0910_1388118887.jpeg?h=225&w=225,yes,2026-10-07
303415167,Innocent Wonder Green Juice 750Ml,4.00,5.33,per litre,"Drinks > Juices, Smoothies & Wellness Drinks > Fresh Juice > Mixed Fruit & Tropical Juice",https://www.tesco.com/groceries/en-GB/products/303415167,https://digitalcontent.api.tesco.com/v2/media/ghs/cfc4a9ee-9854-4a14-a221-7a752b40775e/18abb2ea-a20c-44db-a583-8cf3e365a492.jpeg?h=225&w=225,yes,2026-10-07
263879352,Cawston Press Apple & Ginger Juice 1 Litre,3.45,3.45,per litre,"Drinks > Juices, Smoothies & Wellness Drinks > Long Life Juice > Long Life Apple Juice",https://www.tesco.com/groceries/en-GB/products/263879352,https://digitalcontent.api.tesco.com/v2/media/ghs/14d8b0a4-b80a-4db1-82b6-8bf5521ccd56/e62c3926-9b90-431d-b393-46066b7ca85c_696014953.jpeg?h=225&w=225,yes,2026-10-07
263879507,Cawston Press Cloudy Apple Juice 1 Litre,3.45,3.45,per litre,"Drinks > Juices, Smoothies & Wellness Drinks > Long Life Juice > Long Life Apple Juice",https://www.tesco.com/groceries/en-GB/products/263879507,https://digitalcontent.api.tesco.com/v2/media/ghs/dbb4dcb5-1390-4b3a-aa6b-58a7a4db9677/dee5c631-3728-4a68-9b4c-b71ff93776ee_1596426359.jpeg?h=225&w=225,yes,2026-10-07
322748700,"innocent Cucumber, Apple, Lemon and Spinach Smoothie 750ml",3.50,4.67,per litre,"Drinks > Juices, Smoothies & Wellness Drinks > Smoothies & Added Benefit Juices > Smoothies",https://www.tesco.com/groceries/en-GB/products/322748700,https://digitalcontent.api.tesco.com/v2/media/ghs/73549aee-2f50-4c29-9f9d-2e7bb8a8d04e/28999d5f-1396-4cc7-96e8-4fb9e88e0046.jpeg?h=225&w=225,yes,2026-10-07
322748585,"innocent Beetroot, Apples, Cherries and Spinach Smoothie 750ml ",3.50,4.67,per litre,Fresh Food > Juice & Smoothies > Smoothies & Added Benefit Juices > Smoothies,https://www.tesco.com/groceries/en-GB/products/322748585,https://digitalcontent.api.tesco.com/v2/media/ghs/864d85e1-470f-450f-bfff-e8aa6ffadbf7/fd6d4493-07b4-404d-8b55-00cd02249076.jpeg?h=225&w=225,yes,2026-10-07
330742595,"innocent Summer Crush Apple, Strawberry, Passion Fruit, Guava and Lime 900ml",3.20,3.56,per litre,Fresh Food > Juice & Smoothies > Fresh Juice > Mixed Fruit & Tropical Juice,https://www.tesco.com/groceries/en-GB/products/330742595,https://digitalcontent.api.tesco.com/v2/media/ghs/6e0fc9a3-aa00-443d-b801-e94af77bc270/e552b753-7b4f-472b-9389-8fc440c4297a.jpeg?h=225&w=225,yes,2026-10-07
324112551,innocent Blueberry Muffin-ish Creamy Smoothie 750ml,4.00,5.33,per litre,"Drinks > Juices, Smoothies & Wellness Drinks > Smoothies & Added Benefit Juices > Smoothies",https://www.tesco.com/groceries/en-GB/products/324112551,https://digitalcontent.api.tesco.com/v2/media/ghs/f66d54ce-a9a5-44a9-8b30-5a02a323a2ed/73bf949e-d4e1-452d-b2fd-98b3e071326a.jpeg?h=225&w=225,yes,2026-10-07
324096765,innocent Like Strawberry Cupcakes Creamy Smoothie 750ml,4.00,5.33,per litre,Fresh Food > Juice & Smoothies > Smoothies & Added Benefit Juices > Smoothies,https://www.tesco.com/groceries/en-GB/products/324096765,https://digitalcontent.api.tesco.com/v2/media/ghs/3226ebe1-ddaf-479c-8f10-7fbcead84ca4/4ee11b4e-a8da-4506-9f1a-1a16d9359bbf.jpeg?h=225&w=225,yes,2026-10-07
305522745,"Innocent Super Smoothie Recharge, Mandarin & Carrot 750ml",4.50,6,per litre,"Drinks > Juices, Smoothies & Wellness Drinks > Smoothies & Added Benefit Juices > Smoothies",https://www.tesco.com/groceries/en-GB/products/305522745,https://digitalcontent.api.tesco.com/v2/media/ghs/cc73d9ba-cb26-4e99-9143-931ca929e21b/d09cc80b-b5e7-4516-ad70-606d7e5ecd7a.jpeg?h=225&w=225,yes,2026-10-07
303415069,Innocent Berry Set Go Juice 330Ml,2.30,6.97,per litre,Drinks > On The Go Drinks > Juice & Smoothies > Juice & Smoothies,https://www.tesco.com/groceries/en-GB/products/303415069,https://digitalcontent.api.tesco.com/v2/media/ghs/e662d135-b46a-4d54-ac60-4089948e9518/da98289f-d2d9-4806-8137-bbed655dc394.jpeg?h=225&w=225,yes,2026-10-07
313838613,Tropicana Long Life Smooth Orange Fruit Juice 850Ml,2.90,3.41,per litre,"Drinks > Juices, Smoothies & Wellness Drinks > Long Life Juice > Long Life Orange Juice",https://www.tesco.com/groceries/en-GB/products/313838613,https://digitalcontent.api.tesco.com/v2/media/ghs/bc855d95-6215-4826-a17f-ca2a6f80e34c/ba79cccc-b992-4c18-87f9-6e16c3ab5245_614389212.jpeg?h=225&w=225,yes,2026-10-07
324109659,innocent Pure Coconut Water 500ml ,2.50,5,per litre,Fresh Food > Juice & Smoothies > Coconut Water > Coconut Water,https://www.tesco.com/groceries/en-GB/products/324109659,https://digitalcontent.api.tesco.com/v2/media/ghs/1f79f4d6-ae3c-44e8-a471-5cea4208cfd1/37de54a6-dce7-49a9-bb08-b220632b84fe_34462797.jpeg?h=225&w=225,yes,2026-10-07
321120027,Tesco Finest Dragon fruit & Alphonso Mango Lemonade 750ml,2.50,3.33,per litre,Fresh Food > Juice & Smoothies > Fresh Juice > Mixed Fruit & Tropical Juice,https://www.tesco.com/groceries/en-GB/products/321120027,https://digitalcontent.api.tesco.com/v2/media/ghs/b1118b5b-901e-4281-81ee-c92b12261b75/b03722df-81d9-4b64-bb91-1e87c9c134eb.jpeg?h=225&w=225,yes,2026-10-07
321524615,Tropicana Smooth Orange Juice 500ml,1.50,3,per litre,"Drinks > Juices, Smoothies & Wellness Drinks > Fresh Juice > Orange Juice",https://www.tesco.com/groceries/en-GB/products/321524615,https://digitalcontent.api.tesco.com/v2/media/ghs/5251dbf1-d9e6-457a-9d99-d6d6272f883a/8ca2059f-c056-488d-92f8-d96cd164c451.jpeg?h=225&w=225,yes,2026-10-07
323867102,Alpro Meal To Go Chocolate & Banana Flavour Drink 500ml,3.50,7,per litre,Drinks > Milk & Milkshakes > Protein Shakes > Protein Shakes,https://www.tesco.com/groceries/en-GB/products/323867102,https://digitalcontent.api.tesco.com/v2/media/ghs/8dfa3c14-cdc6-4b47-ab7c-75a231bf8b53/9f11f074-63e0-424c-a4bf-6c914e646c2b_687577197.jpeg?h=225&w=225,yes,2026-10-07
304792587,Alpro Oat No Sugar Long Life Dairy Free Drink 1L,2.30,2.3,per litre,Drinks > Milk & Milkshakes > Dairy Free Drinks > Long Life Drinks,https://www.tesco.com/groceries/en-GB/products/304792587,https://digitalcontent.api.tesco.com/v2/media/ghs/c8b60ace-699f-487c-abf6-ea84a38103fb/243f63a1-e940-43f1-bd85-fcffb0e08305_1210980306.jpeg?h=225&w=225,yes,2026-10-07
253178655,Alpro Soya No Sugar Long Life Dairy Free Drink 1L,2.10,2.1,per litre,Fresh Food > Dairy Free & Dairy Alternatives > Dairy Free Drinks > Soya Drinks,https://www.tesco.com/groceries/en-GB/products/253178655,https://digitalcontent.api.tesco.com/v2/media/ghs/a2735c84-530d-4263-a2ff-0288365c0635/f6cd45dc-1276-4e7c-ac89-af1f0efde60b_1519100262.jpeg?h=225&w=225,yes,2026-10-07
390100826,Mighty Pea Matcha Drink 1 Litre,2.95,2.95,per litre,Food Cupboard > Free From > Dairy Alternative Drinks > Pea & Rice Drinks,https://www.tesco.com/groceries/en-GB/products/390100826,https://digitalcontent.api.tesco.com/v2/media/ghs-mktg/b0b04216-fa73-466d-a9d7-c9fcfa1ce9b3/no-image.jpeg,yes,2026-10-07
259742068,Arla LactoFREE Whole Milk Drink 1L,1.95,1.95,per litre,Fresh Food > Dairy Free & Dairy Alternatives > Lactose Free Dairy > Lactose Free Dairy,https://www.tesco.com/groceries/en-GB/products/259742068,https://digitalcontent.api.tesco.com/v2/media/ghs/1fa26817-ca86-4454-94b8-8ab724f901e4/21e0413d-81d9-4988-adf4-d138ec271f66_2110534479.jpeg?h=225&w=225,yes,2026-10-07
267438511,Alpro Soya Growing Up Long Life Dairy Free Drink 1-3+ Years 1L,2.30,2.3,per litre,Fresh Food > Dairy Free & Dairy Alternatives > Dairy Free Drinks > Soya Drinks,https://www.tesco.com/groceries/en-GB/products/267438511,https://digitalcontent.api.tesco.com/v2/media/ghs/16783863-b1d4-40d4-a470-4281f0fedf7d/2e297ca6-060b-4f4e-9242-6ac52d922552_1044722198.jpeg?h=225&w=225,yes,2026-10-07
307745622,Tesco Long Life Oat Original 1L,1.30,1.3,per litre,Fresh Food > Dairy Free & Dairy Alternatives > Dairy Free Drinks > Oat Drinks,https://www.tesco.com/groceries/en-GB/products/307745622,https://digitalcontent.api.tesco.com/v2/media/ghs/5086c599-80d3-4999-a159-b7cc4cfd3ef5/54079fd4-2897-4fd0-8f3a-6aa2f0e1b965_1347642966.jpeg?h=225&w=225,yes,2026-10-07
292990463,Oatly Barista Edition Oat Drink Long Life 1L,2.20,2.2,per litre,Fresh Food > Dairy Free & Dairy Alternatives > Dairy Free Drinks > Oat Drinks,https://www.tesco.com/groceries/en-GB/products/292990463,https://digitalcontent.api.tesco.com/v2/media/ghs/de909d62-49d1-4be5-a7a3-e072d82ea733/2cba45ac-d1e7-479c-80cc-37b03990dfe0_2128264276.jpeg?h=225&w=225,yes,2026-10-07
310662597,Alpro Oat Growing Up Long Life Dairy Free Drink 1-3+ Years 1L,2.30,2.3,per litre,Fresh Food > Dairy Free & Dairy Alternatives > Dairy Free Drinks > Long Life Drinks,https://www.tesco.com/groceries/en-GB/products/310662597,https://digitalcontent.api.tesco.com/v2/media/ghs/155220ca-401e-4e66-9fb2-324cf6110dbc/fad54890-9f74-40f0-b0b7-6062c3688af7_1478294155.jpeg?h=225&w=225,yes,2026-10-07
316442978,Alpro 15g High Protein Red Berries Dairy Free Soya Yoghurt Alternative 200g,1.60,8,per kg,Fresh Food > Yogurts > High Protein Yogurts & Skyr Yogurts > High Protein Yoghurt Pots,https://www.tesco.com/groceries/en-GB/products/316442978,https://digitalcontent.api.tesco.com/v2/media/ghs/2e0dbbd0-4160-4887-9677-006abec3e7c0/2895feca-d569-4d41-af3f-1b758fd8e169_2058073311.jpeg?h=225&w=225,yes,2026-10-07
293836686,Alpro Greek Style Plain Dairy Free Yoghurt Alternative 400g,2.50,6.25,per kg,Fresh Food > Yogurts > Big Pot Yogurt > Greek Style Big Pot Yoghurts,https://www.tesco.com/groceries/en-GB/products/293836686,https://digitalcontent.api.tesco.com/v2/media/ghs/56256d5d-14e0-4dce-b7d4-adc71c8d261a/d1003ed5-cf61-4b54-902c-b58cea972684_1095983375.jpeg?h=225&w=225,yes,2026-10-07
309449739,Arla LactoFREE Semi Skimmed Milk Drink 2L,3.15,1.58,per litre,"Fresh Food > Milk, Butter & Eggs > Milk > Lactose Free Milk",https://www.tesco.com/groceries/en-GB/products/309449739,https://digitalcontent.api.tesco.com/v2/media/ghs/f2db9459-620e-407c-a2a8-b48f1d0d1102/991477bb-75e6-4586-ae04-4783a05185f6_800958404.jpeg?h=225&w=225,yes,2026-10-07
296151638,Alpro Greek Style Strawberry Raspberry Yoghurt Alternative 150g,1.25,8.33,per kg,Fresh Food > Yogurts > Natural & Greek Style Yogurts > Flavoured Greek Style Yoghurts,https://www.tesco.com/groceries/en-GB/products/296151638,https://digitalcontent.api.tesco.com/v2/media/ghs/11d9c60c-85fb-44ad-9f03-a3bbf70e5278/b9df4826-e1ed-4f8b-a112-a58595245002_253643813.jpeg?h=225&w=225,yes,2026-10-07
390093383,Oatly No Sugars Fibre Low Cal Edition Oat Drink 1 L,2.40,2.4,per litre,Fresh Food > Dairy Free & Dairy Alternatives > Dairy Free Drinks > Oat Drinks,https://www.tesco.com/groceries/en-GB/products/390093383,https://digitalcontent.api.tesco.com/v2/media/ghs/de5a9ba9-c719-437a-afe8-f369b2d47aef/0c78c8a6-f07d-437e-9725-f0ba878fe338_866344369.jpeg?h=225&w=225,yes,2026-10-07
390158779,Plenish Almond Dark Cocoa 1L,2.50,2.5,per litre,"Food Cupboard > Free From > Dairy Alternative Drinks > Almond, Hazelnut & Cashew Drinks",https://www.tesco.com/groceries/en-GB/products/390158779,https://digitalcontent.api.tesco.com/v2/media/ghs/9c7b64be-eee4-43bc-a59a-b68fd0478702/803747ca-dbe8-4464-87a1-14ffb952330b_1657981732.jpeg?h=225&w=225,yes,2026-10-07
264930746,Alpro Vanilla Dairy Free Soya Yoghurt Alternative 500g,2.50,5,per kg,Fresh Food > Yogurts > Low Fat & Fat Free Yogurt > Low Fat Yoghurts,https://www.tesco.com/groceries/en-GB/products/264930746,https://digitalcontent.api.tesco.com/v2/media/ghs/45447f7d-4b2c-4171-90ef-f5ccff0a3683/4005f15e-8efe-46d8-97e9-a9e10168869b_543175794.jpeg?h=225&w=225,yes,2026-10-07
390099136,Alpro Barista Cinnamon Roll Flavour Drink 1L,2.30,2.3,per litre,Drinks > Milk & Milkshakes > Dairy Free Drinks > Flavoured & Coffee Drinks,https://www.tesco.com/groceries/en-GB/products/390099136,https://digitalcontent.api.tesco.com/v2/media/ghs/35f7ffc5-9472-4c6b-b19e-35cee15a8717/5d0a1402-a303-44f5-b4a3-fab265f8e714_1104527951.jpeg?h=225&w=225,yes,2026-10-07
280832278,Alpro Oat Original Long Life Dairy Free Drink 1L,2.30,2.3,per litre,Fresh Food > Dairy Free & Dairy Alternatives > Dairy Free Drinks > Oat Drinks,https://www.tesco.com/groceries/en-GB/products/280832278,https://digitalcontent.api.tesco.com/v2/media/ghs/badbae15-5920-4495-9fdf-b7d0247b24e1/0afbbb72-d584-484c-b1f7-55acf0ee213c_418398268.jpeg?h=225&w=225,yes,2026-10-07
276761995,Alpro Almond No Sugar Long Life Dairy Free Drink 1L,2.30,2.3,per litre,"Fresh Food > Milk, Butter & Eggs > Dairy Free Drinks > Almond Drinks",https://www.tesco.com/groceries/en-GB/products/276761995,https://digitalcontent.api.tesco.com/v2/media/ghs/229edd93-7bac-465a-9312-7301d1f9b681/5d739d3d-26d1-4550-b325-11e70d995d3c_1694942225.jpeg?h=225&w=225,yes,2026-10-07
390093382,Oatly Fibre Barista Edition Oat Drink 1L,2.40,2.4,per litre,Drinks > Milk & Milkshakes > Dairy Free Drinks > Barista Drinks,https://www.tesco.com/groceries/en-GB/products/390093382,https://digitalcontent.api.tesco.com/v2/media/ghs/1bc4a85a-c647-4113-b067-72f707912ab4/cdd8b4c8-285a-464a-a259-a964dd6207ff_837977011.jpeg?h=225&w=225,yes,2026-10-07
295790361,Tesco Longlife Soya Drink Unsweetened 1Ltr,1.15,1.15,per litre,Fresh Food > Dairy Free & Dairy Alternatives > Dairy Free Drinks > Soya Drinks,https://www.tesco.com/groceries/en-GB/products/295790361,https://digitalcontent.api.tesco.com/v2/media/ghs/ca022a9a-f7de-4448-9085-6baaf1f56bbc/2c29f86a-3e35-479c-a9aa-286b8a0fb775_1300771247.jpeg?h=225&w=225,yes,2026-10-07
315376902,Califia Farms Pkin Spice Oat Barista 1L,2.30,2.3,per litre,Fresh Food > Dairy Free & Dairy Alternatives > Dairy Free Drinks > Barista Drinks,https://www.tesco.com/groceries/en-GB/products/315376902,https://digitalcontent.api.tesco.com/v2/media/ghs/cd94d372-92ca-4cf9-a295-a0c6c9edb6f0/539e0e3e-3cb2-44af-8da5-23b9408e21a3_362046611.jpeg?h=225&w=225,yes,2026-10-07
300161315,Alpro Plain No Sugars Dairy Free Soya Yoghurt Alternative 500g,2.50,5,per kg,Fresh Food > Yogurts > Natural & Greek Style Yogurts > Natural Yoghurts,https://www.tesco.com/groceries/en-GB/products/300161315,https://digitalcontent.api.tesco.com/v2/media/ghs/89f57349-d7c7-4b27-a79b-731392e96b1f/a2948947-b576-4ed0-85df-2b853cdb9756_323137220.jpeg?h=225&w=225,yes,2026-10-07
256438810,Tesco Longlife Sweetened Soya Drink 1L,1.15,1.15,per litre,"Fresh Food > Milk, Butter & Eggs > Dairy Free Drinks > Long Life Drinks",https://www.tesco.com/groceries/en-GB/products/256438810,https://digitalcontent.api.tesco.com/v2/media/ghs/a8255f59-5b37-4bf9-8fe0-24b067a779cf/55dab5df-f4b0-49da-9765-7cb983ac7af1_1885076309.jpeg?h=225&w=225,yes,2026-10-07
330785769,Alpro Greek Style Strawberry Yoghurt 400g,2.50,6.25,per kg,Fresh Food > Yogurts > Natural & Greek Style Yogurts > Flavoured Greek Style Yoghurts,https://www.tesco.com/groceries/en-GB/products/330785769,https://digitalcontent.api.tesco.com/v2/media/ghs/7aad667e-8fe5-4847-8c0c-4bc21df0c3d7/d91d8510-373f-43ef-a0e7-10ffaeb99f2b_1370280223.jpeg?h=225&w=225,yes,2026-10-07
330785781,Alpro Greek Style Peach Passionfruit Yoghurt 400g-,2.50,6.25,per kg,Fresh Food > Yogurts > Natural & Greek Style Yogurts > Flavoured Greek Style Yoghurts,https://www.tesco.com/groceries/en-GB/products/330785781,https://digitalcontent.api.tesco.com/v2/media/ghs/da4869e6-3e30-47c7-a79b-e946ab49994b/a3ad2f51-c558-4236-b299-11e219f425a6_1182772424.jpeg?h=225&w=225,yes,2026-10-07
266567296,Alpro Soya No Sugar Chilled Dairy Free Drink 1L,2.10,2.1,per litre,Fresh Food > Dairy Free & Dairy Alternatives > Dairy Free Drinks > Soya Drinks,https://www.tesco.com/groceries/en-GB/products/266567296,https://digitalcontent.api.tesco.com/v2/media/ghs/12fec378-7c07-490d-bde1-26da3dce1613/066766b0-ee3a-4052-91dd-6b6cb0f3663c.jpeg?h=225&w=225,yes,2026-10-07
390093873,OATO Chocolate Oat Shake 1L,2.20,2.2,per litre,Fresh Food > Dairy Free & Dairy Alternatives > Dairy Free Drinks > Oat Drinks,https://www.tesco.com/groceries/en-GB/products/390093873,https://digitalcontent.api.tesco.com/v2/media/ghs/923c11d8-3736-421d-abb6-bdd0b72d5470/6d22f124-9371-4437-a7c7-22d3e73307ec_2674020202.jpeg?h=225&w=225,yes,2026-10-07
323784211,Plenish Clean Protein Oat Chilled 1L,2.65,2.65,per litre,"Fresh Food > Milk, Butter & Eggs > Dairy Free Drinks > Oat Drinks",https://www.tesco.com/groceries/en-GB/products/323784211,https://digitalcontent.api.tesco.com/v2/media/ghs/5dc5cdfe-a434-4c54-83ff-a9169463357f/d4e4e1a2-8531-4500-9285-e75eee04f45d_1095045230.jpeg?h=225&w=225,yes,2026-10-07
314315257,Oatly The Original Whole Oat Drink 1L,2.00,2,per litre,"Fresh Food > Milk, Butter & Eggs > Dairy Free Drinks > Long Life Drinks",https://www.tesco.com/groceries/en-GB/products/314315257,https://digitalcontent.api.tesco.com/v2/media/ghs/e1369046-9e18-473b-a717-b526400fa0ca/44c4c77a-2d13-4b7f-bfc6-5d05200ad1f3_557047445.jpeg?h=225&w=225,yes,2026-10-07
304788437,Alpro Barista Oat Long Life Dairy Free Drink 1L,2.35,2.35,per litre,Fresh Food > Dairy Free & Dairy Alternatives > Dairy Free Drinks > Oat Drinks,https://www.tesco.com/groceries/en-GB/products/304788437,https://digitalcontent.api.tesco.com/v2/media/ghs/a5b82f28-fcb8-4a46-9ae6-3e301fd680d6/d76e41b4-4c54-4e1b-9a0b-540cd7da4357_1574374684.jpeg?h=225&w=225,yes,2026-10-07
283788008,Arla LactoFREE Mature Cheddar Cheese 200g,2.50,12.5,per kg,Fresh Food > Dairy Free & Dairy Alternatives > Lactose Free Dairy > Lactose Free Dairy,https://www.tesco.com/groceries/en-GB/products/283788008,https://digitalcontent.api.tesco.com/v2/media/ghs/a62473c5-4ec6-4427-b0d3-b820a11e3023/7beefde8-133f-4515-848a-75229bc11dc5_243227571.jpeg?h=225&w=225,yes,2026-10-07
258877943,Arla LactoFREE Semi Skimmed Milk Drink 1L,1.95,1.95,per litre,Fresh Food > Dairy Free & Dairy Alternatives > Lactose Free Dairy > Lactose Free Dairy,https://www.tesco.com/groceries/en-GB/products/258877943,https://digitalcontent.api.tesco.com/v2/media/ghs/788268bd-eaf8-4d81-a519-16c710e18701/c7ca812e-1c0e-4939-ad7a-c91240241faf_1201362620.jpeg?h=225&w=225,yes,2026-10-07
254400495,Stork Original Baking Spread 1Kg,3.50,3.5,per kg,"Fresh Food > Milk, Butter & Eggs > Baking & Cooking > Baking Blocks, Spread & Margarine",https://www.tesco.com/groceries/en-GB/products/254400495,https://digitalcontent.api.tesco.com/v2/media/ghs/73811aba-58b7-43a7-b6f2-c77bee4e26e1/ab681455-6b8b-4f32-8e41-0ec3cc2f4592_964589518.jpeg?h=225&w=225,yes,2026-10-07
297954925,The Coconut Collab Natural Coconut Yoghurt 350g,2.75,7.86,per kg,Fresh Food > Yogurts > Natural & Greek Style Yogurts > Natural Yoghurts,https://www.tesco.com/groceries/en-GB/products/297954925,https://digitalcontent.api.tesco.com/v2/media/ghs/7e371e53-e10e-440f-af62-66209f6bd8fb/aeb9d5d2-0f45-46b7-896b-af9358e9c67e_1181612255.jpeg?h=225&w=225,yes,2026-10-07
275067782,Alpro Almond No Sugar Chilled Dairy Free Drink 1L,2.30,2.3,per litre,Fresh Food > Dairy Free & Dairy Alternatives > Dairy Free Drinks > Almond Drinks,https://www.tesco.com/groceries/en-GB/products/275067782,https://digitalcontent.api.tesco.com/v2/media/ghs/a496263d-06db-4a2e-82f2-e40aab694e9c/daff292d-9bdd-4c39-aafb-d410825ab039.jpeg?h=225&w=225,yes,2026-10-07
302330090,Oatly Whole Oat Drink Chilled 1L,2.20,2.2,per litre,Fresh Food > Dairy Free & Dairy Alternatives > Dairy Free Drinks > Oat Drinks,https://www.tesco.com/groceries/en-GB/products/302330090,https://digitalcontent.api.tesco.com/v2/media/ghs/80fff0db-7502-4fc1-836c-c47badc05ac7/49ce2fe3-2292-4156-86be-f2aef2ea654d_2100990919.jpeg?h=225&w=225,yes,2026-10-07
300661962,Oatly Semi Oat Drink Chilled 1L,2.20,2.2,per litre,Fresh Food > Dairy Free & Dairy Alternatives > Dairy Free Drinks > Oat Drinks,https://www.tesco.com/groceries/en-GB/products/300661962,https://digitalcontent.api.tesco.com/v2/media/ghs/cee0df1e-8770-491a-8535-037680f14785/0f4e7abb-8477-4ff8-ba30-88f5eeb2e045_1201496310.jpeg?h=225&w=225,yes,2026-10-07
302565353,Alpro Oat No Sugar Chilled Dairy Free Drink 1L,2.10,2.1,per litre,Fresh Food > Dairy Free & Dairy Alternatives > Dairy Free Drinks > Oat Drinks,https://www.tesco.com/groceries/en-GB/products/302565353,https://digitalcontent.api.tesco.com/v2/media/ghs/cca5f4cc-c2f9-4747-bdcb-3126f8e5de4f/6838c4cf-f020-40b8-878b-2269bad785cb_1569501073.jpeg?h=225&w=225,yes,2026-10-07
309175515,Califia Farms Oat Barista Chilled Dairy Free Drink 1L,2.20,2.2,per litre,Fresh Food > Dairy Free & Dairy Alternatives > Dairy Free Drinks > Oat Drinks,https://www.tesco.com/groceries/en-GB/products/309175515,https://digitalcontent.api.tesco.com/v2/media/ghs/df5c5d6f-8c8d-4068-ab07-d04a878fb59c/cece766d-6663-45ed-a214-695ed184ecb3_127989678.jpeg?h=225&w=225,yes,2026-10-07
286702423,Arla Protein Yogurt - Strawberry 200g,1.45,7.25,per kg,Fresh Food > Yogurts > Low Fat & Fat Free Yogurt > Low Fat Yoghurts,https://www.tesco.com/groceries/en-GB/products/286702423,https://digitalcontent.api.tesco.com/v2/media/ghs/8d02ce7c-439b-4685-b89d-cd846fa2adce/9e49a94a-3571-45f4-b987-25e0c430ccbb_317007732.jpeg?h=225&w=225,yes,2026-10-07
302308503,Tesco Lactose Free Greek Yogurt 400G,1.65,4.12,per kg,Fresh Food > Yogurts > Natural & Greek Style Yogurts > Greek Yoghurt,https://www.tesco.com/groceries/en-GB/products/302308503,https://digitalcontent.api.tesco.com/v2/media/ghs/bae98d07-7ab0-43be-addd-4439efb24a33/b12e218c-509e-4994-bbf6-8700ed7e034c_1340300172.jpeg?h=225&w=225,yes,2026-10-07
286702291,Arla Protein Yogurt - Raspberry 200g,1.45,7.25,per kg,Fresh Food > Yogurts > Low Fat & Fat Free Yogurt > Low Fat Yoghurts,https://www.tesco.com/groceries/en-GB/products/286702291,https://digitalcontent.api.tesco.com/v2/media/ghs/96b78d5b-a75f-4e92-8120-97bca9109f2a/098bcda2-df83-414e-9503-3748921391f0_1659299623.jpeg?h=225&w=225,yes,2026-10-07
300661949,The Grower's Harvest Soya Drink Unsweetened 1L,0.79,0.79,per litre,Fresh Food > Dairy Free & Dairy Alternatives > Dairy Free Drinks > Soya Drinks,https://www.tesco.com/groceries/en-GB/products/300661949,https://digitalcontent.api.tesco.com/v2/media/ghs/51ca5e05-42d5-45ab-98b2-b179837491aa/f589bc45-9458-4b62-a314-b80c42fac570_329386364.jpeg?h=225&w=225,yes,2026-10-07
287531928,Tesco Unsweetened Almond Drink 1L,1.15,1.15,per litre,Fresh Food > Dairy Free & Dairy Alternatives > Dairy Free Drinks > Almond Drinks,https://www.tesco.com/groceries/en-GB/products/287531928,https://digitalcontent.api.tesco.com/v2/media/ghs/00717e12-f03a-4b78-84fa-220911a4604d/02bc81bc-c154-467d-97a7-4f1925f9cafd_351774538.jpeg?h=225&w=225,yes,2026-10-07
253250771,Vitalite Dairy Free Spread 500G,2.00,4,per kg,"Fresh Food > Milk, Butter & Eggs > Butters, Spreads & Margarine > Dairy Free Butter Alternatives",https://www.tesco.com/groceries/en-GB/products/253250771,https://digitalcontent.api.tesco.com/v2/media/ghs/3a11a200-0b77-45ac-ba0b-3ea950ff6402/d1d59bbd-aa06-483f-9dfe-cb73337072ae_1849978436.jpeg?h=225&w=225,yes,2026-10-07
300118011,Tesco Lactose Free Semi Skimmed Dairy Drink 1Ltr,0.99,0.99,per litre,"Fresh Food > Milk, Butter & Eggs > Milk > Lactose Free Milk",https://www.tesco.com/groceries/en-GB/products/300118011,https://digitalcontent.api.tesco.com/v2/media/ghs/c1114a51-af7a-4531-a39f-2ae40edbdd4f/9278532b-ba16-48d6-9e36-25e5a6bba418_796920378.jpeg?h=225&w=225,yes,2026-10-07
286702481,Arla Protein Blueberry Yogurt 200G,1.45,7.25,per kg,Fresh Food > Yogurts > Low Fat & Fat Free Yogurt > Low Fat Yoghurts,https://www.tesco.com/groceries/en-GB/products/286702481,https://digitalcontent.api.tesco.com/v2/media/ghs/0eb4a1fb-ff63-42a1-b7ca-f6b4cfc99831/c067e227-9b92-417d-ba48-aec553d8a4fd_2120747658.jpeg?h=225&w=225,yes,2026-10-07
293860633,Arla Protein Yogurt - Passionfruit & Papaya 200g,1.45,7.25,per kg,Fresh Food > Yogurts > Low Fat & Fat Free Yogurt > Low Fat Yoghurts,https://www.tesco.com/groceries/en-GB/products/293860633,https://digitalcontent.api.tesco.com/v2/media/ghs/117638ab-fcaa-4d96-a328-82199a1e2619/7fdbb020-8586-4465-a3f5-c1097d5a12b2_1986228988.jpeg?h=225&w=225,yes,2026-10-07
304406643,Califia Farms Oat Barista Long Life Dairy Free Drink 1L,2.20,2.2,per litre,Fresh Food > Dairy Free & Dairy Alternatives > Dairy Free Drinks > Long Life Drinks,https://www.tesco.com/groceries/en-GB/products/304406643,https://digitalcontent.api.tesco.com/v2/media/ghs/3d66f0bd-8ce2-4f73-bdb6-dfa1adb493a0/cbb258d8-e253-4e8f-9ef6-1eeba54c71a7_1639649796.jpeg?h=225&w=225,yes,2026-10-07
304799856,Alpro High Protein Soya Original Long Life Dairy Free Drink 1L,2.50,2.5,per litre,Fresh Food > Dairy Free & Dairy Alternatives > Dairy Free Drinks > Soya Drinks,https://www.tesco.com/groceries/en-GB/products/304799856,https://digitalcontent.api.tesco.com/v2/media/ghs/7c86cc7c-5d75-4ecb-9d45-f8e682a64769/0c166e93-9065-4fc4-8cab-cddd3228330e_102030676.jpeg?h=225&w=225,yes,2026-10-07
260569996,Arla Lactofree Semi Skimmed Long Life Milk Drink 1L,2.10,2.1,per litre,Fresh Food > Dairy Free & Dairy Alternatives > Lactose Free Dairy > Lactose Free Dairy,https://www.tesco.com/groceries/en-GB/products/260569996,https://digitalcontent.api.tesco.com/v2/media/ghs/beef81c7-a0fa-45c2-8bb8-0e9ffae8836e/f6dafc94-3a6b-40c0-af07-7f318b6c9a65_679813741.jpeg?h=225&w=225,yes,2026-10-07
305205240,Plenish Organic Soya 1LTR,2.50,2.5,per litre,"Fresh Food > Milk, Butter & Eggs > Dairy Free Drinks > Long Life Drinks",https://www.tesco.com/groceries/en-GB/products/305205240,https://digitalcontent.api.tesco.com/v2/media/ghs/e2f464be-66db-4ddf-9228-0b02dd3a33df/4def21aa-f125-4478-9f98-1f05a9065727_2047161822.jpeg?h=225&w=225,yes,2026-10-07
251523947,Alpro Soya Original Long Life Dairy Free Drink 1L,2.10,2.1,per litre,Fresh Food > Dairy Free & Dairy Alternatives > Dairy Free Drinks > Soya Drinks,https://www.tesco.com/groceries/en-GB/products/251523947,https://digitalcontent.api.tesco.com/v2/media/ghs/9c0cd951-cbb8-4dc5-843e-9b91827dd555/f4b48918-d88f-46f1-a2be-1c0a7a30686f_1183833802.jpeg?h=225&w=225,yes,2026-10-07
276760184,Alpro Soya Vanilla Original Long Life Dairy Free Drink 1L,2.10,2.1,per litre,Fresh Food > Dairy Free & Dairy Alternatives > Dairy Free Drinks > Soya Drinks,https://www.tesco.com/groceries/en-GB/products/276760184,https://digitalcontent.api.tesco.com/v2/media/ghs/fe8a9402-ce97-4571-ba81-57b3e95ca50f/e793c698-80a1-48e3-be21-fc9c12374024_131475976.jpeg?h=225&w=225,yes,2026-10-07
273706064,Almond Breeze Unsweetened Longlife Drink Alternative 1 Litre,1.90,1.9,per litre,Fresh Food > Dairy Free & Dairy Alternatives > Dairy Free Drinks > Almond Drinks,https://www.tesco.com/groceries/en-GB/products/273706064,https://digitalcontent.api.tesco.com/v2/media/ghs/564b1e4a-e9cb-45c0-a872-22c03fc0f702/8487c5d7-f625-4eed-bb6b-b7d80c24c1f2_2036907558.jpeg?h=225&w=225,yes,2026-10-07
277569317,Arla LactoFREE Skimmed Milk Drink 1L,1.95,1.95,per litre,Fresh Food > Dairy Free & Dairy Alternatives > Lactose Free Dairy > Lactose Free Dairy,https://www.tesco.com/groceries/en-GB/products/277569317,https://digitalcontent.api.tesco.com/v2/media/ghs/5e6e8568-c900-49f7-8edf-3eb405926677/bc417934-5319-475c-82c9-02f8a6f25652_859293079.jpeg?h=225&w=225,yes,2026-10-07
316638684,Alpro 15g High Protein Tropical Fruit Dairy Free Soya Yoghurt Alternative 200g,1.60,8,per kg,Fresh Food > Yogurts > High Protein Yogurts & Skyr Yogurts > High Protein Yoghurt Pots,https://www.tesco.com/groceries/en-GB/products/316638684,https://digitalcontent.api.tesco.com/v2/media/ghs/c36e010a-97a9-4d3e-b746-a50ccf329461/0df3c40e-2655-4d80-bac2-db0943a704e7_566187679.jpeg?h=225&w=225,yes,2026-10-07
307760281,Tesco Oat Drink 1L,1.45,1.45,per litre,Fresh Food > Dairy Free & Dairy Alternatives > Dairy Free Drinks > Oat Drinks,https://www.tesco.com/groceries/en-GB/products/307760281,https://digitalcontent.api.tesco.com/v2/media/ghs/35552c16-3581-4788-8583-a6946ddc5aac/4de9d927-8eed-4800-8382-9b1e35a10280_1148259122.jpeg?h=225&w=225,yes,2026-10-07
311262317,Minor Figures Organic Barista Oat Drink 1L,2.20,2.2,per litre,Fresh Food > Dairy Free & Dairy Alternatives > Dairy Free Drinks > Oat Drinks,https://www.tesco.com/groceries/en-GB/products/311262317,https://digitalcontent.api.tesco.com/v2/media/ghs/61ddc264-a901-4a5a-8c6f-8fb01e6a1686/0f63cbaf-c5c1-4fd0-86f2-40d291b65764_100604311.jpeg?h=225&w=225,yes,2026-10-07
291730203,Alpro Greek Style Mango Dairy Free Yoghurt Alternative 150g,1.25,8.33,per kg,Fresh Food > Yogurts > Natural & Greek Style Yogurts > Flavoured Greek Style Yoghurts,https://www.tesco.com/groceries/en-GB/products/291730203,https://digitalcontent.api.tesco.com/v2/media/ghs/56283a6b-010e-4e26-ac93-ac3b9256bb56/de6df650-18bc-4088-ad13-b6e5f3d63959_1362080645.jpeg?h=225&w=225,yes,2026-10-07
314309927,Oatly The Original No Sugars Oat Drink 1L,2.00,2,per litre,"Fresh Food > Milk, Butter & Eggs > Dairy Free Drinks > Long Life Drinks",https://www.tesco.com/groceries/en-GB/products/314309927,https://digitalcontent.api.tesco.com/v2/media/ghs/95fbd67d-ab68-4459-ad7a-73aa0c60c5b8/a223f524-ddcb-425b-91d2-0ac962709b53_1564638665.jpeg?h=225&w=225,yes,2026-10-07
390098952,Minor Figures Wildfarmed Oat Barista 1L,2.35,2.35,per litre,Fresh Food > Dairy Free & Dairy Alternatives > Dairy Free Drinks > Oat Drinks,https://www.tesco.com/groceries/en-GB/products/390098952,https://digitalcontent.api.tesco.com/v2/media/ghs/bc85d89d-9ad9-41a1-9894-cd67451eb196/68e4ac5a-3ceb-4bba-aead-6ae579553ac8_1288942126.jpeg?h=225&w=225,yes,2026-10-07
305205390,Plenish Organic Almond Milk Dairy Alternative Chilled 1L,2.35,2.35,per litre,Fresh Food > Dairy Free & Dairy Alternatives > Dairy Free Drinks > Almond Drinks,https://www.tesco.com/groceries/en-GB/products/305205390,https://digitalcontent.api.tesco.com/v2/media/ghs/201824cc-aff7-47d1-8673-a6682d39433b/21b41f65-2906-4dd1-ae55-68b24431864e_1246215665.jpeg?h=225&w=225,yes,2026-10-07
287041872,Alpro Blackberry Raspberry & Cranberry Soya Dairy Free Yoghurt Alternative 4x125g,2.75,5.5,per kg,Fresh Food > Dairy Free & Dairy Alternatives > Dairy Free Yoghurt Alternatives > Dairy Free Oat Yoghurt Alternatives,https://www.tesco.com/groceries/en-GB/products/287041872,https://digitalcontent.api.tesco.com/v2/media/ghs/c02144cd-2899-47a0-a353-79f42579e586/6d47977d-f44c-45ef-899f-ec39b4e4dc5c_1146811434.jpeg?h=225&w=225,yes,2026-10-07
307741868,Alpro Barista Coconut Long Life Dairy Free Drink 1L,2.35,2.35,per litre,Fresh Food > Dairy Free & Dairy Alternatives > Dairy Free Drinks > Coconut Drinks,https://www.tesco.com/groceries/en-GB/products/307741868,https://digitalcontent.api.tesco.com/v2/media/ghs/caf7f8cf-cd5a-4368-9be8-98364a9a70b4/89187e7e-a866-4403-8a2a-2b41cd28e0c4_915518435.jpeg?h=225&w=225,yes,2026-10-07
312351579,Cathedral City Plant Based Mature Cheddar Cheese Flavour Vegan Grated 150g,2.60,17.33,per kg,Fresh Food > Dairy Free & Dairy Alternatives > Dairy Free Cheese Alternatives > Dairy Free Cheese Slices & Grated Cheese Alternatives,https://www.tesco.com/groceries/en-GB/products/312351579,https://digitalcontent.api.tesco.com/v2/media/ghs/b00acb0e-8c51-4349-bb91-191a80c820e1/be933291-b81c-4d9b-9bec-faabab20b26d_1244908148.jpeg?h=225&w=225,yes,2026-10-07
326180821,MYOM 500ml Original Oat Drink Premix Case,32.99,1.38,per litre,Food Cupboard > Free From > Dairy Alternative Drinks > Oat Drinks,https://www.tesco.com/groceries/en-GB/products/326180821,https://digitalcontent.api.tesco.com/v2/media/marketplace/51b441c9-e862-4da8-859c-a1051b86aa97/8384ed004ef848d19f8b4505fc0b308f_1136137230.jpeg?h=225&w=225,yes,2026-10-07
326180824,MYOM 1L Original Oat Milk-Free Drink Premix Case,43.99,1.38,per litre,Fresh Food > Dairy Free & Dairy Alternatives > Dairy Free Drinks > Oat Drinks,https://www.tesco.com/groceries/en-GB/products/326180824,https://digitalcontent.api.tesco.com/v2/media/marketplace/7a0406d8-cfab-4130-a2fd-7198c634351a/ea0e9bdd3b814fad947b9c3c7cbc691b_1969536240.jpeg?h=225&w=225,yes,2026-10-07
326422399,MYOM 1L Original Oat Milk-Free Drink Premix Multipack,12.99,1.62,per litre,Food Cupboard > Free From > Dairy Alternative Drinks > Oat Drinks,https://www.tesco.com/groceries/en-GB/products/326422399,https://digitalcontent.api.tesco.com/v2/media/marketplace/b7d94516-279a-4afb-9945-71db1a7b10c1/5ad149c73cd9401b9a82c80aa59eaede_55334867.jpeg?h=225&w=225,yes,2026-10-07
326422400,MYOM 500ml Original Oat Drink Premix Multipack,14.99,2.5,per litre,Drinks > Milk & Milkshakes > Dairy Free Drinks > Oat Drinks,https://www.tesco.com/groceries/en-GB/products/326422400,https://digitalcontent.api.tesco.com/v2/media/marketplace/a4969db3-9626-491d-8321-0dc5072dda82/e7fbdf580d644c8db11a6aea62ebf8e8_143534611.jpeg?h=225&w=225,yes,2026-10-07
253833462,Alpro Strawberry Banana Peach Pear Soya Dairy Free Yoghurt Alternative 4x125g,2.75,5.5,per kg,Fresh Food > Dairy Free & Dairy Alternatives > Dairy Free Yoghurt Alternatives > Dairy Free Oat Yoghurt Alternatives,https://www.tesco.com/groceries/en-GB/products/253833462,https://digitalcontent.api.tesco.com/v2/media/ghs/3cb306ad-012c-4e5a-925d-48cc0a2546b5/8458cfdc-8899-4d62-b4c6-efc627d75bad_941589347.jpeg?h=225&w=225,yes,2026-10-07
326422398,MYOM 1L Barista Oat Drink Premix Multipack,10.99,1.83,per litre,Fresh Food > Dairy Free & Dairy Alternatives > Dairy Free Drinks > Barista Drinks,https://www.tesco.com/groceries/en-GB/products/326422398,https://digitalcontent.api.tesco.com/v2/media/marketplace/1d080a8e-b219-4f24-8c98-be20b4a69c01/30ad81fcdc4d40d2be5dca1266bec0f5_730892933.jpeg?h=225&w=225,yes,2026-10-07
326190120,"Ultimate Almond Drink, Organic 1 Litre (Rude Health)",7.26,7.26,each,Fresh Food > Dairy Free & Dairy Alternatives > Dairy Free Drinks > Long Life Drinks,https://www.tesco.com/groceries/en-GB/products/326190120,https://digitalcontent.api.tesco.com/v2/media/marketplace/e2a11e24-dce7-4328-9387-084cc9c62b77/d0d11ad32b334d1fa514c71b497b5434_1099637538.jpeg?h=225&w=225,yes,2026-10-07
326197375,Organic Roasted Almond and Oat Drink 1l (Rude Health),6.20,6.2,each,Fresh Food > Dairy Free & Dairy Alternatives > Dairy Free Drinks > Oat Drinks,https://www.tesco.com/groceries/en-GB/products/326197375,https://digitalcontent.api.tesco.com/v2/media/marketplace/bdc407a2-41dc-4389-bbb0-5cc86940b887/a38757dc008c44df87c877cd526b7fa3_300724340.jpeg?h=225&w=225,yes,2026-10-07
316641967,Flora Plant Butter Unsalted 200g,1.95,9.75,per kg,"Fresh Food > Dairy Free & Dairy Alternatives > Dairy Free Butter, Spreads & Margarine Alternatives > Dairy Free Butter, Spreads & Margarine Alternatives",https://www.tesco.com/groceries/en-GB/products/316641967,https://digitalcontent.api.tesco.com/v2/media/ghs/9988967a-75ab-4e12-83ae-4f97048b54cb/255e4d29-9100-4d8a-8354-6a3dc1cd4c38_104821132.jpeg?h=225&w=225,yes,2026-10-07
253528288,Alpro Soya Chilled Drink 1 Litre,2.10,2.1,per litre,Fresh Food > Dairy Free & Dairy Alternatives > Dairy Free Drinks > Soya Drinks,https://www.tesco.com/groceries/en-GB/products/253528288,https://digitalcontent.api.tesco.com/v2/media/ghs/bddd8656-0f17-440c-9d71-0a7e227f23b2/0dd9fc84-1cf7-4e58-b571-99a79f6dfb74_1473192629.jpeg?h=225&w=225,yes,2026-10-07
316809436,Flora Plant Butter Salted 200g,1.95,9.75,per kg,"Fresh Food > Dairy Free & Dairy Alternatives > Dairy Free Butter, Spreads & Margarine Alternatives > Dairy Free Butter, Spreads & Margarine Alternatives",https://www.tesco.com/groceries/en-GB/products/316809436,https://digitalcontent.api.tesco.com/v2/media/ghs/5ed595a0-fc2c-422e-b7f9-73027f96563d/2298d1a7-894c-4a19-8878-87198e0adc6b_2004708705.jpeg?h=225&w=225,yes,2026-10-07
330764019,Rude Health Organic Coconut Barista 1L,2.50,2.5,per litre,Food Cupboard > Free From > Dairy Alternative Drinks > Barista Drinks,https://www.tesco.com/groceries/en-GB/products/330764019,https://digitalcontent.api.tesco.com/v2/media/ghs/89f75f52-6876-4c95-8a5d-44a0fdaa55c9/6b4dcb64-bfbc-4983-9e71-6d6c99010fdd_777548514.jpeg?h=225&w=225,yes,2026-10-07
330785782,Alpro Kids Apricot Soya Dairy Free Yoghurt Alternative 4 x 115g,2.60,5.65,per kg,Fresh Food > Dairy Free & Dairy Alternatives > Dairy Free Yoghurt Alternatives > Dairy Free Soya Yoghurt Alternatives,https://www.tesco.com/groceries/en-GB/products/330785782,https://digitalcontent.api.tesco.com/v2/media/ghs/91f52587-0714-4c6c-baba-a53ed2dd2072/b6f435b0-1dca-4333-8a6d-8e38d54b2889_79249300.jpeg?h=225&w=225,yes,2026-10-07
312104631,Oatly The Original Barista Edition Oat Chilled Drink 1L,2.20,2.2,per litre,Fresh Food > Dairy Free & Dairy Alternatives > Dairy Free Drinks > Oat Drinks,https://www.tesco.com/groceries/en-GB/products/312104631,https://digitalcontent.api.tesco.com/v2/media/ghs/a614b338-c097-4640-9db3-d474151bca92/0212fc99-8b21-40ba-a5bd-2f47a6d764fa_1472238987.jpeg?h=225&w=225,yes,2026-10-07
314325775,Oatly The Original Semi Oat Drink 1L,2.00,2,per litre,"Fresh Food > Milk, Butter & Eggs > Dairy Free Drinks > Long Life Drinks",https://www.tesco.com/groceries/en-GB/products/314325775,https://digitalcontent.api.tesco.com/v2/media/ghs/fe3cf3be-9e53-41ba-8afc-3d3137900299/5ccd236f-ee98-4ba1-bff6-9eae34279d3d_1679916160.jpeg?h=225&w=225,yes,2026-10-07
287972469,Arla Lactofree Grated Mature Cheddar Cheese 200g,2.50,12.5,per kg,Fresh Food > Dairy Free & Dairy Alternatives > Lactose Free Dairy > Lactose Free Dairy,https://www.tesco.com/groceries/en-GB/products/287972469,https://digitalcontent.api.tesco.com/v2/media/ghs/1cdf0404-571f-4188-80c5-6c58558b02ec/8bb25f6c-2993-4d43-9d7f-53d814da65e5_525705228.jpeg?h=225&w=225,yes,2026-10-07
294128716,Jus-Rol Gluten Free Ready Rolled Puff Pastry Sheet 280g,2.45,8.75,per kg,"Fresh Food > Milk, Butter & Eggs > Baking & Cooking > Puff Pastry",https://www.tesco.com/groceries/en-GB/products/294128716,https://digitalcontent.api.tesco.com/v2/media/ghs/756b524d-232f-4291-bcb8-567a2baf1c26/11c40303-a0a3-4b2d-95b5-f2caa6e51e7e_1422393729.jpeg?h=225&w=225,yes,2026-10-07
330753727,Tesco Barista Oat Drink 1L,1.55,1.55,per litre,Drinks > Milk & Milkshakes > Dairy Free Drinks > Oat Drinks,https://www.tesco.com/groceries/en-GB/products/330753727,https://digitalcontent.api.tesco.com/v2/media/ghs/caa7a6e7-b896-42ea-9e61-37effef5b30b/9330e5bf-5aa5-495c-a38c-0fde5322f4f1_1921589357.jpeg?h=225&w=225,yes,2026-10-07
254263535,Stork Original Baking Spread 500G,2.50,5,per kg,"Fresh Food > Milk, Butter & Eggs > Baking & Cooking > Baking Blocks, Spread & Margarine",https://www.tesco.com/groceries/en-GB/products/254263535,https://digitalcontent.api.tesco.com/v2/media/ghs/c1c814b3-0242-43ad-904a-7054ab6e2490/433b0da9-311e-4281-9a43-c00903a8702f_742181093.jpeg?h=225&w=225,yes,2026-10-07
262697292,Alpro Dark Chocolate Dairy Free Vegan Soya Dessert 4x125g,1.85,3.7,per kg,Fresh Food > Dairy Free & Dairy Alternatives > Dairy Free Desserts > Dairy Free Desserts,https://www.tesco.com/groceries/en-GB/products/262697292,https://digitalcontent.api.tesco.com/v2/media/ghs/80a7a26d-596d-417a-bfef-52400483dd0a/e7d5bbe8-748f-45bf-88fd-1d65d218f55a.jpeg?h=225&w=225,yes,2026-10-07
252955630,Alpro Chocolate Dairy Free Vegan Soya Dessert 4x125g,1.85,3.7,per kg,Fresh Food > Dairy Free & Dairy Alternatives > Dairy Free Desserts > Dairy Free Desserts,https://www.tesco.com/groceries/en-GB/products/252955630,https://digitalcontent.api.tesco.com/v2/media/ghs/a078b088-2407-4bf9-aac7-f937767a88a9/897bf02b-5f2a-4a3a-b5a8-78642a36079a.jpeg?h=225&w=225,yes,2026-10-07
252955739,Alpro Vanilla Dairy Free Vegan Soya Dessert 4x125g,1.85,3.7,per kg,Fresh Food > Dairy Free & Dairy Alternatives > Dairy Free Desserts > Dairy Free Desserts,https://www.tesco.com/groceries/en-GB/products/252955739,https://digitalcontent.api.tesco.com/v2/media/ghs/32520cbe-f13f-469a-9efa-7b5af5108309/3162cc86-ca5c-41b1-bf1f-6e5ceedf0989.jpeg?h=225&w=225,yes,2026-10-07
273701571,Almond Breeze Unsweetened Fresh Drink 1 Litre,1.90,1.9,per litre,Fresh Food > Dairy Free & Dairy Alternatives > Dairy Free Drinks > Almond Drinks,https://www.tesco.com/groceries/en-GB/products/273701571,https://digitalcontent.api.tesco.com/v2/media/ghs/085cb4a4-c63e-46c1-bd59-fd389dfc52c9/b69cc68b-54af-45b8-b4dd-bad94d6f308c_435438257.jpeg?h=225&w=225,yes,2026-10-07
310107207,Elmlea Plant Alternative To Double Cream 250Ml,1.75,7,per litre,"Fresh Food > Milk, Butter & Eggs > Fresh Cream & Custard > Double & Extra Thick Cream",https://www.tesco.com/groceries/en-GB/products/310107207,https://digitalcontent.api.tesco.com/v2/media/ghs/8c3b5d22-99a9-463b-9d66-c69a42657214/3b85870d-88a1-4e01-8a29-4fd61e5f9e8e_1120060132.jpeg?h=225&w=225,yes,2026-10-07
305971345,Pure Dairy Free Buttery Spread 500G,2.15,4.3,per kg,"Fresh Food > Milk, Butter & Eggs > Butters, Spreads & Margarine > Dairy Free Butter Alternatives",https://www.tesco.com/groceries/en-GB/products/305971345,https://digitalcontent.api.tesco.com/v2/media/ghs/2a9d9ee5-2e9f-4aa8-880e-6a9b21c23d4a/dbac28d4-3085-4c65-96f6-6a4ab4fc75f3_594588583.jpeg?h=225&w=225,yes,2026-10-07
254263443,Stork Original Baking Block 250G,1.50,6,per kg,"Fresh Food > Milk, Butter & Eggs > Baking & Cooking > Baking Blocks, Spread & Margarine",https://www.tesco.com/groceries/en-GB/products/254263443,https://digitalcontent.api.tesco.com/v2/media/ghs/b9ad94cd-8af4-4a21-9f9d-f6d3c3767843/6516735e-df6e-4387-8f69-ee159105bfbf_1467525456.jpeg?h=225&w=225,yes,2026-10-07
311442721,Tesco Free From Soya Alternative to Greek Style Yogurt 400g,1.50,3.75,per kg,Fresh Food > Dairy Free & Dairy Alternatives > Dairy Free Yoghurt Alternatives > Dairy Free Soya Yoghurt Alternatives,https://www.tesco.com/groceries/en-GB/products/311442721,https://digitalcontent.api.tesco.com/v2/media/ghs/0ad22a76-abe8-4b50-9689-ad661894a422/89925553-55ab-40ed-9e9b-933a0d3839be_603623353.jpeg?h=225&w=225,yes,2026-10-07
293836605,Oatly Creamy Oat Single Cream Alternative 250Ml,1.25,5,per litre,"Fresh Food > Milk, Butter & Eggs > Fresh Cream & Custard > Dairy Free Cream Alternatives",https://www.tesco.com/groceries/en-GB/products/293836605,https://digitalcontent.api.tesco.com/v2/media/ghs/38b24831-ebca-4e4b-8e49-88f5f18dbe74/036b24f2-34d1-4c46-9fad-60a6bba9c6a9_1492241373.jpeg?h=225&w=225,yes,2026-10-07
300118034,Tesco Soya Drink Unsweetened 1Ltr,1.25,1.25,per litre,Fresh Food > Dairy Free & Dairy Alternatives > Dairy Free Drinks > Soya Drinks,https://www.tesco.com/groceries/en-GB/products/300118034,https://digitalcontent.api.tesco.com/v2/media/ghs/19dbeac1-eaa6-407a-a8f6-b0379fdd3f98/f00a0c06-aad8-4e49-8f18-b467598a590e_61542591.jpeg?h=225&w=225,yes,2026-10-07
255764252,Alpro Soya Long Life Dairy Free Alternative to Cream 250ml,1.15,4.6,per litre,"Fresh Food > Milk, Butter & Eggs > Dairy Free Cream & Custard Alternatives > Dairy Free Cream & Custard Alternatives",https://www.tesco.com/groceries/en-GB/products/255764252,https://digitalcontent.api.tesco.com/v2/media/ghs/541595c3-6977-4456-9bb0-5027b1744453/9df71f20-6b04-4650-ba5f-5fc7fdd8f80b.jpeg?h=225&w=225,yes,2026-10-07
307759312,Tesco Long Life Coconut Original 1L,1.15,1.15,per litre,Fresh Food > Dairy Free & Dairy Alternatives > Dairy Free Drinks > Coconut Drinks,https://www.tesco.com/groceries/en-GB/products/307759312,https://digitalcontent.api.tesco.com/v2/media/ghs/4e169615-9b66-47df-90f6-1f6d167ea04e/5d273792-80bc-42ce-ae6c-6d650b137fc0_1288387476.jpeg?h=225&w=225,yes,2026-10-07
302301545,Alpro Vanilla Dairy Free Soya Custard 525g,1.20,2.29,per kg,"Food Cupboard > Free From > Milk Free > Milk Free Desserts, Custard & Spreads",https://www.tesco.com/groceries/en-GB/products/302301545,https://digitalcontent.api.tesco.com/v2/media/ghs/6a80d28d-0a07-4c71-a4ff-407455d736e2/03b2c7b2-7b4e-49a9-a9c8-d7f414771703_879937496.jpeg?h=225&w=225,yes,2026-10-07
297660437,Tesco Free From Raspberry Strawberry Soya Alternative 4X90g,1.25,3.47,per kg,Fresh Food > Dairy Free & Dairy Alternatives > Dairy Free Yoghurt Alternatives > Dairy Free Soya Yoghurt Alternatives,https://www.tesco.com/groceries/en-GB/products/297660437,https://digitalcontent.api.tesco.com/v2/media/ghs/24e23edd-b4f9-42e2-833d-1b203b914c96/1ad70347-7fa2-4de2-a020-3de459fc02a4_719797412.jpeg?h=225&w=225,yes,2026-10-07
