id,name,category,serving,calories,protein_g,carbs_g,fat_g,sat_fat_g,sodium_mg,salt_g,sugar_g,fiber_g,energy_kj,weight_g,mono_fat_g,poly_fat_g,trans_fat_g,caffeine_mg,tags,limited_time,rankable,components,added_on,notes
pitta-and-dips,Pitta & Dips,Firehouse Grill: Grazers,,549,17.7,43.0,33.2,9.1,,2.0,5.6,5.0,2293,,,,,,vegetarian,false,false,,,On: Firehouse Grill - Main Menu > GRAZERS
chicken-wings,Chicken Wings,Firehouse Grill: Grazers,,416,56.9,1.1,20.2,4.0,,1.7,0.5,0.7,1740,,,,,,,false,false,,,Printed 'Chicken Wings - NEW'; On: Firehouse Grill - Main Menu > GRAZERS
crispy-popcorn-chicken-firehouse-grill,Crispy Popcorn Chicken (Firehouse Grill),Firehouse Grill: Grazers,,436,20.3,54.7,15.5,2.7,,1.5,25.2,3.0,1827,,,,,,,false,false,,,Printed 'Crispy Popcorn Chicken'; On: Firehouse Grill - Main Menu > GRAZERS
halloumi-sticks,Halloumi Sticks,Firehouse Grill: Grazers,,740,12.4,13.2,70.3,10.2,,4.4,2.8,2.5,3089,,,,,,vegetarian,false,false,,,Printed 'Halloumi Sticks - NEW'; On: Firehouse Grill - Main Menu > GRAZERS
cheesy-nachos,Cheesy Nachos,Firehouse Grill: Grazers,,582,13.0,59.1,32.8,8.5,,2.2,3.6,5.7,2432,,,,,,vegetarian,false,false,,,On: Firehouse Grill - Main Menu > GRAZERS
vegan-cheesy-nachos,Vegan Cheesy Nachos,Firehouse Grill: Grazers,,615,6.4,66.8,36.1,13.6,,2.3,2.4,5.6,2571,,,,,,vegetarian,false,false,,,On: Firehouse Grill - Main Menu > GRAZERS
cheesy-garlic-bread-firehouse-grill-beachcomber-inn,Cheesy Garlic Bread (Firehouse Grill / Beachcomber Inn),Firehouse Grill: Grazers,,567,20.7,38.6,36.7,17.4,,2.0,2.2,0.0,2366,,,,,,vegetarian,false,false,,,Printed 'Cheesy Garlic Bread'; On: Firehouse Grill - Main Menu > GRAZERS; Firehouse Grill - Main Menu > EYES ON THE SIDES; The Beachcomber Inn - Main Menu > SIDES
loaded-fries,Loaded Fries,Firehouse Grill: Grazers,,595,8.2,66.5,31.3,3.7,,3.4,6.3,7.6,2481,,,,,,vegetarian,false,false,,,Printed 'Loaded Fries - WE LOVE'; On: Firehouse Grill - Main Menu > GRAZERS; Firehouse Grill - Main Menu > EYES ON THE SIDES
add-1-boneless-chicken-thighs,Add 1 Boneless Chicken Thighs,Firehouse Grill: Build your own and add-ons,,298,20.2,0.6,23.8,5.3,,1.2,0.0,0.3,1249,,,,,,,false,false,,,On: Firehouse Grill - Main Menu > GRAZERS
3-buttermilk-chicken-goujons,3 Buttermilk Chicken Goujons,Firehouse Grill: Build your own and add-ons,,396,24.0,34.5,17.8,1.5,,1.2,0.8,0.0,1652,,,,,,,false,false,,,"On: Firehouse Grill - Main Menu > KEEP IT LIGHT - RICE BOWL; Firehouse Grill - Main Menu > BYO BURGER, PITTA OR WRAP; Firehouse Grill - Main Menu > KIDS - JUNIOR MAINS; Firehouse Grill - Children's Meal Deal > JUNIOR MAINS; The Beachcomber Inn - Main Menu > SALAD; The Beachcomber Inn - Main Menu > PUB CLASSICS; The Beachcomber Inn - Main Menu > BUILD YOUR OWN SUPER BOWL; The Beachcomber Inn - Main Menu > BURGERS; The Beachcomber Inn - Children's Meal Deal > JUNIOR MAIN COURSES; The Diner - Main Menu > CLASSICS > Mac 'n' Cheese; The Diner - Main Menu > BUILD YOUR OWN COMBO > CHOOSE YOUR MAIN; The Diner - Kiddos > KIDDOS - JUNIORS; The Diner - Bottomless Brunch > CLASSICS"
buttermilk-style-quorntm-fillet-firehouse-grill,Buttermilk-Style Quorn™ Fillet (Firehouse Grill),Firehouse Grill: Build your own and add-ons,,323,11.0,11.0,24.6,2.5,,1.2,1.2,6.3,1341,,,,,,vegetarian,false,false,,,"Printed 'Buttermilk-Style Quorn™ Fillet'; On: Firehouse Grill - Main Menu > KEEP IT LIGHT - RICE BOWL; Firehouse Grill - Main Menu > BYO BURGER, PITTA OR WRAP"
grilled-halloumi-cheese,Grilled Halloumi Cheese,Firehouse Grill: Build your own and add-ons,,446,32.4,3.6,31.3,20.8,,3.1,3.6,0.0,1868,,,,,,vegetarian,false,false,,,"On: Firehouse Grill - Main Menu > KEEP IT LIGHT - RICE BOWL; Firehouse Grill - Main Menu > BYO BURGER, PITTA OR WRAP"
chargrilled-chicken-breast-firehouse-grill,Chargrilled Chicken Breast (Firehouse Grill),Firehouse Grill: Build your own and add-ons,,268,32.5,4.9,12.9,2.1,,2.1,0.7,1.2,1122,,,,,,,false,false,,,"Printed 'Chargrilled Chicken Breast'; On: Firehouse Grill - Main Menu > KEEP IT LIGHT - RICE BOWL; Firehouse Grill - Main Menu > BYO BURGER, PITTA OR WRAP"
warm-pitta-bread,Warm Pitta Bread,Firehouse Grill: Build your own and add-ons,,296,6.2,36.1,13.7,0.5,,1.3,5.9,2.6,1238,,,,,,vegetarian,false,false,,,"On: Firehouse Grill - Main Menu > BYO BURGER, PITTA OR WRAP"
soft-tortilla-wrap,Soft Tortilla Wrap,Firehouse Grill: Build your own and add-ons,,416,8.1,50.5,19.7,3.2,,1.4,5.9,2.9,1741,,,,,,vegetarian,false,false,,,"On: Firehouse Grill - Main Menu > BYO BURGER, PITTA OR WRAP"
toasted-brioche-style-bun,Toasted Brioche-Style Bun,Firehouse Grill: Build your own and add-ons,,295,6.1,34.5,14.1,0.6,,1.4,6.4,2.7,1233,,,,,,vegetarian,false,false,,,"On: Firehouse Grill - Main Menu > BYO BURGER, PITTA OR WRAP"
poppy-seed-bun,Poppy Seed Bun,Firehouse Grill: Build your own and add-ons,,361,2.7,46.7,17.7,1.1,,1.7,6.6,3.2,1512,,,,,,vegetarian,false,false,,,"On: Firehouse Grill - Main Menu > BYO BURGER, PITTA OR WRAP"
add-chicken-breast,Add Chicken Breast,Firehouse Grill: Build your own and add-ons,,268,32.5,4.9,12.9,2.1,,2.1,0.7,1.2,1122,,,,,,,false,false,,,"On: Firehouse Grill - Main Menu > BYO BURGER, PITTA OR WRAP"
add-2-boneless-chicken-thighs,Add 2 Boneless Chicken Thighs,Firehouse Grill: Build your own and add-ons,,617,40.4,0.6,50.3,10.9,,1.4,0.0,0.3,2584,,,,,,,false,false,,,"On: Firehouse Grill - Main Menu > BYO BURGER, PITTA OR WRAP"
add-3-buttermilk-chicken-goujons,Add 3 Buttermilk Chicken Goujons,Firehouse Grill: Build your own and add-ons,,396,24.0,34.5,17.8,1.5,,1.2,0.8,0.0,1652,,,,,,,false,false,,,"On: Firehouse Grill - Main Menu > BYO BURGER, PITTA OR WRAP"
add-quorntm-buttermilk-style-fillet,Add Quorn™ Buttermilk-Style Fillet,Firehouse Grill: Build your own and add-ons,,323,11.0,11.0,24.6,2.5,,1.2,1.2,6.3,1341,,,,,,vegetarian,false,false,,,"On: Firehouse Grill - Main Menu > BYO BURGER, PITTA OR WRAP"
add-extra-grilled-halloumi-cheese,Add Extra Grilled Halloumi Cheese,Firehouse Grill: Build your own and add-ons,,446,32.4,3.6,31.3,20.8,,3.1,3.6,0.0,1868,,,,,,vegetarian,false,false,,,"On: Firehouse Grill - Main Menu > BYO BURGER, PITTA OR WRAP"
monterey-jack-cheese,Monterey Jack Cheese,Firehouse Grill: Build your own and add-ons,,104,6.4,0.0,8.7,5.4,,0.5,0.0,0.0,435,,,,,,vegetarian,false,false,,,"On: Firehouse Grill - Main Menu > BYO BURGER, PITTA OR WRAP; Firehouse Grill - Main Menu > KIDS - TOTS MAINS; Firehouse Grill - Main Menu > KIDS - JUNIOR MAINS; Firehouse Grill - Children's Meal Deal > TOTS MAINS; Firehouse Grill - Children's Meal Deal > JUNIOR MAINS; The Diner - Main Menu > BURGERS > SIMPLY BURGERS; The Diner - Kiddos > KIDDOS - JUNIORS"
violife-slice,Violife Slice,Firehouse Grill: Build your own and add-ons,,59,0.0,4.4,4.6,4.0,,0.5,0.0,0.1,246,,,,,,vegetarian,false,false,,,"On: Firehouse Grill - Main Menu > BYO BURGER, PITTA OR WRAP; Firehouse Grill - Main Menu > KIDS - TOTS MAINS; Firehouse Grill - Main Menu > KIDS - JUNIOR MAINS; Firehouse Grill - Children's Meal Deal > TOTS MAINS; Firehouse Grill - Children's Meal Deal > JUNIOR MAINS; The Beachcomber Inn - Main Menu > BURGERS; The Diner - Main Menu > BURGERS > SIMPLY BURGERS"
avocado-slices,Avocado Slices,Firehouse Grill: Build your own and add-ons,,71,0.6,1.1,7.2,1.8,,0.2,0.0,2.1,296,,,,,,vegetarian,false,false,,,"On: Firehouse Grill - Main Menu > BYO BURGER, PITTA OR WRAP; Fibre is printed higher than carbohydrate (UK carbohydrate excludes fibre)"
pineapple-ring,Pineapple Ring,Firehouse Grill: Build your own and add-ons,,31,0.3,7.4,0.0,0.0,,0.0,7.4,0.3,133,,,,,,vegetarian,false,false,,,"On: Firehouse Grill - Main Menu > BYO BURGER, PITTA OR WRAP"
sunny-vibes-rice-bowl,Sunny Vibes Rice Bowl,Firehouse Grill: Rice bowls,,941,21.2,103.1,50.2,5.3,,5.2,13.8,12.3,3992,,,,,,vegetarian,false,true,,,On: Firehouse Grill - Main Menu > KEEP IT LIGHT - RICE BOWL
sunny-vibes-vegan-rice-bowl,Sunny Vibes Vegan Rice Bowl,Firehouse Grill: Rice bowls,,812,23.3,103.4,34.5,4.0,,4.4,10.2,12.3,3451,,,,,,vegetarian,false,true,,,On: Firehouse Grill - Main Menu > KEEP IT LIGHT - RICE BOWL
chicken-breast-firehouse-grill,Chicken Breast (Firehouse Grill),Firehouse Grill: Chicken from the grill,,271,32.8,5.5,12.9,2.1,,2.1,0.9,1.4,1136,,,,,,,false,true,,,Printed 'Chicken Breast'; On: Firehouse Grill - Main Menu > CHICKEN FROM THE GRILL
2-boneless-chicken-thighs,2 Boneless Chicken Thighs,Firehouse Grill: Chicken from the grill,,621,40.6,1.2,50.3,10.9,,1.5,0.2,0.4,2597,,,,,,,false,true,,,"On: Firehouse Grill - Main Menu > CHICKEN FROM THE GRILL; Firehouse Grill - Main Menu > BYO BURGER, PITTA OR WRAP"
1-4-chicken-firehouse-grill,1/4 Chicken (Firehouse Grill),Firehouse Grill: Chicken from the grill,,483,65.8,1.2,23.8,5.1,,1.6,0.2,0.4,2022,,,,,,,false,true,,,Printed '1/4 Chicken'; On: Firehouse Grill - Main Menu > CHICKEN FROM THE GRILL
1-2-chicken,1/2 Chicken,Firehouse Grill: Chicken from the grill,,922,131.2,1.2,43.3,9.6,,2.1,0.2,0.4,3856,,,,,,,false,true,,,On: Firehouse Grill - Main Menu > CHICKEN FROM THE GRILL
3-chicken-wings-firehouse-grill,3 Chicken Wings (Firehouse Grill),Firehouse Grill: Chicken from the grill,,415,56.8,1.2,20.2,4.0,,1.7,0.2,0.4,1735,,,,,,,false,true,,,Printed '3 Chicken Wings'; On: Firehouse Grill - Main Menu > CHICKEN FROM THE GRILL
5-chicken-wings,5 Chicken Wings,Firehouse Grill: Chicken from the grill,,611,94.4,1.2,25.3,5.4,,2.2,0.2,0.4,2556,,,,,,,false,true,,,On: Firehouse Grill - Main Menu > CHICKEN FROM THE GRILL
fried-chicken-combo,Fried Chicken Combo,Firehouse Grill: Firehouse specials,,739,36.0,51.7,43.5,4.4,,1.7,1.5,2.2,3077,,,,,,,false,true,,,On: Firehouse Grill - Main Menu > FIREHOUSE SPECIALS
ultimate-chicken-wrap,Ultimate Chicken Wrap,Firehouse Grill: Firehouse specials,,1027,45.1,89.3,53.4,10.0,,4.3,17.3,5.9,4294,,,,,,,false,true,,,On: Firehouse Grill - Main Menu > FIREHOUSE SPECIALS
chicken-stack-burger,Chicken Stack Burger,Firehouse Grill: Firehouse specials,,1273,81.7,70.7,72.7,14.6,,5.5,15.2,4.6,5326,,,,,,,false,true,,,Printed 'Chicken Stack Burger - WE LOVE'; On: Firehouse Grill - Main Menu > FIREHOUSE SPECIALS
firehouse-signature-pitta,Firehouse Signature Pitta,Firehouse Grill: Firehouse specials,,1143,52.1,56.5,78.1,16.5,,4.1,18.9,6.1,4789,,,,,,,false,true,,,On: Firehouse Grill - Main Menu > FIREHOUSE SPECIALS
family-chicken-platter-serves-3-4,Family Chicken Platter (serves 3-4),Firehouse Grill: Sharing platters,,4899,459.9,117.8,287.2,57.8,,16.4,51.0,9.3,20499,,,,,,,false,false,,,On: Firehouse Grill - Main Menu > SHARING PLATTERS
boneless-chicken-platter-serves-2,Boneless Chicken Platter (serves 2),Firehouse Grill: Sharing platters,,2030,146.1,120.4,107.1,20.6,,8.7,52.0,8.9,8495,,,,,,,false,false,,,On: Firehouse Grill - Main Menu > SHARING PLATTERS
hot-piri-piri-sauce,Hot Piri-Piri Sauce,Firehouse Grill: Bastes,,29,0.5,3.2,1.0,0.1,,2.9,1.0,1.0,119,,,,,,vegetarian,false,false,,,"On: Firehouse Grill - Main Menu > CHOOSE YOUR BASTE; Firehouse Grill - Main Menu > BYO BURGER, PITTA OR WRAP; Firehouse Grill - Main Menu > KIDS - TOTS MAINS; Firehouse Grill - Children's Meal Deal > BASTES"
garlic-piri-piri-sauce,Garlic Piri-Piri Sauce,Firehouse Grill: Bastes,,124,1.1,4.9,10.9,1.4,,1.6,2.7,0.8,520,,,,,,vegetarian,false,false,,,"On: Firehouse Grill - Main Menu > CHOOSE YOUR BASTE; Firehouse Grill - Main Menu > BYO BURGER, PITTA OR WRAP; Firehouse Grill - Main Menu > KIDS - TOTS MAINS; Firehouse Grill - Children's Meal Deal > BASTES"
lemon-and-herb-piri-piri-sauce,Lemon & Herb Piri-Piri Sauce,Firehouse Grill: Bastes,,99,0.5,22.8,0.1,0.0,,2.5,16.4,0.4,413,,,,,,vegetarian,false,false,,,"On: Firehouse Grill - Main Menu > CHOOSE YOUR BASTE; Firehouse Grill - Main Menu > BYO BURGER, PITTA OR WRAP; Firehouse Grill - Main Menu > KIDS - TOTS MAINS; Firehouse Grill - Children's Meal Deal > BASTES"
honey-chilli-sauce,Honey Chilli Sauce,Firehouse Grill: Bastes,,173,0.4,42.0,0.1,0.0,,0.8,36.7,0.3,736,,,,,,vegetarian,false,false,,,"On: Firehouse Grill - Main Menu > CHOOSE YOUR BASTE; Firehouse Grill - Main Menu > BYO BURGER, PITTA OR WRAP; Firehouse Grill - Main Menu > KIDS - TOTS MAINS; Firehouse Grill - Children's Meal Deal > BASTES"
maple-and-bourbon-bbq-sauce,Maple & Bourbon BBQ Sauce,Firehouse Grill: Bastes,,114,0.5,26.6,0.1,0.0,,0.7,24.4,0.3,475,,,,,,vegetarian,false,false,,,"On: Firehouse Grill - Main Menu > CHOOSE YOUR BASTE; Firehouse Grill - Main Menu > BYO BURGER, PITTA OR WRAP; Firehouse Grill - Main Menu > KIDS - TOTS MAINS; Firehouse Grill - Children's Meal Deal > BASTES"
spicy-skin-on-fries-firehouse-grill,Spicy Skin-On Fries (Firehouse Grill),Firehouse Grill: Sides,,485,5.8,57.9,24.1,2.0,,1.8,1.1,6.5,2019,,,,,,vegetarian,false,false,,,Printed 'Spicy Skin-On Fries'; On: Firehouse Grill - Main Menu > EYES ON THE SIDES
skin-on-fries-firehouse-grill,Skin-On Fries (Firehouse Grill),Firehouse Grill: Sides,,482,5.8,57.5,24.0,2.0,,0.5,1.0,6.3,2009,,,,,,vegetarian,false,false,,,Printed 'Skin-On Fries'; On: Firehouse Grill - Main Menu > EYES ON THE SIDES
garlic-bread-firehouse-grill-beachcomber-inn-the-diner,Garlic Bread (Firehouse Grill / Beachcomber Inn / The Diner),Firehouse Grill: Sides,,319,5.8,37.5,16.2,4.6,,0.9,2.2,0.0,1334,,,,,,vegetarian,false,false,,,Printed 'Garlic Bread'; On: Firehouse Grill - Main Menu > EYES ON THE SIDES; The Beachcomber Inn - Main Menu > SIDES; The Diner - Main Menu > SIDES
spicy-rice,Spicy Rice,Firehouse Grill: Sides,,281,5.8,62.6,2.8,0.6,,1.2,0.2,1.5,1226,,,,,,vegetarian,false,false,,,On: Firehouse Grill - Main Menu > EYES ON THE SIDES
grilled-corn-on-the-cob-firehouse-grill,Grilled Corn on the Cob (Firehouse Grill),Firehouse Grill: Sides,,203,5.8,13.0,13.2,6.8,,0.2,3.5,2.6,842,,,,,,vegetarian,false,false,,,Printed 'Grilled Corn on the Cob'; On: Firehouse Grill - Main Menu > EYES ON THE SIDES
tenderstem-broccoli-firehouse-grill-eyes-on-the-sides,"Tenderstem Broccoli (Firehouse Grill, Eyes on the sides)",Firehouse Grill: Sides,,28,2.1,5.0,0.3,0.2,,0.1,1.3,2.3,119,,,,,,vegetarian,false,false,,,Printed 'Tenderstem Broccoli'; On: Firehouse Grill - Main Menu > EYES ON THE SIDES
sunny-vibes-mixed-grains,Sunny Vibes Mixed Grains,Firehouse Grill: Sides,,117,4.0,11.7,5.6,0.7,,1.3,2.5,2.6,490,,,,,,vegetarian,false,false,,,On: Firehouse Grill - Main Menu > EYES ON THE SIDES; Firehouse Grill - Main Menu > KIDS - SIDES
coleslaw-firehouse-grill-eyes-on-the-sides,"Coleslaw (Firehouse Grill, Eyes on the sides)",Firehouse Grill: Sides,,185,0.8,6.1,17.3,1.5,,0.8,5.3,1.2,774,,,,,,vegetarian,false,false,,,Printed 'Coleslaw'; On: Firehouse Grill - Main Menu > EYES ON THE SIDES; Firehouse Grill - Main Menu > KIDS - SIDES; Firehouse Grill - Children's Meal Deal > SIDES
chicken-gravy,Chicken Gravy,Firehouse Grill: Sides,,16,0.2,3.3,0.1,0.0,,0.7,0.5,0.1,66,,,,,,,false,false,,,On: Firehouse Grill - Main Menu > EYES ON THE SIDES; Firehouse Grill - Main Menu > KIDS - SIDES; Firehouse Grill - Children's Meal Deal > SIDES
piri-piri-mayo,Piri-Piri Mayo,Firehouse Grill: Sides,,407,0.3,2.5,43.8,1.3,,2.7,1.6,0.5,1704,,,,,,vegetarian,false,false,,,On: Firehouse Grill - Main Menu > EYES ON THE SIDES
piri-piri-mac-and-cheese,Piri-Piri Mac & Cheese,Firehouse Grill: Sides,,743,23.6,84.7,34.3,16.1,,3.2,7.7,3.9,3125,,,,,,vegetarian,false,false,,,On: Firehouse Grill - Main Menu > EYES ON THE SIDES
chicken-breast-wrap,Chicken Breast Wrap,Firehouse Grill: Lunch wraps,,1170,46.6,113.5,56.6,7.4,,4.0,7.8,10.5,4886,,,,,,,false,true,,,On: Firehouse Grill - Main Menu > LUNCH WRAPS
bbq-buttermilk-chicken-wrap,BBQ Buttermilk Chicken Wrap,Firehouse Grill: Lunch wraps,,1408,38.4,169.0,61.5,6.7,,3.8,32.0,9.5,5877,,,,,,,false,true,,,On: Firehouse Grill - Main Menu > LUNCH WRAPS
buttermilk-style-quorntm-fillet-wrap,Buttermilk-Style Quorn™ Fillet Wrap,Firehouse Grill: Lunch wraps,,1221,24.9,119.0,68.3,7.7,,3.1,8.1,15.5,5091,,,,,,vegetarian,false,true,,,On: Firehouse Grill - Main Menu > LUNCH WRAPS
vanilla-cheesecake-with-biscoff,Vanilla Cheesecake with Biscoff®,Firehouse Grill: Desserts,,858,9.7,78.3,55.6,25.9,,1.0,50.9,1.0,3589,,,,,,vegetarian,false,false,,,On: Firehouse Grill - Main Menu > DESSERTS
chocolate-fudge-cake,Chocolate Fudge Cake,Firehouse Grill: Desserts,,799,9.9,91.6,42.1,16.3,,0.9,76.1,4.0,3342,,,,,,vegetarian,false,false,,,On: Firehouse Grill - Main Menu > DESSERTS
warm-chocolate-brownie-firehouse-grill,Warm Chocolate Brownie (Firehouse Grill),Firehouse Grill: Desserts,,543,6.9,77.7,23.0,11.0,,0.3,59.0,4.1,2275,,,,,,vegetarian,false,false,,,Printed 'Warm Chocolate Brownie'; On: Firehouse Grill - Main Menu > DESSERTS
vegan-warm-chocolate-brownie-firehouse-grill-the-diner,Vegan Warm Chocolate Brownie (Firehouse Grill / The Diner),Firehouse Grill: Desserts,,672,4.8,88.8,32.2,25.1,,0.0,58.4,3.9,2814,,,,,,vegetarian,false,false,,,Printed 'Vegan Warm Chocolate Brownie'; On: Firehouse Grill - Main Menu > DESSERTS; The Diner - Main Menu > DESSERTS
soft-whip-ice-cream-ve-ngci,Soft Whip Ice Cream (VE NGCI),Firehouse Grill: Ice cream factory,Per tub,208,0.7,28.8,9.7,8.8,,0.1,21.6,0.0,864,,,,,,vegetarian,false,false,,,On: Firehouse Grill - Main Menu > DESSERTS - ICE CREAM FACTORY; Firehouse Grill - Main Menu > KIDS - ICE CREAM FACTORY; Firehouse Grill - Children's Meal Deal > ICE CREAM FACTORY; The Beachcomber Inn - Main Menu > DESSERTS; Papa Johns - Main Menu > ICE CREAM FACTORY
chocolate-sauce-ve-ngci,Chocolate Sauce (VE NGCI),Firehouse Grill: Ice cream factory,Per squeeze,142,0.5,32.5,0.9,0.5,,0.0,23.0,0.7,600,,,,,,vegetarian,false,false,,,Printed '.Chocolate Sauce (VE NGCI)'; On: Firehouse Grill - Main Menu > DESSERTS - ICE CREAM FACTORY; Firehouse Grill - Main Menu > KIDS - ICE CREAM FACTORY; Firehouse Grill - Children's Meal Deal > ICE CREAM FACTORY; Papa Johns - Main Menu > ICE CREAM FACTORY
toffee-sauce-v-ngci,Toffee Sauce (V NGCI),Firehouse Grill: Ice cream factory,Per squeeze,145,0.4,33.0,1.3,0.8,,0.3,22.0,0.0,605,,,,,,vegetarian,false,false,,,Printed '.Toffee Sauce (V NGCI)'; On: Firehouse Grill - Main Menu > DESSERTS - ICE CREAM FACTORY; Firehouse Grill - Main Menu > KIDS - ICE CREAM FACTORY; Firehouse Grill - Children's Meal Deal > ICE CREAM FACTORY; Papa Johns - Main Menu > ICE CREAM FACTORY
strawberry-sauce-ve-ngci,Strawberry Sauce (VE NGCI),Firehouse Grill: Ice cream factory,Per squeeze,143,0.1,28.9,0.0,0.0,,0.0,19.6,0.1,599,,,,,,vegetarian,false,false,,,"Printed '.Strawberry Sauce (VE NGCI)'; On: Firehouse Grill - Main Menu > DESSERTS - ICE CREAM FACTORY; Firehouse Grill - Main Menu > KIDS - ICE CREAM FACTORY; Firehouse Grill - Children's Meal Deal > ICE CREAM FACTORY; Papa Johns - Main Menu > ICE CREAM FACTORY; Printed calories (143) differ from the energy of the printed protein, carbs and fat (about 116 kcal) by 19% (the printed kJ agrees with the printed kcal)"
rainbow-sprinkles-ve-ngci,Rainbow Sprinkles (VE NGCI),Firehouse Grill: Ice cream factory,Per tablespoon,11,0.1,1.5,0.6,0.4,,0.0,1.5,0.1,47,,,,,,vegetarian,false,false,,,On: Firehouse Grill - Main Menu > DESSERTS - ICE CREAM FACTORY; Firehouse Grill - Main Menu > KIDS - ICE CREAM FACTORY; Firehouse Grill - Children's Meal Deal > ICE CREAM FACTORY; Papa Johns - Main Menu > ICE CREAM FACTORY
micro-marshmallows-ngci,Micro Marshmallows (NGCI),Firehouse Grill: Ice cream factory,Per tablespoon,33,0.5,7.6,0.1,0.0,,0.0,6.5,0.1,137,,,,,,,false,false,,,Printed 'Micro Marshmallows. (NGCI)'; On: Firehouse Grill - Main Menu > DESSERTS - ICE CREAM FACTORY; Firehouse Grill - Main Menu > KIDS - ICE CREAM FACTORY; Firehouse Grill - Children's Meal Deal > ICE CREAM FACTORY; Papa Johns - Main Menu > ICE CREAM FACTORY
2-chicken-wings,2 Chicken Wings,Firehouse Grill: Kids' mains,,279,37.8,1.3,13.5,2.7,,2.5,0.0,0.5,1169,,,,,,,false,false,,,On: Firehouse Grill - Main Menu > KIDS - TOTS MAINS; Firehouse Grill - Children's Meal Deal > TOTS MAINS
chicken-burger-firehouse-grill-kids,"Chicken Burger (Firehouse Grill, kids)",Firehouse Grill: Kids' mains,,292,21.9,31.5,8.0,1.3,,1.6,3.6,2.8,1222,,,,,,,false,false,,,Printed 'Chicken Burger'; On: Firehouse Grill - Main Menu > KIDS - TOTS MAINS; Firehouse Grill - Main Menu > KIDS - JUNIOR MAINS; Firehouse Grill - Children's Meal Deal > TOTS MAINS; Firehouse Grill - Children's Meal Deal > JUNIOR MAINS
buttermilk-style-quorntm-fillet-firehouse-grill-kids,"Buttermilk-Style Quorn™ Fillet (Firehouse Grill, kids)",Firehouse Grill: Kids' mains,,318,11.0,34.5,13.8,1.5,,1.2,3.5,5.1,1325,,,,,,vegetarian,false,false,,,Printed 'Buttermilk-Style Quorn™ Fillet'; On: Firehouse Grill - Main Menu > KIDS - TOTS MAINS; Firehouse Grill - Main Menu > KIDS - JUNIOR MAINS; Firehouse Grill - Children's Meal Deal > TOTS MAINS; Firehouse Grill - Children's Meal Deal > JUNIOR MAINS
2-buttermilk-chicken-goujons-firehouse-grill,2 Buttermilk Chicken Goujons (Firehouse Grill),Firehouse Grill: Kids' mains,,262,15.8,22.8,11.7,1.0,,0.8,0.5,0.0,1091,,,,,,,false,false,,,Printed '2 Buttermilk Chicken Goujons'; On: Firehouse Grill - Main Menu > KIDS - TOTS MAINS; Firehouse Grill - Children's Meal Deal > TOTS MAINS
crispy-popcorn-chicken-firehouse-grill-kids,"Crispy Popcorn Chicken (Firehouse Grill, kids)",Firehouse Grill: Kids' mains,,431,18.9,27.0,28.7,3.5,,0.8,0.7,2.1,1794,,,,,,,false,false,,,Printed 'Crispy Popcorn Chicken'; On: Firehouse Grill - Main Menu > KIDS - TOTS MAINS; Firehouse Grill - Main Menu > KIDS - JUNIOR MAINS; Firehouse Grill - Children's Meal Deal > TOTS MAINS; Firehouse Grill - Children's Meal Deal > JUNIOR MAINS
mac-and-cheese-firehouse-grill-kids-tots-mains,"Mac & Cheese (Firehouse Grill, kids, Tots mains)",Firehouse Grill: Kids' mains,,493,16.3,61.2,20.1,11.3,,1.4,4.7,2.3,2075,,,,,,vegetarian,false,false,,,Printed 'Mac & Cheese'; On: Firehouse Grill - Main Menu > KIDS - TOTS MAINS; Firehouse Grill - Children's Meal Deal > TOTS MAINS
cheesy-pasta-firehouse-grill,Cheesy Pasta (Firehouse Grill),Firehouse Grill: Kids' mains,,578,17.1,79.0,20.6,11.8,,2.3,1.9,4.2,2412,,,,,,vegetarian,false,false,,,Printed 'Cheesy Pasta'; On: Firehouse Grill - Main Menu > KIDS - TOTS MAINS; Firehouse Grill - Main Menu > KIDS - JUNIOR MAINS; Firehouse Grill - Children's Meal Deal > TOTS MAINS; Firehouse Grill - Children's Meal Deal > JUNIOR MAINS
3-chicken-wings-firehouse-grill-kids,"3 Chicken Wings (Firehouse Grill, kids)",Firehouse Grill: Kids' mains,,419,56.8,1.9,20.3,4.0,,3.7,0.0,0.8,1754,,,,,,,false,false,,,Printed '3 Chicken Wings'; On: Firehouse Grill - Main Menu > KIDS - JUNIOR MAINS; Firehouse Grill - Children's Meal Deal > JUNIOR MAINS
1-4-chicken-firehouse-grill-kids,"1/4 Chicken (Firehouse Grill, kids)",Firehouse Grill: Kids' mains,,480,65.5,0.6,23.7,5.1,,1.6,0.0,0.3,2008,,,,,,,false,false,,,Printed '1/4 Chicken'; On: Firehouse Grill - Main Menu > KIDS - JUNIOR MAINS; Firehouse Grill - Children's Meal Deal > JUNIOR MAINS
mac-and-cheese-firehouse-grill-kids-junior-mains,"Mac & Cheese (Firehouse Grill, kids, Junior mains)",Firehouse Grill: Kids' mains,,658,21.8,81.6,26.8,15.1,,1.8,6.2,3.1,2767,,,,,,vegetarian,false,false,,,Printed 'Mac & Cheese'; On: Firehouse Grill - Main Menu > KIDS - JUNIOR MAINS; Firehouse Grill - Children's Meal Deal > JUNIOR MAINS
skin-on-fries-firehouse-grill-kids,"Skin-On Fries (Firehouse Grill, kids)",Firehouse Grill: Kids' sides,,241,2.9,28.8,12.0,1.0,,0.3,0.5,3.1,1005,,,,,,vegetarian,false,false,,,Printed 'Skin-On Fries'; On: Firehouse Grill - Main Menu > KIDS - SIDES; Firehouse Grill - Children's Meal Deal > SIDES
spicy-skin-on-fries-firehouse-grill-kids,"Spicy Skin-On Fries (Firehouse Grill, kids)",Firehouse Grill: Kids' sides,,242,2.9,28.9,12.0,1.0,,0.9,0.6,3.2,1010,,,,,,vegetarian,false,false,,,Printed 'Spicy Skin-On Fries'; On: Firehouse Grill - Main Menu > KIDS - SIDES; Firehouse Grill - Children's Meal Deal > SIDES
garlic-bread-firehouse-grill-kids,"Garlic Bread (Firehouse Grill, kids)",Firehouse Grill: Kids' sides,,210,3.8,24.8,10.7,3.0,,0.6,1.4,0.0,880,,,,,,vegetarian,false,false,,,Printed 'Garlic Bread'; On: Firehouse Grill - Main Menu > KIDS - SIDES; Firehouse Grill - Children's Meal Deal > SIDES
cheesy-garlic-bread-firehouse-grill-kids,"Cheesy Garlic Bread (Firehouse Grill, kids)",Firehouse Grill: Kids' sides,,374,13.7,25.5,24.2,11.5,,1.3,1.5,0.0,1561,,,,,,vegetarian,false,false,,,Printed 'Cheesy Garlic Bread'; On: Firehouse Grill - Main Menu > KIDS - SIDES; Firehouse Grill - Children's Meal Deal > SIDES
grilled-corn-on-the-cob-firehouse-grill-kids,"Grilled Corn on the Cob (Firehouse Grill, kids)",Firehouse Grill: Kids' sides,,101,2.9,6.5,6.6,3.4,,0.1,1.8,1.3,421,,,,,,vegetarian,false,false,,,Printed 'Grilled Corn on the Cob'; On: Firehouse Grill - Main Menu > KIDS - SIDES; Firehouse Grill - Children's Meal Deal > SIDES
tenderstem-broccoli-firehouse-grill-kids-sides,"Tenderstem Broccoli (Firehouse Grill, kids, Sides)",Firehouse Grill: Kids' sides,,14,1.1,2.5,0.2,0.1,,0.0,0.6,1.1,59,,,,,,vegetarian,false,false,,,Printed 'Tenderstem Broccoli'; On: Firehouse Grill - Main Menu > KIDS - SIDES; Firehouse Grill - Children's Meal Deal > SIDES
cucumber-sticks,Cucumber Sticks,Firehouse Grill: Kids' sides,,8,0.5,1.1,0.1,0.0,,0.0,1.1,0.5,32,,,,,,vegetarian,false,false,,,On: Firehouse Grill - Main Menu > KIDS - SIDES; Firehouse Grill - Children's Meal Deal > SIDES; The Diner - Kiddos > SIDES
pip-organic-fruity-ice-lolly-apple,Pip Organic Fruity Ice Lolly - Apple,Firehouse Grill: Kids' desserts,,19,0.1,4.4,0.1,0.0,,0.0,4.4,0.3,79,,,,,,vegetarian,false,false,,,On: Firehouse Grill - Main Menu > KIDS - DESSERTS; Firehouse Grill - Children's Meal Deal > DESSERTS; The Beachcomber Inn - Children's Meal Deal > TOTS AND JUNIORS DESSERTS; The Diner - Kiddos > DESSERTS
pip-organic-fruity-ice-lolly-rainbow,Pip Organic Fruity Ice Lolly - Rainbow,Firehouse Grill: Kids' desserts,,19,0.0,4.5,0.0,0.0,,0.0,4.2,0.2,81,,,,,,vegetarian,false,false,,,On: Firehouse Grill - Main Menu > KIDS - DESSERTS; Firehouse Grill - Children's Meal Deal > DESSERTS; The Beachcomber Inn - Children's Meal Deal > TOTS AND JUNIORS DESSERTS; The Diner - Kiddos > DESSERTS
wibble-low-sugar-strawberry-jelly-pot,Wibble Low Sugar Strawberry Jelly Pot,Firehouse Grill: Kids' desserts,,25,0.0,6.8,0.0,0.0,,0.0,6.1,0.0,105,,,,,,vegetarian,false,false,,,Printed 'Wibble Low Sugar Strawberry Jelly Pot - NEW'; On: Firehouse Grill - Main Menu > KIDS - DESSERTS; Firehouse Grill - Children's Meal Deal > DESSERTS
salt-and-pepper-squid-beachcomber-inn-starters,"Salt & Pepper Squid (Beachcomber Inn, Starters)",Beachcomber Inn: Starters,,311,15.3,38.8,10.7,1.9,,2.1,14.4,1.0,1305,,,,,,,false,false,,,Printed 'Salt & Pepper Squid'; On: The Beachcomber Inn - Main Menu > STARTERS
buttermilk-chicken-goujons-beachcomber-inn-starters,"Buttermilk Chicken Goujons (Beachcomber Inn, Starters)",Beachcomber Inn: Starters,,488,24.5,55.7,17.9,1.5,,1.7,20.2,0.3,2034,,,,,,,false,false,,,Printed 'Buttermilk Chicken Goujons - WE LOVE'; On: The Beachcomber Inn - Main Menu > STARTERS
mozzarella-sticks-beachcomber-inn-starters,"Mozzarella Sticks (Beachcomber Inn, Starters)",Beachcomber Inn: Starters,,646,22.7,59.0,34.6,13.1,,3.3,24.4,1.3,2702,,,,,,vegetarian,false,false,,,Printed 'Mozzarella Sticks'; On: The Beachcomber Inn - Main Menu > STARTERS
breaded-garlic-mushrooms,Breaded Garlic Mushrooms,Beachcomber Inn: Starters,,510,7.4,34.8,37.2,3.7,,1.6,3.1,2.8,2130,,,,,,vegetarian,false,false,,,On: The Beachcomber Inn - Main Menu > STARTERS
moroccan-spiced-falafels-beachcomber-inn-starters,"Moroccan-Spiced Falafels (Beachcomber Inn, Starters)",Beachcomber Inn: Starters,,421,8.9,28.7,27.9,2.7,,2.0,11.9,10.2,1845,,,,,,vegetarian,false,false,,,Printed 'Moroccan-Spiced Falafels'; On: The Beachcomber Inn - Main Menu > STARTERS
bacon-and-cheese-potato-skins,Bacon & Cheese Potato Skins,Beachcomber Inn: Starters,,434,14.3,45.6,20.8,10.8,,0.8,3.7,3.8,1808,,,,,,contains_pork,false,false,,,On: The Beachcomber Inn - Main Menu > STARTERS
nachos,Nachos,Beachcomber Inn: Starters,,354,5.0,48.0,15.0,1.5,,0.9,0.6,3.0,1481,,,,,,vegetarian,false,false,,,On: The Beachcomber Inn - Main Menu > STARTERS
mexicana-loaded,Mexicana Loaded,Beachcomber Inn: Starters,,333,11.6,16.5,25.6,11.7,,2.1,5.8,2.9,1388,,,,,,vegetarian,false,false,,,Printed 'Mexicana Loaded - WE LOVE'; On: The Beachcomber Inn - Main Menu > STARTERS
vegan-mexicana-loaded,Vegan Mexicana Loaded,Beachcomber Inn: Starters,,196,1.9,15.4,15.2,6.9,,1.4,3.1,2.8,820,,,,,,vegetarian,false,false,,,Printed 'Vegan Mexicana Loaded - WE LOVE'; On: The Beachcomber Inn - Main Menu > STARTERS
caesar-salad-beachcomber-inn-salad,"Caesar Salad (Beachcomber Inn, Salad)",Beachcomber Inn: Salads,,350,10.6,12.3,27.8,6.2,,1.0,4.8,4.1,1467,,,,,,vegetarian,false,true,,,Printed 'Caesar Salad'; On: The Beachcomber Inn - Main Menu > SALAD
chargrilled-chicken-breast-beachcomber-inn,Chargrilled Chicken Breast (Beachcomber Inn),Beachcomber Inn: Build your own and add-ons,,204,35.0,4.6,4.8,1.0,,1.2,0.8,1.0,854,,,,,,,false,false,,,Printed 'Chargrilled Chicken Breast'; On: The Beachcomber Inn - Main Menu > SALAD; The Beachcomber Inn - Main Menu > BUILD YOUR OWN SUPER BOWL; The Beachcomber Inn - Main Menu > BURGERS
3-moroccan-spiced-falafels,3 Moroccan-Spiced Falafels,Beachcomber Inn: Build your own and add-ons,,193,3.2,13.3,13.0,1.2,,0.9,6.3,5.1,853,,,,,,vegetarian,false,false,,,On: The Beachcomber Inn - Main Menu > SALAD; The Beachcomber Inn - Main Menu > BUILD YOUR OWN SUPER BOWL
quorntm-chiqin-strips,Quorn™ ChiQin Strips,Beachcomber Inn: Build your own and add-ons,,315,14.4,20.4,19.0,1.6,,1.0,2.8,3.6,1312,,,,,,vegetarian,false,false,,,On: The Beachcomber Inn - Main Menu > SALAD; The Beachcomber Inn - Main Menu > BUILD YOUR OWN SUPER BOWL
5oz-chargrilled-rump-steak,5oz Chargrilled Rump Steak,Beachcomber Inn: Build your own and add-ons,,178,31.4,0.0,5.8,2.4,,0.4,0.0,0.0,745,,,,,,contains_beef,false,false,,,On: The Beachcomber Inn - Main Menu > SALAD; The Beachcomber Inn - Main Menu > BUILD YOUR OWN SUPER BOWL; The Diner - Main Menu > BUILD YOUR OWN COMBO > CHOOSE YOUR MAIN
garlic-bread-beachcomber-inn-the-diner,Garlic Bread (Beachcomber Inn / The Diner),Beachcomber Inn: Build your own and add-ons,,212,3.8,25.0,10.8,3.1,,0.6,1.4,0.0,889,,,,,,vegetarian,false,false,,,Printed 'Garlic Bread'; On: The Beachcomber Inn - Main Menu > PUB CLASSICS; The Beachcomber Inn - Children's Meal Deal > SIDES; The Diner - Kiddos > SIDES
white-bread-and-spread,White Bread & Spread,Beachcomber Inn: Build your own and add-ons,,296,9.6,49.0,6.5,1.3,,1.0,1.0,2.5,1250,,,,,,vegetarian,false,false,,,On: The Beachcomber Inn - Main Menu > PUB CLASSICS; The Beachcomber Inn - Light Bites > SANDWICHES
malted-brown-bread-and-spread,Malted Brown Bread & Spread,Beachcomber Inn: Build your own and add-ons,,295,9.5,49.0,6.0,1.2,,0.9,1.8,4.3,1249,,,,,,vegetarian,false,false,,,On: The Beachcomber Inn - Main Menu > PUB CLASSICS; The Beachcomber Inn - Light Bites > SANDWICHES
mac-and-cheese-beachcomber-inn-pub-classics,"Mac & Cheese (Beachcomber Inn, Pub classics)",Beachcomber Inn: Pub classics,,881,38.7,103.4,33.9,20.2,,3.8,8.2,3.9,3700,,,,,,vegetarian,false,true,,,Printed 'Mac & Cheese'; On: The Beachcomber Inn - Main Menu > PUB CLASSICS
non-gluten-containing-cheesy-pasta-ngci,Non-Gluten Containing Cheesy Pasta (NGCI),Beachcomber Inn: Pub classics,,780,30.0,83.6,35.3,21.1,,4.4,3.6,4.0,3253,,,,,,vegetarian,false,true,,,On: The Beachcomber Inn - Main Menu > PUB CLASSICS
hunters-chicken,Hunter's Chicken,Beachcomber Inn: Pub classics,,969,57.9,101.9,34.8,9.7,,4.9,30.0,11.4,4048,,,,,,contains_pork,false,true,,,On: The Beachcomber Inn - Main Menu > PUB CLASSICS
hand-battered-fish-and-chips,Hand-Battered Fish & Chips,Beachcomber Inn: Pub classics,,983,51.5,118.2,31.7,3.1,,4.2,13.6,12.3,4115,,,,,,,false,true,,,Printed 'Hand-Battered Fish & Chips - WE LOVE'; On: The Beachcomber Inn - Main Menu > PUB CLASSICS
steak-and-ale-pie,Steak & Ale Pie,Beachcomber Inn: Pub classics,,1140,35.9,145.2,43.8,18.6,,5.2,10.6,17.9,4770,,,,,,contains_beef,false,true,,,On: The Beachcomber Inn - Main Menu > PUB CLASSICS
bangers-and-mash,Bangers & Mash,Beachcomber Inn: Pub classics,,742,38.0,69.7,32.7,2.0,,5.0,5.4,14.0,3089,,,,,,contains_pork,false,true,,,On: The Beachcomber Inn - Main Menu > PUB CLASSICS
vegan-bangers-and-mash,Vegan Bangers & Mash,Beachcomber Inn: Pub classics,,876,54.9,105.6,22.3,4.3,,6.5,10.9,22.0,3668,,,,,,vegetarian,false,true,,,On: The Beachcomber Inn - Main Menu > PUB CLASSICS
ultimate-lasagne-feast,Ultimate Lasagne Feast,Beachcomber Inn: Pub classics,,1503,54.4,142.2,79.0,30.2,,5.5,12.8,8.0,6279,,,,,,contains_beef,false,true,,,On: The Beachcomber Inn - Main Menu > PUB CLASSICS
classic-lasagne,Classic Lasagne,Beachcomber Inn: Pub classics,,912,45.0,58.7,54.4,26.0,,3.8,10.1,4.8,3811,,,,,,contains_beef,false,true,,,On: The Beachcomber Inn - Main Menu > PUB CLASSICS
ultimate-mega-10oz-steak-feast,ULTIMATE Mega 10oz Steak Feast,Beachcomber Inn: Hot off the grill,,1439,83.1,110.2,71.7,13.1,,4.5,9.3,13.0,6000,,,,,,contains_beef,false,true,,,On: The Beachcomber Inn - Main Menu > HOT OFF THE GRILL
10oz-steak-and-chips,10oz Steak & Chips,Beachcomber Inn: Hot off the grill,,876,77.3,74.0,28.6,6.5,,2.9,5.9,11.2,3659,,,,,,contains_beef,false,true,,,On: The Beachcomber Inn - Main Menu > HOT OFF THE GRILL
simply-5oz-steak-and-chips,Simply 5oz Steak & Chips,Beachcomber Inn: Hot off the grill,,698,45.9,74.0,22.8,4.0,,2.5,5.9,11.2,2914,,,,,,contains_beef,false,true,,,On: The Beachcomber Inn - Main Menu > HOT OFF THE GRILL
gammon-and-pineapple,Gammon & Pineapple,Beachcomber Inn: Hot off the grill,,743,45.0,81.5,24.1,3.8,,6.1,13.4,11.7,3106,,,,,,contains_pork|contains_beef,false,true,,,Printed 'Gammon & Pineapple - NEW'; On: The Beachcomber Inn - Main Menu > HOT OFF THE GRILL
simply-chicken-and-chips,Simply Chicken & Chips,Beachcomber Inn: Hot off the grill,,767,49.7,91.6,20.5,2.5,,5.2,7.4,11.9,3206,,,,,,,false,true,,,On: The Beachcomber Inn - Main Menu > HOT OFF THE GRILL
peppercorn-sauce,Peppercorn Sauce,Beachcomber Inn: Sides,,71,0.6,4.1,5.7,3.8,,0.6,0.5,0.2,296,,,,,,vegetarian,false,false,,,On: The Beachcomber Inn - Main Menu > HOT OFF THE GRILL; The Beachcomber Inn - Main Menu > SIDES
onion-rings-beachcomber-inn-the-diner-hot-off-the-grill,"Onion Rings (Beachcomber Inn / The Diner, Hot off the grill)",Beachcomber Inn: Sides,,313,2.7,21.3,23.9,1.8,,0.6,1.9,0.8,1301,,,,,,vegetarian,false,false,,,Printed 'Onion Rings'; On: The Beachcomber Inn - Main Menu > HOT OFF THE GRILL; The Beachcomber Inn - Main Menu > BURGERS; The Beachcomber Inn - Children's Meal Deal > SIDES; The Diner - Main Menu > FROM THE GRILL
grilled-flat-mushroom,Grilled Flat Mushroom,Beachcomber Inn: Sides,,23,1.3,0.2,1.4,0.1,,0.1,0.2,0.4,94,,,,,,vegetarian,false,false,,,On: The Beachcomber Inn - Main Menu > HOT OFF THE GRILL; Fibre is printed higher than carbohydrate (UK carbohydrate excludes fibre)
tenderstem-broccoli-beachcomber-inn-hot-off-the-grill,"Tenderstem Broccoli (Beachcomber Inn, Hot off the grill)",Beachcomber Inn: Sides,,14,1.1,2.5,0.2,0.1,,0.5,0.6,1.1,59,,,,,,vegetarian,false,false,,,Printed 'Tenderstem Broccoli'; On: The Beachcomber Inn - Main Menu > HOT OFF THE GRILL; The Beachcomber Inn - Children's Meal Deal > SIDES
chips-beachcomber-inn-sides,"Chips (Beachcomber Inn, Sides)",Beachcomber Inn: Sides,,378,5.5,58.5,13.8,1.1,,1.0,1.3,3.2,1578,,,,,,vegetarian,false,false,,,Printed 'Chips'; On: The Beachcomber Inn - Main Menu > SIDES
cheesy-chips,Cheesy Chips,Beachcomber Inn: Sides,,482,11.7,58.9,22.4,6.5,,1.5,1.3,3.2,2008,,,,,,vegetarian,false,false,,,On: The Beachcomber Inn - Main Menu > SIDES
mashed-potato-beachcomber-inn,Mashed Potato (Beachcomber Inn),Beachcomber Inn: Sides,,238,5.2,48.9,2.3,0.8,,1.6,1.8,6.3,995,,,,,,vegetarian,false,false,,,Printed 'Mashed Potato'; On: The Beachcomber Inn - Main Menu > SIDES
onion-rings-beachcomber-inn-the-diner-sides,"Onion Rings (Beachcomber Inn / The Diner, Sides)",Beachcomber Inn: Sides,,938,8.0,63.8,71.8,5.4,,1.9,5.6,2.4,3903,,,,,,vegetarian,false,false,,,Printed 'Onion Rings'; On: The Beachcomber Inn - Main Menu > SIDES; The Diner - Main Menu > BUILD YOUR OWN COMBO > CHOOSE YOUR MAIN; The Diner - Main Menu > SIDES
tenderstem-broccoli-beachcomber-inn-sides,"Tenderstem Broccoli (Beachcomber Inn, Sides)",Beachcomber Inn: Sides,,28,2.1,5.0,0.3,0.2,,1.1,1.3,2.3,118,,,,,,vegetarian,false,false,,,Printed 'Tenderstem Broccoli'; On: The Beachcomber Inn - Main Menu > SIDES
side-salad,Side Salad,Beachcomber Inn: Sides,,59,1.9,5.2,3.0,0.2,,0.4,4.4,2.3,247,,,,,,vegetarian,false,false,,,On: The Beachcomber Inn - Main Menu > SIDES
coleslaw-beachcomber-inn-sides,"Coleslaw (Beachcomber Inn, Sides)",Beachcomber Inn: Sides,,139,0.6,4.6,13.0,1.1,,0.6,4.0,0.9,581,,,,,,vegetarian,false,false,,,Printed 'Coleslaw'; On: The Beachcomber Inn - Main Menu > SIDES; The Beachcomber Inn - Light Bites > JACKET POTATOES
garden-peas-beachcomber-inn,Garden Peas (Beachcomber Inn),Beachcomber Inn: Sides,,113,8.6,12.9,1.4,0.3,,0.0,3.8,7.1,471,,,,,,vegetarian,false,false,,,"Printed 'Garden Peas'; On: The Beachcomber Inn - Main Menu > SIDES; Printed calories (113) differ from the energy of the printed protein, carbs and fat (about 99 kcal) by 13% (the printed kJ agrees with the printed kcal)"
chips-beachcomber-inn-build-your-own-super-bowl,"Chips (Beachcomber Inn, Build your own super bowl)",Beachcomber Inn: Super bowl options,,413,6.6,65.5,14.1,1.2,,2.0,6.1,5.1,1725,,,,,,vegetarian,false,false,,,Printed 'Chips'; On: The Beachcomber Inn - Main Menu > BUILD YOUR OWN SUPER BOWL
fluffy-rice,Fluffy Rice,Beachcomber Inn: Super bowl options,,285,6.9,60.0,1.7,0.4,,1.0,4.8,3.1,1205,,,,,,vegetarian,false,false,,,On: The Beachcomber Inn - Main Menu > BUILD YOUR OWN SUPER BOWL
greens,Greens,Beachcomber Inn: Super bowl options,,295,9.9,32.8,12.7,2.1,,3.3,10.2,7.7,1235,,,,,,vegetarian,false,false,,,On: The Beachcomber Inn - Main Menu > BUILD YOUR OWN SUPER BOWL
tikka-masala,Tikka Masala,Beachcomber Inn: Super bowl options,,459,9.3,53.1,23.0,3.6,,3.4,31.1,4.9,1928,,,,,,vegetarian,false,false,,,On: The Beachcomber Inn - Main Menu > BUILD YOUR OWN SUPER BOWL
katsu-curry,Katsu Curry,Beachcomber Inn: Super bowl options,,95,2.3,16.3,2.4,0.3,,0.6,10.6,2.6,398,,,,,,vegetarian,false,false,,,On: The Beachcomber Inn - Main Menu > BUILD YOUR OWN SUPER BOWL
korean-bbq,Korean BBQ,Beachcomber Inn: Super bowl options,,189,2.1,43.0,0.2,0.0,,2.8,33.8,0.5,792,,,,,,vegetarian,false,false,,,On: The Beachcomber Inn - Main Menu > BUILD YOUR OWN SUPER BOWL
buffalo-beachcomber-inn,Buffalo (Beachcomber Inn),Beachcomber Inn: Super bowl options,,6,0.5,0.5,0.1,0.0,,1.3,0.3,0.3,23,,,,,,vegetarian,false,false,,,Printed 'Buffalo'; On: The Beachcomber Inn - Main Menu > BUILD YOUR OWN SUPER BOWL
plain-naan,Plain Naan,Beachcomber Inn: Super bowl options,,231,6.4,44.1,2.9,0.3,,0.8,0.5,1.9,967,,,,,,vegetarian,false,false,,,On: The Beachcomber Inn - Main Menu > BUILD YOUR OWN SUPER BOWL
add-2-onion-bhajis,Add 2 Onion Bhajis,Beachcomber Inn: Super bowl options,,166,3.8,13.7,9.9,1.3,,1.2,5.5,3.2,693,,,,,,vegetarian,false,false,,,On: The Beachcomber Inn - Main Menu > BUILD YOUR OWN SUPER BOWL
add-2-vegetable-samosas,Add 2 Vegetable Samosas,Beachcomber Inn: Super bowl options,,102,1.6,9.3,5.5,0.6,,0.4,3.4,1.5,424,,,,,,vegetarian,false,false,,,On: The Beachcomber Inn - Main Menu > BUILD YOUR OWN SUPER BOWL
ultimate-mega-stack-burger,Ultimate Mega Stack Burger,Beachcomber Inn: Burgers,,1984,105.5,164.2,99.9,24.1,,10.5,25.7,8.5,8285,,,,,,contains_pork|contains_beef,false,true,,,On: The Beachcomber Inn - Main Menu > BURGERS
bbq-brisket-beef-burger,BBQ Brisket Beef Burger,Beachcomber Inn: Burgers,,1517,58.4,122.1,86.9,17.8,,6.5,11.5,8.1,6339,,,,,,contains_beef,false,true,,,On: The Beachcomber Inn - Main Menu > BURGERS
classic-beef-burger-beachcomber-inn,Classic Beef Burger (Beachcomber Inn),Beachcomber Inn: Burgers,,783,29.4,94.4,31.6,8.6,,3.3,6.1,6.4,3270,,,,,,contains_beef,false,true,,,Printed 'Classic Beef Burger'; On: The Beachcomber Inn - Main Menu > BURGERS
classic-chicken-burger-beachcomber-inn,Classic Chicken Burger (Beachcomber Inn),Beachcomber Inn: Burgers,,747,46.4,93.4,20.3,2.4,,2.8,5.8,6.9,3122,,,,,,,false,true,,,Printed 'Classic Chicken Burger'; On: The Beachcomber Inn - Main Menu > BURGERS
the-classic-vegan-burger-ve,The Classic Vegan Burger (Ve),Beachcomber Inn: Burgers,,837,20.5,109.7,34.2,7.7,,3.4,5.5,8.7,3491,,,,,,vegetarian,false,true,,,On: The Beachcomber Inn - Main Menu > BURGERS
cheesy-bacon-beef-burger,Cheesy Bacon Beef Burger,Beachcomber Inn: Burger extras,,1707,75.4,124.2,101.0,32.1,,9.8,10.8,8.0,7129,,,,,,contains_pork|contains_beef,false,false,,,Printed 'Cheesy Bacon Beef Burger - WE LOVE'; On: The Beachcomber Inn - Main Menu > BURGERS
korean-bbq-chicken-burger,Korean BBQ Chicken Burger,Beachcomber Inn: Burger extras,,1316,38.8,158.7,57.3,4.7,,4.7,19.0,7.3,5488,,,,,,,false,false,,,Printed 'Korean BBQ Chicken Burger - WE LOVE'; On: The Beachcomber Inn - Main Menu > BURGERS
korean-bbq-quorntm-chiqin-burger,Korean BBQ Quorn™ ChiQin Burger,Beachcomber Inn: Burger extras,,1234,29.2,144.6,58.6,4.8,,4.5,21.0,10.9,5148,,,,,,vegetarian,false,false,,,Printed 'Korean BBQ Quorn™ ChiQin Burger - WE LOVE'; On: The Beachcomber Inn - Main Menu > BURGERS
beef-patty,Beef Patty,Beachcomber Inn: Burger extras,,240,18.0,5.7,16.2,7.2,,1.7,1.0,0.6,1002,,,,,,contains_beef,false,false,,,On: The Beachcomber Inn - Main Menu > BURGERS
add-green-oat-patty-ve,Add Green Oat Patty (Ve),Beachcomber Inn: Burger extras,,294,9.0,20.9,18.7,6.3,,1.8,0.4,2.9,1223,,,,,,vegetarian,false,false,,,On: The Beachcomber Inn - Main Menu > BURGERS
2-bacon-rashers,2 Bacon Rashers,Beachcomber Inn: Burger extras,,181,14.3,0.0,14.3,5.2,,3.2,0.0,0.0,757,,,,,,contains_pork,false,false,,,On: The Beachcomber Inn - Main Menu > BURGERS
mozzarella-sticks-beachcomber-inn-burgers,"Mozzarella Sticks (Beachcomber Inn, Burgers)",Beachcomber Inn: Burger extras,,254,6.8,10.3,20.3,4.6,,0.6,0.7,0.4,1055,,,,,,vegetarian,false,false,,,Printed 'Mozzarella Sticks'; On: The Beachcomber Inn - Main Menu > BURGERS
cheddar-cheese-slice,Cheddar Cheese Slice,Beachcomber Inn: Burger extras,,83,5.1,0.0,7.0,4.3,,0.3,0.0,0.0,348,,,,,,vegetarian,false,false,,,On: The Beachcomber Inn - Main Menu > BURGERS; The Beachcomber Inn - Children's Meal Deal > JUNIOR MAIN COURSES
vanilla-cheesecake,Vanilla Cheesecake,Beachcomber Inn: Desserts,,566,6.1,58.1,33.3,19.1,,0.5,39.3,1.2,2371,,,,,,vegetarian,false,false,,,On: The Beachcomber Inn - Main Menu > DESSERTS
warm-chocolate-brownie-beachcomber-inn,Warm Chocolate Brownie (Beachcomber Inn),Beachcomber Inn: Desserts,,668,5.7,96.0,28.5,17.1,,0.2,70.6,4.1,2796,,,,,,vegetarian,false,false,,,Printed 'Warm Chocolate Brownie'; On: The Beachcomber Inn - Main Menu > DESSERTS
vegan-warm-chocolate-brownie-beachcomber-inn,Vegan Warm Chocolate Brownie (Beachcomber Inn),Beachcomber Inn: Desserts,,809,5.5,108.3,38.4,30.7,,0.2,71.9,3.9,3385,,,,,,vegetarian,false,false,,,Printed 'Vegan Warm Chocolate Brownie'; On: The Beachcomber Inn - Main Menu > DESSERTS
sticky-toffee-pudding,Sticky Toffee Pudding,Beachcomber Inn: Desserts,,488,2.7,82.0,16.0,8.8,,0.7,65.9,1.6,2051,,,,,,vegetarian,false,false,,,On: The Beachcomber Inn - Main Menu > DESSERTS
caramel-apple-crumble,Caramel Apple Crumble,Beachcomber Inn: Desserts,,545,6.4,91.9,15.7,6.4,,0.3,44.6,5.8,2284,,,,,,vegetarian,false,false,,,On: The Beachcomber Inn - Main Menu > DESSERTS
custard,Custard,Beachcomber Inn: Desserts,,97,2.9,15.4,2.7,1.4,,0.1,11.6,0.2,408,,,,,,vegetarian,false,false,,,On: The Beachcomber Inn - Main Menu > DESSERTS
lotus-biscoff-sundae,Lotus Biscoff® Sundae,Beachcomber Inn: Desserts,,994,6.4,119.3,53.9,31.2,,0.8,84.3,0.9,4152,,,,,,vegetarian,false,false,,,Printed 'Lotus Biscoff® Sundae - NEW'; On: The Beachcomber Inn - Main Menu > DESSERTS
raspberry-ripple-sundae-beachcomber-inn,Raspberry Ripple Sundae (Beachcomber Inn),Beachcomber Inn: Desserts,,516,2.2,74.2,23.2,19.2,,0.2,57.4,0.4,2153,,,,,,vegetarian,false,false,,,Printed 'Raspberry Ripple Sundae - NEW'; On: The Beachcomber Inn - Main Menu > DESSERTS
sweet-shop-sundae-beachcomber-inn,Sweet Shop Sundae (Beachcomber Inn),Beachcomber Inn: Desserts,,732,4.3,111.2,28.1,23.6,,0.3,83.4,0.2,3061,,,,,,,false,false,,,Printed 'Sweet Shop Sundae'; On: The Beachcomber Inn - Main Menu > DESSERTS
chocolate-dream-sundae-beachcomber-inn,Chocolate Dream Sundae (Beachcomber Inn),Beachcomber Inn: Desserts,,943,6.5,129.5,43.6,31.8,,0.5,96.7,2.5,3941,,,,,,vegetarian,false,false,,,Printed 'Chocolate Dream Sundae'; On: The Beachcomber Inn - Main Menu > DESSERTS
plain-ice-cream-sundae-beachcomber-inn,Plain Ice Cream Sundae (Beachcomber Inn),Beachcomber Inn: Desserts,,415,1.4,57.6,19.4,17.5,,0.2,43.2,0.0,1728,,,,,,vegetarian,false,false,,,Printed 'Plain Ice Cream Sundae'; On: The Beachcomber Inn - Main Menu > DESSERTS
heinz-tomato-ketchup-ve-ngci,Heinz Tomato Ketchup (VE NGCI),Beachcomber Inn: Sauces,Per dispense,10,0.1,2.3,0.0,0.0,,0.2,2.3,0.0,44,,,,,,vegetarian,false,false,,,On: The Beachcomber Inn - Main Menu > SAUCE PUMPS; The Beachcomber Inn - Children's Meal Deal > SAUCE PUMPS; The Beachcomber Inn - Light Bites > SAUCE PUMPS; Restaurants - Buffet Breakfast > CONDIMENTS; The Diner - Main Menu > SAUCE PUMPS; The Diner - Kiddos > SAUCE PUMPS
heinz-mayonnaise-v-ngci,Heinz Mayonnaise (V NGCI),Beachcomber Inn: Sauces,Per dispense,66,0.1,0.3,7.2,0.5,,0.1,0.3,0.0,272,,,,,,vegetarian,false,false,,,On: The Beachcomber Inn - Main Menu > SAUCE PUMPS; The Beachcomber Inn - Children's Meal Deal > SAUCE PUMPS; The Beachcomber Inn - Light Bites > SAUCE PUMPS; Restaurants - Buffet Breakfast > CONDIMENTS; The Diner - Main Menu > SAUCE PUMPS; The Diner - Kiddos > SAUCE PUMPS
heinz-english-mustard-ve-ngci,Heinz English Mustard (VE NGCI),Beachcomber Inn: Sauces,Per dispense,8,0.5,0.7,0.4,0.1,,0.4,0.5,0.3,34,,,,,,vegetarian,false,false,,,On: The Beachcomber Inn - Main Menu > SAUCE PUMPS; The Beachcomber Inn - Children's Meal Deal > SAUCE PUMPS; The Beachcomber Inn - Light Bites > SAUCE PUMPS; Restaurants - Buffet Breakfast > CONDIMENTS; The Diner - Main Menu > SAUCE PUMPS; The Diner - Kiddos > SAUCE PUMPS
semi-skimmed-milk,Semi skimmed milk,Beachcomber Inn: Milk alternatives,Per cup,54,4.1,5.4,1.8,1.1,,0.1,5.4,0.0,227,,,,,,vegetarian,false,false,,,On: The Beachcomber Inn - Main Menu > MILK ALTERNATIVES; The Beachcomber Inn - Children's Meal Deal > MILK ALTERNATIVES; The Beachcomber Inn - Light Bites > MILK ALTERNATIVES; The Diner - Main Menu > MILK ALTERNATIVES; The Diner - Kiddos > MILK ALTERNATIVES
soya-drink-beachcomber-inn-the-diner,Soya Drink (Beachcomber Inn / The Diner),Beachcomber Inn: Milk alternatives,Per cup,38,3.9,0.0,2.2,0.4,,0.0,0.0,0.7,156,,,,,,vegetarian,false,false,,,Printed 'Soya Drink'; On: The Beachcomber Inn - Main Menu > MILK ALTERNATIVES; The Beachcomber Inn - Children's Meal Deal > MILK ALTERNATIVES; The Beachcomber Inn - Light Bites > MILK ALTERNATIVES; The Diner - Main Menu > MILK ALTERNATIVES; The Diner - Kiddos > MILK ALTERNATIVES; Fibre is printed higher than carbohydrate (UK carbohydrate excludes fibre)
almond-drink,Almond Drink,Beachcomber Inn: Milk alternatives,Per cup,18,0.6,0.0,1.3,0.1,,0.2,0.0,0.4,72,,,,,,vegetarian,false,false,,,On: The Beachcomber Inn - Main Menu > MILK ALTERNATIVES; The Beachcomber Inn - Children's Meal Deal > MILK ALTERNATIVES; The Beachcomber Inn - Light Bites > MILK ALTERNATIVES; The Diner - Main Menu > MILK ALTERNATIVES; The Diner - Kiddos > MILK ALTERNATIVES; Fibre is printed higher than carbohydrate (UK carbohydrate excludes fibre)
2-buttermilk-chicken-goujons-beachcomber-inn-the-diner,2 Buttermilk Chicken Goujons (Beachcomber Inn / The Diner),Beachcomber Inn: Kids' mains,,293,16.0,23.0,15.1,1.2,,0.8,0.5,0.0,1219,,,,,,,false,false,,,Printed '2 Buttermilk Chicken Goujons'; On: The Beachcomber Inn - Children's Meal Deal > TOTS MAIN COURSES; The Diner - Kiddos > KIDDOS - TOTS
2-fish-goujons,2 Fish Goujons,Beachcomber Inn: Kids' mains,,229,9.1,11.2,16.3,1.2,,0.6,0.4,0.4,951,,,,,,,false,false,,,On: The Beachcomber Inn - Children's Meal Deal > TOTS MAIN COURSES
1-sausage,1 Sausage,Beachcomber Inn: Kids' mains,,132,9.4,1.0,9.8,0.3,,0.6,0.2,1.3,548,,,,,,contains_pork,false,false,,,On: The Beachcomber Inn - Children's Meal Deal > TOTS MAIN COURSES; Fibre is printed higher than carbohydrate (UK carbohydrate excludes fibre)
1-vegan-sausage,1 Vegan Sausage,Beachcomber Inn: Kids' mains,,177,15.0,13.0,6.3,1.1,,1.2,2.0,4.0,741,,,,,,vegetarian,false,false,,,On: The Beachcomber Inn - Children's Meal Deal > TOTS MAIN COURSES
mac-and-cheese-beachcomber-inn-kids-tots-main-courses,"Mac & Cheese (Beachcomber Inn, kids, Tots main courses)",Beachcomber Inn: Kids' mains,,441,19.3,51.7,17.0,10.1,,1.9,4.1,1.9,1850,,,,,,vegetarian,false,false,,,Printed 'Mac & Cheese'; On: The Beachcomber Inn - Children's Meal Deal > TOTS MAIN COURSES; The Beachcomber Inn - Children's Meal Deal > JUNIOR MAIN COURSES
cheesy-pasta-beachcomber-inn,Cheesy Pasta (Beachcomber Inn),Beachcomber Inn: Kids' mains,,390,15.0,41.8,17.6,10.5,,2.2,1.8,2.0,1626,,,,,,vegetarian,false,false,,,Printed 'Cheesy Pasta'; On: The Beachcomber Inn - Children's Meal Deal > TOTS MAIN COURSES; The Beachcomber Inn - Children's Meal Deal > JUNIOR MAIN COURSES
grated-mature-cheddar-cheese,Grated Mature Cheddar Cheese,Beachcomber Inn: Kids' mains,,104,6.2,0.5,8.6,5.3,,0.5,0.0,0.0,430,,,,,,vegetarian,false,false,,,On: The Beachcomber Inn - Children's Meal Deal > TOTS MAIN COURSES; The Beachcomber Inn - Children's Meal Deal > JUNIOR MAIN COURSES; The Beachcomber Inn - Light Bites > JACKET POTATOES
classic-beef-burger-beachcomber-inn-kids,"Classic Beef Burger (Beachcomber Inn, kids)",Beachcomber Inn: Kids' mains,,342,24.2,33.6,11.7,4.6,,2.3,4.1,3.1,1431,,,,,,contains_beef,false,false,,,Printed 'Classic Beef Burger'; On: The Beachcomber Inn - Children's Meal Deal > JUNIOR MAIN COURSES
classic-chicken-burger-beachcomber-inn-kids,"Classic Chicken Burger (Beachcomber Inn, kids)",Beachcomber Inn: Kids' mains,,267,23.4,32.6,4.1,0.8,,1.2,4.2,3.1,1116,,,,,,,false,false,,,Printed 'Classic Chicken Burger'; On: The Beachcomber Inn - Children's Meal Deal > JUNIOR MAIN COURSES
margherita-pizza,Margherita Pizza,Beachcomber Inn: Kids' mains,,494,21.1,84.1,10.0,5.3,,1.3,5.5,5.5,2094,,,,,,vegetarian,false,false,,,Printed 'Margherita Pizza - NEW'; On: The Beachcomber Inn - Children's Meal Deal > JUNIOR MAIN COURSES
2-sausages,2 Sausages,Beachcomber Inn: Kids' mains,,264,18.7,2.0,19.5,0.7,,1.2,0.3,2.6,1096,,,,,,contains_pork,false,false,,,On: The Beachcomber Inn - Children's Meal Deal > JUNIOR MAIN COURSES; Fibre is printed higher than carbohydrate (UK carbohydrate excludes fibre)
2-vegan-sausages,2 Vegan Sausages,Beachcomber Inn: Kids' mains,,354,30.0,26.0,12.6,2.2,,2.3,4.0,8.0,1482,,,,,,vegetarian,false,false,,,On: The Beachcomber Inn - Children's Meal Deal > JUNIOR MAIN COURSES
3-fish-goujons,3 Fish Goujons,Beachcomber Inn: Kids' mains,,343,13.7,16.8,24.4,1.8,,0.9,0.6,0.6,1427,,,,,,,false,false,,,On: The Beachcomber Inn - Children's Meal Deal > JUNIOR MAIN COURSES
chips-beachcomber-inn-kids-sides,"Chips (Beachcomber Inn, kids, Sides)",Beachcomber Inn: Kids' sides,,189,2.8,29.2,6.9,0.6,,0.5,0.6,1.6,789,,,,,,vegetarian,false,false,,,Printed 'Chips'; On: The Beachcomber Inn - Children's Meal Deal > SIDES
cheesy-garlic-bread-beachcomber-inn-kids,"Cheesy Garlic Bread (Beachcomber Inn, kids)",Beachcomber Inn: Kids' sides,,378,13.8,25.7,24.5,11.6,,1.3,1.5,0.0,1577,,,,,,vegetarian,false,false,,,Printed 'Cheesy Garlic Bread'; On: The Beachcomber Inn - Children's Meal Deal > SIDES
mashed-potato-beachcomber-inn-kids,"Mashed Potato (Beachcomber Inn, kids)",Beachcomber Inn: Kids' sides,,119,2.6,24.5,1.2,0.4,,0.8,0.9,3.1,497,,,,,,vegetarian,false,false,,,Printed 'Mashed Potato'; On: The Beachcomber Inn - Children's Meal Deal > SIDES
baked-beans-beachcomber-inn-kids,"Baked Beans (Beachcomber Inn, kids)",Beachcomber Inn: Kids' sides,,43,2.1,7.2,0.2,0.0,,0.4,2.8,1.9,181,,,,,,vegetarian,false,false,,,Printed 'Baked Beans'; On: The Beachcomber Inn - Children's Meal Deal > SIDES
garden-peas-beachcomber-inn-kids,"Garden Peas (Beachcomber Inn, kids)",Beachcomber Inn: Kids' sides,,56,4.3,6.5,0.7,0.2,,0.0,1.9,3.5,236,,,,,,vegetarian,false,false,,,"Printed 'Garden Peas'; On: The Beachcomber Inn - Children's Meal Deal > SIDES; Printed calories (56) differ from the energy of the printed protein, carbs and fat (about 50 kcal) by 12% (the printed kJ agrees with the printed kcal)"
coleslaw-beachcomber-inn-kids-sides,"Coleslaw (Beachcomber Inn, kids, Sides)",Beachcomber Inn: Kids' sides,,92,0.4,3.0,8.6,0.7,,0.4,2.6,0.6,383,,,,,,vegetarian,false,false,,,Printed 'Coleslaw'; On: The Beachcomber Inn - Children's Meal Deal > SIDES
warm-chocolate-brownie-beachcomber-inn-kids,"Warm Chocolate Brownie (Beachcomber Inn, kids)",Beachcomber Inn: Kids' desserts,,356,2.9,50.6,15.5,9.7,,0.1,37.0,2.0,1489,,,,,,vegetarian,false,false,,,Printed 'Warm Chocolate Brownie'; On: The Beachcomber Inn - Children's Meal Deal > TOTS AND JUNIORS DESSERTS
sweet-shop-sundae-beachcomber-inn-kids,"Sweet Shop Sundae (Beachcomber Inn, kids)",Beachcomber Inn: Kids' desserts,,483,2.8,73.4,18.5,15.6,,0.2,55.1,0.1,2020,,,,,,,false,false,,,Printed 'Sweet Shop Sundae'; On: The Beachcomber Inn - Children's Meal Deal > SUNDAES
chocolate-dream-sundae-beachcomber-inn-kids,"Chocolate Dream Sundae (Beachcomber Inn, kids)",Beachcomber Inn: Kids' desserts,,623,4.3,85.5,28.7,21.0,,0.3,63.8,1.7,2601,,,,,,vegetarian,false,false,,,Printed 'Chocolate Dream Sundae'; On: The Beachcomber Inn - Children's Meal Deal > SUNDAES
biscoff-sundae,Biscoff Sundae,Beachcomber Inn: Kids' desserts,,656,4.2,78.7,35.6,20.6,,0.5,55.7,0.6,2740,,,,,,vegetarian,false,false,,,On: The Beachcomber Inn - Children's Meal Deal > SUNDAES
raspberry-ripple-sundae-beachcomber-inn-kids,"Raspberry Ripple Sundae (Beachcomber Inn, kids)",Beachcomber Inn: Kids' desserts,,341,1.5,49.0,15.3,12.7,,0.2,37.9,0.3,1421,,,,,,vegetarian,false,false,,,Printed 'Raspberry Ripple Sundae'; On: The Beachcomber Inn - Children's Meal Deal > SUNDAES
plain-ice-cream-sundae-beachcomber-inn-kids,"Plain Ice Cream Sundae (Beachcomber Inn, kids)",Beachcomber Inn: Kids' desserts,,274,1.0,38.0,12.8,11.6,,0.2,28.5,0.0,1140,,,,,,vegetarian,false,false,,,Printed 'Plain Ice Cream Sundae'; On: The Beachcomber Inn - Children's Meal Deal > SUNDAES
plain-jacket-potato,Plain Jacket Potato,Beachcomber Inn: Jacket potatoes,,315,6.4,52.2,10.2,0.7,,1.0,1.8,4.2,1312,,,,,,vegetarian,false,true,,,On: The Beachcomber Inn - Light Bites > JACKET POTATOES
jacket-potato-with-butter,Jacket Potato with Butter,Beachcomber Inn: Jacket potatoes,,406,6.5,52.3,20.3,7.2,,1.3,1.9,4.2,1688,,,,,,vegetarian,false,true,,,On: The Beachcomber Inn - Light Bites > JACKET POTATOES
jacket-potato-with-sunflower-spread,Jacket Potato with Sunflower Spread,Beachcomber Inn: Jacket potatoes,,400,6.4,52.2,19.6,2.9,,1.3,1.8,4.2,1662,,,,,,vegetarian,false,true,,,On: The Beachcomber Inn - Light Bites > JACKET POTATOES
jacket-potato-with-grated-mature-cheddar-cheese,Jacket Potato with Grated Mature Cheddar Cheese,Beachcomber Inn: Jacket potatoes,,572,16.4,53.1,34.0,15.7,,2.0,1.9,4.2,2376,,,,,,vegetarian,false,true,,,On: The Beachcomber Inn - Light Bites > JACKET POTATOES
jacket-potato-with-violife-grated,Jacket Potato with Violife Grated,Beachcomber Inn: Jacket potatoes,,522,6.4,61.0,29.2,11.3,,1.9,1.8,4.2,2168,,,,,,vegetarian,false,true,,,On: The Beachcomber Inn - Light Bites > JACKET POTATOES
jacket-potato-with-baked-beans,Jacket Potato with Baked Beans,Beachcomber Inn: Jacket potatoes,,503,11.4,69.6,20.2,3.0,,2.1,8.4,8.6,2096,,,,,,vegetarian,false,true,,,On: The Beachcomber Inn - Light Bites > JACKET POTATOES
jacket-potato-with-tuna-mayo,Jacket Potato with Tuna Mayo,Beachcomber Inn: Jacket potatoes,,626,24.0,53.0,36.5,7.7,,2.8,2.3,4.3,2605,,,,,,,false,true,,,On: The Beachcomber Inn - Light Bites > JACKET POTATOES
baked-beans-beachcomber-inn,Baked Beans (Beachcomber Inn),Beachcomber Inn: Jacket potato toppings,,86,4.2,14.5,0.4,0.1,,0.7,5.5,3.7,362,,,,,,vegetarian,false,false,,,Printed 'Baked Beans.'; On: The Beachcomber Inn - Light Bites > JACKET POTATOES
violife-grated,Violife Grated,Beachcomber Inn: Jacket potato toppings,,76,0.0,5.5,6.0,5.3,,0.4,0.0,0.0,317,,,,,,vegetarian,false,false,,,On: The Beachcomber Inn - Light Bites > JACKET POTATOES
tuna-mayo-and-cucumber,Tuna Mayo & Cucumber,Beachcomber Inn: Light bites,,505,21.8,44.7,26.6,1.4,,2.3,1.5,2.7,2108,,,,,,,false,true,,,On: The Beachcomber Inn - Light Bites > SANDWICHES
ham-and-cheese,Ham & Cheese,Beachcomber Inn: Light bites,,690,38.0,45.3,39.3,17.9,,4.1,1.1,2.5,2872,,,,,,contains_pork,false,true,,,On: The Beachcomber Inn - Light Bites > SANDWICHES
cheese-and-tomato,Cheese & Tomato,Beachcomber Inn: Light bites,,605,23.2,47.1,36.2,16.9,,2.2,1.9,3.0,2516,,,,,,vegetarian,false,true,,,On: The Beachcomber Inn - Light Bites > SANDWICHES
violife-and-tomato,Violife & Tomato,Beachcomber Inn: Light bites,,413,4.5,54.5,19.7,8.9,,1.7,1.8,3.2,1719,,,,,,vegetarian,false,true,,,On: The Beachcomber Inn - Light Bites > SANDWICHES
fish-finger-sandwich-white-bread,Fish Finger Sandwich - White Bread,Beachcomber Inn: Light bites,,913,30.3,117.3,35.4,3.7,,3.4,6.7,6.1,3833,,,,,,,false,true,,,On: The Beachcomber Inn - Light Bites > SANDWICHES
fish-finger-sandwich-malted-brown-bread,Fish Finger Sandwich - Malted Brown Bread,Beachcomber Inn: Light bites,,912,30.2,117.3,34.9,3.6,,3.4,7.5,7.9,3832,,,,,,,false,true,,,On: The Beachcomber Inn - Light Bites > SANDWICHES
tuna-mayo-melt,Tuna Mayo Melt,Beachcomber Inn: Light bites,,950,39.1,106.9,39.9,7.8,,4.4,2.1,6.5,3968,,,,,,,false,true,,,On: The Beachcomber Inn - Light Bites > BAGUETTES
blt-baguette,BLT Baguette,Beachcomber Inn: Light bites,,927,37.4,113.2,36.1,9.5,,7.2,3.4,7.8,3877,,,,,,contains_pork,false,true,,,On: The Beachcomber Inn - Light Bites > BAGUETTES
moroccan-spiced-falafels-beachcomber-inn-flatbreads,"Moroccan Spiced Falafels (Beachcomber Inn, Flatbreads)",Beachcomber Inn: Light bites,,669,17.3,91.5,24.6,2.5,,2.2,13.4,11.9,2869,,,,,,vegetarian,false,true,,,Printed 'Moroccan Spiced Falafels'; On: The Beachcomber Inn - Light Bites > FLATBREADS
buttermilk-chicken-goujons-beachcomber-inn-flatbreads,"Buttermilk Chicken Goujons (Beachcomber Inn, Flatbreads)",Beachcomber Inn: Light bites,,883,34.1,129.0,25.3,2.2,,2.4,29.5,3.6,3687,,,,,,,false,true,,,Printed 'Buttermilk Chicken Goujons - WE LOVE'; On: The Beachcomber Inn - Light Bites > FLATBREADS
roast-turkey-breast,Roast Turkey Breast,Beachcomber Inn: Carvery,Per serving,181,35.9,0.4,3.9,0.6,,0.8,0.0,0.2,757,,,,,,,false,false,,,On: The Beachcomber Inn - Carvery > BUFFET - CARVERY
roast-topside-of-beef,Roast Topside of Beef,Beachcomber Inn: Carvery,Per serving,353,35.1,0.5,23.4,7.6,,1.3,0.0,0.2,1475,,,,,,contains_beef,false,false,,,On: The Beachcomber Inn - Carvery > BUFFET - CARVERY
roast-pork-leg,Roast Pork Leg,Beachcomber Inn: Carvery,Per serving,347,20.5,0.1,29.5,9.5,,0.6,0.0,0.0,1451,,,,,,contains_pork,false,false,,,On: The Beachcomber Inn - Carvery > BUFFET - CARVERY
sticky-glazed-roast-gammon,Sticky Glazed Roast Gammon,Beachcomber Inn: Carvery,Per 2 slices,342,45.8,18.1,9.7,3.8,,6.1,14.7,0.2,1431,,,,,,contains_pork,false,false,,,On: The Beachcomber Inn - Carvery > BUFFET - CARVERY
vegan-non-gluten-containing-mushroom-bourguignon-pie,Vegan Non-Gluten Containing Mushroom Bourguignon Pie,Beachcomber Inn: Carvery,Per pie,589,7.4,46.2,39.6,13.8,,1.4,1.8,6.0,2463,,,,,,vegetarian,false,false,,,On: The Beachcomber Inn - Carvery > BUFFET - CARVERY
yorkshire-pudding,Yorkshire Pudding,Beachcomber Inn: Carvery,Per pudding,31,1.1,4.9,0.7,0.1,,0.1,0.3,0.5,133,,,,,,vegetarian,false,false,,,On: The Beachcomber Inn - Carvery > BUFFET - CARVERY
roast-potatoes,Roast Potatoes,Beachcomber Inn: Carvery,Per spoon,342,6.5,44.2,15.7,1.2,,1.6,1.5,6.1,1424,,,,,,vegetarian,false,false,,,On: The Beachcomber Inn - Carvery > BUFFET - CARVERY
roast-potatoes-with-garlic-and-rosemary,Roast Potatoes with Garlic & Rosemary,Beachcomber Inn: Carvery,Per spoon,318,5.5,42.5,15.0,1.0,,1.0,1.8,4.9,1333,,,,,,vegetarian,false,false,,,On: The Beachcomber Inn - Carvery > BUFFET - CARVERY
new-potatoes,New Potatoes,Beachcomber Inn: Carvery,Per spoon,162,3.8,31.1,3.2,0.7,,0.8,1.1,2.6,679,,,,,,vegetarian,false,false,,,On: The Beachcomber Inn - Carvery > BUFFET - CARVERY
mashed-potato-ve-ngci,Mashed Potato (VE NGCI),Beachcomber Inn: Carvery,,80,1.7,16.2,0.9,0.3,,0.6,0.6,2.1,334,,,,,,vegetarian,false,false,,,On: The Beachcomber Inn - Carvery > BUFFET - CARVERY
mashed-carrot-and-swede,Mashed Carrot and Swede,Beachcomber Inn: Carvery,Per spoon,42,0.7,5.1,1.7,0.4,,0.8,3.9,2.4,174,,,,,,vegetarian,false,false,,,On: The Beachcomber Inn - Carvery > BUFFET - CARVERY
honey-roasted-parsnips,Honey Roasted Parsnips,Beachcomber Inn: Carvery,Per tong,170,2.1,18.7,8.4,2.1,,0.3,10.6,5.2,710,,,,,,vegetarian,false,false,,,On: The Beachcomber Inn - Carvery > BUFFET - CARVERY
baby-carrots,Baby Carrots,Beachcomber Inn: Carvery,Per tong,52,0.6,4.7,2.8,0.7,,0.4,3.4,2.8,218,,,,,,vegetarian,false,false,,,"On: The Beachcomber Inn - Carvery > BUFFET - CARVERY; Printed calories (52) differ from the energy of the printed protein, carbs and fat (about 46 kcal) by 11% (the printed kJ agrees with the printed kcal)"
cauliflower-cheese-v,Cauliflower Cheese (V),Beachcomber Inn: Carvery,Per spoon,287,14.0,8.9,22.1,13.0,,2.1,3.3,1.5,1194,,,,,,vegetarian,false,false,,,Printed '.Cauliflower Cheese (V)'; On: The Beachcomber Inn - Carvery > BUFFET - CARVERY
glazed-savoy-cabbage,Glazed Savoy Cabbage,Beachcomber Inn: Carvery,Per spoon,34,1.4,3.5,1.7,0.4,,0.2,3.3,2.0,144,,,,,,vegetarian,false,false,,,On: The Beachcomber Inn - Carvery > BUFFET - CARVERY
roast-root-vegetables,Roast Root Vegetables,Beachcomber Inn: Carvery,Per spoon,58,0.8,5.0,3.9,0.3,,0.7,4.4,1.9,239,,,,,,vegetarian,false,false,,,On: The Beachcomber Inn - Carvery > BUFFET - CARVERY
peas,Peas,Beachcomber Inn: Carvery,Per spoon,80,5.6,8.6,1.5,0.4,,0.8,2.4,4.7,334,,,,,,vegetarian,false,false,,,"Printed 'Peas.'; On: The Beachcomber Inn - Carvery > BUFFET - CARVERY; Printed calories (80) differ from the energy of the printed protein, carbs and fat (about 70 kcal) by 12% (the printed kJ agrees with the printed kcal)"
broccoli,Broccoli,Beachcomber Inn: Carvery,Per spoon,45,2.8,2.2,2.1,0.4,,0.7,1.2,2.7,187,,,,,,vegetarian,false,false,,,Printed '.Broccoli'; On: The Beachcomber Inn - Carvery > BUFFET - CARVERY; Fibre is printed higher than carbohydrate (UK carbohydrate excludes fibre)
sage-and-onion-stuffing,Sage and Onion Stuffing,Beachcomber Inn: Carvery,Per stuffing,102,2.8,19.5,1.7,0.4,,1.2,2.5,1.3,429,,,,,,vegetarian,false,false,,,On: The Beachcomber Inn - Carvery > BUFFET - CARVERY
gravy-beachcomber-inn,Gravy (Beachcomber Inn),Beachcomber Inn: Carvery,,58,0.4,12.7,0.4,0.1,,1.7,1.4,0.3,242,,,,,,vegetarian,false,false,,,Printed 'Gravy'; On: The Beachcomber Inn - Carvery > BUFFET - CARVERY
meat-gravy,Meat Gravy,Beachcomber Inn: Carvery,Per serving,58,0.4,12.7,0.4,0.1,,1.7,1.4,0.3,243,,,,,,,false,false,,,On: The Beachcomber Inn - Carvery > BUFFET - CARVERY
home-made-gravy-ngci,Home Made Gravy (NGCI),Beachcomber Inn: Carvery,Per Ladle,42,0.8,7.1,1.0,0.1,,1.9,1.4,0.5,175,,,,,,,false,false,,,On: The Beachcomber Inn - Carvery > BUFFET - CARVERY
horseradish-sauce,Horseradish Sauce,Beachcomber Inn: Carvery,Per tablespoon,60,0.8,5.6,3.6,0.5,,1.0,,1.2,251,,,,,,vegetarian,false,false,,,On: The Beachcomber Inn - Carvery > BUFFET - CARVERY
cranberry-sauce,Cranberry Sauce,Beachcomber Inn: Carvery,Per tablespoon,42,0.0,9.9,0.1,0.0,,0.0,9.9,0.5,177,,,,,,vegetarian,false,false,,,On: The Beachcomber Inn - Carvery > BUFFET - CARVERY
mint-sauce,Mint Sauce,Beachcomber Inn: Carvery,Per spoon,38,0.5,9.4,0.1,0.0,,0.9,6.2,1.4,158,,,,,,vegetarian,false,false,,,On: The Beachcomber Inn - Carvery > BUFFET - CARVERY
apple-sauce,Apple Sauce,Beachcomber Inn: Carvery,Per tablespoon,29,0.1,6.3,0.0,0.0,,0.0,6.0,0.3,122,,,,,,vegetarian,false,false,,,On: The Beachcomber Inn - Carvery > BUFFET - CARVERY
bacon-ngci,Bacon (NGCI),Buffet breakfast: Hot counter,Per 2 rashers,181,14.3,0.0,14.3,5.2,,3.2,0.0,0.0,757,,,,,,contains_pork,false,false,,,On: Restaurants - Buffet Breakfast > HOT COUNTER
baked-beans-ve-ngci,Baked Beans (VE NGCI),Buffet breakfast: Hot counter,Per spoon,107,5.2,18.1,0.5,0.1,,0.9,6.9,4.7,452,,,,,,vegetarian,false,false,,,On: Restaurants - Buffet Breakfast > HOT COUNTER
mushrooms-ve-ngci,Mushrooms (VE NGCI),Buffet breakfast: Hot counter,Per spoon,32,3.9,4.5,0.0,0.0,,0.4,2.5,1.5,133,,,,,,vegetarian,false,false,,,On: Restaurants - Buffet Breakfast > HOT COUNTER
grilled-tomatoes-ve-ngci,Grilled Tomatoes (VE NGCI),Buffet breakfast: Hot counter,Per 2 half tomatoes,11,0.5,2.0,0.2,0.1,,0.0,1.0,0.7,47,,,,,,vegetarian,false,false,,,On: Restaurants - Buffet Breakfast > HOT COUNTER
plum-tomatoes-ve-ngci,Plum Tomatoes (VE NGCI),Buffet breakfast: Hot counter,Per spoon,19,0.9,3.4,0.1,0.0,,0.1,2.6,0.6,82,,,,,,vegetarian,false,false,,,On: Restaurants - Buffet Breakfast > HOT COUNTER
fried-eggs-v-ngci,Fried Eggs (V NGCI),Buffet breakfast: Hot counter,Per 2 eggs,408,7.3,0.0,42.1,3.9,,0.2,0.0,0.0,1680,,,,,,vegetarian,false,false,,,On: Restaurants - Buffet Breakfast > HOT COUNTER
hash-browns-ve-ngci,Hash Browns (VE NGCI),Buffet breakfast: Hot counter,Per 2 hash browns,229,1.1,11.9,19.3,1.5,,0.3,0.5,1.3,946,,,,,,vegetarian,false,false,,,On: Restaurants - Buffet Breakfast > HOT COUNTER
pork-sausages-ngci,Pork Sausages (NGCI),Buffet breakfast: Hot counter,Per 2 sausages,274,19.4,2.1,20.2,0.7,,1.3,0.4,2.7,1135,,,,,,contains_pork,false,false,,,On: Restaurants - Buffet Breakfast > HOT COUNTER; Fibre is printed higher than carbohydrate (UK carbohydrate excludes fibre)
vegan-sausages-ve,Vegan Sausages (VE),Buffet breakfast: Hot counter,Per 2 sausages,354,30.0,26.0,12.6,2.2,,2.3,4.0,8.0,1482,,,,,,vegetarian,false,false,,,On: Restaurants - Buffet Breakfast > HOT COUNTER
non-gluten-containing-pork-sausages-ngci,Non-Gluten Containing Pork Sausages (NGCI),Buffet breakfast: Hot counter,Per 2 sausages,274,19.4,2.1,20.2,0.7,,1.3,0.4,2.7,1135,,,,,,contains_pork,false,false,,,On: Restaurants - Buffet Breakfast > HOT COUNTER; Fibre is printed higher than carbohydrate (UK carbohydrate excludes fibre)
scrambled-eggs-v-ngci,Scrambled Eggs (V NGCI),Buffet breakfast: Hot counter,Per spoon,98,8.1,6.2,4.5,2.0,,0.3,5.8,0.2,410,,,,,,vegetarian,false,false,,,On: Restaurants - Buffet Breakfast > HOT COUNTER
black-pudding,Black Pudding,Buffet breakfast: Hot counter,Per 2 slices,104,6.5,16.0,2.2,0.8,,1.3,0.7,0.0,436,,,,,,,false,false,,,Printed 'Black Pudding.'; On: Restaurants - Buffet Breakfast > HOT COUNTER
american-style-pancakes-v,American-Style Pancakes (V),Buffet breakfast: Hot counter,Per 2 pancakes,214,3.9,30.2,8.3,0.8,,0.8,3.0,0.8,893,,,,,,vegetarian,false,false,,,On: Restaurants - Buffet Breakfast > HOT COUNTER
fried-bread-ve,Fried Bread (VE),Buffet breakfast: Hot counter,Per 2 slices,263,3.3,19.2,18.9,1.4,,0.3,1.3,1.1,1092,,,,,,vegetarian,false,false,,,On: Restaurants - Buffet Breakfast > HOT COUNTER
fresh-fruit-basket-v-ngci,Fresh Fruit Basket (V NGCI),Buffet breakfast: Refrigerated counter,Per fruit,209,2.6,49.7,0.4,0.1,,0.0,48.1,7.1,874,,,,,,vegetarian,false,false,,,On: Restaurants - Buffet Breakfast > REFRIGERATED COUNTER
grapefruit-segments-in-syrup-ve-ngci,Grapefruit Segments in Syrup (VE NGCI),Buffet breakfast: Refrigerated counter,Per spoon,65,0.5,16.0,0.0,0.0,,0.0,16.0,0.6,257,,,,,,vegetarian,false,false,,,On: Restaurants - Buffet Breakfast > REFRIGERATED COUNTER
mandarin-segments-in-juice-ve-ngci,Mandarin Segments in Juice (VE NGCI),Buffet breakfast: Refrigerated counter,Per spoon,37,0.7,9.6,0.0,0.0,,0.0,8.9,0.7,155,,,,,,vegetarian,false,false,,,On: Restaurants - Buffet Breakfast > REFRIGERATED COUNTER
melon-and-watermelon-ve-ngci,Melon & Watermelon (VE NGCI),Buffet breakfast: Refrigerated counter,Per 2 slices,21,0.4,4.7,0.2,0.0,,0.0,4.7,0.4,89,,,,,,vegetarian,false,false,,,On: Restaurants - Buffet Breakfast > REFRIGERATED COUNTER
natural-yogurt-v-ngci,Natural Yogurt (V NGCI),Buffet breakfast: Refrigerated counter,Per spoon,51,3.8,6.3,1.2,0.7,,0.2,6.3,0.0,215,,,,,,vegetarian,false,false,,,On: Restaurants - Buffet Breakfast > REFRIGERATED COUNTER
mixed-berries-ve-ngci,Mixed Berries (VE NGCI),Buffet breakfast: Refrigerated counter,Per spoon,12,0.3,1.9,0.0,0.0,,0.0,1.9,1.5,52,,,,,,vegetarian,false,false,,,On: Restaurants - Buffet Breakfast > REFRIGERATED COUNTER
granola-v,Granola (V),Buffet breakfast: Refrigerated counter,Per spoon,96,1.6,12.0,4.4,2.2,,0.4,3.8,1.1,403,,,,,,vegetarian,false,false,,,Printed 'Granola. (V)'; On: Restaurants - Buffet Breakfast > REFRIGERATED COUNTER
salami-ngci,Salami (NGCI),Buffet breakfast: Refrigerated counter,Per two slices,59,1.9,0.1,5.6,2.1,,0.4,0.1,0.0,246,,,,,,contains_pork,false,false,,,On: Restaurants - Buffet Breakfast > REFRIGERATED COUNTER
cheddar-cheese-slices-v-ngci,Cheddar Cheese Slices (V NGCI),Buffet breakfast: Refrigerated counter,Per 2 slices,166,10.2,0.0,14.0,8.7,,0.6,0.0,0.0,696,,,,,,vegetarian,false,false,,,On: Restaurants - Buffet Breakfast > REFRIGERATED COUNTER
yogurt-pot-v-ngci,Yogurt Pot (V NGCI),Buffet breakfast: Refrigerated counter,,85,4.7,12.3,1.6,1.0,,0.0,11.3,1.0,356,,,,,,vegetarian,false,false,,,On: Restaurants - Buffet Breakfast > REFRIGERATED COUNTER
weetabix-ve,Weetabix® (VE),Buffet breakfast: Cereal counter,Per weetabix,80,2.6,15.2,0.4,0.1,,0.1,1.0,2.2,333,,,,,,vegetarian,false,false,,,On: Restaurants - Buffet Breakfast > CEREAL COUNTER
muesli-v,Muesli (V),Buffet breakfast: Cereal counter,Per bowl,177,4.7,31.0,2.9,0.4,,0.0,11.0,4.5,754,,,,,,vegetarian,false,false,,,On: Restaurants - Buffet Breakfast > CEREAL COUNTER
rice-crispies-v,Rice Crispies® (V),Buffet breakfast: Cereal counter,Per bowl,190,3.5,42.5,0.5,0.1,,0.1,3.5,0.8,805,,,,,,vegetarian,false,false,,,On: Restaurants - Buffet Breakfast > CEREAL COUNTER
frosties-v,Frosties® (V),Buffet breakfast: Cereal counter,Per bowl,188,2.3,43.5,0.3,0.1,,0.4,18.5,1.0,785,,,,,,vegetarian,false,false,,,On: Restaurants - Buffet Breakfast > CEREAL COUNTER
corn-flakes-v,Corn Flakes (V),Buffet breakfast: Cereal counter,Per bowl,186,4.0,40.5,0.5,0.2,,0.8,3.0,1.5,787,,,,,,vegetarian,false,false,,,On: Restaurants - Buffet Breakfast > CEREAL COUNTER
semi-skimmed-milk-v-ngci,Semi-Skimmed Milk (V NGCI),Buffet breakfast: Milk and alternatives,Per cup,27,2.1,2.7,0.9,0.5,,0.1,2.7,0.0,114,,,,,,vegetarian,false,false,,,On: Restaurants - Buffet Breakfast > MILK & ALTERNATIVES
soya-drink-ve-ngci,Soya Drink (VE NGCI),Buffet breakfast: Milk and alternatives,Per cup,38,3.9,0.0,2.2,0.4,,0.0,0.0,0.7,156,,,,,,vegetarian,false,false,,,On: Restaurants - Buffet Breakfast > MILK & ALTERNATIVES; Fibre is printed higher than carbohydrate (UK carbohydrate excludes fibre)
almond-drink-ve-ngci,Almond Drink (VE NGCI),Buffet breakfast: Milk and alternatives,Per cup,18,0.6,0.0,1.3,0.1,,0.2,0.0,0.4,72,,,,,,vegetarian,false,false,,,On: Restaurants - Buffet Breakfast > MILK & ALTERNATIVES; Fibre is printed higher than carbohydrate (UK carbohydrate excludes fibre)
oat-drink-ve,Oat Drink (VE),Buffet breakfast: Milk and alternatives,Per cup,53,0.9,7.4,1.8,0.2,,0.1,3.8,1.7,222,,,,,,vegetarian,false,false,,,On: Restaurants - Buffet Breakfast > MILK & ALTERNATIVES
brown-bread-rolls-ve,Brown Bread Rolls (VE),Buffet breakfast: Bakery,Per roll,104,4.0,19.9,0.5,0.1,,0.5,0.9,1.9,433,,,,,,vegetarian,false,false,,,On: Restaurants - Buffet Breakfast > BAKERY
white-bread-rolls-ve,White Bread Rolls (VE),Buffet breakfast: Bakery,Per roll,104,3.4,21.1,0.4,0.1,,0.5,0.8,1.3,441,,,,,,vegetarian,false,false,,,On: Restaurants - Buffet Breakfast > BAKERY
non-gluten-containing-white-bread-ve-ngci,Non-Gluten Containing White Bread (VE NGCI),Buffet breakfast: Bakery,Per 2 slices,373,1.7,61.5,9.6,1.2,,1.1,1.9,6.7,1561,,,,,,vegetarian,false,false,,,On: Restaurants - Buffet Breakfast > BAKERY
mini-croissants-v,Mini Croissants (V),Buffet breakfast: Bakery,Per 2 pastries,176,4.1,18.5,9.7,6.4,,0.5,2.2,0.6,736,,,,,,vegetarian,false,false,,,On: Restaurants - Buffet Breakfast > BAKERY
pain-au-chocolat-v,Pain au Chocolat (V),Buffet breakfast: Bakery,Per pastry,107,2.0,11.8,5.6,3.6,,0.3,3.6,0.8,449,,,,,,vegetarian,false,false,,,On: Restaurants - Buffet Breakfast > BAKERY
mini-danish-pastries-v,Mini Danish Pastries (V),Buffet breakfast: Bakery,Per pastry,165,2.5,35.4,10.9,4.1,,0.5,4.2,0.5,690,,,,,,vegetarian,false,false,,,"On: Restaurants - Buffet Breakfast > BAKERY; Printed calories (165) differ from the energy of the printed protein, carbs and fat (about 250 kcal) by 51% (the printed kJ agrees with the printed kcal)"
white-toast-ve,White Toast (VE),Buffet breakfast: Bakery,Per 2 slices,194,6.6,38.5,1.0,0.3,,0.6,2.6,2.2,822,,,,,,vegetarian,false,false,,,On: Restaurants - Buffet Breakfast > BAKERY
brown-toast-ve,Brown Toast (VE),Buffet breakfast: Bakery,Per 2 slices,174,7.8,30.6,1.1,0.3,,0.6,1.9,5.7,738,,,,,,vegetarian,false,false,,,On: Restaurants - Buffet Breakfast > BAKERY
mixed-jam-ve-ngci,Mixed Jam (VE NGCI),Buffet breakfast: Bakery,Per pot,48,0.1,11.8,0.0,0.0,,0.0,10.2,0.2,203,,,,,,vegetarian,false,false,,,On: Restaurants - Buffet Breakfast > BAKERY
marmalade-ve-ngci,Marmalade (VE NGCI),Buffet breakfast: Bakery,Per pot,48,0.1,11.8,0.0,0.0,,0.0,10.2,0.1,204,,,,,,vegetarian,false,false,,,On: Restaurants - Buffet Breakfast > BAKERY
marmite-ve,Marmite (VE),Buffet breakfast: Bakery,Per pot,21,2.7,2.4,0.0,0.0,,0.9,0.1,0.1,87,,,,,,vegetarian,false,false,,,On: Restaurants - Buffet Breakfast > BAKERY
sunflower-spread-ve-ngci,Sunflower Spread (VE NGCI),Buffet breakfast: Bakery,Per pot,43,0.0,0.0,4.7,1.1,,0.1,0.0,0.0,175,,,,,,vegetarian,false,false,,,On: Restaurants - Buffet Breakfast > BAKERY
butter-v-ngci,Butter (V NGCI),Buffet breakfast: Bakery,Per pot,46,0.0,0.0,5.0,3.2,,0.1,0.0,0.0,188,,,,,,vegetarian,false,false,,,On: Restaurants - Buffet Breakfast > BAKERY
nutella-v-ngci,Nutella® (V NGCI),Buffet breakfast: Bakery,Per pot,81,0.9,8.6,4.6,1.6,,0.1,8.4,0.5,338,,,,,,vegetarian,false,false,,,On: Restaurants - Buffet Breakfast > BAKERY
white-sugar-ve-ngci,White Sugar (VE NGCI),Buffet breakfast: Drinks,Per sachet,10,0.0,2.5,0.0,0.0,,0.0,2.5,0.0,42,,,,,,vegetarian,false,false,,,On: Restaurants - Buffet Breakfast > DRINKS; Drinks > Hot Drinks
brown-sugar-ve-ngci,Brown Sugar (VE NGCI),Buffet breakfast: Drinks,Per sachet,10,0.0,2.5,0.0,0.0,,0.0,2.5,0.0,41,,,,,,vegetarian,false,false,,,On: Restaurants - Buffet Breakfast > DRINKS; Drinks > Hot Drinks
sweetener-ve-ngci,Sweetener (VE NGCI),Buffet breakfast: Drinks,Per sachet,2,0.0,0.5,0.0,0.0,,0.0,0.5,0.0,8,,,,,,vegetarian,false,false,,,On: Restaurants - Buffet Breakfast > DRINKS; Drinks > Hot Drinks
millac-maid-pots-v-ngci,Millac Maid Pots (V NGCI),Buffet breakfast: Drinks,Per pot,6,0.4,0.6,0.2,0.2,,0.0,0.6,0.0,24,,,,,,vegetarian,false,false,,,On: Restaurants - Buffet Breakfast > DRINKS; Drinks > Hot Drinks
black-coffee-self-serve,Black Coffee (Self-Serve),Buffet breakfast: Drinks,,6,0.4,0.8,0.0,0.0,,0.0,0.5,0.0,24,,,,,,vegetarian,false,false,,,On: Restaurants - Buffet Breakfast > DRINKS; Drinks > Hot Drinks
cappuccino-self-serve,Cappuccino (Self-Serve),Buffet breakfast: Drinks,,41,3.5,6.2,0.1,0.1,,0.1,5.9,0.0,171,,,,,,vegetarian,false,false,,,On: Restaurants - Buffet Breakfast > DRINKS; Drinks > Hot Drinks
espresso-self-serve,Espresso (Self-Serve),Buffet breakfast: Drinks,,4,0.3,0.6,0.0,0.0,,0.0,0.4,0.0,18,,,,,,vegetarian,false,false,,,On: Restaurants - Buffet Breakfast > DRINKS; Drinks > Hot Drinks
hot-chocolate-self-serve,Hot Chocolate (Self-Serve),Buffet breakfast: Drinks,,89,1.6,18.8,0.7,0.5,,0.3,18.4,0.0,373,,,,,,,false,false,,,On: Restaurants - Buffet Breakfast > DRINKS; Drinks > Hot Drinks
latte-self-serve,Latte (Self-Serve),Buffet breakfast: Drinks,,58,5.0,8.8,0.2,0.1,,0.1,8.4,0.0,241,,,,,,vegetarian,false,false,,,On: Restaurants - Buffet Breakfast > DRINKS; Drinks > Hot Drinks
mocha-self-serve,Mocha (Self-Serve),Buffet breakfast: Drinks,,94,3.1,18.6,0.6,0.5,,0.3,18.0,0.0,394,,,,,,,false,false,,,On: Restaurants - Buffet Breakfast > DRINKS; Drinks > Hot Drinks
white-coffee-self-serve,White Coffee (Self-Serve),Buffet breakfast: Drinks,,31,2.6,4.6,0.1,0.1,,0.1,4.4,0.0,128,,,,,,vegetarian,false,false,,,On: Restaurants - Buffet Breakfast > DRINKS; Drinks > Hot Drinks
flat-white-self-serve,Flat White (Self-Serve),Buffet breakfast: Drinks,,40,3.5,6.1,0.1,0.1,,0.1,5.8,0.0,167,,,,,,vegetarian,false,false,,,On: Restaurants - Buffet Breakfast > DRINKS; Drinks > Hot Drinks
chocolatte-self-serve,Chocolatte (Self-Serve),Buffet breakfast: Drinks,,54,3.5,9.4,0.2,0.2,,0.2,9.3,0.0,226,,,,,,,false,false,,,On: Restaurants - Buffet Breakfast > DRINKS; Drinks > Hot Drinks
cafe-au-lait-self-serve,Café au Lait (Self-Serve),Buffet breakfast: Drinks,,22,1.9,3.4,0.1,0.0,,0.1,3.1,0.0,93,,,,,,vegetarian,false,false,,,On: Restaurants - Buffet Breakfast > DRINKS; Drinks > Hot Drinks
tea-with-semi-skimmed-milk,Tea with Semi-Skimmed Milk,Buffet breakfast: Drinks,,12,0.9,1.2,0.4,0.2,,0.0,1.1,0.0,48,,,,,,vegetarian,false,false,,,On: Restaurants - Buffet Breakfast > DRINKS; Drinks > Hot Drinks
tea-with-soya-drink,Tea with Soya Drink,Buffet breakfast: Drinks,,8,0.8,0.0,0.5,0.1,,0.0,0.0,0.1,33,,,,,,vegetarian,false,false,,,On: Restaurants - Buffet Breakfast > DRINKS; Drinks > Hot Drinks; Fibre is printed higher than carbohydrate (UK carbohydrate excludes fibre)
tea-with-whole-milk,Tea with Whole Milk,Buffet breakfast: Drinks,,16,0.9,1.1,0.9,0.6,,0.0,1.1,0.0,66,,,,,,vegetarian,false,false,,,On: Restaurants - Buffet Breakfast > DRINKS; Drinks > Hot Drinks
apple-juice-ve-ngci,Apple Juice (VE NGCI),Buffet breakfast: Drinks,Per cup,12,0.0,2.6,0.0,0.0,,0.0,2.3,,49,,,,,,vegetarian,false,false,,,On: Restaurants - Buffet Breakfast > DRINKS
orange-juice-ve-ngci,Orange Juice (VE NGCI),Buffet breakfast: Drinks,Per cup,10,0.2,2.2,0.1,0.0,,0.0,1.9,,44,,,,,,vegetarian,false,false,,,On: Restaurants - Buffet Breakfast > DRINKS
red-fruit-juice-apple-blackcurrant-and-strawberry-ve-ngci,"Red Fruit Juice (Apple, Blackcurrant & Strawberry) (VE NGCI)",Buffet breakfast: Drinks,Per cup,11,0.0,2.5,0.0,0.0,,0.0,2.4,,48,,,,,,vegetarian,false,false,,,On: Restaurants - Buffet Breakfast > DRINKS
lemon-and-lime-flavour-juice-ve-ngci,Lemon & Lime Flavour Juice (VE NGCI),Buffet breakfast: Drinks,Per cup,9,0.0,2.3,0.0,0.0,,0.0,1.6,,42,,,,,,vegetarian,false,false,,,On: Restaurants - Buffet Breakfast > DRINKS
hptm-brown-sauce-ve,HP™ Brown Sauce (VE),Buffet breakfast: Condiments,Per dispense,12,0.1,2.8,0.0,0.0,,0.1,2.3,0.0,52,,,,,,vegetarian,false,false,,,On: Restaurants - Buffet Breakfast > CONDIMENTS
halloumi-fries-the-diner-grazers,"Halloumi Fries (The Diner, Grazers)",The Diner: Grazers,,638,32.7,16.9,46.3,21.7,,3.5,15.8,0.2,2660,,,,,,vegetarian,false,false,,,Printed 'Halloumi Fries'; On: The Diner - Main Menu > GRAZERS
mac-n-cheese-bites-the-diner,Mac 'n' Cheese Bites (The Diner),The Diner: Grazers,,494,15.5,47.5,30.0,9.2,,2.2,5.5,2.3,2062,,,,,,vegetarian,false,false,,,Printed 'Mac 'n' Cheese Bites'; On: The Diner - Main Menu > GRAZERS
bacon-and-cheese-skins,Bacon & Cheese Skins,The Diner: Grazers,,434,14.3,45.6,20.8,10.8,,0.8,3.7,3.8,1808,,,,,,contains_pork,false,false,,,On: The Diner - Main Menu > GRAZERS
salt-and-pepper-squid-the-diner-grazers,"Salt & Pepper Squid (The Diner, Grazers)",The Diner: Grazers,,440,14.3,25.9,31.1,3.3,,1.9,4.0,1.2,1836,,,,,,,false,false,,,Printed 'Salt & Pepper Squid'; On: The Diner - Main Menu > GRAZERS
buttermilk-chicken-goujons-with-texas-toast,Buttermilk Chicken Goujons with Texas Toast,The Diner: Grazers,,784,27.3,56.4,49.3,5.0,,3.1,7.6,1.2,3277,,,,,,,false,false,,,On: The Diner - Main Menu > GRAZERS
buffalo-chicken-wings-the-diner-grazers,"Buffalo Chicken Wings (The Diner, Grazers)",The Diner: Grazers,,387,21.4,11.9,27.8,5.2,,3.4,0.3,1.2,1610,,,,,,,false,false,,,Printed 'Buffalo Chicken Wings'; On: The Diner - Main Menu > GRAZERS
buffalo-cauliflower-bites-the-diner-grazers,"Buffalo Cauliflower Bites (The Diner, Grazers)",The Diner: Grazers,,1484,3.5,20.2,25.9,2.1,,2.0,5.4,1.8,1369,,,,,,vegetarian,false,false,,,"Printed 'Buffalo Cauliflower Bites'; On: The Diner - Main Menu > GRAZERS; Printed calories (1484) differ from the energy of the printed protein, carbs and fat (about 328 kcal) by 78%"
onion-ring-stack,Onion Ring Stack,The Diner: Grazers,,1901,14.0,135.2,143.4,9.8,,5.1,35.5,4.6,7918,,,,,,vegetarian,false,false,,,Printed 'Onion Ring Stack - WE LOVE'; On: The Diner - Main Menu > GRAZERS
jalapeno-cream-cheese-bites,Jalapeno Cream Cheese Bites,The Diner: Grazers,,567,8.2,45.7,38.6,10.3,,1.8,4.4,1.8,2366,,,,,,vegetarian,false,false,,,On: The Diner - Main Menu > GRAZERS
tortilla-chips,Tortilla Chips,The Diner: Loaded nachos or dirty fries,,354,5.0,48.0,15.0,1.5,,0.9,0.6,3.0,1481,,,,,,vegetarian,false,false,,,On: The Diner - Main Menu > LOADED NACHOS OR DIRTY FRIES
skin-on-fries-the-diner-papa-johns,Skin-On Fries (The Diner / Papa Johns),The Diner: Loaded nachos or dirty fries,,413,4.6,46.0,22.2,1.8,,1.4,0.8,5.0,1718,,,,,,vegetarian,false,false,,,Printed 'Skin-On Fries'; On: The Diner - Main Menu > LOADED NACHOS OR DIRTY FRIES; The Diner - Main Menu > BUILD YOUR OWN COMBO > CHOOSE YOUR MAIN; The Diner - Main Menu > SIDES; Papa Johns - Main Menu > SIDES
cowboy-chilli,Cowboy Chilli,The Diner: Loaded nachos or dirty fries,,292,17.0,8.8,20.6,11.7,,2.3,4.3,1.8,1220,,,,,,contains_beef,false,false,,,On: The Diner - Main Menu > LOADED NACHOS OR DIRTY FRIES
vegan-cowboy-chilli,Vegan Cowboy Chilli,The Diner: Loaded nachos or dirty fries,,325,5.2,31.0,19.4,11.6,,2.7,5.1,6.3,1355,,,,,,vegetarian,false,false,,,On: The Diner - Main Menu > LOADED NACHOS OR DIRTY FRIES
bbq-maple-glazed-bacon-and-cheese,BBQ Maple-Glazed Bacon & Cheese,The Diner: Loaded nachos or dirty fries,,460,23.6,16.7,32.9,16.5,,3.5,13.2,0.2,1924,,,,,,contains_pork,false,false,,,On: The Diner - Main Menu > LOADED NACHOS OR DIRTY FRIES
bbq-pulled-pork-the-diner-loaded-nachos-or-dirty-fries,"BBQ Pulled Pork (The Diner, Loaded nachos or dirty fries)",The Diner: Loaded nachos or dirty fries,,387,35.6,9.8,22.8,12.7,,2.2,7.3,0.5,1619,,,,,,contains_pork,false,false,,,Printed 'BBQ Pulled Pork'; On: The Diner - Main Menu > LOADED NACHOS OR DIRTY FRIES
buffalo-the-diner,Buffalo (The Diner),The Diner: Loaded nachos or dirty fries,,179,7.5,2.6,15.3,9.4,,1.3,1.5,0.2,744,,,,,,vegetarian,false,false,,,Printed 'Buffalo'; On: The Diner - Main Menu > LOADED NACHOS OR DIRTY FRIES
mac-n-cheese,Mac 'n' Cheese,The Diner: Classics,,881,38.7,103.4,33.9,20.2,,4.8,8.2,3.9,3712,,,,,,vegetarian,false,true,,,On: The Diner - Main Menu > CLASSICS > Mac 'n' Cheese; The Diner - Bottomless Brunch > CLASSICS
chimichanga,Chimichanga,The Diner: Classics,,1275,53.5,139.6,54.8,7.7,,5.8,9.2,11.1,5349,,,,,,,false,true,,,On: The Diner - Main Menu > CLASSICS > Mac 'n' Cheese
caesar-salad-the-diner-mac-n-cheese,"Caesar Salad (The Diner, Mac 'n' cheese)",The Diner: Classics,,398,10.7,13.0,32.8,6.7,,1.1,5.1,4.2,1670,,,,,,vegetarian,false,true,,,Printed 'Caesar Salad'; On: The Diner - Main Menu > CLASSICS > Mac 'n' Cheese; The Diner - Bottomless Brunch > CLASSICS
ngci-caesar-salad,NGCI Caesar Salad,The Diner: Classics,,351,9.6,6.8,31.0,6.5,,1.0,4.7,3.7,1474,,,,,,vegetarian,false,true,,,On: The Diner - Main Menu > CLASSICS > Mac 'n' Cheese; The Diner - Bottomless Brunch > NGCI OPTIONS
beef-chilli-and-monterey-jack-cheese,Beef Chilli and Monterey Jack Cheese,The Diner: Build your own and add-ons,,231,15.5,5.7,16.0,9.1,,1.4,2.4,1.4,967,,,,,,contains_beef,false,false,,,On: The Diner - Main Menu > CLASSICS > Mac 'n' Cheese
bbq-pulled-pork-the-diner-mac-n-cheese,"BBQ Pulled Pork (The Diner, Mac 'n' cheese)",The Diner: Build your own and add-ons,,149,21.7,6.3,4.1,1.1,,1.0,6.2,0.4,621,,,,,,contains_pork,false,false,,,Printed 'BBQ Pulled Pork'; On: The Diner - Main Menu > CLASSICS > Mac 'n' Cheese
maple-glazed-streaky-bacon,Maple-Glazed Streaky Bacon,The Diner: Build your own and add-ons,,179,8.4,7.9,12.6,4.4,,1.7,7.9,0.0,749,,,,,,contains_pork,false,false,,,On: The Diner - Main Menu > CLASSICS > Mac 'n' Cheese; The Diner - Main Menu > FROM THE GRILL; The Diner - Main Menu > SIDES
salt-and-pepper-squid-the-diner-mac-n-cheese,"Salt & Pepper Squid (The Diner, Mac 'n' cheese)",The Diner: Build your own and add-ons,,230,8.4,14.4,15.5,1.7,,0.8,1.4,0.5,957,,,,,,,false,false,,,Printed 'Salt & Pepper Squid'; On: The Diner - Main Menu > CLASSICS > Mac 'n' Cheese
buffalo-cauliflower-bites-the-diner-mac-n-cheese,"Buffalo Cauliflower Bites (The Diner, Mac 'n' cheese)",The Diner: Build your own and add-ons,,697,1.7,10.2,2.6,0.3,,0.8,2.3,0.7,296,,,,,,vegetarian,false,false,,,"Printed 'Buffalo Cauliflower Bites'; On: The Diner - Main Menu > CLASSICS > Mac 'n' Cheese; Printed calories (697) differ from the energy of the printed protein, carbs and fat (about 71 kcal) by 90%"
chargrilled-chicken-breast-the-diner,Chargrilled Chicken Breast (The Diner),The Diner: Build your own and add-ons,,208,35.1,5.2,4.8,1.0,,2.2,0.8,1.3,870,,,,,,,false,false,,,Printed 'Chargrilled Chicken Breast'; On: The Diner - Main Menu > CLASSICS > Mac 'n' Cheese; The Diner - Main Menu > BUILD YOUR OWN COMBO > CHOOSE YOUR MAIN
halloumi-fries-the-diner-mac-n-cheese,"Halloumi Fries (The Diner, Mac 'n' cheese)",The Diner: Build your own and add-ons,,447,25.9,2.9,35.0,17.3,,2.5,2.9,0.0,1864,,,,,,vegetarian,false,false,,,Printed 'Halloumi Fries'; On: The Diner - Main Menu > CLASSICS > Mac 'n' Cheese
maple-and-bourbon-bbq-glazed-half-rack-of-ribs,Maple & bourbon BBQ-glazed half rack of ribs,The Diner: Build your own and add-ons,,878,63.3,38.0,52.2,19.1,,6.9,31.3,0.5,3673,,,,,,,false,false,,,On: The Diner - Main Menu > BUILD YOUR OWN COMBO > CHOOSE YOUR MAIN
buffalo-chicken-wings-the-diner-choose-your-main,"Buffalo Chicken Wings (The Diner, Choose your main)",The Diner: Build your own and add-ons,,376,20.8,10.9,27.6,5.2,,2.4,0.0,0.1,1567,,,,,,,false,false,,,Printed 'Buffalo Chicken Wings'; On: The Diner - Main Menu > BUILD YOUR OWN COMBO > CHOOSE YOUR MAIN
braised-beef-brisket,Braised Beef Brisket,The Diner: Build your own and add-ons,,155,20.9,0.4,7.0,2.6,,0.7,0.0,0.1,649,,,,,,contains_beef,false,false,,,On: The Diner - Main Menu > BUILD YOUR OWN COMBO > CHOOSE YOUR MAIN
waffle-fries-the-diner,Waffle Fries (The Diner),The Diner: Build your own and add-ons,,402,5.4,48.0,20.0,1.8,,2.2,1.0,4.8,1675,,,,,,vegetarian,false,false,,,Printed 'Waffle Fries'; On: The Diner - Main Menu > BUILD YOUR OWN COMBO > CHOOSE YOUR MAIN; The Diner - Main Menu > SIDES
caesar-salad-the-diner-choose-your-main,"Caesar Salad (The Diner, Choose your main)",The Diner: Build your own and add-ons,,199,5.4,6.5,16.4,3.3,,0.5,2.5,2.1,835,,,,,,vegetarian,false,false,,,Printed 'Caesar Salad'; On: The Diner - Main Menu > BUILD YOUR OWN COMBO > CHOOSE YOUR MAIN; The Diner - Main Menu > SIDES
coleslaw-the-diner-choose-your-main,"Coleslaw (The Diner, Choose your main)",The Diner: Build your own and add-ons,,241,1.0,7.9,22.5,2.0,,1.0,6.9,1.6,1006,,,,,,vegetarian,false,false,,,Printed 'Coleslaw'; On: The Diner - Main Menu > BUILD YOUR OWN COMBO > CHOOSE YOUR MAIN; The Diner - Main Menu > SIDES
dill-pickles,Dill Pickles,The Diner: Build your own and add-ons,,21,1.2,2.1,0.4,0.1,,2.0,0.5,2.2,86,,,,,,vegetarian,false,false,,,On: The Diner - Main Menu > BUILD YOUR OWN COMBO > CHOOSE YOUR MAIN; The Diner - Main Menu > SIDES; Fibre is printed higher than carbohydrate (UK carbohydrate excludes fibre)
2-chargrilled-beef-patties,2 Chargrilled Beef Patties,The Diner: Burger fillings,,479,35.9,11.3,32.3,14.5,,3.4,2.0,1.1,2005,,,,,,contains_beef,false,false,,,On: The Diner - Main Menu > BURGERS > CHOICE OF FILLING
chicken-breast-and-goujons,Chicken Breast & Goujons,The Diner: Burger fillings,,604,59.1,39.7,22.6,2.5,,3.4,1.6,1.3,2523,,,,,,,false,false,,,On: The Diner - Main Menu > BURGERS > CHOICE OF FILLING
vegan-burger-ve-the-diner-choice-of-filling,"Vegan Burger (Ve) (The Diner, Choice of filling)",The Diner: Burger fillings,,340,12.4,21.5,21.9,6.5,,2.3,0.7,3.9,1417,,,,,,vegetarian,false,false,,,Printed 'Vegan Burger (Ve)'; On: The Diner - Main Menu > BURGERS > CHOICE OF FILLING
buffalo-blaze,Buffalo Blaze,The Diner: Signature burgers,,1116,19.5,104.8,66.5,9.2,,5.7,11.9,10.2,4654,,,,,,vegetarian,false,false,,,"Signature burger: described as 'Your favourite filling topped with ...': the printed figures may not include the filling, so not suggested as an order; On: The Diner - Main Menu > BURGERS > SIGNATURE BURGERS"
smokehouse-stack,Smokehouse Stack,The Diner: Signature burgers,,1410,38.4,122.9,82.2,14.8,,6.6,29.6,10.1,5885,,,,,,contains_pork|contains_beef,false,false,,,"Signature burger: described as 'Your favourite filling topped with ...': the printed figures may not include the filling, so not suggested as an order; On: The Diner - Main Menu > BURGERS > SIGNATURE BURGERS"
cali-coast,Cali Coast,The Diner: Signature burgers,,1439,20.8,140.1,87.2,9.2,,5.4,14.7,13.0,6009,,,,,,vegetarian,false,false,,,"Signature burger: described as 'Your favourite filling topped with ...': the printed figures may not include the filling, so not suggested as an order; On: The Diner - Main Menu > BURGERS > SIGNATURE BURGERS"
bacon-and-cheese-meltdown,Bacon & Cheese Meltdown,The Diner: Burgers,,1764,47.2,127.2,116.2,27.3,,9.4,31.5,10.8,7367,,,,,,contains_pork|contains_beef,false,true,,,On: The Diner - Main Menu > BURGERS > ULTIMATE BURGERS
the-vegetarian-cheese-meltdown-v,The Vegetarian Cheese Meltdown (V),The Diner: Burgers,,2087,55.1,154.4,134.8,31.6,,10.7,17.1,18.6,8703,,,,,,vegetarian,false,true,,,On: The Diner - Main Menu > BURGERS > ULTIMATE BURGERS
mega-mountain,Mega Mountain,The Diner: Burgers,,2209,119.5,162.9,117.1,25.0,,11.4,38.7,11.6,9223,,,,,,contains_pork|contains_beef,false,true,,,On: The Diner - Main Menu > BURGERS > ULTIMATE BURGERS
vegan-mountain-ve,Vegan Mountain (Ve),The Diner: Burgers,,2210,41.0,189.1,104.4,22.1,,8.6,24.3,19.2,7907,,,,,,vegetarian,false,true,,,"On: The Diner - Main Menu > BURGERS > ULTIMATE BURGERS; Printed calories (2210) differ from the energy of the printed protein, carbs and fat (about 1860 kcal) by 16%"
beef-burger-the-diner-simply-burgers,"Beef Burger (The Diner, Simply burgers)",The Diner: Burgers,,1058,46.6,87.8,56.2,16.5,,5.5,6.9,8.8,4418,,,,,,contains_beef,false,true,,,Printed 'Beef Burger'; On: The Diner - Main Menu > BURGERS > SIMPLY BURGERS
chicken-burger-the-diner,Chicken Burger (The Diner),The Diner: Burgers,,783,45.7,81.1,28.6,3.0,,3.3,5.7,8.7,3268,,,,,,,false,true,,,Printed 'Chicken Burger'; On: The Diner - Main Menu > BURGERS > SIMPLY BURGERS
vegan-burger-ve-the-diner-simply-burgers,"Vegan Burger (Ve) (The Diner, Simply burgers)",The Diner: Burgers,,873,19.7,97.4,42.5,8.3,,3.9,5.3,10.5,3637,,,,,,vegetarian,false,true,,,Printed 'Vegan Burger (Ve)'; On: The Diner - Main Menu > BURGERS > SIMPLY BURGERS
simply-chicken,Simply Chicken,The Diner: From the grill,,881,43.0,58.8,50.6,15.1,,3.9,3.5,7.7,3663,,,,,,,false,true,,,On: The Diner - Main Menu > FROM THE GRILL
5oz-rump-steak,5oz Rump Steak,The Diner: From the grill,,774,39.1,53.3,43.1,12.1,,2.5,2.6,6.5,3220,,,,,,contains_beef,false,true,,,On: The Diner - Main Menu > FROM THE GRILL
10oz-rump-steak,10oz Rump Steak,The Diner: From the grill,,1033,70.7,54.2,57.5,19.0,,3.4,2.7,6.7,4299,,,,,,contains_beef,false,true,,,On: The Diner - Main Menu > FROM THE GRILL
8oz-sirloin-new-york-strip,8oz Sirloin New York Strip,The Diner: From the grill,,1566,60.2,79.4,109.8,21.4,,4.4,8.0,8.3,6521,,,,,,contains_beef,false,true,,,On: The Diner - Main Menu > FROM THE GRILL
texas-toast,Texas Toast,The Diner: Sides,,163,3.1,19.6,7.8,2.7,,0.5,5.0,0.8,685,,,,,,vegetarian,false,false,,,On: The Diner - Main Menu > FROM THE GRILL; The Diner - Main Menu > BUILD YOUR OWN COMBO > CHOOSE YOUR MAIN; The Diner - Main Menu > SIDES; The Diner - Kiddos > SIDES
coleslaw-the-diner-from-the-grill,"Coleslaw (The Diner, From the grill)",The Diner: Sides,,120,0.5,4.0,11.2,1.0,,0.5,3.4,0.8,503,,,,,,vegetarian,false,false,,,Printed 'Coleslaw'; On: The Diner - Main Menu > FROM THE GRILL; The Diner - Kiddos > SIDES
chargrilled-corn-on-the-cob-the-diner,Chargrilled Corn On The Cob (The Diner),The Diner: Sides,,203,5.8,13.0,13.2,6.8,,0.2,3.5,2.6,842,,,,,,vegetarian,false,false,,,Printed 'Chargrilled Corn On The Cob'; On: The Diner - Main Menu > FROM THE GRILL; The Diner - Main Menu > BUILD YOUR OWN COMBO > CHOOSE YOUR MAIN; The Diner - Main Menu > SIDES
cheesy-garlic-bread-the-diner,Cheesy Garlic Bread (The Diner),The Diner: Sides,,505,17.0,38.3,31.6,14.2,,1.7,2.2,0.0,2115,,,,,,vegetarian,false,false,,,Printed 'Cheesy Garlic Bread'; On: The Diner - Main Menu > SIDES
cheese-sauce,Cheese Sauce,The Diner: Sides,,60,2.8,5.0,3.2,1.9,,0.7,1.9,0.1,251,,,,,,vegetarian,false,false,,,On: The Diner - Main Menu > SIDES; Fish & Chips > SIDES; Fish & Chips > LOADED CHIPS
philly-cheesesteak-sub,Philly Cheesesteak Sub,The Diner: Lunch,,1103,48.8,110.3,50.0,9.4,,3.9,17.1,11.6,4605,,,,,,contains_beef,false,true,,,On: The Diner - Main Menu > LUNCH - SANDWICHES
buttermilk-chicken-sub,Buttermilk Chicken Sub,The Diner: Lunch,,1238,38.0,133.6,58.8,6.6,,5.5,10.2,10.8,5164,,,,,,,false,true,,,On: The Diner - Main Menu > LUNCH - SANDWICHES
buffalo-cauliflower-sub,Buffalo Cauliflower Sub,The Diner: Lunch,,1532,15.3,108.7,43.4,5.4,,4.5,11.6,10.8,3782,,,,,,vegetarian,false,true,,,"On: The Diner - Main Menu > LUNCH - SANDWICHES; Printed calories (1532) differ from the energy of the printed protein, carbs and fat (about 887 kcal) by 42%"
chicken-quesadilla,Chicken Quesadilla,The Diner: Lunch,,1230,41.1,112.3,66.4,14.6,,5.3,16.1,10.3,5140,,,,,,,false,true,,,On: The Diner - Main Menu > LUNCH - SANDWICHES
quesadilla,Quesadilla,The Diner: Lunch,,1871,28.6,120.8,69.8,14.7,,6.0,18.2,11.5,5202,,,,,,vegetarian,false,true,,,"On: The Diner - Main Menu > LUNCH - SANDWICHES; Printed calories (1871) differ from the energy of the printed protein, carbs and fat (about 1226 kcal) by 34%"
vanilla-the-diner-classic-shakes,"Vanilla (The Diner, Classic shakes)",The Diner: Shakes,,454,13.5,47.2,25.7,16.8,,0.9,45.4,0.2,1902,,,,,,vegetarian,false,false,,,Printed 'Vanilla'; On: The Diner - Main Menu > CLASSIC SHAKES
chocolate-the-diner-classic-shakes,"Chocolate (The Diner, Classic shakes)",The Diner: Shakes,,554,14.2,52.4,33.8,21.0,,0.8,50.7,2.3,2320,,,,,,vegetarian,false,false,,,Printed 'Chocolate'; On: The Diner - Main Menu > CLASSIC SHAKES
strawberry-the-diner-classic-shakes,"Strawberry (The Diner, Classic shakes)",The Diner: Shakes,,498,13.3,52.4,24.8,17.0,,0.5,50.7,0.5,2088,,,,,,vegetarian,false,false,,,Printed 'Strawberry'; On: The Diner - Main Menu > CLASSIC SHAKES
vegan-vanilla-the-diner,Vegan Vanilla (The Diner),The Diner: Shakes,,291,1.4,39.0,13.3,9.8,,0.2,30.1,2.6,1215,,,,,,vegetarian,false,false,,,Printed 'Vegan Vanilla'; On: The Diner - Main Menu > CLASSIC SHAKES
vanilla-the-diner-super-shakes,"Vanilla (The Diner, Super shakes)",The Diner: Shakes,,591,14.9,60.6,34.0,23.3,,1.0,55.6,1.6,2472,,,,,,vegetarian,false,false,,,Printed 'Vanilla'; On: The Diner - Main Menu > SUPER SHAKES
chocolate-the-diner-super-shakes,"Chocolate (The Diner, Super shakes)",The Diner: Shakes,,691,15.6,65.9,42.0,27.5,,0.9,60.9,3.7,2890,,,,,,vegetarian,false,false,,,Printed 'Chocolate'; On: The Diner - Main Menu > SUPER SHAKES
strawberry-the-diner-super-shakes,"Strawberry (The Diner, Super shakes)",The Diner: Shakes,,635,14.8,65.9,33.1,23.4,,0.5,60.9,2.0,2657,,,,,,vegetarian,false,false,,,Printed 'Strawberry'; On: The Diner - Main Menu > SUPER SHAKES
90th-birthday,90th Birthday,The Diner: Shakes,,687,15.0,80.0,34.7,23.8,,1.0,71.2,1.8,2871,,,,,,vegetarian,false,false,,,On: The Diner - Main Menu > SUPER SHAKES > ULTIMATE SHAKES
fully-loaded-oreo,Fully Loaded Oreo,The Diner: Shakes,,849,17.3,95.6,43.2,27.8,,0.6,78.0,3.8,3550,,,,,,vegetarian,false,false,,,On: The Diner - Main Menu > SUPER SHAKES > ULTIMATE SHAKES
oreo-cookies,Oreo® Cookies,The Diner: Shake toppings,,105,1.3,14.3,4.6,2.4,,0.3,9.0,0.8,440,,,,,,vegetarian,false,false,,,On: The Diner - Main Menu > SUPER SHAKES
cadbury-flake-99,Cadbury® Flake 99,The Diner: Shake toppings,,104,1.4,11.6,5.6,3.4,,0.1,11.4,0.6,437,,,,,,vegetarian,false,false,,,On: The Diner - Main Menu > SUPER SHAKES
mini-marshmallows,Mini Marshmallows,The Diner: Shake toppings,,33,0.5,7.6,0.1,0.0,,0.0,6.5,0.1,137,,,,,,,false,false,,,On: The Diner - Main Menu > SUPER SHAKES
belgian-chocolate-sauce,Belgian Chocolate Sauce,The Diner: Shake toppings,,142,0.5,32.5,0.9,0.5,,0.0,23.0,0.7,600,,,,,,vegetarian,false,false,,,On: The Diner - Main Menu > SUPER SHAKES
strawberry-sauce,Strawberry Sauce,The Diner: Shake toppings,,143,0.1,28.9,0.0,0.0,,0.0,19.6,0.1,599,,,,,,vegetarian,false,false,,,"On: The Diner - Main Menu > SUPER SHAKES; Printed calories (143) differ from the energy of the printed protein, carbs and fat (about 116 kcal) by 19% (the printed kJ agrees with the printed kcal)"
toffee-sauce,Toffee Sauce,The Diner: Shake toppings,,145,0.4,33.0,1.3,0.8,,0.3,22.0,0.0,605,,,,,,vegetarian,false,false,,,On: The Diner - Main Menu > SUPER SHAKES
new-york-style-cheesecake-the-diner,New York-Style Cheesecake (The Diner),The Diner: Desserts,,564,5.9,56.4,32.8,18.9,,0.5,38.9,1.0,2361,,,,,,vegetarian,false,false,,,Printed 'New York-Style Cheesecake'; On: The Diner - Main Menu > DESSERTS
boston-brownie-the-diner,Boston Brownie (The Diner),The Diner: Desserts,,474,6.3,62.9,21.9,10.5,,0.2,47.9,3.5,1984,,,,,,vegetarian,false,false,,,Printed 'Boston Brownie'; On: The Diner - Main Menu > DESSERTS
mini-pancakes-the-big-apple,Mini Pancakes - The Big Apple,The Diner: Desserts,,484,7.5,62.7,22.6,4.9,,1.1,39.1,1.2,2027,,,,,,vegetarian,false,false,,,On: The Diner - Main Menu > DESSERTS
mini-pancakes-the-big-apple-large,Mini Pancakes - The Big Apple (large),The Diner: Desserts,,701,11.4,84.9,35.1,6.8,,1.6,48.9,1.7,2936,,,,,,vegetarian,false,false,,,On: The Diner - Main Menu > DESSERTS
cookies-and-cream,Cookies & Cream,The Diner: Desserts,,596,9.1,75.9,28.1,7.7,,0.9,45.8,1.9,2494,,,,,,vegetarian,false,false,,,On: The Diner - Main Menu > DESSERTS
mini-pancakes-cookies-and-cream-large,Mini Pancakes - Cookies & Cream (large),The Diner: Desserts,,813,13.0,98.2,40.6,9.6,,1.4,55.7,2.5,3403,,,,,,vegetarian,false,false,,,On: The Diner - Main Menu > DESSERTS
mini-pancakes-the-birthday-party,Mini Pancakes - The Birthday Party,The Diner: Desserts,,516,8.1,68.2,23.7,5.5,,1.3,43.8,1.2,2163,,,,,,,false,false,,,On: The Diner - Main Menu > DESSERTS
mini-pancakes-the-birthday-party-large,Mini Pancakes - The Birthday Party (large),The Diner: Desserts,,734,12.0,90.5,36.2,7.5,,1.8,53.6,1.8,3072,,,,,,,false,false,,,On: The Diner - Main Menu > DESSERTS
classic-vanilla,Classic Vanilla,The Diner: Desserts,,412,7.3,46.5,22.2,4.7,,1.0,26.5,0.9,1724,,,,,,vegetarian,false,false,,,On: The Diner - Main Menu > DESSERTS
mini-pancakes-classic-vanilla-large,Mini Pancakes - Classic Vanilla (large),The Diner: Desserts,,629,11.3,68.7,34.7,6.6,,1.5,36.3,1.4,2632,,,,,,vegetarian,false,false,,,On: The Diner - Main Menu > DESSERTS
vegan-vanilla-ice-cream,Vegan Vanilla Ice Cream,The Diner: Desserts,,212,0.0,28.0,10.7,9.5,,0.0,24.5,0.2,886,,,,,,vegetarian,false,false,,,On: The Diner - Main Menu > DESSERTS
mac-n-cheese-bites-the-diner-kids,"Mac 'n' Cheese Bites (The Diner, kids)",The Diner: Kids' mains,,335,9.6,27.0,23.1,6.2,,1.0,1.0,1.3,1393,,,,,,vegetarian,false,false,,,Printed 'Mac 'n' Cheese Bites'; On: The Diner - Kiddos > KIDDOS - TOTS
ngci-tomato-pasta-the-diner-kids-tots,"NGCI Tomato Pasta (The Diner, kids, Tots)",The Diner: Kids' mains,,344,10.5,52.7,9.3,4.8,,1.4,3.2,3.1,1438,,,,,,vegetarian,false,false,,,Printed 'NGCI Tomato Pasta'; On: The Diner - Kiddos > KIDDOS - TOTS
tomato-pasta-the-diner-kids-tots,"Tomato Pasta (The Diner, kids, Tots)",The Diner: Kids' mains,,351,13.3,52.5,9.2,4.7,,1.4,5.2,2.5,1482,,,,,,vegetarian,false,false,,,Printed 'Tomato Pasta'; On: The Diner - Kiddos > KIDDOS - TOTS
chicken-breast-the-diner,Chicken Breast (The Diner),The Diner: Kids' mains,,104,17.6,2.6,2.4,0.5,,1.1,0.4,0.6,435,,,,,,,false,false,,,Printed 'Chicken Breast'; On: The Diner - Kiddos > KIDDOS - TOTS
hot-dog,Hot Dog,The Diner: Kids' mains,,271,10.4,21.4,15.8,6.4,,1.8,2.0,1.3,1141,,,,,,contains_pork,false,false,,,On: The Diner - Kiddos > KIDDOS - TOTS; The Diner - Kiddos > KIDDOS - JUNIORS
vegan-hot-dog,Vegan Hot Dog,The Diner: Kids' mains,,295,19.0,34.1,8.0,1.7,,1.5,3.7,5.3,1240,,,,,,vegetarian,false,false,,,On: The Diner - Kiddos > KIDDOS - TOTS; The Diner - Kiddos > KIDDOS - JUNIORS
beef-burger-the-diner-kids-juniors,"Beef Burger (The Diner, kids, Juniors)",The Diner: Kids' mains,,343,24.4,33.9,11.7,4.5,,2.4,4.4,3.1,1437,,,,,,contains_beef,false,false,,,Printed 'Beef Burger'; On: The Diner - Kiddos > KIDDOS - JUNIORS
chicken-burger-the-diner-kids,"Chicken Burger (The Diner, kids)",The Diner: Kids' mains,,270,23.6,33.2,4.1,0.7,,1.8,4.5,3.3,1130,,,,,,,false,false,,,Printed 'Chicken Burger'; On: The Diner - Kiddos > KIDDOS - JUNIORS
chicken-burger-ngci,Chicken Burger (NGCI),The Diner: Kids' mains,,337,20.2,45.3,7.7,1.3,,2.1,4.7,3.7,1410,,,,,,,false,false,,,On: The Diner - Kiddos > KIDDOS - JUNIORS
new-york-style-chicken,New-York Style Chicken,The Diner: Kids' mains,,626,33.5,51.7,31.1,8.1,,2.8,16.9,0.1,2612,,,,,,contains_pork,false,false,,,On: The Diner - Kiddos > KIDDOS - JUNIORS
ngci-tomato-pasta-the-diner-kids-juniors,"NGCI Tomato Pasta (The Diner, kids, Juniors)",The Diner: Kids' mains,,516,15.7,79.1,13.9,7.2,,2.1,4.8,4.7,2157,,,,,,vegetarian,false,false,,,Printed 'NGCI Tomato Pasta'; On: The Diner - Kiddos > KIDDOS - JUNIORS
tomato-pasta-the-diner-kids-juniors,"Tomato Pasta (The Diner, kids, Juniors)",The Diner: Kids' mains,,419,15.5,66.5,9.5,4.7,,1.6,5.8,3.1,1772,,,,,,vegetarian,false,false,,,Printed 'Tomato Pasta'; On: The Diner - Kiddos > KIDDOS - JUNIORS
skin-on-fries-the-diner-kids,"Skin-On Fries (The Diner, kids)",The Diner: Kids' sides,,206,2.3,23.0,11.1,0.9,,0.7,0.4,2.5,859,,,,,,vegetarian,false,false,,,Printed 'Skin-On Fries'; On: The Diner - Kiddos > SIDES
baked-beans-the-diner-kids,"Baked Beans (The Diner, kids)",The Diner: Kids' sides,,65,3.1,10.9,0.3,0.1,,0.6,4.1,2.8,272,,,,,,vegetarian,false,false,,,Printed 'Baked Beans'; On: The Diner - Kiddos > SIDES
cheesy-garlic-bread-the-diner-kids,"Cheesy Garlic Bread (The Diner, kids)",The Diner: Kids' sides,,337,11.3,25.6,21.1,9.4,,1.1,1.5,0.0,1410,,,,,,vegetarian,false,false,,,Printed 'Cheesy Garlic Bread'; On: The Diner - Kiddos > SIDES
chargrilled-corn-on-the-cob-the-diner-kids,"Chargrilled Corn on the Cob (The Diner, kids)",The Diner: Kids' sides,,101,2.9,6.5,6.6,3.4,,0.1,1.8,1.3,421,,,,,,vegetarian,false,false,,,Printed 'Chargrilled Corn on the Cob'; On: The Diner - Kiddos > SIDES
waffle-fries-the-diner-kids,"Waffle Fries (The Diner, kids)",The Diner: Kids' sides,,265,3.6,31.7,13.2,1.2,,1.5,0.7,3.2,1106,,,,,,vegetarian,false,false,,,Printed 'Waffle Fries'; On: The Diner - Kiddos > SIDES
1-scoop-strawberry,1 Scoop - Strawberry,The Diner: Kids' desserts,,180,2.0,30.4,4.2,2.8,,0.1,24.3,0.4,755,,,,,,vegetarian,false,false,,,On: The Diner - Kiddos > DESSERTS
1-scoop-vanilla,1 Scoop - Vanilla,The Diner: Kids' desserts,,167,2.1,28.9,4.5,2.8,,0.2,22.8,0.3,702,,,,,,vegetarian,false,false,,,On: The Diner - Kiddos > DESSERTS
1-scoop-chocolate,1 Scoop - Chocolate,The Diner: Kids' desserts,,196,2.3,30.4,6.8,4.0,,0.2,24.3,0.9,822,,,,,,vegetarian,false,false,,,On: The Diner - Kiddos > DESSERTS
new-york-style-cheesecake-the-diner-kids,"New York-Style Cheesecake (The Diner, kids)",The Diner: Kids' desserts,,282,2.9,28.2,16.4,9.4,,0.3,19.4,0.5,1181,,,,,,vegetarian,false,false,,,Printed 'New York-Style Cheesecake'; On: The Diner - Kiddos > DESSERTS
boston-brownie-the-diner-kids,"Boston Brownie (The Diner, kids)",The Diner: Kids' desserts,,237,3.2,31.4,11.0,5.2,,0.1,24.0,1.7,992,,,,,,vegetarian,false,false,,,Printed 'Boston Brownie'; On: The Diner - Kiddos > DESSERTS
vegan-brownie,Vegan Brownie,The Diner: Kids' desserts,,336,2.4,44.4,16.1,12.5,,0.0,29.2,2.0,1407,,,,,,vegetarian,false,false,,,On: The Diner - Kiddos > DESSERTS
mini-pancakes,Mini Pancakes,The Diner: Kids' desserts,,344,5.3,46.7,15.4,3.7,,0.7,30.1,0.9,1444,,,,,,vegetarian,false,false,,,On: The Diner - Kiddos > DESSERTS
vanilla-the-diner-kids-shakes,"Vanilla (The Diner, kids, Shakes)",The Diner: Kids' shakes,,227,6.7,23.6,12.9,8.4,,0.5,22.7,0.1,951,,,,,,vegetarian,false,false,,,Printed 'Vanilla'; On: The Diner - Kiddos > SHAKES
vegan-vanilla-the-diner-kids,"Vegan Vanilla (The Diner, kids)",The Diner: Kids' shakes,,145,0.7,19.5,6.7,4.9,,0.1,15.1,1.3,607,,,,,,vegetarian,false,false,,,Printed 'Vegan Vanilla'; On: The Diner - Kiddos > SHAKES
strawberry-the-diner-kids-shakes,"Strawberry (The Diner, kids, Shakes)",The Diner: Kids' shakes,,249,6.6,26.2,12.4,8.5,,0.2,25.3,0.3,1044,,,,,,vegetarian,false,false,,,Printed 'Strawberry'; On: The Diner - Kiddos > SHAKES
chocolate-the-diner-kids-shakes,"Chocolate (The Diner, kids, Shakes)",The Diner: Kids' shakes,,277,7.1,26.2,16.9,10.5,,0.4,25.3,1.1,1160,,,,,,vegetarian,false,false,,,Printed 'Chocolate'; On: The Diner - Kiddos > SHAKES
the-diner-stack,The Diner Stack,The Diner: Bottomless brunch,,918,27.1,88.7,50.0,15.5,,5.5,36.3,2.4,3840,,,,,,contains_pork,false,true,,,On: The Diner - Bottomless Brunch > PANCAKES
berry-stack-with-nutella,Berry Stack with NUTELLA®,The Diner: Bottomless brunch,,798,11.3,113.5,32.6,7.4,,2.1,52.8,5.2,3344,,,,,,vegetarian,false,true,,,On: The Diner - Bottomless Brunch > PANCAKES
ultimate-breakfast-sandwich,Ultimate Breakfast Sandwich,The Diner: Bottomless brunch,,1496,45.5,91.9,103.7,22.7,,6.5,12.1,6.9,6229,,,,,,contains_pork,false,true,,,On: The Diner - Bottomless Brunch > BREAKFAST SANDWICHES
sausage-sandwich,Sausage Sandwich,The Diner: Bottomless brunch,,1317,37.1,84.0,91.1,18.3,,4.8,4.2,6.9,5481,,,,,,contains_pork,false,true,,,On: The Diner - Bottomless Brunch > BREAKFAST SANDWICHES
bacon-sandwich,Bacon Sandwich,The Diner: Bottomless brunch,,1247,32.9,84.6,84.9,15.7,,5.2,11.8,6.7,5187,,,,,,contains_pork,false,true,,,On: The Diner - Bottomless Brunch > BREAKFAST SANDWICHES
vegan-bacon-breakfast-sandwich,Vegan Bacon Breakfast Sandwich,The Diner: Bottomless brunch,,709,17.6,82.3,32.4,6.6,,4.3,4.4,8.9,2956,,,,,,vegetarian,false,true,,,On: The Diner - Bottomless Brunch > BREAKFAST SANDWICHES
beef-burger-the-diner-burgers,"Beef Burger (The Diner, Burgers)",The Diner: Bottomless brunch,,1101,43.4,90.1,61.3,19.1,,6.0,13.8,8.2,4600,,,,,,contains_pork|contains_beef,false,true,,,Printed 'Beef Burger'; On: The Diner - Bottomless Brunch > BURGERS
crispy-chicken-burger,Crispy Chicken Burger,The Diner: Bottomless brunch,,1258,49.5,119.0,63.0,13.4,,5.5,13.5,7.7,5250,,,,,,contains_pork,false,true,,,On: The Diner - Bottomless Brunch > BURGERS
green-oat-burger,Green Oat Burger,The Diner: Bottomless brunch,,979,23.1,102.4,50.3,12.6,,4.9,5.6,11.7,4077,,,,,,,false,true,,,page marks it vegetarian but its own text names pork: no diet tags given; On: The Diner - Bottomless Brunch > BURGERS
ngci-cheesy-pasta,NGCI Cheesy Pasta,The Diner: Bottomless brunch,,676,25.3,84.9,25.1,14.9,,5.3,4.3,4.0,2830,,,,,,vegetarian,false,true,,,On: The Diner - Bottomless Brunch > NGCI OPTIONS
ngci-chicken-burger,NGCI Chicken Burger,The Diner: Bottomless brunch,,1137,57.1,101.9,53.6,13.4,,6.8,13.8,9.4,4748,,,,,,contains_pork,false,true,,,On: The Diner - Bottomless Brunch > NGCI OPTIONS
cod,Cod,Fish & Chips: Mains,,378,36.0,32.8,11.3,1.2,,0.8,0.5,1.5,1586,,,,,,,false,true,,,On: Fish & Chips > MAINS
haddock,Haddock,Fish & Chips: Mains,,477,37.6,32.8,21.4,1.7,,0.8,1.1,1.5,1991,,,,,,,false,true,,,On: Fish & Chips > MAINS
fishcakes-x2,Fishcakes (x2),Fish & Chips: Mains,,778,19.9,49.5,54.6,4.0,,2.9,1.6,5.2,3240,,,,,,,false,true,,,On: Fish & Chips > MAINS
pork-sausages-x2,Pork Sausages (x2),Fish & Chips: Mains,,503,12.9,10.3,45.8,9.9,,1.4,1.5,0.0,2092,,,,,,contains_pork,false,true,,,On: Fish & Chips > MAINS
battered-pork-sausages-x2,Battered Pork Sausages (x2),Fish & Chips: Mains,,657,16.7,43.2,46.5,10.1,,2.0,2.0,1.5,2747,,,,,,contains_pork,false,true,,,On: Fish & Chips > MAINS
saveloy-pork-sausage,Saveloy Pork Sausage,Fish & Chips: Mains,,363,12.8,13.4,28.7,4.4,,2.5,1.2,0.6,1505,,,,,,contains_pork,false,true,,,On: Fish & Chips > MAINS
beef-and-onion-pie,Beef & Onion Pie,Fish & Chips: Mains,,637,16.7,50.9,40.3,20.0,,2.1,2.3,2.5,2664,,,,,,contains_beef,false,true,,,On: Fish & Chips > MAINS
chicken-and-mushroom-pie,Chicken & Mushroom Pie,Fish & Chips: Mains,,491,17.3,47.0,26.3,13.3,,2.3,2.5,2.5,2052,,,,,,,false,true,,,On: Fish & Chips > MAINS
steak-and-kidney-pie,Steak & Kidney Pie,Fish & Chips: Mains,,506,21.8,39.8,26.6,10.6,,4.2,2.3,10.1,2117,,,,,,contains_beef,false,true,,,On: Fish & Chips > MAINS
chicken-nuggets,Chicken Nuggets,Fish & Chips: Mains,,450,29.3,23.5,25.9,7.7,,1.8,23.5,0.0,1875,,,,,,,false,true,,,On: Fish & Chips > MAINS
battered-halloumi,Battered Halloumi,Fish & Chips: Mains,,689,34.0,16.1,51.6,22.2,,3.4,3.7,0.9,2874,,,,,,vegetarian,false,true,,,On: Fish & Chips > MAINS
regular-chips,Regular Chips,Fish & Chips: Sides,,756,8.8,93.6,38.8,2.9,,0.0,2.0,5.2,3143,,,,,,vegetarian,false,false,,,On: Fish & Chips > SIDES; Fish & Chips > LOADED CHIPS
large-chips,Large Chips,Fish & Chips: Sides,,1134,13.2,140.4,58.2,4.4,,0.1,3.0,7.8,4714,,,,,,vegetarian,false,false,,,On: Fish & Chips > SIDES; Fish & Chips > LOADED CHIPS
onion-rings-fish-and-chips-sides,"Onion Rings (Fish & Chips, Sides)",Fish & Chips: Sides,,557,5.6,44.7,39.2,3.0,,1.3,3.9,1.7,2325,,,,,,vegetarian,false,false,,,Printed 'Onion Rings'; On: Fish & Chips > SIDES
mushy-peas,Mushy Peas,Fish & Chips: Sides,,125,8.3,19.7,0.6,0.1,,0.6,1.8,3.9,440,,,,,,vegetarian,false,false,,,On: Fish & Chips > SIDES
floured-bap-and-butter,Floured Bap & Butter,Fish & Chips: Sides,,117,1.0,5.1,10.2,6.5,,0.3,0.5,0.3,485,,,,,,vegetarian,false,false,,,On: Fish & Chips > SIDES
grated-cheddar-cheese,Grated Cheddar Cheese,Fish & Chips: Sides,,270,16.5,0.1,22.7,14.1,,1.2,0.1,0.0,1121,,,,,,vegetarian,false,false,,,On: Fish & Chips > SIDES; Fish & Chips > LOADED CHIPS
gravy-fish-and-chips,Gravy (Fish & Chips),Fish & Chips: Sides,,22,0.2,4.8,0.2,0.0,,0.6,0.5,0.1,92,,,,,,vegetarian,false,false,,,Printed 'Gravy'; On: Fish & Chips > SIDES; Fish & Chips > LOADED CHIPS
curry-sauce,Curry Sauce,Fish & Chips: Sides,,68,1.0,10.4,2.3,1.3,,0.8,4.7,0.8,287,,,,,,vegetarian,false,false,,,On: Fish & Chips > SIDES; Fish & Chips > LOADED CHIPS
gherkin,Gherkin,Fish & Chips: Sides,,14,0.8,1.3,0.3,0.1,,1.6,0.4,1.6,58,,,,,,vegetarian,false,false,,,On: Fish & Chips > SIDES; Fibre is printed higher than carbohydrate (UK carbohydrate excludes fibre)
pickled-egg,Pickled Egg,Fish & Chips: Sides,,88,8.1,0.0,6.2,2.3,,0.2,0.0,0.0,368,,,,,,vegetarian,false,false,,,On: Fish & Chips > SIDES
pickled-onion,Pickled Onion,Fish & Chips: Sides,,22,0.7,2.5,0.5,0.2,,0.2,2.0,2.3,90,,,,,,vegetarian,false,false,,,On: Fish & Chips > SIDES
chicken-kebab-meat-ngci,Chicken Kebab Meat (NGCI),Fish & Chips: Loaded chips,,209,27.5,1.0,10.8,4.1,,2.0,0.1,0.0,874,,,,,,,false,false,,,On: Fish & Chips > LOADED CHIPS
crispy-bacon-bits-ngci,Crispy Bacon Bits (NGCI),Fish & Chips: Loaded chips,,164,9.6,0.0,14.0,5.6,,0.8,0.0,0.0,688,,,,,,contains_pork,false,false,,,On: Fish & Chips > LOADED CHIPS
jalapenos-ve-ngci-fish-and-chips,Jalapeños (VE NGCI) (Fish & Chips),Fish & Chips: Loaded chips,,6,0.4,0.8,0.1,0.0,,2.5,0.1,0.2,23,,,,,,vegetarian,false,false,,,Printed 'Jalapeños (VE NGCI)'; On: Fish & Chips > LOADED CHIPS
crispy-fried-onions-ve,Crispy Fried Onions (VE),Fish & Chips: Loaded chips,,153,1.5,11.0,11.5,5.8,,0.3,3.8,1.0,638,,,,,,vegetarian,false,false,,,On: Fish & Chips > LOADED CHIPS
maple-and-bourbon-bbq-sauce-ve-ngci,Maple & Bourbon BBQ Sauce (VE NGCI),Fish & Chips: Loaded chips,,45,0.2,10.6,0.0,0.0,,0.3,9.7,0.1,190,,,,,,vegetarian,false,false,,,On: Fish & Chips > LOADED CHIPS
hot-sauce-ve-ngci,Hot Sauce (VE NGCI),Fish & Chips: Loaded chips,,16,0.2,3.1,0.2,0.0,,0.8,3.1,0.5,66,,,,,,vegetarian,false,false,,,On: Fish & Chips > LOADED CHIPS
garlic-sauce-v-ngci,Garlic Sauce (V NGCI),Fish & Chips: Loaded chips,,237,0.3,2.0,25.3,1.8,,0.6,2.0,0.4,993,,,,,,vegetarian,false,false,,,On: Fish & Chips > LOADED CHIPS
cod-and-chips,Cod & Chips,Fish & Chips: Kids' meals,,535,20.5,60.9,23.2,1.9,,0.7,1.1,3.1,2233,,,,,,,false,false,,,On: Fish & Chips > CHILDREN
fishcake-and-chips,Fishcake & Chips,Fish & Chips: Kids' meals,,664,12.6,52.8,44.3,3.2,,1.5,1.4,4.2,2762,,,,,,,false,false,,,On: Fish & Chips > CHILDREN
chicken-nuggets-and-chips,Chicken Nuggets & Chips,Fish & Chips: Kids' meals,,469,22.2,43.7,22.5,5.6,,1.2,16.2,1.6,1956,,,,,,,false,false,,,On: Fish & Chips > CHILDREN
plain-pork-sausage-and-chips,Plain Pork Sausage & Chips,Fish & Chips: Kids' meals,,482,9.1,33.2,34.9,5.8,,0.7,1.4,1.6,2003,,,,,,contains_pork,false,false,,,On: Fish & Chips > CHILDREN
battered-pork-sausage-and-chips,Battered Pork Sausage & Chips,Fish & Chips: Kids' meals,,636,12.9,66.1,35.6,6.0,,1.3,1.9,3.1,2658,,,,,,contains_pork,false,false,,,On: Fish & Chips > CHILDREN
salt-and-vinegar,Salt and Vinegar,Fish & Chips: Condiments,,1,0.0,0.1,0.0,0.0,,3.0,0.0,0.1,4,,,,,,vegetarian,false,false,,,On: Fish & Chips > CONDIMENTS
classic-hot-dog,Classic Hot Dog,Fish & Chips: Hot dogs,,429,16.4,27.4,27.9,10.8,,2.9,5.4,,1798,,,,,,contains_pork,false,true,,,On: Fish & Chips > HOT DOGS
kids-hot-dog,Kids Hot Dog,Fish & Chips: Hot dogs,,321,11.8,27.2,18.0,6.7,,1.9,5.2,,1349,,,,,,contains_pork,false,false,,,On: Fish & Chips > HOT DOGS
add-crispy-onions,Add Crispy Onions,Fish & Chips: Hot dogs,,54,0.2,6.1,3.1,0.3,,0.2,0.6,0.3,224,,,,,,vegetarian,false,false,,,On: Fish & Chips > HOT DOGS
add-cheese,Add Cheese,Fish & Chips: Hot dogs,,125,7.5,0.5,10.3,6.4,,0.5,0.0,0.0,521,,,,,,vegetarian,false,false,,,On: Fish & Chips > HOT DOGS
beetroot,Beetroot,Papa Johns: Salad bar,Per tong,25,0.8,4.4,0.1,0.0,,0.4,3.2,0.8,105,,,,,,vegetarian,false,false,,,On: Papa Johns - Main Menu > SALAD BAR
cucumber-ve-ngci,Cucumber (VE NGCI),Papa Johns: Salad bar,Per tong,5,0.4,0.8,0.1,0.0,,0.0,0.7,0.3,21,,,,,,vegetarian,false,false,,,On: Papa Johns - Main Menu > SALAD BAR
grated-carrot-ve-ngci,Grated Carrot (VE NGCI),Papa Johns: Salad bar,Per tong,18,0.3,4.0,0.2,0.1,,0.0,3.7,1.2,73,,,,,,vegetarian,false,false,,,On: Papa Johns - Main Menu > SALAD BAR
sweetcorn-ve-ngci,Sweetcorn (VE NGCI),Papa Johns: Salad bar,Per tong,45,1.4,6.6,1.0,0.2,,0.0,3.4,2.1,187,,,,,,vegetarian,false,false,,,On: Papa Johns - Main Menu > SALAD BAR
red-onion-ve-ngci,Red Onion (VE NGCI),Papa Johns: Salad bar,Per tong,5,0.3,1.0,0.0,0.0,,0.0,0.7,0.2,20,,,,,,vegetarian,false,false,,,On: Papa Johns - Main Menu > SALAD BAR
mixed-olives-ve-ngci,Mixed Olives (VE NGCI),Papa Johns: Salad bar,Per tong,31,0.3,0.0,3.3,0.5,,1.0,0.0,0.9,127,,,,,,vegetarian,false,false,,,On: Papa Johns - Main Menu > SALAD BAR; Fibre is printed higher than carbohydrate (UK carbohydrate excludes fibre)
mixed-salad-leaves-ve-ngci,Mixed Salad Leaves (VE NGCI),Papa Johns: Salad bar,Per tong,5,0.4,0.3,0.1,0.0,,0.0,0.1,0.6,19,,,,,,vegetarian,false,false,,,On: Papa Johns - Main Menu > SALAD BAR; Fibre is printed higher than carbohydrate (UK carbohydrate excludes fibre)
cherry-tomatoes-ve-ngci,Cherry Tomatoes (VE NGCI),Papa Johns: Salad bar,Per tong,10,0.4,1.9,0.2,0.4,,0.0,1.9,0.6,43,,,,,,vegetarian,false,false,,,On: Papa Johns - Main Menu > SALAD BAR; Saturates are printed higher than fat
potato-salad-ve-ngci,Potato Salad (VE NGCI),Papa Johns: Salad bar,Per spoon,140,1.7,13.8,9.0,0.2,,0.4,0.7,1.1,586,,,,,,vegetarian,false,false,,,On: Papa Johns - Main Menu > SALAD BAR
coleslaw-ve-ngci,Coleslaw (VE NGCI),Papa Johns: Salad bar,Per spoon,138,1.0,3.9,13.1,0.3,,0.6,3.7,1.7,580,,,,,,vegetarian,false,false,,,On: Papa Johns - Main Menu > SALAD BAR
grated-cheese-v-ngci,Grated Cheese (V NGCI),Papa Johns: Salad bar,Per tong,112,6.7,0.5,9.2,5.8,,0.5,0.0,0.0,465,,,,,,vegetarian,false,false,,,On: Papa Johns - Main Menu > SALAD BAR
caesar-dressing-v,Caesar Dressing (V),Papa Johns: Salad bar,Per ladle,147,0.6,2.2,15.0,1.4,,0.4,0.9,0.2,614,,,,,,vegetarian,false,false,,,On: Papa Johns - Main Menu > SALAD BAR
french-dressing-ve-ngci,French Dressing (VE NGCI),Papa Johns: Salad bar,Per ladle,46,0.1,2.8,3.8,0.3,,0.5,2.5,0.1,194,,,,,,vegetarian,false,false,,,On: Papa Johns - Main Menu > SALAD BAR
honey-and-mustard-dressing-v-ngci,Honey & Mustard Dressing (V NGCI),Papa Johns: Salad bar,Per ladle,161,0.5,3.8,16.2,1.2,,0.3,2.6,1.0,663,,,,,,vegetarian,false,false,,,On: Papa Johns - Main Menu > SALAD BAR
pickled-onion-ve-ngci,Pickled Onion (VE NGCI),Papa Johns: Salad bar,Per tong,0,0.0,0.0,0.0,0.0,,0.0,0.0,0.0,0,,,,,,vegetarian,false,false,,,On: Papa Johns - Main Menu > SALAD BAR
gherkin-ve-ngci,Gherkin (VE NGCI),Papa Johns: Salad bar,Per tong,9,0.5,0.8,0.2,0.0,,1.1,0.2,1.1,39,,,,,,vegetarian,false,false,,,On: Papa Johns - Main Menu > SALAD BAR; Fibre is printed higher than carbohydrate (UK carbohydrate excludes fibre)
breadsticks-ve,Breadsticks (VE),Papa Johns: Salad bar,Per stick,44,1.3,7.6,0.9,0.1,,0.2,0.2,0.3,176,,,,,,vegetarian,false,false,,,On: Papa Johns - Main Menu > SALAD BAR
jalapenos-ve-ngci-papa-johns,Jalapeños (VE NGCI) (Papa Johns),Papa Johns: Salad bar,Per tong,3,0.2,0.4,0.1,0.0,,1.5,0.1,0.1,13,,,,,,vegetarian,false,false,,,Printed 'Jalapeños (VE NGCI)'; On: Papa Johns - Main Menu > SALAD BAR
pineapple-pieces-ve-ngci,Pineapple Pieces (VE NGCI),Papa Johns: Salad bar,per spoon,22,0.2,5.2,0.2,0.0,,0.0,5.2,0.0,94,,,,,,vegetarian,false,false,,,On: Papa Johns - Main Menu > SALAD BAR
mac-and-cheese-v,Mac & Cheese (V),Papa Johns: Pasta bar,Per Spoon,658,21.7,81.6,26.8,15.1,,1.8,6.2,3.1,2766,,,,,,vegetarian,false,false,,,On: Papa Johns - Main Menu > PASTA BAR
penne-pomodoro-ve,Penne Pomodoro (VE),Papa Johns: Pasta bar,Per spoon,428,12.2,82.0,4.7,0.8,,1.2,8.6,4.3,1810,,,,,,vegetarian,false,false,,,On: Papa Johns - Main Menu > PASTA BAR
spaghetti-bolognese,Spaghetti Bolognese,Papa Johns: Pasta bar,Per spoon,466,17.7,80.6,6.9,2.3,,1.4,7.5,3.7,1967,,,,,,,false,false,,,On: Papa Johns - Main Menu > PASTA BAR
spaghetti-carbonara,Spaghetti Carbonara,Papa Johns: Pasta bar,Per spoon,458,14.6,80.1,8.1,3.2,,1.3,4.5,3.1,1937,,,,,,,false,false,,,On: Papa Johns - Main Menu > PASTA BAR
fusilli-bolognese,Fusilli Bolognese,Papa Johns: Pasta bar,Per spoon,467,17.7,80.7,6.9,2.3,,1.4,7.5,3.7,1970,,,,,,,false,false,,,On: Papa Johns - Main Menu > PASTA BAR
penne-carbonara,Penne Carbonara,Papa Johns: Pasta bar,Per spoon,459,14.6,80.2,8.1,3.2,,1.3,4.5,3.2,1939,,,,,,,false,false,,,On: Papa Johns - Main Menu > PASTA BAR
orange-soft-whip-ice-cream-ve-ngci,Orange Soft Whip Ice Cream (VE NGCI),Papa Johns: Ice cream factory,Per tub,222,0.8,31.3,10.2,9.1,,0.1,23.4,0.0,929,,,,,,vegetarian,false,false,,,On: Papa Johns - Main Menu > ICE CREAM FACTORY
guinness-pint,Guinness Pint,Drinks: Draught beer and cider,,199,1.7,14.8,0.0,0.0,,0.0,1.1,,818,,,,,,vegetarian,false,false,,,"On: Drinks > Draught Beer & Cider; energy includes alcohol (kcal is higher than protein, carbs and fat explain)"
baileys-irish-cream-liqueur-50ml,Baileys Irish Cream Liqueur 50ml,Drinks: Spirits,,160,1.3,12.0,7.0,4.0,,0.0,10.0,,680,,,,,,,false,false,,,"On: Drinks > Spirits; energy includes alcohol (kcal is higher than protein, carbs and fat explain)"
chambord-raspberry-liqueur-25ml,Chambord Raspberry Liqueur 25ml,Drinks: Spirits,,97,0.0,12.3,0.0,,,0.0,12.3,,405,,,,,,vegetarian,false,false,,,"On: Drinks > Spirits; energy includes alcohol (kcal is higher than protein, carbs and fat explain)"
drambuie-25ml,Drambuie 25ml,Drinks: Spirits,,91,0.0,8.0,0.0,0.0,,0.0,8.0,0.0,382,,,,,,vegetarian,false,false,,,"On: Drinks > Spirits; energy includes alcohol (kcal is higher than protein, carbs and fat explain)"
warm-mulled-wine-ve-ngci,Warm Mulled Wine (VE NGCI),Drinks: Wine,,16,0.2,2.4,0.0,,,,2.4,0.2,68,,,,,,vegetarian,false,false,,,On: Drinks > Wine
schweppes-blackcurrant-cordial-small,Schweppes Blackcurrant Cordial Small,Drinks: Soft drinks (draught),,35,0.0,7.7,0.0,0.0,,0.0,7.7,0.0,145,,,,,,vegetarian,false,false,,,On: Drinks > Soft Drinks - Draught
coca-cola-dash,Coca Cola Dash,Drinks: Soft drinks (draught),,60,0.0,15.1,0.0,0.0,,0.0,15.1,0.0,256,,,,,,vegetarian,false,false,,,On: Drinks > Soft Drinks - Draught
coca-cola-small,Coca Cola Small,Drinks: Soft drinks (draught),,117,0.1,29.3,0.0,0.0,,0.0,29.3,0.0,502,,,,,,vegetarian,false,false,,,On: Drinks > Soft Drinks - Draught
coca-cola-regular,Coca Cola Regular,Drinks: Soft drinks (draught),,206,0.1,51.9,0.0,0.0,,0.0,51.9,0.0,884,,,,,,vegetarian,false,false,,,On: Drinks > Soft Drinks - Draught
coca-cola-large,Coca Cola Large,Drinks: Soft drinks (draught),,265,0.1,66.7,0.0,0.0,,0.0,66.7,0.0,1136,,,,,,vegetarian,false,false,,,On: Drinks > Soft Drinks - Draught
coca-cola-zero-dash,Coca Cola Zero Dash,Drinks: Soft drinks (draught),,0,0.0,0.0,0.0,0.0,,0.0,0.0,0.0,2,,,,,,vegetarian,false,false,,,On: Drinks > Soft Drinks - Draught
coca-cola-zero-small,Coca Cola Zero Small,Drinks: Soft drinks (draught),,5,0.1,0.1,0.0,0.0,,0.0,0.1,0.4,20,,,,,,vegetarian,false,false,,,On: Drinks > Soft Drinks - Draught; Fibre is printed higher than carbohydrate (UK carbohydrate excludes fibre)
coca-cola-zero-regular,Coca Cola Zero Regular,Drinks: Soft drinks (draught),,6,0.1,0.1,0.0,0.0,,0.0,0.1,0.4,24,,,,,,vegetarian,false,false,,,On: Drinks > Soft Drinks - Draught; Fibre is printed higher than carbohydrate (UK carbohydrate excludes fibre)
coca-cola-zero-large,Coca Cola Zero Large,Drinks: Soft drinks (draught),,6,0.1,0.1,0.0,0.0,,0.0,0.1,0.4,26,,,,,,vegetarian,false,false,,,On: Drinks > Soft Drinks - Draught; Fibre is printed higher than carbohydrate (UK carbohydrate excludes fibre)
diet-coke-dash,Diet Coke Dash,Drinks: Soft drinks (draught),,1,0.0,0.0,0.0,0.0,,0.0,0.0,0.0,2,,,,,,vegetarian,false,false,,,On: Drinks > Soft Drinks - Draught
diet-coke-small,Diet Coke Small,Drinks: Soft drinks (draught),,5,0.1,0.1,0.0,0.0,,0.0,0.1,0.4,21,,,,,,vegetarian,false,false,,,On: Drinks > Soft Drinks - Draught; Fibre is printed higher than carbohydrate (UK carbohydrate excludes fibre)
diet-coke-regular,Diet Coke Regular,Drinks: Soft drinks (draught),,6,0.1,0.1,0.0,0.0,,0.0,0.1,0.4,25,,,,,,vegetarian,false,false,,,On: Drinks > Soft Drinks - Draught; Fibre is printed higher than carbohydrate (UK carbohydrate excludes fibre)
diet-coke-large,Diet Coke Large,Drinks: Soft drinks (draught),,7,0.1,0.1,0.0,0.0,,0.0,0.1,0.4,28,,,,,,vegetarian,false,false,,,On: Drinks > Soft Drinks - Draught; Fibre is printed higher than carbohydrate (UK carbohydrate excludes fibre)
dr-pepper-zero-dash,Dr Pepper Zero Dash,Drinks: Soft drinks (draught),,0,0.0,0.0,0.0,,,0.0,0.0,,1,,,,,,vegetarian,false,false,,,On: Drinks > Soft Drinks - Draught
dr-pepper-zero-small,Dr Pepper Zero Small,Drinks: Soft drinks (draught),,1,0.0,0.0,0.0,,,0.0,0.0,,2,,,,,,vegetarian,false,false,,,On: Drinks > Soft Drinks - Draught
dr-pepper-zero-regular,Dr Pepper Zero Regular,Drinks: Soft drinks (draught),,1,0.0,0.0,0.0,,,0.0,0.0,,4,,,,,,vegetarian,false,false,,,On: Drinks > Soft Drinks - Draught
dr-pepper-zero-large,Dr Pepper Zero Large,Drinks: Soft drinks (draught),,1,0.0,0.0,0.0,,,0.0,0.0,,6,,,,,,vegetarian,false,false,,,On: Drinks > Soft Drinks - Draught
fanta-orange-dash,Fanta Orange Dash,Drinks: Soft drinks (draught),,27,0.0,6.5,0.0,0.0,,0.0,6.5,0.0,115,,,,,,vegetarian,false,false,,,On: Drinks > Soft Drinks - Draught
fanta-orange-small,Fanta Orange Small,Drinks: Soft drinks (draught),,56,0.1,13.4,0.0,0.0,,0.0,13.4,0.2,237,,,,,,,false,false,,,On: Drinks > Soft Drinks - Draught
fanta-orange-regular,Fanta Orange Regular,Drinks: Soft drinks (draught),,96,0.1,23.1,0.0,0.0,,0.0,23.1,0.2,409,,,,,,,false,false,,,On: Drinks > Soft Drinks - Draught
fanta-orange-large,Fanta Orange Large,Drinks: Soft drinks (draught),,130,0.1,31.5,0.0,0.0,,0.0,31.5,0.2,556,,,,,,,false,false,,,On: Drinks > Soft Drinks - Draught
kulana-orange-juice-glass,Kulana Orange Juice Glass,Drinks: Soft drinks (draught),,60,0.8,13.0,0.0,0.0,,0.0,13.0,0.0,250,,,,,,vegetarian,false,false,,,On: Drinks > Soft Drinks - Draught
schweppes-lemonade-dash,Schweppes Lemonade Dash,Drinks: Soft drinks (draught),,26,0.0,6.0,0.0,0.0,,0.0,6.0,0.0,111,,,,,,vegetarian,false,false,,,On: Drinks > Soft Drinks - Draught
schweppes-lemonade-small,Schweppes Lemonade Small,Drinks: Soft drinks (draught),,49,0.1,11.2,0.0,0.0,,0.0,11.2,0.0,210,,,,,,vegetarian,false,false,,,On: Drinks > Soft Drinks - Draught
schweppes-lemonade-regular,Schweppes Lemonade Regular,Drinks: Soft drinks (draught),,84,0.1,19.5,0.0,0.0,,0.0,19.5,0.0,365,,,,,,vegetarian,false,false,,,On: Drinks > Soft Drinks - Draught
schweppes-lemonade-large,Schweppes Lemonade Large,Drinks: Soft drinks (draught),,115,0.1,26.7,0.0,0.0,,0.0,26.7,0.0,498,,,,,,vegetarian,false,false,,,On: Drinks > Soft Drinks - Draught
sprite-no-sugar-dash,Sprite No Sugar Dash,Drinks: Soft drinks (draught),,1,0.0,0.0,0.0,0.0,,0.0,0.0,0.0,6,,,,,,vegetarian,false,false,,,On: Drinks > Soft Drinks - Draught
sprite-no-sugar-small,Sprite No Sugar Small,Drinks: Soft drinks (draught),,7,0.1,0.1,0.0,0.0,,0.0,0.1,0.4,31,,,,,,vegetarian,false,false,,,On: Drinks > Soft Drinks - Draught; Fibre is printed higher than carbohydrate (UK carbohydrate excludes fibre)
sprite-no-sugar-regular,Sprite No Sugar Regular,Drinks: Soft drinks (draught),,9,0.1,0.1,0.0,0.0,,0.0,0.1,0.4,41,,,,,,vegetarian,false,false,,,On: Drinks > Soft Drinks - Draught; Fibre is printed higher than carbohydrate (UK carbohydrate excludes fibre)
sprite-no-sugar-large,Sprite No Sugar Large,Drinks: Soft drinks (draught),,11,0.1,0.1,0.0,0.0,,0.0,0.1,0.4,50,,,,,,vegetarian,false,false,,,On: Drinks > Soft Drinks - Draught; Fibre is printed higher than carbohydrate (UK carbohydrate excludes fibre)
sunpride-apple-juice,Sunpride Apple Juice,Drinks: Soft drinks (draught),,118,0.3,28.0,0.0,0.0,,0.0,27.5,0.0,500,,,,,,vegetarian,false,false,,,On: Drinks > Soft Drinks - Draught
orchard-grove-orange-juice-glass,Orchard Grove Orange Juice Glass,Drinks: Soft drinks (draught),,60,0.8,13.0,0.0,0.0,,0.0,13.0,0.0,250,,,,,,vegetarian,false,false,,,On: Drinks > Soft Drinks - Draught
cranberry-juice,Cranberry Juice,Drinks: Soft drinks (draught),,60,1.3,12.3,1.3,0.3,,0.0,12.0,0.0,203,,,,,,vegetarian,false,false,,,"On: Drinks > Soft Drinks - Draught; Printed calories (60) differ from the energy of the printed protein, carbs and fat (about 66 kcal) by 10%"
schweppes-lemonade-with-orange-juice-small,Schweppes Lemonade with Orange Juice Small,Drinks: Soft drinks (draught),,59,0.5,13.2,0.0,0.0,,0.0,13.2,0.3,250,,,,,,vegetarian,false,false,,,On: Drinks > Soft Drinks - Draught
schweppes-lemonade-with-orange-juice-regular,Schweppes Lemonade with Orange Juice Regular,Drinks: Soft drinks (draught),,101,0.8,22.7,0.0,0.0,,0.0,22.7,0.3,429,,,,,,vegetarian,false,false,,,On: Drinks > Soft Drinks - Draught
schweppes-lemonade-with-orange-juice-large,Schweppes Lemonade with Orange Juice Large,Drinks: Soft drinks (draught),,124,1.0,27.8,0.0,0.0,,0.0,27.8,0.3,526,,,,,,vegetarian,false,false,,,On: Drinks > Soft Drinks - Draught
glass-of-cold-milk-kids,Glass of cold milk (Kids),Drinks: Soft drinks (draught),,104,7.9,10.4,3.4,2.0,,0.2,10.4,0.0,438,,,,,,vegetarian,false,false,,,On: Drinks > Soft Drinks - Draught
draught-energy-large,Draught Energy Large,Drinks: Soft drinks (draught),,15,0.0,0.6,0.0,0.0,,0.2,0.0,0.0,57,,,,,,vegetarian,false,false,,,On: Drinks > Soft Drinks - Draught
draught-energy-regular,Draught Energy Regular,Drinks: Soft drinks (draught),,11,0.0,0.5,0.0,0.0,,0.1,0.0,0.0,42,,,,,,vegetarian,false,false,,,On: Drinks > Soft Drinks - Draught
draught-energy-small,Draught Energy Small,Drinks: Soft drinks (draught),,6,0.0,0.3,0.0,0.0,,0.1,0.0,0.0,23,,,,,,vegetarian,false,false,,,On: Drinks > Soft Drinks - Draught
guinness-zero-draught-0-0-can,Guinness Zero Draught 0.0% Can,Drinks: Bottled beer and cider,,307,7.5,66.7,0.0,0.0,,,,,,,,,,,vegetarian,false,false,,,On: Drinks > Bottled Beer
rekorderlig-strawberry-and-lime-alcohol-free-cider-500ml-bottle,Rekorderlig Strawberry & Lime Alcohol Free Cider 500ml bottle,Drinks: Bottled beer and cider,,200,1.5,49.0,0.6,0.5,,0.2,48.5,,840,,,,,,vegetarian,false,false,,,On: Drinks > Bottled Beer
vk-strawberry-and-lime-275ml,VK Strawberry & Lime 275ml,Drinks: Bottled beer and cider,,129,0.1,18.7,0.0,0.0,,0.0,16.2,0.0,564,,,,,,vegetarian,false,false,,,"On: Drinks > Bottled Beer; energy includes alcohol (kcal is higher than protein, carbs and fat explain)"
vk-tropical-fruit-275ml,VK Tropical Fruit 275ml,Drinks: Bottled beer and cider,,0,0.1,14.9,0.0,0.0,,0.0,13.8,0.0,127,,,,,,vegetarian,false,false,,,On: Drinks > Bottled Beer
fruit-drop-mocktail,Fruit Drop Mocktail,Drinks: Cocktails,,75,0.4,16.5,0.1,0.0,,0.0,16.1,,318,,,,,,vegetarian,false,false,,,On: Drinks > Cocktails
pimms,Pimms,Drinks: Cocktails,,132,0.6,13.6,0.2,0.0,,0.0,12.9,,557,,,,,,vegetarian,false,false,,,"On: Drinks > Cocktails; energy includes alcohol (kcal is higher than protein, carbs and fat explain)"
pineapple-dream-mocktail,Pineapple Dream Mocktail,Drinks: Cocktails,,187,1.5,42.7,1.0,0.7,,0.0,42.7,,802,,,,,,,false,false,,,On: Drinks > Cocktails
strawberry-burst-mocktail,Strawberry Burst Mocktail,Drinks: Cocktails,,75,0.4,17.4,0.0,0.0,,0.0,17.0,,318,,,,,,vegetarian,false,false,,,On: Drinks > Cocktails
appletiser-275ml-bottle,Appletiser 275ml bottle,Drinks: Soft drinks (bottled),,131,0.0,30.4,0.0,0.0,,0.0,29.0,0.0,542,,,,,,vegetarian,false,false,,,On: Drinks > Soft Drinks - Bottled
britvic-orange-juice-mixer-200ml,Britvic Orange Juice Mixer 200ml,Drinks: Soft drinks (bottled),,90,0.0,19.6,0.0,0.0,,0.0,19.6,0.0,374,,,,,,vegetarian,false,false,,,"On: Drinks > Soft Drinks - Bottled; Printed calories (90) differ from the energy of the printed protein, carbs and fat (about 78 kcal) by 13% (the printed kJ agrees with the printed kcal)"
coca-cola-glass-bottle-330ml,Coca-Cola Glass Bottle 330ml,Drinks: Soft drinks (bottled),,136,0.1,34.0,0.0,0.0,,0.0,34.0,0.0,580,,,,,,vegetarian,false,false,,,On: Drinks > Soft Drinks - Bottled
diet-coke-glass-bottle-330ml,Diet Coke Glass Bottle 330ml,Drinks: Soft drinks (bottled),,5,0.1,0.1,0.0,0.0,,0.0,0.1,0.4,22,,,,,,vegetarian,false,false,,,On: Drinks > Soft Drinks - Bottled; Fibre is printed higher than carbohydrate (UK carbohydrate excludes fibre)
coca-cola-150ml-can,Coca Cola 150ml Can,Drinks: Soft drinks (bottled),,63,0.0,15.9,0.0,0.0,,0.0,15.9,0.0,270,,,,,,vegetarian,false,false,,,On: Drinks > Soft Drinks - Bottled
diet-coke-150ml-can,Diet Coke 150ml Can,Drinks: Soft drinks (bottled),,1,0.0,0.0,0.0,0.0,,0.0,0.0,0.0,2,,,,,,vegetarian,false,false,,,On: Drinks > Soft Drinks - Bottled
fanta-orange-330ml-icon-bottle,Fanta Orange 330ml Icon bottle,Drinks: Soft drinks (bottled),,66,0.1,16.0,0.0,0.0,,0.0,16.0,0.2,283,,,,,,,false,false,,,On: Drinks > Soft Drinks - Bottled
fruit-shoot-apple-and-blackcurrant-250ml,Fruit Shoot Apple & Blackcurrant 250ml,Drinks: Soft drinks (bottled),,10,0.0,2.0,0.0,0.0,,0.1,1.8,0.0,45,,,,,,vegetarian,false,false,,,On: Drinks > Soft Drinks - Bottled
fruit-shoot-orange-250ml,Fruit Shoot Orange 250ml,Drinks: Soft drinks (bottled),,15,0.0,3.0,0.0,0.0,,0.1,3.0,0.0,65,,,,,,vegetarian,false,false,,,On: Drinks > Soft Drinks - Bottled
harrogate-still-water-330ml-pet,Harrogate Still Water 330ml PET,Drinks: Soft drinks (bottled),,0,0.0,0.0,0.0,0.0,,0.0,0.0,0.0,0,,,,,,vegetarian,false,false,,,On: Drinks > Soft Drinks - Bottled
innocent-juicy-water-apples-and-strawberries-200ml-carton,Innocent Juicy Water Apples & Strawberries 200ml carton,Drinks: Soft drinks (bottled),,64,2.2,13.2,0.2,0.0,,0.0,13.2,0.0,270,,,,,,vegetarian,false,false,,,On: Drinks > Soft Drinks - Bottled
innocent-juicy-water-apples-and-mangoes-200ml-carton,Innocent Juicy Water Apples & Mangoes 200ml carton,Drinks: Soft drinks (bottled),,56,1.6,12.2,0.0,0.0,,0.0,12.2,0.0,234,,,,,,vegetarian,false,false,,,On: Drinks > Soft Drinks - Bottled
monster-energy-500ml-can,Monster Energy 500ml Can,Drinks: Soft drinks (bottled),,235,0.0,60.0,0.0,0.0,,0.0,55.0,0.0,1005,,,,,,vegetarian,false,false,,,On: Drinks > Soft Drinks - Bottled
monster-mango-loco-500ml-can,Monster Mango Loco 500ml Can,Drinks: Soft drinks (bottled),,240,0.0,60.0,0.0,0.0,,0.0,55.0,0.0,1015,,,,,,vegetarian,false,false,,,On: Drinks > Soft Drinks - Bottled
monster-ultra-500ml-can,Monster Ultra 500ml Can,Drinks: Soft drinks (bottled),,10,0.0,0.0,0.0,0.0,,0.0,0.0,0.0,50,,,,,,vegetarian,false,false,,,On: Drinks > Soft Drinks - Bottled
oasis-summer-fruits-can-330ml,Oasis Summer Fruits Can 330ml,Drinks: Soft drinks (bottled),,11,0.0,1.7,0.0,0.0,,0.0,0.0,0.0,46,,,,,,vegetarian,false,false,,,On: Drinks > Soft Drinks - Bottled
oasis-summer-fruits-500ml-bottle,Oasis Summer Fruits 500ml Bottle,Drinks: Soft drinks (bottled),,380,0.0,20.5,0.0,0.0,,0.0,20.0,0.0,90,,,,,,vegetarian,false,false,,,"On: Drinks > Soft Drinks - Bottled; Printed calories (380) differ from the energy of the printed protein, carbs and fat (about 82 kcal) by 78%"
powerade-berry-and-tropical-500ml,Powerade Berry & Tropical 500ml,Drinks: Soft drinks (bottled),,385,0.0,20.5,0.0,0.0,,0.0,20.5,0.0,90,,,,,,vegetarian,false,false,,,"On: Drinks > Soft Drinks - Bottled; Printed calories (385) differ from the energy of the printed protein, carbs and fat (about 82 kcal) by 79%"
red-bull-250ml-can,Red Bull 250ml Can,Drinks: Soft drinks (bottled),,115,0.0,27.5,0.0,0.0,,0.0,27.5,0.0,488,,,,,,vegetarian,false,false,,,On: Drinks > Soft Drinks - Bottled
schweppes-bitter-lemon-200ml,Schweppes Bitter Lemon 200ml,Drinks: Soft drinks (bottled),,38,0.0,9.0,0.0,0.0,,0.0,9.0,0.0,164,,,,,,vegetarian,false,false,,,On: Drinks > Soft Drinks - Bottled
schweppes-orange-juice-200ml,Schweppes Orange Juice 200ml,Drinks: Soft drinks (bottled),,94,1.0,22.4,0.0,0.0,,0.0,22.4,0.0,394,,,,,,vegetarian,false,false,,,On: Drinks > Soft Drinks - Bottled
schweppes-pineapple-juice-200ml,Schweppes Pineapple Juice 200ml,Drinks: Soft drinks (bottled),,108,0.0,25.8,0.0,0.0,,0.0,25.8,0.0,456,,,,,,vegetarian,false,false,,,On: Drinks > Soft Drinks - Bottled
schweppes-slim-tonic-water-200ml,Schweppes Slim Tonic Water 200ml,Drinks: Soft drinks (bottled),,16,0.0,0.0,0.0,0.0,,0.0,0.0,0.0,4,,,,,,vegetarian,false,false,,,On: Drinks > Soft Drinks - Bottled
schweppes-tomato-juice-200ml,Schweppes Tomato Juice 200ml,Drinks: Soft drinks (bottled),,28,0.0,6.0,0.0,0.0,,0.0,6.0,0.0,124,,,,,,vegetarian,false,false,,,On: Drinks > Soft Drinks - Bottled
schweppes-slimline-bitter-lemon-200ml,Schweppes Slimline Bitter Lemon 200ml,Drinks: Soft drinks (bottled),,8,0.0,0.0,0.0,0.0,,0.0,0.0,0.0,36,,,,,,vegetarian,false,false,,,On: Drinks > Soft Drinks - Bottled
schweppes-ginger-beer-200ml,Schweppes Ginger Beer 200ml,Drinks: Soft drinks (bottled),,44,0.0,9.8,0.0,0.0,,0.0,9.8,0.0,180,,,,,,vegetarian,false,false,,,On: Drinks > Soft Drinks - Bottled
schweppes-tonic-water-200ml,Schweppes Tonic Water 200ml,Drinks: Soft drinks (bottled),,42,0.0,9.8,0.0,0.0,,0.0,9.8,0.0,178,,,,,,vegetarian,false,false,,,On: Drinks > Soft Drinks - Bottled
smart-still-water-600ml,Smart Still Water 600ml,Drinks: Soft drinks (bottled),,0,0.0,0.0,0.0,0.0,,0.0,0.0,0.0,0,,,,,,vegetarian,false,false,,,On: Drinks > Soft Drinks - Bottled
smart-sparkling-water-600ml,Smart Sparkling Water 600ml,Drinks: Soft drinks (bottled),,0,0.0,0.0,0.0,0.0,,0.0,0.0,0.0,0,,,,,,vegetarian,false,false,,,On: Drinks > Soft Drinks - Bottled
coca-cola-500ml-pet-bottle,Coca Cola 500ml PET bottle,Drinks: Soft drinks (bottled),,210,0.0,53.0,0.0,0.0,,0.0,53.0,0.0,900,,,,,,vegetarian,false,false,,,On: Drinks > Soft Drinks - Bottled
coca-cola-zero-sugar-500ml-pet,Coca Cola Zero Sugar 500ml PET,Drinks: Soft drinks (bottled),,2,0.0,0.0,0.0,0.0,,0.0,0.0,0.0,7,,,,,,vegetarian,false,false,,,On: Drinks > Soft Drinks - Bottled
diet-coke-500ml-pet-bottle,Diet Coke 500ml PET bottle,Drinks: Soft drinks (bottled),,2,0.0,0.0,0.0,0.0,,0.0,0.0,0.0,8,,,,,,vegetarian,false,false,,,On: Drinks > Soft Drinks - Bottled
dr-pepper-500ml-pet-bottle,Dr Pepper 500ml PET Bottle,Drinks: Soft drinks (bottled),,100,0.0,24.5,0.0,0.0,,0.0,24.5,0.0,425,,,,,,vegetarian,false,false,,,On: Drinks > Soft Drinks - Bottled
fanta-orange-500ml-pet-bottle,Fanta Orange 500ml PET Bottle,Drinks: Soft drinks (bottled),,95,0.0,23.0,0.0,0.0,,0.0,23.0,0.0,405,,,,,,vegetarian,false,false,,,On: Drinks > Soft Drinks - Bottled
fanta-orange-zero-pet-500ml-bottle,Fanta Orange Zero PET 500ml Bottle,Drinks: Soft drinks (bottled),,16,0.0,2.5,0.0,0.0,,0.0,2.5,0.0,65,,,,,,vegetarian,false,false,,,On: Drinks > Soft Drinks - Bottled
sprite-500ml-pet-bottle,Sprite 500ml PET Bottle,Drinks: Soft drinks (bottled),,70,0.0,16.5,0.0,0.0,,0.0,16.5,0.0,305,,,,,,vegetarian,false,false,,,On: Drinks > Soft Drinks - Bottled
sprite-zero-500ml-pet-bottle,Sprite Zero 500ml PET Bottle,Drinks: Soft drinks (bottled),,5,0.0,0.0,0.0,0.0,,0.0,0.0,0.0,25,,,,,,vegetarian,false,false,,,On: Drinks > Soft Drinks - Bottled
coca-cola-can-330ml,Coca-Cola Can 330ml,Drinks: Soft drinks (bottled),,139,0.0,36.3,0.0,0.0,,0.0,36.3,0.0,594,,,,,,vegetarian,false,false,,,On: Drinks > Soft Drinks - Bottled
diet-coke-can-330ml,Diet Coke Can 330ml,Drinks: Soft drinks (bottled),,1,0.0,0.0,0.0,0.0,,0.0,0.0,0.0,5,,,,,,vegetarian,false,false,,,On: Drinks > Soft Drinks - Bottled
dr-pepper-can-330ml,Dr Pepper Can 330ml,Drinks: Soft drinks (bottled),,66,0.0,16.5,0.0,0.0,,0.0,16.5,0.0,281,,,,,,vegetarian,false,false,,,On: Drinks > Soft Drinks - Bottled
fanta-can-330ml,Fanta Can 330ml,Drinks: Soft drinks (bottled),,63,0.0,16.5,0.0,0.0,,0.0,16.5,0.0,267,,,,,,vegetarian,false,false,,,On: Drinks > Soft Drinks - Bottled
sprite-can-330ml,Sprite Can 330ml,Drinks: Soft drinks (bottled),,46,0.0,9.9,0.0,0.0,,0.0,9.9,0.0,201,,,,,,vegetarian,false,false,,,On: Drinks > Soft Drinks - Bottled
sprite-no-sugar-can-330ml,Sprite No Sugar Can 330ml,Drinks: Soft drinks (bottled),,3,0.0,0.0,0.0,0.0,,0.0,0.0,0.0,17,,,,,,vegetarian,false,false,,,On: Drinks > Soft Drinks - Bottled
slushy-jacks-cherry-regular,Slushy Jack's Cherry Regular,Drinks: Slush,,11,0.0,2.9,0.0,0.0,,0.0,2.4,0.4,45,,,,,,vegetarian,false,false,,,On: Drinks > Soft Drinks - Slush
slushy-jacks-lemon-and-lime-regular,Slushy Jack's Lemon & Lime Regular,Drinks: Slush,,11,0.0,2.9,0.0,0.0,,0.0,2.4,0.4,45,,,,,,vegetarian,false,false,,,On: Drinks > Soft Drinks - Slush
slushy-jacks-raspberry-regular,Slushy Jack's Raspberry Regular,Drinks: Slush,,11,0.0,2.9,0.0,0.0,,0.0,2.4,0.4,45,,,,,,vegetarian,false,false,,,On: Drinks > Soft Drinks - Slush
slushy-jacks-strawberry-regular,Slushy Jack's Strawberry Regular,Drinks: Slush,,11,0.0,2.9,0.0,0.0,,0.0,2.4,0.4,45,,,,,,vegetarian,false,false,,,On: Drinks > Soft Drinks - Slush
coke-frozen-regular,Coke Frozen Regular,Drinks: Slush,,12,0.0,3.1,0.0,0.0,,0.0,3.1,,54,,,,,,vegetarian,false,false,,,On: Drinks > Soft Drinks - Slush
frozen-fanta-lemon-regular,Frozen Fanta Lemon Regular,Drinks: Slush,,10,0.0,2.7,0.0,0.0,,0.0,1.7,,44,,,,,,vegetarian,false,false,,,On: Drinks > Soft Drinks - Slush
frozen-fanta-raspberry-regular,Frozen Fanta Raspberry Regular,Drinks: Slush,,11,0.0,2.7,0.0,0.0,,0.0,1.7,,45,,,,,,vegetarian,false,false,,,On: Drinks > Soft Drinks - Slush
frozen-fanta-strawberry-regular,Frozen Fanta Strawberry Regular,Drinks: Slush,,11,0.0,2.7,0.0,0.0,,0.0,1.7,,45,,,,,,vegetarian,false,false,,,On: Drinks > Soft Drinks - Slush
oat-drink,Oat Drink,Drinks: Hot drinks,,11,0.2,1.6,0.4,0.1,,0.0,0.8,0.4,47,,,,,,vegetarian,false,false,,,On: Drinks > Hot Drinks
soya-drink-drinks-menu,Soya Drink (Drinks menu),Drinks: Hot drinks,,8,0.8,0.0,0.5,0.1,,0.0,0.0,0.2,33,,,,,,vegetarian,false,false,,,Printed 'Soya Drink'; On: Drinks > Hot Drinks; Fibre is printed higher than carbohydrate (UK carbohydrate excludes fibre)
hot-chocolate-with-semi-skimmed-milk,Hot Chocolate with semi skimmed milk,Drinks: Hot drinks,,213,8.5,32.1,5.3,3.7,,0.6,30.1,1.3,894,,,,,,vegetarian,false,false,,,On: Drinks > Hot Drinks
hot-chocolate-with-whole-milk,Hot Chocolate with whole milk,Drinks: Hot drinks,,247,8.3,31.7,9.3,6.5,,0.6,29.7,1.3,1032,,,,,,vegetarian,false,false,,,On: Drinks > Hot Drinks
hot-chocolate-with-soya-drink,Hot Chocolate with Soya Drink,Drinks: Hot drinks,,185,8.1,22.9,6.1,2.5,,0.4,20.9,2.5,772,,,,,,vegetarian,false,false,,,On: Drinks > Hot Drinks
filter-coffee-with-semi-skimmed-milk,Filter Coffee with semi skimmed milk,Drinks: Hot drinks,,12,0.9,1.1,0.4,0.2,,0.0,1.1,0.0,49,,,,,,vegetarian,false,false,,,On: Drinks > Hot Drinks
filter-coffee-with-whole-milk,Filter Coffee with whole milk,Drinks: Hot drinks,,16,0.8,1.1,0.9,0.6,,0.0,1.1,0.0,66,,,,,,vegetarian,false,false,,,On: Drinks > Hot Drinks
filter-coffee-with-soya-drink,Filter Coffee with Soya Drink,Drinks: Hot drinks,,8,0.8,0.0,0.5,0.1,,0.0,0.0,0.2,34,,,,,,vegetarian,false,false,,,On: Drinks > Hot Drinks; Fibre is printed higher than carbohydrate (UK carbohydrate excludes fibre)
cream-for-coffee,Cream for coffee,Drinks: Hot drinks,,226,0.9,1.0,24.4,15.2,,0.0,1.0,0.0,932,,,,,,vegetarian,false,false,,,On: Drinks > Hot Drinks
baileys-irish-cream-liqueur-coffee,Baileys Irish Cream Liqueur Coffee,Drinks: Hot drinks,,386,2.2,12.9,31.4,19.2,,0.0,10.9,,1613,,,,,,,false,false,,,"On: Drinks > Hot Drinks; Printed calories (386) differ from the energy of the printed protein, carbs and fat (about 343 kcal) by 11% (the printed kJ agrees with the printed kcal)"
hot-chocolate,Hot Chocolate,Drinks: Hot drinks,,205,8.9,32.6,3.8,2.3,,0.2,31.4,2.3,861,,,,,,vegetarian,false,false,,,On: Drinks > Hot Chocolate
ultimate-hot-chocolate,Ultimate Hot Chocolate,Drinks: Hot drinks,,325,10.1,42.6,12.3,8.3,,0.2,40.3,2.4,1362,,,,,,,false,false,,,On: Drinks > Hot Chocolate
