id,name,category,serving,calories,protein_g,carbs_g,fat_g,sat_fat_g,sodium_mg,salt_g,sugar_g,fiber_g,energy_kj,weight_g,mono_fat_g,poly_fat_g,trans_fat_g,caffeine_mg,tags,limited_time,rankable,components,added_on,notes
sticky-toffee-muffin,Sticky Toffee Muffin,Classic muffins,,628,,,,,,,,,,,,,,,,false,false,,,"Printed 'Sticky Toffee Muffin' on page 3, 628 kcal"
polka-dot-muffin,Polka Dot Muffin,Classic muffins,,602,,,,,,,,,,,,,,,,false,false,,,"Printed 'Polka Dot Muffin' on page 3, 602 kcal"
chocolate-chunk-muffin,Chocolate Chunk Muffin,Classic muffins,,554,,,,,,,,,,,,,,,,false,false,,,"Printed 'Chocolate Chunk Muffin' on page 3, 554 kcal"
double-chocolate-muffin,Double Chocolate Muffin,Classic muffins,,639,,,,,,,,,,,,,,,,false,false,,,"Printed 'Double Chocolate Muffin' on page 3, 639 kcal"
double-chocolate-butterfly-muffin,Double Chocolate Butterfly Muffin,Classic muffins,,699,,,,,,,,,,,,,,,,false,false,,,"Printed 'Double Chocolate Butterfly Muffin' on page 3, 699 kcal"
raspberry-and-apple-crumble-muffin,Raspberry & Apple Crumble Muffin,Classic muffins,,451,,,,,,,,,,,,,,,,false,false,,,"Printed 'Raspberry & Apple Crumble Muffin' on page 3, 451 kcal"
apple-and-cinnamon-muffin,Apple & Cinnamon Muffin,Classic muffins,,433,,,,,,,,,,,,,,,,false,false,,,"Printed 'Apple & Cinnamon Muffin' on page 3, 433 kcal"
blueberry-muffin-cr-me,Blueberry Muffin - Crème,Classic muffins,,408,,,,,,,,,,,,,,,,false,false,,,"Printed 'Blueberry Muffin - Crème' on page 3, 408 kcal"
double-chocolate-and-strawberry-muffin,Double Chocolate and Strawberry Muffin,Classic muffins,,627,,,,,,,,,,,,,,,,false,false,,,"Printed 'Double Chocolate and Strawberry Muffin' on page 3, 627 kcal"
cappuccino-muffin,Cappuccino Muffin,Classic muffins,,667,,,,,,,,,,,,,,,,false,false,,,"Printed 'Cappuccino Muffin' on page 3, 667 kcal"
blackberry-and-apple-clamshell-muffin,Blackberry & Apple Clamshell Muffin,Limited edition muffins,,532,,,,,,,,,,,,,,,,true,false,,,"Printed 'Blackberry & Apple Clamshell Muffin' on page 3, 532 kcal"
tiramisu-muffin,Tiramisu Muffin,Limited edition muffins,,611,,,,,,,,,,,,,,,,true,false,,,"Printed 'Tiramisu Muffin' on page 3, 611 kcal; marked NEW"
chocolate-fudge-brownie-muffin,Chocolate Fudge Brownie Muffin,Limited edition muffins,,705,,,,,,,,,,,,,,,,true,false,,,"Printed 'Chocolate Fudge Brownie Muffin' on page 3, 705 kcal"
victoria-sponge-muffin,Victoria Sponge Muffin,Deluxe muffins,,698,,,,,,,,,,,,,,,,false,false,,,"Printed 'Victoria Sponge Muffin' on page 3, 698 kcal"
blueberry-muffin,Blueberry Muffin,Made without gluten muffins,,503,,,,,,,,,,,,,,,,false,false,,,"Printed 'Blueberry Muffin' on page 3, 503 kcal; guide note: Made in a kitchen containing Gluten, we cannot guarantee it is suitable for Coeliac’s"
banana-bread-muffin,Banana Bread Muffin,Made without gluten muffins,,537,,,,,,,,,,,,,,,,false,false,,,"Printed 'Banana Bread Muffin' on page 3, 537 kcal; marked NEW; guide note: Made in a kitchen containing Gluten, we cannot guarantee it is suitable for Coeliac’s"
caramel-apple-vegan-muffin,Caramel Apple Vegan Muffin,Vegan muffins,,510,,,,,,,,,,,,,,,vegetarian,false,false,,,"Printed 'Caramel Apple Vegan Muffin' on page 3, 510 kcal; marked NEW"
chocolate-mini-muffin-no-topping,Chocolate Mini Muffin - No Topping,Mini muffins,,101,,,,,,,,,,,,,,,,false,false,,,"Printed 'Chocolate Mini Muffin - No Topping' on page 3, 101 kcal"
cr-me-mini-muffin-no-topping,Crème Mini Muffin - No Topping,Mini muffins,,106,,,,,,,,,,,,,,,,false,false,,,"Printed 'Crème Mini Muffin - No Topping' on page 3, 106 kcal"
lemon-cupcake,Lemon Cupcake,Cupcakes,,256,,,,,,,,,,,,,,,,false,false,,,"Printed 'Lemon Cupcake' on page 4, 256 kcal"
vanilla-cupcake,Vanilla Cupcake,Cupcakes,,321,,,,,,,,,,,,,,,,false,false,,,"Printed 'Vanilla Cupcake' on page 4, 321 kcal"
triple-chocolate-cupcake,Triple Chocolate Cupcake,Cupcakes,,320,,,,,,,,,,,,,,,,false,false,,,"Printed 'Triple Chocolate Cupcake' on page 4, 320 kcal"
white-belgian-chocolate-chunk-and-raspberry-cookie,White Belgian Chocolate Chunk & Raspberry Cookie,Cookies,,335,,,,,,,,,,,,,,,,false,false,,,"Printed 'White belgian Chocolate Chunk & Raspberry Cookie' on page 4, 335 kcal; name tidied, spelling as printed above"
belgian-chocolate-cookie,Belgian Chocolate Cookie,Cookies,,330,,,,,,,,,,,,,,,,false,false,,,"Printed 'Belgian Chocolate Cookie' on page 4, 330 kcal"
double-chocolate-belgian-cookie,Double Chocolate Belgian Cookie,Cookies,,336,,,,,,,,,,,,,,,,false,false,,,"Printed 'Double Chocolate Belgian Cookie' on page 4, 336 kcal"
belgian-white-chocolate-cookie,Belgian White Chocolate Cookie,Cookies,,378,,,,,,,,,,,,,,,,false,false,,,"Printed 'Belgian White Chocolate Cookie' on page 4, 378 kcal"
belgian-triple-chocolate-cookie,Belgian Triple Chocolate Cookie,Cookies,,362,,,,,,,,,,,,,,,,false,false,,,"Printed 'Belgian Triple Chocolate Cookie' on page 4, 362 kcal"
strawberry-sprinkle-donut,Strawberry Sprinkle Donut,Donuts,,296,,,,,,,,,,,,,,,,false,false,,,"Printed 'Strawberry Sprinkle Donut' on page 4, 296 kcal"
triple-chocolate-donut,Triple Chocolate Donut,Donuts,,319,,,,,,,,,,,,,,,,false,false,,,"Printed 'Triple Chocolate Donut' on page 4, 319 kcal"
fruit-scone,Fruit Scone,Scones,,476,,,,,,,,,,,,,,,,false,false,,,"Printed 'Fruit Scone' on page 4, 476 kcal"
plain-scone,Plain Scone,Scones,,478,,,,,,,,,,,,,,,,false,false,,,"Printed 'Plain Scone' on page 4, 478 kcal"
new-bakers-scones-fruit,New Bakers Scones - Fruit,Scones,,476,,,,,,,,,,,,,,,,false,false,,,"Printed 'New Bakers Scones - Fruit' on page 4, 476 kcal"
new-bakers-scones-plain,New Bakers Scones - Plain,Scones,,478,,,,,,,,,,,,,,,,false,false,,,"Printed 'New Bakers Scones - Plain' on page 4, 478 kcal"
new-bakers-scones-cheese,New Bakers Scones - Cheese,Scones,,541,,,,,,,,,,,,,,,,false,false,,,"Printed 'New Bakers Scones - Cheese' on page 4, 541 kcal"
tiptree-strawberry-jam-28g,Tiptree Strawberry Jam 28g,Scones,28 g,76,,,,,,,,,,28,,,,,,false,false,,,"Printed 'Tiptree Strawberry Jam 28g' on page 4, 76 kcal"
pistachio-filled-croissant,Pistachio Filled Croissant,Pastries,,308,,,,,,,,,,,,,,,,false,false,,,"Printed 'Pistachio Filled Croissant' on page 4, 308 kcal"
almond-croissant,Almond Croissant,Pastries,,338,,,,,,,,,,,,,,,,false,false,,,"Printed 'Almond Croissant' on page 4, 338 kcal"
croissant,Croissant,Pastries,,355,,,,,,,,,,,,,,,,false,false,,,"Printed 'Croissant' on page 4, 355 kcal"
pain-au-raisin,Pain au Raisin,Pastries,,337,,,,,,,,,,,,,,,,false,false,,,"Printed 'Pain au Raisin' on page 4, 337 kcal"
chocolate-twist,Chocolate Twist,Pastries,,269,,,,,,,,,,,,,,,,false,false,,,"Printed 'Chocolate Twist' on page 4, 269 kcal"
cinnamon-swirl,Cinnamon Swirl,Pastries,,382,,,,,,,,,,,,,,,,false,false,,,"Printed 'Cinnamon Swirl' on page 4, 382 kcal"
bakers-raspberry-victoria-sponge,Bakers Raspberry Victoria Sponge,Sliced cakes,,281,,,,,,,,,,,,,,,,false,false,,,"Printed 'Bakers Raspberry Victoria Sponge' on page 5, 281 kcal"
victoria-sponge-cake,Victoria Sponge Cake,Sliced cakes,,561,,,,,,,,,,,,,,,,false,false,,,"Printed 'Victoria Sponge Cake' on page 5, 561 kcal"
gluten-free-triple-chocolate-fudge-cake,Gluten Free - Triple Chocolate Fudge Cake,Sliced cakes,,455,,,,,,,,,,,,,,,,false,false,,,"Printed 'Gluten Free - Triple Chocolate Fudge Cake' on page 5, 455 kcal"
red-velvet-cake,Red Velvet Cake,Sliced cakes,,760,,,,,,,,,,,,,,,,false,false,,,"Printed 'Red Velvet Cake' on page 5, 760 kcal"
lemon-drizzle-cake,Lemon Drizzle Cake,Sliced cakes,,156,,,,,,,,,,,,,,,,false,false,,,"Printed 'Lemon Drizzle Cake' on page 5, 156 kcal"
bakers-chocolate-fudge-cake,Bakers Chocolate Fudge Cake,Sliced cakes,,491,,,,,,,,,,,,,,,,false,false,,,"Printed 'Bakers Chocolate Fudge Cake' on page 5, 491 kcal"
vanilla-cake-pop,Vanilla Cake Pop,Cake pops,,157,,,,,,,,,,,,,,,,false,false,,,"Printed 'Vanilla Cake Pop' on page 5, 157 kcal"
strawberry-cake-pop,Strawberry Cake Pop,Cake pops,,153,,,,,,,,,,,,,,,,false,false,,,"Printed 'Strawberry Cake Pop' on page 5, 153 kcal"
chocolate-cake-pop,Chocolate Cake Pop,Cake pops,,141,,,,,,,,,,,,,,,,false,false,,,"Printed 'Chocolate Cake Pop' on page 5, 141 kcal"
raspberry-and-coconut-traybake,Raspberry & Coconut Traybake,Traybakes,,357,,,,,,,,,,,,,,,,false,false,,,"Printed 'Rasbperry & Coconut Traybake' on page 5, 357 kcal; name tidied, spelling as printed above"
millionaires-caramel-shortcake-460071,Millionaires Caramel Shortcake (460071),Traybakes,,422,,,,,,,,,,,,,,,,false,false,,,"Printed 'Millionaires Caramel Shortcake (460071)' on page 5, 422 kcal"
millionaires-caramel-shortcake-3850,Millionaires Caramel Shortcake (3850),Traybakes,,315,,,,,,,,,,,,,,,,false,false,,,"Printed 'Millionaires Caramel Shortcake (3850)' on page 5, 315 kcal"
chocolate-brownie-traybake,Chocolate Brownie Traybake,Traybakes,,295,,,,,,,,,,,,,,,,false,false,,,"Printed 'Chocolate Brownie Traybake' on page 5, 295 kcal"
we-love-cake-chocolate-pecan-brownies,We Love Cake Chocolate Pecan Brownies,Traybakes,,280,,,,,,,,,,,,,,,,false,false,,,"Printed 'We Love Cake Chocolate Pecan Brownies' on page 5, 280 kcal"
teacake,Teacake,Teacakes,,251,,,,,,,,,,,,,,,,false,false,,,"Printed 'Teacake' on page 5, 251 kcal"
sausage-brioche-bap,Sausage Brioche Bap,Fresh baps,,475,,,,,,,,,,,,,,,contains_pork,false,false,,,"Printed 'Sausage Brioche Bap' on page 6, 475 kcal"
bacon-brioche-bap,Bacon Brioche Bap,Fresh baps,,402,,,,,,,,,,,,,,,contains_pork,false,false,,,"Printed 'Bacon Brioche Bap' on page 6, 402 kcal"
chicken-and-stuffing-with-little-gem-and-mayo-baguette,Chicken and Stuffing with Little Gem & Mayo Baguette,Baguettes,,541,,,,,,,,,,,,,,,,false,false,,,"Printed 'Chicken and Stuffing with Little Gem & Mayo Baguette' on page 6, 541 kcal; marked NEW"
turkey-brie-cranberry-sauce-and-rocket-baguette,"Turkey, Brie, Cranberry Sauce & Rocket Baguette",Baguettes,,545,,,,,,,,,,,,,,,,false,false,,,"Printed 'Turkey, Brie, Cranberry Sauce & Rocket Baguette' on page 6, 545 kcal; marked NEW"
goats-cheese-caramelised-red-onion-chutney-and-rocket,"Goat's Cheese, Caramelised Red Onion Chutney & Rocket",Baguettes,,498,,,,,,,,,,,,,,,,false,false,,,"Printed 'Goat's Cheese, Caramelised Red Onion Chutney & Rocket' on page 6, 498 kcal; marked NEW"
ham-and-cheddar-cheese-white-baguette,Ham & Cheddar Cheese White Baguette,Baguettes,,523,,,,,,,,,,,,,,,contains_pork,false,false,,,"Printed 'Ham & Cheddar Cheese White Baguette' on page 6, 523 kcal"
tuna-mayonnaise-and-rocket-malted-wheat-baguette,Tuna Mayonnaise & Rocket Malted Wheat Baguette,Baguettes,,469,,,,,,,,,,,,,,,,false,false,,,"Printed 'Tuna Mayonnaise & Rocket Malted Wheat Baguette' on page 6, 469 kcal"
mozzarella-tomato-and-basil-pesto-flatbread,"Mozzarella, Tomato & Basil Pesto Flatbread",Italian flatbreads,,474,,,,,,,,,,,,,,,,false,false,,,"Printed 'Mozzarella,Tomato & Basil Pesto Flatbread' on page 6, 474 kcal; marked NEW; name tidied, spelling as printed above"
roast-beef-and-red-onion-chutney-flatbread,Roast Beef & Red Onion Chutney Flatbread,Italian flatbreads,,575,,,,,,,,,,,,,,,contains_beef,false,false,,,"Printed 'Roast Beef & Red Onion Chutney Flatbread' on page 6, 575 kcal; marked NEW"
ham-hock-and-grated-cheese-flatbread,Ham Hock & Grated Cheese Flatbread,Italian flatbreads,,549,,,,,,,,,,,,,,,contains_pork,false,false,,,"Printed 'Ham Hock & Grated Cheese Flatbread' on page 6, 549 kcal"
italian-chicken-bagel,Italian Chicken Bagel,Bagels,,473,,,,,,,,,,,,,,,,false,false,,,"Printed 'Italian Chicken Bagel' on page 6, 473 kcal; marked NEW"
smoked-salmon-and-cream-cheese-bagel,Smoked Salmon & Cream Cheese Bagel,Bagels,,415,,,,,,,,,,,,,,,,false,false,,,"Printed 'Smoked Salmon & Cream Cheese Bagel' on page 6, 415 kcal"
cheddar-cheese-and-red-onion-chutney-topped-toastie,Cheddar Cheese & Red Onion Chutney Topped Toastie,Toasties,,540,,,,,,,,,,,,,,,,false,false,,,"Printed 'Cheddar Cheese & Red Onion Chutney Topped Toastie' on page 6, 540 kcal"
ham-and-cheese-toastie,Ham & Cheese Toastie,Toasties,,520,,,,,,,,,,,,,,,contains_pork,false,false,,,"Printed 'Ham & Cheese Toastie' on page 6, 520 kcal"
cheddar-cheese-and-tomato-topped-toastie,Cheddar Cheese & Tomato Topped Toastie,Toasties,,496,,,,,,,,,,,,,,,,false,false,,,"Printed 'Cheddar Cheese & Tomato Topped Toastie' on page 6, 496 kcal"
ultimate-grilled-cheese-toastie,Ultimate Grilled Cheese Toastie,Toasties,,647,,,,,,,,,,,,,,,,false,false,,,"Printed 'Ultimate Grilled Cheese Toastie' on page 6, 647 kcal"
sweet-chilli-chicken-and-grated-cheese-panini,Sweet Chilli Chicken & Grated Cheese Panini,Paninis,,639,,,,,,,,,,,,,,,,false,false,,,"Printed 'Sweet Chilli Chicken & Grated Cheese Panini' on page 7, 639 kcal; marked NEW"
bbq-pulled-pork-cheese-rocket-and-red-onion-chutney-panini,"BBQ Pulled Pork, Cheese, Rocket & Red Onion Chutney Panini",Paninis,,586,,,,,,,,,,,,,,,contains_pork,false,false,,,"Printed 'BBQ Pulled Pork, Cheese, Rocket & Red Onion Chutney Panini' on page 7, 586 kcal; marked NEW"
tuna-melt-panini,Tuna Melt Panini,Paninis,,567,,,,,,,,,,,,,,,,false,false,,,"Printed 'Tuna Melt Panini' on page 7, 567 kcal"
ham-and-cheddar-cheese-panini,Ham & Cheddar Cheese Panini,Paninis,,504,,,,,,,,,,,,,,,contains_pork,false,false,,,"Printed 'Ham & Cheddar Cheese Panini' on page 7, 504 kcal"
ham-and-cheese-salad-bloomer,Ham & Cheese Salad Bloomer,Bloomer sandwiches,,432,,,,,,,,,,,,,,,contains_pork,false,false,,,"Printed 'Ham & Cheese Salad Bloomer' on page 7, 432 kcal; marked NEW"
chicken-fajita-hot-wrap,Chicken Fajita Hot Wrap,Wraps,,378,,,,,,,,,,,,,,,,false,false,,,"Printed 'Chicken Fajita Hot Wrap' on page 7, 378 kcal"
hasselback-croissant-with-bechamel-cheese-and-bacon,Hasselback Croissant with Bechamel Cheese & Bacon,Filled croissants,,438,,,,,,,,,,,,,,,contains_pork,false,false,,,"Printed 'Hasselback Croissant with Bechamel Cheese & Bacon' on page 7, 438 kcal; marked NEW"
cheddar-cheese-and-tomato-croissant,Cheddar Cheese & Tomato Croissant,Filled croissants,,440,,,,,,,,,,,,,,,,false,false,,,"Printed 'Cheddar Cheese & Tomato Croissant' on page 7, 440 kcal"
ham-and-cheddar-cheese-croissant,Ham & Cheddar Cheese Croissant,Filled croissants,,480,,,,,,,,,,,,,,,contains_pork,false,false,,,"Printed 'Ham & Cheddar Cheese Croissant' on page 7, 480 kcal"
toast-with-butter-white,Toast with Butter - white,Fresh toast,,368,,,,,,,,,,,,,,,,false,false,,,"Printed 'Toast with Butter - white' on page 8, 368 kcal"
hot-sausage-roll,Hot Sausage Roll,Sausage roll,,532,,,,,,,,,,,,,,,contains_pork,false,false,,,"Printed 'Hot Sausage Roll' on page 8, 532 kcal"
plain-with-2-butter-portions,Plain with 2 Butter Portions,Jacket potatoes,,338,,,,,,,,,,,,,,,,false,false,,,"Printed 'Plain with 2 Butter Portions' on page 8, 338 kcal"
plain-without-butter,Plain without Butter,Jacket potatoes,,246,,,,,,,,,,,,,,,,false,false,,,"Printed 'Plain without Butter' on page 8, 246 kcal"
grated-cheese-100-g-portion,Grated Cheese (100 g portion),Jacket potatoes,100 g portion,414,,,,,,,,,,100,,,,,,false,false,,,"Printed 'Grated Cheese - 100g (Portion)' on page 8, 414 kcal; name tidied, spelling as printed above"
tuna-mayonnaise-100-g-portion,Tuna Mayonnaise (100 g portion),Jacket potatoes,100 g portion,187,,,,,,,,,,100,,,,,,false,false,,,"Printed 'Tuna Mayonnaise - 100g (Portion)' on page 8, 187 kcal; name tidied, spelling as printed above"
coleslaw-100-g-portion,Coleslaw (100 g portion),Jacket potatoes,100 g portion,116,,,,,,,,,,100,,,,,,false,false,,,"Printed 'Coleslaw - 100g (Portion)' on page 8, 116 kcal; name tidied, spelling as printed above"
baked-beans-100-g-portion,Baked Beans (100 g portion),Jacket potatoes,100 g portion,92,,,,,,,,,,100,,,,,,false,false,,,"Printed 'Baked Beans - 100g (Portion)' on page 8, 92 kcal; name tidied, spelling as printed above"
real-carrot-and-coriander-soup-pots,Real Carrot & Coriander Soup Pots,Soup,,206,,,,,,,,,,,,,,,,false,false,,,"Printed 'Real Carrot & Coriander Soup Pots' on page 8, 206 kcal"
real-leek-and-potato-soup-pots,Real Leek & Potato Soup Pots,Soup,,150,,,,,,,,,,,,,,,,false,false,,,"Printed 'Real Leek & Potato Soup Pots' on page 8, 150 kcal"
real-thai-chicken-soup-pots,Real Thai Chicken Soup Pots,Soup,,246,,,,,,,,,,,,,,,,false,false,,,"Printed 'Real Thai Chicken Soup Pots' on page 8, 246 kcal"
real-tomato-and-basil-soup-pots,Real Tomato & Basil Soup Pots,Soup,,206,,,,,,,,,,,,,,,,false,false,,,"Printed 'Real Tomato & Basil Soup Pots' on page 8, 206 kcal"
espresso,Espresso,Coffee,,0,,,,,,,,,,,,,,,,false,false,,,"Printed 'Espresso' on page 9, 0 kcal"
double-espresso,Double Espresso,Coffee,,0,,,,,,,,,,,,,,,,false,false,,,"Printed 'Double Espresso' on page 9, 0 kcal"
cortado-skimmed-milk-large,"Cortado (skimmed milk, large)",Coffee,Large,38,,,,,,,,,,,,,,,,false,false,,,"Printed 'Cortado (skimmed milk) Large' on page 9, 38 kcal"
cortado-whole-milk-large,"Cortado (whole milk, large)",Coffee,Large,69,,,,,,,,,,,,,,,,false,false,,,"Printed 'Cortado (whole milk) Large' on page 9, 69 kcal"
cortado-almond-milk-large,"Cortado (almond milk, large)",Coffee,Large,14,,,,,,,,,,,,,,,,false,false,,,"Printed 'Cortado (almond milk) Large' on page 9, 14 kcal"
cortado-coconut-milk-large,"Cortado (coconut milk, large)",Coffee,Large,35,,,,,,,,,,,,,,,,false,false,,,"Printed 'Cortado (coconut milk) Large' on page 9, 35 kcal"
cortado-oat-milk-large,"Cortado (oat milk, large)",Coffee,Large,50,,,,,,,,,,,,,,,,false,false,,,"Printed 'Cortado (oat milk) Large' on page 9, 50 kcal"
cortado-soya-milk-large,"Cortado (soya milk, large)",Coffee,Large,44,,,,,,,,,,,,,,,,false,false,,,"Printed 'Cortado (soya milk) Large' on page 9, 44 kcal"
americano-black-small,"Americano (black, small)",Coffee,Small,0,,,,,,,,,,,,,,,,false,false,,,"Printed 'Americano (black) Small' on page 9, 0 kcal"
americano-black-regular,"Americano (black, regular)",Coffee,Regular,0,,,,,,,,,,,,,,,,false,false,,,"Printed 'Americano (black) Regular' on page 9, 0 kcal"
americano-black-large,"Americano (black, large)",Coffee,Large,0,,,,,,,,,,,,,,,,false,false,,,"Printed 'Americano (black) Large' on page 9, 0 kcal"
americano-white-skimmed-milk-small,"Americano (white skimmed milk, small)",Coffee,Small,44,,,,,,,,,,,,,,,,false,false,,,"Printed 'Americano (white skimmed milk) Small' on page 9, 44 kcal"
americano-white-skimmed-milk-regular,"Americano (white skimmed milk, regular)",Coffee,Regular,44,,,,,,,,,,,,,,,,false,false,,,"Printed 'Americano (white skimmed milk) Regular' on page 9, 44 kcal"
americano-white-skimmed-milk-large,"Americano (white skimmed milk, large)",Coffee,Large,44,,,,,,,,,,,,,,,,false,false,,,"Printed 'Americano (white skimmed milk) Large' on page 9, 44 kcal"
americano-white-whole-milk-small,"Americano (white whole milk, small)",Coffee,Small,83,,,,,,,,,,,,,,,,false,false,,,"Printed 'Americano (white whole milk) Small' on page 9, 83 kcal"
americano-white-whole-milk-regular,"Americano (white whole milk, regular)",Coffee,Regular,83,,,,,,,,,,,,,,,,false,false,,,"Printed 'Americano (white whole milk) Regular' on page 9, 83 kcal"
americano-white-whole-milk-large,"Americano (white whole milk, large)",Coffee,Large,83,,,,,,,,,,,,,,,,false,false,,,"Printed 'Americano (white whole milk) Large' on page 9, 83 kcal"
americano-white-almond-milk-small,"Americano (white almond milk, small)",Coffee,Small,16,,,,,,,,,,,,,,,,false,false,,,"Printed 'Americano (white almond milk) Small' on page 9, 16 kcal"
americano-white-almond-milk-regular,"Americano (white almond milk, regular)",Coffee,Regular,16,,,,,,,,,,,,,,,,false,false,,,"Printed 'Americano (white almond milk) Regular' on page 9, 16 kcal"
americano-white-almond-milk-large,"Americano (white almond milk, large)",Coffee,Large,16,,,,,,,,,,,,,,,,false,false,,,"Printed 'Americano (white almond milk) Large' on page 9, 16 kcal"
americano-white-coconut-milk-small,"Americano (white coconut milk, small)",Coffee,Small,42,,,,,,,,,,,,,,,,false,false,,,"Printed 'Americano (white coconut milk) Small' on page 9, 42 kcal"
americano-white-coconut-milk-regular,"Americano (white coconut milk, regular)",Coffee,Regular,42,,,,,,,,,,,,,,,,false,false,,,"Printed 'Americano (white coconut milk) Regular' on page 9, 42 kcal"
americano-white-coconut-milk-large,"Americano (white coconut milk, large)",Coffee,Large,42,,,,,,,,,,,,,,,,false,false,,,"Printed 'Americano (white coconut milk) Large' on page 9, 42 kcal"
americano-white-oat-milk-small,"Americano (white oat milk, small)",Coffee,Small,61,,,,,,,,,,,,,,,,false,false,,,"Printed 'Americano (white oat milk) Small' on page 9, 61 kcal"
americano-white-oat-milk-regular,"Americano (white oat milk, regular)",Coffee,Regular,61,,,,,,,,,,,,,,,,false,false,,,"Printed 'Americano (white oat milk) Regular' on page 9, 61 kcal"
americano-white-oat-milk-large,"Americano (white oat milk, large)",Coffee,Large,61,,,,,,,,,,,,,,,,false,false,,,"Printed 'Americano (white oat milk) Large' on page 9, 61 kcal"
americano-white-soya-milk-small,"Americano (white soya milk, small)",Coffee,Small,55,,,,,,,,,,,,,,,,false,false,,,"Printed 'Americano (white soya milk) Small' on page 9, 55 kcal"
americano-white-soya-milk-regular,"Americano (white soya milk, regular)",Coffee,Regular,55,,,,,,,,,,,,,,,,false,false,,,"Printed 'Americano (white soya milk) Regular' on page 9, 55 kcal"
americano-white-soya-milk-large,"Americano (white soya milk, large)",Coffee,Large,55,,,,,,,,,,,,,,,,false,false,,,"Printed 'Americano (white soya milk) Large' on page 9, 55 kcal"
flat-white-skimmed-milk-small,"Flat White (skimmed milk, small)",Coffee,Small,70,,,,,,,,,,,,,,,,false,false,,,"Printed 'Flat White (skimmed milk) Small' on page 10, 70 kcal"
flat-white-whole-milk-small,"Flat White (whole milk, small)",Coffee,Small,130,,,,,,,,,,,,,,,,false,false,,,"Printed 'Flat White (whole milk) Small' on page 10, 130 kcal"
flat-white-almond-milk-small,"Flat White (almond milk, small)",Coffee,Small,25,,,,,,,,,,,,,,,,false,false,,,"Printed 'Flat White (almond milk) Small' on page 10, 25 kcal"
flat-white-coconut-milk-small,"Flat White (coconut milk, small)",Coffee,Small,66,,,,,,,,,,,,,,,,false,false,,,"Printed 'Flat White (coconut milk) Small' on page 10, 66 kcal"
flat-white-oat-milk-small,"Flat White (oat milk, small)",Coffee,Small,96,,,,,,,,,,,,,,,,false,false,,,"Printed 'Flat White (oat milk) Small' on page 10, 96 kcal"
flat-white-soya-milk-small,"Flat White (soya milk, small)",Coffee,Small,87,,,,,,,,,,,,,,,,false,false,,,"Printed 'Flat White (soya milk) Small' on page 10, 87 kcal"
cappuccino-skimmed-milk-small,"Cappuccino (skimmed milk, small)",Coffee,Small,72,,,,,,,,,,,,,,,,false,false,,,"Printed 'Cappuccino (skimmed milk) Small' on page 10, 72 kcal"
cappuccino-skimmed-milk-regular,"Cappuccino (skimmed milk, regular)",Coffee,Regular,86,,,,,,,,,,,,,,,,false,false,,,"Printed 'Cappuccino (skimmed milk) Regular' on page 10, 86 kcal"
cappuccino-skimmed-milk-large,"Cappuccino (skimmed milk, large)",Coffee,Large,98,,,,,,,,,,,,,,,,false,false,,,"Printed 'Cappuccino (skimmed milk) Large' on page 10, 98 kcal"
cappuccino-whole-milk-small,"Cappuccino (whole milk, small)",Coffee,Small,133,,,,,,,,,,,,,,,,false,false,,,"Printed 'Cappuccino (whole milk) Small' on page 10, 133 kcal"
cappuccino-whole-milk-regular,"Cappuccino (whole milk, regular)",Coffee,Regular,158,,,,,,,,,,,,,,,,false,false,,,"Printed 'Cappuccino (whole milk) Regular' on page 10, 158 kcal"
cappuccino-whole-milk-large,"Cappuccino (whole milk, large)",Coffee,Large,180,,,,,,,,,,,,,,,,false,false,,,"Printed 'Cappuccino (whole milk) Large' on page 10, 180 kcal"
cappuccino-no-chocolate-sprinkles-almond-milk-small,"Cappuccino No Chocolate Sprinkles (almond milk, small)",Coffee,Small,27,,,,,,,,,,,,,,,,false,false,,,"Printed 'Cappuccino No Chocolate Sprinkles (almond milk) Small' on page 10, 27 kcal; milk is printed N* (asterisk -> sprinkles powder contains milk): read as may contain"
cappuccino-no-chocolate-sprinkles-almond-milk-regular,"Cappuccino No Chocolate Sprinkles (almond milk, regular)",Coffee,Regular,31,,,,,,,,,,,,,,,,false,false,,,"Printed 'Cappuccino No Chocolate Sprinkles (almond milk) Regular' on page 10, 31 kcal; milk is printed N* (asterisk -> sprinkles powder contains milk): read as may contain"
cappuccino-no-chocolate-sprinkles-almond-milk-large,"Cappuccino No Chocolate Sprinkles (almond milk, large)",Coffee,Large,36,,,,,,,,,,,,,,,,false,false,,,"Printed 'Cappuccino No Chocolate Sprinkles (almond milk) Large' on page 10, 36 kcal; milk is printed N* (asterisk -> sprinkles powder contains milk): read as may contain"
cappuccino-no-chocolate-sprinkles-coconut-milk-small,"Cappuccino No Chocolate Sprinkles (coconut milk, small)",Coffee,Small,68,,,,,,,,,,,,,,,,false,false,,,"Printed 'Cappuccino No Chocolate Sprinkles (coconut milk) Small' on page 10, 68 kcal; milk is printed N* (asterisk -> sprinkles powder contains milk): read as may contain"
cappuccino-no-chocolate-sprinkles-coconut-milk-regular,"Cappuccino No Chocolate Sprinkles (coconut milk, regular)",Coffee,Regular,81,,,,,,,,,,,,,,,,false,false,,,"Printed 'Cappuccino No Chocolate Sprinkles (coconut milk) Regular' on page 10, 81 kcal; milk is printed N* (asterisk -> sprinkles powder contains milk): read as may contain"
cappuccino-no-chocolate-sprinkles-coconut-milk-large,"Cappuccino No Chocolate Sprinkles (coconut milk, large)",Coffee,Large,92,,,,,,,,,,,,,,,,false,false,,,"Printed 'Cappuccino No Chocolate Sprinkles (coconut milk) Large' on page 10, 92 kcal; milk is printed N* (asterisk -> sprinkles powder contains milk): read as may contain"
cappuccino-no-chocolate-sprinkles-oat-milk-small,"Cappuccino No Chocolate Sprinkles (oat milk, small)",Coffee,Small,98,,,,,,,,,,,,,,,,false,false,,,"Printed 'Cappuccino No Chocolate Sprinkles (oat milk) Small' on page 10, 98 kcal; milk is printed N* (asterisk -> sprinkles powder contains milk): read as may contain"
cappuccino-no-chocolate-sprinkles-oat-milk-regular,"Cappuccino No Chocolate Sprinkles (oat milk, regular)",Coffee,Regular,117,,,,,,,,,,,,,,,,false,false,,,"Printed 'Cappuccino No Chocolate Sprinkles (oat milk) Regular' on page 10, 117 kcal; milk is printed N* (asterisk -> sprinkles powder contains milk): read as may contain"
cappuccino-no-chocolate-sprinkles-oat-milk-large,"Cappuccino No Chocolate Sprinkles (oat milk, large)",Coffee,Large,133,,,,,,,,,,,,,,,,false,false,,,"Printed 'Cappuccino No Chocolate Sprinkles (oat milk) Large' on page 10, 133 kcal; milk is printed N* (asterisk -> sprinkles powder contains milk): read as may contain"
cappuccino-no-chocolate-sprinkles-soya-milk-small,"Cappuccino No Chocolate Sprinkles (soya milk, small)",Coffee,Small,89,,,,,,,,,,,,,,,,false,false,,,"Printed 'Cappuccino No Chocolate Sprinkles (soya milk) Small' on page 10, 89 kcal; milk is printed N* (asterisk -> sprinkles powder contains milk): read as may contain"
cappuccino-no-chocolate-sprinkles-soya-milk-regular,"Cappuccino No Chocolate Sprinkles (soya milk, regular)",Coffee,Regular,106,,,,,,,,,,,,,,,,false,false,,,"Printed 'Cappuccino No Chocolate Sprinkles (soya milk) Regular' on page 10, 106 kcal; milk is printed N* (asterisk -> sprinkles powder contains milk): read as may contain"
cappuccino-no-chocolate-sprinkles-soya-milk-large,"Cappuccino No Chocolate Sprinkles (soya milk, large)",Coffee,Large,121,,,,,,,,,,,,,,,,false,false,,,"Printed 'Cappuccino No Chocolate Sprinkles (soya milk) Large' on page 10, 121 kcal; milk is printed N* (asterisk -> sprinkles powder contains milk): read as may contain"
latte-skimmed-milk-regular,"Latte (skimmed milk, regular)",Coffee,Regular,84,,,,,,,,,,,,,,,,false,false,,,"Printed 'Latte (skimmed milk) Regular' on page 11, 84 kcal"
latte-skimmed-milk-large,"Latte (skimmed milk, large)",Coffee,Large,95,,,,,,,,,,,,,,,,false,false,,,"Printed 'Latte (skimmed milk) Large' on page 11, 95 kcal"
latte-whole-milk-regular,"Latte (whole milk, regular)",Coffee,Regular,156,,,,,,,,,,,,,,,,false,false,,,"Printed 'Latte (whole milk) Regular' on page 11, 156 kcal"
latte-whole-milk-large,"Latte (whole milk, large)",Coffee,Large,178,,,,,,,,,,,,,,,,false,false,,,"Printed 'Latte (whole milk) Large' on page 11, 178 kcal"
latte-almond-milk-regular,"Latte (almond milk, regular)",Coffee,Regular,29,,,,,,,,,,,,,,,,false,false,,,"Printed 'Latte (almond milk) Regular' on page 11, 29 kcal"
latte-almond-milk-large,"Latte (almond milk, large)",Coffee,Large,34,,,,,,,,,,,,,,,,false,false,,,"Printed 'Latte (almond milk) Large' on page 11, 34 kcal"
latte-coconut-milk-regular,"Latte (coconut milk, regular)",Coffee,Regular,79,,,,,,,,,,,,,,,,false,false,,,"Printed 'Latte (coconut milk) Regular' on page 11, 79 kcal"
latte-coconut-milk-large,"Latte (coconut milk, large)",Coffee,Large,90,,,,,,,,,,,,,,,,false,false,,,"Printed 'Latte (coconut milk) Large' on page 11, 90 kcal"
latte-oat-milk-regular,"Latte (oat milk, regular)",Coffee,Regular,115,,,,,,,,,,,,,,,,false,false,,,"Printed 'Latte (oat milk) Regular' on page 11, 115 kcal"
latte-oat-milk-large,"Latte (oat milk, large)",Coffee,Large,131,,,,,,,,,,,,,,,,false,false,,,"Printed 'Latte (oat milk) Large' on page 11, 131 kcal"
latte-soya-milk-regular,"Latte (soya milk, regular)",Coffee,Regular,104,,,,,,,,,,,,,,,,false,false,,,"Printed 'Latte (soya milk) Regular' on page 11, 104 kcal"
latte-soya-milk-large,"Latte (soya milk, large)",Coffee,Large,119,,,,,,,,,,,,,,,,false,false,,,"Printed 'Latte (soya milk) Large' on page 11, 119 kcal"
salted-caramel-latte-skimmed-milk-regular,"Salted Caramel Latte (skimmed milk, regular)",Coffee,Regular,196,,,,,,,,,,,,,,,,false,false,,,"Printed 'Salted Caramel Latte (skimmed milk) Regular' on page 11, 196 kcal"
salted-caramel-latte-skimmed-milk-large,"Salted Caramel Latte (skimmed milk, large)",Coffee,Large,297,,,,,,,,,,,,,,,,false,false,,,"Printed 'Salted Caramel Latte (skimmed milk) Large' on page 11, 297 kcal"
salted-caramel-latte-whole-milk-regular,"Salted Caramel Latte (whole milk, regular)",Coffee,Regular,264,,,,,,,,,,,,,,,,false,false,,,"Printed 'Salted Caramel Latte (whole milk) Regular' on page 11, 264 kcal"
salted-caramel-latte-whole-milk-large,"Salted Caramel Latte (whole milk, large)",Coffee,Large,402,,,,,,,,,,,,,,,,false,false,,,"Printed 'Salted Caramel Latte (whole milk) Large' on page 11, 402 kcal"
salted-caramel-latte-almond-milk-regular,"Salted Caramel Latte (almond milk, regular)",Coffee,Regular,149,,,,,,,,,,,,,,,,false,false,,,"Printed 'Salted Caramel Latte (almond milk) Regular' on page 11, 149 kcal"
salted-caramel-latte-almond-milk-large,"Salted Caramel Latte (almond milk, large)",Coffee,Large,225,,,,,,,,,,,,,,,,false,false,,,"Printed 'Salted Caramel Latte (almond milk) Large' on page 11, 225 kcal"
salted-caramel-latte-coconut-milk-regular,"Salted Caramel Latte (coconut milk, regular)",Coffee,Regular,194,,,,,,,,,,,,,,,,false,false,,,"Printed 'Salted Caramel Latte (coconut milk) Regular' on page 11, 194 kcal"
salted-caramel-latte-coconut-milk-large,"Salted Caramel Latte (coconut milk, large)",Coffee,Large,294,,,,,,,,,,,,,,,,false,false,,,"Printed 'Salted Caramel Latte (coconut milk) Large' on page 11, 294 kcal"
salted-caramel-latte-oat-milk-regular,"Salted Caramel Latte (oat milk, regular)",Coffee,Regular,226,,,,,,,,,,,,,,,,false,false,,,"Printed 'Salted Caramel Latte (oat milk) Regular' on page 11, 226 kcal"
salted-caramel-latte-oat-milk-large,"Salted Caramel Latte (oat milk, large)",Coffee,Large,343,,,,,,,,,,,,,,,,false,false,,,"Printed 'Salted Caramel Latte (oat milk) Large' on page 11, 343 kcal"
salted-caramel-latte-soya-milk-regular,"Salted Caramel Latte (soya milk, regular)",Coffee,Regular,216,,,,,,,,,,,,,,,,false,false,,,"Printed 'Salted Caramel Latte (soya milk) Regular' on page 11, 216 kcal"
salted-caramel-latte-soya-milk-large,"Salted Caramel Latte (soya milk, large)",Coffee,Large,328,,,,,,,,,,,,,,,,false,false,,,"Printed 'Salted Caramel Latte (soya milk) Large' on page 11, 328 kcal"
spanish-latte-skimmed-milk-regular,"Spanish Latte (skimmed milk, regular)",Coffee,Regular,120,,,,,,,,,,,,,,,,false,false,,,"Printed 'Spanish Latte (skimmed milk) Regular' on page 12, 120 kcal"
spanish-latte-skimmed-milk-large,"Spanish Latte (skimmed milk, large)",Coffee,Large,171,,,,,,,,,,,,,,,,false,false,,,"Printed 'Spanish Latte (skimmed milk) Large' on page 12, 171 kcal"
spanish-latte-whole-milk-regular,"Spanish Latte (whole milk, regular)",Coffee,Regular,161,,,,,,,,,,,,,,,,false,false,,,"Printed 'Spanish Latte (whole milk) Regular' on page 12, 161 kcal"
spanish-latte-whole-milk-large,"Spanish Latte (whole milk, large)",Coffee,Large,225,,,,,,,,,,,,,,,,false,false,,,"Printed 'Spanish Latte (whole milk) Large' on page 12, 225 kcal"
spanish-latte-almond-milk-regular,"Spanish Latte (almond milk, regular)",Coffee,Regular,85,,,,,,,,,,,,,,,,false,false,,,"Printed 'Spanish Latte (almond milk) Regular' on page 12, 85 kcal"
spanish-latte-almond-milk-large,"Spanish Latte (almond milk, large)",Coffee,Large,123,,,,,,,,,,,,,,,,false,false,,,"Printed 'Spanish Latte (almond milk) Large' on page 12, 123 kcal"
spanish-latte-coconut-milk-regular,"Spanish Latte (coconut milk, regular)",Coffee,Regular,115,,,,,,,,,,,,,,,,false,false,,,"Printed 'Spanish Latte (coconut milk) Regular' on page 12, 115 kcal"
spanish-latte-coconut-milk-large,"Spanish Latte (coconut milk, large)",Coffee,Large,163,,,,,,,,,,,,,,,,false,false,,,"Printed 'Spanish Latte (coconut milk) Large' on page 12, 163 kcal"
spanish-latte-oat-milk-regular,"Spanish Latte (oat milk, regular)",Coffee,Regular,136,,,,,,,,,,,,,,,,false,false,,,"Printed 'Spanish Latte (oat milk) Regular' on page 12, 136 kcal"
spanish-latte-oat-milk-large,"Spanish Latte (oat milk, large)",Coffee,Large,191,,,,,,,,,,,,,,,,false,false,,,"Printed 'Spanish Latte (oat milk) Large' on page 12, 191 kcal"
spanish-latte-soya-milk-regular,"Spanish Latte (soya milk, regular)",Coffee,Regular,128,,,,,,,,,,,,,,,,false,false,,,"Printed 'Spanish Latte (soya milk) Regular' on page 12, 128 kcal"
spanish-latte-soya-milk-large,"Spanish Latte (soya milk, large)",Coffee,Large,181,,,,,,,,,,,,,,,,false,false,,,"Printed 'Spanish Latte (soya milk) Large' on page 12, 181 kcal"
salted-pistachio-latte-skimmed-milk-regular,"Salted Pistachio Latte (skimmed milk, regular)",Coffee,Regular,204,,,,,,,,,,,,,,,,false,false,,,"Printed 'Salted Pistachio Latte (skimmed milk) Regular' on page 12, 204 kcal"
salted-pistachio-latte-skimmed-milk-large,"Salted Pistachio Latte (skimmed milk, large)",Coffee,Large,306,,,,,,,,,,,,,,,,false,false,,,"Printed 'Salted Pistachio Latte (skimmed milk) Large' on page 12, 306 kcal"
salted-pistachio-latte-whole-milk-regular,"Salted Pistachio Latte (whole milk, regular)",Coffee,Regular,252,,,,,,,,,,,,,,,,false,false,,,"Printed 'Salted Pistachio Latte (whole milk) Regular' on page 12, 252 kcal"
salted-pistachio-latte-whole-milk-large,"Salted Pistachio Latte (whole milk, large)",Coffee,Large,392,,,,,,,,,,,,,,,,false,false,,,"Printed 'Salted Pistachio Latte (whole milk) Large' on page 12, 392 kcal"
salted-pistachio-latte-almond-milk-regular,"Salted Pistachio Latte (almond milk, regular)",Coffee,Regular,165,,,,,,,,,,,,,,,,false,false,,,"Printed 'Salted Pistachio Latte (almond milk) Regular' on page 12, 165 kcal"
salted-pistachio-latte-almond-milk-large,"Salted Pistachio Latte (almond milk, large)",Coffee,Large,232,,,,,,,,,,,,,,,,false,false,,,"Printed 'Salted Pistachio Latte (almond milk) Large' on page 12, 232 kcal"
salted-pistachio-latte-coconut-milk-regular,"Salted Pistachio Latte (coconut milk, regular)",Coffee,Regular,199,,,,,,,,,,,,,,,,false,false,,,"Printed 'Salted Pistachio Latte (coconut milk) Regular' on page 12, 199 kcal; marked NEW"
salted-pistachio-latte-coconut-milk-large,"Salted Pistachio Latte (coconut milk, large)",Coffee,Large,296,,,,,,,,,,,,,,,,false,false,,,"Printed 'Salted Pistachio Latte (coconut milk) Large' on page 12, 296 kcal"
salted-pistachio-latte-oat-milk-regular,"Salted Pistachio Latte (oat milk, regular)",Coffee,Regular,223,,,,,,,,,,,,,,,,false,false,,,"Printed 'Salted Pistachio Latte (oat milk) Regular' on page 12, 223 kcal"
salted-pistachio-latte-oat-milk-large,"Salted Pistachio Latte (oat milk, large)",Coffee,Large,344,,,,,,,,,,,,,,,,false,false,,,"Printed 'Salted Pistachio Latte (oat milk) Large' on page 12, 344 kcal"
salted-pistachio-latte-soya-milk-regular,"Salted Pistachio Latte (soya milk, regular)",Coffee,Regular,214,,,,,,,,,,,,,,,,false,false,,,"Printed 'Salted Pistachio Latte (soya milk) Regular' on page 12, 214 kcal"
salted-pistachio-latte-soya-milk-large,"Salted Pistachio Latte (soya milk, large)",Coffee,Large,324,,,,,,,,,,,,,,,,false,false,,,"Printed 'Salted Pistachio Latte (soya milk) Large' on page 12, 324 kcal"
pumpkin-spiced-latte-skimmed-milk-regular,"Pumpkin Spiced Latte (skimmed milk, regular)",Coffee,Regular,202,,,,,,,,,,,,,,,,false,false,,,"Printed 'Pumpkin Spiced Latte (skimmed milk) Regular' on page 13, 202 kcal"
pumpkin-spiced-latte-skimmed-milk-large,"Pumpkin Spiced Latte (skimmed milk, large)",Coffee,Large,304,,,,,,,,,,,,,,,,false,false,,,"Printed 'Pumpkin Spiced Latte (skimmed milk) Large' on page 13, 304 kcal"
pumpkin-spiced-latte-whole-milk-regular,"Pumpkin Spiced Latte (whole milk, regular)",Coffee,Regular,250,,,,,,,,,,,,,,,,false,false,,,"Printed 'Pumpkin Spiced Latte (whole milk) Regular' on page 13, 250 kcal"
pumpkin-spiced-latte-whole-milk-large,"Pumpkin Spiced Latte (whole milk, large)",Coffee,Large,390,,,,,,,,,,,,,,,,false,false,,,"Printed 'Pumpkin Spiced Latte (whole milk) Large' on page 13, 390 kcal"
pumpkin-spiced-latte-almond-milk-regular,"Pumpkin Spiced Latte (almond milk, regular)",Coffee,Regular,163,,,,,,,,,,,,,,,,false,false,,,"Printed 'Pumpkin Spiced Latte (almond milk) Regular' on page 13, 163 kcal"
pumpkin-spiced-latte-almond-milk-large,"Pumpkin Spiced Latte (almond milk, large)",Coffee,Large,230,,,,,,,,,,,,,,,,false,false,,,"Printed 'Pumpkin Spiced Latte (almond milk) Large' on page 13, 230 kcal"
pumpkin-spiced-latte-coconut-milk-regular,"Pumpkin Spiced Latte (coconut milk, regular)",Coffee,Regular,197,,,,,,,,,,,,,,,,false,false,,,"Printed 'Pumpkin Spiced Latte (coconut milk) Regular' on page 13, 197 kcal; marked NEW"
pumpkin-spiced-latte-coconut-milk-large,"Pumpkin Spiced Latte (coconut milk, large)",Coffee,Large,294,,,,,,,,,,,,,,,,false,false,,,"Printed 'Pumpkin Spiced Latte (coconut milk) Large' on page 13, 294 kcal"
pumpkin-spiced-latte-oat-milk-regular,"Pumpkin Spiced Latte (oat milk, regular)",Coffee,Regular,221,,,,,,,,,,,,,,,,false,false,,,"Printed 'Pumpkin Spiced Latte (oat milk) Regular' on page 13, 221 kcal"
pumpkin-spiced-latte-oat-milk-large,"Pumpkin Spiced Latte (oat milk, large)",Coffee,Large,342,,,,,,,,,,,,,,,,false,false,,,"Printed 'Pumpkin Spiced Latte (oat milk) Large' on page 13, 342 kcal"
pumpkin-spiced-latte-soya-milk-regular,"Pumpkin Spiced Latte (soya milk, regular)",Coffee,Regular,212,,,,,,,,,,,,,,,,false,false,,,"Printed 'Pumpkin Spiced Latte (soya milk) Regular' on page 13, 212 kcal"
pumpkin-spiced-latte-soya-milk-large,"Pumpkin Spiced Latte (soya milk, large)",Coffee,Large,322,,,,,,,,,,,,,,,,false,false,,,"Printed 'Pumpkin Spiced Latte (soya milk) Large' on page 13, 322 kcal"
original-matcha-latte-skimmed-milk-medium,"Original Matcha Latte (skimmed milk, medium)",Matcha hot lattes,Medium,88,,,,,,,,,,,,,,,,false,false,,,"Printed 'Original Matcha Latte (skimmed milk) Medium' on page 14, 88 kcal"
original-matcha-latte-skimmed-milk-large,"Original Matcha Latte (skimmed milk, large)",Matcha hot lattes,Large,143,,,,,,,,,,,,,,,,false,false,,,"Printed 'Original Matcha Latte (skimmed milk) Large' on page 14, 143 kcal"
original-matcha-latte-whole-milk-regular,"Original Matcha Latte (whole milk, regular)",Matcha hot lattes,Regular,165,,,,,,,,,,,,,,,,false,false,,,"Printed 'Original Matcha Latte (whole milk) Regular' on page 14, 165 kcal"
original-matcha-latte-whole-milk-large,"Original Matcha Latte (whole milk, large)",Matcha hot lattes,Large,267,,,,,,,,,,,,,,,,false,false,,,"Printed 'Original Matcha Latte (whole milk) Large' on page 14, 267 kcal"
original-matcha-latte-almond-milk-medium,"Original Matcha Latte (almond milk, medium)",Matcha hot lattes,Medium,31,,,,,,,,,,,,,,,,false,false,,,"Printed 'Original Matcha Latte (almond milk) Medium' on page 14, 31 kcal"
original-matcha-latte-almond-milk-large,"Original Matcha Latte (almond milk, large)",Matcha hot lattes,Large,51,,,,,,,,,,,,,,,,false,false,,,"Printed 'Original Matcha Latte (almond milk) Large' on page 14, 51 kcal"
original-matcha-latte-coconut-milk-medium,"Original Matcha Latte (coconut milk, medium)",Matcha hot lattes,Medium,84,,,,,,,,,,,,,,,,false,false,,,"Printed 'Original Matcha Latte (coconut milk) Medium' on page 14, 84 kcal"
original-matcha-latte-coconut-milk-large,"Original Matcha Latte (coconut milk, large)",Matcha hot lattes,Large,135,,,,,,,,,,,,,,,,false,false,,,"Printed 'Original Matcha Latte (coconut milk) Large' on page 14, 135 kcal"
original-matcha-latte-oat-milk-medium,"Original Matcha Latte (oat milk, medium)",Matcha hot lattes,Medium,122,,,,,,,,,,,,,,,,false,false,,,"Printed 'Original Matcha Latte (oat milk) Medium' on page 14, 122 kcal"
original-matcha-latte-oat-milk-large,"Original Matcha Latte (oat milk, large)",Matcha hot lattes,Large,197,,,,,,,,,,,,,,,,false,false,,,"Printed 'Original Matcha Latte (oat milk) Large' on page 14, 197 kcal"
original-matcha-latte-soya-milk-medium,"Original Matcha Latte (soya milk, medium)",Matcha hot lattes,Medium,110,,,,,,,,,,,,,,,,false,false,,,"Printed 'Original Matcha Latte (soya milk) Medium' on page 14, 110 kcal"
original-matcha-latte-soya-milk-large,"Original Matcha Latte (soya milk, large)",Matcha hot lattes,Large,178,,,,,,,,,,,,,,,,false,false,,,"Printed 'Original Matcha Latte (soya milk) Large' on page 14, 178 kcal"
vanilla-matcha-latte-skimmed-milk-regular,"Vanilla Matcha Latte (skimmed milk, regular)",Matcha hot lattes,Regular,122,,,,,,,,,,,,,,,,false,false,,,"Printed 'Vanilla Matcha Latte (skimmed milk) Regular' on page 14, 122 kcal"
vanilla-matcha-latte-skimmed-milk-large,"Vanilla Matcha Latte (skimmed milk, large)",Matcha hot lattes,Large,193,,,,,,,,,,,,,,,,false,false,,,"Printed 'Vanilla Matcha Latte (skimmed milk) Large' on page 14, 193 kcal"
vanilla-matcha-latte-whole-milk-regular,"Vanilla Matcha Latte (whole milk, regular)",Matcha hot lattes,Regular,193,,,,,,,,,,,,,,,,false,false,,,"Printed 'Vanilla Matcha Latte (whole milk) Regular' on page 14, 193 kcal"
vanilla-matcha-latte-whole-milk-large,"Vanilla Matcha Latte (whole milk, large)",Matcha hot lattes,Large,308,,,,,,,,,,,,,,,,false,false,,,"Printed 'Vanilla Matcha Latte (whole milk) Large' on page 14, 308 kcal"
vanilla-matcha-latte-almond-milk-regular,"Vanilla Matcha Latte (almond milk, regular)",Matcha hot lattes,Regular,69,,,,,,,,,,,,,,,,false,false,,,"Printed 'Vanilla Matcha Latte (almond milk) Regular' on page 14, 69 kcal"
vanilla-matcha-latte-almond-milk-large,"Vanilla Matcha Latte (almond milk, large)",Matcha hot lattes,Large,107,,,,,,,,,,,,,,,,false,false,,,"Printed 'Vanilla Matcha Latte (almond milk) Large' on page 14, 107 kcal"
vanilla-matcha-latte-coconut-milk-regular,"Vanilla Matcha Latte (coconut milk, regular)",Matcha hot lattes,Regular,117,,,,,,,,,,,,,,,,false,false,,,"Printed 'Vanilla Matcha Latte (coconut milk) Regular' on page 14, 117 kcal"
vanilla-matcha-latte-coconut-milk-large,"Vanilla Matcha Latte (coconut milk, large)",Matcha hot lattes,Large,186,,,,,,,,,,,,,,,,false,false,,,"Printed 'Vanilla Matcha Latte (coconut milk) Large' on page 14, 186 kcal"
vanilla-matcha-latte-oat-milk-regular,"Vanilla Matcha Latte (oat milk, regular)",Matcha hot lattes,Regular,152,,,,,,,,,,,,,,,,false,false,,,"Printed 'Vanilla Matcha Latte (oat milk) Regular' on page 14, 152 kcal"
vanilla-matcha-latte-oat-milk-large,"Vanilla Matcha Latte (oat milk, large)",Matcha hot lattes,Large,243,,,,,,,,,,,,,,,,false,false,,,"Printed 'Vanilla Matcha Latte (oat milk) Large' on page 14, 243 kcal"
vanilla-matcha-latte-soya-milk-regular,"Vanilla Matcha Latte (soya milk, regular)",Matcha hot lattes,Regular,142,,,,,,,,,,,,,,,,false,false,,,"Printed 'Vanilla Matcha Latte (soya milk) Regular' on page 14, 142 kcal"
vanilla-matcha-latte-soya-milk-large,"Vanilla Matcha Latte (soya milk, large)",Matcha hot lattes,Large,225,,,,,,,,,,,,,,,,false,false,,,"Printed 'Vanilla Matcha Latte (soya milk) Large' on page 14, 225 kcal"
strawberry-matcha-latte-skimmed-milk-regular,"Strawberry Matcha Latte (skimmed milk, regular)",Matcha hot lattes,Regular,149,,,,,,,,,,,,,,,,false,false,,,"Printed 'Strawberry Matcha Latte (skimmed milk) Regular' on page 15, 149 kcal"
strawberry-matcha-latte-skimmed-milk-large,"Strawberry Matcha Latte (skimmed milk, large)",Matcha hot lattes,Large,233,,,,,,,,,,,,,,,,false,false,,,"Printed 'Strawberry Matcha Latte (skimmed milk) Large' on page 15, 233 kcal"
strawberry-matcha-latte-whole-milk-regular,"Strawberry Matcha Latte (whole milk, regular)",Matcha hot lattes,Regular,220,,,,,,,,,,,,,,,,false,false,,,"Printed 'Strawberry Matcha Latte (whole milk) Regular' on page 15, 220 kcal"
strawberry-matcha-latte-whole-milk-large,"Strawberry Matcha Latte (whole milk, large)",Matcha hot lattes,Large,348,,,,,,,,,,,,,,,,false,false,,,"Printed 'Strawberry Matcha Latte (whole milk) Large' on page 15, 348 kcal"
strawberry-matcha-latte-almond-milk-regular,"Strawberry Matcha Latte (almond milk, regular)",Matcha hot lattes,Regular,80,,,,,,,,,,,,,,,,false,false,,,"Printed 'Strawberry Matcha Latte (almond milk) Regular' on page 15, 80 kcal"
strawberry-matcha-latte-almond-milk-large,"Strawberry Matcha Latte (almond milk, large)",Matcha hot lattes,Large,124,,,,,,,,,,,,,,,,false,false,,,"Printed 'Strawberry Matcha Latte (almond milk) Large' on page 15, 124 kcal"
strawberry-matcha-latte-coconut-milk-regular,"Strawberry Matcha Latte (coconut milk, regular)",Matcha hot lattes,Regular,128,,,,,,,,,,,,,,,,false,false,,,"Printed 'Strawberry Matcha Latte (coconut milk) Regular' on page 15, 128 kcal"
strawberry-matcha-latte-coconut-milk-large,"Strawberry Matcha Latte (coconut milk, large)",Matcha hot lattes,Large,202,,,,,,,,,,,,,,,,false,false,,,"Printed 'Strawberry Matcha Latte (coconut milk) Large' on page 15, 202 kcal"
strawberry-matcha-latte-oat-milk-regular,"Strawberry Matcha Latte (oat milk, regular)",Matcha hot lattes,Regular,164,,,,,,,,,,,,,,,,false,false,,,"Printed 'Strawberry Matcha Latte (oat milk) Regular' on page 15, 164 kcal"
strawberry-matcha-latte-oat-milk-large,"Strawberry Matcha Latte (oat milk, large)",Matcha hot lattes,Large,259,,,,,,,,,,,,,,,,false,false,,,"Printed 'Strawberry Matcha Latte (oat milk) Large' on page 15, 259 kcal"
strawberry-matcha-latte-soya-milk-regular,"Strawberry Matcha Latte (soya milk, regular)",Matcha hot lattes,Regular,153,,,,,,,,,,,,,,,,false,false,,,"Printed 'Strawberry Matcha Latte (soya milk) Regular' on page 15, 153 kcal"
strawberry-matcha-latte-soya-milk-large,"Strawberry Matcha Latte (soya milk, large)",Matcha hot lattes,Large,242,,,,,,,,,,,,,,,,false,false,,,"Printed 'Strawberry Matcha Latte (soya milk) Large' on page 15, 242 kcal"
banana-bread-matcha-latte-skimmed-milk-regular,"Banana Bread Matcha Latte (skimmed milk, regular)",Matcha hot lattes,Regular,211,,,,,,,,,,,,,,,,false,false,,,"Printed 'Banana Bread Matcha Latte (skimmed milk) Regular' on page 15, 211 kcal"
banana-bread-matcha-latte-skimmed-milk-large,"Banana Bread Matcha Latte (skimmed milk, large)",Matcha hot lattes,Large,305,,,,,,,,,,,,,,,,false,false,,,"Printed 'Banana Bread Matcha Latte (skimmed milk) Large' on page 15, 305 kcal"
banana-bread-matcha-latte-whole-milk-regular,"Banana Bread Matcha Latte (whole milk, regular)",Matcha hot lattes,Regular,265,,,,,,,,,,,,,,,,false,false,,,"Printed 'Banana Bread Matcha Latte (whole milk) Regular' on page 15, 265 kcal"
banana-bread-matcha-latte-whole-milk-large,"Banana Bread Matcha Latte (whole milk, large)",Matcha hot lattes,Large,386,,,,,,,,,,,,,,,,false,false,,,"Printed 'Banana Bread Matcha Latte (whole milk) Large' on page 15, 386 kcal"
banana-bread-matcha-latte-almond-milk-regular,"Banana Bread Matcha Latte (almond milk, regular)",Matcha hot lattes,Regular,169,,,,,,,,,,,,,,,,false,false,,,"Printed 'Banana Bread Matcha Latte (almond milk) Regular' on page 15, 169 kcal"
banana-bread-matcha-latte-almond-milk-large,"Banana Bread Matcha Latte (almond milk, large)",Matcha hot lattes,Large,233,,,,,,,,,,,,,,,,false,false,,,"Printed 'Banana Bread Matcha Latte (almond milk) Large' on page 15, 233 kcal"
banana-bread-matcha-latte-coconut-milk-regular,"Banana Bread Matcha Latte (coconut milk, regular)",Matcha hot lattes,Regular,205,,,,,,,,,,,,,,,,false,false,,,"Printed 'Banana Bread Matcha Latte (coconut milk) Regular' on page 15, 205 kcal; marked NEW"
banana-bread-matcha-latte-coconut-milk-large,"Banana Bread Matcha Latte (coconut milk, large)",Matcha hot lattes,Large,293,,,,,,,,,,,,,,,,false,false,,,"Printed 'Banana Bread Matcha Latte (coconut milk) Large' on page 15, 293 kcal"
banana-bread-matcha-latte-oat-milk-regular,"Banana Bread Matcha Latte (oat milk, regular)",Matcha hot lattes,Regular,232,,,,,,,,,,,,,,,,false,false,,,"Printed 'Banana Bread Matcha Latte (oat milk) Regular' on page 15, 232 kcal"
banana-bread-matcha-latte-oat-milk-large,"Banana Bread Matcha Latte (oat milk, large)",Matcha hot lattes,Large,335,,,,,,,,,,,,,,,,false,false,,,"Printed 'Banana Bread Matcha Latte (oat milk) Large' on page 15, 335 kcal"
banana-bread-matcha-latte-soya-milk-regular,"Banana Bread Matcha Latte (soya milk, regular)",Matcha hot lattes,Regular,222,,,,,,,,,,,,,,,,false,false,,,"Printed 'Banana Bread Matcha Latte (soya milk) Regular' on page 15, 222 kcal"
banana-bread-matcha-latte-soya-milk-large,"Banana Bread Matcha Latte (soya milk, large)",Matcha hot lattes,Large,320,,,,,,,,,,,,,,,,false,false,,,"Printed 'Banana Bread Matcha Latte (soya milk) Large' on page 15, 320 kcal"
spiced-maple-pumpkin-matcha-latte-skimmed-milk-regular,"Spiced Maple Pumpkin Matcha Latte (skimmed milk, regular)",Matcha hot lattes,Regular,289,,,,,,,,,,,,,,,,false,false,,,"Printed 'Spiced Maple Pumpkin Matcha Latte (skimmed milk) Regular' on page 16, 289 kcal"
spiced-maple-pumpkin-matcha-latte-skimmed-milk-large,"Spiced Maple Pumpkin Matcha Latte (skimmed milk, large)",Matcha hot lattes,Large,325,,,,,,,,,,,,,,,,false,false,,,"Printed 'Spiced Maple Pumpkin Matcha Latte (skimmed milk) Large' on page 16, 325 kcal"
spiced-maple-pumpkin-matcha-latte-whole-milk-regular,"Spiced Maple Pumpkin Matcha Latte (whole milk, regular)",Matcha hot lattes,Regular,343,,,,,,,,,,,,,,,,false,false,,,"Printed 'Spiced Maple Pumpkin Matcha Latte (whole milk) Regular' on page 16, 343 kcal"
spiced-maple-pumpkin-matcha-latte-whole-milk-large,"Spiced Maple Pumpkin Matcha Latte (whole milk, large)",Matcha hot lattes,Large,387,,,,,,,,,,,,,,,,false,false,,,"Printed 'Spiced Maple Pumpkin Matcha Latte (whole milk) Large' on page 16, 387 kcal"
spiced-maple-pumpkin-matcha-latte-almond-milk-regular,"Spiced Maple Pumpkin Matcha Latte (almond milk, regular)",Matcha hot lattes,Regular,247,,,,,,,,,,,,,,,,false,false,,,"Printed 'Spiced Maple Pumpkin Matcha Latte (almond milk) Regular' on page 16, 247 kcal"
spiced-maple-pumpkin-matcha-latte-almond-milk-large,"Spiced Maple Pumpkin Matcha Latte (almond milk, large)",Matcha hot lattes,Large,270,,,,,,,,,,,,,,,,false,false,,,"Printed 'Spiced Maple Pumpkin Matcha Latte (almond milk) Large' on page 16, 270 kcal"
spiced-maple-pumpkin-matcha-latte-coconut-milk-regular,"Spiced Maple Pumpkin Matcha Latte (coconut milk, regular)",Matcha hot lattes,Regular,283,,,,,,,,,,,,,,,,false,false,,,"Printed 'Spiced Maple Pumpkin Matcha Latte (coconut milk) Regular' on page 16, 283 kcal; marked NEW"
spiced-maple-pumpkin-matcha-latte-coconut-milk-large,"Spiced Maple Pumpkin Matcha Latte (coconut milk, large)",Matcha hot lattes,Large,316,,,,,,,,,,,,,,,,false,false,,,"Printed 'Spiced Maple Pumpkin Matcha Latte (coconut milk) Large' on page 16, 316 kcal"
spiced-maple-pumpkin-matcha-latte-oat-milk-regular,"Spiced Maple Pumpkin Matcha Latte (oat milk, regular)",Matcha hot lattes,Regular,310,,,,,,,,,,,,,,,,false,false,,,"Printed 'Spiced Maple Pumpkin Matcha Latte (oat milk) Regular' on page 16, 310 kcal"
spiced-maple-pumpkin-matcha-latte-oat-milk-large,"Spiced Maple Pumpkin Matcha Latte (oat milk, large)",Matcha hot lattes,Large,348,,,,,,,,,,,,,,,,false,false,,,"Printed 'Spiced Maple Pumpkin Matcha Latte (oat milk) Large' on page 16, 348 kcal"
spiced-maple-pumpkin-matcha-latte-soya-milk-regular,"Spiced Maple Pumpkin Matcha Latte (soya milk, regular)",Matcha hot lattes,Regular,300,,,,,,,,,,,,,,,,false,false,,,"Printed 'Spiced Maple Pumpkin Matcha Latte (soya milk) Regular' on page 16, 300 kcal"
spiced-maple-pumpkin-matcha-latte-soya-milk-large,"Spiced Maple Pumpkin Matcha Latte (soya milk, large)",Matcha hot lattes,Large,337,,,,,,,,,,,,,,,,false,false,,,"Printed 'Spiced Maple Pumpkin Matcha Latte (soya milk) Large' on page 16, 337 kcal"
hot-chocolate-skimmed-milk-regular,"Hot Chocolate (skimmed milk, regular)",Chocolate drinks,Regular,239,,,,,,,,,,,,,,,,false,false,,,"Printed 'Hot Chocolate (skimmed milk) Regular' on page 17, 239 kcal"
hot-chocolate-skimmed-milk-large,"Hot Chocolate (skimmed milk, large)",Chocolate drinks,Large,310,,,,,,,,,,,,,,,,false,false,,,"Printed 'Hot Chocolate (skimmed milk) Large' on page 17, 310 kcal"
hot-chocolate-whole-milk-regular,"Hot Chocolate (whole milk, regular)",Chocolate drinks,Regular,312,,,,,,,,,,,,,,,,false,false,,,"Printed 'Hot Chocolate (whole milk) Regular' on page 17, 312 kcal"
hot-chocolate-whole-milk-large,"Hot Chocolate (whole milk, large)",Chocolate drinks,Large,392,,,,,,,,,,,,,,,,false,false,,,"Printed 'Hot Chocolate (whole milk) Large' on page 17, 392 kcal"
hot-chocolate-almond-milk-regular,"Hot Chocolate (almond milk, regular)",Chocolate drinks,Regular,185,,,,,,,,,,,,,,,,false,false,,,"Printed 'Hot Chocolate (almond milk) Regular' on page 17, 185 kcal; milk is printed Y* (asterisk -> hot chocolate powder contains milk whatever the milk)"
hot-chocolate-almond-milk-large,"Hot Chocolate (almond milk, large)",Chocolate drinks,Large,248,,,,,,,,,,,,,,,,false,false,,,"Printed 'Hot Chocolate (almond milk) Large' on page 17, 248 kcal; milk is printed Y* (asterisk -> hot chocolate powder contains milk whatever the milk)"
hot-chocolate-coconut-milk-regular,"Hot Chocolate (coconut milk, regular)",Chocolate drinks,Regular,235,,,,,,,,,,,,,,,,false,false,,,"Printed 'Hot Chocolate (coconut milk) Regular' on page 17, 235 kcal; milk is printed Y* (asterisk -> hot chocolate powder contains milk whatever the milk)"
hot-chocolate-coconut-milk-large,"Hot Chocolate (coconut milk, large)",Chocolate drinks,Large,304,,,,,,,,,,,,,,,,false,false,,,"Printed 'Hot Chocolate (coconut milk) Large' on page 17, 304 kcal; milk is printed Y* (asterisk -> hot chocolate powder contains milk whatever the milk)"
hot-chocolate-oat-milk-regular,"Hot Chocolate (oat milk, regular)",Chocolate drinks,Regular,271,,,,,,,,,,,,,,,,false,false,,,"Printed 'Hot Chocolate (oat milk) Regular' on page 17, 271 kcal; milk is printed Y* (asterisk -> hot chocolate powder contains milk whatever the milk)"
hot-chocolate-oat-milk-large,"Hot Chocolate (oat milk, large)",Chocolate drinks,Large,345,,,,,,,,,,,,,,,,false,false,,,"Printed 'Hot Chocolate (oat milk) Large' on page 17, 345 kcal; milk is printed Y* (asterisk -> hot chocolate powder contains milk whatever the milk)"
hot-chocolate-soya-milk-regular,"Hot Chocolate (soya milk, regular)",Chocolate drinks,Regular,260,,,,,,,,,,,,,,,,false,false,,,"Printed 'Hot Chocolate (soya milk) Regular' on page 17, 260 kcal; milk is printed Y* (asterisk -> hot chocolate powder contains milk whatever the milk)"
hot-chocolate-soya-milk-large,"Hot Chocolate (soya milk, large)",Chocolate drinks,Large,333,,,,,,,,,,,,,,,,false,false,,,"Printed 'Hot Chocolate (soya milk) Large' on page 17, 333 kcal; milk is printed Y* (asterisk -> hot chocolate powder contains milk whatever the milk)"
mocha-skimmed-milk-regular,"Mocha (skimmed milk, regular)",Chocolate drinks,Regular,229,,,,,,,,,,,,,,,,false,false,,,"Printed 'Mocha (skimmed milk) Regular' on page 17, 229 kcal"
mocha-skimmed-milk-large,"Mocha (skimmed milk, large)",Chocolate drinks,Large,289,,,,,,,,,,,,,,,,false,false,,,"Printed 'Mocha (skimmed milk) Large' on page 17, 289 kcal"
mocha-whole-milk-regular,"Mocha (whole milk, regular)",Chocolate drinks,Regular,293,,,,,,,,,,,,,,,,false,false,,,"Printed 'Mocha (whole milk) Regular' on page 17, 293 kcal"
mocha-whole-milk-large,"Mocha (whole milk, large)",Chocolate drinks,Large,354,,,,,,,,,,,,,,,,false,false,,,"Printed 'Mocha (whole milk) Large' on page 17, 354 kcal"
mocha-almond-milk-regular,"Mocha (almond milk, regular)",Chocolate drinks,Regular,182,,,,,,,,,,,,,,,,false,false,,,"Printed 'Mocha (almond milk) Regular' on page 17, 182 kcal; milk is printed Y* (asterisk -> hot chocolate powder contains milk whatever the milk)"
mocha-almond-milk-large,"Mocha (almond milk, large)",Chocolate drinks,Large,241,,,,,,,,,,,,,,,,false,false,,,"Printed 'Mocha (almond milk) Large' on page 17, 241 kcal; milk is printed Y* (asterisk -> hot chocolate powder contains milk whatever the milk)"
mocha-coconut-milk-regular,"Mocha (coconut milk, regular)",Chocolate drinks,Regular,225,,,,,,,,,,,,,,,,false,false,,,"Printed 'Mocha (coconut milk) Regular' on page 17, 225 kcal; milk is printed Y* (asterisk -> hot chocolate powder contains milk whatever the milk)"
mocha-coconut-milk-large,"Mocha (coconut milk, large)",Chocolate drinks,Large,285,,,,,,,,,,,,,,,,false,false,,,"Printed 'Mocha (coconut milk) Large' on page 17, 285 kcal; milk is printed Y* (asterisk -> hot chocolate powder contains milk whatever the milk)"
mocha-oat-milk-regular,"Mocha (oat milk, regular)",Chocolate drinks,Regular,256,,,,,,,,,,,,,,,,false,false,,,"Printed 'Mocha (oat milk) Regular' on page 17, 256 kcal; milk is printed Y* (asterisk -> hot chocolate powder contains milk whatever the milk)"
mocha-oat-milk-large,"Mocha (oat milk, large)",Chocolate drinks,Large,317,,,,,,,,,,,,,,,,false,false,,,"Printed 'Mocha (oat milk) Large' on page 17, 317 kcal; milk is printed Y* (asterisk -> hot chocolate powder contains milk whatever the milk)"
mocha-soya-milk-regular,"Mocha (soya milk, regular)",Chocolate drinks,Regular,247,,,,,,,,,,,,,,,,false,false,,,"Printed 'Mocha (soya milk) Regular' on page 17, 247 kcal; milk is printed Y* (asterisk -> hot chocolate powder contains milk whatever the milk)"
mocha-soya-milk-large,"Mocha (soya milk, large)",Chocolate drinks,Large,308,,,,,,,,,,,,,,,,false,false,,,"Printed 'Mocha (soya milk) Large' on page 17, 308 kcal; milk is printed Y* (asterisk -> hot chocolate powder contains milk whatever the milk)"
kids-hot-chocolate-skimmed-milk,Kids Hot Chocolate (skimmed milk),Chocolate drinks,,269,,,,,,,,,,,,,,,,false,false,,,"Printed 'Kids Hot Chocolate (skimmed milk)' on page 18, 269 kcal"
kids-hot-chocolate-whole-milk,Kids Hot Chocolate (whole milk),Chocolate drinks,,330,,,,,,,,,,,,,,,,false,false,,,"Printed 'Kids Hot Chocolate (whole milk)' on page 18, 330 kcal"
kids-hot-chocolate-almond-milk,Kids Hot Chocolate (almond milk),Chocolate drinks,,224,,,,,,,,,,,,,,,,false,false,,,"Printed 'Kids Hot Chocolate (almond milk)' on page 18, 224 kcal"
kids-hot-chocolate-coconut-milk,Kids Hot Chocolate (coconut milk),Chocolate drinks,,265,,,,,,,,,,,,,,,,false,false,,,"Printed 'Kids Hot Chocolate (coconut milk)' on page 18, 265 kcal"
kids-hot-chocolate-oat-milk,Kids Hot Chocolate (oat milk),Chocolate drinks,,295,,,,,,,,,,,,,,,,false,false,,,"Printed 'Kids Hot Chocolate (oat milk)' on page 18, 295 kcal"
kids-hot-chocolate-soya-milk,Kids Hot Chocolate (soya milk),Chocolate drinks,,286,,,,,,,,,,,,,,,,false,false,,,"Printed 'Kids Hot Chocolate (soya milk)' on page 18, 286 kcal"
kiddiccino-warm-skimmed-milk,Kiddiccino (Warm Skimmed Milk),Chocolate drinks,,89,,,,,,,,,,,,,,,,false,false,,,"Printed 'Kiddiccino (Warm Skimmed Milk)' on page 18, 89 kcal"
kiddiccino-warm-whole-milk,Kiddiccino (Warm Whole Milk),Chocolate drinks,,149,,,,,,,,,,,,,,,,false,false,,,"Printed 'Kiddiccino (Warm Whole Milk)' on page 18, 149 kcal"
kiddiccino-warm-almond-milk,Kiddiccino (Warm Almond Milk),Chocolate drinks,,43,,,,,,,,,,,,,,,,false,false,,,"Printed 'Kiddiccino (Warm Almond Milk)' on page 18, 43 kcal; milk is printed Y* (asterisk -> hot chocolate powder contains milk whatever the milk)"
kiddiccino-warm-coconut-milk,Kiddiccino (Warm Coconut Milk),Chocolate drinks,,85,,,,,,,,,,,,,,,,false,false,,,"Printed 'Kiddiccino (Warm Coconut Milk)' on page 18, 85 kcal; milk is printed Y* (asterisk -> hot chocolate powder contains milk whatever the milk)"
kiddiccino-warm-oat-milk,Kiddiccino (Warm Oat Milk),Chocolate drinks,,114,,,,,,,,,,,,,,,,false,false,,,"Printed 'Kiddiccino (Warm Oat Milk)' on page 18, 114 kcal; milk is printed Y* (asterisk -> hot chocolate powder contains milk whatever the milk)"
kiddiccino-warm-soya-milk,Kiddiccino (Warm Soya Milk),Chocolate drinks,,105,,,,,,,,,,,,,,,,false,false,,,"Printed 'Kiddiccino (Warm Soya Milk)' on page 18, 105 kcal; milk is printed Y* (asterisk -> hot chocolate powder contains milk whatever the milk)"
millionaires-hot-chocolate-skimmed-milk-regular,"Millionaires Hot Chocolate (skimmed milk, regular)",Chocolate drinks,Regular,369,,,,,,,,,,,,,,,,false,false,,,"Printed 'Millionaires Hot Chocolate (skimmed milk) Regular' on page 18, 369 kcal"
millionaires-hot-chocolate-skimmed-milk-large,"Millionaires Hot Chocolate (skimmed milk, large)",Chocolate drinks,Large,498,,,,,,,,,,,,,,,,false,false,,,"Printed 'Millionaires Hot Chocolate (skimmed milk) Large' on page 18, 498 kcal"
millionaires-hot-chocolate-whole-milk-regular,"Millionaires Hot Chocolate (whole milk, regular)",Chocolate drinks,Regular,413,,,,,,,,,,,,,,,,false,false,,,"Printed 'Millionaires Hot Chocolate (whole milk) Regular' on page 18, 413 kcal"
millionaires-hot-chocolate-whole-milk-large,"Millionaires Hot Chocolate (whole milk, large)",Chocolate drinks,Large,557,,,,,,,,,,,,,,,,false,false,,,"Printed 'Millionaires Hot Chocolate (whole milk) Large' on page 18, 557 kcal"
millionaires-hot-chocolate-almond-milk-regular,"Millionaires Hot Chocolate (almond milk, regular)",Chocolate drinks,Regular,336,,,,,,,,,,,,,,,,false,false,,,"Printed 'Millionaires Hot Chocolate (almond milk) Regular' on page 18, 336 kcal; milk is printed Y* (asterisk -> hot chocolate powder contains milk whatever the milk)"
millionaires-hot-chocolate-almond-milk-large,"Millionaires Hot Chocolate (almond milk, large)",Chocolate drinks,Large,454,,,,,,,,,,,,,,,,false,false,,,"Printed 'Millionaires Hot Chocolate (almond milk) Large' on page 18, 454 kcal; milk is printed Y* (asterisk -> hot chocolate powder contains milk whatever the milk)"
millionaires-hot-chocolate-coconut-milk-regular,"Millionaires Hot Chocolate (coconut milk, regular)",Chocolate drinks,Regular,366,,,,,,,,,,,,,,,,false,false,,,"Printed 'Millionaires Hot Chocolate (coconut milk) Regular' on page 18, 366 kcal; milk is printed Y* (asterisk -> hot chocolate powder contains milk whatever the milk)"
millionaires-hot-chocolate-coconut-milk-large,"Millionaires Hot Chocolate (coconut milk, large)",Chocolate drinks,Large,494,,,,,,,,,,,,,,,,false,false,,,"Printed 'Millionaires Hot Chocolate (coconut milk) Large' on page 18, 494 kcal; milk is printed Y* (asterisk -> hot chocolate powder contains milk whatever the milk)"
millionaires-hot-chocolate-oat-milk-regular,"Millionaires Hot Chocolate (oat milk, regular)",Chocolate drinks,Regular,388,,,,,,,,,,,,,,,,false,false,,,"Printed 'Millionaires Hot Chocolate (oat milk) Regular' on page 18, 388 kcal; milk is printed Y* (asterisk -> hot chocolate powder contains milk whatever the milk)"
millionaires-hot-chocolate-oat-milk-large,"Millionaires Hot Chocolate (oat milk, large)",Chocolate drinks,Large,523,,,,,,,,,,,,,,,,false,false,,,"Printed 'Millionaires Hot Chocolate (oat milk) Large' on page 18, 523 kcal; milk is printed Y* (asterisk -> hot chocolate powder contains milk whatever the milk)"
millionaires-hot-chocolate-soya-milk-regular,"Millionaires Hot Chocolate (soya milk, regular)",Chocolate drinks,Regular,381,,,,,,,,,,,,,,,,false,false,,,"Printed 'Millionaires Hot Chocolate (soya milk) Regular' on page 18, 381 kcal; milk is printed Y* (asterisk -> hot chocolate powder contains milk whatever the milk)"
millionaires-hot-chocolate-soya-milk-large,"Millionaires Hot Chocolate (soya milk, large)",Chocolate drinks,Large,514,,,,,,,,,,,,,,,,false,false,,,"Printed 'Millionaires Hot Chocolate (soya milk) Large' on page 18, 514 kcal; milk is printed Y* (asterisk -> hot chocolate powder contains milk whatever the milk)"
dubai-style-chocolate-hot-chocolate-skimmed-milk-medium,"Dubai Style Chocolate Hot Chocolate (skimmed milk, medium)",Chocolate drinks,Medium,360,,,,,,,,,,,,,,,,false,false,,,"Printed 'Dubai Style Chocolate Hot Chocolate (skimmed milk) Medium' on page 19, 360 kcal"
dubai-style-chocolate-hot-chocolate-skimmed-milk-large,"Dubai Style Chocolate Hot Chocolate (skimmed milk, large)",Chocolate drinks,Large,494,,,,,,,,,,,,,,,,false,false,,,"Printed 'Dubai Style Chocolate Hot Chocolate (skimmed milk) Large' on page 19, 494 kcal"
dubai-style-chocolate-hot-chocolate-whole-milk-regular,"Dubai Style Chocolate Hot Chocolate (whole milk, regular)",Chocolate drinks,Regular,402,,,,,,,,,,,,,,,,false,false,,,"Printed 'Dubai Style Chocolate Hot Chocolate (whole milk) Regular' on page 19, 402 kcal"
dubai-style-chocolate-hot-chocolate-whole-milk-large,"Dubai Style Chocolate Hot Chocolate (whole milk, large)",Chocolate drinks,Large,557,,,,,,,,,,,,,,,,false,false,,,"Printed 'Dubai Style Chocolate Hot Chocolate (whole milk) Large' on page 19, 557 kcal"
dubai-style-chocolate-hot-chocolate-almond-milk-medium,"Dubai Style Chocolate Hot Chocolate (almond milk, medium)",Chocolate drinks,Medium,320,,,,,,,,,,,,,,,,false,false,,,"Printed 'Dubai Style Chocolate Hot Chocolate (almond milk) Medium' on page 19, 320 kcal"
dubai-style-chocolate-hot-chocolate-almond-milk-large,"Dubai Style Chocolate Hot Chocolate (almond milk, large)",Chocolate drinks,Large,434,,,,,,,,,,,,,,,,false,false,,,"Printed 'Dubai Style Chocolate Hot Chocolate (almond milk) Large' on page 19, 434 kcal"
dubai-style-chocolate-hot-chocolate-coconut-milk-medium,"Dubai Style Chocolate Hot Chocolate (coconut milk, medium)",Chocolate drinks,Medium,352,,,,,,,,,,,,,,,,false,false,,,"Printed 'Dubai Style Chocolate Hot Chocolate (coconut milk) Medium' on page 19, 352 kcal"
dubai-style-chocolate-hot-chocolate-coconut-milk-large,"Dubai Style Chocolate Hot Chocolate (coconut milk, large)",Chocolate drinks,Large,482,,,,,,,,,,,,,,,,false,false,,,"Printed 'Dubai Style Chocolate Hot Chocolate (coconut milk) Large' on page 19, 482 kcal"
dubai-style-chocolate-hot-chocolate-oat-milk-medium,"Dubai Style Chocolate Hot Chocolate (oat milk, medium)",Chocolate drinks,Medium,395,,,,,,,,,,,,,,,,false,false,,,"Printed 'Dubai Style Chocolate Hot Chocolate (oat milk) Medium' on page 19, 395 kcal"
dubai-style-chocolate-hot-chocolate-oat-milk-large,"Dubai Style Chocolate Hot Chocolate (oat milk, large)",Chocolate drinks,Large,547,,,,,,,,,,,,,,,,false,false,,,"Printed 'Dubai Style Chocolate Hot Chocolate (oat milk) Large' on page 19, 547 kcal"
dubai-style-chocolate-hot-chocolate-soya-milk-medium,"Dubai Style Chocolate Hot Chocolate (soya milk, medium)",Chocolate drinks,Medium,367,,,,,,,,,,,,,,,,false,false,,,"Printed 'Dubai Style Chocolate Hot Chocolate (soya milk) Medium' on page 19, 367 kcal"
dubai-style-chocolate-hot-chocolate-soya-milk-large,"Dubai Style Chocolate Hot Chocolate (soya milk, large)",Chocolate drinks,Large,505,,,,,,,,,,,,,,,,false,false,,,"Printed 'Dubai Style Chocolate Hot Chocolate (soya milk) Large' on page 19, 505 kcal"
chocolate-fudge-brownie-hot-chocolate-skimmed-milk-regular,"Chocolate Fudge Brownie Hot Chocolate (skimmed milk, regular)",Chocolate drinks,Regular,324,,,,,,,,,,,,,,,,false,false,,,"Printed 'Chocolate Fudge Brownie Hot Chocolate (skimmed milk) Regular' on page 19, 324 kcal"
chocolate-fudge-brownie-hot-chocolate-skimmed-milk-large,"Chocolate Fudge Brownie Hot Chocolate (skimmed milk, large)",Chocolate drinks,Large,499,,,,,,,,,,,,,,,,false,false,,,"Printed 'Chocolate Fudge Brownie Hot Chocolate (skimmed milk) Large' on page 19, 499 kcal"
chocolate-fudge-brownie-hot-chocolate-whole-milk-regular,"Chocolate Fudge Brownie Hot Chocolate (whole milk, regular)",Chocolate drinks,Regular,378,,,,,,,,,,,,,,,,false,false,,,"Printed 'Chocolate Fudge Brownie Hot Chocolate (whole milk) Regular' on page 19, 378 kcal"
chocolate-fudge-brownie-hot-chocolate-whole-milk-large,"Chocolate Fudge Brownie Hot Chocolate (whole milk, large)",Chocolate drinks,Large,585,,,,,,,,,,,,,,,,false,false,,,"Printed 'Chocolate Fudge Brownie Hot Chocolate (whole milk) Large' on page 19, 585 kcal"
chocolate-fudge-brownie-hot-chocolate-almond-milk-regular,"Chocolate Fudge Brownie Hot Chocolate (almond milk, regular)",Chocolate drinks,Regular,282,,,,,,,,,,,,,,,,false,false,,,"Printed 'Chocolate Fudge Brownie Hot Chocolate (almond milk) Regular' on page 19, 282 kcal"
chocolate-fudge-brownie-hot-chocolate-almond-milk-large,"Chocolate Fudge Brownie Hot Chocolate (almond milk, large)",Chocolate drinks,Large,425,,,,,,,,,,,,,,,,false,false,,,"Printed 'Chocolate Fudge Brownie Hot Chocolate (almond milk) Large' on page 19, 425 kcal"
chocolate-fudge-brownie-hot-chocolate-coconut-milk-regular,"Chocolate Fudge Brownie Hot Chocolate (coconut milk, regular)",Chocolate drinks,Regular,318,,,,,,,,,,,,,,,,false,false,,,"Printed 'Chocolate Fudge Brownie Hot Chocolate (coconut milk) Regular' on page 19, 318 kcal; marked NEW"
chocolate-fudge-brownie-hot-chocolate-coconut-milk-large,"Chocolate Fudge Brownie Hot Chocolate (coconut milk, large)",Chocolate drinks,Large,489,,,,,,,,,,,,,,,,false,false,,,"Printed 'Chocolate Fudge Brownie Hot Chocolate (coconut milk) Large' on page 19, 489 kcal"
chocolate-fudge-brownie-hot-chocolate-oat-milk-regular,"Chocolate Fudge Brownie Hot Chocolate (oat milk, regular)",Chocolate drinks,Regular,345,,,,,,,,,,,,,,,,false,false,,,"Printed 'Chocolate Fudge Brownie Hot Chocolate (oat milk) Regular' on page 19, 345 kcal"
chocolate-fudge-brownie-hot-chocolate-oat-milk-large,"Chocolate Fudge Brownie Hot Chocolate (oat milk, large)",Chocolate drinks,Large,537,,,,,,,,,,,,,,,,false,false,,,"Printed 'Chocolate Fudge Brownie Hot Chocolate (oat milk) Large' on page 19, 537 kcal"
chocolate-fudge-brownie-hot-chocolate-soya-milk-regular,"Chocolate Fudge Brownie Hot Chocolate (soya milk, regular)",Chocolate drinks,Regular,335,,,,,,,,,,,,,,,,false,false,,,"Printed 'Chocolate Fudge Brownie Hot Chocolate (soya milk) Regular' on page 19, 335 kcal"
chocolate-fudge-brownie-hot-chocolate-soya-milk-large,"Chocolate Fudge Brownie Hot Chocolate (soya milk, large)",Chocolate drinks,Large,517,,,,,,,,,,,,,,,,false,false,,,"Printed 'Chocolate Fudge Brownie Hot Chocolate (soya milk) Large' on page 19, 517 kcal"
traditional-tea-regular-mug-or-pot-for-one-skimmed-milk,Traditional Tea Regular Mug or Pot for one (skimmed milk),Tea,,45,,,,,,,,,,,,,,,,false,false,,,"Printed 'Traditional Tea Regular Mug or Pot for one (skimmed milk)' on page 20, 45 kcal"
traditional-tea-regular-mug-or-pot-for-one-whole-milk,Traditional Tea Regular Mug or Pot for one (whole milk),Tea,,83,,,,,,,,,,,,,,,,false,false,,,"Printed 'Traditional Tea Regular Mug or Pot for one (whole milk)' on page 20, 83 kcal"
traditional-tea-regular-mug-or-pot-for-one-almond-milk,Traditional Tea Regular Mug or Pot for one (almond milk),Tea,,16,,,,,,,,,,,,,,,,false,false,,,"Printed 'Traditional Tea Regular Mug or Pot for one (almond milk)' on page 20, 16 kcal"
traditional-tea-regular-mug-or-pot-for-one-coconut-milk,Traditional Tea Regular Mug or Pot for one (coconut milk),Tea,,42,,,,,,,,,,,,,,,,false,false,,,"Printed 'Traditional Tea Regular Mug or Pot for one (coconut milk)' on page 20, 42 kcal"
traditional-tea-regular-mug-or-pot-for-one-oat-milk,Traditional Tea Regular Mug or Pot for one (oat milk),Tea,,61,,,,,,,,,,,,,,,,false,false,,,"Printed 'Traditional Tea Regular Mug or Pot for one (oat milk)' on page 20, 61 kcal"
traditional-tea-regular-mug-or-pot-for-one-soya-milk,Traditional Tea Regular Mug or Pot for one (soya milk),Tea,,56,,,,,,,,,,,,,,,,false,false,,,"Printed 'Traditional Tea Regular Mug or Pot for one (soya milk)' on page 20, 56 kcal"
traditional-tea-pot-of-tea-for-2-skimmed-milk,Traditional Tea Pot of Tea for 2 (skimmed milk),Tea,,23,,,,,,,,,,,,,,,,false,false,,,"Printed 'Traditional Tea Pot of Tea for 2 (skimmed milk)' on page 20, 23 kcal"
traditional-tea-pot-of-tea-for-2-whole-milk,Traditional Tea Pot of Tea for 2 (whole milk),Tea,,42,,,,,,,,,,,,,,,,false,false,,,"Printed 'Traditional Tea Pot of Tea for 2 (whole milk)' on page 20, 42 kcal"
traditional-tea-pot-of-tea-for-2-almond-milk,Traditional Tea Pot of Tea for 2 (almond milk),Tea,,8,,,,,,,,,,,,,,,,false,false,,,"Printed 'Traditional Tea Pot of Tea for 2 (almond milk)' on page 20, 8 kcal"
traditional-tea-pot-of-tea-for-2-coconut-milk,Traditional Tea Pot of Tea for 2 (coconut milk),Tea,,21,,,,,,,,,,,,,,,,false,false,,,"Printed 'Traditional Tea Pot of Tea for 2 (coconut milk)' on page 20, 21 kcal"
traditional-tea-pot-of-tea-for-2-oat-milk,Traditional Tea Pot of Tea for 2 (oat milk),Tea,,31,,,,,,,,,,,,,,,,false,false,,,"Printed 'Traditional Tea Pot of Tea for 2 (oat milk)' on page 20, 31 kcal"
traditional-tea-pot-of-tea-for-2-soya-milk,Traditional Tea Pot of Tea for 2 (soya milk),Tea,,28,,,,,,,,,,,,,,,,false,false,,,"Printed 'Traditional Tea Pot of Tea for 2 (soya milk)' on page 20, 28 kcal"
decaf-tea-skimmed-milk-regular,"Decaf Tea (skimmed milk, regular)",Tea,Regular,44,,,,,,,,,,,,,,,,false,false,,,"Printed 'Decaf Tea (skimmed milk) Regular' on page 20, 44 kcal"
decaf-tea-whole-milk-regular,"Decaf Tea (whole milk, regular)",Tea,Regular,83,,,,,,,,,,,,,,,,false,false,,,"Printed 'Decaf Tea (whole milk) Regular' on page 20, 83 kcal"
decaf-tea-almond-milk-regular,"Decaf Tea (almond milk, regular)",Tea,Regular,16,,,,,,,,,,,,,,,,false,false,,,"Printed 'Decaf Tea (almond milk) Regular' on page 20, 16 kcal"
decaf-tea-coconut-milk-regular,"Decaf Tea (coconut milk, regular)",Tea,Regular,42,,,,,,,,,,,,,,,,false,false,,,"Printed 'Decaf Tea (coconut milk) Regular' on page 20, 42 kcal"
decaf-tea-oat-milk-regular,"Decaf Tea (oat milk, regular)",Tea,Regular,61,,,,,,,,,,,,,,,,false,false,,,"Printed 'Decaf Tea (oat milk) Regular' on page 20, 61 kcal"
decaf-tea-soya-milk-regular,"Decaf Tea (soya milk, regular)",Tea,Regular,55,,,,,,,,,,,,,,,,false,false,,,"Printed 'Decaf Tea (soya milk) Regular' on page 20, 55 kcal"
decaf-pot-of-tea-for-2-skimmed-milk,Decaf Pot of Tea for 2 (skimmed milk),Tea,,22,,,,,,,,,,,,,,,,false,false,,,"Printed 'Decaf Pot of Tea for 2 (skimmed milk)' on page 20, 22 kcal"
decaf-pot-of-tea-for-2-whole-milk,Decaf Pot of Tea for 2 (whole milk),Tea,,41,,,,,,,,,,,,,,,,false,false,,,"Printed 'Decaf Pot of Tea for 2 (whole milk)' on page 20, 41 kcal"
decaf-pot-of-tea-for-2-almond-milk,Decaf Pot of Tea for 2 (almond milk),Tea,,8,,,,,,,,,,,,,,,,false,false,,,"Printed 'Decaf Pot of Tea for 2 (almond milk)' on page 20, 8 kcal"
decaf-pot-of-tea-for-2-coconut-milk,Decaf Pot of Tea for 2 (coconut milk),Tea,,21,,,,,,,,,,,,,,,,false,false,,,"Printed 'Decaf Pot of Tea for 2 (coconut milk)' on page 20, 21 kcal"
decaf-pot-of-tea-for-2-oat-milk,Decaf Pot of Tea for 2 (oat milk),Tea,,30,,,,,,,,,,,,,,,,false,false,,,"Printed 'Decaf Pot of Tea for 2 (oat milk)' on page 20, 30 kcal"
decaf-pot-of-tea-for-2-soya-milk,Decaf Pot of Tea for 2 (soya milk),Tea,,28,,,,,,,,,,,,,,,,false,false,,,"Printed 'Decaf Pot of Tea for 2 (soya milk)' on page 20, 28 kcal"
green-tea-sencha,Green Tea Sencha,Speciality teas,,0,,,,,,,,,,,,,,,,false,false,,,"Printed 'Green Tea Sencha' on page 20, 0 kcal"
earl-grey,Earl Grey,Speciality teas,,0,,,,,,,,,,,,,,,,false,false,,,"Printed 'Eary Gray' on page 20, 0 kcal; name tidied, spelling as printed above"
chamomile,Chamomile,Speciality teas,,0,,,,,,,,,,,,,,,,false,false,,,"Printed 'Chamomile' on page 20, 0 kcal"
red-berry,Red Berry,Speciality teas,,0,,,,,,,,,,,,,,,,false,false,,,"Printed 'Red Berry' on page 20, 0 kcal"
peppermint,Peppermint,Speciality teas,,0,,,,,,,,,,,,,,,,false,false,,,"Printed 'Peppermint' on page 20, 0 kcal"
cream,Cream,Hot drink extras,,47,,,,,,,,,,,,,,,,false,false,,,"Printed 'Cream' on page 21, 47 kcal"
chocolate-flake,Chocolate Flake,Hot drink extras,,51,,,,,,,,,,,,,,,,false,false,,,"Printed 'Chocolate Flake' on page 21, 51 kcal"
pink-and-white-mini-mallows,Pink & White Mini Mallows,Hot drink extras,,20,,,,,,,,,,,,,,,,false,false,,,"Printed 'Pink & White Mini Mallows' on page 21, 20 kcal"
vanilla-syrup,Vanilla Syrup,Hot drink extras,,20,,,,,,,,,,,,,,,,false,false,,,"Printed 'Vanilla Syrup' on page 21, 20 kcal"
caramel-syrup,Caramel Syrup,Hot drink extras,,21,,,,,,,,,,,,,,,,false,false,,,"Printed 'Caramel Syrup' on page 21, 21 kcal"
hazelnut-syrup,Hazelnut Syrup,Hot drink extras,,21,,,,,,,,,,,,,,,,false,false,,,"Printed 'Hazelnut Syrup' on page 21, 21 kcal"
iced-latte-skimmed-milk-regular,"Iced Latte (skimmed milk, regular)",Over ice,Regular,51,,,,,,,,,,,,,,,,false,false,,,"Printed 'Iced Latte (skimmed milk) Regular' on page 22, 51 kcal"
iced-latte-skimmed-milk-large,"Iced Latte (skimmed milk, large)",Over ice,Large,61,,,,,,,,,,,,,,,,false,false,,,"Printed 'Iced Latte (skimmed milk) Large' on page 22, 61 kcal"
iced-latte-whole-milk-regular,"Iced Latte (whole milk, regular)",Over ice,Regular,95,,,,,,,,,,,,,,,,false,false,,,"Printed 'Iced Latte (whole milk) Regular' on page 22, 95 kcal"
iced-latte-whole-milk-large,"Iced Latte (whole milk, large)",Over ice,Large,114,,,,,,,,,,,,,,,,false,false,,,"Printed 'Iced Latte (whole milk) Large' on page 22, 114 kcal"
iced-latte-almond-milk-regular,"Iced Latte (almond milk, regular)",Over ice,Regular,18,,,,,,,,,,,,,,,,false,false,,,"Printed 'Iced Latte (almond milk) Regular' on page 22, 18 kcal"
iced-latte-almond-milk-large,"Iced Latte (almond milk, large)",Over ice,Large,22,,,,,,,,,,,,,,,,false,false,,,"Printed 'Iced Latte (almond milk) Large' on page 22, 22 kcal"
iced-latte-coconut-milk-regular,"Iced Latte (coconut milk, regular)",Over ice,Regular,48,,,,,,,,,,,,,,,,false,false,,,"Printed 'Iced Latte (coconut milk) Regular' on page 22, 48 kcal"
iced-latte-coconut-milk-large,"Iced Latte (coconut milk, large)",Over ice,Large,58,,,,,,,,,,,,,,,,false,false,,,"Printed 'Iced Latte (coconut milk) Large' on page 22, 58 kcal"
iced-latte-oat-milk-regular,"Iced Latte (oat milk, regular)",Over ice,Regular,70,,,,,,,,,,,,,,,,false,false,,,"Printed 'Iced Latte (oat milk) Regular' on page 22, 70 kcal"
iced-latte-oat-milk-large,"Iced Latte (oat milk, large)",Over ice,Large,84,,,,,,,,,,,,,,,,false,false,,,"Printed 'Iced Latte (oat milk) Large' on page 22, 84 kcal"
iced-latte-soya-milk-regular,"Iced Latte (soya milk, regular)",Over ice,Regular,64,,,,,,,,,,,,,,,,false,false,,,"Printed 'Iced Latte (soya milk) Regular' on page 22, 64 kcal"
iced-latte-soya-milk-large,"Iced Latte (soya milk, large)",Over ice,Large,76,,,,,,,,,,,,,,,,false,false,,,"Printed 'Iced Latte (soya milk) Large' on page 22, 76 kcal"
iced-mocha-skimmed-milk-regular,"Iced Mocha (skimmed milk, regular)",Over ice,Regular,132,,,,,,,,,,,,,,,,false,false,,,"Printed 'Iced Mocha (skimmed milk) Regular' on page 22, 132 kcal"
iced-mocha-skimmed-milk-large,"Iced Mocha (skimmed milk, large)",Over ice,Large,182,,,,,,,,,,,,,,,,false,false,,,"Printed 'Iced Mocha (skimmed milk) Large' on page 22, 182 kcal"
iced-mocha-whole-milk-regular,"Iced Mocha (whole milk, regular)",Over ice,Regular,176,,,,,,,,,,,,,,,,false,false,,,"Printed 'Iced Mocha (whole milk) Regular' on page 22, 176 kcal"
iced-mocha-whole-milk-large,"Iced Mocha (whole milk, large)",Over ice,Large,235,,,,,,,,,,,,,,,,false,false,,,"Printed 'Iced Mocha (whole milk) Large' on page 22, 235 kcal"
iced-mocha-almond-milk-regular,"Iced Mocha (almond milk, regular)",Over ice,Regular,98,,,,,,,,,,,,,,,,false,false,,,"Printed 'Iced Mocha (almond milk) Regular' on page 22, 98 kcal; milk is printed Y* (asterisk -> hot chocolate powder contains milk whatever the milk)"
iced-mocha-almond-milk-large,"Iced Mocha (almond milk, large)",Over ice,Large,142,,,,,,,,,,,,,,,,false,false,,,"Printed 'Iced Mocha (almond milk) Large' on page 22, 142 kcal; milk is printed Y* (asterisk -> hot chocolate powder contains milk whatever the milk)"
iced-mocha-coconut-milk-regular,"Iced Mocha (coconut milk, regular)",Over ice,Regular,129,,,,,,,,,,,,,,,,false,false,,,"Printed 'Iced Mocha (coconut milk) Regular' on page 22, 129 kcal; milk is printed Y* (asterisk -> hot chocolate powder contains milk whatever the milk)"
iced-mocha-coconut-milk-large,"Iced Mocha (coconut milk, large)",Over ice,Large,178,,,,,,,,,,,,,,,,false,false,,,"Printed 'Iced Mocha (coconut milk) Large' on page 22, 178 kcal; milk is printed Y* (asterisk -> hot chocolate powder contains milk whatever the milk)"
iced-mocha-oat-milk-regular,"Iced Mocha (oat milk, regular)",Over ice,Regular,150,,,,,,,,,,,,,,,,false,false,,,"Printed 'Iced Mocha (oat milk) Regular' on page 22, 150 kcal; milk is printed Y* (asterisk -> hot chocolate powder contains milk whatever the milk)"
iced-mocha-oat-milk-large,"Iced Mocha (oat milk, large)",Over ice,Large,205,,,,,,,,,,,,,,,,false,false,,,"Printed 'Iced Mocha (oat milk) Large' on page 22, 205 kcal; milk is printed Y* (asterisk -> hot chocolate powder contains milk whatever the milk)"
iced-mocha-soya-milk-regular,"Iced Mocha (soya milk, regular)",Over ice,Regular,144,,,,,,,,,,,,,,,,false,false,,,"Printed 'Iced Mocha (soya milk) Regular' on page 22, 144 kcal; milk is printed Y* (asterisk -> hot chocolate powder contains milk whatever the milk)"
iced-mocha-soya-milk-large,"Iced Mocha (soya milk, large)",Over ice,Large,197,,,,,,,,,,,,,,,,false,false,,,"Printed 'Iced Mocha (soya milk) Large' on page 22, 197 kcal; milk is printed Y* (asterisk -> hot chocolate powder contains milk whatever the milk)"
salted-caramel-iced-latte-skimmed-milk-regular,"Salted Caramel Iced Latte (skimmed milk, regular)",Over ice,Regular,120,,,,,,,,,,,,,,,,false,false,,,"Printed 'Salted Caramel Iced Latte (skimmed milk) Regular' on page 23, 120 kcal"
salted-caramel-iced-latte-skimmed-milk-large,"Salted Caramel Iced Latte (skimmed milk, large)",Over ice,Large,172,,,,,,,,,,,,,,,,false,false,,,"Printed 'Salted Caramel Iced Latte (skimmed milk) Large' on page 23, 172 kcal"
salted-caramel-iced-latte-whole-milk-regular,"Salted Caramel Iced Latte (whole milk, regular)",Over ice,Regular,173,,,,,,,,,,,,,,,,false,false,,,"Printed 'Salted Caramel Iced Latte (whole milk) Regular' on page 23, 173 kcal"
salted-caramel-iced-latte-whole-milk-large,"Salted Caramel Iced Latte (whole milk, large)",Over ice,Large,243,,,,,,,,,,,,,,,,false,false,,,"Printed 'Salted Caramel Iced Latte (whole milk) Large' on page 23, 243 kcal"
salted-caramel-iced-latte-almond-milk-regular,"Salted Caramel Iced Latte (almond milk, regular)",Over ice,Regular,85,,,,,,,,,,,,,,,,false,false,,,"Printed 'Salted Caramel Iced Latte (almond milk) Regular' on page 23, 85 kcal"
salted-caramel-iced-latte-almond-milk-large,"Salted Caramel Iced Latte (almond milk, large)",Over ice,Large,124,,,,,,,,,,,,,,,,false,false,,,"Printed 'Salted Caramel Iced Latte (almond milk) Large' on page 23, 124 kcal"
salted-caramel-iced-latte-coconut-milk-regular,"Salted Caramel Iced Latte (coconut milk, regular)",Over ice,Regular,119,,,,,,,,,,,,,,,,false,false,,,"Printed 'Salted Caramel Iced Latte (coconut milk) Regular' on page 23, 119 kcal"
salted-caramel-iced-latte-coconut-milk-large,"Salted Caramel Iced Latte (coconut milk, large)",Over ice,Large,170,,,,,,,,,,,,,,,,false,false,,,"Printed 'Salted Caramel Iced Latte (coconut milk) Large' on page 23, 170 kcal"
salted-caramel-iced-latte-oat-milk-regular,"Salted Caramel Iced Latte (oat milk, regular)",Over ice,Regular,144,,,,,,,,,,,,,,,,false,false,,,"Printed 'Salted Caramel Iced Latte (oat milk) Regular' on page 23, 144 kcal"
salted-caramel-iced-latte-oat-milk-large,"Salted Caramel Iced Latte (oat milk, large)",Over ice,Large,204,,,,,,,,,,,,,,,,false,false,,,"Printed 'Salted Caramel Iced Latte (oat milk) Large' on page 23, 204 kcal"
salted-caramel-iced-latte-soya-milk-regular,"Salted Caramel Iced Latte (soya milk, regular)",Over ice,Regular,136,,,,,,,,,,,,,,,,false,false,,,"Printed 'Salted Caramel Iced Latte (soya milk) Regular' on page 23, 136 kcal"
salted-caramel-iced-latte-soya-milk-large,"Salted Caramel Iced Latte (soya milk, large)",Over ice,Large,193,,,,,,,,,,,,,,,,false,false,,,"Printed 'Salted Caramel Iced Latte (soya milk) Large' on page 23, 193 kcal"
spanish-iced-latte-skimmed-milk-regular,"Spanish Iced Latte (skimmed milk, regular)",Over ice,Regular,132,,,,,,,,,,,,,,,,false,false,,,"Printed 'Spanish Iced Latte (skimmed milk) Regular' on page 23, 132 kcal"
spanish-iced-latte-skimmed-milk-large,"Spanish Iced Latte (skimmed milk, large)",Over ice,Large,171,,,,,,,,,,,,,,,,false,false,,,"Printed 'Spanish Iced Latte (skimmed milk) Large' on page 23, 171 kcal"
spanish-iced-latte-whole-milk-regular,"Spanish Iced Latte (whole milk, regular)",Over ice,Regular,187,,,,,,,,,,,,,,,,false,false,,,"Printed 'Spanish Iced Latte (whole milk) Regular' on page 23, 187 kcal"
spanish-iced-latte-whole-milk-large,"Spanish Iced Latte (whole milk, large)",Over ice,Large,225,,,,,,,,,,,,,,,,false,false,,,"Printed 'Spanish Iced Latte (whole milk) Large' on page 23, 225 kcal"
spanish-iced-latte-almond-milk-regular,"Spanish Iced Latte (almond milk, regular)",Over ice,Regular,89,,,,,,,,,,,,,,,,false,false,,,"Printed 'Spanish Iced Latte (almond milk) Regular' on page 23, 89 kcal"
spanish-iced-latte-almond-milk-large,"Spanish Iced Latte (almond milk, large)",Over ice,Large,123,,,,,,,,,,,,,,,,false,false,,,"Printed 'Spanish Iced Latte (almond milk) Large' on page 23, 123 kcal"
spanish-iced-latte-coconut-milk-regular,"Spanish Iced Latte (coconut milk, regular)",Over ice,Regular,126,,,,,,,,,,,,,,,,false,false,,,"Printed 'Spanish Iced Latte (coconut milk) Regular' on page 23, 126 kcal"
spanish-iced-latte-coconut-milk-large,"Spanish Iced Latte (coconut milk, large)",Over ice,Large,163,,,,,,,,,,,,,,,,false,false,,,"Printed 'Spanish Iced Latte (coconut milk) Large' on page 23, 163 kcal"
spanish-iced-latte-oat-milk-regular,"Spanish Iced Latte (oat milk, regular)",Over ice,Regular,154,,,,,,,,,,,,,,,,false,false,,,"Printed 'Spanish Iced Latte (oat milk) Regular' on page 23, 154 kcal"
spanish-iced-latte-oat-milk-large,"Spanish Iced Latte (oat milk, large)",Over ice,Large,191,,,,,,,,,,,,,,,,false,false,,,"Printed 'Spanish Iced Latte (oat milk) Large' on page 23, 191 kcal"
spanish-iced-latte-soya-milk-regular,"Spanish Iced Latte (soya milk, regular)",Over ice,Regular,143,,,,,,,,,,,,,,,,false,false,,,"Printed 'Spanish Iced Latte (soya milk) Regular' on page 23, 143 kcal"
spanish-iced-latte-soya-milk-large,"Spanish Iced Latte (soya milk, large)",Over ice,Large,181,,,,,,,,,,,,,,,,false,false,,,"Printed 'Spanish Iced Latte (soya milk) Large' on page 23, 181 kcal"
salted-pistachio-iced-latte-skimmed-milk-regular,"Salted Pistachio Iced Latte (skimmed milk, regular)",Over ice,Regular,205,,,,,,,,,,,,,,,,false,false,,,"Printed 'Salted Pistachio Iced Latte (skimmed milk) Regular' on page 24, 205 kcal"
salted-pistachio-iced-latte-skimmed-milk-large,"Salted Pistachio Iced Latte (skimmed milk, large)",Over ice,Large,259,,,,,,,,,,,,,,,,false,false,,,"Printed 'Salted Pistachio Iced Latte (skimmed milk) Large' on page 24, 259 kcal"
salted-pistachio-iced-latte-whole-milk-regular,"Salted Pistachio Iced Latte (whole milk, regular)",Over ice,Regular,243,,,,,,,,,,,,,,,,false,false,,,"Printed 'Salted Pistachio Iced Latte (whole milk) Regular' on page 24, 243 kcal"
salted-pistachio-iced-latte-whole-milk-large,"Salted Pistachio Iced Latte (whole milk, large)",Over ice,Large,302,,,,,,,,,,,,,,,,false,false,,,"Printed 'Salted Pistachio Iced Latte (whole milk) Large' on page 24, 302 kcal"
salted-pistachio-iced-latte-almond-milk-regular,"Salted Pistachio Iced Latte (almond milk, regular)",Over ice,Regular,171,,,,,,,,,,,,,,,,false,false,,,"Printed 'Salted Pistachio Iced Latte (almond milk) Regular' on page 24, 171 kcal"
salted-pistachio-iced-latte-almond-milk-large,"Salted Pistachio Iced Latte (almond milk, large)",Over ice,Large,221,,,,,,,,,,,,,,,,false,false,,,"Printed 'Salted Pistachio Iced Latte (almond milk) Large' on page 24, 221 kcal"
salted-pistachio-iced-latte-coconut-milk-regular,"Salted Pistachio Iced Latte (coconut milk, regular)",Over ice,Regular,199,,,,,,,,,,,,,,,,false,false,,,"Printed 'Salted Pistachio Iced Latte (coconut milk) Regular' on page 24, 199 kcal; marked NEW"
salted-pistachio-iced-latte-coconut-milk-large,"Salted Pistachio Iced Latte (coconut milk, large)",Over ice,Large,253,,,,,,,,,,,,,,,,false,false,,,"Printed 'Salted Pistachio Iced Latte (coconut milk) Large' on page 24, 253 kcal"
salted-pistachio-iced-latte-oat-milk-regular,"Salted Pistachio Iced Latte (oat milk, regular)",Over ice,Regular,219,,,,,,,,,,,,,,,,false,false,,,"Printed 'Salted Pistachio Iced Latte (oat milk) Regular' on page 24, 219 kcal"
salted-pistachio-iced-latte-oat-milk-large,"Salted Pistachio Iced Latte (oat milk, large)",Over ice,Large,275,,,,,,,,,,,,,,,,false,false,,,"Printed 'Salted Pistachio Iced Latte (oat milk) Large' on page 24, 275 kcal"
salted-pistachio-iced-latte-soya-milk-regular,"Salted Pistachio Iced Latte (soya milk, regular)",Over ice,Regular,212,,,,,,,,,,,,,,,,false,false,,,"Printed 'Salted Pistachio Iced Latte (soya milk) Regular' on page 24, 212 kcal"
salted-pistachio-iced-latte-soya-milk-large,"Salted Pistachio Iced Latte (soya milk, large)",Over ice,Large,267,,,,,,,,,,,,,,,,false,false,,,"Printed 'Salted Pistachio Iced Latte (soya milk) Large' on page 24, 267 kcal"
pumpkin-spiced-iced-latte-skimmed-milk-regular,"Pumpkin Spiced Iced Latte (skimmed milk, regular)",Over ice,Regular,202,,,,,,,,,,,,,,,,false,false,,,"Printed 'Pumpkin Spiced Iced Latte (skimmed milk) Regular' on page 24, 202 kcal"
pumpkin-spiced-iced-latte-skimmed-milk-large,"Pumpkin Spiced Iced Latte (skimmed milk, large)",Over ice,Large,258,,,,,,,,,,,,,,,,false,false,,,"Printed 'Pumpkin Spiced Iced Latte (skimmed milk) Large' on page 24, 258 kcal"
pumpkin-spiced-iced-latte-whole-milk-regular,"Pumpkin Spiced Iced Latte (whole milk, regular)",Over ice,Regular,240,,,,,,,,,,,,,,,,false,false,,,"Printed 'Pumpkin Spiced Iced Latte (whole milk) Regular' on page 24, 240 kcal"
pumpkin-spiced-iced-latte-whole-milk-large,"Pumpkin Spiced Iced Latte (whole milk, large)",Over ice,Large,301,,,,,,,,,,,,,,,,false,false,,,"Printed 'Pumpkin Spiced Iced Latte (whole milk) Large' on page 24, 301 kcal"
pumpkin-spiced-iced-latte-almond-milk-regular,"Pumpkin Spiced Iced Latte (almond milk, regular)",Over ice,Regular,168,,,,,,,,,,,,,,,,false,false,,,"Printed 'Pumpkin Spiced Iced Latte (almond milk) Regular' on page 24, 168 kcal"
pumpkin-spiced-iced-latte-almond-milk-large,"Pumpkin Spiced Iced Latte (almond milk, large)",Over ice,Large,220,,,,,,,,,,,,,,,,false,false,,,"Printed 'Pumpkin Spiced Iced Latte (almond milk) Large' on page 24, 220 kcal"
pumpkin-spiced-iced-latte-coconut-milk-regular,"Pumpkin Spiced Iced Latte (coconut milk, regular)",Over ice,Regular,196,,,,,,,,,,,,,,,,false,false,,,"Printed 'Pumpkin Spiced Iced Latte (coconut milk) Regular' on page 24, 196 kcal; marked NEW"
pumpkin-spiced-iced-latte-coconut-milk-large,"Pumpkin Spiced Iced Latte (coconut milk, large)",Over ice,Large,252,,,,,,,,,,,,,,,,false,false,,,"Printed 'Pumpkin Spiced Iced Latte (coconut milk) Large' on page 24, 252 kcal"
pumpkin-spiced-iced-latte-oat-milk-regular,"Pumpkin Spiced Iced Latte (oat milk, regular)",Over ice,Regular,216,,,,,,,,,,,,,,,,false,false,,,"Printed 'Pumpkin Spiced Iced Latte (oat milk) Regular' on page 24, 216 kcal"
pumpkin-spiced-iced-latte-oat-milk-large,"Pumpkin Spiced Iced Latte (oat milk, large)",Over ice,Large,274,,,,,,,,,,,,,,,,false,false,,,"Printed 'Pumpkin Spiced Iced Latte (oat milk) Large' on page 24, 274 kcal"
pumpkin-spiced-iced-latte-soya-milk-regular,"Pumpkin Spiced Iced Latte (soya milk, regular)",Over ice,Regular,209,,,,,,,,,,,,,,,,false,false,,,"Printed 'Pumpkin Spiced Iced Latte (soya milk) Regular' on page 24, 209 kcal"
pumpkin-spiced-iced-latte-soya-milk-large,"Pumpkin Spiced Iced Latte (soya milk, large)",Over ice,Large,266,,,,,,,,,,,,,,,,false,false,,,"Printed 'Pumpkin Spiced Iced Latte (soya milk) Large' on page 24, 266 kcal"
banana-bread-cold-foam-iced-matcha-latte-skimmed-milk-medium,"Banana Bread (Cold Foam) Iced Matcha Latte (skimmed milk, medium)",Matcha iced lattes,Medium,240,,,,,,,,,,,,,,,,false,false,,,"Printed 'Banana Bread (Cold Foam) Iced Matcha Latte (skimmed milk) Medium' on page 25, 240 kcal"
banana-bread-cold-foam-iced-matcha-latte-skimmed-milk-large,"Banana Bread (Cold Foam) Iced Matcha Latte (skimmed milk, large)",Matcha iced lattes,Large,282,,,,,,,,,,,,,,,,false,false,,,"Printed 'Banana Bread (Cold Foam) Iced Matcha Latte (skimmed milk) Large' on page 25, 282 kcal"
banana-bread-cold-foam-iced-matcha-latte-whole-milk-medium,"Banana Bread (Cold Foam) Iced Matcha Latte (whole milk, medium)",Matcha iced lattes,Medium,291,,,,,,,,,,,,,,,,false,false,,,"Printed 'Banana Bread (Cold Foam) Iced Matcha Latte (whole milk) Medium' on page 25, 291 kcal"
banana-bread-cold-foam-iced-matcha-latte-whole-milk-large,"Banana Bread (Cold Foam) Iced Matcha Latte (whole milk, large)",Matcha iced lattes,Large,338,,,,,,,,,,,,,,,,false,false,,,"Printed 'Banana Bread (Cold Foam) Iced Matcha Latte (whole milk) Large' on page 25, 338 kcal"
banana-bread-cold-foam-iced-matcha-latte-almond-milk-medium,"Banana Bread (Cold Foam) Iced Matcha Latte (almond milk, medium)",Matcha iced lattes,Medium,196,,,,,,,,,,,,,,,,false,false,,,"Printed 'Banana Bread (Cold Foam) Iced Matcha Latte (almond milk) Medium' on page 25, 196 kcal"
banana-bread-cold-foam-iced-matcha-latte-almond-milk-large,"Banana Bread (Cold Foam) Iced Matcha Latte (almond milk, large)",Matcha iced lattes,Large,231,,,,,,,,,,,,,,,,false,false,,,"Printed 'Banana Bread (Cold Foam) Iced Matcha Latte (almond milk) Large' on page 25, 231 kcal"
banana-bread-cold-foam-iced-matcha-latte-coconut-milk-medium,"Banana Bread (Cold Foam) Iced Matcha Latte (coconut milk, medium)",Matcha iced lattes,Medium,234,,,,,,,,,,,,,,,,false,false,,,"Printed 'Banana Bread (Cold Foam) Iced Matcha Latte (coconut milk) Medium' on page 25, 234 kcal; marked NEW"
banana-bread-cold-foam-iced-matcha-latte-coconut-milk-large,"Banana Bread (Cold Foam) Iced Matcha Latte (coconut milk, large)",Matcha iced lattes,Large,273,,,,,,,,,,,,,,,,false,false,,,"Printed 'Banana Bread (Cold Foam) Iced Matcha Latte (coconut milk) Large' on page 25, 273 kcal"
banana-bread-cold-foam-iced-matcha-latte-oat-milk-medium,"Banana Bread (Cold Foam) Iced Matcha Latte (oat milk, medium)",Matcha iced lattes,Medium,262,,,,,,,,,,,,,,,,false,false,,,"Printed 'Banana Bread (Cold Foam) Iced Matcha Latte (oat milk) Medium' on page 25, 262 kcal"
banana-bread-cold-foam-iced-matcha-latte-oat-milk-large,"Banana Bread (Cold Foam) Iced Matcha Latte (oat milk, large)",Matcha iced lattes,Large,303,,,,,,,,,,,,,,,,false,false,,,"Printed 'Banana Bread (Cold Foam) Iced Matcha Latte (oat milk) Large' on page 25, 303 kcal"
banana-bread-cold-foam-iced-matcha-latte-soya-milk-medium,"Banana Bread (Cold Foam) Iced Matcha Latte (soya milk, medium)",Matcha iced lattes,Medium,251,,,,,,,,,,,,,,,,false,false,,,"Printed 'Banana Bread (Cold Foam) Iced Matcha Latte (soya milk) Medium' on page 25, 251 kcal"
banana-bread-cold-foam-iced-matcha-latte-soya-milk-large,"Banana Bread (Cold Foam) Iced Matcha Latte (soya milk, large)",Matcha iced lattes,Large,292,,,,,,,,,,,,,,,,false,false,,,"Printed 'Banana Bread (Cold Foam) Iced Matcha Latte (soya milk) Large' on page 25, 292 kcal"
spiced-maple-pumpkin-cream-iced-matcha-latte-skimmed-milk-medium,"Spiced Maple Pumpkin Cream Iced Matcha Latte (skimmed milk, medium)",Matcha iced lattes,Medium,282,,,,,,,,,,,,,,,,false,false,,,"Printed 'Spiced Maple Pumpkin Cream Iced Matcha Latte (skimmed milk) Medium' on page 25, 282 kcal"
spiced-maple-pumpkin-cream-iced-matcha-latte-skimmed-milk-large,"Spiced Maple Pumpkin Cream Iced Matcha Latte (skimmed milk, large)",Matcha iced lattes,Large,307,,,,,,,,,,,,,,,,false,false,,,"Printed 'Spiced Maple Pumpkin Cream Iced Matcha Latte (skimmed milk) Large' on page 25, 307 kcal"
spiced-maple-pumpkin-cream-iced-matcha-latte-whole-milk-medium,"Spiced Maple Pumpkin Cream Iced Matcha Latte (whole milk, medium)",Matcha iced lattes,Medium,320,,,,,,,,,,,,,,,,false,false,,,"Printed 'Spiced Maple Pumpkin Cream Iced Matcha Latte (whole milk) Medium' on page 25, 320 kcal"
spiced-maple-pumpkin-cream-iced-matcha-latte-whole-milk-large,"Spiced Maple Pumpkin Cream Iced Matcha Latte (whole milk, large)",Matcha iced lattes,Large,350,,,,,,,,,,,,,,,,false,false,,,"Printed 'Spiced Maple Pumpkin Cream Iced Matcha Latte (whole milk) Large' on page 25, 350 kcal"
spiced-maple-pumpkin-cream-iced-matcha-latte-almond-milk-medium,"Spiced Maple Pumpkin Cream Iced Matcha Latte (almond milk, medium)",Matcha iced lattes,Medium,248,,,,,,,,,,,,,,,,false,false,,,"Printed 'Spiced Maple Pumpkin Cream Iced Matcha Latte (almond milk) Medium' on page 25, 248 kcal"
spiced-maple-pumpkin-cream-iced-matcha-latte-almond-milk-large,"Spiced Maple Pumpkin Cream Iced Matcha Latte (almond milk, large)",Matcha iced lattes,Large,269,,,,,,,,,,,,,,,,false,false,,,"Printed 'Spiced Maple Pumpkin Cream Iced Matcha Latte (almond milk) Large' on page 25, 269 kcal"
spiced-maple-pumpkin-cream-iced-matcha-latte-coconut-milk-medium,"Spiced Maple Pumpkin Cream Iced Matcha Latte (coconut milk, medium)",Matcha iced lattes,Medium,276,,,,,,,,,,,,,,,,false,false,,,"Printed 'Spiced Maple Pumpkin Cream Iced Matcha Latte (coconut milk) Medium' on page 25, 276 kcal; marked NEW"
spiced-maple-pumpkin-cream-iced-matcha-latte-coconut-milk-large,"Spiced Maple Pumpkin Cream Iced Matcha Latte (coconut milk, large)",Matcha iced lattes,Large,301,,,,,,,,,,,,,,,,false,false,,,"Printed 'Spiced Maple Pumpkin Cream Iced Matcha Latte (coconut milk) Large' on page 25, 301 kcal"
spiced-maple-pumpkin-cream-iced-matcha-latte-oat-milk-medium,"Spiced Maple Pumpkin Cream Iced Matcha Latte (oat milk, medium)",Matcha iced lattes,Medium,296,,,,,,,,,,,,,,,,false,false,,,"Printed 'Spiced Maple Pumpkin Cream Iced Matcha Latte (oat milk) Medium' on page 25, 296 kcal"
spiced-maple-pumpkin-cream-iced-matcha-latte-oat-milk-large,"Spiced Maple Pumpkin Cream Iced Matcha Latte (oat milk, large)",Matcha iced lattes,Large,323,,,,,,,,,,,,,,,,false,false,,,"Printed 'Spiced Maple Pumpkin Cream Iced Matcha Latte (oat milk) Large' on page 25, 323 kcal"
spiced-maple-pumpkin-cream-iced-matcha-latte-soya-milk-medium,"Spiced Maple Pumpkin Cream Iced Matcha Latte (soya milk, medium)",Matcha iced lattes,Medium,289,,,,,,,,,,,,,,,,false,false,,,"Printed 'Spiced Maple Pumpkin Cream Iced Matcha Latte (soya milk) Medium' on page 25, 289 kcal"
spiced-maple-pumpkin-cream-iced-matcha-latte-soya-milk-large,"Spiced Maple Pumpkin Cream Iced Matcha Latte (soya milk, large)",Matcha iced lattes,Large,315,,,,,,,,,,,,,,,,false,false,,,"Printed 'Spiced Maple Pumpkin Cream Iced Matcha Latte (soya milk) Large' on page 25, 315 kcal"
original-iced-matcha-latte-skimmed-milk-medium,"Original Iced Matcha Latte (skimmed milk, medium)",Matcha iced lattes,Medium,58,,,,,,,,,,,,,,,,false,false,,,"Printed 'Original Iced Matcha Latte (skimmed milk) Medium' on page 26, 58 kcal"
original-iced-matcha-latte-skimmed-milk-large,"Original Iced Matcha Latte (skimmed milk, large)",Matcha iced lattes,Large,78,,,,,,,,,,,,,,,,false,false,,,"Printed 'Original Iced Matcha Latte (skimmed milk) Large' on page 26, 78 kcal"
original-iced-matcha-latte-whole-milk-medium,"Original Iced Matcha Latte (whole milk, medium)",Matcha iced lattes,Medium,108,,,,,,,,,,,,,,,,false,false,,,"Printed 'Original Iced Matcha Latte (whole milk) Medium' on page 26, 108 kcal"
original-iced-matcha-latte-whole-milk-large,"Original Iced Matcha Latte (whole milk, large)",Matcha iced lattes,Large,146,,,,,,,,,,,,,,,,false,false,,,"Printed 'Original Iced Matcha Latte (whole milk) Large' on page 26, 146 kcal"
original-iced-matcha-latte-almond-milk-medium,"Original Iced Matcha Latte (almond milk, medium)",Matcha iced lattes,Medium,85,,,,,,,,,,,,,,,,false,false,,,"Printed 'Original Iced Matcha Latte (almond milk) Medium' on page 26, 85 kcal"
original-iced-matcha-latte-almond-milk-large,"Original Iced Matcha Latte (almond milk, large)",Matcha iced lattes,Large,28,,,,,,,,,,,,,,,,false,false,,,"Printed 'Original Iced Matcha Latte (almond milk) Large' on page 26, 28 kcal"
original-iced-matcha-latte-coconut-milk-medium,"Original Iced Matcha Latte (coconut milk, medium)",Matcha iced lattes,Medium,55,,,,,,,,,,,,,,,,false,false,,,"Printed 'Original Iced Matcha Latte (coconut milk) Medium' on page 26, 55 kcal"
original-iced-matcha-latte-coconut-milk-large,"Original Iced Matcha Latte (coconut milk, large)",Matcha iced lattes,Large,74,,,,,,,,,,,,,,,,false,false,,,"Printed 'Original Iced Matcha Latte (coconut milk) Large' on page 26, 74 kcal"
original-iced-matcha-latte-oat-milk-medium,"Original Iced Matcha Latte (oat milk, medium)",Matcha iced lattes,Medium,80,,,,,,,,,,,,,,,,false,false,,,"Printed 'Original Iced Matcha Latte (oat milk) Medium' on page 26, 80 kcal"
original-iced-matcha-latte-oat-milk-large,"Original Iced Matcha Latte (oat milk, large)",Matcha iced lattes,Large,108,,,,,,,,,,,,,,,,false,false,,,"Printed 'Original Iced Matcha Latte (oat milk) Large' on page 26, 108 kcal"
original-iced-matcha-latte-soya-milk-medium,"Original Iced Matcha Latte (soya milk, medium)",Matcha iced lattes,Medium,72,,,,,,,,,,,,,,,,false,false,,,"Printed 'Original Iced Matcha Latte (soya milk) Medium' on page 26, 72 kcal"
original-iced-matcha-latte-soya-milk-large,"Original Iced Matcha Latte (soya milk, large)",Matcha iced lattes,Large,97,,,,,,,,,,,,,,,,false,false,,,"Printed 'Original Iced Matcha Latte (soya milk) Large' on page 26, 97 kcal"
vanilla-iced-matcha-latte-skimmed-milk-medium,"Vanilla Iced Matcha Latte (skimmed milk, medium)",Matcha iced lattes,Medium,78,,,,,,,,,,,,,,,,false,false,,,"Printed 'Vanilla Iced Matcha Latte (skimmed milk) Medium' on page 26, 78 kcal"
vanilla-iced-matcha-latte-skimmed-milk-large,"Vanilla Iced Matcha Latte (skimmed milk, large)",Matcha iced lattes,Large,118,,,,,,,,,,,,,,,,false,false,,,"Printed 'Vanilla Iced Matcha Latte (skimmed milk) Large' on page 26, 118 kcal"
vanilla-iced-matcha-latte-whole-milk-medium,"Vanilla Iced Matcha Latte (whole milk, medium)",Matcha iced lattes,Medium,128,,,,,,,,,,,,,,,,false,false,,,"Printed 'Vanilla Iced Matcha Latte (whole milk) Medium' on page 26, 128 kcal"
vanilla-iced-matcha-latte-whole-milk-large,"Vanilla Iced Matcha Latte (whole milk, large)",Matcha iced lattes,Large,186,,,,,,,,,,,,,,,,false,false,,,"Printed 'Vanilla Iced Matcha Latte (whole milk) Large' on page 26, 186 kcal"
vanilla-iced-matcha-latte-almond-milk-medium,"Vanilla Iced Matcha Latte (almond milk, medium)",Matcha iced lattes,Medium,41,,,,,,,,,,,,,,,,false,false,,,"Printed 'Vanilla Iced Matcha Latte (almond milk) Medium' on page 26, 41 kcal"
vanilla-iced-matcha-latte-almond-milk-large,"Vanilla Iced Matcha Latte (almond milk, large)",Matcha iced lattes,Large,68,,,,,,,,,,,,,,,,false,false,,,"Printed 'Vanilla Iced Matcha Latte (almond milk) Large' on page 26, 68 kcal"
vanilla-iced-matcha-latte-coconut-milk-medium,"Vanilla Iced Matcha Latte (coconut milk, medium)",Matcha iced lattes,Medium,75,,,,,,,,,,,,,,,,false,false,,,"Printed 'Vanilla Iced Matcha Latte (coconut milk) Medium' on page 26, 75 kcal"
vanilla-iced-matcha-latte-coconut-milk-large,"Vanilla Iced Matcha Latte (coconut milk, large)",Matcha iced lattes,Large,114,,,,,,,,,,,,,,,,false,false,,,"Printed 'Vanilla Iced Matcha Latte (coconut milk) Large' on page 26, 114 kcal"
vanilla-iced-matcha-latte-oat-milk-medium,"Vanilla Iced Matcha Latte (oat milk, medium)",Matcha iced lattes,Medium,100,,,,,,,,,,,,,,,,false,false,,,"Printed 'Vanilla Iced Matcha Latte (oat milk) Medium' on page 26, 100 kcal"
vanilla-iced-matcha-latte-oat-milk-large,"Vanilla Iced Matcha Latte (oat milk, large)",Matcha iced lattes,Large,148,,,,,,,,,,,,,,,,false,false,,,"Printed 'Vanilla Iced Matcha Latte (oat milk) Large' on page 26, 148 kcal"
vanilla-iced-matcha-latte-soya-milk-medium,"Vanilla Iced Matcha Latte (soya milk, medium)",Matcha iced lattes,Medium,92,,,,,,,,,,,,,,,,false,false,,,"Printed 'Vanilla Iced Matcha Latte (soya milk) Medium' on page 26, 92 kcal"
vanilla-iced-matcha-latte-soya-milk-large,"Vanilla Iced Matcha Latte (soya milk, large)",Matcha iced lattes,Large,137,,,,,,,,,,,,,,,,false,false,,,"Printed 'Vanilla Iced Matcha Latte (soya milk) Large' on page 26, 137 kcal"
strawberry-iced-matcha-latte-skimmed-milk-medium,"Strawberry Iced Matcha Latte (skimmed milk, medium)",Matcha iced lattes,Medium,108,,,,,,,,,,,,,,,,false,false,,,"Printed 'Strawberry Iced Matcha Latte (skimmed milk) Medium' on page 27, 108 kcal"
strawberry-iced-matcha-latte-skimmed-milk-large,"Strawberry Iced Matcha Latte (skimmed milk, large)",Matcha iced lattes,Large,153,,,,,,,,,,,,,,,,false,false,,,"Printed 'Strawberry Iced Matcha Latte (skimmed milk) Large' on page 27, 153 kcal"
strawberry-iced-matcha-latte-whole-milk-medium,"Strawberry Iced Matcha Latte (whole milk, medium)",Matcha iced lattes,Medium,160,,,,,,,,,,,,,,,,false,false,,,"Printed 'Strawberry Iced Matcha Latte (whole milk) Medium' on page 27, 160 kcal"
strawberry-iced-matcha-latte-whole-milk-large,"Strawberry Iced Matcha Latte (whole milk, large)",Matcha iced lattes,Large,224,,,,,,,,,,,,,,,,false,false,,,"Printed 'Strawberry Iced Matcha Latte (whole milk) Large' on page 27, 224 kcal"
strawberry-iced-matcha-latte-almond-milk-medium,"Strawberry Iced Matcha Latte (almond milk, medium)",Matcha iced lattes,Medium,72,,,,,,,,,,,,,,,,false,false,,,"Printed 'Strawberry Iced Matcha Latte (almond milk) Medium' on page 27, 72 kcal"
strawberry-iced-matcha-latte-almond-milk-large,"Strawberry Iced Matcha Latte (almond milk, large)",Matcha iced lattes,Large,105,,,,,,,,,,,,,,,,false,false,,,"Printed 'Strawberry Iced Matcha Latte (almond milk) Large' on page 27, 105 kcal"
strawberry-iced-matcha-latte-coconut-milk-medium,"Strawberry Iced Matcha Latte (coconut milk, medium)",Matcha iced lattes,Medium,106,,,,,,,,,,,,,,,,false,false,,,"Printed 'Strawberry Iced Matcha Latte (coconut milk) Medium' on page 27, 106 kcal"
strawberry-iced-matcha-latte-coconut-milk-large,"Strawberry Iced Matcha Latte (coconut milk, large)",Matcha iced lattes,Large,151,,,,,,,,,,,,,,,,false,false,,,"Printed 'Strawberry Iced Matcha Latte (coconut milk) Large' on page 27, 151 kcal"
strawberry-iced-matcha-latte-oat-milk-medium,"Strawberry Iced Matcha Latte (oat milk, medium)",Matcha iced lattes,Medium,131,,,,,,,,,,,,,,,,false,false,,,"Printed 'Strawberry Iced Matcha Latte (oat milk) Medium' on page 27, 131 kcal"
strawberry-iced-matcha-latte-oat-milk-large,"Strawberry Iced Matcha Latte (oat milk, large)",Matcha iced lattes,Large,184,,,,,,,,,,,,,,,,false,false,,,"Printed 'Strawberry Iced Matcha Latte (oat milk) Large' on page 27, 184 kcal"
strawberry-iced-matcha-latte-soya-milk-medium,"Strawberry Iced Matcha Latte (soya milk, medium)",Matcha iced lattes,Medium,123,,,,,,,,,,,,,,,,false,false,,,"Printed 'Strawberry Iced Matcha Latte (soya milk) Medium' on page 27, 123 kcal"
strawberry-iced-matcha-latte-soya-milk-large,"Strawberry Iced Matcha Latte (soya milk, large)",Matcha iced lattes,Large,174,,,,,,,,,,,,,,,,false,false,,,"Printed 'Strawberry Iced Matcha Latte (soya milk) Large' on page 27, 174 kcal"
espresso-frappe-skimmed-milk-regular,"Espresso Frappe (skimmed milk, regular)",Creamy frappes,Regular,176,,,,,,,,,,,,,,,,false,false,,,"Printed 'Espresso Frappe (skimmed milk) Regular' on page 28, 176 kcal"
espresso-frappe-skimmed-milk-large,"Espresso Frappe (skimmed milk, large)",Creamy frappes,Large,199,,,,,,,,,,,,,,,,false,false,,,"Printed 'Espresso Frappe (skimmed milk) Large' on page 28, 199 kcal"
espresso-frappe-whole-milk-regular,"Espresso Frappe (whole milk, regular)",Creamy frappes,Regular,200,,,,,,,,,,,,,,,,false,false,,,"Printed 'Espresso Frappe (whole milk) Regular' on page 28, 200 kcal"
espresso-frappe-whole-milk-large,"Espresso Frappe (whole milk, large)",Creamy frappes,Large,225,,,,,,,,,,,,,,,,false,false,,,"Printed 'Espresso Frappe (whole milk) Large' on page 28, 225 kcal"
triple-chocolate-frappe-skimmed-milk-regular,"Triple Chocolate Frappe (skimmed milk, regular)",Creamy frappes,Regular,303,,,,,,,,,,,,,,,,false,false,,,"Printed 'Triple Chocolate Frappe (skimmed milk) Regular' on page 28, 303 kcal"
triple-chocolate-frappe-skimmed-milk-large,"Triple Chocolate Frappe (skimmed milk, large)",Creamy frappes,Large,386,,,,,,,,,,,,,,,,false,false,,,"Printed 'Triple Chocolate Frappe (skimmed milk) Large' on page 28, 386 kcal"
triple-chocolate-frappe-whole-milk-regular,"Triple Chocolate Frappe (whole milk, regular)",Creamy frappes,Regular,332,,,,,,,,,,,,,,,,false,false,,,"Printed 'Triple Chocolate Frappe (whole milk) Regular' on page 28, 332 kcal"
triple-chocolate-frappe-whole-milk-large,"Triple Chocolate Frappe (whole milk, large)",Creamy frappes,Large,427,,,,,,,,,,,,,,,,false,false,,,"Printed 'Triple Chocolate Frappe (whole milk) Large' on page 28, 427 kcal"
triple-chocolate-frappe-almond-milk-regular,"Triple Chocolate Frappe (almond milk, regular)",Creamy frappes,Regular,282,,,,,,,,,,,,,,,,false,false,,,"Printed 'Triple Chocolate Frappe (almond milk) Regular' on page 28, 282 kcal"
triple-chocolate-frappe-almond-milk-large,"Triple Chocolate Frappe (almond milk, large)",Creamy frappes,Large,356,,,,,,,,,,,,,,,,false,false,,,"Printed 'Triple Chocolate Frappe (almond milk) Large' on page 28, 356 kcal"
triple-chocolate-frappe-coconut-milk-regular,"Triple Chocolate Frappe (coconut milk, regular)",Creamy frappes,Regular,302,,,,,,,,,,,,,,,,false,false,,,"Printed 'Triple Chocolate Frappe (coconut milk) Regular' on page 28, 302 kcal"
triple-chocolate-frappe-coconut-milk-large,"Triple Chocolate Frappe (coconut milk, large)",Creamy frappes,Large,385,,,,,,,,,,,,,,,,false,false,,,"Printed 'Triple Chocolate Frappe (coconut milk) Large' on page 28, 385 kcal"
triple-chocolate-frappe-oat-milk-regular,"Triple Chocolate Frappe (oat milk, regular)",Creamy frappes,Regular,316,,,,,,,,,,,,,,,,false,false,,,"Printed 'Triple Chocolate Frappe (oat milk) Regular' on page 28, 316 kcal"
triple-chocolate-frappe-oat-milk-large,"Triple Chocolate Frappe (oat milk, large)",Creamy frappes,Large,405,,,,,,,,,,,,,,,,false,false,,,"Printed 'Triple Chocolate Frappe (oat milk) Large' on page 28, 405 kcal"
triple-chocolate-frappe-soya-milk-regular,"Triple Chocolate Frappe (soya milk, regular)",Creamy frappes,Regular,312,,,,,,,,,,,,,,,,false,false,,,"Printed 'Triple Chocolate Frappe (soya milk) Regular' on page 28, 312 kcal"
triple-chocolate-frappe-soya-milk-large,"Triple Chocolate Frappe (soya milk, large)",Creamy frappes,Large,399,,,,,,,,,,,,,,,,false,false,,,"Printed 'Triple Chocolate Frappe (soya milk) Large' on page 28, 399 kcal"
dubai-style-chocolate-frappe-skimmed-milk-medium,"Dubai Style Chocolate Frappe (skimmed milk, medium)",Creamy frappes,Medium,454,,,,,,,,,,,,,,,,false,false,,,"Printed 'Dubai Style Chocolate Frappe (skimmed milk) Medium' on page 28, 454 kcal"
dubai-style-chocolate-frappe-skimmed-milk-large,"Dubai Style Chocolate Frappe (skimmed milk, large)",Creamy frappes,Large,561,,,,,,,,,,,,,,,,false,false,,,"Printed 'Dubai Style Chocolate Frappe (skimmed milk) Large' on page 28, 561 kcal"
dubai-style-chocolate-frappe-whole-milk-medium,"Dubai Style Chocolate Frappe (whole milk, medium)",Creamy frappes,Medium,483,,,,,,,,,,,,,,,,false,false,,,"Printed 'Dubai Style Chocolate Frappe (whole milk) Medium' on page 28, 483 kcal"
dubai-style-chocolate-frappe-whole-milk-large,"Dubai Style Chocolate Frappe (whole milk, large)",Creamy frappes,Large,594,,,,,,,,,,,,,,,,false,false,,,"Printed 'Dubai Style Chocolate Frappe (whole milk) Large' on page 28, 594 kcal"
dubai-style-chocolate-frappe-almond-milk-medium,"Dubai Style Chocolate Frappe (almond milk, medium)",Creamy frappes,Medium,427,,,,,,,,,,,,,,,,false,false,,,"Printed 'Dubai Style Chocolate Frappe (almond milk) Medium' on page 28, 427 kcal"
dubai-style-chocolate-frappe-almond-milk-large,"Dubai Style Chocolate Frappe (almond milk, large)",Creamy frappes,Large,533,,,,,,,,,,,,,,,,false,false,,,"Printed 'Dubai Style Chocolate Frappe (almond milk) Large' on page 28, 533 kcal"
dubai-style-chocolate-frappe-coconut-milk-medium,"Dubai Style Chocolate Frappe (coconut milk, medium)",Creamy frappes,Medium,449,,,,,,,,,,,,,,,,false,false,,,"Printed 'Dubai Style Chocolate Frappe (coconut milk) Medium' on page 28, 449 kcal"
dubai-style-chocolate-frappe-coconut-milk-large,"Dubai Style Chocolate Frappe (coconut milk, large)",Creamy frappes,Large,557,,,,,,,,,,,,,,,,false,false,,,"Printed 'Dubai Style Chocolate Frappe (coconut milk) Large' on page 28, 557 kcal"
dubai-style-chocolate-frappe-oat-milk-medium,"Dubai Style Chocolate Frappe (oat milk, medium)",Creamy frappes,Medium,478,,,,,,,,,,,,,,,,false,false,,,"Printed 'Dubai Style Chocolate Frappe (oat milk) Medium' on page 28, 478 kcal"
dubai-style-chocolate-frappe-oat-milk-large,"Dubai Style Chocolate Frappe (oat milk, large)",Creamy frappes,Large,588,,,,,,,,,,,,,,,,false,false,,,"Printed 'Dubai Style Chocolate Frappe (oat milk) Large' on page 28, 588 kcal"
dubai-style-chocolate-frappe-soya-milk-medium,"Dubai Style Chocolate Frappe (soya milk, medium)",Creamy frappes,Medium,459,,,,,,,,,,,,,,,,false,false,,,"Printed 'Dubai Style Chocolate Frappe (soya milk) Medium' on page 28, 459 kcal"
dubai-style-chocolate-frappe-soya-milk-large,"Dubai Style Chocolate Frappe (soya milk, large)",Creamy frappes,Large,567,,,,,,,,,,,,,,,,false,false,,,"Printed 'Dubai Style Chocolate Frappe (soya milk) Large' on page 28, 567 kcal"
salted-caramel-frappe-skimmed-milk-medium,"Salted Caramel Frappe (skimmed milk, medium)",Creamy frappes,Medium,356,,,,,,,,,,,,,,,,false,false,,,"Printed 'Salted Caramel Frappe (skimmed milk) Medium' on page 29, 356 kcal"
salted-caramel-frappe-skimmed-milk-large,"Salted Caramel Frappe (skimmed milk, large)",Creamy frappes,Large,479,,,,,,,,,,,,,,,,false,false,,,"Printed 'Salted Caramel Frappe (skimmed milk) Large' on page 29, 479 kcal"
salted-caramel-frappe-whole-milk-medium,"Salted Caramel Frappe (whole milk, medium)",Creamy frappes,Medium,376,,,,,,,,,,,,,,,,false,false,,,"Printed 'Salted Caramel Frappe (whole milk) Medium' on page 29, 376 kcal"
salted-caramel-frappe-whole-milk-large,"Salted Caramel Frappe (whole milk, large)",Creamy frappes,Large,505,,,,,,,,,,,,,,,,false,false,,,"Printed 'Salted Caramel Frappe (whole milk) Large' on page 29, 505 kcal"
salted-caramel-frappe-almond-milk-medium,"Salted Caramel Frappe (almond milk, medium)",Creamy frappes,Medium,339,,,,,,,,,,,,,,,,false,false,,,"Printed 'Salted Caramel Frappe (almond milk) Medium' on page 29, 339 kcal"
salted-caramel-frappe-almond-milk-large,"Salted Caramel Frappe (almond milk, large)",Creamy frappes,Large,457,,,,,,,,,,,,,,,,false,false,,,"Printed 'Salted Caramel Frappe (almond milk) Large' on page 29, 457 kcal"
salted-caramel-frappe-coconut-milk-medium,"Salted Caramel Frappe (coconut milk, medium)",Creamy frappes,Medium,354,,,,,,,,,,,,,,,,false,false,,,"Printed 'Salted Caramel Frappe (coconut milk) Medium' on page 29, 354 kcal"
salted-caramel-frappe-coconut-milk-large,"Salted Caramel Frappe (coconut milk, large)",Creamy frappes,Large,476,,,,,,,,,,,,,,,,false,false,,,"Printed 'Salted Caramel Frappe (coconut milk) Large' on page 29, 476 kcal"
salted-caramel-frappe-oat-milk-medium,"Salted Caramel Frappe (oat milk, medium)",Creamy frappes,Medium,365,,,,,,,,,,,,,,,,false,false,,,"Printed 'Salted Caramel Frappe (oat milk) Medium' on page 29, 365 kcal"
salted-caramel-frappe-oat-milk-large,"Salted Caramel Frappe (oat milk, large)",Creamy frappes,Large,491,,,,,,,,,,,,,,,,false,false,,,"Printed 'Salted Caramel Frappe (oat milk) Large' on page 29, 491 kcal"
salted-caramel-frappe-soya-milk-medium,"Salted Caramel Frappe (soya milk, medium)",Creamy frappes,Medium,361,,,,,,,,,,,,,,,,false,false,,,"Printed 'Salted Caramel Frappe (soya milk) Medium' on page 29, 361 kcal"
salted-caramel-frappe-soya-milk-large,"Salted Caramel Frappe (soya milk, large)",Creamy frappes,Large,485,,,,,,,,,,,,,,,,false,false,,,"Printed 'Salted Caramel Frappe (soya milk) Large' on page 29, 485 kcal"
chocolate-fudge-brownie-chocolate-frappe-skimmed-milk-medium,"Chocolate Fudge Brownie Chocolate Frappe (skimmed milk, medium)",Creamy frappes,Medium,413,,,,,,,,,,,,,,,,false,false,,,"Printed 'Chocolate Fudge Brownie Chocolate Frappe (skimmed milk) Medium' on page 29, 413 kcal"
chocolate-fudge-brownie-chocolate-frappe-skimmed-milk-large,"Chocolate Fudge Brownie Chocolate Frappe (skimmed milk, large)",Creamy frappes,Large,511,,,,,,,,,,,,,,,,false,false,,,"Printed 'Chocolate Fudge Brownie Chocolate Frappe (skimmed milk) Large' on page 29, 511 kcal"
chocolate-fudge-brownie-chocolate-frappe-whole-milk-medium,"Chocolate Fudge Brownie Chocolate Frappe (whole milk, medium)",Creamy frappes,Medium,456,,,,,,,,,,,,,,,,false,false,,,"Printed 'Chocolate Fudge Brownie Chocolate Frappe (whole milk) Medium' on page 29, 456 kcal"
chocolate-fudge-brownie-chocolate-frappe-whole-milk-large,"Chocolate Fudge Brownie Chocolate Frappe (whole milk, large)",Creamy frappes,Large,565,,,,,,,,,,,,,,,,false,false,,,"Printed 'Chocolate Fudge Brownie Chocolate Frappe (whole milk) Large' on page 29, 565 kcal"
chocolate-fudge-brownie-chocolate-frappe-almond-milk-medium,"Chocolate Fudge Brownie Chocolate Frappe (almond milk, medium)",Creamy frappes,Medium,375,,,,,,,,,,,,,,,,false,false,,,"Printed 'Chocolate Fudge Brownie Chocolate Frappe (almond milk) Medium' on page 29, 375 kcal"
chocolate-fudge-brownie-chocolate-frappe-almond-milk-large,"Chocolate Fudge Brownie Chocolate Frappe (almond milk, large)",Creamy frappes,Large,469,,,,,,,,,,,,,,,,false,false,,,"Printed 'Chocolate Fudge Brownie Chocolate Frappe (almond milk) Large' on page 29, 469 kcal"
chocolate-fudge-brownie-chocolate-frappe-coconut-milk-medium,"Chocolate Fudge Brownie Chocolate Frappe (coconut milk, medium)",Creamy frappes,Medium,407,,,,,,,,,,,,,,,,false,false,,,"Printed 'Chocolate Fudge Brownie Chocolate Frappe (coconut milk) Medium' on page 29, 407 kcal; marked NEW"
chocolate-fudge-brownie-chocolate-frappe-coconut-milk-large,"Chocolate Fudge Brownie Chocolate Frappe (coconut milk, large)",Creamy frappes,Large,505,,,,,,,,,,,,,,,,false,false,,,"Printed 'Chocolate Fudge Brownie Chocolate Frappe (coconut milk) Large' on page 29, 505 kcal"
chocolate-fudge-brownie-chocolate-frappe-oat-milk-medium,"Chocolate Fudge Brownie Chocolate Frappe (oat milk, medium)",Creamy frappes,Medium,429,,,,,,,,,,,,,,,,false,false,,,"Printed 'Chocolate Fudge Brownie Chocolate Frappe (oat milk) Medium' on page 29, 429 kcal"
chocolate-fudge-brownie-chocolate-frappe-oat-milk-large,"Chocolate Fudge Brownie Chocolate Frappe (oat milk, large)",Creamy frappes,Large,532,,,,,,,,,,,,,,,,false,false,,,"Printed 'Chocolate Fudge Brownie Chocolate Frappe (oat milk) Large' on page 29, 532 kcal"
chocolate-fudge-brownie-chocolate-frappe-soya-milk-medium,"Chocolate Fudge Brownie Chocolate Frappe (soya milk, medium)",Creamy frappes,Medium,421,,,,,,,,,,,,,,,,false,false,,,"Printed 'Chocolate Fudge Brownie Chocolate Frappe (soya milk) Medium' on page 29, 421 kcal"
chocolate-fudge-brownie-chocolate-frappe-soya-milk-large,"Chocolate Fudge Brownie Chocolate Frappe (soya milk, large)",Creamy frappes,Large,522,,,,,,,,,,,,,,,,false,false,,,"Printed 'Chocolate Fudge Brownie Chocolate Frappe (soya milk) Large' on page 29, 522 kcal"
tropical-twist-fruit-smoothie-medium,Tropical Twist Fruit Smoothie (medium),Fruit smoothies,Medium,239,,,,,,,,,,,,,,,,false,false,,,"Printed 'Tropical Twist Fruit Smoothie Medium' on page 30, 239 kcal"
tropical-twist-fruit-smoothie-large,Tropical Twist Fruit Smoothie (large),Fruit smoothies,Large,283,,,,,,,,,,,,,,,,false,false,,,"Printed 'Tropical Twist Fruit Smoothie Large' on page 30, 283 kcal; marked NEW"
kale-kick-smoothie-medium,Kale Kick Smoothie (medium),Fruit smoothies,Medium,191,,,,,,,,,,,,,,,,false,false,,,"Printed 'Kale Kick Smoothie Medium' on page 30, 191 kcal"
kale-kick-smoothie-large,Kale Kick Smoothie (large),Fruit smoothies,Large,235,,,,,,,,,,,,,,,,false,false,,,"Printed 'Kale Kick Smoothie Large' on page 30, 235 kcal"
superberry-and-acai-smoothie-medium,Superberry & Acai Smoothie (medium),Fruit smoothies,Medium,186,,,,,,,,,,,,,,,,false,false,,,"Printed 'Superberry & Acai Smoothie Medium' on page 30, 186 kcal"
superberry-and-acai-smoothie-large,Superberry & Acai Smoothie (large),Fruit smoothies,Large,226,,,,,,,,,,,,,,,,false,false,,,"Printed 'Superberry & Acai Smoothie Large' on page 30, 226 kcal"
mango-pineapple-and-passionfruit-medium,Mango Pineapple & Passionfruit (medium),Fruit smoothies,Medium,198,,,,,,,,,,,,,,,,false,false,,,"Printed 'Mango Pineapple & Passionfruit Medium' on page 30, 198 kcal"
mango-pineapple-and-passionfruit-large,Mango Pineapple & Passionfruit (large),Fruit smoothies,Large,238,,,,,,,,,,,,,,,,false,false,,,"Printed 'Mango Pineapple & Passionfruit Large' on page 30, 238 kcal"
strawberry-and-banana-smoothie-medium,Strawberry & Banana Smoothie (medium),Fruit smoothies,Medium,209,,,,,,,,,,,,,,,,false,false,,,"Printed 'Strawberry & Banana Smoothie Medium' on page 30, 209 kcal"
strawberry-and-banana-smoothie-large,Strawberry & Banana Smoothie (large),Fruit smoothies,Large,249,,,,,,,,,,,,,,,,false,false,,,"Printed 'Strawberry & Banana Smoothie Large' on page 30, 249 kcal"
strawberry-milkshake-skimmed-milk-medium,"Strawberry Milkshake (skimmed milk, medium)",Milkshakes,Medium,305,,,,,,,,,,,,,,,,false,false,,,"Printed 'Strawberry Milkshake (skimmed milk) Medium' on page 30, 305 kcal"
strawberry-milkshake-skimmed-milk-large,"Strawberry Milkshake (skimmed milk, large)",Milkshakes,Large,405,,,,,,,,,,,,,,,,false,false,,,"Printed 'Strawberry Milkshake (skimmed milk) Large' on page 30, 405 kcal"
strawberry-milkshake-whole-milk-medium,"Strawberry Milkshake (whole milk, medium)",Milkshakes,Medium,334,,,,,,,,,,,,,,,,false,false,,,"Printed 'Strawberry Milkshake (whole milk) Medium' on page 30, 334 kcal"
strawberry-milkshake-whole-milk-large,"Strawberry Milkshake (whole milk, large)",Milkshakes,Large,438,,,,,,,,,,,,,,,,false,false,,,"Printed 'Strawberry Milkshake (whole milk) Large' on page 30, 438 kcal"
strawberry-milkshake-almond-milk-medium,"Strawberry Milkshake (almond milk, medium)",Milkshakes,Medium,278,,,,,,,,,,,,,,,,false,false,,,"Printed 'Strawberry Milkshake (almond milk) Medium' on page 30, 278 kcal"
strawberry-milkshake-almond-milk-large,"Strawberry Milkshake (almond milk, large)",Milkshakes,Large,377,,,,,,,,,,,,,,,,false,false,,,"Printed 'Strawberry Milkshake (almond milk) Large' on page 30, 377 kcal"
strawberry-milkshake-coconut-milk-medium,"Strawberry Milkshake (coconut milk, medium)",Milkshakes,Medium,300,,,,,,,,,,,,,,,,false,false,,,"Printed 'Strawberry Milkshake (coconut milk) Medium' on page 30, 300 kcal"
strawberry-milkshake-coconut-milk-large,"Strawberry Milkshake (coconut milk, large)",Milkshakes,Large,401,,,,,,,,,,,,,,,,false,false,,,"Printed 'Strawberry Milkshake (coconut milk) Large' on page 30, 401 kcal"
strawberry-milkshake-oat-milk-medium,"Strawberry Milkshake (oat milk, medium)",Milkshakes,Medium,329,,,,,,,,,,,,,,,,false,false,,,"Printed 'Strawberry Milkshake (oat milk) Medium' on page 30, 329 kcal"
strawberry-milkshake-oat-milk-large,"Strawberry Milkshake (oat milk, large)",Milkshakes,Large,432,,,,,,,,,,,,,,,,false,false,,,"Printed 'Strawberry Milkshake (oat milk) Large' on page 30, 432 kcal"
strawberry-milkshake-soya-milk-medium,"Strawberry Milkshake (soya milk, medium)",Milkshakes,Medium,310,,,,,,,,,,,,,,,,false,false,,,"Printed 'Strawberry Milkshake (soya milk) Medium' on page 30, 310 kcal"
strawberry-milkshake-soya-milk-large,"Strawberry Milkshake (soya milk, large)",Milkshakes,Large,411,,,,,,,,,,,,,,,,false,false,,,"Printed 'Strawberry Milkshake (soya milk) Large' on page 30, 411 kcal"
vanilla-milkshake-skimmed-milk-medium,"Vanilla Milkshake (skimmed milk, medium)",Milkshakes,Medium,268,,,,,,,,,,,,,,,,false,false,,,"Printed 'Vanilla Milkshake (skimmed milk) Medium' on page 31, 268 kcal"
vanilla-milkshake-skimmed-milk-large,"Vanilla Milkshake (skimmed milk, large)",Milkshakes,Large,362,,,,,,,,,,,,,,,,false,false,,,"Printed 'Vanilla Milkshake (skimmed milk) Large' on page 31, 362 kcal"
vanilla-milkshake-whole-milk-medium,"Vanilla Milkshake (whole milk, medium)",Milkshakes,Medium,297,,,,,,,,,,,,,,,,false,false,,,"Printed 'Vanilla Milkshake (whole milk) Medium' on page 31, 297 kcal"
vanilla-milkshake-whole-milk-large,"Vanilla Milkshake (whole milk, large)",Milkshakes,Large,395,,,,,,,,,,,,,,,,false,false,,,"Printed 'Vanilla Milkshake (whole milk) Large' on page 31, 395 kcal"
vanilla-milkshake-almond-milk-medium,"Vanilla Milkshake (almond milk, medium)",Milkshakes,Medium,241,,,,,,,,,,,,,,,,false,false,,,"Printed 'Vanilla Milkshake (almond milk) Medium' on page 31, 241 kcal"
vanilla-milkshake-almond-milk-large,"Vanilla Milkshake (almond milk, large)",Milkshakes,Large,334,,,,,,,,,,,,,,,,false,false,,,"Printed 'Vanilla Milkshake (almond milk) Large' on page 31, 334 kcal"
vanilla-milkshake-coconut-milk-medium,"Vanilla Milkshake (coconut milk, medium)",Milkshakes,Medium,263,,,,,,,,,,,,,,,,false,false,,,"Printed 'Vanilla Milkshake (coconut milk) Medium' on page 31, 263 kcal"
vanilla-milkshake-coconut-milk-large,"Vanilla Milkshake (coconut milk, large)",Milkshakes,Large,358,,,,,,,,,,,,,,,,false,false,,,"Printed 'Vanilla Milkshake (coconut milk) Large' on page 31, 358 kcal"
vanilla-milkshake-oat-milk-medium,"Vanilla Milkshake (oat milk, medium)",Milkshakes,Medium,292,,,,,,,,,,,,,,,,false,false,,,"Printed 'Vanilla Milkshake (oat milk) Medium' on page 31, 292 kcal"
vanilla-milkshake-oat-milk-large,"Vanilla Milkshake (oat milk, large)",Milkshakes,Large,389,,,,,,,,,,,,,,,,false,false,,,"Printed 'Vanilla Milkshake (oat milk) Large' on page 31, 389 kcal"
vanilla-milkshake-soya-milk-medium,"Vanilla Milkshake (soya milk, medium)",Milkshakes,Medium,273,,,,,,,,,,,,,,,,false,false,,,"Printed 'Vanilla Milkshake (soya milk) Medium' on page 31, 273 kcal"
vanilla-milkshake-soya-milk-large,"Vanilla Milkshake (soya milk, large)",Milkshakes,Large,368,,,,,,,,,,,,,,,,false,false,,,"Printed 'Vanilla Milkshake (soya milk) Large' on page 31, 368 kcal"
chocolate-milkshake-skimmed-milk-medium,"Chocolate Milkshake (skimmed milk, medium)",Milkshakes,Medium,387,,,,,,,,,,,,,,,,false,false,,,"Printed 'Chocolate Milkshake (skimmed milk) Medium' on page 31, 387 kcal"
chocolate-milkshake-skimmed-milk-large,"Chocolate Milkshake (skimmed milk, large)",Milkshakes,Large,462,,,,,,,,,,,,,,,,false,false,,,"Printed 'Chocolate Milkshake (skimmed milk) Large' on page 31, 462 kcal"
chocolate-milkshake-whole-milk-medium,"Chocolate Milkshake (whole milk, medium)",Milkshakes,Medium,416,,,,,,,,,,,,,,,,false,false,,,"Printed 'Chocolate Milkshake (whole milk) Medium' on page 31, 416 kcal"
chocolate-milkshake-whole-milk-large,"Chocolate Milkshake (whole milk, large)",Milkshakes,Large,495,,,,,,,,,,,,,,,,false,false,,,"Printed 'Chocolate Milkshake (whole milk) Large' on page 31, 495 kcal"
chocolate-milkshake-almond-milk-medium,"Chocolate Milkshake (almond milk, medium)",Milkshakes,Medium,360,,,,,,,,,,,,,,,,false,false,,,"Printed 'Chocolate Milkshake (almond milk) Medium' on page 31, 360 kcal"
chocolate-milkshake-almond-milk-large,"Chocolate Milkshake (almond milk, large)",Milkshakes,Large,434,,,,,,,,,,,,,,,,false,false,,,"Printed 'Chocolate Milkshake (almond milk) Large' on page 31, 434 kcal"
chocolate-milkshake-coconut-milk-medium,"Chocolate Milkshake (coconut milk, medium)",Milkshakes,Medium,382,,,,,,,,,,,,,,,,false,false,,,"Printed 'Chocolate Milkshake (coconut milk) Medium' on page 31, 382 kcal"
chocolate-milkshake-coconut-milk-large,"Chocolate Milkshake (coconut milk, large)",Milkshakes,Large,458,,,,,,,,,,,,,,,,false,false,,,"Printed 'Chocolate Milkshake (coconut milk) Large' on page 31, 458 kcal"
chocolate-milkshake-oat-milk-medium,"Chocolate Milkshake (oat milk, medium)",Milkshakes,Medium,411,,,,,,,,,,,,,,,,false,false,,,"Printed 'Chocolate Milkshake (oat milk) Medium' on page 31, 411 kcal"
chocolate-milkshake-oat-milk-large,"Chocolate Milkshake (oat milk, large)",Milkshakes,Large,489,,,,,,,,,,,,,,,,false,false,,,"Printed 'Chocolate Milkshake (oat milk) Large' on page 31, 489 kcal"
chocolate-milkshake-soya-milk-medium,"Chocolate Milkshake (soya milk, medium)",Milkshakes,Medium,392,,,,,,,,,,,,,,,,false,false,,,"Printed 'Chocolate Milkshake (soya milk) Medium' on page 31, 392 kcal"
chocolate-milkshake-soya-milk-large,"Chocolate Milkshake (soya milk, large)",Milkshakes,Large,468,,,,,,,,,,,,,,,,false,false,,,"Printed 'Chocolate Milkshake (soya milk) Large' on page 31, 468 kcal"
peach-iced-tea-regular,Peach Iced Tea (regular),Iced teas,Regular,48,,,,,,,,,,,,,,,,false,false,,,"Printed 'Peach Iced Tea Regular' on page 32, 48 kcal"
peach-iced-tea-large,Peach Iced Tea (large),Iced teas,Large,72,,,,,,,,,,,,,,,,false,false,,,"Printed 'Peach Iced Tea Large' on page 32, 72 kcal"
green-tea-and-peach-iced-tea-regular,Green Tea & Peach Iced Tea (regular),Iced teas,Regular,88,,,,,,,,,,,,,,,,false,false,,,"Printed 'Green Tea & Peach Iced Tea Regular' on page 32, 88 kcal"
green-tea-and-peach-iced-tea-large,Green Tea & Peach Iced Tea (large),Iced teas,Large,131,,,,,,,,,,,,,,,,false,false,,,"Printed 'Green Tea & Peach Iced Tea Large' on page 32, 131 kcal"
lemon-iced-tea-regular,Lemon Iced Tea (regular),Iced teas,Regular,67,,,,,,,,,,,,,,,,false,false,,,"Printed 'Lemon Iced Tea Regular' on page 32, 67 kcal"
lemon-iced-tea-large,Lemon Iced Tea (large),Iced teas,Large,95,,,,,,,,,,,,,,,,false,false,,,"Printed 'Lemon Iced Tea Large' on page 32, 95 kcal"
traditional-lemonade-regular,Traditional Lemonade (regular),Iced lemonades,Regular,77,,,,,,,,,,,,,,,,false,false,,,"Printed 'Traditonal Lemonade Regular' on page 32, 77 kcal; name tidied, spelling as printed above"
traditional-lemonade-large,Traditional Lemonade (large),Iced lemonades,Large,102,,,,,,,,,,,,,,,,false,false,,,"Printed 'Traditonal Lemonade Large' on page 32, 102 kcal; name tidied, spelling as printed above"
passionfruit-iced-lemonade-regular,Passionfruit Iced Lemonade (regular),Iced lemonades,Regular,102,,,,,,,,,,,,,,,,false,false,,,"Printed 'Passionfruit Iced Lemonade Regular' on page 32, 102 kcal"
passionfruit-iced-lemonade-large,Passionfruit Iced Lemonade (large),Iced lemonades,Large,125,,,,,,,,,,,,,,,,false,false,,,"Printed 'Passionfruit Iced Lemonade Large' on page 32, 125 kcal"
strawberry-and-elderflower-frozen-refresher-regular,Strawberry & Elderflower Frozen Refresher (regular),Frozen refreshers,Regular,166,,,,,,,,,,,,,,,,false,false,,,"Printed 'Strawberry & Elderflower Frozen Refresher Regular' on page 32, 166 kcal"
strawberry-and-elderflower-frozen-refresher-large,Strawberry & Elderflower Frozen Refresher (large),Frozen refreshers,Large,222,,,,,,,,,,,,,,,,false,false,,,"Printed 'Strawberry & Elderflower Frozen Refresher Large' on page 32, 222 kcal"
tropical-frozen-refresher-regular,Tropical Frozen Refresher (regular),Frozen refreshers,Regular,193,,,,,,,,,,,,,,,,false,false,,,"Printed 'Tropical Frozen Refresher Regular' on page 32, 193 kcal"
tropical-frozen-refresher-large,Tropical Frozen Refresher (large),Frozen refreshers,Large,275,,,,,,,,,,,,,,,,false,false,,,"Printed 'Tropical Frozen Refresher Large' on page 32, 275 kcal"
tomato-ketchup-sachets,Tomato Ketchup Sachets,Condiment extras,,11,,,,,,,,,,,,,,,,false,false,,,"Printed 'Tomato Ketchup Sachets' on page 34, 11 kcal"
brown-sauce-sachets,Brown Sauce Sachets,Condiment extras,,14,,,,,,,,,,,,,,,,false,false,,,"Printed 'Brown Sauce Sachets' on page 34, 14 kcal"
