id,name,category,serving,calories,protein_g,carbs_g,fat_g,sat_fat_g,sodium_mg,salt_g,sugar_g,fiber_g,energy_kj,weight_g,mono_fat_g,poly_fat_g,trans_fat_g,caffeine_mg,tags,limited_time,rankable,components,added_on,notes
avocado-and-poached-eggs-on-toast,Avocado & Poached Eggs on Toast,Breakfast: Hot Breakfast,,498,,,,,,,,,,,,,,,vegetarian,false,false,,,Printed 'Avocado & Poached Eggs on Toast' (Breakfast; section 'Hot Breakfast')
cooked-breakfast-fried-egg,Cooked Breakfast - fried egg,Breakfast: Hot Breakfast,,611,,,,,,,,,,,,,,,contains_pork,false,false,,,Printed 'Cooked Breakfast - fried egg' (Breakfast; section 'Hot Breakfast')
cooked-breakfast-scrambled-egg,Cooked Breakfast - Scrambled egg,Breakfast: Hot Breakfast,,605,,,,,,,,,,,,,,,contains_pork,false,false,,,Printed 'Cooked Breakfast - Scrambled egg' (Breakfast; section 'Hot Breakfast')
fried-egg-brown-toast,"Fried egg, brown toast",Breakfast: Hot Breakfast,,1420,,,,,,,,,,,,,,,contains_pork,false,false,,,"Printed 'Fried egg, brown toast' (Breakfast; section 'Hot Breakfast')"
fried-egg-white-toast,"fried egg, white toast",Breakfast: Hot Breakfast,,1427,,,,,,,,,,,,,,,contains_pork,false,false,,,"Printed 'fried egg, white toast' (Breakfast; section 'Hot Breakfast')"
scrambled-eggs-brown-toast,"Scrambled eggs, brown toast",Breakfast: Hot Breakfast,,1409,,,,,,,,,,,,,,,contains_pork,false,false,,,"Printed 'Scrambled eggs, brown toast' (Breakfast; section 'Hot Breakfast')"
scrambled-egg-white-toast,"Scrambled egg, white toast",Breakfast: Hot Breakfast,,1417,,,,,,,,,,,,,,,contains_pork,false,false,,,"Printed 'Scrambled egg, white toast' (Breakfast; section 'Hot Breakfast')"
meatless-breakfast,Meatless Breakfast,Breakfast: Hot Breakfast,,626,,,,,,,,,,,,,,,vegetarian,false,false,,,Printed 'Meatless Breakfast' (Breakfast; section 'Hot Breakfast')
scrambled-eggs-on-toast-white-toast,Scrambled eggs on toast - white toast,Breakfast: Hot Breakfast,,359,,,,,,,,,,,,,,,vegetarian,false,false,,,Printed 'Scrambled eggs on toast - white toast' (Breakfast; section 'Hot Breakfast')
scrambled-eggs-on-toast-brown-toast,Scrambled eggs on toast - brown toast,Breakfast: Hot Breakfast,,344,,,,,,,,,,,,,,,vegetarian,false,false,,,Printed 'Scrambled eggs on toast - brown toast' (Breakfast; section 'Hot Breakfast')
beans-on-toast-brown-toast-hot-breakfast,Beans on Toast - Brown Toast (Hot Breakfast),Breakfast: Hot Breakfast,,483,,,,,,,,,,,,,,,vegetarian,false,false,,,Printed 'Beans on Toast - Brown Toast' (Breakfast; section 'Hot Breakfast')
beans-on-toast-white-toast-hot-breakfast,Beans on Toast - White Toast (Hot Breakfast),Breakfast: Hot Breakfast,,498,,,,,,,,,,,,,,,vegetarian,false,false,,,Printed 'Beans on Toast - White Toast' (Breakfast; section 'Hot Breakfast')
extra-smashed-avocado,Extra Smashed Avocado,Breakfast: Hot Breakfast,,148,,,,,,,,,,,,,,,vegetarian,false,false,,,Printed 'Extra Smashed Avocado' (Breakfast; section 'Hot Breakfast')
bacon,Bacon,Breakfast: Hot Breakfast,,163,,,,,,,,,,,,,,,contains_pork,false,false,,,Printed 'Bacon' (Breakfast; section 'Hot Breakfast')
fried-egg,Fried egg,Breakfast: Hot Breakfast,,152,,,,,,,,,,,,,,,vegetarian,false,false,,,"Printed 'Fried egg' (Breakfast, Main menu, Sunday menu; section 'Hot Breakfast')"
quorn-sausage,Quorn sausage,Breakfast: Hot Breakfast,,111,,,,,,,,,,,,,,,vegetarian,false,false,,,Printed 'Quorn sausage' (Breakfast; section 'Hot Breakfast')
tomato,Tomato,Breakfast: Hot Breakfast,,103,,,,,,,,,,,,,,,vegetarian,false,false,,,Printed 'Tomato' (Breakfast; section 'Hot Breakfast')
mushrooms,Mushrooms,Breakfast: Hot Breakfast,,40,,,,,,,,,,,,,,,vegetarian,false,false,,,Printed 'Mushrooms' (Breakfast; section 'Hot Breakfast')
brown-toast-hot-breakfast,Brown toast (Hot Breakfast),Breakfast: Hot Breakfast,,168,,,,,,,,,,,,,,,vegetarian,false,false,,,Printed 'Brown toast' (Breakfast; section 'Hot Breakfast')
white-toast-hot-breakfast,White toast (Hot Breakfast),Breakfast: Hot Breakfast,,176,,,,,,,,,,,,,,,vegetarian,false,false,,,Printed 'White toast' (Breakfast; section 'Hot Breakfast')
baked-beans-breakfast,Baked beans (Breakfast),Breakfast: Hot Breakfast,,69,,,,,,,,,,,,,,,vegetarian,false,false,,,Printed 'Baked beans' (Breakfast; section 'Hot Breakfast')
hash-brown,Hash brown,Breakfast: Hot Breakfast,,191,,,,,,,,,,,,,,,vegetarian,false,false,,,Printed 'Hash brown' (Breakfast; section 'Hot Breakfast')
scrambled-egg,Scrambled egg,Breakfast: Hot Breakfast,,127,,,,,,,,,,,,,,,vegetarian,false,false,,,Printed 'Scrambled egg' (Breakfast; section 'Hot Breakfast')
sausage,Sausage,Breakfast: Hot Breakfast,,204,,,,,,,,,,,,,,,contains_pork,false,false,,,Printed 'Sausage' (Breakfast; section 'Hot Breakfast')
cheese,Cheese,Breakfast: Hot Breakfast,,164,,,,,,,,,,,,,,,vegetarian,false,false,,,"Printed 'Cheese' (Breakfast, Main menu, NGCI menu; section 'Hot Breakfast')"
big-breakfast-fried-egg-brown-toast,"Big Breakfast - fried egg, brown toast",Breakfast: Hot Breakfast,,1066,,,,,,,,,,,,,,,contains_pork,false,false,,,"Printed 'Big Breakfast - fried egg, brown toast' (Breakfast; section 'Hot Breakfast')"
big-breakfast-fried-egg-white-toast,"Big Breakfast - fried egg, white toast",Breakfast: Hot Breakfast,,1072,,,,,,,,,,,,,,,contains_pork,false,false,,,"Printed 'Big Breakfast - fried egg, brown toast' (Breakfast; section 'Hot Breakfast'); name written from the printed description"
big-breakfast-scrambled-egg-brown-toast,"Big Breakfast - scrambled egg, brown toast",Breakfast: Hot Breakfast,,1055,,,,,,,,,,,,,,,contains_pork,false,false,,,"Printed 'Big Breakfast - scrambled egg, brown toast' (Breakfast; section 'Hot Breakfast')"
big-breakfast-scrambled-egg-white-toast,"Big Breakfast - scrambled egg, white toast",Breakfast: Hot Breakfast,,1063,,,,,,,,,,,,,,,contains_pork,false,false,,,"Printed 'Big Breakfast - scrambled egg, white toast' (Breakfast; section 'Hot Breakfast')"
ultimate-breakfast-wrap,Ultimate Breakfast Wrap,Breakfast: Hot Breakfast,,964,,,,,,,,,,,,,,,contains_pork,false,false,,,Printed 'Ultimate Breakfast Wrap' (Breakfast; section 'Hot Breakfast')
brown-toast-lighter,Brown toast (Lighter),Breakfast: Lighter,,337,,,,,,,,,,,,,,,vegetarian,false,false,,,Printed 'Brown toast' (Breakfast; section 'Lighter')
white-toast-lighter,White toast (Lighter),Breakfast: Lighter,,352,,,,,,,,,,,,,,,vegetarian,false,false,,,Printed 'White toast' (Breakfast; section 'Lighter')
honey,Honey,Breakfast: Lighter,,65,,,,,,,,,,,,,,,vegetarian,false,false,,,Printed 'Honey' (Breakfast; section 'Lighter')
strawberry-jam,Strawberry jam,Breakfast: Lighter,,48,,,,,,,,,,,,,,,vegetarian,false,false,,,Printed 'Strawberry jam' (Breakfast; section 'Lighter')
fruit-salad,Fruit Salad,Breakfast: Lighter,,91,,,,,,,,,,,,,,,vegetarian,false,false,,,"Printed 'Fruit Salad' (Breakfast, NGCI menu; section 'Lighter')"
add-greek-style-yoghurt,Add Greek-style yoghurt,Breakfast: Lighter,,95,,,,,,,,,,,,,,,vegetarian,false,false,,,Printed 'Add Greek-style yoghurt' (Breakfast; section 'Lighter')
coco-pops,Coco Pops,Breakfast: Lighter,,182,,,,,,,,,,,,,,,vegetarian,false,false,,,Printed 'Coco Pops' (Breakfast; section 'Lighter')
mini-cooked-breakfast-scrambled-egg,Mini Cooked Breakfast - scrambled egg,Breakfast: Kids,,420,,,,,,,,,,,,,,,contains_pork,false,false,,,Printed 'Mini Cooked Breakfast - scrambled egg' (Breakfast; section 'Kids')
mini-cooked-breakfast-fried-egg,Mini Cooked Breakfast - fried egg,Breakfast: Kids,,504,,,,,,,,,,,,,,,contains_pork,false,false,,,Printed 'Mini Cooked Breakfast - fried egg' (Breakfast; section 'Kids')
mini-meatless-breakfast,Mini Meatless Breakfast,Breakfast: Kids,,454,,,,,,,,,,,,,,,vegetarian,false,false,,,Printed 'Mini Meatless Breakfast' (Breakfast; section 'Kids')
beans-on-toast-brown-toast-kids,Beans on Toast - Brown Toast (Kids),Breakfast: Kids,,241,,,,,,,,,,,,,,,vegetarian,false,false,,,Printed 'Beans on Toast - Brown Toast' (Breakfast; section 'Kids')
beans-on-toast-white-toast-kids,Beans on Toast - White Toast (Kids),Breakfast: Kids,,249,,,,,,,,,,,,,,,vegetarian,false,false,,,Printed 'Beans on Toast - White Toast' (Breakfast; section 'Kids')
kids-scrambled-egg-on-toast-brown-toast,Kids Scrambled Egg on Toast - brown toast,Breakfast: Kids,,172,,,,,,,,,,,,,,,vegetarian,false,false,,,Printed 'Kids Scrambled Egg on Toast - brown toast' (Breakfast; section 'Kids')
kids-scrambled-egg-on-toast-white-toast,Kids Scrambled Egg on Toast - white toast,Breakfast: Kids,,179,,,,,,,,,,,,,,,vegetarian,false,false,,,Printed 'Kids Scrambled Egg on Toast - white toast' (Breakfast; section 'Kids')
bacon-roll,Bacon Roll,Breakfast: Rolls,,371,,,,,,,,,,,,,,,contains_pork,false,false,,,Printed 'Bacon Roll' (Breakfast; section 'Rolls')
quorn-sausage-roll,Quorn sausage roll,Breakfast: Rolls,,585,,,,,,,,,,,,,,,vegetarian,false,false,,,Printed 'Quorn sausage roll' (Breakfast; section 'Rolls')
vegan-bacon-roll,Vegan Bacon Roll,Breakfast: Rolls,,257,,,,,,,,,,,,,,,vegetarian,false,false,,,Printed 'Vegan Bacon Roll' (Breakfast; section 'Rolls')
the-big-breakfast-roll,The Big Breakfast Roll,Breakfast: Rolls,,698,,,,,,,,,,,,,,,contains_pork,false,false,,,Printed 'The Big Breakfast Roll' (Breakfast; section 'Rolls')
sausage-roll,Sausage roll,Breakfast: Rolls,,583,,,,,,,,,,,,,,,contains_pork,false,false,,,Printed 'Sausage roll' (Breakfast; section 'Rolls')
bacon-roll-gluten-free-bun-available,Bacon Roll (gluten free bun available),Breakfast: Rolls,,477,,,,,,,,,,,,,,,contains_pork,false,false,,,Printed 'Bacon Roll' (Breakfast; section 'Rolls'); name written from the printed description
pancakes-with-maple-flavoured-syrup,Pancakes with maple flavoured syrup,Breakfast: Pancakes,,492,,,,,,,,,,,,,,,vegetarian,false,false,,,Printed 'Pancakes with maple flavoured syrup' (Breakfast; section 'Pancakes')
pancakes-with-strawberries-and-yoghurt,Pancakes With Strawberries & Yoghurt,Breakfast: Pancakes,,448,,,,,,,,,,,,,,,vegetarian,false,false,,,Printed 'Pancakes With Strawberries & Yoghurt' (Breakfast; section 'Pancakes')
pancakes-with-maple-flavoured-syrup-kids-menu,Pancakes with maple flavoured syrup (Kids menu),Breakfast: Pancakes,,246,,,,,,,,,,,,,,,vegetarian,false,false,,,"Printed 'Pancakes with maple flavoured syrup' (Breakfast, Kids menu; section 'Pancakes'); name written from the printed description"
pancakes-with-strawberries-and-yoghurt-kids-menu,Pancakes With Strawberries & Yoghurt (Kids menu),Breakfast: Pancakes,,224,,,,,,,,,,,,,,,vegetarian,false,false,,,"Printed 'Pancakes With Strawberries & Yoghurt' (Breakfast, Kids menu; section 'Pancakes'); name written from the printed description"
pancakes-with-chocolate-spread-and-strawberries-kids-menu,Pancakes with chocolate spread & strawberries (Kids menu),Breakfast: Pancakes,,374,,,,,,,,,,,,,,,vegetarian,false,false,,,"Printed 'Pancakes with chocolate spread & strawberries' (Breakfast, Kids menu; section 'Pancakes'); name written from the printed description"
pancakes-with-chocolate-spread-and-strawberries,Pancakes with chocolate spread & strawberries,Breakfast: Pancakes,,752,,,,,,,,,,,,,,,vegetarian,false,false,,,Printed 'Pancakes with chocolate spread & strawberries' (Breakfast; section 'Pancakes')
garlic-mayo,Garlic mayo,Main menu: Small Plates,,141,,,,,,,,,,,,,,,vegetarian,false,false,,,"Printed 'Garlic mayo' (Main menu, Sunday menu, NGCI menu, Dark Kitchen, Festive menu, Night menu; section 'Small Plates')"
very-hot-chilli,Very Hot Chilli,Main menu: Small Plates,,25,,,,,,,,,,,,,,,vegetarian,false,false,,,"Printed 'Very Hot Chilli' (Main menu, Sunday menu, NGCI menu, Dark Kitchen, Festive menu, Night menu; section 'Small Plates')"
corn-ribs,Corn Ribs,Main menu: Small Plates,,311,,,,,,,,,,,,,,,vegetarian,false,false,,,"Printed 'Corn Ribs' (Main menu, Sunday menu, NGCI menu, Festive menu, Night menu; section 'Small Plates')"
cheeseburger-loaded-fries,Cheeseburger Loaded Fries,Main menu: Small Plates,,568,,,,,,,,,,,,,,,contains_beef,false,false,,,"Printed 'Cheeseburger Loaded Fries' (Main menu, Sunday menu, Night menu; section 'Small Plates')"
sweet-chilli-sauce-ve,Sweet chilli sauce (VE),Main menu: Small Plates,,63,,,,,,,,,,,,,,,vegetarian,false,false,,,"Printed 'Sweet chilli sauce (VE)' (Main menu, Sunday menu, NGCI menu, Festive menu, Night menu; section 'Small Plates')"
pull-beef-chilli-and-cheese-loaded-fries,Pull Beef Chilli & Cheese Loaded Fries,Main menu: Small Plates,,595,,,,,,,,,,,,,,,contains_beef,false,false,,,"Printed 'Pull Beef Chilli & Cheese Loaded Fries' (Main menu, Sunday menu, Festive menu, Night menu; section 'Small Plates')"
breaded-halloumi-fries,Breaded Halloumi Fries,Main menu: Small Plates,,425,,,,,,,,,,,,,,,vegetarian,false,false,,,"Printed 'Breaded Halloumi Fries' (Main menu, Sunday menu, Festive menu, Night menu; section 'Small Plates')"
buttermilk-chicken,Buttermilk Chicken,Main menu: Small Plates,,594,,,,,,,,,,,,,,,,false,false,,,"Printed 'Buttermilk Chicken' (Main menu, Sunday menu, Festive menu, Night menu; section 'Small Plates')"
salt-and-pepper-squid,Salt & Pepper Squid,Main menu: Small Plates,,330,,,,,,,,,,,,,,,,false,false,,,"Printed 'Salt & Pepper Squid' (Main menu, Sunday menu, Festive menu, Night menu; section 'Small Plates')"
chicken-wings,Chicken Wings,Main menu: Small Plates,,661,,,,,,,,,,,,,,,,false,false,,,"Printed 'Chicken Wings' (Main menu, Sunday menu, Festive menu, Night menu; section 'Small Plates')"
bbq,BBQ,Main menu: Small Plates,,125,,,,,,,,,,,,,,,vegetarian,false,false,,,"Printed 'BBQ' (Main menu, Sunday menu, NGCI menu, Dark Kitchen, Festive menu, Night menu; section 'Small Plates')"
popcorn-chicken,Popcorn Chicken,Main menu: Small Plates,,467,,,,,,,,,,,,,,,,false,false,,,"Printed 'Popcorn Chicken' (Main menu, Sunday menu, Festive menu, Night menu; section 'Small Plates')"
chilli-lime-mayo,Chilli Lime Mayo,Main menu: Small Plates,,125,,,,,,,,,,,,,,,vegetarian,false,false,,,"Printed 'Chilli Lime Mayo' (Main menu, Sunday menu, NGCI menu, Festive menu, Night menu; section 'Small Plates')"
loaded-buttermilk-chicken-cajun-fries-main-menu,Loaded Buttermilk Chicken Cajun Fries (Main menu),Main menu: Small Plates,,778,,,,,,,,,,,,,,,,false,false,,,"Printed 'Loaded Buttermilk Chicken Cajun Fries' (Main menu, Sunday menu, Festive menu, Night menu; section 'Small Plates')"
vegan-chilli-loaded-fries,Vegan Chilli Loaded Fries,Main menu: Small Plates,,641,,,,,,,,,,,,,,,vegetarian,false,false,,,"Printed 'Vegan Chilli Loaded Fries' (Main menu, Sunday menu, NGCI menu, Festive menu, Night menu; section 'Small Plates')"
cauliflower-bites,Cauliflower Bites,Main menu: Small Plates,,303,,,,,,,,,,,,,,,vegetarian,false,false,,,"Printed 'Cauliflower Bites' (Main menu, Sunday menu, Festive menu, Night menu; section 'Small Plates')"
double-classic-burger,Double Classic Burger,Main menu: Burgers,,1067,,,,,,,,,,,,,,,contains_beef,false,false,,,"Printed 'Double Classic Burger' (Main menu, Sunday menu, Festive menu; section 'Burgers - all our burgers are served in a toasted glazed bun with skin-on fries and house slaw')"
add-streaky-bacon,Add Streaky Bacon,Main menu: Burgers,,147,,,,,,,,,,,,,,,contains_pork,false,false,,,"Printed 'Add Streaky Bacon' (Main menu, Sunday menu, Festive menu; section 'Burgers - all our burgers are served in a toasted glazed bun with skin-on fries and house slaw')"
add-cheddar-cheese,Add Cheddar Cheese,Main menu: Burgers,,83,,,,,,,,,,,,,,,vegetarian,false,false,,,"Printed 'Add Cheddar Cheese' (Main menu, Sunday menu, Festive menu; section 'Burgers - all our burgers are served in a toasted glazed bun with skin-on fries and house slaw')"
add-onion-rings,Add onion rings,Main menu: Burgers,,181,,,,,,,,,,,,,,,vegetarian,false,false,,,"Printed 'Add onion rings' (Main menu, Sunday menu, Festive menu; section 'Burgers - all our burgers are served in a toasted glazed bun with skin-on fries and house slaw')"
la-vie-vegan-bacon,La Vie Vegan Bacon,Main menu: Burgers,,13,,,,,,,,,,,,,,,vegetarian,false,false,,,"Printed 'La Vie Vegan Bacon' (Main menu, Sunday menu, Festive menu; section 'Burgers - all our burgers are served in a toasted glazed bun with skin-on fries and house slaw')"
add-plant-based-sheese,Add plant-based sheese,Main menu: Burgers,,56,,,,,,,,,,,,,,,vegetarian,false,false,,,"Printed 'Add plant-based sheese' (Main menu, Sunday menu, Festive menu; section 'Burgers - all our burgers are served in a toasted glazed bun with skin-on fries and house slaw')"
double-beef-chilli-burger,Double Beef Chilli Burger,Main menu: Burgers,,1441,,,,,,,,,,,,,,,contains_beef,false,false,,,"Printed 'Double Beef Chilli Burger' (Main menu, Festive menu; section 'Burgers - all our burgers are served in a toasted glazed bun with skin-on fries and house slaw')"
triple-classic-burger,Triple Classic Burger,Main menu: Burgers,,1189,,,,,,,,,,,,,,,contains_beef,false,false,,,"Printed 'Triple Classic Burger' (Main menu, Sunday menu, Festive menu; section 'Burgers - all our burgers are served in a toasted glazed bun with skin-on fries and house slaw')"
crispy-chicken-and-sweet-chilli-halloumi-burger,Crispy Chicken & Sweet Chilli Halloumi Burger,Main menu: Burgers,,1252,,,,,,,,,,,,,,,,false,false,,,"Printed 'Crispy Chicken & Sweet Chilli Halloumi Burger' (Main menu, Sunday menu, Festive menu; section 'Burgers - all our burgers are served in a toasted glazed bun with skin-on fries and house slaw')"
add-cheddar-cheese-and-streaky-bacon-ngci,Add Cheddar Cheese and streaky bacon (NGCI),Main menu: Burgers,,230,,,,,,,,,,,,,,,contains_pork,false,false,,,"Printed 'Add Cheddar Cheese and streaky bacon (NGCI)' (Main menu, Sunday menu, Festive menu; section 'Burgers - all our burgers are served in a toasted glazed bun with skin-on fries and house slaw')"
chargrilled-chicken-and-bacon-burger-main-menu,Chargrilled Chicken & Bacon Burger (Main menu),Main menu: Burgers,,1574,,,,,,,,,,,,,,,contains_pork,false,false,,,Printed 'Chargrilled Chicken & Bacon Burger' (Main menu; section 'Burgers - all our burgers are served in a toasted glazed bun with skin-on fries and house slaw')
the-big-cheese-burger,The Big Cheese Burger,Main menu: Burgers,,1185,,,,,,,,,,,,,,,contains_beef,false,false,,,"Printed 'The Big Cheese Burger' (Main menu, Sunday menu, Festive menu; section 'Burgers - all our burgers are served in a toasted glazed bun with skin-on fries and house slaw')"
the-big-h-burger,The Big H Burger,Main menu: Burgers,,1262,,,,,,,,,,,,,,,contains_beef,false,false,,,Printed 'The Big H Burger' (Main menu; section 'Burgers - all our burgers are served in a toasted glazed bun with skin-on fries and house slaw')
vegan-chilli-burger,Vegan Chilli Burger,Main menu: Burgers,,1373,,,,,,,,,,,,,,,vegetarian,false,false,,,Printed 'Vegan Chilli Burger' (Main menu; section 'Burgers - all our burgers are served in a toasted glazed bun with skin-on fries and house slaw')
ultimate-burger-upgrade,Ultimate Burger Upgrade,Main menu: Burgers,,436,,,,,,,,,,,,,,,,false,false,,,"Printed 'Ultimate Burger Upgrade' (Main menu, Sunday menu, Festive menu; section 'Burgers - all our burgers are served in a toasted glazed bun with skin-on fries and house slaw')"
ultimate-burger-vegan-upgrade,Ultimate Burger Vegan Upgrade,Main menu: Burgers,,287,,,,,,,,,,,,,,,vegetarian,false,false,,,"Printed 'Ultimate Burger Vegan Upgrade' (Main menu, Sunday menu, Festive menu; section 'Burgers - all our burgers are served in a toasted glazed bun with skin-on fries and house slaw')"
add-cajun-spice-ve-ngci,Add Cajun Spice (VE) (NGCI),Main menu: Burgers,,11,,,,,,,,,,,,,,,vegetarian,false,false,,,"Printed 'Add Cajun Spice (VE) (NGCI)' (Main menu, Sunday menu, Festive menu; section 'Burgers - all our burgers are served in a toasted glazed bun with skin-on fries and house slaw')"
beyond-meat-burger,Beyond Meat Burger,Main menu: Burgers,,1170,,,,,,,,,,,,,,,vegetarian,false,false,,,"Printed 'Beyond Meat Burger' (Main menu, Sunday menu, Festive menu; section 'Burgers - all our burgers are served in a toasted glazed bun with skin-on fries and house slaw')"
wholetail-scampi,Wholetail Scampi,Main menu: Haven Favourites,,736,,,,,,,,,,,,,,,,false,false,,,Printed 'Wholetail Scampi' (Main menu; section 'Haven Favourites')
hand-battered-fish-and-chips-with-mushy-peas,Hand-battered fish and chips with mushy peas,Main menu: Haven Favourites,,1099,,,,,,,,,,,,,,,,false,false,,,"Printed 'With mushy peas' (Main menu, Sunday menu; section 'Haven Favourites'); name written from the printed description"
hand-battered-fish-and-chips-with-peas,Hand-battered fish and chips with peas,Main menu: Haven Favourites,,1062,,,,,,,,,,,,,,,,false,false,,,"Printed 'With peas' (Main menu, Sunday menu; section 'Haven Favourites'); name written from the printed description"
bread-and-butter,Bread & butter,Main menu: Haven Favourites,,352,,,,,,,,,,,,,,,vegetarian,false,false,,,"Printed 'Bread & butter' (Main menu, Sunday menu; section 'Haven Favourites')"
sausage-and-mash,Sausage & Mash,Main menu: Haven Favourites,,929,,,,,,,,,,,,,,,contains_pork,false,false,,,Printed 'Sausage & Mash' (Main menu; section 'Haven Favourites')
quorn-sausage-and-mash,Quorn Sausage & Mash,Main menu: Haven Favourites,,869,,,,,,,,,,,,,,,vegetarian,false,false,,,Printed 'Quorn Sausage & Mash' (Main menu; section 'Haven Favourites')
boneless-fried-chicken,Boneless Fried Chicken,Main menu: Haven Favourites,,1539,,,,,,,,,,,,,,,,false,false,,,"Printed 'Boneless Fried Chicken' (Main menu, Sunday menu, Festive menu, Night menu; section 'Haven Favourites')"
penne-pomodoro-main-menu,Penne Pomodoro (Main menu),Main menu: Haven Favourites,,583,,,,,,,,,,,,,,,vegetarian,false,false,,,"Printed 'Penne Pomodoro' (Main menu, Sunday menu; section 'Haven Favourites')"
pork-meatballs-in-tomato-sauce-main-menu,Pork meatballs in tomato sauce (Main menu),Main menu: Haven Favourites,,297,,,,,,,,,,,,,,,contains_pork,false,false,,,Printed 'Pork meatballs in tomato sauce' (Main menu; section 'Haven Favourites')
beef-lasagne,Beef Lasagne,Main menu: Haven Favourites,,1285,,,,,,,,,,,,,,,contains_beef,false,false,,,"Printed 'Beef Lasagne' (Main menu, Sunday menu; section 'Haven Favourites')"
moving-mountains-no-meatballs-in-tomato-sauce,Moving mountains no meatballs in tomato sauce,Main menu: Haven Favourites,,275,,,,,,,,,,,,,,,vegetarian,false,false,,,Printed 'Moving mountains no meatballs in tomato sauce' (Main menu; section 'Haven Favourites')
naan-bread,Naan bread,Main menu: Haven Favourites,,360,,,,,,,,,,,,,,,vegetarian,false,false,,,"Printed 'Naan bread' (Main menu, Sunday menu; section 'Haven Favourites')"
cauliflower-and-red-pepper-curry-main-menu,Cauliflower & Red Pepper Curry (Main menu),Main menu: Haven Favourites,,761,,,,,,,,,,,,,,,vegetarian,false,false,,,"Printed 'Cauliflower & Red Pepper Curry' (Main menu, Sunday menu; section 'Haven Favourites')"
mini-onion-bhajis,Mini Onion Bhajis,Main menu: Haven Favourites,,194,,,,,,,,,,,,,,,vegetarian,false,false,,,"Printed 'Mini Onion Bhajis' (Main menu, Sunday menu; section 'Haven Favourites')"
hunters-chicken,Hunter's Chicken,Main menu: Haven Favourites,,1027,,,,,,,,,,,,,,,contains_pork,false,false,,,"Printed 'Hunter's Chicken' (Main menu, Sunday menu, NGCI menu; section 'Haven Favourites')"
grilled-chicken-breast,Grilled chicken breast,Main menu: Haven Favourites,,254,,,,,,,,,,,,,,,,false,false,,,"Printed 'Grilled chicken breast' (Main menu, NGCI menu; section 'Haven Favourites')"
fish-feast,Fish Feast,Main menu: Haven Favourites,,1285,,,,,,,,,,,,,,,,false,false,,,"Printed 'Fish Feast' (Main menu, Festive menu, Night menu; section 'Haven Favourites')"
spicy-cajun-chicken-pasta-main-menu,Spicy Cajun Chicken Pasta (Main menu),Main menu: Haven Favourites,,1097,,,,,,,,,,,,,,,,false,false,,,Printed 'Spicy Cajun Chicken Pasta' (Main menu; section 'Haven Favourites')
chicken-tikka-masala-with-chips,Chicken Tikka Masala With Chips,Main menu: Haven Favourites,,928,,,,,,,,,,,,,,,,false,false,,,"Printed 'Chicken Tikka Masala With Chips' (Main menu, Sunday menu; section 'Haven Favourites')"
chicken-tikka-masala-with-rice-main-menu,Chicken Tikka Masala with Rice (Main menu),Main menu: Haven Favourites,,773,,,,,,,,,,,,,,,,false,false,,,"Printed 'Chicken Tikka Masala with Rice' (Main menu, Sunday menu; section 'Haven Favourites')"
chicken-tikka-masala-with-rice-and-chips,Chicken Tikka Masala With Rice & Chips,Main menu: Haven Favourites,,893,,,,,,,,,,,,,,,,false,false,,,"Printed 'Chicken Tikka Masala With Rice & Chips' (Main menu, Sunday menu; section 'Haven Favourites')"
pulled-beef-chilli-con-carne,Pulled Beef Chilli Con Carne,Main menu: Haven Favourites,,646,,,,,,,,,,,,,,,contains_beef,false,false,,,Printed 'Pulled Beef Chilli Con Carne' (Main menu; section 'Haven Favourites')
vegan-chilli,Vegan Chilli,Main menu: Haven Favourites,,801,,,,,,,,,,,,,,,vegetarian,false,false,,,"Printed 'Vegan Chilli' (Main menu, NGCI menu; section 'Haven Favourites')"
macaroni-and-cheese,Macaroni & Cheese,Main menu: Haven Favourites,,853,,,,,,,,,,,,,,,vegetarian,false,false,,,Printed 'Macaroni & Cheese' (Main menu; section 'Haven Favourites')
macaroni-cheese-with-chicken-and-bacon,Macaroni cheese with chicken & bacon,Main menu: Haven Favourites,,1040,,,,,,,,,,,,,,,contains_pork,false,false,,,Printed 'Macaroni cheese with chicken & bacon' (Main menu; section 'Haven Favourites')
chicken-bites-poke-bowl,Chicken Bites Poke Bowl,Main menu: Haven Favourites,,688,,,,,,,,,,,,,,,,false,false,,,Printed 'Chicken Bites Poke Bowl' (Main menu; section 'Haven Favourites')
poke-bowl-crispy-cauliflower-bites,Poke Bowl Crispy Cauliflower Bites,Main menu: Haven Favourites,,697,,,,,,,,,,,,,,,vegetarian,false,false,,,Printed 'Poke Bowl Crispy Cauliflower Bites' (Main menu; section 'Haven Favourites')
halloumi-poke-bowl,Halloumi Poke Bowl,Main menu: Haven Favourites,,680,,,,,,,,,,,,,,,vegetarian,false,false,,,Printed 'Halloumi Poke Bowl' (Main menu; section 'Haven Favourites')
vegan-basket-ve,Vegan Basket (VE),Main menu: Haven Favourites,,1437,,,,,,,,,,,,,,,vegetarian,false,false,,,"Printed 'Vegan Basket (VE)' (Main menu, Festive menu, Night menu; section 'Haven Favourites')"
beef-madras-with-chips,Beef Madras With Chips,Main menu: Haven Favourites,,932,,,,,,,,,,,,,,,contains_beef,false,false,,,Printed 'Beef Madras With Chips' (Main menu; section 'Haven Favourites')
beef-madras-with-rice-main-menu,Beef Madras with Rice (Main menu),Main menu: Haven Favourites,,759,,,,,,,,,,,,,,,contains_beef,false,false,,,Printed 'Beef Madras with Rice' (Main menu; section 'Haven Favourites')
beef-with-rice-and-chips,Beef With Rice & Chips,Main menu: Haven Favourites,,899,,,,,,,,,,,,,,,contains_beef,false,false,,,Printed 'Beef With Rice & Chips' (Main menu; section 'Haven Favourites')
chicken-korma-with-chips,Chicken Korma With Chips,Main menu: Haven Favourites,,1043,,,,,,,,,,,,,,,,false,false,,,Printed 'Chicken Korma With Chips' (Main menu; section 'Haven Favourites')
chicken-korma-with-rice-main-menu,Chicken Korma with Rice (Main menu),Main menu: Haven Favourites,,840,,,,,,,,,,,,,,,,false,false,,,Printed 'Chicken Korma with Rice' (Main menu; section 'Haven Favourites')
chicken-korma-with-rice-and-chips,Chicken Korma With Rice & Chips,Main menu: Haven Favourites,,1008,,,,,,,,,,,,,,,,false,false,,,Printed 'Chicken Korma With Rice & Chips' (Main menu; section 'Haven Favourites')
8oz-rump-steak,8oz Rump Steak,Main menu: Grill,,974,,,,,,,,,,,,,,,contains_beef,false,false,,,"Printed '8oz Rump Steak' (Main menu, NGCI menu; section 'Grill')"
7oz-gammon-steak-fried-egg,7oz Gammon Steak - fried egg,Main menu: Grill,,796,,,,,,,,,,,,,,,contains_pork|contains_beef,false,false,,,"Printed '7oz Gammon Steak - fried egg' (Main menu, Sunday menu, NGCI menu; section 'Grill')"
add-pineapple,Add Pineapple,Main menu: Grill,,31,,,,,,,,,,,,,,,vegetarian,false,false,,,"Printed 'Add Pineapple' (Main menu, Sunday menu; section 'Grill')"
double-up-on-gammon,Double up on gammon,Main menu: Grill,,280,,,,,,,,,,,,,,,contains_pork,false,false,,,"Printed 'Double up on gammon' (Main menu, Sunday menu, NGCI menu; section 'Grill')"
double-up-on-steak,Double up on steak,Main menu: Grill,,239,,,,,,,,,,,,,,,contains_beef,false,false,,,"Printed 'Double up on steak' (Main menu, Sunday menu; section 'Grill')"
double-up-on-steak-and-gammon-steak,Double up on steak and gammon steak,Main menu: Grill,,379,,,,,,,,,,,,,,,contains_pork|contains_beef,false,false,,,"Printed 'Double up on steak and gammon steak' (Main menu, Sunday menu; section 'Grill')"
peppercorn-sauce,Peppercorn Sauce,Main menu: Grill,,50,,,,,,,,,,,,,,,,false,false,,,"Printed 'Peppercorn Sauce' (Main menu, Sunday menu, NGCI menu; section 'Grill')"
double-up-gammon-steak,Double Up Gammon Steak,Main menu: Grill,,140,,,,,,,,,,,,,,,contains_pork|contains_beef,false,false,,,"Printed 'Double Up Gammon Steak' (Main menu, Sunday menu; section 'Grill')"
chicken-and-ribs-combo,Chicken & Ribs Combo,Main menu: Grill,,1331,,,,,,,,,,,,,,,,false,false,,,"Printed 'Chicken & Ribs Combo' (Main menu, NGCI menu; section 'Grill')"
mixed-grill-main-menu,Mixed Grill (Main menu),Main menu: Grill,,1369,,,,,,,,,,,,,,,contains_pork|contains_beef,false,false,,,"Printed 'Mixed Grill' (Main menu, Sunday menu; section 'Grill')"
7oz-gammon-steak-pineapple,7oz Gammon Steak - Pineapple,Main menu: Grill,,810,,,,,,,,,,,,,,,contains_pork|contains_beef,false,false,,,"Printed '7oz Gammon Steak - Pineapple' (Main menu, Sunday menu, NGCI menu; section 'Grill')"
full-rack-of-ribs,Full Rack of Ribs,Main menu: Grill,,1377,,,,,,,,,,,,,,,,false,false,,,"Printed 'Full Rack of Ribs' (Main menu, NGCI menu; section 'Grill')"
half-rack-of-ribs,Half rack of ribs,Main menu: Grill,,321,,,,,,,,,,,,,,,,false,false,,,"Printed 'Half rack of ribs' (Main menu, Sunday menu; section 'Grill')"
house-slaw,House Slaw,Main menu: Sides,,195,,,,,,,,,,,,,,,vegetarian,false,false,,,"Printed 'House Slaw' (Main menu, NGCI menu; section 'Sides')"
sunny-vibes-grain-salad,Sunny Vibes Grain Salad,Main menu: Sides,,121,,,,,,,,,,,,,,,vegetarian,false,false,,,"Printed 'Sunny Vibes Grain Salad' (Main menu, NGCI menu; section 'Sides')"
garlic-bread-main-menu,Garlic Bread (Main menu),Main menu: Sides,,386,,,,,,,,,,,,,,,vegetarian,false,false,,,Printed 'Garlic Bread' (Main menu; section 'Sides')
onion-rings,Onion Rings,Main menu: Sides,,823,,,,,,,,,,,,,,,vegetarian,false,false,,,Printed 'Onion Rings' (Main menu; section 'Sides')
thick-cut-chips,Thick-Cut Chips,Main menu: Sides,,328,,,,,,,,,,,,,,,vegetarian,false,false,,,"Printed 'Thick-Cut Chips' (Main menu, NGCI menu; section 'Sides')"
skin-on-fries,Skin on fries,Main menu: Sides,,492,,,,,,,,,,,,,,,vegetarian,false,false,,,"Printed 'Skin on fries' (Main menu, NGCI menu, Dark Kitchen; section 'Sides')"
cheesy-garlic-bread-v,Cheesy Garlic Bread (V),Main menu: Sides,,550,,,,,,,,,,,,,,,vegetarian,false,false,,,Printed 'Cheesy Garlic Bread (V)' (Main menu; section 'Sides')
wafer,Wafer,Main menu: Desserts,,4,,,,,,,,,,,,,,,vegetarian,false,false,,,"Printed 'Wafer' (Main menu, Sunday menu; section 'Desserts')"
sticky-toffee-pudding-served-with-custard,Sticky Toffee Pudding served with custard,Main menu: Desserts,,580,,,,,,,,,,,,,,,vegetarian,false,false,,,"Printed 'Sticky Toffee Pudding served with custard' (Main menu, Sunday menu, NGCI menu; section 'Desserts')"
sticky-toffee-pudding-served-with-vanilla-pod-ice-cream,Sticky Toffee Pudding served with vanilla pod ice cream,Main menu: Desserts,,558,,,,,,,,,,,,,,,vegetarian,false,false,,,"Printed 'Sticky Toffee Pudding served with vanilla pod ice cream' (Main menu, Sunday menu; section 'Desserts')"
plant-based-vanilla-ice-cream,Plant-based Vanilla Ice Cream,Main menu: Desserts,,48,,,,,,,,,,,,,,,vegetarian,false,false,,,"Printed 'Plant-based Vanilla Ice Cream' (Main menu, Sunday menu, NGCI menu; section 'Desserts')"
lotus-banoffee-waffle,Lotus Banoffee Waffle,Main menu: Desserts,,541,,,,,,,,,,,,,,,vegetarian,false,false,,,"Printed 'Lotus Banoffee Waffle' (Main menu, Sunday menu; section 'Desserts')"
ultimate-chocolate-waffle,Ultimate Chocolate Waffle,Main menu: Desserts,,696,,,,,,,,,,,,,,,vegetarian,false,false,,,"Printed 'Ultimate Chocolate Waffle' (Main menu, Sunday menu; section 'Desserts')"
chocolate-fudge-cake-v-with-vanilla-pod-ice-cream,Chocolate Fudge Cake (V) with vanilla pod ice cream,Main menu: Desserts,,567,,,,,,,,,,,,,,,vegetarian,false,false,,,"Printed 'Chocolate Fudge Cake (V)' (Main menu, Sunday menu; section 'Desserts'); name written from the printed description"
ultimate-biscoff-chocolate-fudge-cake,Ultimate Biscoff Chocolate Fudge Cake,Main menu: Desserts,,1031,,,,,,,,,,,,,,,vegetarian,false,false,,,"Printed 'Ultimate Biscoff Chocolate Fudge Cake' (Main menu, Sunday menu; section 'Desserts')"
chocolate-fudge-cake-v-with-hot-custard-or-vanilla-ice-cream,Chocolate Fudge Cake (V) with hot custard or vanilla ice cream,Main menu: Desserts,,587,,,,,,,,,,,,,,,vegetarian,false,false,,,"Printed 'Chocolate Fudge Cake (V)' (Main menu, Sunday menu; section 'Desserts'); name written from the printed description"
strawberry-trifle,Strawberry Trifle,Main menu: Desserts,,395,,,,,,,,,,,,,,,,false,false,,,"Printed 'Strawberry Trifle' (Main menu, Sunday menu, Christmas Day; section 'Desserts')"
ultimate-chocolate-twix-brownie-sundae,Ultimate Chocolate Twix Brownie Sundae,Main menu: Desserts,,550,,,,,,,,,,,,,,,vegetarian,false,false,,,"Printed 'Ultimate Chocolate Twix Brownie Sundae' (Main menu, Sunday menu; section 'Desserts')"
buttermilk-chicken-wrap,Buttermilk Chicken Wrap,Main menu: Lite Bites,,888,,,,,,,,,,,,,,,,false,false,,,Printed 'Buttermilk Chicken Wrap' (Main menu; section 'Lite Bites')
meatball-marinara-ciabatta,Meatball Marinara Ciabatta,Main menu: Lite Bites,,760,,,,,,,,,,,,,,,contains_pork,false,false,,,Printed 'Meatball Marinara Ciabatta' (Main menu; section 'Lite Bites')
chicken-and-bacon-ciabatta,Chicken & Bacon Ciabatta,Main menu: Lite Bites,,875,,,,,,,,,,,,,,,contains_pork,false,false,,,Printed 'Chicken & Bacon Ciabatta' (Main menu; section 'Lite Bites')
moving-mountains-no-meatball-marinara-ciabatta,Moving Mountains No Meatball Marinara Ciabatta,Main menu: Lite Bites,,719,,,,,,,,,,,,,,,vegetarian,false,false,,,Printed 'Moving Mountains No Meatball Marinara Ciabatta' (Main menu; section 'Lite Bites')
fries,Fries,Main menu: Lite Bites,,226,,,,,,,,,,,,,,,vegetarian,false,false,,,"Printed 'Fries' (Main menu, Kids menu, NGCI menu; section 'Lite Bites')"
chips,Chips,Main menu: Lite Bites,,154,,,,,,,,,,,,,,,vegetarian,false,false,,,Printed 'Chips' (Main menu; section 'Lite Bites')
ham-and-cheese-ciabatta,Ham & Cheese Ciabatta,Main menu: Lite Bites,,547,,,,,,,,,,,,,,,contains_pork,false,false,,,Printed 'Ham & Cheese Ciabatta' (Main menu; section 'Lite Bites')
tuna-mayo-jacket,Tuna Mayo Jacket,Main menu: Lite Bites,,509,,,,,,,,,,,,,,,,false,false,,,Printed 'Tuna Mayo Jacket' (Main menu; section 'Lite Bites')
cheese-and-baked-beans,Cheese & Baked Beans,Main menu: Lite Bites,,563,,,,,,,,,,,,,,,vegetarian,false,false,,,Printed 'Cheese & Baked Beans' (Main menu; section 'Lite Bites')
baked-beans-jacket-potato,Baked Beans Jacket Potato,Main menu: Lite Bites,,432,,,,,,,,,,,,,,,vegetarian,false,false,,,Printed 'Baked Beans' (Main menu; section 'Lite Bites'); name written from the printed description
cheese-jacket,Cheese Jacket,Main menu: Lite Bites,,560,,,,,,,,,,,,,,,vegetarian,false,false,,,Printed 'Cheese Jacket' (Main menu; section 'Lite Bites')
vegan-nugget-wrap,Vegan Nugget Wrap,Main menu: Lite Bites,,809,,,,,,,,,,,,,,,vegetarian,false,false,,,Printed 'Vegan Nugget Wrap' (Main menu; section 'Lite Bites')
tuna-melt-ciabatta,Tuna Melt Ciabatta,Main menu: Lite Bites,,669,,,,,,,,,,,,,,,,false,false,,,Printed 'Tuna Melt Ciabatta' (Main menu; section 'Lite Bites')
pulled-beef-chilli-con-carne-jacket-potato,Pulled Beef Chilli Con Carne Jacket Potato,Main menu: Lite Bites,,445,,,,,,,,,,,,,,,contains_beef,false,false,,,Printed 'Pulled Beef Chilli Con Carne Jacket Potato' (Main menu; section 'Lite Bites')
pulled-beef-chilli-con-carne-cheese-jacket-potato,Pulled Beef Chilli Con Carne Cheese Jacket Potato,Main menu: Lite Bites,,576,,,,,,,,,,,,,,,contains_beef,false,false,,,Printed 'Pulled Beef Chilli Con Carne Cheese Jacket Potato' (Main menu; section 'Lite Bites')
garlic-bread-kids-menu,Garlic Bread (Kids menu),Kids menu: Kids Meal,,97,,,,,,,,,,,,,,,vegetarian,false,false,,,Printed 'Garlic Bread' (Kids menu; section 'Kids Meal')
add-ham,Add Ham,Kids menu: Kids Meal,,38,,,,,,,,,,,,,,,contains_pork,false,false,,,Printed 'Add Ham' (Kids menu; section 'Kids Meal')
baked-beans-kids-menu,Baked Beans (Kids menu),Kids menu: Kids Meal,,43,,,,,,,,,,,,,,,vegetarian,false,false,,,"Printed 'Baked Beans' (Kids menu, NGCI menu; section 'Kids Meal')"
peas,Peas,Kids menu: Kids Meal,,38,,,,,,,,,,,,,,,vegetarian,false,false,,,"Printed 'Peas' (Kids menu, NGCI menu; section 'Kids Meal')"
corn-rib,Corn Rib,Kids menu: Kids Meal,,62,,,,,,,,,,,,,,,vegetarian,false,false,,,"Printed 'Corn Rib' (Kids menu, NGCI menu; section 'Kids Meal')"
kids-beef-burger,Kids Beef Burger,Kids menu: Kids Meal,,619,,,,,,,,,,,,,,,contains_beef,false,false,,,Printed 'Kids Beef Burger' (Kids menu; section 'Kids Meal')
kids-chicken-burger,Kids Chicken Burger,Kids menu: Kids Meal,,643,,,,,,,,,,,,,,,,false,false,,,Printed 'Kids Chicken Burger' (Kids menu; section 'Kids Meal')
pork-meatballs-in-tomato-sauce-kids-menu,Pork meatballs in tomato sauce (Kids menu),Kids menu: Kids Meal,,149,,,,,,,,,,,,,,,contains_pork,false,false,,,Printed 'Pork meatballs in tomato sauce' (Kids menu; section 'Kids Meal')
moving-mountains-no-meatballs-in-tomato-sauce-ve,Moving Mountains No Meatballs In Tomato Sauce (VE),Kids menu: Kids Meal,,216,,,,,,,,,,,,,,,vegetarian,false,false,,,Printed 'Moving Mountains No Meatballs In Tomato Sauce (VE)' (Kids menu; section 'Kids Meal')
fish-fingers,Fish Fingers,Kids menu: Kids Meal,,585,,,,,,,,,,,,,,,,false,false,,,Printed 'Fish Fingers' (Kids menu; section 'Kids Meal')
kids-lasagne-garlic-bread-and-peas,"Kids Lasagne, Garlic Bread & Peas",Kids menu: Kids Meal,,569,,,,,,,,,,,,,,,contains_beef,false,false,,,"Printed 'Kids Lasagne, Garlic Bread & Peas' (Kids menu; section 'Kids Meal')"
kids-macaroni-cheese-with-garlic-bread-and-peas-v,Kids Macaroni Cheese With Garlic Bread & Peas (V),Kids menu: Kids Meal,,444,,,,,,,,,,,,,,,vegetarian,false,false,,,Printed 'Kids Macaroni Cheese With Garlic Bread & Peas (V)' (Kids menu; section 'Kids Meal')
chicken-nuggets-fries-and-beans,Chicken Nuggets Fries & Beans,Kids menu: Kids Meal,,532,,,,,,,,,,,,,,,,false,false,,,Printed 'Chicken Nuggets Fries & Beans' (Kids menu; section 'Kids Meal')
vegan-nuggets-fries-and-beans-ve,Vegan Nuggets Fries & Beans (VE),Kids menu: Kids Meal,,565,,,,,,,,,,,,,,,vegetarian,false,false,,,Printed 'Vegan Nuggets Fries & Beans (VE)' (Kids menu; section 'Kids Meal')
kids-toasted-ham-and-cheese-wrap-with-fries-and-beans,Kids Toasted Ham & Cheese Wrap With Fries & Beans,Kids menu: Kids Meal,,553,,,,,,,,,,,,,,,contains_pork,false,false,,,Printed 'Kids Toasted Ham & Cheese Wrap With Fries & Beans' (Kids menu; section 'Kids Meal')
kids-penne-pomodoro,Kids Penne Pomodoro,Kids menu: Kids Meal,,378,,,,,,,,,,,,,,,vegetarian,false,false,,,Printed 'Kids Penne Pomodoro' (Kids menu; section 'Kids Meal')
add-kids-cheddar-cheese-v,Add Kids Cheddar Cheese (V),Kids menu: Kids Meal,,42,,,,,,,,,,,,,,,vegetarian,false,false,,,Printed 'Add Kids Cheddar Cheese (V)' (Kids menu; section 'Kids Meal')
kids-mash,Kids Mash,Kids menu: Kids Meal,,125,,,,,,,,,,,,,,,vegetarian,false,false,,,"Printed 'Kids Mash' (Kids menu, NGCI menu; section 'Kids Meal')"
margherita-pizza-fries-and-beans-v,"Margherita Pizza, Fries & Beans (V)",Kids menu: Kids Meal,,607,,,,,,,,,,,,,,,vegetarian,false,false,,,"Printed 'Margherita Pizza, Fries & Beans (V)' (Kids menu; section 'Kids Meal')"
kids-penne-pomodoro-vegan-sheese,Kids Penne Pomodoro (vegan sheese),Kids menu: Kids Meal,,269,,,,,,,,,,,,,,,vegetarian,false,false,,,Printed 'Kids Penne Pomodoro' (Kids menu; section 'Kids Meal'); name written from the printed description
kids-chocolate-fudge-cake-v,Kids Chocolate Fudge Cake (V),Kids menu: Desserts,,308,,,,,,,,,,,,,,,vegetarian,false,false,,,Printed 'Kids Chocolate Fudge Cake (V)' (Kids menu; section 'Desserts')
blackcurrant-crumble-v-ngci,Blackcurrant Crumble (V) (NGCI),Kids menu: Desserts,,403,,,,,,,,,,,,,,,vegetarian,false,false,,,"Printed 'Blackcurrant Crumble (V) (NGCI)' (Kids menu, NGCI menu; section 'Desserts')"
blackcurrant-crumble-with-plant-based-vanilla-ice-cream-ve-ngci,Blackcurrant Crumble With Plant Based Vanilla Ice Cream (VE) (NGCI),Kids menu: Desserts,,374,,,,,,,,,,,,,,,vegetarian,false,false,,,"Printed 'Blackcurrant Crumble With Plant Based Vanilla Ice Cream (VE) (NGCI)' (Kids menu, NGCI menu; section 'Desserts')"
pancakes-with-vanilla-flavour-ice-cream-and-maple-flavour-syrup-v,Pancakes With Vanilla Flavour Ice Cream & Maple Flavour Syrup (V),Kids menu: Desserts,,292,,,,,,,,,,,,,,,vegetarian,false,false,,,Printed 'Pancakes With Vanilla Flavour Ice Cream & Maple Flavour Syrup (V)' (Kids menu; section 'Desserts')
plant-based-ice-cream-chocolate-ve,Plant-based Ice Cream Chocolate (VE),Kids menu: Desserts,,50,,,,,,,,,,,,,,,vegetarian,false,false,,,"Printed 'Plant-based Ice Cream Chocolate (VE)' (Kids menu, Christmas Day, Christmas Day NGCI; section 'Desserts')"
plant-based-ice-cream-vanilla,Plant-based Ice Cream Vanilla,Kids menu: Desserts,,48,,,,,,,,,,,,,,,vegetarian,false,false,,,"Printed 'Plant-based Ice Cream Vanilla' (Kids menu, Christmas Day, Christmas Day NGCI; section 'Desserts')"
cajun-mayo,Cajun mayo,Sunday menu: Small Plates,,170,,,,,,,,,,,,,,,vegetarian,false,false,,,Printed 'Cajun mayo' (Sunday menu; section 'Small Plates')
mixed-grill-sunday-menu,Mixed Grill (Sunday menu),Sunday menu: Grill,,1491,,,,,,,,,,,,,,,contains_pork|contains_beef,false,false,,,Printed 'Mixed Grill' (Sunday menu; section 'Grill')
yorkshire-pudding,Yorkshire Pudding,Sunday menu: Sunday,,99,,,,,,,,,,,,,,,vegetarian,false,false,,,Printed 'Yorkshire Pudding' (Sunday menu; section 'Sunday')
mint-sauce,Mint Sauce,Sunday menu: Sunday,,30,,,,,,,,,,,,,,,vegetarian,false,false,,,Printed 'Mint Sauce' (Sunday menu; section 'Sunday')
horseradish-sauce,Horseradish Sauce,Sunday menu: Sunday,,88,,,,,,,,,,,,,,,vegetarian,false,false,,,Printed 'Horseradish Sauce' (Sunday menu; section 'Sunday')
cranberry-sauce,Cranberry Sauce,Sunday menu: Sunday,,52,,,,,,,,,,,,,,,vegetarian,false,false,,,Printed 'Cranberry Sauce' (Sunday menu; section 'Sunday')
apple-sauce,Apple Sauce,Sunday menu: Sunday,,38,,,,,,,,,,,,,,,vegetarian,false,false,,,Printed 'Apple Sauce' (Sunday menu; section 'Sunday')
four-extra-pigs-in-blankets,Four extra pigs in blankets,Sunday menu: Sunday,,345,,,,,,,,,,,,,,,,false,false,,,Printed 'Four extra pigs in blankets' (Sunday menu; section 'Sunday')
adult-all-meats,Adult All meats,Sunday menu: Sunday,,683,,,,,,,,,,,,,,,,false,false,,,Printed 'Adult All meats' (Sunday menu; section 'Sunday')
adult-roast-topside-of-beef,Adult Roast topside of beef,Sunday menu: Sunday,,615,,,,,,,,,,,,,,,contains_beef,false,false,,,Printed 'Adult Roast topside of beef' (Sunday menu; section 'Sunday')
adult-roast-topside-of-gammon,Adult Roast topside of gammon,Sunday menu: Sunday,,702,,,,,,,,,,,,,,,contains_pork,false,false,,,Printed 'Adult Roast topside of gammon' (Sunday menu; section 'Sunday')
adult-roast-topside-of-turkey,Adult Roast topside of turkey,Sunday menu: Sunday,,678,,,,,,,,,,,,,,,,false,false,,,Printed 'Adult Roast topside of turkey' (Sunday menu; section 'Sunday')
mushroom-bourguignon-pie,Mushroom Bourguignon Pie,Sunday menu: Sunday,,1096,,,,,,,,,,,,,,,vegetarian,false,false,,,Printed 'Mushroom Bourguignon Pie' (Sunday menu; section 'Sunday')
kids-roast-topside-of-beef,Kids Roast topside of Beef,Sunday menu: Sunday,,409,,,,,,,,,,,,,,,contains_beef,false,false,,,Printed 'Kids Roast topside of Beef' (Sunday menu; section 'Sunday')
kids-roast-gammon,Kids Roast gammon,Sunday menu: Sunday,,416,,,,,,,,,,,,,,,contains_pork,false,false,,,Printed 'Kids Roast gammon' (Sunday menu; section 'Sunday')
garden-gourmet-nuggets-v,Garden Gourmet® Nuggets (V),Sunday menu: Sunday,,474,,,,,,,,,,,,,,,vegetarian,false,false,,,Printed 'Garden Gourmet® Nuggets (V)' (Sunday menu; section 'Sunday')
kids-roast-turkey,Kids Roast turkey,Sunday menu: Sunday,,408,,,,,,,,,,,,,,,,false,false,,,Printed 'Kids Roast turkey' (Sunday menu; section 'Sunday')
king-size-all-meats,King size All meats,Sunday menu: Sunday,,1020,,,,,,,,,,,,,,,,false,false,,,Printed 'King size All meats' (Sunday menu; section 'Sunday')
king-size-beef,King size Beef,Sunday menu: Sunday,,948,,,,,,,,,,,,,,,contains_beef,false,false,,,Printed 'King size Beef' (Sunday menu; section 'Sunday')
king-size-gammon,King size gammon,Sunday menu: Sunday,,1042,,,,,,,,,,,,,,,contains_pork,false,false,,,Printed 'King size gammon' (Sunday menu; section 'Sunday')
king-size-turkey,King size Turkey,Sunday menu: Sunday,,1011,,,,,,,,,,,,,,,,false,false,,,Printed 'King size Turkey' (Sunday menu; section 'Sunday')
parsnips,Parsnips,Sunday menu: Sunday,,78,,,,,,,,,,,,,,,vegetarian,false,false,,,Printed 'Parsnips' (Sunday menu; section 'Sunday')
cauliflower-cheese,Cauliflower cheese,Sunday menu: Sunday,,66,,,,,,,,,,,,,,,vegetarian,false,false,,,Printed 'Cauliflower cheese' (Sunday menu; section 'Sunday')
kids-roast-all-meats,Kids Roast All Meats,Sunday menu: Sunday,,444,,,,,,,,,,,,,,,,false,false,,,Printed 'Kids Roast All Meats' (Sunday menu; section 'Sunday')
mushroom-bourguignon-pie-vegan,Mushroom Bourguignon Pie (vegan),Sunday menu: Sunday,,964,,,,,,,,,,,,,,,vegetarian,false,false,,,"Printed 'Mushroom Bourguignon Pie' (Sunday menu, NGCI menu; section 'Sunday'); name written from the printed description"
chicken-wings-ngci,Chicken Wings (NGCI),NGCI menu: Small Plates,,661,,,,,,,,,,,,,,,,false,false,,,Printed 'Chicken Wings (NGCI)' (NGCI menu; section 'Small Plates')
chargrilled-chicken-and-bacon-burger-ngci-menu,Chargrilled Chicken & Bacon Burger (NGCI menu),NGCI menu: Burgers,,1557,,,,,,,,,,,,,,,contains_pork,false,false,,,Printed 'Chargrilled Chicken & Bacon Burger' (NGCI menu; section 'Burgers')
cauliflower-and-red-pepper-curry-ngci-menu,Cauliflower & Red Pepper Curry (NGCI menu),NGCI menu: Curry,,726,,,,,,,,,,,,,,,vegetarian,false,false,,,Printed 'Cauliflower & Red Pepper Curry' (NGCI menu; section 'Curry')
chicken-tikka-masala-with-rice-ngci-menu,Chicken Tikka Masala with Rice (NGCI menu),NGCI menu: Curry,,751,,,,,,,,,,,,,,,,false,false,,,Printed 'Chicken Tikka Masala with Rice' (NGCI menu; section 'Curry')
beef-madras-with-rice-ngci-menu,Beef Madras with Rice (NGCI menu),NGCI menu: Curry,,724,,,,,,,,,,,,,,,contains_beef,false,false,,,Printed 'Beef Madras with Rice' (NGCI menu; section 'Curry')
chicken-korma-with-rice-ngci-menu,Chicken Korma with Rice (NGCI menu),NGCI menu: Curry,,872,,,,,,,,,,,,,,,,false,false,,,Printed 'Chicken Korma with Rice' (NGCI menu; section 'Curry')
penne-pomodoro-ngci-menu,Penne Pomodoro (NGCI menu),NGCI menu: Pasta,,441,,,,,,,,,,,,,,,vegetarian,false,false,,,Printed 'Penne Pomodoro' (NGCI menu; section 'Pasta')
chicken-salad,Chicken Salad,NGCI menu: Pasta,,495,,,,,,,,,,,,,,,,false,false,,,Printed 'Chicken Salad' (NGCI menu; section 'Pasta')
spicy-cajun-chicken-pasta-ngci-menu,Spicy Cajun Chicken Pasta (NGCI menu),NGCI menu: Pasta,,989,,,,,,,,,,,,,,,,false,false,,,Printed 'Spicy Cajun Chicken Pasta' (NGCI menu; section 'Pasta')
ham-fries-and-beans-ngci,"Ham, Fries & Beans (NGCI)",NGCI menu: Kids NGCI,,474,,,,,,,,,,,,,,,contains_pork,false,false,,,"Printed 'Ham, Fries & Beans (NGCI)' (NGCI menu; section 'Kids NGCI')"
kids-penne-pomodoro-vegan,Kids Penne Pomodoro Vegan,NGCI menu: Kids NGCI,,246,,,,,,,,,,,,,,,vegetarian,false,false,,,Printed 'Kids Penne Pomodoro Vegan' (NGCI menu; section 'Kids NGCI')
kids-bbq-chicken,Kids BBQ Chicken,NGCI menu: Kids NGCI,,585,,,,,,,,,,,,,,,,false,false,,,Printed 'Kids BBQ Chicken' (NGCI menu; section 'Kids NGCI')
kids-chicken-breast-fries-and-beans-ngci,Kids Chicken Breast Fries & Beans (NGCI),NGCI menu: Kids NGCI,,457,,,,,,,,,,,,,,,,false,false,,,Printed 'Kids Chicken Breast Fries & Beans (NGCI)' (NGCI menu; section 'Kids NGCI')
kids-roast-gammon-ngci,Kids Roast gammon (NGCI),NGCI menu: Sunday Lunch NGCI,,300,,,,,,,,,,,,,,,contains_pork,false,false,,,Printed 'Kids Roast gammon (NGCI)' (NGCI menu; section 'Sunday Lunch NGCI')
adult-roast-topside-of-turkey-ngci,Adult Roast topside of turkey (NGCI),NGCI menu: Sunday Lunch NGCI,,546,,,,,,,,,,,,,,,,false,false,,,Printed 'Adult Roast topside of turkey (NGCI)' (NGCI menu; section 'Sunday Lunch NGCI')
kids-roast-turkey-ngci,Kids Roast turkey (NGCI),NGCI menu: Sunday Lunch NGCI,,292,,,,,,,,,,,,,,,,false,false,,,Printed 'Kids Roast turkey (NGCI)' (NGCI menu; section 'Sunday Lunch NGCI')
adult-roast-topside-of-gammon-ngci,Adult Roast topside of gammon (NGCI),NGCI menu: Sunday Lunch NGCI,,570,,,,,,,,,,,,,,,contains_pork,false,false,,,Printed 'Adult Roast topside of gammon (NGCI)' (NGCI menu; section 'Sunday Lunch NGCI')
macaroni-cheese-loaded-fries-v,Macaroni cheese Loaded Fries (V),Dark Kitchen: Loaded Fries,,1455,,,,,,,,,,,,,,,vegetarian,false,false,,,"Printed 'Macaroni cheese Loaded Fries (V)' (Dark Kitchen, Perfect Match; section 'Loaded Fries')"
loaded-buttermilk-chicken-cajun-fries-dark-kitchen,Loaded Buttermilk Chicken Cajun Fries (Dark Kitchen),Dark Kitchen: Loaded Fries,,1434,,,,,,,,,,,,,,,,false,false,,,"Printed 'Loaded Buttermilk Chicken Cajun Fries' (Dark Kitchen, Perfect Match; section 'Loaded Fries')"
chilli-con-carne-loaded-fries,Chilli Con Carne Loaded Fries,Dark Kitchen: Loaded Fries,,1189,,,,,,,,,,,,,,,contains_beef,false,false,,,"Printed 'Chilli Con Carne Loaded Fries' (Dark Kitchen, Perfect Match; section 'Loaded Fries')"
hot-dog-loaded-fries,Hot Dog Loaded Fries,Dark Kitchen: Loaded Fries,,1222,,,,,,,,,,,,,,,,false,false,,,Printed 'Hot Dog Loaded Fries' (Dark Kitchen; section 'Loaded Fries')
cheesy-hot-dog,Cheesy Hot Dog,Dark Kitchen: Hot dogs,,684,,,,,,,,,,,,,,,,false,false,,,"Printed 'Cheesy Hot Dog' (Dark Kitchen, Perfect Match; section 'Hot dogs')"
chilli-dog,Chilli Dog,Dark Kitchen: Hot dogs,,565,,,,,,,,,,,,,,,contains_beef,false,false,,,"Printed 'Chilli Dog' (Dark Kitchen, Perfect Match; section 'Hot dogs')"
classic-hot-dog,Classic Hot Dog,Dark Kitchen: Hot dogs,,371,,,,,,,,,,,,,,,,false,false,,,"Printed 'Classic Hot Dog' (Dark Kitchen, Perfect Match; section 'Hot dogs')"
tex-mex-hot-dog,Tex Mex Hot Dog,Dark Kitchen: Hot dogs,,505,,,,,,,,,,,,,,,,false,false,,,Printed 'Tex Mex Hot Dog' (Dark Kitchen; section 'Hot dogs')
hot-dog-dark-kitchen,Hot Dog (Dark Kitchen),Dark Kitchen: Hot dogs,,345,,,,,,,,,,,,,,,,false,false,,,Printed 'Hot Dog' (Dark Kitchen; section 'Hot dogs')
cajun-chicken-kebab-style-flatbread,Cajun Chicken Kebab Style Flatbread,Dark Kitchen: Kebab style,,765,,,,,,,,,,,,,,,,false,false,,,Printed 'Cajun Chicken Kebab Style Flatbread' (Dark Kitchen; section 'Kebab style')
halloumi-kebab-style-flatbread-v,Halloumi Kebab Style Flatbread (V),Dark Kitchen: Kebab style,,655,,,,,,,,,,,,,,,vegetarian,false,false,,,Printed 'Halloumi Kebab Style Flatbread (V)' (Dark Kitchen; section 'Kebab style')
piri-piri-kebab-style-chicken-flatbread,Piri Piri Kebab Style Chicken Flatbread,Dark Kitchen: Kebab style,,622,,,,,,,,,,,,,,,,false,false,,,Printed 'Piri Piri Kebab Style Chicken Flatbread' (Dark Kitchen; section 'Kebab style')
buffalo-cauliflower-kebab-style-flatbread-ve,Buffalo Cauliflower Kebab Style Flatbread (VE),Dark Kitchen: Kebab style,,519,,,,,,,,,,,,,,,vegetarian,false,false,,,Printed 'Buffalo Cauliflower Kebab Style Flatbread (VE)' (Dark Kitchen; section 'Kebab style')
add-lettuce-tomato-cucumber-cabbage-and-carrot-ve,"Add Lettuce, Tomato, Cucumber, Cabbage & Carrot (VE)",Dark Kitchen: Kebab style,,23,,,,,,,,,,,,,,,vegetarian,false,false,,,"Printed 'Add Lettuce, Tomato, Cucumber, Cabbage & Carrot (VE)' (Dark Kitchen; section 'Kebab style')"
mint-mayo-ve,Mint Mayo (VE),Dark Kitchen: Kebab style,,283,,,,,,,,,,,,,,,vegetarian,false,false,,,Printed 'Mint Mayo (VE)' (Dark Kitchen; section 'Kebab style')
mayonnaise,Mayonnaise,Dark Kitchen: Kebab style,,165,,,,,,,,,,,,,,,vegetarian,false,false,,,Printed 'Mayonnaise' (Dark Kitchen; section 'Kebab style')
chunky-chocolate-ice-cream,Chunky Chocolate (Ice Cream),Ice cream,,93,,,,,,,,,,,,,,,vegetarian,false,false,,,"Printed 'Chunky Chocolate' (Main menu, Kids menu, Sunday menu, Ice cream, Cakery; section 'Ice Cream')"
cookie-crumble-ice-cream,Cookie Crumble (Ice Cream),Ice cream,,79,,,,,,,,,,,,,,,vegetarian,false,false,,,"Printed 'Cookie Crumble' (Ice cream, Cakery; section 'Ice Cream')"
honeycomb-delight-ice-cream,Honeycomb Delight (Ice Cream),Ice cream,,82,,,,,,,,,,,,,,,vegetarian,false,false,,,"Printed 'Honeycomb Delight' (Ice cream, Cakery; section 'Ice Cream')"
vanilla-ice-cream,Vanilla Ice Cream,Ice cream,,76,,,,,,,,,,,,,,,vegetarian,false,false,,,"Printed 'Vanilla Ice Cream' (Main menu, Kids menu, Sunday menu, Ice cream, Cakery; section 'Ice Cream')"
salted-caramel-ice-cream,Salted Caramel (Ice Cream),Ice cream,,76,,,,,,,,,,,,,,,vegetarian,false,false,,,"Printed 'Salted Caramel' (Main menu, Sunday menu, Ice cream, Cakery; section 'Ice Cream')"
lotus-biscoff-ice-cream,Lotus Biscoff® (Ice Cream),Ice cream,,98,,,,,,,,,,,,,,,vegetarian,false,false,,,"Printed 'Lotus Biscoff®' (Ice cream, Cakery; section 'Ice Cream')"
mint-choc-chip-flavour-ice-cream,Mint Choc Chip flavour (Ice Cream),Ice cream,,82,,,,,,,,,,,,,,,vegetarian,false,false,,,"Printed 'Mint Choc Chip flavour' (Main menu, Sunday menu, Ice cream, Cakery; section 'Ice Cream')"
strawberry-ice-cream,Strawberry (Ice Cream),Ice cream,,76,,,,,,,,,,,,,,,vegetarian,false,false,,,"Printed 'Strawberry' (Main menu, Kids menu, Sunday menu, Ice cream, Cakery; section 'Ice Cream')"
unicorn-ice-cream,Unicorn (Ice Cream),Ice cream,,82,,,,,,,,,,,,,,,vegetarian,false,false,,,"Printed 'Unicorn' (Ice cream, Cakery; section 'Ice Cream')"
toffee-and-fudge,Toffee and Fudge,Ice cream,,79,,,,,,,,,,,,,,,vegetarian,false,false,,,"Printed 'Toffee and Fudge' (Ice cream, Cakery; section 'Ice Cream')"
cone-small,Cone Small,Ice cream,,69,,,,,,,,,,,,,,,vegetarian,false,false,,,"Printed 'Cone Small' (Ice cream, Cakery; section 'Ice Cream')"
cone-medium,Cone Medium,Ice cream,,103,,,,,,,,,,,,,,,vegetarian,false,false,,,"Printed 'Cone Medium' (Ice cream, Cakery; section 'Ice Cream')"
vanilla-flavour-plant-based,Vanilla flavour Plant-Based,Ice cream: Plant-Based Ice Cream,,48,,,,,,,,,,,,,,,vegetarian,false,false,,,"Printed 'Vanilla flavour Plant-Based' (Ice cream, Cakery; section 'Plant-Based Ice Cream')"
plant-based-chocolate-ice-cream,Plant-based Chocolate Ice Cream,Ice cream: Plant-Based Ice Cream,,50,,,,,,,,,,,,,,,vegetarian,false,false,,,"Printed 'Plant-based Chocolate Ice Cream' (Main menu, Sunday menu, NGCI menu, Ice cream, Cakery; section 'Plant-Based Ice Cream')"
cadburys-flake,Cadburys Flake,Ice cream: Choose a topping,,43,,,,,,,,,,,,,,,vegetarian,false,false,,,"Printed 'Cadburys Flake' (Ice cream, Cakery; section 'Choose a topping')"
chocolate-sauce,Chocolate sauce,Ice cream: Choose a sauce,,57,,,,,,,,,,,,,,,vegetarian,false,false,,,"Printed 'Chocolate sauce' (Kids menu, Ice cream, Cakery; section 'choose a sauce')"
strawberry-sauce,Strawberry sauce,Ice cream: Choose a sauce,,46,,,,,,,,,,,,,,,vegetarian,false,false,,,"Printed 'Strawberry sauce' (Kids menu, Ice cream, Cakery; section 'choose a sauce')"
toffee-sauce,Toffee sauce,Ice cream: Choose a sauce,,57,,,,,,,,,,,,,,,vegetarian,false,false,,,"Printed 'Toffee sauce' (Ice cream, Cakery; section 'choose a sauce')"
raspberry-sauce,Raspberry Sauce,Ice cream: Choose a sauce,,49,,,,,,,,,,,,,,,vegetarian,false,false,,,"Printed 'Raspberry Sauce' (Ice cream, Cakery; section 'choose a sauce')"
lotus-biscoff-sauce,Lotus Biscoff Sauce,Ice cream: Choose a sauce,,135,,,,,,,,,,,,,,,vegetarian,false,false,,,"Printed 'Lotus Biscoff Sauce' (Ice cream, Cakery; section 'choose a sauce')"
blue-monster-sauce,Blue Monster Sauce,Ice cream: Choose a sauce,,58,,,,,,,,,,,,,,,vegetarian,false,false,,,"Printed 'Blue Monster Sauce' (Ice cream, Cakery; section 'choose a sauce')"
blueberry-muffin,Blueberry muffin,Cake counter: Cakes,,462,,,,,,,,,,,,,,,vegetarian,false,false,,,"Printed 'Blueberry muffin' (Cake counter, Cakery; section 'Cakes')"
double-chocolate-muffin,Double chocolate muffin,Cake counter: Cakes,,515,,,,,,,,,,,,,,,vegetarian,false,false,,,"Printed 'Double chocolate muffin' (Cake counter, Cakery; section 'Cakes')"
lemon-meringue-muffin,Lemon Meringue Muffin,Cake counter: Cakes,,467,,,,,,,,,,,,,,,vegetarian,false,false,,,"Printed 'Lemon Meringue Muffin' (Cake counter, Cakery; section 'Cakes')"
flapjack,Flapjack,Cake counter: Cakes,,266,,,,,,,,,,,,,,,vegetarian,false,false,,,"Printed 'Flapjack' (Cake counter, Cakery; section 'Cakes')"
lemon-drizzle-slice,Lemon Drizzle Slice,Cake counter: Cakes,,191,,,,,,,,,,,,,,,vegetarian,false,false,,,"Printed 'Lemon Drizzle Slice' (Cake counter, Cakery; section 'Cakes')"
lemon-drizzle-slice-gluten-free-option-available,Lemon Drizzle slice - gluten free option available,Cake counter: Cakes,,191,,,,,,,,,,,,,,,vegetarian,false,false,,,"Printed 'Lemon Drizzle slice - gluten free option available' (Cake counter, Cakery; section 'Cakes')"
vegan-crumble-slice,Vegan Crumble Slice,Cake counter: Cakes,,326,,,,,,,,,,,,,,,vegetarian,false,false,,,"Printed 'Vegan Crumble Slice' (Cake counter, Cakery; section 'Cakes')"
vegan-crumble-slice-gluten-free-option-available,Vegan Crumble slice - gluten free option available,Cake counter: Cakes,,326,,,,,,,,,,,,,,,vegetarian,false,false,,,"Printed 'Vegan Crumble slice - gluten free option available' (Cake counter, Cakery; section 'Cakes')"
rocky-road,Rocky road,Cake counter: Cakes,,427,,,,,,,,,,,,,,,vegetarian,false,false,,,"Printed 'Rocky road' (Cake counter, Cakery; section 'Cakes')"
carrot-and-walnut-cake,Carrot and Walnut Cake,Cake counter: Cakes,,398,,,,,,,,,,,,,,,vegetarian,false,false,,,Printed 'Carrot and Walnut Cake' (Cake counter; section 'Cakes')
carrot-and-walnut-cake-gluten-free-option-available,Carrot and Walnut Cake - gluten free option available,Cake counter: Cakes,,398,,,,,,,,,,,,,,,vegetarian,false,false,,,Printed 'Carrot and Walnut Cake - gluten free option available' (Cake counter; section 'Cakes')
chocolate-fudge-cake,Chocolate Fudge Cake,Cake counter: Cakes,,457,,,,,,,,,,,,,,,vegetarian,false,false,,,Printed 'Chocolate Fudge Cake' (Cake counter; section 'Cakes')
ultimate-brownie,Ultimate Brownie,Cake counter: Cakes,,359,,,,,,,,,,,,,,,vegetarian,false,false,,,Printed 'Ultimate Brownie' (Cake counter; section 'Cakes')
billionaires-shortbread,Billionaire's Shortbread,Cake counter: Cakes,,451,,,,,,,,,,,,,,,vegetarian,false,false,,,Printed 'Billionaire's Shortbread' (Cake counter; section 'Cakes')
white-chocolate-chip-cookie,White Chocolate chip cookie,Cake counter: Cakes,,240,,,,,,,,,,,,,,,vegetarian,false,false,,,"Printed 'White Chocolate chip cookie' (Cake counter, Cakery; section 'Cakes')"
chocolate-chip-cookie,Chocolate chip cookie,Cake counter: Cakes,,233,,,,,,,,,,,,,,,vegetarian,false,false,,,"Printed 'Chocolate chip cookie' (Cake counter, Cakery; section 'Cakes')"
salted-caramel-cakes,Salted Caramel (Cakes),Cake counter: Cakes,,336,,,,,,,,,,,,,,,,false,false,,,"Printed 'Salted Caramel' (Dark Kitchen, Cake counter, Cakery; section 'Cakes')"
caramel-brownie-doughnut,Caramel Brownie Doughnut,Cake counter: Cakes,,338,,,,,,,,,,,,,,,vegetarian,false,false,,,"Printed 'Caramel Brownie Doughnut' (Dark Kitchen, Cake counter, Cakery; section 'Cakes')"
cookies-and-cream-doughnut,Cookies & Cream Doughnut,Cake counter: Cakes,,338,,,,,,,,,,,,,,,vegetarian,false,false,,,"Printed 'Cookies & Cream Doughnut' (Dark Kitchen, Cake counter, Cakery; section 'Cakes')"
last-row-low-doughnut,Last Row Low Doughnut,Cake counter: Cakes,,336,,,,,,,,,,,,,,,,false,false,,,"Printed 'Last Row Low Doughnut' (Dark Kitchen, Cake counter, Cakery; section 'Cakes')"
lemon-meringue-doughnut,Lemon Meringue Doughnut,Cake counter: Cakes,,338,,,,,,,,,,,,,,,vegetarian,false,false,,,"Printed 'Lemon Meringue Doughnut' (Dark Kitchen, Cake counter, Cakery; section 'Cakes')"
the-homer,The Homer,Cake counter: Cakes,,336,,,,,,,,,,,,,,,,false,false,,,"Printed 'The Homer' (Dark Kitchen, Cake counter, Cakery; section 'Cakes')"
mummy-doughnut,Mummy Doughnut,Cake counter: Cakes,,456,,,,,,,,,,,,,,,vegetarian,false,false,,,"Printed 'Mummy Doughnut' (Cake counter, Cakery; section 'Cakes')"
pumpkin-doughnut,Pumpkin Doughnut,Cake counter: Cakes,,451,,,,,,,,,,,,,,,vegetarian,false,false,,,"Printed 'Pumpkin Doughnut' (Cake counter, Cakery; section 'Cakes')"
spider-doughnut,Spider Doughnut,Cake counter: Cakes,,490,,,,,,,,,,,,,,,vegetarian,false,false,,,"Printed 'Spider Doughnut' (Cake counter, Cakery; section 'Cakes')"
reindeer-ring-doughnut,Reindeer Ring Doughnut,Cake counter: Cakes,,358,,,,,,,,,,,,,,,vegetarian,false,false,,,"Printed 'Reindeer Ring Doughnut' (Cake counter, Cakery; section 'Cakes')"
mint-chocolate-doughnut,Mint Chocolate Doughnut,Cake counter: Cakes,,541,,,,,,,,,,,,,,,vegetarian,false,false,,,"Printed 'Mint Chocolate Doughnut' (Cake counter, Cakery; section 'Cakes')"
chocolate-orange-doughnut,Chocolate Orange Doughnut,Cake counter: Cakes,,512,,,,,,,,,,,,,,,vegetarian,false,false,,,"Printed 'Chocolate Orange Doughnut' (Cake counter, Cakery; section 'Cakes')"
the-chocoholic,The Chocoholic,Cake counter: Cakes,,466,,,,,,,,,,,,,,,vegetarian,false,false,,,"Printed 'The Chocoholic' (Dark Kitchen, Cake counter, Cakery; section 'Cakes')"
the-custard-caramel,The Custard Caramel,Cake counter: Cakes,,466,,,,,,,,,,,,,,,vegetarian,false,false,,,"Printed 'The Custard Caramel' (Dark Kitchen, Cake counter, Cakery; section 'Cakes')"
the-raspberry-and-white-chocolate,The Raspberry and White Chocolate,Cake counter: Cakes,,466,,,,,,,,,,,,,,,vegetarian,false,false,,,"Printed 'The Raspberry and White Chocolate' (Dark Kitchen, Cake counter, Cakery; section 'Cakes')"
the-fizz-you-were-here,The Fizz you were here,Cake counter: Cakes,,428,,,,,,,,,,,,,,,vegetarian,false,false,,,"Printed 'The Fizz you were here' (Dark Kitchen, Cake counter, Cakery; section 'Cakes')"
the-jelly-bean-doughnut,The Jelly Bean Doughnut,Cake counter: Cakes,,546,,,,,,,,,,,,,,,vegetarian,false,false,,,"Printed 'The Jelly Bean Doughnut' (Dark Kitchen, Cake counter, Cakery; section 'Cakes')"
all-butter-croissant,All butter croissant,Cake counter: Pastries,,363,,,,,,,,,,,,,,,vegetarian,false,false,,,"Printed 'All butter croissant' (Cake counter, Cakery; section 'Pastries')"
pain-au-chocolat,Pain au chocolat,Cake counter: Pastries,,282,,,,,,,,,,,,,,,vegetarian,false,false,,,"Printed 'Pain au chocolat' (Cake counter, Cakery; section 'Pastries')"
pain-au-raisin,Pain au raisin,Cake counter: Pastries,,257,,,,,,,,,,,,,,,vegetarian,false,false,,,"Printed 'Pain au raisin' (Cake counter, Cakery; section 'Pastries')"
cappuccino-drip-cake,Cappuccino Drip Cake,Cakery: Cake Slices & Doughnuts,,886,,,,,,,,,,,,,,,vegetarian,false,false,,,Printed 'Cappuccino Drip Cake' (Cakery; section 'Cake Slices & Doughnuts')
chocolate-drip-cake,Chocolate Drip Cake,Cakery: Cake Slices & Doughnuts,,875,,,,,,,,,,,,,,,vegetarian,false,false,,,Printed 'Chocolate Drip Cake' (Cakery; section 'Cake Slices & Doughnuts')
salted-caramel-drip-cake,Salted Caramel Drip Cake,Cakery: Cake Slices & Doughnuts,,935,,,,,,,,,,,,,,,vegetarian,false,false,,,Printed 'Salted Caramel Drip Cake' (Cakery; section 'Cake Slices & Doughnuts')
cookies-and-creme-cake-per-slice,Cookies & Creme Cake (per slice),Cakery: Cake Specials,,709,,,,,,,,,,,,,,,vegetarian,false,false,,,Printed 'Cookies & Creme Cake (per slice)' (Cakery; section 'Cake Specials')
vegan-salted-caramel-millionaire-cake-per-slice,Vegan Salted Caramel Millionaire Cake (per slice),Cakery: Cake Specials,,633,,,,,,,,,,,,,,,vegetarian,false,false,,,Printed 'Vegan Salted Caramel Millionaire Cake (per slice)' (Cakery; section 'Cake Specials')
cinnamon-bun,Cinnamon Bun,Cakery: Cake Specials,,359,,,,,,,,,,,,,,,vegetarian,false,false,,,Printed 'Cinnamon Bun' (Cakery; section 'Cake Specials')
vegan-sticky-toffee-ginger-cake,Vegan Sticky Toffee Ginger cake,Cakery: Cake Specials,,557,,,,,,,,,,,,,,,vegetarian,false,false,,,Printed 'Vegan Sticky Toffee Ginger cake' (Cakery; section 'Cake Specials')
brownie,Brownie,Cakery: Cake Specials,,335,,,,,,,,,,,,,,,vegetarian,false,false,,,Printed 'Brownie' (Cakery; section 'Cake Specials')
millionaires-slice,Millionaires Slice,Cakery: Cake Specials,,392,,,,,,,,,,,,,,,vegetarian,false,false,,,Printed 'Millionaires Slice' (Cakery; section 'Cake Specials')
cookie-crumble-milkshakes,Cookie Crumble (Milkshakes),Cakery: Milkshakes,,530,,,,,,,,,,,,,,,vegetarian,false,false,,,Printed 'Cookie Crumble' (Cakery; section 'Milkshakes')
bubblegum-milkshakes,Bubblegum (Milkshakes),Cakery: Milkshakes,,494,,,,,,,,,,,,,,,vegetarian,false,false,,,Printed 'Bubblegum' (Cakery; section 'Milkshakes')
chunky-chocolate-milkshakes,Chunky Chocolate (Milkshakes),Cakery: Milkshakes,,606,,,,,,,,,,,,,,,vegetarian,false,false,,,Printed 'Chunky Chocolate' (Cakery; section 'Milkshakes')
honeycomb-delight-milkshakes,Honeycomb Delight (Milkshakes),Cakery: Milkshakes,,548,,,,,,,,,,,,,,,vegetarian,false,false,,,Printed 'Honeycomb Delight' (Cakery; section 'Milkshakes')
lotus-biscoff-milkshakes,Lotus Biscoff® (Milkshakes),Cakery: Milkshakes,,631,,,,,,,,,,,,,,,vegetarian,false,false,,,Printed 'Lotus Biscoff®' (Cakery; section 'Milkshakes')
mint-choc-chip-flavour-milkshakes,Mint Choc Chip flavour (Milkshakes),Cakery: Milkshakes,,548,,,,,,,,,,,,,,,vegetarian,false,false,,,Printed 'Mint Choc Chip flavour' (Cakery; section 'Milkshakes')
salted-caramel-milkshakes,Salted Caramel (Milkshakes),Cakery: Milkshakes,,515,,,,,,,,,,,,,,,vegetarian,false,false,,,Printed 'Salted Caramel' (Cakery; section 'Milkshakes')
strawberry-milkshakes,Strawberry (Milkshakes),Cakery: Milkshakes,,513,,,,,,,,,,,,,,,vegetarian,false,false,,,Printed 'Strawberry' (Cakery; section 'Milkshakes')
vanilla-milkshakes,Vanilla (Milkshakes),Cakery: Milkshakes,,513,,,,,,,,,,,,,,,vegetarian,false,false,,,Printed 'Vanilla' (Cakery; section 'Milkshakes')
unicorn-milkshakes,Unicorn (Milkshakes),Cakery: Milkshakes,,548,,,,,,,,,,,,,,,vegetarian,false,false,,,Printed 'Unicorn' (Cakery; section 'Milkshakes')
toffee-flavour-fudge-milkshakes,Toffee Flavour Fudge (Milkshakes),Cakery: Milkshakes,,530,,,,,,,,,,,,,,,vegetarian,false,false,,,Printed 'Toffee Flavour Fudge' (Cakery; section 'Milkshakes')
cookie-crumble-milkshakes-kids,Cookie Crumble (Milkshakes Kids),Cakery: Milkshakes Kids,,310,,,,,,,,,,,,,,,vegetarian,false,false,,,Printed 'Cookie Crumble' (Cakery; section 'Milkshakes Kids')
bubblegum-milkshakes-kids,Bubblegum (Milkshakes Kids),Cakery: Milkshakes Kids,,287,,,,,,,,,,,,,,,vegetarian,false,false,,,Printed 'Bubblegum' (Cakery; section 'Milkshakes Kids')
chunky-chocolate-milkshakes-kids,Chunky Chocolate (Milkshakes Kids),Cakery: Milkshakes Kids,,355,,,,,,,,,,,,,,,vegetarian,false,false,,,Printed 'Chunky Chocolate' (Cakery; section 'Milkshakes Kids')
honeycomb-delight-milkshakes-kids,Honeycomb Delight (Milkshakes Kids),Cakery: Milkshakes Kids,,320,,,,,,,,,,,,,,,vegetarian,false,false,,,Printed 'Honeycomb Delight' (Cakery; section 'Milkshakes Kids')
lotus-biscoff-milkshakes-kids,Lotus Biscoff® (Milkshakes Kids),Cakery: Milkshakes Kids,,371,,,,,,,,,,,,,,,vegetarian,false,false,,,Printed 'Lotus Biscoff®' (Cakery; section 'Milkshakes Kids')
mint-choc-chip-flavour-milkshakes-kids,Mint Choc Chip flavour (Milkshakes Kids),Cakery: Milkshakes Kids,,320,,,,,,,,,,,,,,,vegetarian,false,false,,,Printed 'Mint Choc Chip flavour' (Cakery; section 'Milkshakes Kids')
salted-caramel-milkshakes-kids,Salted Caramel (Milkshakes Kids),Cakery: Milkshakes Kids,,300,,,,,,,,,,,,,,,vegetarian,false,false,,,Printed 'Salted Caramel' (Cakery; section 'Milkshakes Kids')
strawberry-milkshakes-kids,Strawberry (Milkshakes Kids),Cakery: Milkshakes Kids,,299,,,,,,,,,,,,,,,vegetarian,false,false,,,Printed 'Strawberry' (Cakery; section 'Milkshakes Kids')
vanilla-milkshakes-kids,Vanilla (Milkshakes Kids),Cakery: Milkshakes Kids,,323,,,,,,,,,,,,,,,vegetarian,false,false,,,Printed 'Vanilla' (Cakery; section 'Milkshakes Kids')
unicorn-milkshakes-kids,Unicorn (Milkshakes Kids),Cakery: Milkshakes Kids,,320,,,,,,,,,,,,,,,vegetarian,false,false,,,Printed 'Unicorn' (Cakery; section 'Milkshakes Kids')
toffee-flavour-fudge-milkshakes-kids,Toffee Flavour Fudge (Milkshakes Kids),Cakery: Milkshakes Kids,,310,,,,,,,,,,,,,,,vegetarian,false,false,,,Printed 'Toffee Flavour Fudge' (Cakery; section 'Milkshakes Kids')
sugar-strands,Sugar strands,Cakery: Ice Cream Toppings,,5,,,,,,,,,,,,,,,vegetarian,false,false,,,Printed 'Sugar strands' (Cakery; section 'Ice Cream Toppings')
white-chocolate-chips,White chocolate chips,Cakery: Ice Cream Toppings,,57,,,,,,,,,,,,,,,vegetarian,false,false,,,Printed 'White chocolate chips' (Cakery; section 'Ice Cream Toppings')
milk-chocolate-chips,Milk chocolate chips,Cakery: Ice Cream Toppings,,55,,,,,,,,,,,,,,,vegetarian,false,false,,,Printed 'Milk chocolate chips' (Cakery; section 'Ice Cream Toppings')
oreo-crumb,Oreo Crumb,Cakery: Ice Cream Toppings,,24,,,,,,,,,,,,,,,vegetarian,false,false,,,Printed 'Oreo Crumb' (Cakery; section 'Ice Cream Toppings')
lotus-crumb,Lotus Crumb,Cakery: Ice Cream Toppings,,24,,,,,,,,,,,,,,,vegetarian,false,false,,,Printed 'Lotus Crumb' (Cakery; section 'Ice Cream Toppings')
kit-kat-mix,Kit Kat Mix,Cakery: Ice Cream Toppings,,25,,,,,,,,,,,,,,,vegetarian,false,false,,,Printed 'Kit Kat Mix' (Cakery; section 'Ice Cream Toppings')
coloured-mini-marshmallows,Coloured mini marshmallows,Cakery: Ice Cream Toppings,,16,,,,,,,,,,,,,,,,false,false,,,Printed 'Coloured mini marshmallows' (Cakery; section 'Ice Cream Toppings')
salted-caramel-sauce,Salted caramel sauce,Cakery: Ice Cream Toppings,,65,,,,,,,,,,,,,,,vegetarian,false,false,,,Printed 'Salted caramel sauce' (Cakery; section 'Ice Cream Toppings')
cawston-press-apple-and-pear-200ml,Cawston Press Apple and Pear 200ml,Cakery: Packaged Drinks,,54,,,,,,,,,,,,,,,vegetarian,false,false,,,"Printed 'Cawston Press Apple and Pear 200ml' (Cakery, Drinks; section 'Packaged Drinks')"
cawston-press-berries-200ml,Cawston Press Berries 200ml,Cakery: Packaged Drinks,,54,,,,,,,,,,,,,,,vegetarian,false,false,,,"Printed 'Cawston Press Berries 200ml' (Cakery, Drinks; section 'Packaged Drinks')"
cawston-press-elderflower-lemonade-330ml-can,Cawston Press Elderflower Lemonade 330ml Can,Cakery: Packaged Drinks,,73,,,,,,,,,,,,,,,vegetarian,false,false,,,"Printed 'Cawston Press Elderflower Lemonade 330ml Can' (Cakery, Drinks; section 'Packaged Drinks')"
cawston-press-sparkling-rhubarb-330ml-can,Cawston Press Sparkling Rhubarb 330ml Can,Cakery: Packaged Drinks,,76,,,,,,,,,,,,,,,vegetarian,false,false,,,"Printed 'Cawston Press Sparkling Rhubarb 330ml Can' (Cakery, Drinks; section 'Packaged Drinks')"
smart-still-water-600ml,Smart Still Water 600ml,Cakery: Packaged Drinks,,0,,,,,,,,,,,,,,,vegetarian,false,false,,,"Printed 'Smart Still Water 600ml' (Cakery, Drinks; section 'Packaged Drinks')"
coca-cola-zero-330ml-can,Coca Cola Zero 330ml can,Cakery: Packaged Drinks,,1,,,,,,,,,,,,,,,vegetarian,false,false,,,"Printed 'Coca Cola Zero 330ml can' (Cakery, Drinks; section 'Packaged Drinks')"
sprite-no-sugar-330ml-can,Sprite No Sugar 330ml Can,Cakery: Packaged Drinks,,3,,,,,,,,,,,,,,,vegetarian,false,false,,,"Printed 'Sprite No Sugar 330ml Can' (Cakery, Drinks; section 'Packaged Drinks')"
fanta-orange-330ml-can,Fanta Orange 330ml Can,Cakery: Packaged Drinks,,63,,,,,,,,,,,,,,,vegetarian,false,false,,,"Printed 'Fanta Orange 330ml Can' (Cakery, Drinks; section 'Packaged Drinks')"
diet-coke-330ml-can,Diet coke 330ml can,Cakery: Packaged Drinks,,1,,,,,,,,,,,,,,,vegetarian,false,false,,,"Printed 'Diet coke 330ml can' (Cakery, Drinks; section 'Packaged Drinks')"
coca-cola-330ml-can,Coca Cola 330ml Can,Cakery: Packaged Drinks,,139,,,,,,,,,,,,,,,vegetarian,false,false,,,"Printed 'Coca Cola 330ml Can' (Cakery, Drinks; section 'Packaged Drinks')"
garlic-pizza-bread,Garlic Pizza Bread,Pizza menu: Pizza Breads,,934,,,,,,,,,,,,,,,vegetarian,false,false,,,"Printed 'Garlic Pizza Bread' (Pizza menu, Festive menu; section 'Pizza Breads')"
cheese-garlic-pizza-bread,Cheese Garlic Pizza Bread,Pizza menu: Pizza Breads,,1233,,,,,,,,,,,,,,,vegetarian,false,false,,,"Printed 'Cheese Garlic Pizza Bread' (Pizza menu, Festive menu; section 'Pizza Breads')"
tomato-garlic,Tomato Garlic,Pizza menu: Pizza Breads,,960,,,,,,,,,,,,,,,vegetarian,false,false,,,"Printed 'Tomato Garlic' (Pizza menu, Festive menu; section 'Pizza Breads')"
margherita,Margherita,Pizza menu: Pizza,,931,,,,,,,,,,,,,,,vegetarian,false,false,,,"Printed 'Margherita' (Pizza menu, Festive menu; section 'Pizza')"
vegan-margherita,Vegan Margherita,Pizza menu: Pizza,,750,,,,,,,,,,,,,,,vegetarian,false,false,,,"Printed 'Vegan Margherita' (Pizza menu, Festive menu; section 'Pizza')"
veggie,Veggie,Pizza menu: Pizza,,966,,,,,,,,,,,,,,,vegetarian,false,false,,,Printed 'Veggie' (Pizza menu; section 'Pizza')
bbq-chicken-and-sweetcorn,BBQ Chicken & Sweetcorn,Pizza menu: Pizza,,1155,,,,,,,,,,,,,,,,false,false,,,Printed 'BBQ Chicken & Sweetcorn' (Pizza menu; section 'Pizza')
ham-and-pineapple,Ham & Pineapple,Pizza menu: Pizza,,1382,,,,,,,,,,,,,,,contains_pork,false,false,,,Printed 'Ham & Pineapple' (Pizza menu; section 'Pizza')
meaty,Meaty,Pizza menu: Pizza,,1245,,,,,,,,,,,,,,,contains_pork,false,false,,,Printed 'Meaty' (Pizza menu; section 'Pizza')
hot-n-spicy,Hot n Spicy,Pizza menu: Pizza,,1042,,,,,,,,,,,,,,,,false,false,,,Printed 'Hot n Spicy' (Pizza menu; section 'Pizza')
pepperoni-pizza,Pepperoni (Pizza),Pizza menu: Pizza,,1097,,,,,,,,,,,,,,,contains_pork,false,false,,,"Printed 'Pepperoni' (Pizza menu, Festive menu; section 'Pizza')"
pepperoni-extras,Pepperoni (Extras),Pizza menu: Extras,,166,,,,,,,,,,,,,,,contains_pork,false,false,,,"Printed 'Pepperoni' (Pizza menu, Festive menu; section 'Extras')"
peppers,Peppers,Pizza menu: Extras,,14,,,,,,,,,,,,,,,vegetarian,false,false,,,"Printed 'Peppers' (Pizza menu, Festive menu; section 'Extras')"
red-onion,Red Onion,Pizza menu: Extras,,16,,,,,,,,,,,,,,,vegetarian,false,false,,,"Printed 'Red Onion' (Pizza menu, Festive menu; section 'Extras')"
sweetcorn,Sweetcorn,Pizza menu: Extras,,38,,,,,,,,,,,,,,,vegetarian,false,false,,,"Printed 'Sweetcorn' (Pizza menu, Festive menu; section 'Extras')"
shredded-chicken,Shredded Chicken,Pizza menu: Extras,,71,,,,,,,,,,,,,,,,false,false,,,Printed 'Shredded Chicken' (Pizza menu; section 'Extras')
chorizo,Chorizo,Pizza menu: Extras,,128,,,,,,,,,,,,,,,contains_pork,false,false,,,Printed 'Chorizo' (Pizza menu; section 'Extras')
ham,Ham,Pizza menu: Extras,,64,,,,,,,,,,,,,,,contains_pork,false,false,,,"Printed 'Ham' (Pizza menu, Festive menu; section 'Extras')"
carbonara-bites,Carbonara Bites,Festive menu: Small Plates,,413,,,,,,,,,,,,,,,,true,false,,,Printed 'Carbonara Bites' (Festive menu; section 'Small Plates')
pork-belly-bites,Pork Belly Bites,Festive menu: Small Plates,,542,,,,,,,,,,,,,,,contains_pork,true,false,,,Printed 'Pork Belly Bites' (Festive menu; section 'Small Plates')
pigs-in-blanket-loaded-fries,Pigs in blanket loaded fries,Festive menu: Small Plates,,789,,,,,,,,,,,,,,,,true,false,,,Printed 'Pigs in blanket loaded fries' (Festive menu; section 'Small Plates')
pigs-in-blankets,Pigs In Blankets,Festive menu: Small Plates,,718,,,,,,,,,,,,,,,,true,false,,,Printed 'Pigs In Blankets' (Festive menu; section 'Small Plates')
hot-honey,Hot Honey,Festive menu: Small Plates,,92,,,,,,,,,,,,,,,vegetarian,true,false,,,Printed 'Hot Honey' (Festive menu; section 'Small Plates')
festive-burger,Festive Burger,Festive menu: Burgers,,1179,,,,,,,,,,,,,,,contains_pork,true,false,,,Printed 'Festive Burger' (Festive menu; section 'Burgers - all our burgers are served in a toasted glazed bun with skin-on fries and house slaw')
festive-burger-with-fries,Festive Burger with fries,Festive menu: Burgers,,1427,,,,,,,,,,,,,,,contains_pork,true,false,,,Printed 'Festive Burger with fries' (Festive menu; section 'Burgers - all our burgers are served in a toasted glazed bun with skin-on fries and house slaw')
vegan-festive-burger,Vegan Festive Burger,Festive menu: Burgers,,1089,,,,,,,,,,,,,,,vegetarian,true,false,,,Printed 'Vegan Festive Burger' (Festive menu; section 'Burgers - all our burgers are served in a toasted glazed bun with skin-on fries and house slaw')
vegan-festive-burger-with-fries,Vegan Festive Burger with fries,Festive menu: Burgers,,1337,,,,,,,,,,,,,,,vegetarian,true,false,,,Printed 'Vegan Festive Burger with fries' (Festive menu; section 'Burgers - all our burgers are served in a toasted glazed bun with skin-on fries and house slaw')
hot-honey-chicken-burger,Hot Honey Chicken Burger,Festive menu: Burgers,,1330,,,,,,,,,,,,,,,contains_pork,true,false,,,Printed 'Hf26 Core Hot Honey Chicken Burger' (Festive menu; section 'Burgers - all our burgers are served in a toasted glazed bun with skin-on fries and house slaw'); name written from the printed description
chargrilled-chicken-and-bacon-burger-festive-menu,Chargrilled Chicken & Bacon Burger (Festive menu),Festive menu: Burgers,,1421,,,,,,,,,,,,,,,contains_pork,true,false,,,Printed 'Chargrilled Chicken & Bacon Burger' (Festive menu; section 'Burgers - all our burgers are served in a toasted glazed bun with skin-on fries and house slaw')
beef-chilli-hot-dog,Beef Chilli Hot Dog,Festive menu: Hot dogs,,1206,,,,,,,,,,,,,,,contains_beef,true,false,,,"Printed 'Beef Chilli Hot Dog' (Festive menu, Halloween; section 'hot dogs')"
hot-dog-festive-menu,Hot Dog (Festive menu),Festive menu: Hot dogs,,986,,,,,,,,,,,,,,,,true,false,,,"Printed 'Hot Dog' (Festive menu, Halloween; section 'hot dogs')"
ultimate-cheesy-hot-dog,Ultimate Cheesy Hot Dog,Festive menu: Hot dogs,,1324,,,,,,,,,,,,,,,,true,false,,,"Printed 'Ultimate Cheesy Hot Dog' (Festive menu, Halloween; section 'hot dogs')"
vegan-meatless-feast,Vegan Meatless Feast,Festive menu: Pizza/Calzone/Garlic Pizza,,1022,,,,,,,,,,,,,,,vegetarian,true,false,,,Printed 'Vegan Meatless Feast' (Festive menu; section 'Pizza/Calzone/Garlic Pizza')
hunters-chicken-pizza,Hunters Chicken Pizza,Festive menu: Pizza/Calzone/Garlic Pizza,,1327,,,,,,,,,,,,,,,contains_pork,true,false,,,Printed 'Hunters Chicken Pizza' (Festive menu; section 'Pizza/Calzone/Garlic Pizza')
giardiniera-pizza,Giardiniera Pizza,Festive menu: Pizza/Calzone/Garlic Pizza,,1021,,,,,,,,,,,,,,,vegetarian,true,false,,,Printed 'Giardiniera Pizza' (Festive menu; section 'Pizza/Calzone/Garlic Pizza')
cheeseburger-pizza,Cheeseburger Pizza,Festive menu: Pizza/Calzone/Garlic Pizza,,1180,,,,,,,,,,,,,,,contains_beef,true,false,,,Printed 'Cheeseburger Pizza' (Festive menu; section 'Pizza/Calzone/Garlic Pizza')
cajun-chicken-pizza,Cajun Chicken Pizza,Festive menu: Pizza/Calzone/Garlic Pizza,,1061,,,,,,,,,,,,,,,,true,false,,,Printed 'Cajun Chicken Pizza' (Festive menu; section 'Pizza/Calzone/Garlic Pizza')
meat-feast-pizza,Meat Feast Pizza,Festive menu: Pizza/Calzone/Garlic Pizza,,1337,,,,,,,,,,,,,,,contains_pork|contains_beef,true,false,,,Printed 'Meat Feast Pizza' (Festive menu; section 'Pizza/Calzone/Garlic Pizza')
pulled-rotisserie-chicken,Pulled Rotisserie Chicken,Festive menu: Pizza/Calzone/Garlic Pizza,,82,,,,,,,,,,,,,,,,true,false,,,Printed 'Pulled Rotisserie Chicken' (Festive menu; section 'Pizza/Calzone/Garlic Pizza')
moving-mountain-no-meatballs-ve,Moving Mountain No Meatballs (VE),Festive menu: Pizza/Calzone/Garlic Pizza,,186,,,,,,,,,,,,,,,vegetarian,true,false,,,Printed 'Moving Mountain No Meatballs (VE)' (Festive menu; section 'Pizza/Calzone/Garlic Pizza')
streaky-bacon-pieces,Streaky Bacon Pieces,Festive menu: Pizza/Calzone/Garlic Pizza,,147,,,,,,,,,,,,,,,contains_pork,true,false,,,Printed 'Streaky Bacon Pieces' (Festive menu; section 'Pizza/Calzone/Garlic Pizza')
vegan-bacon-pieces-ve,Vegan Bacon Pieces (VE),Festive menu: Pizza/Calzone/Garlic Pizza,,7,,,,,,,,,,,,,,,vegetarian,true,false,,,Printed 'Vegan Bacon Pieces (VE)' (Festive menu; section 'Pizza/Calzone/Garlic Pizza')
cajun-pulled-rotisserie-chicken,Cajun Pulled Rotisserie Chicken,Festive menu: Pizza/Calzone/Garlic Pizza,,105,,,,,,,,,,,,,,,,true,false,,,Printed 'Cajun Pulled Rotisserie Chicken' (Festive menu; section 'Pizza/Calzone/Garlic Pizza')
sliced-red-chilli-ve,Sliced Red Chilli (VE),Festive menu: Pizza/Calzone/Garlic Pizza,,4,,,,,,,,,,,,,,,vegetarian,true,false,,,Printed 'Sliced Red Chilli (VE)' (Festive menu; section 'Pizza/Calzone/Garlic Pizza')
chicken-italiano-style-calzone,Chicken Italiano Style Calzone,Festive menu: Pizza/Calzone/Garlic Pizza,,1307,,,,,,,,,,,,,,,contains_pork,true,false,,,Printed 'Chicken Italiano Style Calzone' (Festive menu; section 'Pizza/Calzone/Garlic Pizza')
sloppy-joe-calzone,Sloppy Joe Calzone,Festive menu: Pizza/Calzone/Garlic Pizza,,1185,,,,,,,,,,,,,,,contains_beef,true,false,,,Printed 'Sloppy Joe Calzone' (Festive menu; section 'Pizza/Calzone/Garlic Pizza')
vegan-meatless-feast-calzone,Vegan Meatless Feast Calzone,Festive menu: Pizza/Calzone/Garlic Pizza,,1030,,,,,,,,,,,,,,,vegetarian,true,false,,,Printed 'Vegan Meatless Feast Calzone' (Festive menu; section 'Pizza/Calzone/Garlic Pizza')
festive-pizza,Festive Pizza,Festive menu: Pizza/Calzone/Garlic Pizza,,1159,,,,,,,,,,,,,,,contains_pork,true,false,,,Printed 'Festive Pizza' (Festive menu; section 'Pizza/Calzone/Garlic Pizza')
vegan-festive-feast-pizza,Vegan Festive Feast Pizza,Festive menu: Pizza/Calzone/Garlic Pizza,,1026,,,,,,,,,,,,,,,vegetarian,true,false,,,Printed 'Vegan Festive Feast Pizza' (Festive menu; section 'Pizza/Calzone/Garlic Pizza')
pepperoni-pizza-fries,Pepperoni Pizza Fries,Night menu: Small Plates,,646,,,,,,,,,,,,,,,contains_pork,false,false,,,Printed 'Pepperoni Pizza Fries' (Night menu; section 'Small Plates')
birra-moretti-pint,Birra Moretti Pint,"Drinks: Draught Lager, Bitter & Ales",,210,,,,,,,,,,,,,,,vegetarian,false,false,,,"Printed 'Birra Moretti Pint' (Drinks; section 'Draught Lager, Bitter & Ales')"
birra-moretti-shandy-pint,Birra Moretti Shandy Pint,"Drinks: Draught Lager, Bitter & Ales",,156,,,,,,,,,,,,,,,vegetarian,false,false,,,"Printed 'Birra Moretti Shandy Pint' (Drinks; section 'Draught Lager, Bitter & Ales')"
birra-moretti-top-pint,Birra Moretti Top Pint,"Drinks: Draught Lager, Bitter & Ales",,183,,,,,,,,,,,,,,,vegetarian,false,false,,,"Printed 'Birra Moretti Top Pint' (Drinks; section 'Draught Lager, Bitter & Ales')"
tennents-pint,Tennents Pint,"Drinks: Draught Lager, Bitter & Ales",,170,,,,,,,,,,,,,,,vegetarian,false,false,,,"Printed 'Tennents Pint' (Drinks; section 'Draught Lager, Bitter & Ales')"
tennents-shandy-pint,Tennents Shandy Pint,"Drinks: Draught Lager, Bitter & Ales",,136,,,,,,,,,,,,,,,vegetarian,false,false,,,"Printed 'Tennents Shandy Pint' (Drinks; section 'Draught Lager, Bitter & Ales')"
tennents-top-pint,Tennents Top Pint,"Drinks: Draught Lager, Bitter & Ales",,153,,,,,,,,,,,,,,,vegetarian,false,false,,,"Printed 'Tennents Top Pint' (Drinks; section 'Draught Lager, Bitter & Ales')"
sharps-doom-bar-cask-pint,Sharp's Doom Bar Cask Pint,"Drinks: Draught Lager, Bitter & Ales",,182,,,,,,,,,,,,,,,,false,false,,,"Printed 'Sharp's Doom Bar Cask Pint' (Drinks; section 'Draught Lager, Bitter & Ales')"
sharps-doom-bar-shandy-pint,Sharp's Doom Bar Shandy Pint,"Drinks: Draught Lager, Bitter & Ales",,142,,,,,,,,,,,,,,,,false,false,,,"Printed 'Sharp's Doom Bar Shandy Pint' (Drinks; section 'Draught Lager, Bitter & Ales')"
sharps-doom-bar-cask-top-pint,Sharp's Doom Bar Cask Top Pint,"Drinks: Draught Lager, Bitter & Ales",,162,,,,,,,,,,,,,,,,false,false,,,"Printed 'Sharp's Doom Bar Cask Top Pint' (Drinks; section 'Draught Lager, Bitter & Ales')"
worthingtons-creamflow-pint,Worthington's Creamflow Pint,"Drinks: Draught Lager, Bitter & Ales",,199,,,,,,,,,,,,,,,,false,false,,,"Printed 'Worthington's Creamflow Pint' (Drinks; section 'Draught Lager, Bitter & Ales')"
worthingtons-creamflow-shandy-pint,Worthington's Creamflow Shandy Pint,"Drinks: Draught Lager, Bitter & Ales",,84,,,,,,,,,,,,,,,,false,false,,,"Printed 'Worthington's Creamflow Shandy Pint' (Drinks; section 'Draught Lager, Bitter & Ales')"
worthingtons-creamflow-top-pint,Worthington's Creamflow Top Pint,"Drinks: Draught Lager, Bitter & Ales",,98,,,,,,,,,,,,,,,,false,false,,,"Printed 'Worthington's Creamflow Top Pint' (Drinks; section 'Draught Lager, Bitter & Ales')"
heineken-zero-pint,Heineken Zero Pint,"Drinks: Draught Lager, Bitter & Ales",,119,,,,,,,,,,,,,,,vegetarian,false,false,,,"Printed 'Heineken Zero Pint' (Drinks; section 'Draught Lager, Bitter & Ales')"
guinness-pint,Guinness Pint,Drinks: Draught Stout,,199,,,,,,,,,,,,,,,vegetarian,false,false,,,Printed 'Guinness Pint' (Drinks; section 'Draught Stout')
rattler-original-cornish-cider-pint,Rattler Original Cornish Cider Pint,Drinks: Draught Cider,,301,,,,,,,,,,,,,,,vegetarian,false,false,,,Printed 'Rattler Original Cornish Cider Pint' (Drinks; section 'Draught Cider')
thatchers-gold-pint,Thatchers Gold Pint,Drinks: Draught Cider,,227,,,,,,,,,,,,,,,vegetarian,false,false,,,Printed 'Thatchers Gold Pint' (Drinks; section 'Draught Cider')
sharps-doom-bar-amber-ale-500ml-bottle,Sharp's Doom Bar Amber Ale 500ml Bottle,Drinks: Bottles: Beers,,190,,,,,,,,,,,,,,,vegetarian,false,false,,,Printed 'Sharp's Doom Bar Amber Ale 500ml Bottle' (Drinks; section 'Bottles: Beers')
doom-bar-zero-alcohol-ale-500ml-bottle,Doom Bar Zero Alcohol Ale 500ml Bottle,Drinks: Bottles: Beers,,65,,,,,,,,,,,,,,,,false,false,,,Printed 'Doom Bar Zero Alcohol Ale 500ml Bottle' (Drinks; section 'Bottles: Beers')
becks-blue-alcohol-free-lager-275ml-bottle,Becks Blue Alcohol Free Lager 275ml bottle,Drinks: Bottles: Beers,,38,,,,,,,,,,,,,,,,false,false,,,Printed 'Becks Blue Alcohol Free Lager 275ml bottle' (Drinks; section 'Bottles: Beers')
brewdog-punk-af-330ml-can,Brewdog Punk AF 330ml can,Drinks: Bottles: Beers,,50,,,,,,,,,,,,,,,vegetarian,false,false,,,Printed 'Brewdog Punk AF 330ml can' (Drinks; section 'Bottles: Beers')
magners-original-cider-568ml-bottle,Magners Original Cider 568ml bottle,Drinks: Bottles: Cider,,239,,,,,,,,,,,,,,,,false,false,,,Printed 'Magners Original Cider 568ml bottle' (Drinks; section 'Bottles: Cider')
rekorderlig-strawberry-and-lime-alcohol-free-cider-500ml-bottle,Rekorderlig Strawberry & Lime Alcohol Free Cider 500ml bottle,Drinks: Bottles: Cider,,200,,,,,,,,,,,,,,,vegetarian,false,false,,,Printed 'Rekorderlig Strawberry & Lime Alcohol Free Cider 500ml bottle' (Drinks; section 'Bottles: Cider')
thatchers-zero-cider-500ml-bottle,Thatchers Zero Cider 500ml bottle,Drinks: Bottles: Cider,,270,,,,,,,,,,,,,,,vegetarian,false,false,,,Printed 'Thatchers Zero Cider 500ml bottle' (Drinks; section 'Bottles: Cider')
rekorderlig-pink-lemon-cider-500ml-bottle,Rekorderlig Pink Lemon Cider 500ml bottle,Drinks: Bottles: Cider,,215,,,,,,,,,,,,,,,vegetarian,false,false,,,Printed 'Rekorderlig Pink Lemon Cider 500ml bottle' (Drinks; section 'Bottles: Cider')
rekorderlig-peach-and-raspberry-cider-500ml-bottle,Rekorderlig Peach & Raspberry Cider 500ml bottle,Drinks: Bottles: Cider,,220,,,,,,,,,,,,,,,vegetarian,false,false,,,Printed 'Rekorderlig Peach & Raspberry Cider 500ml bottle' (Drinks; section 'Bottles: Cider')
rekorderlig-blackberry-and-blackcurrant-cider-500ml-bottle,Rekorderlig Blackberry & Blackcurrant Cider 500ml bottle,Drinks: Bottles: Cider,,205,,,,,,,,,,,,,,,vegetarian,false,false,,,Printed 'Rekorderlig Blackberry & Blackcurrant Cider 500ml bottle' (Drinks; section 'Bottles: Cider')
thatchers-blood-orange-cider-500ml-bottle,Thatchers Blood Orange Cider 500ml bottle,Drinks: Bottles: Cider,,150,,,,,,,,,,,,,,,vegetarian,false,false,,,Printed 'Thatchers Blood Orange Cider 500ml bottle' (Drinks; section 'Bottles: Cider')
rekorderlig-pineapple-and-kiwi-cider-500ml-bottle,Rekorderlig Pineapple & Kiwi Cider 500ml bottle,Drinks: Bottles: Cider,,220,,,,,,,,,,,,,,,vegetarian,false,false,,,Printed 'Rekorderlig Pineapple & Kiwi Cider 500ml bottle' (Drinks; section 'Bottles: Cider')
captain-morgan-rum-and-pepsi-max-250ml-can,Captain Morgan Rum & Pepsi MAX 250ml Can,Drinks: Packaged RTD,,70,,,,,,,,,,,,,,,vegetarian,false,false,,,Printed 'Captain Morgan Rum & Pepsi MAX 250ml Can' (Drinks; section 'Packaged RTD')
cherry-hooch-440ml-can,Cherry Hooch 440ml Can,Drinks: Packaged RTD,,176,,,,,,,,,,,,,,,vegetarian,false,false,,,Printed 'Cherry Hooch 440ml Can' (Drinks; section 'Packaged RTD')
breezer-watermelon-275ml,Breezer Watermelon 275ml,Drinks: Packaged RTD,,534,,,,,,,,,,,,,,,vegetarian,false,false,,,Printed 'Breezer Watermelon 275ml' (Drinks; section 'Packaged RTD'); 534 kcal for a 275 ml bottle is high next to the other bottles on the menu
gordons-alcohol-free-gin-25ml,Gordons Alcohol Free Gin 25ml,Drinks: 0% cocktails & 0% Spirits,,4,,,,,,,,,,,,,,,,false,false,,,Printed 'Gordons Alcohol Free Gin 25ml' (Drinks; section '0% cocktails & 0% Spirits')
captain-morgan-gold-spiced-0-0-25ml,Captain Morgan Gold Spiced 0.0% 25ml,Drinks: 0% cocktails & 0% Spirits,,1,,,,,,,,,,,,,,,vegetarian,false,false,,,Printed 'Captain Morgan Gold Spiced 0.0% 25ml' (Drinks; section '0% cocktails & 0% Spirits')
coca-cola-glass-bottle-330ml,Coca-Cola Glass Bottle 330ml,Drinks: Soft Drinks: Packaged,,136,,,,,,,,,,,,,,,vegetarian,false,false,,,Printed 'Coca-Cola Glass Bottle 330ml' (Drinks; section 'Soft Drinks: Packaged')
diet-coke-glass-bottle-330ml,Diet Coke Glass Bottle 330ml,Drinks: Soft Drinks: Packaged,,2,,,,,,,,,,,,,,,vegetarian,false,false,,,Printed 'Diet Coke Glass Bottle 330ml' (Drinks; section 'Soft Drinks: Packaged')
fanta-orange-330ml-icon-bottle,Fanta Orange 330ml Icon bottle,Drinks: Soft Drinks: Packaged,,69,,,,,,,,,,,,,,,vegetarian,false,false,,,Printed 'Fanta Orange 330ml Icon bottle' (Drinks; section 'Soft Drinks: Packaged')
sprite-zero-icon-330ml-bottle,Sprite Zero Icon 330ml Bottle,Drinks: Soft Drinks: Packaged,,4,,,,,,,,,,,,,,,vegetarian,false,false,,,Printed 'Sprite Zero Icon 330ml Bottle' (Drinks; section 'Soft Drinks: Packaged')
coca-cola-zero-330ml-icon-bottle,Coca Cola Zero 330ml Icon bottle,Drinks: Soft Drinks: Packaged,,2,,,,,,,,,,,,,,,vegetarian,false,false,,,Printed 'Coca Cola Zero 330ml Icon bottle' (Drinks; section 'Soft Drinks: Packaged')
harrogate-spring-sparkling-water-330ml,HARROGATE Spring Sparkling Water 330ml,Drinks: Soft Drinks: Packaged,,3,,,,,,,,,,,,,,,vegetarian,false,false,,,Printed 'HARROGATE Spring Sparkling Water 330ml' (Drinks; section 'Soft Drinks: Packaged')
harrogate-still-water-330ml,Harrogate Still Water 330ml,Drinks: Soft Drinks: Packaged,,3,,,,,,,,,,,,,,,vegetarian,false,false,,,Printed 'Harrogate Still Water 330ml' (Drinks; section 'Soft Drinks: Packaged')
j20-apple-and-mango-275ml-bottle,J20 Apple & Mango 275ml bottle,Drinks: Soft Drinks: Packaged,,50,,,,,,,,,,,,,,,vegetarian,false,false,,,Printed 'J20 Apple & Mango 275ml bottle' (Drinks; section 'Soft Drinks: Packaged')
j20-orange-and-passionfruit-275ml-bottle,J20 Orange & Passionfruit 275ml bottle,Drinks: Soft Drinks: Packaged,,56,,,,,,,,,,,,,,,vegetarian,false,false,,,Printed 'J20 Orange & Passionfruit 275ml bottle' (Drinks; section 'Soft Drinks: Packaged')
j20-dragon-berry-275ml-bottle,J20 Dragon Berry 275ml bottle,Drinks: Soft Drinks: Packaged,,50,,,,,,,,,,,,,,,vegetarian,false,false,,,Printed 'J20 Dragon Berry 275ml bottle' (Drinks; section 'Soft Drinks: Packaged')
coca-cola-500ml-pet-bottle,Coca Cola 500ml PET bottle,Drinks: Soft Drinks: Packaged,,210,,,,,,,,,,,,,,,vegetarian,false,false,,,Printed 'Coca Cola 500ml PET bottle' (Drinks; section 'Soft Drinks: Packaged')
coca-cola-zero-sugar-500ml-pet,Coca Cola Zero Sugar 500ml PET,Drinks: Soft Drinks: Packaged,,2,,,,,,,,,,,,,,,vegetarian,false,false,,,Printed 'Coca Cola Zero Sugar 500ml PET' (Drinks; section 'Soft Drinks: Packaged')
diet-coke-500ml-pet-bottle,Diet Coke 500ml PET bottle,Drinks: Soft Drinks: Packaged,,2,,,,,,,,,,,,,,,vegetarian,false,false,,,Printed 'Diet Coke 500ml PET bottle' (Drinks; section 'Soft Drinks: Packaged')
dr-pepper-500ml-pet-bottle,Dr Pepper 500ml PET Bottle,Drinks: Soft Drinks: Packaged,,100,,,,,,,,,,,,,,,vegetarian,false,false,,,Printed 'Dr Pepper 500ml PET Bottle' (Drinks; section 'Soft Drinks: Packaged')
fanta-orange-500ml-pet-bottle,Fanta Orange 500ml PET Bottle,Drinks: Soft Drinks: Packaged,,95,,,,,,,,,,,,,,,vegetarian,false,false,,,Printed 'Fanta Orange 500ml PET Bottle' (Drinks; section 'Soft Drinks: Packaged')
sprite-500ml-pet-bottle,Sprite 500ml PET Bottle,Drinks: Soft Drinks: Packaged,,70,,,,,,,,,,,,,,,vegetarian,false,false,,,Printed 'Sprite 500ml PET Bottle' (Drinks; section 'Soft Drinks: Packaged')
coca-cola-200ml-icon-bottle,Coca Cola 200ml Icon Bottle,Drinks: Soft Drinks: Packaged,,84,,,,,,,,,,,,,,,vegetarian,false,false,,,Printed 'Coca Cola 200ml Icon Bottle' (Drinks; section 'Soft Drinks: Packaged')
diet-coke-200ml-icon-bottle,Diet Coke 200ml Icon bottle,Drinks: Soft Drinks: Packaged,,1,,,,,,,,,,,,,,,vegetarian,false,false,,,Printed 'Diet Coke 200ml Icon bottle' (Drinks; section 'Soft Drinks: Packaged')
schweppes-lemonade-mixer-bottle-200ml,Schweppes Lemonade Mixer Bottle 200ml,Drinks: Soft Drinks: Packaged,,36,,,,,,,,,,,,,,,vegetarian,false,false,,,Printed 'Schweppes Lemonade Mixer Bottle 200ml' (Drinks; section 'Soft Drinks: Packaged')
appletiser-275ml-bottle,Appletiser 275ml bottle,Drinks: Soft Drinks: Packaged,,129,,,,,,,,,,,,,,,vegetarian,false,false,,,Printed 'Appletiser 275ml bottle' (Drinks; section 'Soft Drinks: Packaged')
irn-bru-330ml-can,Irn Bru 330ml Can,Drinks: Soft Drinks: Packaged,,66,,,,,,,,,,,,,,,vegetarian,false,false,,,Printed 'Irn Bru 330ml Can' (Drinks; section 'Soft Drinks: Packaged')
irn-bru-extra-330ml-can,Irn Bru Extra 330ml Can,Drinks: Soft Drinks: Packaged,,3,,,,,,,,,,,,,,,vegetarian,false,false,,,Printed 'Irn Bru Extra 330ml Can' (Drinks; section 'Soft Drinks: Packaged')
sprite-zero-500ml-pet-bottle,Sprite Zero 500ml PET Bottle,Drinks: Soft Drinks: Packaged,,5,,,,,,,,,,,,,,,vegetarian,false,false,,,Printed 'Sprite Zero 500ml PET Bottle' (Drinks; section 'Soft Drinks: Packaged')
red-bull-sugar-free-250ml-can,Red Bull Sugar Free 250ml Can,Drinks: Soft Drinks: Packaged,,8,,,,,,,,,,,,,,,,false,false,,,Printed 'Red Bull Sugar Free 250ml Can' (Drinks; section 'Soft Drinks: Packaged')
red-bull-250ml-can,Red Bull 250ml Can,Drinks: Soft Drinks: Packaged,,115,,,,,,,,,,,,,,,,false,false,,,Printed 'Red Bull 250ml Can' (Drinks; section 'Soft Drinks: Packaged')
kick-energy-250ml-can,Kick Energy 250ml Can,Drinks: Soft Drinks: Packaged,,58,,,,,,,,,,,,,,,,false,false,,,Printed 'Kick Energy 250ml Can' (Drinks; section 'Soft Drinks: Packaged')
juiced-monster-mango-loco-500ml-can,Juiced Monster Mango Loco 500ml can,Drinks: Soft Drinks: Packaged,,240,,,,,,,,,,,,,,,vegetarian,false,false,,,Printed 'Juiced Monster Mango Loco 500ml can' (Drinks; section 'Soft Drinks: Packaged')
monster-original-500ml-can,Monster Original 500ml can,Drinks: Soft Drinks: Packaged,,235,,,,,,,,,,,,,,,vegetarian,false,false,,,Printed 'Monster Original 500ml can' (Drinks; section 'Soft Drinks: Packaged')
monster-ultra-500ml-can,Monster Ultra 500ml can,Drinks: Soft Drinks: Packaged,,10,,,,,,,,,,,,,,,vegetarian,false,false,,,Printed 'Monster Ultra 500ml can' (Drinks; section 'Soft Drinks: Packaged')
oasis-exotic-fruits-zero-330ml-can,Oasis Exotic Fruits Zero 330ml Can,Drinks: Soft Drinks: Packaged,,7,,,,,,,,,,,,,,,vegetarian,false,false,,,Printed 'Oasis Exotic Fruits Zero 330ml Can' (Drinks; section 'Soft Drinks: Packaged')
oasis-summer-fruits-330ml-can,Oasis Summer Fruits 330ml Can,Drinks: Soft Drinks: Packaged,,11,,,,,,,,,,,,,,,vegetarian,false,false,,,Printed 'Oasis Summer Fruits 330ml Can' (Drinks; section 'Soft Drinks: Packaged')
lipton-peach-iced-tea-330ml-can,Lipton Peach Iced Tea 330ml Can,Drinks: Soft Drinks: Packaged,,46,,,,,,,,,,,,,,,vegetarian,false,false,,,Printed 'Lipton Peach Iced Tea 330ml Can' (Drinks; section 'Soft Drinks: Packaged')
ben-shaw-bitter-shandy-330ml-can,Ben Shaw Bitter Shandy 330ml can,Drinks: Soft Drinks: Packaged,,66,,,,,,,,,,,,,,,vegetarian,false,false,,,Printed 'Ben Shaw Bitter Shandy 330ml can' (Drinks; section 'Soft Drinks: Packaged')
ben-shaw-cloudy-lemonade-330ml-can,Ben Shaw Cloudy Lemonade 330ml can,Drinks: Soft Drinks: Packaged,,69,,,,,,,,,,,,,,,vegetarian,false,false,,,Printed 'Ben Shaw Cloudy Lemonade 330ml can' (Drinks; section 'Soft Drinks: Packaged')
ben-shaw-dandelion-and-burdock-330ml-can,Ben Shaw Dandelion & Burdock 330ml can,Drinks: Soft Drinks: Packaged,,56,,,,,,,,,,,,,,,vegetarian,false,false,,,Printed 'Ben Shaw Dandelion & Burdock 330ml can' (Drinks; section 'Soft Drinks: Packaged')
barr-cream-soda-330ml-can,Barr Cream Soda 330ml can,Drinks: Soft Drinks: Packaged,,3,,,,,,,,,,,,,,,vegetarian,false,false,,,Printed 'Barr Cream Soda 330ml can' (Drinks; section 'Soft Drinks: Packaged')
frobishers-cranberry-juice-250ml-bottle,Frobishers Cranberry Juice 250ml Bottle,Drinks: Soft Drinks: Mixers & juices,,103,,,,,,,,,,,,,,,vegetarian,false,false,,,Printed 'Frobishers Cranberry Juice 250ml Bottle' (Drinks; section 'Soft Drinks: Mixers & juices')
schweppes-orange-juice-200ml,Schweppes Orange Juice 200ml,Drinks: Soft Drinks: Mixers & juices,,94,,,,,,,,,,,,,,,vegetarian,false,false,,,Printed 'Schweppes Orange Juice 200ml' (Drinks; section 'Soft Drinks: Mixers & juices')
schweppes-pineapple-juice-200ml,Schweppes Pineapple Juice 200ml,Drinks: Soft Drinks: Mixers & juices,,108,,,,,,,,,,,,,,,vegetarian,false,false,,,Printed 'Schweppes Pineapple Juice 200ml' (Drinks; section 'Soft Drinks: Mixers & juices')
schweppes-tomato-juice-200ml,Schweppes Tomato Juice 200ml,Drinks: Soft Drinks: Mixers & juices,,28,,,,,,,,,,,,,,,vegetarian,false,false,,,Printed 'Schweppes Tomato Juice 200ml' (Drinks; section 'Soft Drinks: Mixers & juices')
schweppes-slim-tonic-water-200ml,Schweppes Slim Tonic Water 200ml,Drinks: Soft Drinks: Mixers & juices,,4,,,,,,,,,,,,,,,vegetarian,false,false,,,Printed 'Schweppes Slim Tonic Water 200ml' (Drinks; section 'Soft Drinks: Mixers & juices')
schweppes-tonic-water-200ml,Schweppes Tonic Water 200ml,Drinks: Soft Drinks: Mixers & juices,,42,,,,,,,,,,,,,,,vegetarian,false,false,,,Printed 'Schweppes Tonic Water 200ml' (Drinks; section 'Soft Drinks: Mixers & juices')
schweppes-ginger-beer-200ml,Schweppes Ginger Beer 200ml,Drinks: Soft Drinks: Mixers & juices,,44,,,,,,,,,,,,,,,vegetarian,false,false,,,Printed 'Schweppes Ginger Beer 200ml' (Drinks; section 'Soft Drinks: Mixers & juices')
canada-dry-ginger-ale-200ml,Canada Dry Ginger Ale 200ml,Drinks: Soft Drinks: Mixers & juices,,40,,,,,,,,,,,,,,,vegetarian,false,false,,,Printed 'Canada Dry Ginger Ale 200ml' (Drinks; section 'Soft Drinks: Mixers & juices')
fever-tree-elderflower-tonic-water-200ml-bottle,Fever Tree Elderflower Tonic Water 200ml Bottle,Drinks: Soft Drinks: Mixers & juices,,68,,,,,,,,,,,,,,,,false,false,,,Printed 'Fever Tree Elderflower Tonic Water 200ml Bottle' (Drinks; section 'Soft Drinks: Mixers & juices')
fever-tree-ginger-beer-200ml-bottle,Fever Tree Ginger Beer 200ml Bottle,Drinks: Soft Drinks: Mixers & juices,,74,,,,,,,,,,,,,,,,false,false,,,Printed 'Fever Tree Ginger Beer 200ml Bottle' (Drinks; section 'Soft Drinks: Mixers & juices')
fever-tree-lemon-tonic-water-200ml-bottle,Fever Tree Lemon Tonic Water 200ml Bottle,Drinks: Soft Drinks: Mixers & juices,,36,,,,,,,,,,,,,,,vegetarian,false,false,,,Printed 'Fever Tree Lemon Tonic Water 200ml Bottle' (Drinks; section 'Soft Drinks: Mixers & juices')
fever-tree-tonic-water-200ml-bottle,Fever Tree Tonic Water 200ml Bottle,Drinks: Soft Drinks: Mixers & juices,,56,,,,,,,,,,,,,,,,false,false,,,Printed 'Fever Tree Tonic Water 200ml Bottle' (Drinks; section 'Soft Drinks: Mixers & juices')
fever-tree-light-tonic-water-200ml-bottle,Fever Tree Light Tonic Water 200ml Bottle,Drinks: Soft Drinks: Mixers & juices,,30,,,,,,,,,,,,,,,,false,false,,,Printed 'Fever Tree Light Tonic Water 200ml Bottle' (Drinks; section 'Soft Drinks: Mixers & juices')
fever-tree-mediterranean-tonic-water-200ml-bottle,Fever Tree Mediterranean Tonic Water 200ml Bottle,Drinks: Soft Drinks: Mixers & juices,,72,,,,,,,,,,,,,,,,false,false,,,Printed 'Fever Tree Mediterranean Tonic Water 200ml Bottle' (Drinks; section 'Soft Drinks: Mixers & juices')
schweppes-watermelon-soda-water-200ml,Schweppes Watermelon Soda Water 200ml,Drinks: Soft Drinks: Mixers & juices,,32,,,,,,,,,,,,,,,vegetarian,false,false,,,Printed 'Schweppes Watermelon Soda Water 200ml' (Drinks; section 'Soft Drinks: Mixers & juices')
london-essence-pineapple-soda-200ml,London Essence Pineapple Soda 200ml,Drinks: Soft Drinks: Mixers & juices,,40,,,,,,,,,,,,,,,vegetarian,false,false,,,Printed 'London Essence Pineapple Soda 200ml' (Drinks; section 'Soft Drinks: Mixers & juices')
london-essence-pink-grapefruit-soda-200ml,London Essence Pink Grapefruit Soda 200ml,Drinks: Soft Drinks: Mixers & juices,,40,,,,,,,,,,,,,,,vegetarian,false,false,,,Printed 'London Essence Pink Grapefruit Soda 200ml' (Drinks; section 'Soft Drinks: Mixers & juices')
big-tom-tomato-juice-250ml,Big Tom Tomato juice 250ml,Drinks: Soft Drinks: Mixers & juices,,45,,,,,,,,,,,,,,,vegetarian,false,false,,,Printed 'Big Tom Tomato juice 250ml' (Drinks; section 'Soft Drinks: Mixers & juices')
schweppes-tropical-soda-water-200ml,Schweppes Tropical Soda Water 200ml,Drinks: Soft Drinks: Mixers & juices,,40,,,,,,,,,,,,,,,vegetarian,false,false,,,Printed 'Schweppes Tropical Soda Water 200ml' (Drinks; section 'Soft Drinks: Mixers & juices')
innocent-apples-and-mangoes-juicy-water-200ml,Innocent Apples & Mangoes Juicy Water 200ml,Drinks: Kids,,56,,,,,,,,,,,,,,,vegetarian,false,false,,,Printed 'Innocent Apples & Mangoes Juicy Water 200ml' (Drinks; section 'Kids')
innocent-apples-and-strawberries-juicy-water-200ml,Innocent Apples & Strawberries Juicy Water 200ml,Drinks: Kids,,64,,,,,,,,,,,,,,,vegetarian,false,false,,,Printed 'Innocent Apples & Strawberries Juicy Water 200ml' (Drinks; section 'Kids')
radnor-apple-juice-125ml-carton-kids,Radnor Apple Juice 125ml carton (kids),Drinks: Kids,,48,,,,,,,,,,,,,,,vegetarian,false,false,,,Printed 'Radnor Apple Juice 125ml carton (kids)' (Drinks; section 'Kids')
radnor-orange-juice-125ml-carton-kids,Radnor Orange Juice 125ml carton (kids),Drinks: Kids,,45,,,,,,,,,,,,,,,vegetarian,false,false,,,Printed 'Radnor Orange Juice 125ml carton (kids)' (Drinks; section 'Kids')
happy-monkey-chocolate-milkshake-200ml-carton-kids,Happy Monkey Chocolate Milkshake 200ml carton (kids),Drinks: Kids,,116,,,,,,,,,,,,,,,vegetarian,false,false,,,Printed 'Happy Monkey Chocolate Milkshake 200ml carton (kids)' (Drinks; section 'Kids')
happy-monkey-strawberry-flavour-milkshake-200ml-carton-kids,Happy Monkey Strawberry Flavour Milkshake 200ml carton (kids),Drinks: Kids,,100,,,,,,,,,,,,,,,vegetarian,false,false,,,Printed 'Happy Monkey Strawberry Flavour Milkshake 200ml carton (kids)' (Drinks; section 'Kids')
fruit-shoot-blackcurrant-and-apple-275ml-bottle,Fruit Shoot Blackcurrant & Apple 275ml Bottle,Drinks: Kids,,14,,,,,,,,,,,,,,,vegetarian,false,false,,,Printed 'Fruit Shoot Blackcurrant & Apple 275ml Bottle' (Drinks; section 'Kids')
fruit-shoot-orange-275ml-bottle,Fruit Shoot Orange 275ml bottle,Drinks: Kids,,14,,,,,,,,,,,,,,,vegetarian,false,false,,,Printed 'Fruit Shoot Orange 275ml bottle' (Drinks; section 'Kids')
gordons-premium-pink-gin-25ml,Gordons Premium Pink Gin 25ml,Drinks: Spirits: Gin,,64,,,,,,,,,,,,,,,vegetarian,false,false,,,Printed 'Gordons Premium Pink Gin 25ml' (Drinks; section 'Spirits: Gin')
gordons-lemon-meringue-gin-25ml,Gordons Lemon Meringue Gin 25ml,Drinks: Spirits: Gin,,60,,,,,,,,,,,,,,,vegetarian,false,false,,,Printed 'Gordons Lemon Meringue Gin 25ml' (Drinks; section 'Spirits: Gin')
tarquin-blood-orange-gin-25ml,Tarquin Blood Orange Gin 25ml,Drinks: Spirits: Gin,,6,,,,,,,,,,,,,,,vegetarian,false,false,,,Printed 'Tarquin Blood Orange Gin 25ml' (Drinks; section 'Spirits: Gin')
baileys-irish-cream-liqueur-50ml,Baileys Irish Cream Liqueur 50ml,"Drinks: Spirits: Liqueurs, Brandy & Schnapps",,160,,,,,,,,,,,,,,,,false,false,,,"Printed 'Baileys Irish Cream Liqueur 50ml' (Drinks; section 'Spirits: Liqueurs, Brandy & Schnapps')"
chambord-raspberry-liqueur-25ml,Chambord Raspberry Liqueur 25ml,"Drinks: Spirits: Liqueurs, Brandy & Schnapps",,97,,,,,,,,,,,,,,,vegetarian,false,false,,,"Printed 'Chambord Raspberry Liqueur 25ml' (Drinks; section 'Spirits: Liqueurs, Brandy & Schnapps')"
cointreau-25ml,Cointreau 25ml,"Drinks: Spirits: Liqueurs, Brandy & Schnapps",,76,,,,,,,,,,,,,,,,false,false,,,"Printed 'Cointreau 25ml' (Drinks; section 'Spirits: Liqueurs, Brandy & Schnapps')"
amaretto-disaronno-25ml,Amaretto Disaronno 25ml,"Drinks: Spirits: Liqueurs, Brandy & Schnapps",,92,,,,,,,,,,,,,,,,false,false,,,"Printed 'Amaretto Disaronno 25ml' (Drinks; section 'Spirits: Liqueurs, Brandy & Schnapps')"
pernod-25ml,Pernod 25ml,"Drinks: Spirits: Liqueurs, Brandy & Schnapps",,55,,,,,,,,,,,,,,,vegetarian,false,false,,,"Printed 'Pernod 25ml' (Drinks; section 'Spirits: Liqueurs, Brandy & Schnapps')"
midori-melon-liqueur-25ml,Midori Melon Liqueur 25ml,"Drinks: Spirits: Liqueurs, Brandy & Schnapps",,47,,,,,,,,,,,,,,,vegetarian,false,false,,,"Printed 'Midori Melon Liqueur 25ml' (Drinks; section 'Spirits: Liqueurs, Brandy & Schnapps')"
tia-maria-25ml,Tia Maria 25ml,"Drinks: Spirits: Liqueurs, Brandy & Schnapps",,58,,,,,,,,,,,,,,,,false,false,,,"Printed 'Tia Maria 25ml' (Drinks; section 'Spirits: Liqueurs, Brandy & Schnapps')"
courvoisier-vsop-25ml,Courvoisier VSOP 25ml,"Drinks: Spirits: Liqueurs, Brandy & Schnapps",,60,,,,,,,,,,,,,,,vegetarian,false,false,,,"Printed 'Courvoisier VSOP 25ml' (Drinks; section 'Spirits: Liqueurs, Brandy & Schnapps')"
bols-creme-de-menthe-25ml,BOLS Creme De Menthe 25ml,"Drinks: Spirits: Liqueurs, Brandy & Schnapps",,69,,,,,,,,,,,,,,,vegetarian,false,false,,,"Printed 'BOLS Creme De Menthe 25ml' (Drinks; section 'Spirits: Liqueurs, Brandy & Schnapps')"
bacardi-raspberry-rum-25ml,Bacardi Raspberry Rum 25ml,Drinks: Spirits: Rum,,64,,,,,,,,,,,,,,,vegetarian,false,false,,,Printed 'Bacardi Raspberry Rum 25ml' (Drinks; section 'Spirits: Rum')
captain-morgan-dark-rum-25ml,Captain Morgan Dark Rum 25ml,Drinks: Spirits: Rum,,56,,,,,,,,,,,,,,,vegetarian,false,false,,,Printed 'Captain Morgan Dark Rum 25ml' (Drinks; section 'Spirits: Rum')
twin-fin-spiced-golden-rum-25ml,Twin Fin Spiced Golden Rum 25ml,Drinks: Spirits: Rum,,1,,,,,,,,,,,,,,,vegetarian,false,false,,,Printed 'Twin Fin Spiced Golden Rum 25ml' (Drinks; section 'Spirits: Rum')
absolut-vodka-25ml,Absolut Vodka 25ml,Drinks: Spirits: Vodka,,58,,,,,,,,,,,,,,,vegetarian,false,false,,,Printed 'Absolut Vodka 25ml' (Drinks; section 'Spirits: Vodka')
smirnoff-vanilla-vodka-25ml,Smirnoff Vanilla Vodka 25ml,Drinks: Spirits: Vodka,,56,,,,,,,,,,,,,,,vegetarian,false,false,,,Printed 'Smirnoff Vanilla Vodka 25ml' (Drinks; section 'Spirits: Vodka')
smirnoff-mango-passion-fruit-twist-25ml,Smirnoff Mango Passion Fruit Twist 25ml,Drinks: Spirits: Vodka,,128,,,,,,,,,,,,,,,,false,false,,,Printed 'Smirnoff Mango Passion Fruit Twist 25ml' (Drinks; section 'Spirits: Vodka')
smirnoff-raspberry-crush-25ml,Smirnoff Raspberry Crush 25ml,Drinks: Spirits: Vodka,,59,,,,,,,,,,,,,,,,false,false,,,Printed 'Smirnoff Raspberry Crush 25ml' (Drinks; section 'Spirits: Vodka')
smirnoff-miami-peach-25ml,Smirnoff Miami Peach 25ml,Drinks: Spirits: Vodka,,57,,,,,,,,,,,,,,,vegetarian,false,false,,,Printed 'Smirnoff Miami Peach 25ml' (Drinks; section 'Spirits: Vodka')
corkys-apple-sour-25ml,Corky's Apple Sour 25ml,"Drinks: Shots, Shooters & Bombs",,40,,,,,,,,,,,,,,,vegetarian,false,false,,,"Printed 'Corky's Apple Sour 25ml' (Drinks; section 'Shots, Shooters & Bombs')"
corkys-blueberry-glitter-25ml,Corky's Blueberry Glitter 25ml,"Drinks: Shots, Shooters & Bombs",,39,,,,,,,,,,,,,,,vegetarian,false,false,,,"Printed 'Corky's Blueberry Glitter 25ml' (Drinks; section 'Shots, Shooters & Bombs')"
corkys-cherry-sour-25ml,Corky's Cherry Sour 25ml,"Drinks: Shots, Shooters & Bombs",,39,,,,,,,,,,,,,,,vegetarian,false,false,,,"Printed 'Corky's Cherry Sour 25ml' (Drinks; section 'Shots, Shooters & Bombs')"
corkys-mango-glitter-25ml,Corky's Mango Glitter 25ml,"Drinks: Shots, Shooters & Bombs",,40,,,,,,,,,,,,,,,vegetarian,false,false,,,"Printed 'Corky's Mango Glitter 25ml' (Drinks; section 'Shots, Shooters & Bombs')"
corkys-raspberry-glitter-25ml,Corky's Raspberry Glitter 25ml,"Drinks: Shots, Shooters & Bombs",,40,,,,,,,,,,,,,,,vegetarian,false,false,,,"Printed 'Corky's Raspberry Glitter 25ml' (Drinks; section 'Shots, Shooters & Bombs')"
dead-mans-fingers-strawberry-cream-25ml,Dead Mans Fingers Strawberry Cream 25ml,"Drinks: Shots, Shooters & Bombs",,49,,,,,,,,,,,,,,,,false,false,,,"Printed 'Dead Mans Fingers Strawberry Cream 25ml' (Drinks; section 'Shots, Shooters & Bombs')"
jose-cuervo-silver-tequila-25ml,Jose Cuervo Silver Tequila 25ml,"Drinks: Shots, Shooters & Bombs",,49,,,,,,,,,,,,,,,vegetarian,false,false,,,"Printed 'Jose Cuervo Silver Tequila 25ml' (Drinks; section 'Shots, Shooters & Bombs')"
bells-whisky-25ml,Bells Whisky 25ml,Drinks: Spirits: Whisky,,55,,,,,,,,,,,,,,,vegetarian,false,false,,,Printed 'Bells Whisky 25ml' (Drinks; section 'Spirits: Whisky')
harveys-club-amontillado-sherry-50ml,Harveys Club Amontillado Sherry 50ml,Drinks: Wines: Fortified Wines,,58,,,,,,,,,,,,,,,vegetarian,false,false,,,Printed 'Harveys Club Amontillado Sherry 50ml' (Drinks; section 'Wines: Fortified Wines')
bruschetta,Bruschetta,Christmas Day: Starters,,395,,,,,,,,,,,,,,,vegetarian,true,false,,,Printed 'Bruschetta' (Christmas Day; section 'Starters')
ardennes-p-t-christmas-day,Ardennes Pâté (Christmas Day),Christmas Day: Starters,,695,,,,,,,,,,,,,,,,true,false,,,Printed 'Ardennes Pâté' (Christmas Day; section 'Starters')
garlic-bread-christmas-day,Garlic bread (Christmas Day),Christmas Day: Starters,,576,,,,,,,,,,,,,,,vegetarian,true,false,,,Printed 'Garlic bread' (Christmas Day; section 'Starters')
prawn-cocktail-christmas-day,Prawn Cocktail (Christmas Day),Christmas Day: Starters,,494,,,,,,,,,,,,,,,,true,false,,,Printed 'Prawn Cocktail' (Christmas Day; section 'Starters')
tomato-soup,Tomato Soup,Christmas Day: Starters,,342,,,,,,,,,,,,,,,vegetarian,true,false,,,Printed 'Tomato Soup' (Christmas Day; section 'Starters')
roast-breast-of-turkey-mains,Roast breast of turkey (Mains),Christmas Day: Mains,,1044,,,,,,,,,,,,,,,contains_pork,true,false,,,Printed 'Roast breast of turkey' (Christmas Day; section 'Mains')
roast-beef,Roast Beef,Christmas Day: Mains,,982,,,,,,,,,,,,,,,contains_pork|contains_beef,true,false,,,Printed 'Roast Beef' (Christmas Day; section 'Mains')
pork-belly,Pork Belly,Christmas Day: Mains,,1778,,,,,,,,,,,,,,,contains_pork,true,false,,,Printed 'Pork Belly' (Christmas Day; section 'Mains')
butternut-squash-chestnut-kale-and-apricot-roast,"Butternut Squash, Chestnut, Kale & Apricot Roast",Christmas Day: Mains,,843,,,,,,,,,,,,,,,vegetarian,true,false,,,"Printed 'Butternut Squash, Chestnut, Kale & Apricot Roast' (Christmas Day, Christmas Day NGCI; section 'Mains')"
lemon-berry-delice-ve-ngci,Lemon Berry Delice (VE) (NGCI),Christmas Day: Dessert,,504,,,,,,,,,,,,,,,vegetarian,true,false,,,"Printed 'Lemon Berry Delice (VE) (NGCI)' (Christmas Day, Christmas Day NGCI; section 'Dessert')"
panettone-bread-and-butter-pudding,Panettone Bread & Butter Pudding,Christmas Day: Dessert,,720,,,,,,,,,,,,,,,vegetarian,true,false,,,Printed 'Panettone Bread & Butter Pudding' (Christmas Day; section 'Dessert')
panettone-bread-and-butter-pudding-with-custard,Panettone Bread & Butter Pudding With Custard,Christmas Day: Dessert,,511,,,,,,,,,,,,,,,vegetarian,true,false,,,Printed 'Panettone Bread & Butter Pudding With Custard' (Christmas Day; section 'Dessert')
sticky-toffee-christmas-pudding-with-custard,Sticky Toffee Christmas Pudding with custard,Christmas Day: Dessert,,570,,,,,,,,,,,,,,,vegetarian,true,false,,,Printed 'Sticky Toffee Christmas Pudding' (Christmas Day; section 'Dessert'); name written from the printed description
sticky-toffee-christmas-pudding-with-vanilla-ice-cream,Sticky Toffee Christmas Pudding with vanilla ice cream,Christmas Day: Dessert,,500,,,,,,,,,,,,,,,vegetarian,true,false,,,Printed 'Sticky Toffee Christmas pudding' (Christmas Day; section 'Dessert'); name written from the printed description
trio-chocolate-cheesecake,Trio Chocolate Cheesecake,Christmas Day: Dessert,,717,,,,,,,,,,,,,,,,true,false,,,Printed 'Trio Chocolate Cheesecake' (Christmas Day; section 'Dessert')
kids-ardennes-p-t-christmas-day,Kids Ardennes Pâté (Christmas Day),Christmas Day: Kids Starters,,385,,,,,,,,,,,,,,,,true,false,,,Printed 'Kids Ardennes Pâté' (Christmas Day; section 'Kids Starters')
kids-prawn-cocktail,Kids Prawn Cocktail,Christmas Day: Kids Starters,,247,,,,,,,,,,,,,,,,true,false,,,Printed 'Kids Prawn Cocktail' (Christmas Day; section 'Kids Starters')
kids-garlic-bread-v,Kids Garlic Bread (V),Christmas Day: Kids Starters,,222,,,,,,,,,,,,,,,vegetarian,true,false,,,Printed 'Kids Garlic Bread (V)' (Christmas Day; section 'Kids Starters')
kids-tomato-soup,Kids Tomato Soup,Christmas Day: Kids Starters,,174,,,,,,,,,,,,,,,vegetarian,true,false,,,Printed 'Kids Tomato Soup' (Christmas Day; section 'Kids Starters')
roast-breast-of-turkey-kids-mains,Roast breast of turkey (Kids Mains),Christmas Day: Kids Mains,,684,,,,,,,,,,,,,,,contains_pork,true,false,,,Printed 'Roast breast of turkey' (Christmas Day; section 'Kids Mains')
roast-breast-of-beef,Roast breast of beef,Christmas Day: Kids Mains,,684,,,,,,,,,,,,,,,contains_pork|contains_beef,true,false,,,Printed 'Roast breast of beef' (Christmas Day; section 'Kids Mains')
kids-butternut-squash-chestnut-kale-and-apricot-roast,"Kids Butternut Squash, Chestnut, Kale & Apricot Roast",Christmas Day: Kids Mains,,795,,,,,,,,,,,,,,,vegetarian,true,false,,,"Printed 'Kids Butternut Squash, Chestnut, Kale & Apricot Roast' (Christmas Day, Christmas Day NGCI; section 'Kids Mains')"
kids-mini-beignets-v,Kids Mini Beignets (V),Christmas Day: Kids Desserts,,422,,,,,,,,,,,,,,,vegetarian,true,false,,,Printed 'Kids Mini Beignets (V)' (Christmas Day; section 'Kids Desserts')
kids-jam-roly-poly,Kids Jam Roly Poly,Christmas Day: Kids Desserts,,494,,,,,,,,,,,,,,,vegetarian,true,false,,,Printed 'Kids Jam Roly Poly' (Christmas Day; section 'Kids Desserts')
chunky-chocolate-strawberry-vanilla-and-wafer,"Chunky Chocolate, Strawberry, Vanilla & Wafer",Christmas Day: Kids Desserts,,248,,,,,,,,,,,,,,,vegetarian,true,false,,,"Printed 'Chunky Chocolate, Strawberry, Vanilla & Wafer' (Christmas Day; section 'Kids Desserts')"
ardennes-p-t-christmas-day-ngci,Ardennes Pâté (Christmas Day NGCI),Christmas Day NGCI: Starters,,734,,,,,,,,,,,,,,,,true,false,,,Printed 'Ardennes Pâté' (Christmas Day NGCI; section 'Starters')
prawn-cocktail-christmas-day-ngci,Prawn Cocktail (Christmas Day NGCI),Christmas Day NGCI: Starters,,555,,,,,,,,,,,,,,,,true,false,,,Printed 'Prawn Cocktail' (Christmas Day NGCI; section 'Starters')
tomato-soup-ve-ngci,Tomato Soup (VE) (NGCI),Christmas Day NGCI: Starters,,358,,,,,,,,,,,,,,,vegetarian,true,false,,,Printed 'Tomato Soup (VE) (NGCI)' (Christmas Day NGCI; section 'Starters')
roast-breast-of-turkey-ngci-mains,Roast breast of turkey (NGCI) (Mains),Christmas Day NGCI: Mains,,915,,,,,,,,,,,,,,,,true,false,,,Printed 'Roast breast of turkey (NGCI)' (Christmas Day NGCI; section 'Mains')
pork-belly-ngci,Pork Belly (NGCI),Christmas Day NGCI: Mains,,1649,,,,,,,,,,,,,,,contains_pork,true,false,,,Printed 'Pork Belly (NGCI)' (Christmas Day NGCI; section 'Mains')
sticky-toffee-pudding-v-ngci-with-custard,Sticky Toffee pudding (V) (NGCI) with custard,Christmas Day NGCI: Dessert,,701,,,,,,,,,,,,,,,vegetarian,true,false,,,Printed 'Sticky Toffee pudding (V) (NGCI)' (Christmas Day NGCI; section 'Dessert'); name written from the printed description
sticky-toffee-pudding-v-ngci-with-vanilla-ice-cream,Sticky Toffee pudding (V) (NGCI) with vanilla ice cream,Christmas Day NGCI: Dessert,,631,,,,,,,,,,,,,,,vegetarian,true,false,,,Printed 'Sticky Toffee pudding (V) (NGCI)' (Christmas Day NGCI; section 'Dessert'); name written from the printed description
kids-ardennes-p-t-christmas-day-ngci,Kids Ardennes Pâté (Christmas Day NGCI),Christmas Day NGCI: Kids Starters,,374,,,,,,,,,,,,,,,,true,false,,,Printed 'Kids Ardennes Pâté' (Christmas Day NGCI; section 'Kids Starters')
kids-prawn-cocktail-ngci,Kids Prawn Cocktail (NGCI),Christmas Day NGCI: Kids Starters,,278,,,,,,,,,,,,,,,,true,false,,,Printed 'Kids Prawn Cocktail (NGCI)' (Christmas Day NGCI; section 'Kids Starters')
kids-tomato-soup-ve-ngci,Kids Tomato Soup (VE) (NGCI),Christmas Day NGCI: Kids Starters,,182,,,,,,,,,,,,,,,vegetarian,true,false,,,Printed 'Kids Tomato Soup (VE) (NGCI)' (Christmas Day NGCI; section 'Kids Starters')
roast-breast-of-turkey-ngci-kids-mains,Roast breast of turkey (NGCI) (Kids Mains),Christmas Day NGCI: Kids Mains,,454,,,,,,,,,,,,,,,,true,false,,,Printed 'Roast breast of turkey (NGCI)' (Christmas Day NGCI; section 'Kids Mains')
kids-sticky-toffee-pudding-v-ngci,Kids Sticky Toffee pudding (V) (NGCI),Christmas Day NGCI: Kids Desserts,,387,,,,,,,,,,,,,,,vegetarian,true,false,,,Printed 'Kids Sticky Toffee pudding (V) (NGCI)' (Christmas Day NGCI; section 'Kids Desserts')
sticky-toffee-pudding-v-ngci-with-vanilla-pod-ice-cream,Sticky Toffee pudding (V) (NGCI) with vanilla pod ice cream,Christmas Day NGCI: Kids Desserts,,365,,,,,,,,,,,,,,,vegetarian,true,false,,,Printed 'Sticky Toffee pudding (V) (NGCI)' (Christmas Day NGCI; section 'Kids Desserts'); name written from the printed description
toffee-apple-crumble-cheesecake-with-vanilla-ice-cream,Toffee Apple Crumble Cheesecake with vanilla ice cream,Halloween: Food,,588,,,,,,,,,,,,,,,vegetarian,true,false,,,Printed 'Toffee Apple Crumble Cheesecake with vanilla ice cream' (Halloween; section 'Food')
