id,name,category,serving,calories,protein_g,carbs_g,fat_g,sat_fat_g,sodium_mg,salt_g,sugar_g,fiber_g,energy_kj,weight_g,mono_fat_g,poly_fat_g,trans_fat_g,caffeine_mg,tags,limited_time,rankable,components,added_on,notes
sweet-popcorn-totally-tots,Sweet Popcorn (Totally Tots),Popcorn,Totally Tots,250,,,,,,,,,,,,,,,,false,false,,,"Printed row 'Sweet Popcorn' in 'POPCORN', column 'Totally Tots' = 250; the per-100 column (Per 100g) prints 493 and is not used"
sweet-popcorn-kids-film-crew,Sweet Popcorn (Kids Film Crew),Popcorn,Kids Film Crew,360,,,,,,,,,,,,,,,,false,false,,,"Printed row 'Sweet Popcorn' in 'POPCORN', column 'Kids Film Crew' = 360; the per-100 column (Per 100g) prints 493 and is not used"
sweet-popcorn-small,Sweet Popcorn (Small),Popcorn,Small,794,,,,,,,,,,,,,,,,false,false,,,"Printed row 'Sweet Popcorn' in 'POPCORN', column 'Small' = 794; the per-100 column (Per 100g) prints 493 and is not used"
sweet-popcorn-medium,Sweet Popcorn (Medium),Popcorn,Medium,1006,,,,,,,,,,,,,,,,false,false,,,"Printed row 'Sweet Popcorn' in 'POPCORN', column 'Medium' = 1006; the per-100 column (Per 100g) prints 493 and is not used"
sweet-popcorn-large,Sweet Popcorn (Large),Popcorn,Large,1277,,,,,,,,,,,,,,,,false,false,,,"Printed row 'Sweet Popcorn' in 'POPCORN', column 'Large' = 1277; the per-100 column (Per 100g) prints 493 and is not used"
salted-popcorn-totally-tots,Salted Popcorn (Totally Tots),Popcorn,Totally Tots,153,,,,,,,,,,,,,,,,false,false,,,"Printed row 'Salted Popcorn' in 'POPCORN', column 'Totally Tots' = 153; the per-100 column (Per 100g) prints 501 and is not used"
salted-popcorn-kids-film-crew,Salted Popcorn (Kids Film Crew),Popcorn,Kids Film Crew,220,,,,,,,,,,,,,,,,false,false,,,"Printed row 'Salted Popcorn' in 'POPCORN', column 'Kids Film Crew' = 220; the per-100 column (Per 100g) prints 501 and is not used"
salted-popcorn-small,Salted Popcorn (Small),Popcorn,Small,526,,,,,,,,,,,,,,,,false,false,,,"Printed row 'Salted Popcorn' in 'POPCORN', column 'Small' = 526; the per-100 column (Per 100g) prints 501 and is not used"
salted-popcorn-medium,Salted Popcorn (Medium),Popcorn,Medium,802,,,,,,,,,,,,,,,,false,false,,,"Printed row 'Salted Popcorn' in 'POPCORN', column 'Medium' = 802; the per-100 column (Per 100g) prints 501 and is not used"
salted-popcorn-large,Salted Popcorn (Large),Popcorn,Large,987,,,,,,,,,,,,,,,,false,false,,,"Printed row 'Salted Popcorn' in 'POPCORN', column 'Large' = 987; the per-100 column (Per 100g) prints 501 and is not used"
gourmet-caramel-popcorn,Gourmet Caramel Popcorn,Gourmet Popcorn,,528.75,,,,,,,,,,,,,,,,false,false,,,"Printed row 'Gourmet Caramel Popcorn' in 'GOURMET POPCORN', column 'Per Serving' = 528.75; the per-100 column (Per 100g) prints 423 and is not used"
gourmet-milk-chocolate-popcorn,Gourmet Milk Chocolate Popcorn,Gourmet Popcorn,,588,,,,,,,,,,,,,,,,false,false,,,"Printed row 'Gourmet Milk Chocolate Popcorn' in 'GOURMET POPCORN', column 'Per Serving' = 588; the per-100 column (Per 100g) prints 490 and is not used"
gourmet-white-chocolate-popcorn,Gourmet White Chocolate Popcorn,Gourmet Popcorn,,600,,,,,,,,,,,,,,,,false,false,,,"Printed row 'Gourmet White Chocolate Popcorn' in 'GOURMET POPCORN', column 'Per Serving' = 600; the per-100 column (Per 100g) prints 500 and is not used"
gourmet-salted-caramel-popcorn,Gourmet Salted Caramel Popcorn,Gourmet Popcorn,,604.8,,,,,,,,,,,,,,,,false,false,,,"Printed row 'Gourmet Salted Caramel Popcorn' in 'GOURMET POPCORN', column 'Per Serving' = 604.8; the per-100 column (Per 100g) prints 504 and is not used"
medium-hotdog-including-bun,Medium Hotdog (including bun),Hot Dogs,,393,,,,,,,,,,,,,,,,false,false,,,"Printed row 'Medium Hotdog (including bun)' in 'HOTDOGS', column 'Per Serving' = 393; the per-100 column (Per 100g) prints 311 and is not used"
large-hotdog-including-bun,Large Hotdog (including bun),Hot Dogs,,663,,,,,,,,,,,,,,,,false,false,,,"Printed row 'Large Hotdog (including bun)' in 'HOTDOGS', column 'Per Serving' = 663; the per-100 column (Per 100g) prints 308 and is not used"
crispy-onion-topping,Crispy Onion Topping,Hot Dogs,,266,,,,,,,,,,,,,,,,false,false,,,"Printed row 'Crispy Onion Topping' in 'HOTDOGS', column 'Per Serving' = 266; the per-100 column (Per 100g) prints 590 and is not used"
nacho-chips-small,Nacho Chips (Small),Nachos,Small,335,,,,,,,,,,,,,,,,false,false,,,"Printed row 'Nacho Chips' in 'NACHOS', column 'Small' = 335; the per-100 column (Per 100g) prints 478 and is not used"
nacho-chips-medium,Nacho Chips (Medium),Nachos,Medium,574,,,,,,,,,,,,,,,,false,false,,,"Printed row 'Nacho Chips' in 'NACHOS', column 'Medium' = 574; the per-100 column (Per 100g) prints 478 and is not used"
nacho-chips-large,Nacho Chips (Large),Nachos,Large,765,,,,,,,,,,,,,,,,false,false,,,"Printed row 'Nacho Chips' in 'NACHOS', column 'Large' = 765; the per-100 column (Per 100g) prints 478 and is not used"
cheese-sauce-large,Cheese Sauce (Large),Nachos,Large,186,,,,,,,,,,,,,,,,false,false,,,"Printed row 'Cheese Sauce' in 'NACHOS', column 'Large' = 186; the per-100 column (Per 100g) prints 186 and is not used"
salsa-large,Salsa (Large),Nachos,Large,50,,,,,,,,,,,,,,,,false,false,,,"Printed row 'Salsa' in 'NACHOS', column 'Large' = 50; the per-100 column (Per 100g) prints 50 and is not used"
jalapenos-large,Jalapenos (Large),Nachos,Large,5.5,,,,,,,,,,,,,,,,false,false,,,"Printed row 'Jalapenos' in 'NACHOS', column 'Large' = 5.5; the per-100 column (Per 100g) prints 10 and is not used"
guacamole-large,Guacamole (Large),Nachos,Large,121,,,,,,,,,,,,,,,,false,false,,,"Printed row 'Guacamole' in 'NACHOS', column 'Large' = 121; the per-100 column (Per 100g) prints 161 and is not used"
icee-cherry-sugar-free-kids-film-crew,ICEE Cherry Sugar Free (Kids Film Crew),ICEE,Kids Film Crew,37,,,,,,,,,,,,,,,,false,false,,,"Printed row 'ICEE Cherry Sugar Free' in 'ICEE', column 'Kids Film Crew' = 37; the per-100 column (Per 100g) prints 18 and is not used"
icee-cherry-sugar-free-small,ICEE Cherry Sugar Free (Small),ICEE,Small,53,,,,,,,,,,,,,,,,false,false,,,"Printed row 'ICEE Cherry Sugar Free' in 'ICEE', column 'Small' = 53; the per-100 column (Per 100g) prints 18 and is not used"
icee-cherry-sugar-free-medium,ICEE Cherry Sugar Free (Medium),ICEE,Medium,85,,,,,,,,,,,,,,,,false,false,,,"Printed row 'ICEE Cherry Sugar Free' in 'ICEE', column 'Medium' = 85; the per-100 column (Per 100g) prints 18 and is not used"
icee-cherry-sugar-free-large,ICEE Cherry Sugar Free (Large),ICEE,Large,112,,,,,,,,,,,,,,,,false,false,,,"Printed row 'ICEE Cherry Sugar Free' in 'ICEE', column 'Large' = 112; the per-100 column (Per 100g) prints 18 and is not used"
icee-raspberry-sugar-free-kids-film-crew,ICEE Raspberry Sugar Free (Kids Film Crew),ICEE,Kids Film Crew,37,,,,,,,,,,,,,,,,false,false,,,"Printed row 'ICEE Raspberry Sugar Free' in 'ICEE', column 'Kids Film Crew' = 37; the per-100 column (Per 100g) prints 17 and is not used"
icee-raspberry-sugar-free-small,ICEE Raspberry Sugar Free (Small),ICEE,Small,53,,,,,,,,,,,,,,,,false,false,,,"Printed row 'ICEE Raspberry Sugar Free' in 'ICEE', column 'Small' = 53; the per-100 column (Per 100g) prints 17 and is not used"
icee-raspberry-sugar-free-medium,ICEE Raspberry Sugar Free (Medium),ICEE,Medium,85,,,,,,,,,,,,,,,,false,false,,,"Printed row 'ICEE Raspberry Sugar Free' in 'ICEE', column 'Medium' = 85; the per-100 column (Per 100g) prints 17 and is not used"
icee-raspberry-sugar-free-large,ICEE Raspberry Sugar Free (Large),ICEE,Large,112,,,,,,,,,,,,,,,,false,false,,,"Printed row 'ICEE Raspberry Sugar Free' in 'ICEE', column 'Large' = 112; the per-100 column (Per 100g) prints 17 and is not used"
icee-mango-sugar-free-kids-film-crew,ICEE Mango Sugar Free (Kids Film Crew),ICEE,Kids Film Crew,37,,,,,,,,,,,,,,,,false,false,,,"Printed row 'ICEE Mango Sugar Free' in 'ICEE', column 'Kids Film Crew' = 37; the per-100 column (Per 100g) prints 18 and is not used"
icee-mango-sugar-free-small,ICEE Mango Sugar Free (Small),ICEE,Small,53,,,,,,,,,,,,,,,,false,false,,,"Printed row 'ICEE Mango Sugar Free' in 'ICEE', column 'Small' = 53; the per-100 column (Per 100g) prints 18 and is not used"
icee-mango-sugar-free-medium,ICEE Mango Sugar Free (Medium),ICEE,Medium,85,,,,,,,,,,,,,,,,false,false,,,"Printed row 'ICEE Mango Sugar Free' in 'ICEE', column 'Medium' = 85; the per-100 column (Per 100g) prints 18 and is not used"
icee-mango-sugar-free-large,ICEE Mango Sugar Free (Large),ICEE,Large,112,,,,,,,,,,,,,,,,false,false,,,"Printed row 'ICEE Mango Sugar Free' in 'ICEE', column 'Large' = 112; the per-100 column (Per 100g) prints 18 and is not used"
coca-cola-kids-film-crew,Coca Cola (Kids Film Crew),Soft Drinks (Coke Freestyle),Kids Film Crew,218,,,,,,,,,,,,,,,,false,false,,,"Printed row 'Coca Cola' in 'COKE FREESTYLE', column 'Kids Film Crew' = 218; the per-100 column (Per 100ml) prints 46 and is not used"
coca-cola-small,Coca Cola (Small),Soft Drinks (Coke Freestyle),Small,299,,,,,,,,,,,,,,,,false,false,,,"Printed row 'Coca Cola' in 'COKE FREESTYLE', column 'Small' = 299; the per-100 column (Per 100ml) prints 46 and is not used"
coca-cola-medium,Coca Cola (Medium),Soft Drinks (Coke Freestyle),Medium,435,,,,,,,,,,,,,,,,false,false,,,"Printed row 'Coca Cola' in 'COKE FREESTYLE', column 'Medium' = 435; the per-100 column (Per 100ml) prints 46 and is not used"
coca-cola-large,Coca Cola (Large),Soft Drinks (Coke Freestyle),Large,598,,,,,,,,,,,,,,,,false,false,,,"Printed row 'Coca Cola' in 'COKE FREESTYLE', column 'Large' = 598; the per-100 column (Per 100ml) prints 46 and is not used"
diet-coke-kids-film-crew,Diet Coke (Kids Film Crew),Soft Drinks (Coke Freestyle),Kids Film Crew,1,,,,,,,,,,,,,,,,false,false,,,"Printed row 'Diet Coke' in 'COKE FREESTYLE', column 'Kids Film Crew' = 1; the per-100 column (Per 100ml) prints 0.3 and is not used"
diet-coke-small,Diet Coke (Small),Soft Drinks (Coke Freestyle),Small,2,,,,,,,,,,,,,,,,false,false,,,"Printed row 'Diet Coke' in 'COKE FREESTYLE', column 'Small' = 2; the per-100 column (Per 100ml) prints 0.3 and is not used"
diet-coke-medium,Diet Coke (Medium),Soft Drinks (Coke Freestyle),Medium,3,,,,,,,,,,,,,,,,false,false,,,"Printed row 'Diet Coke' in 'COKE FREESTYLE', column 'Medium' = 3; the per-100 column (Per 100ml) prints 0.3 and is not used"
diet-coke-large,Diet Coke (Large),Soft Drinks (Coke Freestyle),Large,4,,,,,,,,,,,,,,,,false,false,,,"Printed row 'Diet Coke' in 'COKE FREESTYLE', column 'Large' = 4; the per-100 column (Per 100ml) prints 0.3 and is not used"
diet-coke-cherry-kids-film-crew,Diet Coke Cherry (Kids Film Crew),Soft Drinks (Coke Freestyle),Kids Film Crew,9,,,,,,,,,,,,,,,,false,false,,,"Printed row 'Diet Coke Cherry' in 'COKE FREESTYLE', column 'Kids Film Crew' = 9; the per-100 column (Per 100ml) prints 2 and is not used"
diet-coke-cherry-small,Diet Coke Cherry (Small),Soft Drinks (Coke Freestyle),Small,13,,,,,,,,,,,,,,,,false,false,,,"Printed row 'Diet Coke Cherry' in 'COKE FREESTYLE', column 'Small' = 13; the per-100 column (Per 100ml) prints 2 and is not used"
diet-coke-cherry-medium,Diet Coke Cherry (Medium),Soft Drinks (Coke Freestyle),Medium,19,,,,,,,,,,,,,,,,false,false,,,"Printed row 'Diet Coke Cherry' in 'COKE FREESTYLE', column 'Medium' = 19; the per-100 column (Per 100ml) prints 2 and is not used"
diet-coke-cherry-large,Diet Coke Cherry (Large),Soft Drinks (Coke Freestyle),Large,26,,,,,,,,,,,,,,,,false,false,,,"Printed row 'Diet Coke Cherry' in 'COKE FREESTYLE', column 'Large' = 26; the per-100 column (Per 100ml) prints 2 and is not used"
diet-coke-vanilla-kids-film-crew,Diet Coke Vanilla (Kids Film Crew),Soft Drinks (Coke Freestyle),Kids Film Crew,9,,,,,,,,,,,,,,,,false,false,,,"Printed row 'Diet Coke Vanilla' in 'COKE FREESTYLE', column 'Kids Film Crew' = 9; the per-100 column (Per 100ml) prints 2 and is not used"
diet-coke-vanilla-small,Diet Coke Vanilla (Small),Soft Drinks (Coke Freestyle),Small,13,,,,,,,,,,,,,,,,false,false,,,"Printed row 'Diet Coke Vanilla' in 'COKE FREESTYLE', column 'Small' = 13; the per-100 column (Per 100ml) prints 2 and is not used"
diet-coke-vanilla-medium,Diet Coke Vanilla (Medium),Soft Drinks (Coke Freestyle),Medium,19,,,,,,,,,,,,,,,,false,false,,,"Printed row 'Diet Coke Vanilla' in 'COKE FREESTYLE', column 'Medium' = 19; the per-100 column (Per 100ml) prints 2 and is not used"
diet-coke-vanilla-large,Diet Coke Vanilla (Large),Soft Drinks (Coke Freestyle),Large,26,,,,,,,,,,,,,,,,false,false,,,"Printed row 'Diet Coke Vanilla' in 'COKE FREESTYLE', column 'Large' = 26; the per-100 column (Per 100ml) prints 2 and is not used"
diet-coke-raspberry-kids-film-crew,Diet Coke Raspberry (Kids Film Crew),Soft Drinks (Coke Freestyle),Kids Film Crew,5,,,,,,,,,,,,,,,,false,false,,,"Printed row 'Diet Coke Raspberry' in 'COKE FREESTYLE', column 'Kids Film Crew' = 5; the per-100 column (Per 100ml) prints 1 and is not used"
diet-coke-raspberry-small,Diet Coke Raspberry (Small),Soft Drinks (Coke Freestyle),Small,7,,,,,,,,,,,,,,,,false,false,,,"Printed row 'Diet Coke Raspberry' in 'COKE FREESTYLE', column 'Small' = 7; the per-100 column (Per 100ml) prints 1 and is not used"
diet-coke-raspberry-medium,Diet Coke Raspberry (Medium),Soft Drinks (Coke Freestyle),Medium,9,,,,,,,,,,,,,,,,false,false,,,"Printed row 'Diet Coke Raspberry' in 'COKE FREESTYLE', column 'Medium' = 9; the per-100 column (Per 100ml) prints 1 and is not used"
diet-coke-raspberry-large,Diet Coke Raspberry (Large),Soft Drinks (Coke Freestyle),Large,13,,,,,,,,,,,,,,,,false,false,,,"Printed row 'Diet Coke Raspberry' in 'COKE FREESTYLE', column 'Large' = 13; the per-100 column (Per 100ml) prints 1 and is not used"
diet-coke-lime-kids-film-crew,Diet Coke Lime (Kids Film Crew),Soft Drinks (Coke Freestyle),Kids Film Crew,5,,,,,,,,,,,,,,,,false,false,,,"Printed row 'Diet Coke Lime' in 'COKE FREESTYLE', column 'Kids Film Crew' = 5; the per-100 column (Per 100ml) prints 1 and is not used"
diet-coke-lime-small,Diet Coke Lime (Small),Soft Drinks (Coke Freestyle),Small,7,,,,,,,,,,,,,,,,false,false,,,"Printed row 'Diet Coke Lime' in 'COKE FREESTYLE', column 'Small' = 7; the per-100 column (Per 100ml) prints 1 and is not used"
diet-coke-lime-medium,Diet Coke Lime (Medium),Soft Drinks (Coke Freestyle),Medium,9,,,,,,,,,,,,,,,,false,false,,,"Printed row 'Diet Coke Lime' in 'COKE FREESTYLE', column 'Medium' = 9; the per-100 column (Per 100ml) prints 1 and is not used"
diet-coke-lime-large,Diet Coke Lime (Large),Soft Drinks (Coke Freestyle),Large,13,,,,,,,,,,,,,,,,false,false,,,"Printed row 'Diet Coke Lime' in 'COKE FREESTYLE', column 'Large' = 13; the per-100 column (Per 100ml) prints 1 and is not used"
diet-coke-cherry-vanilla-kids-film-crew,Diet Coke Cherry Vanilla (Kids Film Crew),Soft Drinks (Coke Freestyle),Kids Film Crew,9,,,,,,,,,,,,,,,,false,false,,,"Printed row 'Diet Coke Cherry Vanilla' in 'COKE FREESTYLE', column 'Kids Film Crew' = 9; the per-100 column (Per 100ml) prints 2 and is not used"
diet-coke-cherry-vanilla-small,Diet Coke Cherry Vanilla (Small),Soft Drinks (Coke Freestyle),Small,13,,,,,,,,,,,,,,,,false,false,,,"Printed row 'Diet Coke Cherry Vanilla' in 'COKE FREESTYLE', column 'Small' = 13; the per-100 column (Per 100ml) prints 2 and is not used"
diet-coke-cherry-vanilla-medium,Diet Coke Cherry Vanilla (Medium),Soft Drinks (Coke Freestyle),Medium,19,,,,,,,,,,,,,,,,false,false,,,"Printed row 'Diet Coke Cherry Vanilla' in 'COKE FREESTYLE', column 'Medium' = 19; the per-100 column (Per 100ml) prints 2 and is not used"
diet-coke-cherry-vanilla-large,Diet Coke Cherry Vanilla (Large),Soft Drinks (Coke Freestyle),Large,26,,,,,,,,,,,,,,,,false,false,,,"Printed row 'Diet Coke Cherry Vanilla' in 'COKE FREESTYLE', column 'Large' = 26; the per-100 column (Per 100ml) prints 2 and is not used"
diet-coke-orange-kids-film-crew,Diet Coke Orange (Kids Film Crew),Soft Drinks (Coke Freestyle),Kids Film Crew,2,,,,,,,,,,,,,,,,false,false,,,"Printed row 'Diet Coke Orange' in 'COKE FREESTYLE', column 'Kids Film Crew' = 2; the per-100 column (Per 100ml) prints 0.4 and is not used"
diet-coke-orange-small,Diet Coke Orange (Small),Soft Drinks (Coke Freestyle),Small,3,,,,,,,,,,,,,,,,false,false,,,"Printed row 'Diet Coke Orange' in 'COKE FREESTYLE', column 'Small' = 3; the per-100 column (Per 100ml) prints 0.4 and is not used"
diet-coke-orange-medium,Diet Coke Orange (Medium),Soft Drinks (Coke Freestyle),Medium,4,,,,,,,,,,,,,,,,false,false,,,"Printed row 'Diet Coke Orange' in 'COKE FREESTYLE', column 'Medium' = 4; the per-100 column (Per 100ml) prints 0.4 and is not used"
diet-coke-orange-large,Diet Coke Orange (Large),Soft Drinks (Coke Freestyle),Large,5,,,,,,,,,,,,,,,,false,false,,,"Printed row 'Diet Coke Orange' in 'COKE FREESTYLE', column 'Large' = 5; the per-100 column (Per 100ml) prints 0.4 and is not used"
coke-zero-kids-film-crew,Coke Zero (Kids Film Crew),Soft Drinks (Coke Freestyle),Kids Film Crew,1,,,,,,,,,,,,,,,,false,false,,,"Printed row 'Coke Zero' in 'COKE FREESTYLE', column 'Kids Film Crew' = 1; the per-100 column (Per 100ml) prints 0.3 and is not used"
coke-zero-small,Coke Zero (Small),Soft Drinks (Coke Freestyle),Small,2,,,,,,,,,,,,,,,,false,false,,,"Printed row 'Coke Zero' in 'COKE FREESTYLE', column 'Small' = 2; the per-100 column (Per 100ml) prints 0.3 and is not used"
coke-zero-medium,Coke Zero (Medium),Soft Drinks (Coke Freestyle),Medium,3,,,,,,,,,,,,,,,,false,false,,,"Printed row 'Coke Zero' in 'COKE FREESTYLE', column 'Medium' = 3; the per-100 column (Per 100ml) prints 0.3 and is not used"
coke-zero-large,Coke Zero (Large),Soft Drinks (Coke Freestyle),Large,4,,,,,,,,,,,,,,,,false,false,,,"Printed row 'Coke Zero' in 'COKE FREESTYLE', column 'Large' = 4; the per-100 column (Per 100ml) prints 0.3 and is not used"
coke-zero-cherry-kids-film-crew,Coke Zero Cherry (Kids Film Crew),Soft Drinks (Coke Freestyle),Kids Film Crew,9,,,,,,,,,,,,,,,,false,false,,,"Printed row 'Coke Zero Cherry' in 'COKE FREESTYLE', column 'Kids Film Crew' = 9; the per-100 column (Per 100ml) prints 2 and is not used"
coke-zero-cherry-small,Coke Zero Cherry (Small),Soft Drinks (Coke Freestyle),Small,13,,,,,,,,,,,,,,,,false,false,,,"Printed row 'Coke Zero Cherry' in 'COKE FREESTYLE', column 'Small' = 13; the per-100 column (Per 100ml) prints 2 and is not used"
coke-zero-cherry-medium,Coke Zero Cherry (Medium),Soft Drinks (Coke Freestyle),Medium,19,,,,,,,,,,,,,,,,false,false,,,"Printed row 'Coke Zero Cherry' in 'COKE FREESTYLE', column 'Medium' = 19; the per-100 column (Per 100ml) prints 2 and is not used"
coke-zero-cherry-large,Coke Zero Cherry (Large),Soft Drinks (Coke Freestyle),Large,26,,,,,,,,,,,,,,,,false,false,,,"Printed row 'Coke Zero Cherry' in 'COKE FREESTYLE', column 'Large' = 26; the per-100 column (Per 100ml) prints 2 and is not used"
coke-zero-orange-kids-film-crew,Coke Zero Orange (Kids Film Crew),Soft Drinks (Coke Freestyle),Kids Film Crew,1,,,,,,,,,,,,,,,,false,false,,,"Printed row 'Coke Zero Orange' in 'COKE FREESTYLE', column 'Kids Film Crew' = 1; the per-100 column (Per 100ml) prints 0.3 and is not used"
coke-zero-orange-small,Coke Zero Orange (Small),Soft Drinks (Coke Freestyle),Small,2,,,,,,,,,,,,,,,,false,false,,,"Printed row 'Coke Zero Orange' in 'COKE FREESTYLE', column 'Small' = 2; the per-100 column (Per 100ml) prints 0.3 and is not used"
coke-zero-orange-medium,Coke Zero Orange (Medium),Soft Drinks (Coke Freestyle),Medium,3,,,,,,,,,,,,,,,,false,false,,,"Printed row 'Coke Zero Orange' in 'COKE FREESTYLE', column 'Medium' = 3; the per-100 column (Per 100ml) prints 0.3 and is not used"
coke-zero-orange-large,Coke Zero Orange (Large),Soft Drinks (Coke Freestyle),Large,4,,,,,,,,,,,,,,,,false,false,,,"Printed row 'Coke Zero Orange' in 'COKE FREESTYLE', column 'Large' = 4; the per-100 column (Per 100ml) prints 0.3 and is not used"
coke-zero-vanilla-kids-film-crew,Coke Zero Vanilla (Kids Film Crew),Soft Drinks (Coke Freestyle),Kids Film Crew,9,,,,,,,,,,,,,,,,false,false,,,"Printed row 'Coke Zero Vanilla' in 'COKE FREESTYLE', column 'Kids Film Crew' = 9; the per-100 column (Per 100ml) prints 2 and is not used"
coke-zero-vanilla-small,Coke Zero Vanilla (Small),Soft Drinks (Coke Freestyle),Small,13,,,,,,,,,,,,,,,,false,false,,,"Printed row 'Coke Zero Vanilla' in 'COKE FREESTYLE', column 'Small' = 13; the per-100 column (Per 100ml) prints 2 and is not used"
coke-zero-vanilla-medium,Coke Zero Vanilla (Medium),Soft Drinks (Coke Freestyle),Medium,19,,,,,,,,,,,,,,,,false,false,,,"Printed row 'Coke Zero Vanilla' in 'COKE FREESTYLE', column 'Medium' = 19; the per-100 column (Per 100ml) prints 2 and is not used"
coke-zero-vanilla-large,Coke Zero Vanilla (Large),Soft Drinks (Coke Freestyle),Large,26,,,,,,,,,,,,,,,,false,false,,,"Printed row 'Coke Zero Vanilla' in 'COKE FREESTYLE', column 'Large' = 26; the per-100 column (Per 100ml) prints 2 and is not used"
coke-zero-raspberry-kids-film-crew,Coke Zero Raspberry (Kids Film Crew),Soft Drinks (Coke Freestyle),Kids Film Crew,5,,,,,,,,,,,,,,,,false,false,,,"Printed row 'Coke Zero Raspberry' in 'COKE FREESTYLE', column 'Kids Film Crew' = 5; the per-100 column (Per 100ml) prints 1 and is not used"
coke-zero-raspberry-small,Coke Zero Raspberry (Small),Soft Drinks (Coke Freestyle),Small,7,,,,,,,,,,,,,,,,false,false,,,"Printed row 'Coke Zero Raspberry' in 'COKE FREESTYLE', column 'Small' = 7; the per-100 column (Per 100ml) prints 1 and is not used"
coke-zero-raspberry-medium,Coke Zero Raspberry (Medium),Soft Drinks (Coke Freestyle),Medium,9,,,,,,,,,,,,,,,,false,false,,,"Printed row 'Coke Zero Raspberry' in 'COKE FREESTYLE', column 'Medium' = 9; the per-100 column (Per 100ml) prints 1 and is not used"
coke-zero-raspberry-large,Coke Zero Raspberry (Large),Soft Drinks (Coke Freestyle),Large,13,,,,,,,,,,,,,,,,false,false,,,"Printed row 'Coke Zero Raspberry' in 'COKE FREESTYLE', column 'Large' = 13; the per-100 column (Per 100ml) prints 1 and is not used"
coke-zero-lemon-kids-film-crew,Coke Zero Lemon (Kids Film Crew),Soft Drinks (Coke Freestyle),Kids Film Crew,1,,,,,,,,,,,,,,,,false,false,,,"Printed row 'Coke Zero Lemon' in 'COKE FREESTYLE', column 'Kids Film Crew' = 1; the per-100 column (Per 100ml) prints 0.3 and is not used"
coke-zero-lemon-small,Coke Zero Lemon (Small),Soft Drinks (Coke Freestyle),Small,2,,,,,,,,,,,,,,,,false,false,,,"Printed row 'Coke Zero Lemon' in 'COKE FREESTYLE', column 'Small' = 2; the per-100 column (Per 100ml) prints 0.3 and is not used"
coke-zero-lemon-medium,Coke Zero Lemon (Medium),Soft Drinks (Coke Freestyle),Medium,3,,,,,,,,,,,,,,,,false,false,,,"Printed row 'Coke Zero Lemon' in 'COKE FREESTYLE', column 'Medium' = 3; the per-100 column (Per 100ml) prints 0.3 and is not used"
coke-zero-lemon-large,Coke Zero Lemon (Large),Soft Drinks (Coke Freestyle),Large,4,,,,,,,,,,,,,,,,false,false,,,"Printed row 'Coke Zero Lemon' in 'COKE FREESTYLE', column 'Large' = 4; the per-100 column (Per 100ml) prints 0.3 and is not used"
coke-zero-lime-kids-film-crew,Coke Zero Lime (Kids Film Crew),Soft Drinks (Coke Freestyle),Kids Film Crew,5,,,,,,,,,,,,,,,,false,false,,,"Printed row 'Coke Zero Lime' in 'COKE FREESTYLE', column 'Kids Film Crew' = 5; the per-100 column (Per 100ml) prints 1 and is not used"
coke-zero-lime-small,Coke Zero Lime (Small),Soft Drinks (Coke Freestyle),Small,7,,,,,,,,,,,,,,,,false,false,,,"Printed row 'Coke Zero Lime' in 'COKE FREESTYLE', column 'Small' = 7; the per-100 column (Per 100ml) prints 1 and is not used"
coke-zero-lime-medium,Coke Zero Lime (Medium),Soft Drinks (Coke Freestyle),Medium,9,,,,,,,,,,,,,,,,false,false,,,"Printed row 'Coke Zero Lime' in 'COKE FREESTYLE', column 'Medium' = 9; the per-100 column (Per 100ml) prints 1 and is not used"
coke-zero-lime-large,Coke Zero Lime (Large),Soft Drinks (Coke Freestyle),Large,13,,,,,,,,,,,,,,,,false,false,,,"Printed row 'Coke Zero Lime' in 'COKE FREESTYLE', column 'Large' = 13; the per-100 column (Per 100ml) prints 1 and is not used"
coke-zero-cherry-vanilla-kids-film-crew,Coke Zero Cherry Vanilla (Kids Film Crew),Soft Drinks (Coke Freestyle),Kids Film Crew,9,,,,,,,,,,,,,,,,false,false,,,"Printed row 'Coke Zero Cherry Vanilla' in 'COKE FREESTYLE', column 'Kids Film Crew' = 9; the per-100 column (Per 100ml) prints 2 and is not used"
coke-zero-cherry-vanilla-small,Coke Zero Cherry Vanilla (Small),Soft Drinks (Coke Freestyle),Small,13,,,,,,,,,,,,,,,,false,false,,,"Printed row 'Coke Zero Cherry Vanilla' in 'COKE FREESTYLE', column 'Small' = 13; the per-100 column (Per 100ml) prints 2 and is not used"
coke-zero-cherry-vanilla-medium,Coke Zero Cherry Vanilla (Medium),Soft Drinks (Coke Freestyle),Medium,19,,,,,,,,,,,,,,,,false,false,,,"Printed row 'Coke Zero Cherry Vanilla' in 'COKE FREESTYLE', column 'Medium' = 19; the per-100 column (Per 100ml) prints 2 and is not used"
coke-zero-cherry-vanilla-large,Coke Zero Cherry Vanilla (Large),Soft Drinks (Coke Freestyle),Large,26,,,,,,,,,,,,,,,,false,false,,,"Printed row 'Coke Zero Cherry Vanilla' in 'COKE FREESTYLE', column 'Large' = 26; the per-100 column (Per 100ml) prints 2 and is not used"
coke-zero-peach-kids-film-crew,Coke Zero Peach (Kids Film Crew),Soft Drinks (Coke Freestyle),Kids Film Crew,5,,,,,,,,,,,,,,,,false,false,,,"Printed row 'Coke Zero Peach' in 'COKE FREESTYLE', column 'Kids Film Crew' = 5; the per-100 column (Per 100ml) prints 1 and is not used"
coke-zero-peach-small,Coke Zero Peach (Small),Soft Drinks (Coke Freestyle),Small,7,,,,,,,,,,,,,,,,false,false,,,"Printed row 'Coke Zero Peach' in 'COKE FREESTYLE', column 'Small' = 7; the per-100 column (Per 100ml) prints 1 and is not used"
coke-zero-peach-medium,Coke Zero Peach (Medium),Soft Drinks (Coke Freestyle),Medium,9,,,,,,,,,,,,,,,,false,false,,,"Printed row 'Coke Zero Peach' in 'COKE FREESTYLE', column 'Medium' = 9; the per-100 column (Per 100ml) prints 1 and is not used"
coke-zero-peach-large,Coke Zero Peach (Large),Soft Drinks (Coke Freestyle),Large,13,,,,,,,,,,,,,,,,false,false,,,"Printed row 'Coke Zero Peach' in 'COKE FREESTYLE', column 'Large' = 13; the per-100 column (Per 100ml) prints 1 and is not used"
caffeine-free-diet-coke-kids-film-crew,Caffeine Free Diet Coke (Kids Film Crew),Soft Drinks (Coke Freestyle),Kids Film Crew,1,,,,,,,,,,,,,,,,false,false,,,"Printed row 'Caffeine Free Diet Coke' in 'COKE FREESTYLE', column 'Kids Film Crew' = 1; the per-100 column (Per 100ml) prints 0.3 and is not used"
caffeine-free-diet-coke-small,Caffeine Free Diet Coke (Small),Soft Drinks (Coke Freestyle),Small,2,,,,,,,,,,,,,,,,false,false,,,"Printed row 'Caffeine Free Diet Coke' in 'COKE FREESTYLE', column 'Small' = 2; the per-100 column (Per 100ml) prints 0.3 and is not used"
caffeine-free-diet-coke-medium,Caffeine Free Diet Coke (Medium),Soft Drinks (Coke Freestyle),Medium,3,,,,,,,,,,,,,,,,false,false,,,"Printed row 'Caffeine Free Diet Coke' in 'COKE FREESTYLE', column 'Medium' = 3; the per-100 column (Per 100ml) prints 0.3 and is not used"
caffeine-free-diet-coke-large,Caffeine Free Diet Coke (Large),Soft Drinks (Coke Freestyle),Large,4,,,,,,,,,,,,,,,,false,false,,,"Printed row 'Caffeine Free Diet Coke' in 'COKE FREESTYLE', column 'Large' = 4; the per-100 column (Per 100ml) prints 0.3 and is not used"
caffeine-free-diet-coke-cherry-kids-film-crew,Caffeine Free Diet Coke Cherry (Kids Film Crew),Soft Drinks (Coke Freestyle),Kids Film Crew,9,,,,,,,,,,,,,,,,false,false,,,"Printed row 'Caffeine Free Diet Coke Cherry' in 'COKE FREESTYLE', column 'Kids Film Crew' = 9; the per-100 column (Per 100ml) prints 2 and is not used"
caffeine-free-diet-coke-cherry-small,Caffeine Free Diet Coke Cherry (Small),Soft Drinks (Coke Freestyle),Small,13,,,,,,,,,,,,,,,,false,false,,,"Printed row 'Caffeine Free Diet Coke Cherry' in 'COKE FREESTYLE', column 'Small' = 13; the per-100 column (Per 100ml) prints 2 and is not used"
caffeine-free-diet-coke-cherry-medium,Caffeine Free Diet Coke Cherry (Medium),Soft Drinks (Coke Freestyle),Medium,19,,,,,,,,,,,,,,,,false,false,,,"Printed row 'Caffeine Free Diet Coke Cherry' in 'COKE FREESTYLE', column 'Medium' = 19; the per-100 column (Per 100ml) prints 2 and is not used"
caffeine-free-diet-coke-cherry-large,Caffeine Free Diet Coke Cherry (Large),Soft Drinks (Coke Freestyle),Large,26,,,,,,,,,,,,,,,,false,false,,,"Printed row 'Caffeine Free Diet Coke Cherry' in 'COKE FREESTYLE', column 'Large' = 26; the per-100 column (Per 100ml) prints 2 and is not used"
caffeine-free-diet-coke-vanilla-kids-film-crew,Caffeine Free Diet Coke Vanilla (Kids Film Crew),Soft Drinks (Coke Freestyle),Kids Film Crew,9,,,,,,,,,,,,,,,,false,false,,,"Printed row 'Caffeine Free Diet Coke Vanilla' in 'COKE FREESTYLE', column 'Kids Film Crew' = 9; the per-100 column (Per 100ml) prints 2 and is not used"
caffeine-free-diet-coke-vanilla-small,Caffeine Free Diet Coke Vanilla (Small),Soft Drinks (Coke Freestyle),Small,13,,,,,,,,,,,,,,,,false,false,,,"Printed row 'Caffeine Free Diet Coke Vanilla' in 'COKE FREESTYLE', column 'Small' = 13; the per-100 column (Per 100ml) prints 2 and is not used"
caffeine-free-diet-coke-vanilla-medium,Caffeine Free Diet Coke Vanilla (Medium),Soft Drinks (Coke Freestyle),Medium,19,,,,,,,,,,,,,,,,false,false,,,"Printed row 'Caffeine Free Diet Coke Vanilla' in 'COKE FREESTYLE', column 'Medium' = 19; the per-100 column (Per 100ml) prints 2 and is not used"
caffeine-free-diet-coke-vanilla-large,Caffeine Free Diet Coke Vanilla (Large),Soft Drinks (Coke Freestyle),Large,26,,,,,,,,,,,,,,,,false,false,,,"Printed row 'Caffeine Free Diet Coke Vanilla' in 'COKE FREESTYLE', column 'Large' = 26; the per-100 column (Per 100ml) prints 2 and is not used"
caffeine-free-diet-coke-raspberry-kids-film-crew,Caffeine Free Diet Coke Raspberry (Kids Film Crew),Soft Drinks (Coke Freestyle),Kids Film Crew,5,,,,,,,,,,,,,,,,false,false,,,"Printed row 'Caffeine Free Diet Coke Raspberry' in 'COKE FREESTYLE', column 'Kids Film Crew' = 5; the per-100 column (Per 100ml) prints 1 and is not used"
caffeine-free-diet-coke-raspberry-small,Caffeine Free Diet Coke Raspberry (Small),Soft Drinks (Coke Freestyle),Small,7,,,,,,,,,,,,,,,,false,false,,,"Printed row 'Caffeine Free Diet Coke Raspberry' in 'COKE FREESTYLE', column 'Small' = 7; the per-100 column (Per 100ml) prints 1 and is not used"
caffeine-free-diet-coke-raspberry-medium,Caffeine Free Diet Coke Raspberry (Medium),Soft Drinks (Coke Freestyle),Medium,9,,,,,,,,,,,,,,,,false,false,,,"Printed row 'Caffeine Free Diet Coke Raspberry' in 'COKE FREESTYLE', column 'Medium' = 9; the per-100 column (Per 100ml) prints 1 and is not used"
caffeine-free-diet-coke-raspberry-large,Caffeine Free Diet Coke Raspberry (Large),Soft Drinks (Coke Freestyle),Large,13,,,,,,,,,,,,,,,,false,false,,,"Printed row 'Caffeine Free Diet Coke Raspberry' in 'COKE FREESTYLE', column 'Large' = 13; the per-100 column (Per 100ml) prints 1 and is not used"
caffeine-free-diet-coke-lime-kids-film-crew,Caffeine Free Diet Coke Lime (Kids Film Crew),Soft Drinks (Coke Freestyle),Kids Film Crew,5,,,,,,,,,,,,,,,,false,false,,,"Printed row 'Caffeine Free Diet Coke Lime' in 'COKE FREESTYLE', column 'Kids Film Crew' = 5; the per-100 column (Per 100ml) prints 1 and is not used"
caffeine-free-diet-coke-lime-small,Caffeine Free Diet Coke Lime (Small),Soft Drinks (Coke Freestyle),Small,7,,,,,,,,,,,,,,,,false,false,,,"Printed row 'Caffeine Free Diet Coke Lime' in 'COKE FREESTYLE', column 'Small' = 7; the per-100 column (Per 100ml) prints 1 and is not used"
caffeine-free-diet-coke-lime-medium,Caffeine Free Diet Coke Lime (Medium),Soft Drinks (Coke Freestyle),Medium,9,,,,,,,,,,,,,,,,false,false,,,"Printed row 'Caffeine Free Diet Coke Lime' in 'COKE FREESTYLE', column 'Medium' = 9; the per-100 column (Per 100ml) prints 1 and is not used"
caffeine-free-diet-coke-lime-large,Caffeine Free Diet Coke Lime (Large),Soft Drinks (Coke Freestyle),Large,13,,,,,,,,,,,,,,,,false,false,,,"Printed row 'Caffeine Free Diet Coke Lime' in 'COKE FREESTYLE', column 'Large' = 13; the per-100 column (Per 100ml) prints 1 and is not used"
caffeine-free-diet-coke-cherry-vanilla-kids-film-crew,Caffeine Free Diet Coke Cherry Vanilla (Kids Film Crew),Soft Drinks (Coke Freestyle),Kids Film Crew,9,,,,,,,,,,,,,,,,false,false,,,"Printed row 'Caffeine Free Diet Coke Cherry Vanilla' in 'COKE FREESTYLE', column 'Kids Film Crew' = 9; the per-100 column (Per 100ml) prints 2 and is not used"
caffeine-free-diet-coke-cherry-vanilla-small,Caffeine Free Diet Coke Cherry Vanilla (Small),Soft Drinks (Coke Freestyle),Small,13,,,,,,,,,,,,,,,,false,false,,,"Printed row 'Caffeine Free Diet Coke Cherry Vanilla' in 'COKE FREESTYLE', column 'Small' = 13; the per-100 column (Per 100ml) prints 2 and is not used"
caffeine-free-diet-coke-cherry-vanilla-medium,Caffeine Free Diet Coke Cherry Vanilla (Medium),Soft Drinks (Coke Freestyle),Medium,19,,,,,,,,,,,,,,,,false,false,,,"Printed row 'Caffeine Free Diet Coke Cherry Vanilla' in 'COKE FREESTYLE', column 'Medium' = 19; the per-100 column (Per 100ml) prints 2 and is not used"
caffeine-free-diet-coke-cherry-vanilla-large,Caffeine Free Diet Coke Cherry Vanilla (Large),Soft Drinks (Coke Freestyle),Large,26,,,,,,,,,,,,,,,,false,false,,,"Printed row 'Caffeine Free Diet Coke Cherry Vanilla' in 'COKE FREESTYLE', column 'Large' = 26; the per-100 column (Per 100ml) prints 2 and is not used"
caffeine-free-diet-coke-orange-kids-film-crew,Caffeine Free Diet Coke Orange (Kids Film Crew),Soft Drinks (Coke Freestyle),Kids Film Crew,2,,,,,,,,,,,,,,,,false,false,,,"Printed row 'Caffeine Free Diet Coke Orange' in 'COKE FREESTYLE', column 'Kids Film Crew' = 2; the per-100 column (Per 100ml) prints 0.4 and is not used"
caffeine-free-diet-coke-orange-small,Caffeine Free Diet Coke Orange (Small),Soft Drinks (Coke Freestyle),Small,3,,,,,,,,,,,,,,,,false,false,,,"Printed row 'Caffeine Free Diet Coke Orange' in 'COKE FREESTYLE', column 'Small' = 3; the per-100 column (Per 100ml) prints 0.4 and is not used"
caffeine-free-diet-coke-orange-medium,Caffeine Free Diet Coke Orange (Medium),Soft Drinks (Coke Freestyle),Medium,4,,,,,,,,,,,,,,,,false,false,,,"Printed row 'Caffeine Free Diet Coke Orange' in 'COKE FREESTYLE', column 'Medium' = 4; the per-100 column (Per 100ml) prints 0.4 and is not used"
caffeine-free-diet-coke-orange-large,Caffeine Free Diet Coke Orange (Large),Soft Drinks (Coke Freestyle),Large,5,,,,,,,,,,,,,,,,false,false,,,"Printed row 'Caffeine Free Diet Coke Orange' in 'COKE FREESTYLE', column 'Large' = 5; the per-100 column (Per 100ml) prints 0.4 and is not used"
dr-pepper-kids-film-crew,Dr Pepper (Kids Film Crew),Soft Drinks (Coke Freestyle),Kids Film Crew,95,,,,,,,,,,,,,,,,false,false,,,"Printed row 'Dr Pepper' in 'COKE FREESTYLE', column 'Kids Film Crew' = 95; the per-100 column (Per 100ml) prints 20 and is not used"
dr-pepper-small,Dr Pepper (Small),Soft Drinks (Coke Freestyle),Small,130,,,,,,,,,,,,,,,,false,false,,,"Printed row 'Dr Pepper' in 'COKE FREESTYLE', column 'Small' = 130; the per-100 column (Per 100ml) prints 20 and is not used"
dr-pepper-medium,Dr Pepper (Medium),Soft Drinks (Coke Freestyle),Medium,189,,,,,,,,,,,,,,,,false,false,,,"Printed row 'Dr Pepper' in 'COKE FREESTYLE', column 'Medium' = 189; the per-100 column (Per 100ml) prints 20 and is not used"
dr-pepper-large,Dr Pepper (Large),Soft Drinks (Coke Freestyle),Large,260,,,,,,,,,,,,,,,,false,false,,,"Printed row 'Dr Pepper' in 'COKE FREESTYLE', column 'Large' = 260; the per-100 column (Per 100ml) prints 20 and is not used"
dr-pepper-cherry-kids-film-crew,Dr Pepper Cherry (Kids Film Crew),Soft Drinks (Coke Freestyle),Kids Film Crew,104,,,,,,,,,,,,,,,,false,false,,,"Printed row 'Dr Pepper Cherry' in 'COKE FREESTYLE', column 'Kids Film Crew' = 104; the per-100 column (Per 100ml) prints 22 and is not used"
dr-pepper-cherry-small,Dr Pepper Cherry (Small),Soft Drinks (Coke Freestyle),Small,143,,,,,,,,,,,,,,,,false,false,,,"Printed row 'Dr Pepper Cherry' in 'COKE FREESTYLE', column 'Small' = 143; the per-100 column (Per 100ml) prints 22 and is not used"
dr-pepper-cherry-medium,Dr Pepper Cherry (Medium),Soft Drinks (Coke Freestyle),Medium,208,,,,,,,,,,,,,,,,false,false,,,"Printed row 'Dr Pepper Cherry' in 'COKE FREESTYLE', column 'Medium' = 208; the per-100 column (Per 100ml) prints 22 and is not used"
dr-pepper-cherry-large,Dr Pepper Cherry (Large),Soft Drinks (Coke Freestyle),Large,286,,,,,,,,,,,,,,,,false,false,,,"Printed row 'Dr Pepper Cherry' in 'COKE FREESTYLE', column 'Large' = 286; the per-100 column (Per 100ml) prints 22 and is not used"
dr-pepper-cherry-vanilla-kids-film-crew,Dr Pepper Cherry Vanilla (Kids Film Crew),Soft Drinks (Coke Freestyle),Kids Film Crew,99,,,,,,,,,,,,,,,,false,false,,,"Printed row 'Dr Pepper Cherry Vanilla' in 'COKE FREESTYLE', column 'Kids Film Crew' = 99; the per-100 column (Per 100ml) prints 21 and is not used"
dr-pepper-cherry-vanilla-small,Dr Pepper Cherry Vanilla (Small),Soft Drinks (Coke Freestyle),Small,137,,,,,,,,,,,,,,,,false,false,,,"Printed row 'Dr Pepper Cherry Vanilla' in 'COKE FREESTYLE', column 'Small' = 137; the per-100 column (Per 100ml) prints 21 and is not used"
dr-pepper-cherry-vanilla-medium,Dr Pepper Cherry Vanilla (Medium),Soft Drinks (Coke Freestyle),Medium,199,,,,,,,,,,,,,,,,false,false,,,"Printed row 'Dr Pepper Cherry Vanilla' in 'COKE FREESTYLE', column 'Medium' = 199; the per-100 column (Per 100ml) prints 21 and is not used"
dr-pepper-cherry-vanilla-large,Dr Pepper Cherry Vanilla (Large),Soft Drinks (Coke Freestyle),Large,273,,,,,,,,,,,,,,,,false,false,,,"Printed row 'Dr Pepper Cherry Vanilla' in 'COKE FREESTYLE', column 'Large' = 273; the per-100 column (Per 100ml) prints 21 and is not used"
dr-pepper-strawberry-kids-film-crew,Dr Pepper Strawberry (Kids Film Crew),Soft Drinks (Coke Freestyle),Kids Film Crew,99,,,,,,,,,,,,,,,,false,false,,,"Printed row 'Dr Pepper Strawberry' in 'COKE FREESTYLE', column 'Kids Film Crew' = 99; the per-100 column (Per 100ml) prints 21 and is not used"
dr-pepper-strawberry-small,Dr Pepper Strawberry (Small),Soft Drinks (Coke Freestyle),Small,137,,,,,,,,,,,,,,,,false,false,,,"Printed row 'Dr Pepper Strawberry' in 'COKE FREESTYLE', column 'Small' = 137; the per-100 column (Per 100ml) prints 21 and is not used"
dr-pepper-strawberry-medium,Dr Pepper Strawberry (Medium),Soft Drinks (Coke Freestyle),Medium,199,,,,,,,,,,,,,,,,false,false,,,"Printed row 'Dr Pepper Strawberry' in 'COKE FREESTYLE', column 'Medium' = 199; the per-100 column (Per 100ml) prints 21 and is not used"
dr-pepper-strawberry-large,Dr Pepper Strawberry (Large),Soft Drinks (Coke Freestyle),Large,273,,,,,,,,,,,,,,,,false,false,,,"Printed row 'Dr Pepper Strawberry' in 'COKE FREESTYLE', column 'Large' = 273; the per-100 column (Per 100ml) prints 21 and is not used"
dr-pepper-zero-kids-film-crew,Dr Pepper Zero (Kids Film Crew),Soft Drinks (Coke Freestyle),Kids Film Crew,2,,,,,,,,,,,,,,,,false,false,,,"Printed row 'Dr Pepper Zero' in 'COKE FREESTYLE', column 'Kids Film Crew' = 2; the per-100 column (Per 100ml) prints 0.4 and is not used"
dr-pepper-zero-small,Dr Pepper Zero (Small),Soft Drinks (Coke Freestyle),Small,3,,,,,,,,,,,,,,,,false,false,,,"Printed row 'Dr Pepper Zero' in 'COKE FREESTYLE', column 'Small' = 3; the per-100 column (Per 100ml) prints 0.4 and is not used"
dr-pepper-zero-medium,Dr Pepper Zero (Medium),Soft Drinks (Coke Freestyle),Medium,4,,,,,,,,,,,,,,,,false,false,,,"Printed row 'Dr Pepper Zero' in 'COKE FREESTYLE', column 'Medium' = 4; the per-100 column (Per 100ml) prints 0.4 and is not used"
dr-pepper-zero-large,Dr Pepper Zero (Large),Soft Drinks (Coke Freestyle),Large,5,,,,,,,,,,,,,,,,false,false,,,"Printed row 'Dr Pepper Zero' in 'COKE FREESTYLE', column 'Large' = 5; the per-100 column (Per 100ml) prints 0.4 and is not used"
dr-pepper-zero-cherry-kids-film-crew,Dr Pepper Zero Cherry (Kids Film Crew),Soft Drinks (Coke Freestyle),Kids Film Crew,9,,,,,,,,,,,,,,,,false,false,,,"Printed row 'Dr Pepper Zero Cherry' in 'COKE FREESTYLE', column 'Kids Film Crew' = 9; the per-100 column (Per 100ml) prints 2 and is not used"
dr-pepper-zero-cherry-small,Dr Pepper Zero Cherry (Small),Soft Drinks (Coke Freestyle),Small,13,,,,,,,,,,,,,,,,false,false,,,"Printed row 'Dr Pepper Zero Cherry' in 'COKE FREESTYLE', column 'Small' = 13; the per-100 column (Per 100ml) prints 2 and is not used"
dr-pepper-zero-cherry-medium,Dr Pepper Zero Cherry (Medium),Soft Drinks (Coke Freestyle),Medium,19,,,,,,,,,,,,,,,,false,false,,,"Printed row 'Dr Pepper Zero Cherry' in 'COKE FREESTYLE', column 'Medium' = 19; the per-100 column (Per 100ml) prints 2 and is not used"
dr-pepper-zero-cherry-large,Dr Pepper Zero Cherry (Large),Soft Drinks (Coke Freestyle),Large,26,,,,,,,,,,,,,,,,false,false,,,"Printed row 'Dr Pepper Zero Cherry' in 'COKE FREESTYLE', column 'Large' = 26; the per-100 column (Per 100ml) prints 2 and is not used"
dr-pepper-zero-cherry-vanilla-kids-film-crew,Dr Pepper Zero Cherry Vanilla (Kids Film Crew),Soft Drinks (Coke Freestyle),Kids Film Crew,9,,,,,,,,,,,,,,,,false,false,,,"Printed row 'Dr Pepper Zero Cherry Vanilla' in 'COKE FREESTYLE', column 'Kids Film Crew' = 9; the per-100 column (Per 100ml) prints 2 and is not used"
dr-pepper-zero-cherry-vanilla-small,Dr Pepper Zero Cherry Vanilla (Small),Soft Drinks (Coke Freestyle),Small,13,,,,,,,,,,,,,,,,false,false,,,"Printed row 'Dr Pepper Zero Cherry Vanilla' in 'COKE FREESTYLE', column 'Small' = 13; the per-100 column (Per 100ml) prints 2 and is not used"
dr-pepper-zero-cherry-vanilla-medium,Dr Pepper Zero Cherry Vanilla (Medium),Soft Drinks (Coke Freestyle),Medium,19,,,,,,,,,,,,,,,,false,false,,,"Printed row 'Dr Pepper Zero Cherry Vanilla' in 'COKE FREESTYLE', column 'Medium' = 19; the per-100 column (Per 100ml) prints 2 and is not used"
dr-pepper-zero-cherry-vanilla-large,Dr Pepper Zero Cherry Vanilla (Large),Soft Drinks (Coke Freestyle),Large,26,,,,,,,,,,,,,,,,false,false,,,"Printed row 'Dr Pepper Zero Cherry Vanilla' in 'COKE FREESTYLE', column 'Large' = 26; the per-100 column (Per 100ml) prints 2 and is not used"
dr-pepper-zero-strawberry-kids-film-crew,Dr Pepper Zero Strawberry (Kids Film Crew),Soft Drinks (Coke Freestyle),Kids Film Crew,9,,,,,,,,,,,,,,,,false,false,,,"Printed row 'Dr Pepper Zero Strawberry' in 'COKE FREESTYLE', column 'Kids Film Crew' = 9; the per-100 column (Per 100ml) prints 2 and is not used"
dr-pepper-zero-strawberry-small,Dr Pepper Zero Strawberry (Small),Soft Drinks (Coke Freestyle),Small,13,,,,,,,,,,,,,,,,false,false,,,"Printed row 'Dr Pepper Zero Strawberry' in 'COKE FREESTYLE', column 'Small' = 13; the per-100 column (Per 100ml) prints 2 and is not used"
dr-pepper-zero-strawberry-medium,Dr Pepper Zero Strawberry (Medium),Soft Drinks (Coke Freestyle),Medium,19,,,,,,,,,,,,,,,,false,false,,,"Printed row 'Dr Pepper Zero Strawberry' in 'COKE FREESTYLE', column 'Medium' = 19; the per-100 column (Per 100ml) prints 2 and is not used"
dr-pepper-zero-strawberry-large,Dr Pepper Zero Strawberry (Large),Soft Drinks (Coke Freestyle),Large,26,,,,,,,,,,,,,,,,false,false,,,"Printed row 'Dr Pepper Zero Strawberry' in 'COKE FREESTYLE', column 'Large' = 26; the per-100 column (Per 100ml) prints 2 and is not used"
fanta-orange-kids-film-crew,Fanta Orange (Kids Film Crew),Soft Drinks (Coke Freestyle),Kids Film Crew,99,,,,,,,,,,,,,,,,false,false,,,"Printed row 'Fanta Orange' in 'COKE FREESTYLE', column 'Kids Film Crew' = 99; the per-100 column (Per 100ml) prints 21 and is not used"
fanta-orange-small,Fanta Orange (Small),Soft Drinks (Coke Freestyle),Small,137,,,,,,,,,,,,,,,,false,false,,,"Printed row 'Fanta Orange' in 'COKE FREESTYLE', column 'Small' = 137; the per-100 column (Per 100ml) prints 21 and is not used"
fanta-orange-medium,Fanta Orange (Medium),Soft Drinks (Coke Freestyle),Medium,199,,,,,,,,,,,,,,,,false,false,,,"Printed row 'Fanta Orange' in 'COKE FREESTYLE', column 'Medium' = 199; the per-100 column (Per 100ml) prints 21 and is not used"
fanta-orange-large,Fanta Orange (Large),Soft Drinks (Coke Freestyle),Large,273,,,,,,,,,,,,,,,,false,false,,,"Printed row 'Fanta Orange' in 'COKE FREESTYLE', column 'Large' = 273; the per-100 column (Per 100ml) prints 21 and is not used"
fanta-cherry-kids-film-crew,Fanta Cherry (Kids Film Crew),Soft Drinks (Coke Freestyle),Kids Film Crew,104,,,,,,,,,,,,,,,,false,false,,,"Printed row 'Fanta Cherry' in 'COKE FREESTYLE', column 'Kids Film Crew' = 104; the per-100 column (Per 100ml) prints 22 and is not used"
fanta-cherry-small,Fanta Cherry (Small),Soft Drinks (Coke Freestyle),Small,143,,,,,,,,,,,,,,,,false,false,,,"Printed row 'Fanta Cherry' in 'COKE FREESTYLE', column 'Small' = 143; the per-100 column (Per 100ml) prints 22 and is not used"
fanta-cherry-medium,Fanta Cherry (Medium),Soft Drinks (Coke Freestyle),Medium,208,,,,,,,,,,,,,,,,false,false,,,"Printed row 'Fanta Cherry' in 'COKE FREESTYLE', column 'Medium' = 208; the per-100 column (Per 100ml) prints 22 and is not used"
fanta-cherry-large,Fanta Cherry (Large),Soft Drinks (Coke Freestyle),Large,286,,,,,,,,,,,,,,,,false,false,,,"Printed row 'Fanta Cherry' in 'COKE FREESTYLE', column 'Large' = 286; the per-100 column (Per 100ml) prints 22 and is not used"
fanta-raspberry-kids-film-crew,Fanta Raspberry (Kids Film Crew),Soft Drinks (Coke Freestyle),Kids Film Crew,104,,,,,,,,,,,,,,,,false,false,,,"Printed row 'Fanta Raspberry' in 'COKE FREESTYLE', column 'Kids Film Crew' = 104; the per-100 column (Per 100ml) prints 22 and is not used"
fanta-raspberry-small,Fanta Raspberry (Small),Soft Drinks (Coke Freestyle),Small,143,,,,,,,,,,,,,,,,false,false,,,"Printed row 'Fanta Raspberry' in 'COKE FREESTYLE', column 'Small' = 143; the per-100 column (Per 100ml) prints 22 and is not used"
fanta-raspberry-medium,Fanta Raspberry (Medium),Soft Drinks (Coke Freestyle),Medium,208,,,,,,,,,,,,,,,,false,false,,,"Printed row 'Fanta Raspberry' in 'COKE FREESTYLE', column 'Medium' = 208; the per-100 column (Per 100ml) prints 22 and is not used"
fanta-raspberry-large,Fanta Raspberry (Large),Soft Drinks (Coke Freestyle),Large,286,,,,,,,,,,,,,,,,false,false,,,"Printed row 'Fanta Raspberry' in 'COKE FREESTYLE', column 'Large' = 286; the per-100 column (Per 100ml) prints 22 and is not used"
fanta-lemon-kids-film-crew,Fanta Lemon (Kids Film Crew),Soft Drinks (Coke Freestyle),Kids Film Crew,95,,,,,,,,,,,,,,,,false,false,,,"Printed row 'Fanta Lemon' in 'COKE FREESTYLE', column 'Kids Film Crew' = 95; the per-100 column (Per 100ml) prints 20 and is not used"
fanta-lemon-small,Fanta Lemon (Small),Soft Drinks (Coke Freestyle),Small,130,,,,,,,,,,,,,,,,false,false,,,"Printed row 'Fanta Lemon' in 'COKE FREESTYLE', column 'Small' = 130; the per-100 column (Per 100ml) prints 20 and is not used"
fanta-lemon-medium,Fanta Lemon (Medium),Soft Drinks (Coke Freestyle),Medium,189,,,,,,,,,,,,,,,,false,false,,,"Printed row 'Fanta Lemon' in 'COKE FREESTYLE', column 'Medium' = 189; the per-100 column (Per 100ml) prints 20 and is not used"
fanta-lemon-large,Fanta Lemon (Large),Soft Drinks (Coke Freestyle),Large,260,,,,,,,,,,,,,,,,false,false,,,"Printed row 'Fanta Lemon' in 'COKE FREESTYLE', column 'Large' = 260; the per-100 column (Per 100ml) prints 20 and is not used"
fanta-grape-kids-film-crew,Fanta Grape (Kids Film Crew),Soft Drinks (Coke Freestyle),Kids Film Crew,99,,,,,,,,,,,,,,,,false,false,,,"Printed row 'Fanta Grape' in 'COKE FREESTYLE', column 'Kids Film Crew' = 99; the per-100 column (Per 100ml) prints 21 and is not used"
fanta-grape-small,Fanta Grape (Small),Soft Drinks (Coke Freestyle),Small,137,,,,,,,,,,,,,,,,false,false,,,"Printed row 'Fanta Grape' in 'COKE FREESTYLE', column 'Small' = 137; the per-100 column (Per 100ml) prints 21 and is not used"
fanta-grape-medium,Fanta Grape (Medium),Soft Drinks (Coke Freestyle),Medium,199,,,,,,,,,,,,,,,,false,false,,,"Printed row 'Fanta Grape' in 'COKE FREESTYLE', column 'Medium' = 199; the per-100 column (Per 100ml) prints 21 and is not used"
fanta-grape-large,Fanta Grape (Large),Soft Drinks (Coke Freestyle),Large,273,,,,,,,,,,,,,,,,false,false,,,"Printed row 'Fanta Grape' in 'COKE FREESTYLE', column 'Large' = 273; the per-100 column (Per 100ml) prints 21 and is not used"
fanta-peach-kids-film-crew,Fanta Peach (Kids Film Crew),Soft Drinks (Coke Freestyle),Kids Film Crew,99,,,,,,,,,,,,,,,,false,false,,,"Printed row 'Fanta Peach' in 'COKE FREESTYLE', column 'Kids Film Crew' = 99; the per-100 column (Per 100ml) prints 21 and is not used"
fanta-peach-small,Fanta Peach (Small),Soft Drinks (Coke Freestyle),Small,137,,,,,,,,,,,,,,,,false,false,,,"Printed row 'Fanta Peach' in 'COKE FREESTYLE', column 'Small' = 137; the per-100 column (Per 100ml) prints 21 and is not used"
fanta-peach-medium,Fanta Peach (Medium),Soft Drinks (Coke Freestyle),Medium,199,,,,,,,,,,,,,,,,false,false,,,"Printed row 'Fanta Peach' in 'COKE FREESTYLE', column 'Medium' = 199; the per-100 column (Per 100ml) prints 21 and is not used"
fanta-peach-large,Fanta Peach (Large),Soft Drinks (Coke Freestyle),Large,273,,,,,,,,,,,,,,,,false,false,,,"Printed row 'Fanta Peach' in 'COKE FREESTYLE', column 'Large' = 273; the per-100 column (Per 100ml) prints 21 and is not used"
fanta-strawberry-kids-film-crew,Fanta Strawberry (Kids Film Crew),Soft Drinks (Coke Freestyle),Kids Film Crew,104,,,,,,,,,,,,,,,,false,false,,,"Printed row 'Fanta Strawberry' in 'COKE FREESTYLE', column 'Kids Film Crew' = 104; the per-100 column (Per 100ml) prints 22 and is not used"
fanta-strawberry-small,Fanta Strawberry (Small),Soft Drinks (Coke Freestyle),Small,143,,,,,,,,,,,,,,,,false,false,,,"Printed row 'Fanta Strawberry' in 'COKE FREESTYLE', column 'Small' = 143; the per-100 column (Per 100ml) prints 22 and is not used"
fanta-strawberry-medium,Fanta Strawberry (Medium),Soft Drinks (Coke Freestyle),Medium,208,,,,,,,,,,,,,,,,false,false,,,"Printed row 'Fanta Strawberry' in 'COKE FREESTYLE', column 'Medium' = 208; the per-100 column (Per 100ml) prints 22 and is not used"
fanta-strawberry-large,Fanta Strawberry (Large),Soft Drinks (Coke Freestyle),Large,286,,,,,,,,,,,,,,,,false,false,,,"Printed row 'Fanta Strawberry' in 'COKE FREESTYLE', column 'Large' = 286; the per-100 column (Per 100ml) prints 22 and is not used"
fanta-fruit-punch-kids-film-crew,Fanta Fruit Punch (Kids Film Crew),Soft Drinks (Coke Freestyle),Kids Film Crew,99,,,,,,,,,,,,,,,,false,false,,,"Printed row 'Fanta Fruit Punch' in 'COKE FREESTYLE', column 'Kids Film Crew' = 99; the per-100 column (Per 100ml) prints 21 and is not used"
fanta-fruit-punch-small,Fanta Fruit Punch (Small),Soft Drinks (Coke Freestyle),Small,137,,,,,,,,,,,,,,,,false,false,,,"Printed row 'Fanta Fruit Punch' in 'COKE FREESTYLE', column 'Small' = 137; the per-100 column (Per 100ml) prints 21 and is not used"
fanta-fruit-punch-medium,Fanta Fruit Punch (Medium),Soft Drinks (Coke Freestyle),Medium,199,,,,,,,,,,,,,,,,false,false,,,"Printed row 'Fanta Fruit Punch' in 'COKE FREESTYLE', column 'Medium' = 199; the per-100 column (Per 100ml) prints 21 and is not used"
fanta-fruit-punch-large,Fanta Fruit Punch (Large),Soft Drinks (Coke Freestyle),Large,273,,,,,,,,,,,,,,,,false,false,,,"Printed row 'Fanta Fruit Punch' in 'COKE FREESTYLE', column 'Large' = 273; the per-100 column (Per 100ml) prints 21 and is not used"
fanta-zero-kids-film-crew,Fanta Zero (Kids Film Crew),Soft Drinks (Coke Freestyle),Kids Film Crew,5,,,,,,,,,,,,,,,,false,false,,,"Printed row 'Fanta Zero' in 'COKE FREESTYLE', column 'Kids Film Crew' = 5; the per-100 column (Per 100ml) prints 1 and is not used"
fanta-zero-small,Fanta Zero (Small),Soft Drinks (Coke Freestyle),Small,7,,,,,,,,,,,,,,,,false,false,,,"Printed row 'Fanta Zero' in 'COKE FREESTYLE', column 'Small' = 7; the per-100 column (Per 100ml) prints 1 and is not used"
fanta-zero-medium,Fanta Zero (Medium),Soft Drinks (Coke Freestyle),Medium,9,,,,,,,,,,,,,,,,false,false,,,"Printed row 'Fanta Zero' in 'COKE FREESTYLE', column 'Medium' = 9; the per-100 column (Per 100ml) prints 1 and is not used"
fanta-zero-large,Fanta Zero (Large),Soft Drinks (Coke Freestyle),Large,13,,,,,,,,,,,,,,,,false,false,,,"Printed row 'Fanta Zero' in 'COKE FREESTYLE', column 'Large' = 13; the per-100 column (Per 100ml) prints 1 and is not used"
fanta-zero-cherry-kids-film-crew,Fanta Zero Cherry (Kids Film Crew),Soft Drinks (Coke Freestyle),Kids Film Crew,9,,,,,,,,,,,,,,,,false,false,,,"Printed row 'Fanta Zero Cherry' in 'COKE FREESTYLE', column 'Kids Film Crew' = 9; the per-100 column (Per 100ml) prints 2 and is not used"
fanta-zero-cherry-small,Fanta Zero Cherry (Small),Soft Drinks (Coke Freestyle),Small,13,,,,,,,,,,,,,,,,false,false,,,"Printed row 'Fanta Zero Cherry' in 'COKE FREESTYLE', column 'Small' = 13; the per-100 column (Per 100ml) prints 2 and is not used"
fanta-zero-cherry-medium,Fanta Zero Cherry (Medium),Soft Drinks (Coke Freestyle),Medium,19,,,,,,,,,,,,,,,,false,false,,,"Printed row 'Fanta Zero Cherry' in 'COKE FREESTYLE', column 'Medium' = 19; the per-100 column (Per 100ml) prints 2 and is not used"
fanta-zero-cherry-large,Fanta Zero Cherry (Large),Soft Drinks (Coke Freestyle),Large,26,,,,,,,,,,,,,,,,false,false,,,"Printed row 'Fanta Zero Cherry' in 'COKE FREESTYLE', column 'Large' = 26; the per-100 column (Per 100ml) prints 2 and is not used"
fanta-zero-raspberry-kids-film-crew,Fanta Zero Raspberry (Kids Film Crew),Soft Drinks (Coke Freestyle),Kids Film Crew,9,,,,,,,,,,,,,,,,false,false,,,"Printed row 'Fanta Zero Raspberry' in 'COKE FREESTYLE', column 'Kids Film Crew' = 9; the per-100 column (Per 100ml) prints 2 and is not used"
fanta-zero-raspberry-small,Fanta Zero Raspberry (Small),Soft Drinks (Coke Freestyle),Small,13,,,,,,,,,,,,,,,,false,false,,,"Printed row 'Fanta Zero Raspberry' in 'COKE FREESTYLE', column 'Small' = 13; the per-100 column (Per 100ml) prints 2 and is not used"
fanta-zero-raspberry-medium,Fanta Zero Raspberry (Medium),Soft Drinks (Coke Freestyle),Medium,19,,,,,,,,,,,,,,,,false,false,,,"Printed row 'Fanta Zero Raspberry' in 'COKE FREESTYLE', column 'Medium' = 19; the per-100 column (Per 100ml) prints 2 and is not used"
fanta-zero-raspberry-large,Fanta Zero Raspberry (Large),Soft Drinks (Coke Freestyle),Large,26,,,,,,,,,,,,,,,,false,false,,,"Printed row 'Fanta Zero Raspberry' in 'COKE FREESTYLE', column 'Large' = 26; the per-100 column (Per 100ml) prints 2 and is not used"
fanta-zero-lemon-kids-film-crew,Fanta Zero Lemon (Kids Film Crew),Soft Drinks (Coke Freestyle),Kids Film Crew,2,,,,,,,,,,,,,,,,false,false,,,"Printed row 'Fanta Zero Lemon' in 'COKE FREESTYLE', column 'Kids Film Crew' = 2; the per-100 column (Per 100ml) prints 0.5 and is not used"
fanta-zero-lemon-small,Fanta Zero Lemon (Small),Soft Drinks (Coke Freestyle),Small,3,,,,,,,,,,,,,,,,false,false,,,"Printed row 'Fanta Zero Lemon' in 'COKE FREESTYLE', column 'Small' = 3; the per-100 column (Per 100ml) prints 0.5 and is not used"
fanta-zero-lemon-medium,Fanta Zero Lemon (Medium),Soft Drinks (Coke Freestyle),Medium,5,,,,,,,,,,,,,,,,false,false,,,"Printed row 'Fanta Zero Lemon' in 'COKE FREESTYLE', column 'Medium' = 5; the per-100 column (Per 100ml) prints 0.5 and is not used"
fanta-zero-lemon-large,Fanta Zero Lemon (Large),Soft Drinks (Coke Freestyle),Large,7,,,,,,,,,,,,,,,,false,false,,,"Printed row 'Fanta Zero Lemon' in 'COKE FREESTYLE', column 'Large' = 7; the per-100 column (Per 100ml) prints 0.5 and is not used"
fanta-zero-grape-kids-film-crew,Fanta Zero Grape (Kids Film Crew),Soft Drinks (Coke Freestyle),Kids Film Crew,9,,,,,,,,,,,,,,,,false,false,,,"Printed row 'Fanta Zero Grape' in 'COKE FREESTYLE', column 'Kids Film Crew' = 9; the per-100 column (Per 100ml) prints 2 and is not used"
fanta-zero-grape-small,Fanta Zero Grape (Small),Soft Drinks (Coke Freestyle),Small,13,,,,,,,,,,,,,,,,false,false,,,"Printed row 'Fanta Zero Grape' in 'COKE FREESTYLE', column 'Small' = 13; the per-100 column (Per 100ml) prints 2 and is not used"
fanta-zero-grape-medium,Fanta Zero Grape (Medium),Soft Drinks (Coke Freestyle),Medium,19,,,,,,,,,,,,,,,,false,false,,,"Printed row 'Fanta Zero Grape' in 'COKE FREESTYLE', column 'Medium' = 19; the per-100 column (Per 100ml) prints 2 and is not used"
fanta-zero-grape-large,Fanta Zero Grape (Large),Soft Drinks (Coke Freestyle),Large,26,,,,,,,,,,,,,,,,false,false,,,"Printed row 'Fanta Zero Grape' in 'COKE FREESTYLE', column 'Large' = 26; the per-100 column (Per 100ml) prints 2 and is not used"
fanta-zero-peach-kids-film-crew,Fanta Zero Peach (Kids Film Crew),Soft Drinks (Coke Freestyle),Kids Film Crew,9,,,,,,,,,,,,,,,,false,false,,,"Printed row 'Fanta Zero Peach' in 'COKE FREESTYLE', column 'Kids Film Crew' = 9; the per-100 column (Per 100ml) prints 2 and is not used"
fanta-zero-peach-small,Fanta Zero Peach (Small),Soft Drinks (Coke Freestyle),Small,13,,,,,,,,,,,,,,,,false,false,,,"Printed row 'Fanta Zero Peach' in 'COKE FREESTYLE', column 'Small' = 13; the per-100 column (Per 100ml) prints 2 and is not used"
fanta-zero-peach-medium,Fanta Zero Peach (Medium),Soft Drinks (Coke Freestyle),Medium,19,,,,,,,,,,,,,,,,false,false,,,"Printed row 'Fanta Zero Peach' in 'COKE FREESTYLE', column 'Medium' = 19; the per-100 column (Per 100ml) prints 2 and is not used"
fanta-zero-peach-large,Fanta Zero Peach (Large),Soft Drinks (Coke Freestyle),Large,26,,,,,,,,,,,,,,,,false,false,,,"Printed row 'Fanta Zero Peach' in 'COKE FREESTYLE', column 'Large' = 26; the per-100 column (Per 100ml) prints 2 and is not used"
fanta-zero-strawberry-kids-film-crew,Fanta Zero Strawberry (Kids Film Crew),Soft Drinks (Coke Freestyle),Kids Film Crew,9,,,,,,,,,,,,,,,,false,false,,,"Printed row 'Fanta Zero Strawberry' in 'COKE FREESTYLE', column 'Kids Film Crew' = 9; the per-100 column (Per 100ml) prints 2 and is not used"
fanta-zero-strawberry-small,Fanta Zero Strawberry (Small),Soft Drinks (Coke Freestyle),Small,13,,,,,,,,,,,,,,,,false,false,,,"Printed row 'Fanta Zero Strawberry' in 'COKE FREESTYLE', column 'Small' = 13; the per-100 column (Per 100ml) prints 2 and is not used"
fanta-zero-strawberry-medium,Fanta Zero Strawberry (Medium),Soft Drinks (Coke Freestyle),Medium,19,,,,,,,,,,,,,,,,false,false,,,"Printed row 'Fanta Zero Strawberry' in 'COKE FREESTYLE', column 'Medium' = 19; the per-100 column (Per 100ml) prints 2 and is not used"
fanta-zero-strawberry-large,Fanta Zero Strawberry (Large),Soft Drinks (Coke Freestyle),Large,26,,,,,,,,,,,,,,,,false,false,,,"Printed row 'Fanta Zero Strawberry' in 'COKE FREESTYLE', column 'Large' = 26; the per-100 column (Per 100ml) prints 2 and is not used"
fanta-zero-fruit-punch-kids-film-crew,Fanta Zero Fruit Punch (Kids Film Crew),Soft Drinks (Coke Freestyle),Kids Film Crew,9,,,,,,,,,,,,,,,,false,false,,,"Printed row 'Fanta Zero Fruit Punch' in 'COKE FREESTYLE', column 'Kids Film Crew' = 9; the per-100 column (Per 100ml) prints 2 and is not used"
fanta-zero-fruit-punch-small,Fanta Zero Fruit Punch (Small),Soft Drinks (Coke Freestyle),Small,13,,,,,,,,,,,,,,,,false,false,,,"Printed row 'Fanta Zero Fruit Punch' in 'COKE FREESTYLE', column 'Small' = 13; the per-100 column (Per 100ml) prints 2 and is not used"
fanta-zero-fruit-punch-medium,Fanta Zero Fruit Punch (Medium),Soft Drinks (Coke Freestyle),Medium,19,,,,,,,,,,,,,,,,false,false,,,"Printed row 'Fanta Zero Fruit Punch' in 'COKE FREESTYLE', column 'Medium' = 19; the per-100 column (Per 100ml) prints 2 and is not used"
fanta-zero-fruit-punch-large,Fanta Zero Fruit Punch (Large),Soft Drinks (Coke Freestyle),Large,26,,,,,,,,,,,,,,,,false,false,,,"Printed row 'Fanta Zero Fruit Punch' in 'COKE FREESTYLE', column 'Large' = 26; the per-100 column (Per 100ml) prints 2 and is not used"
fanta-no-bubbles-kids-film-crew,Fanta No Bubbles (Kids Film Crew),Soft Drinks (Coke Freestyle),Kids Film Crew,95,,,,,,,,,,,,,,,,false,false,,,"Printed row 'Fanta No Bubbles' in 'COKE FREESTYLE', column 'Kids Film Crew' = 95; the per-100 column (Per 100ml) prints 20 and is not used"
fanta-no-bubbles-small,Fanta No Bubbles (Small),Soft Drinks (Coke Freestyle),Small,130,,,,,,,,,,,,,,,,false,false,,,"Printed row 'Fanta No Bubbles' in 'COKE FREESTYLE', column 'Small' = 130; the per-100 column (Per 100ml) prints 20 and is not used"
fanta-no-bubbles-medium,Fanta No Bubbles (Medium),Soft Drinks (Coke Freestyle),Medium,189,,,,,,,,,,,,,,,,false,false,,,"Printed row 'Fanta No Bubbles' in 'COKE FREESTYLE', column 'Medium' = 189; the per-100 column (Per 100ml) prints 20 and is not used"
fanta-no-bubbles-large,Fanta No Bubbles (Large),Soft Drinks (Coke Freestyle),Large,260,,,,,,,,,,,,,,,,false,false,,,"Printed row 'Fanta No Bubbles' in 'COKE FREESTYLE', column 'Large' = 260; the per-100 column (Per 100ml) prints 20 and is not used"
fanta-no-bubbles-cherry-kids-film-crew,Fanta No Bubbles Cherry (Kids Film Crew),Soft Drinks (Coke Freestyle),Kids Film Crew,104,,,,,,,,,,,,,,,,false,false,,,"Printed row 'Fanta No Bubbles Cherry' in 'COKE FREESTYLE', column 'Kids Film Crew' = 104; the per-100 column (Per 100ml) prints 22 and is not used"
fanta-no-bubbles-cherry-small,Fanta No Bubbles Cherry (Small),Soft Drinks (Coke Freestyle),Small,143,,,,,,,,,,,,,,,,false,false,,,"Printed row 'Fanta No Bubbles Cherry' in 'COKE FREESTYLE', column 'Small' = 143; the per-100 column (Per 100ml) prints 22 and is not used"
fanta-no-bubbles-cherry-medium,Fanta No Bubbles Cherry (Medium),Soft Drinks (Coke Freestyle),Medium,208,,,,,,,,,,,,,,,,false,false,,,"Printed row 'Fanta No Bubbles Cherry' in 'COKE FREESTYLE', column 'Medium' = 208; the per-100 column (Per 100ml) prints 22 and is not used"
fanta-no-bubbles-cherry-large,Fanta No Bubbles Cherry (Large),Soft Drinks (Coke Freestyle),Large,286,,,,,,,,,,,,,,,,false,false,,,"Printed row 'Fanta No Bubbles Cherry' in 'COKE FREESTYLE', column 'Large' = 286; the per-100 column (Per 100ml) prints 22 and is not used"
fanta-no-bubbles-raspberry-kids-film-crew,Fanta No Bubbles Raspberry (Kids Film Crew),Soft Drinks (Coke Freestyle),Kids Film Crew,104,,,,,,,,,,,,,,,,false,false,,,"Printed row 'Fanta No Bubbles Raspberry' in 'COKE FREESTYLE', column 'Kids Film Crew' = 104; the per-100 column (Per 100ml) prints 22 and is not used"
fanta-no-bubbles-raspberry-small,Fanta No Bubbles Raspberry (Small),Soft Drinks (Coke Freestyle),Small,143,,,,,,,,,,,,,,,,false,false,,,"Printed row 'Fanta No Bubbles Raspberry' in 'COKE FREESTYLE', column 'Small' = 143; the per-100 column (Per 100ml) prints 22 and is not used"
fanta-no-bubbles-raspberry-medium,Fanta No Bubbles Raspberry (Medium),Soft Drinks (Coke Freestyle),Medium,208,,,,,,,,,,,,,,,,false,false,,,"Printed row 'Fanta No Bubbles Raspberry' in 'COKE FREESTYLE', column 'Medium' = 208; the per-100 column (Per 100ml) prints 22 and is not used"
fanta-no-bubbles-raspberry-large,Fanta No Bubbles Raspberry (Large),Soft Drinks (Coke Freestyle),Large,286,,,,,,,,,,,,,,,,false,false,,,"Printed row 'Fanta No Bubbles Raspberry' in 'COKE FREESTYLE', column 'Large' = 286; the per-100 column (Per 100ml) prints 22 and is not used"
fanta-no-bubbles-lemon-kids-film-crew,Fanta No Bubbles Lemon (Kids Film Crew),Soft Drinks (Coke Freestyle),Kids Film Crew,95,,,,,,,,,,,,,,,,false,false,,,"Printed row 'Fanta No Bubbles Lemon' in 'COKE FREESTYLE', column 'Kids Film Crew' = 95; the per-100 column (Per 100ml) prints 20 and is not used"
fanta-no-bubbles-lemon-small,Fanta No Bubbles Lemon (Small),Soft Drinks (Coke Freestyle),Small,130,,,,,,,,,,,,,,,,false,false,,,"Printed row 'Fanta No Bubbles Lemon' in 'COKE FREESTYLE', column 'Small' = 130; the per-100 column (Per 100ml) prints 20 and is not used"
fanta-no-bubbles-lemon-medium,Fanta No Bubbles Lemon (Medium),Soft Drinks (Coke Freestyle),Medium,189,,,,,,,,,,,,,,,,false,false,,,"Printed row 'Fanta No Bubbles Lemon' in 'COKE FREESTYLE', column 'Medium' = 189; the per-100 column (Per 100ml) prints 20 and is not used"
fanta-no-bubbles-lemon-large,Fanta No Bubbles Lemon (Large),Soft Drinks (Coke Freestyle),Large,260,,,,,,,,,,,,,,,,false,false,,,"Printed row 'Fanta No Bubbles Lemon' in 'COKE FREESTYLE', column 'Large' = 260; the per-100 column (Per 100ml) prints 20 and is not used"
fanta-no-bubbles-grape-kids-film-crew,Fanta No Bubbles Grape (Kids Film Crew),Soft Drinks (Coke Freestyle),Kids Film Crew,99,,,,,,,,,,,,,,,,false,false,,,"Printed row 'Fanta No Bubbles Grape' in 'COKE FREESTYLE', column 'Kids Film Crew' = 99; the per-100 column (Per 100ml) prints 21 and is not used"
fanta-no-bubbles-grape-small,Fanta No Bubbles Grape (Small),Soft Drinks (Coke Freestyle),Small,137,,,,,,,,,,,,,,,,false,false,,,"Printed row 'Fanta No Bubbles Grape' in 'COKE FREESTYLE', column 'Small' = 137; the per-100 column (Per 100ml) prints 21 and is not used"
fanta-no-bubbles-grape-medium,Fanta No Bubbles Grape (Medium),Soft Drinks (Coke Freestyle),Medium,199,,,,,,,,,,,,,,,,false,false,,,"Printed row 'Fanta No Bubbles Grape' in 'COKE FREESTYLE', column 'Medium' = 199; the per-100 column (Per 100ml) prints 21 and is not used"
fanta-no-bubbles-grape-large,Fanta No Bubbles Grape (Large),Soft Drinks (Coke Freestyle),Large,273,,,,,,,,,,,,,,,,false,false,,,"Printed row 'Fanta No Bubbles Grape' in 'COKE FREESTYLE', column 'Large' = 273; the per-100 column (Per 100ml) prints 21 and is not used"
fanta-no-bubbles-peach-kids-film-crew,Fanta No Bubbles Peach (Kids Film Crew),Soft Drinks (Coke Freestyle),Kids Film Crew,99,,,,,,,,,,,,,,,,false,false,,,"Printed row 'Fanta No Bubbles Peach' in 'COKE FREESTYLE', column 'Kids Film Crew' = 99; the per-100 column (Per 100ml) prints 21 and is not used"
fanta-no-bubbles-peach-small,Fanta No Bubbles Peach (Small),Soft Drinks (Coke Freestyle),Small,137,,,,,,,,,,,,,,,,false,false,,,"Printed row 'Fanta No Bubbles Peach' in 'COKE FREESTYLE', column 'Small' = 137; the per-100 column (Per 100ml) prints 21 and is not used"
fanta-no-bubbles-peach-medium,Fanta No Bubbles Peach (Medium),Soft Drinks (Coke Freestyle),Medium,199,,,,,,,,,,,,,,,,false,false,,,"Printed row 'Fanta No Bubbles Peach' in 'COKE FREESTYLE', column 'Medium' = 199; the per-100 column (Per 100ml) prints 21 and is not used"
fanta-no-bubbles-peach-large,Fanta No Bubbles Peach (Large),Soft Drinks (Coke Freestyle),Large,273,,,,,,,,,,,,,,,,false,false,,,"Printed row 'Fanta No Bubbles Peach' in 'COKE FREESTYLE', column 'Large' = 273; the per-100 column (Per 100ml) prints 21 and is not used"
fanta-no-bubbles-strawberry-kids-film-crew,Fanta No Bubbles Strawberry (Kids Film Crew),Soft Drinks (Coke Freestyle),Kids Film Crew,104,,,,,,,,,,,,,,,,false,false,,,"Printed row 'Fanta No Bubbles Strawberry' in 'COKE FREESTYLE', column 'Kids Film Crew' = 104; the per-100 column (Per 100ml) prints 22 and is not used"
fanta-no-bubbles-strawberry-small,Fanta No Bubbles Strawberry (Small),Soft Drinks (Coke Freestyle),Small,143,,,,,,,,,,,,,,,,false,false,,,"Printed row 'Fanta No Bubbles Strawberry' in 'COKE FREESTYLE', column 'Small' = 143; the per-100 column (Per 100ml) prints 22 and is not used"
fanta-no-bubbles-strawberry-medium,Fanta No Bubbles Strawberry (Medium),Soft Drinks (Coke Freestyle),Medium,208,,,,,,,,,,,,,,,,false,false,,,"Printed row 'Fanta No Bubbles Strawberry' in 'COKE FREESTYLE', column 'Medium' = 208; the per-100 column (Per 100ml) prints 22 and is not used"
fanta-no-bubbles-strawberry-large,Fanta No Bubbles Strawberry (Large),Soft Drinks (Coke Freestyle),Large,286,,,,,,,,,,,,,,,,false,false,,,"Printed row 'Fanta No Bubbles Strawberry' in 'COKE FREESTYLE', column 'Large' = 286; the per-100 column (Per 100ml) prints 22 and is not used"
fanta-no-bubbles-fruit-punch-kids-film-crew,Fanta No Bubbles Fruit Punch (Kids Film Crew),Soft Drinks (Coke Freestyle),Kids Film Crew,99,,,,,,,,,,,,,,,,false,false,,,"Printed row 'Fanta No Bubbles Fruit Punch' in 'COKE FREESTYLE', column 'Kids Film Crew' = 99; the per-100 column (Per 100ml) prints 21 and is not used"
fanta-no-bubbles-fruit-punch-small,Fanta No Bubbles Fruit Punch (Small),Soft Drinks (Coke Freestyle),Small,137,,,,,,,,,,,,,,,,false,false,,,"Printed row 'Fanta No Bubbles Fruit Punch' in 'COKE FREESTYLE', column 'Small' = 137; the per-100 column (Per 100ml) prints 21 and is not used"
fanta-no-bubbles-fruit-punch-medium,Fanta No Bubbles Fruit Punch (Medium),Soft Drinks (Coke Freestyle),Medium,199,,,,,,,,,,,,,,,,false,false,,,"Printed row 'Fanta No Bubbles Fruit Punch' in 'COKE FREESTYLE', column 'Medium' = 199; the per-100 column (Per 100ml) prints 21 and is not used"
fanta-no-bubbles-fruit-punch-large,Fanta No Bubbles Fruit Punch (Large),Soft Drinks (Coke Freestyle),Large,273,,,,,,,,,,,,,,,,false,false,,,"Printed row 'Fanta No Bubbles Fruit Punch' in 'COKE FREESTYLE', column 'Large' = 273; the per-100 column (Per 100ml) prints 21 and is not used"
fanta-no-bubbles-zero-kids-film-crew,Fanta No Bubbles Zero (Kids Film Crew),Soft Drinks (Coke Freestyle),Kids Film Crew,5,,,,,,,,,,,,,,,,false,false,,,"Printed row 'Fanta No Bubbles Zero' in 'COKE FREESTYLE', column 'Kids Film Crew' = 5; the per-100 column (Per 100ml) prints 1 and is not used"
fanta-no-bubbles-zero-small,Fanta No Bubbles Zero (Small),Soft Drinks (Coke Freestyle),Small,7,,,,,,,,,,,,,,,,false,false,,,"Printed row 'Fanta No Bubbles Zero' in 'COKE FREESTYLE', column 'Small' = 7; the per-100 column (Per 100ml) prints 1 and is not used"
fanta-no-bubbles-zero-medium,Fanta No Bubbles Zero (Medium),Soft Drinks (Coke Freestyle),Medium,9,,,,,,,,,,,,,,,,false,false,,,"Printed row 'Fanta No Bubbles Zero' in 'COKE FREESTYLE', column 'Medium' = 9; the per-100 column (Per 100ml) prints 1 and is not used"
fanta-no-bubbles-zero-large,Fanta No Bubbles Zero (Large),Soft Drinks (Coke Freestyle),Large,13,,,,,,,,,,,,,,,,false,false,,,"Printed row 'Fanta No Bubbles Zero' in 'COKE FREESTYLE', column 'Large' = 13; the per-100 column (Per 100ml) prints 1 and is not used"
fanta-no-bubbles-cherry-zero-kids-film-crew,Fanta No Bubbles Cherry Zero (Kids Film Crew),Soft Drinks (Coke Freestyle),Kids Film Crew,9,,,,,,,,,,,,,,,,false,false,,,"Printed row 'Fanta No Bubbles Cherry Zero' in 'COKE FREESTYLE', column 'Kids Film Crew' = 9; the per-100 column (Per 100ml) prints 2 and is not used"
fanta-no-bubbles-cherry-zero-small,Fanta No Bubbles Cherry Zero (Small),Soft Drinks (Coke Freestyle),Small,13,,,,,,,,,,,,,,,,false,false,,,"Printed row 'Fanta No Bubbles Cherry Zero' in 'COKE FREESTYLE', column 'Small' = 13; the per-100 column (Per 100ml) prints 2 and is not used"
fanta-no-bubbles-cherry-zero-medium,Fanta No Bubbles Cherry Zero (Medium),Soft Drinks (Coke Freestyle),Medium,19,,,,,,,,,,,,,,,,false,false,,,"Printed row 'Fanta No Bubbles Cherry Zero' in 'COKE FREESTYLE', column 'Medium' = 19; the per-100 column (Per 100ml) prints 2 and is not used"
fanta-no-bubbles-cherry-zero-large,Fanta No Bubbles Cherry Zero (Large),Soft Drinks (Coke Freestyle),Large,26,,,,,,,,,,,,,,,,false,false,,,"Printed row 'Fanta No Bubbles Cherry Zero' in 'COKE FREESTYLE', column 'Large' = 26; the per-100 column (Per 100ml) prints 2 and is not used"
fanta-no-bubbles-raspberry-zero-kids-film-crew,Fanta No Bubbles Raspberry Zero (Kids Film Crew),Soft Drinks (Coke Freestyle),Kids Film Crew,9,,,,,,,,,,,,,,,,false,false,,,"Printed row 'Fanta No Bubbles Raspberry Zero' in 'COKE FREESTYLE', column 'Kids Film Crew' = 9; the per-100 column (Per 100ml) prints 2 and is not used"
fanta-no-bubbles-raspberry-zero-small,Fanta No Bubbles Raspberry Zero (Small),Soft Drinks (Coke Freestyle),Small,13,,,,,,,,,,,,,,,,false,false,,,"Printed row 'Fanta No Bubbles Raspberry Zero' in 'COKE FREESTYLE', column 'Small' = 13; the per-100 column (Per 100ml) prints 2 and is not used"
fanta-no-bubbles-raspberry-zero-medium,Fanta No Bubbles Raspberry Zero (Medium),Soft Drinks (Coke Freestyle),Medium,19,,,,,,,,,,,,,,,,false,false,,,"Printed row 'Fanta No Bubbles Raspberry Zero' in 'COKE FREESTYLE', column 'Medium' = 19; the per-100 column (Per 100ml) prints 2 and is not used"
fanta-no-bubbles-raspberry-zero-large,Fanta No Bubbles Raspberry Zero (Large),Soft Drinks (Coke Freestyle),Large,26,,,,,,,,,,,,,,,,false,false,,,"Printed row 'Fanta No Bubbles Raspberry Zero' in 'COKE FREESTYLE', column 'Large' = 26; the per-100 column (Per 100ml) prints 2 and is not used"
fanta-no-bubbles-lemon-zero-kids-film-crew,Fanta No Bubbles Lemon Zero (Kids Film Crew),Soft Drinks (Coke Freestyle),Kids Film Crew,2,,,,,,,,,,,,,,,,false,false,,,"Printed row 'Fanta No Bubbles Lemon Zero' in 'COKE FREESTYLE', column 'Kids Film Crew' = 2; the per-100 column (Per 100ml) prints 0.5 and is not used"
fanta-no-bubbles-lemon-zero-small,Fanta No Bubbles Lemon Zero (Small),Soft Drinks (Coke Freestyle),Small,3,,,,,,,,,,,,,,,,false,false,,,"Printed row 'Fanta No Bubbles Lemon Zero' in 'COKE FREESTYLE', column 'Small' = 3; the per-100 column (Per 100ml) prints 0.5 and is not used"
fanta-no-bubbles-lemon-zero-medium,Fanta No Bubbles Lemon Zero (Medium),Soft Drinks (Coke Freestyle),Medium,5,,,,,,,,,,,,,,,,false,false,,,"Printed row 'Fanta No Bubbles Lemon Zero' in 'COKE FREESTYLE', column 'Medium' = 5; the per-100 column (Per 100ml) prints 0.5 and is not used"
fanta-no-bubbles-lemon-zero-large,Fanta No Bubbles Lemon Zero (Large),Soft Drinks (Coke Freestyle),Large,7,,,,,,,,,,,,,,,,false,false,,,"Printed row 'Fanta No Bubbles Lemon Zero' in 'COKE FREESTYLE', column 'Large' = 7; the per-100 column (Per 100ml) prints 0.5 and is not used"
fanta-no-bubbles-grape-zero-kids-film-crew,Fanta No Bubbles Grape Zero (Kids Film Crew),Soft Drinks (Coke Freestyle),Kids Film Crew,9,,,,,,,,,,,,,,,,false,false,,,"Printed row 'Fanta No Bubbles Grape Zero' in 'COKE FREESTYLE', column 'Kids Film Crew' = 9; the per-100 column (Per 100ml) prints 2 and is not used"
fanta-no-bubbles-grape-zero-small,Fanta No Bubbles Grape Zero (Small),Soft Drinks (Coke Freestyle),Small,13,,,,,,,,,,,,,,,,false,false,,,"Printed row 'Fanta No Bubbles Grape Zero' in 'COKE FREESTYLE', column 'Small' = 13; the per-100 column (Per 100ml) prints 2 and is not used"
fanta-no-bubbles-grape-zero-medium,Fanta No Bubbles Grape Zero (Medium),Soft Drinks (Coke Freestyle),Medium,19,,,,,,,,,,,,,,,,false,false,,,"Printed row 'Fanta No Bubbles Grape Zero' in 'COKE FREESTYLE', column 'Medium' = 19; the per-100 column (Per 100ml) prints 2 and is not used"
fanta-no-bubbles-grape-zero-large,Fanta No Bubbles Grape Zero (Large),Soft Drinks (Coke Freestyle),Large,26,,,,,,,,,,,,,,,,false,false,,,"Printed row 'Fanta No Bubbles Grape Zero' in 'COKE FREESTYLE', column 'Large' = 26; the per-100 column (Per 100ml) prints 2 and is not used"
fanta-no-bubbles-peach-zero-kids-film-crew,Fanta No Bubbles Peach Zero (Kids Film Crew),Soft Drinks (Coke Freestyle),Kids Film Crew,9,,,,,,,,,,,,,,,,false,false,,,"Printed row 'Fanta No Bubbles Peach Zero' in 'COKE FREESTYLE', column 'Kids Film Crew' = 9; the per-100 column (Per 100ml) prints 2 and is not used"
fanta-no-bubbles-peach-zero-small,Fanta No Bubbles Peach Zero (Small),Soft Drinks (Coke Freestyle),Small,13,,,,,,,,,,,,,,,,false,false,,,"Printed row 'Fanta No Bubbles Peach Zero' in 'COKE FREESTYLE', column 'Small' = 13; the per-100 column (Per 100ml) prints 2 and is not used"
fanta-no-bubbles-peach-zero-medium,Fanta No Bubbles Peach Zero (Medium),Soft Drinks (Coke Freestyle),Medium,19,,,,,,,,,,,,,,,,false,false,,,"Printed row 'Fanta No Bubbles Peach Zero' in 'COKE FREESTYLE', column 'Medium' = 19; the per-100 column (Per 100ml) prints 2 and is not used"
fanta-no-bubbles-peach-zero-large,Fanta No Bubbles Peach Zero (Large),Soft Drinks (Coke Freestyle),Large,26,,,,,,,,,,,,,,,,false,false,,,"Printed row 'Fanta No Bubbles Peach Zero' in 'COKE FREESTYLE', column 'Large' = 26; the per-100 column (Per 100ml) prints 2 and is not used"
fanta-no-bubbles-strawberry-zero-kids-film-crew,Fanta No Bubbles Strawberry Zero (Kids Film Crew),Soft Drinks (Coke Freestyle),Kids Film Crew,9,,,,,,,,,,,,,,,,false,false,,,"Printed row 'Fanta No Bubbles Strawberry Zero' in 'COKE FREESTYLE', column 'Kids Film Crew' = 9; the per-100 column (Per 100ml) prints 2 and is not used"
fanta-no-bubbles-strawberry-zero-small,Fanta No Bubbles Strawberry Zero (Small),Soft Drinks (Coke Freestyle),Small,13,,,,,,,,,,,,,,,,false,false,,,"Printed row 'Fanta No Bubbles Strawberry Zero' in 'COKE FREESTYLE', column 'Small' = 13; the per-100 column (Per 100ml) prints 2 and is not used"
fanta-no-bubbles-strawberry-zero-medium,Fanta No Bubbles Strawberry Zero (Medium),Soft Drinks (Coke Freestyle),Medium,19,,,,,,,,,,,,,,,,false,false,,,"Printed row 'Fanta No Bubbles Strawberry Zero' in 'COKE FREESTYLE', column 'Medium' = 19; the per-100 column (Per 100ml) prints 2 and is not used"
fanta-no-bubbles-strawberry-zero-large,Fanta No Bubbles Strawberry Zero (Large),Soft Drinks (Coke Freestyle),Large,26,,,,,,,,,,,,,,,,false,false,,,"Printed row 'Fanta No Bubbles Strawberry Zero' in 'COKE FREESTYLE', column 'Large' = 26; the per-100 column (Per 100ml) prints 2 and is not used"
fanta-no-bubbles-fruit-punch-zero-kids-film-crew,Fanta No Bubbles Fruit Punch Zero (Kids Film Crew),Soft Drinks (Coke Freestyle),Kids Film Crew,9,,,,,,,,,,,,,,,,false,false,,,"Printed row 'Fanta No Bubbles Fruit Punch Zero' in 'COKE FREESTYLE', column 'Kids Film Crew' = 9; the per-100 column (Per 100ml) prints 2 and is not used"
fanta-no-bubbles-fruit-punch-zero-small,Fanta No Bubbles Fruit Punch Zero (Small),Soft Drinks (Coke Freestyle),Small,13,,,,,,,,,,,,,,,,false,false,,,"Printed row 'Fanta No Bubbles Fruit Punch Zero' in 'COKE FREESTYLE', column 'Small' = 13; the per-100 column (Per 100ml) prints 2 and is not used"
fanta-no-bubbles-fruit-punch-zero-medium,Fanta No Bubbles Fruit Punch Zero (Medium),Soft Drinks (Coke Freestyle),Medium,19,,,,,,,,,,,,,,,,false,false,,,"Printed row 'Fanta No Bubbles Fruit Punch Zero' in 'COKE FREESTYLE', column 'Medium' = 19; the per-100 column (Per 100ml) prints 2 and is not used"
fanta-no-bubbles-fruit-punch-zero-large,Fanta No Bubbles Fruit Punch Zero (Large),Soft Drinks (Coke Freestyle),Large,26,,,,,,,,,,,,,,,,false,false,,,"Printed row 'Fanta No Bubbles Fruit Punch Zero' in 'COKE FREESTYLE', column 'Large' = 26; the per-100 column (Per 100ml) prints 2 and is not used"
fuze-tea-lemon-kids-film-crew,Fuze Tea Lemon (Kids Film Crew),Soft Drinks (Coke Freestyle),Kids Film Crew,95,,,,,,,,,,,,,,,,false,false,,,"Printed row 'Fuze Tea Lemon' in 'COKE FREESTYLE', column 'Kids Film Crew' = 95; the per-100 column (Per 100ml) prints 20 and is not used"
fuze-tea-lemon-small,Fuze Tea Lemon (Small),Soft Drinks (Coke Freestyle),Small,130,,,,,,,,,,,,,,,,false,false,,,"Printed row 'Fuze Tea Lemon' in 'COKE FREESTYLE', column 'Small' = 130; the per-100 column (Per 100ml) prints 20 and is not used"
fuze-tea-lemon-medium,Fuze Tea Lemon (Medium),Soft Drinks (Coke Freestyle),Medium,189,,,,,,,,,,,,,,,,false,false,,,"Printed row 'Fuze Tea Lemon' in 'COKE FREESTYLE', column 'Medium' = 189; the per-100 column (Per 100ml) prints 20 and is not used"
fuze-tea-lemon-large,Fuze Tea Lemon (Large),Soft Drinks (Coke Freestyle),Large,260,,,,,,,,,,,,,,,,false,false,,,"Printed row 'Fuze Tea Lemon' in 'COKE FREESTYLE', column 'Large' = 260; the per-100 column (Per 100ml) prints 20 and is not used"
fuze-tea-raspberry-kids-film-crew,Fuze Tea Raspberry (Kids Film Crew),Soft Drinks (Coke Freestyle),Kids Film Crew,99,,,,,,,,,,,,,,,,false,false,,,"Printed row 'Fuze Tea Raspberry' in 'COKE FREESTYLE', column 'Kids Film Crew' = 99; the per-100 column (Per 100ml) prints 21 and is not used"
fuze-tea-raspberry-small,Fuze Tea Raspberry (Small),Soft Drinks (Coke Freestyle),Small,137,,,,,,,,,,,,,,,,false,false,,,"Printed row 'Fuze Tea Raspberry' in 'COKE FREESTYLE', column 'Small' = 137; the per-100 column (Per 100ml) prints 21 and is not used"
fuze-tea-raspberry-medium,Fuze Tea Raspberry (Medium),Soft Drinks (Coke Freestyle),Medium,199,,,,,,,,,,,,,,,,false,false,,,"Printed row 'Fuze Tea Raspberry' in 'COKE FREESTYLE', column 'Medium' = 199; the per-100 column (Per 100ml) prints 21 and is not used"
fuze-tea-raspberry-large,Fuze Tea Raspberry (Large),Soft Drinks (Coke Freestyle),Large,273,,,,,,,,,,,,,,,,false,false,,,"Printed row 'Fuze Tea Raspberry' in 'COKE FREESTYLE', column 'Large' = 273; the per-100 column (Per 100ml) prints 21 and is not used"
fuze-tea-peach-kids-film-crew,Fuze Tea Peach (Kids Film Crew),Soft Drinks (Coke Freestyle),Kids Film Crew,99,,,,,,,,,,,,,,,,false,false,,,"Printed row 'Fuze Tea Peach' in 'COKE FREESTYLE', column 'Kids Film Crew' = 99; the per-100 column (Per 100ml) prints 21 and is not used"
fuze-tea-peach-small,Fuze Tea Peach (Small),Soft Drinks (Coke Freestyle),Small,137,,,,,,,,,,,,,,,,false,false,,,"Printed row 'Fuze Tea Peach' in 'COKE FREESTYLE', column 'Small' = 137; the per-100 column (Per 100ml) prints 21 and is not used"
fuze-tea-peach-medium,Fuze Tea Peach (Medium),Soft Drinks (Coke Freestyle),Medium,199,,,,,,,,,,,,,,,,false,false,,,"Printed row 'Fuze Tea Peach' in 'COKE FREESTYLE', column 'Medium' = 199; the per-100 column (Per 100ml) prints 21 and is not used"
fuze-tea-peach-large,Fuze Tea Peach (Large),Soft Drinks (Coke Freestyle),Large,273,,,,,,,,,,,,,,,,false,false,,,"Printed row 'Fuze Tea Peach' in 'COKE FREESTYLE', column 'Large' = 273; the per-100 column (Per 100ml) prints 21 and is not used"
fuze-tea-strawberry-kids-film-crew,Fuze Tea Strawberry (Kids Film Crew),Soft Drinks (Coke Freestyle),Kids Film Crew,99,,,,,,,,,,,,,,,,false,false,,,"Printed row 'Fuze Tea Strawberry' in 'COKE FREESTYLE', column 'Kids Film Crew' = 99; the per-100 column (Per 100ml) prints 21 and is not used"
fuze-tea-strawberry-small,Fuze Tea Strawberry (Small),Soft Drinks (Coke Freestyle),Small,137,,,,,,,,,,,,,,,,false,false,,,"Printed row 'Fuze Tea Strawberry' in 'COKE FREESTYLE', column 'Small' = 137; the per-100 column (Per 100ml) prints 21 and is not used"
fuze-tea-strawberry-medium,Fuze Tea Strawberry (Medium),Soft Drinks (Coke Freestyle),Medium,199,,,,,,,,,,,,,,,,false,false,,,"Printed row 'Fuze Tea Strawberry' in 'COKE FREESTYLE', column 'Medium' = 199; the per-100 column (Per 100ml) prints 21 and is not used"
fuze-tea-strawberry-large,Fuze Tea Strawberry (Large),Soft Drinks (Coke Freestyle),Large,273,,,,,,,,,,,,,,,,false,false,,,"Printed row 'Fuze Tea Strawberry' in 'COKE FREESTYLE', column 'Large' = 273; the per-100 column (Per 100ml) prints 21 and is not used"
fuze-tea-vanilla-kids-film-crew,Fuze Tea Vanilla (Kids Film Crew),Soft Drinks (Coke Freestyle),Kids Film Crew,99,,,,,,,,,,,,,,,,false,false,,,"Printed row 'Fuze Tea Vanilla' in 'COKE FREESTYLE', column 'Kids Film Crew' = 99; the per-100 column (Per 100ml) prints 21 and is not used"
fuze-tea-vanilla-small,Fuze Tea Vanilla (Small),Soft Drinks (Coke Freestyle),Small,137,,,,,,,,,,,,,,,,false,false,,,"Printed row 'Fuze Tea Vanilla' in 'COKE FREESTYLE', column 'Small' = 137; the per-100 column (Per 100ml) prints 21 and is not used"
fuze-tea-vanilla-medium,Fuze Tea Vanilla (Medium),Soft Drinks (Coke Freestyle),Medium,199,,,,,,,,,,,,,,,,false,false,,,"Printed row 'Fuze Tea Vanilla' in 'COKE FREESTYLE', column 'Medium' = 199; the per-100 column (Per 100ml) prints 21 and is not used"
fuze-tea-vanilla-large,Fuze Tea Vanilla (Large),Soft Drinks (Coke Freestyle),Large,273,,,,,,,,,,,,,,,,false,false,,,"Printed row 'Fuze Tea Vanilla' in 'COKE FREESTYLE', column 'Large' = 273; the per-100 column (Per 100ml) prints 21 and is not used"
fuze-tea-orange-kids-film-crew,Fuze Tea Orange (Kids Film Crew),Soft Drinks (Coke Freestyle),Kids Film Crew,95,,,,,,,,,,,,,,,,false,false,,,"Printed row 'Fuze Tea Orange' in 'COKE FREESTYLE', column 'Kids Film Crew' = 95; the per-100 column (Per 100ml) prints 20 and is not used"
fuze-tea-orange-small,Fuze Tea Orange (Small),Soft Drinks (Coke Freestyle),Small,130,,,,,,,,,,,,,,,,false,false,,,"Printed row 'Fuze Tea Orange' in 'COKE FREESTYLE', column 'Small' = 130; the per-100 column (Per 100ml) prints 20 and is not used"
fuze-tea-orange-medium,Fuze Tea Orange (Medium),Soft Drinks (Coke Freestyle),Medium,189,,,,,,,,,,,,,,,,false,false,,,"Printed row 'Fuze Tea Orange' in 'COKE FREESTYLE', column 'Medium' = 189; the per-100 column (Per 100ml) prints 20 and is not used"
fuze-tea-orange-large,Fuze Tea Orange (Large),Soft Drinks (Coke Freestyle),Large,260,,,,,,,,,,,,,,,,false,false,,,"Printed row 'Fuze Tea Orange' in 'COKE FREESTYLE', column 'Large' = 260; the per-100 column (Per 100ml) prints 20 and is not used"
fuze-tea-zero-lemon-kids-film-crew,Fuze Tea Zero Lemon (Kids Film Crew),Soft Drinks (Coke Freestyle),Kids Film Crew,5,,,,,,,,,,,,,,,,false,false,,,"Printed row 'Fuze Tea Zero Lemon' in 'COKE FREESTYLE', column 'Kids Film Crew' = 5; the per-100 column (Per 100ml) prints 1 and is not used"
fuze-tea-zero-lemon-small,Fuze Tea Zero Lemon (Small),Soft Drinks (Coke Freestyle),Small,7,,,,,,,,,,,,,,,,false,false,,,"Printed row 'Fuze Tea Zero Lemon' in 'COKE FREESTYLE', column 'Small' = 7; the per-100 column (Per 100ml) prints 1 and is not used"
fuze-tea-zero-lemon-medium,Fuze Tea Zero Lemon (Medium),Soft Drinks (Coke Freestyle),Medium,9,,,,,,,,,,,,,,,,false,false,,,"Printed row 'Fuze Tea Zero Lemon' in 'COKE FREESTYLE', column 'Medium' = 9; the per-100 column (Per 100ml) prints 1 and is not used"
fuze-tea-zero-lemon-large,Fuze Tea Zero Lemon (Large),Soft Drinks (Coke Freestyle),Large,13,,,,,,,,,,,,,,,,false,false,,,"Printed row 'Fuze Tea Zero Lemon' in 'COKE FREESTYLE', column 'Large' = 13; the per-100 column (Per 100ml) prints 1 and is not used"
fuze-tea-zero-raspberry-kids-film-crew,Fuze Tea Zero Raspberry (Kids Film Crew),Soft Drinks (Coke Freestyle),Kids Film Crew,9,,,,,,,,,,,,,,,,false,false,,,"Printed row 'Fuze Tea Zero Raspberry' in 'COKE FREESTYLE', column 'Kids Film Crew' = 9; the per-100 column (Per 100ml) prints 2 and is not used"
fuze-tea-zero-raspberry-small,Fuze Tea Zero Raspberry (Small),Soft Drinks (Coke Freestyle),Small,13,,,,,,,,,,,,,,,,false,false,,,"Printed row 'Fuze Tea Zero Raspberry' in 'COKE FREESTYLE', column 'Small' = 13; the per-100 column (Per 100ml) prints 2 and is not used"
fuze-tea-zero-raspberry-medium,Fuze Tea Zero Raspberry (Medium),Soft Drinks (Coke Freestyle),Medium,19,,,,,,,,,,,,,,,,false,false,,,"Printed row 'Fuze Tea Zero Raspberry' in 'COKE FREESTYLE', column 'Medium' = 19; the per-100 column (Per 100ml) prints 2 and is not used"
fuze-tea-zero-raspberry-large,Fuze Tea Zero Raspberry (Large),Soft Drinks (Coke Freestyle),Large,26,,,,,,,,,,,,,,,,false,false,,,"Printed row 'Fuze Tea Zero Raspberry' in 'COKE FREESTYLE', column 'Large' = 26; the per-100 column (Per 100ml) prints 2 and is not used"
fuze-tea-zero-peach-kids-film-crew,Fuze Tea Zero Peach (Kids Film Crew),Soft Drinks (Coke Freestyle),Kids Film Crew,9,,,,,,,,,,,,,,,,false,false,,,"Printed row 'Fuze Tea Zero Peach' in 'COKE FREESTYLE', column 'Kids Film Crew' = 9; the per-100 column (Per 100ml) prints 2 and is not used"
fuze-tea-zero-peach-small,Fuze Tea Zero Peach (Small),Soft Drinks (Coke Freestyle),Small,13,,,,,,,,,,,,,,,,false,false,,,"Printed row 'Fuze Tea Zero Peach' in 'COKE FREESTYLE', column 'Small' = 13; the per-100 column (Per 100ml) prints 2 and is not used"
fuze-tea-zero-peach-medium,Fuze Tea Zero Peach (Medium),Soft Drinks (Coke Freestyle),Medium,19,,,,,,,,,,,,,,,,false,false,,,"Printed row 'Fuze Tea Zero Peach' in 'COKE FREESTYLE', column 'Medium' = 19; the per-100 column (Per 100ml) prints 2 and is not used"
fuze-tea-zero-peach-large,Fuze Tea Zero Peach (Large),Soft Drinks (Coke Freestyle),Large,26,,,,,,,,,,,,,,,,false,false,,,"Printed row 'Fuze Tea Zero Peach' in 'COKE FREESTYLE', column 'Large' = 26; the per-100 column (Per 100ml) prints 2 and is not used"
fuze-tea-zero-strawberry-kids-film-crew,Fuze Tea Zero Strawberry (Kids Film Crew),Soft Drinks (Coke Freestyle),Kids Film Crew,9,,,,,,,,,,,,,,,,false,false,,,"Printed row 'Fuze Tea Zero Strawberry' in 'COKE FREESTYLE', column 'Kids Film Crew' = 9; the per-100 column (Per 100ml) prints 2 and is not used"
fuze-tea-zero-strawberry-small,Fuze Tea Zero Strawberry (Small),Soft Drinks (Coke Freestyle),Small,13,,,,,,,,,,,,,,,,false,false,,,"Printed row 'Fuze Tea Zero Strawberry' in 'COKE FREESTYLE', column 'Small' = 13; the per-100 column (Per 100ml) prints 2 and is not used"
fuze-tea-zero-strawberry-medium,Fuze Tea Zero Strawberry (Medium),Soft Drinks (Coke Freestyle),Medium,19,,,,,,,,,,,,,,,,false,false,,,"Printed row 'Fuze Tea Zero Strawberry' in 'COKE FREESTYLE', column 'Medium' = 19; the per-100 column (Per 100ml) prints 2 and is not used"
fuze-tea-zero-strawberry-large,Fuze Tea Zero Strawberry (Large),Soft Drinks (Coke Freestyle),Large,26,,,,,,,,,,,,,,,,false,false,,,"Printed row 'Fuze Tea Zero Strawberry' in 'COKE FREESTYLE', column 'Large' = 26; the per-100 column (Per 100ml) prints 2 and is not used"
fuze-tea-zero-vanilla-kids-film-crew,Fuze Tea Zero Vanilla (Kids Film Crew),Soft Drinks (Coke Freestyle),Kids Film Crew,9,,,,,,,,,,,,,,,,false,false,,,"Printed row 'Fuze Tea Zero Vanilla' in 'COKE FREESTYLE', column 'Kids Film Crew' = 9; the per-100 column (Per 100ml) prints 2 and is not used"
fuze-tea-zero-vanilla-small,Fuze Tea Zero Vanilla (Small),Soft Drinks (Coke Freestyle),Small,13,,,,,,,,,,,,,,,,false,false,,,"Printed row 'Fuze Tea Zero Vanilla' in 'COKE FREESTYLE', column 'Small' = 13; the per-100 column (Per 100ml) prints 2 and is not used"
fuze-tea-zero-vanilla-medium,Fuze Tea Zero Vanilla (Medium),Soft Drinks (Coke Freestyle),Medium,19,,,,,,,,,,,,,,,,false,false,,,"Printed row 'Fuze Tea Zero Vanilla' in 'COKE FREESTYLE', column 'Medium' = 19; the per-100 column (Per 100ml) prints 2 and is not used"
fuze-tea-zero-vanilla-large,Fuze Tea Zero Vanilla (Large),Soft Drinks (Coke Freestyle),Large,26,,,,,,,,,,,,,,,,false,false,,,"Printed row 'Fuze Tea Zero Vanilla' in 'COKE FREESTYLE', column 'Large' = 26; the per-100 column (Per 100ml) prints 2 and is not used"
fuze-tea-zero-orange-kids-film-crew,Fuze Tea Zero Orange (Kids Film Crew),Soft Drinks (Coke Freestyle),Kids Film Crew,5,,,,,,,,,,,,,,,,false,false,,,"Printed row 'Fuze Tea Zero Orange' in 'COKE FREESTYLE', column 'Kids Film Crew' = 5; the per-100 column (Per 100ml) prints 1 and is not used"
fuze-tea-zero-orange-small,Fuze Tea Zero Orange (Small),Soft Drinks (Coke Freestyle),Small,7,,,,,,,,,,,,,,,,false,false,,,"Printed row 'Fuze Tea Zero Orange' in 'COKE FREESTYLE', column 'Small' = 7; the per-100 column (Per 100ml) prints 1 and is not used"
fuze-tea-zero-orange-medium,Fuze Tea Zero Orange (Medium),Soft Drinks (Coke Freestyle),Medium,9,,,,,,,,,,,,,,,,false,false,,,"Printed row 'Fuze Tea Zero Orange' in 'COKE FREESTYLE', column 'Medium' = 9; the per-100 column (Per 100ml) prints 1 and is not used"
fuze-tea-zero-orange-large,Fuze Tea Zero Orange (Large),Soft Drinks (Coke Freestyle),Large,13,,,,,,,,,,,,,,,,false,false,,,"Printed row 'Fuze Tea Zero Orange' in 'COKE FREESTYLE', column 'Large' = 13; the per-100 column (Per 100ml) prints 1 and is not used"
mezzo-mix-zero-kids-film-crew,Mezzo Mix Zero (Kids Film Crew),Soft Drinks (Coke Freestyle),Kids Film Crew,1,,,,,,,,,,,,,,,,false,false,,,"Printed row 'Mezzo Mix Zero' in 'COKE FREESTYLE', column 'Kids Film Crew' = 1; the per-100 column (Per 100ml) prints 0.3 and is not used"
mezzo-mix-zero-small,Mezzo Mix Zero (Small),Soft Drinks (Coke Freestyle),Small,2,,,,,,,,,,,,,,,,false,false,,,"Printed row 'Mezzo Mix Zero' in 'COKE FREESTYLE', column 'Small' = 2; the per-100 column (Per 100ml) prints 0.3 and is not used"
mezzo-mix-zero-medium,Mezzo Mix Zero (Medium),Soft Drinks (Coke Freestyle),Medium,3,,,,,,,,,,,,,,,,false,false,,,"Printed row 'Mezzo Mix Zero' in 'COKE FREESTYLE', column 'Medium' = 3; the per-100 column (Per 100ml) prints 0.3 and is not used"
mezzo-mix-zero-large,Mezzo Mix Zero (Large),Soft Drinks (Coke Freestyle),Large,4,,,,,,,,,,,,,,,,false,false,,,"Printed row 'Mezzo Mix Zero' in 'COKE FREESTYLE', column 'Large' = 4; the per-100 column (Per 100ml) prints 0.3 and is not used"
mezzo-mix-zero-peach-kids-film-crew,Mezzo Mix Zero Peach (Kids Film Crew),Soft Drinks (Coke Freestyle),Kids Film Crew,5,,,,,,,,,,,,,,,,false,false,,,"Printed row 'Mezzo Mix Zero Peach' in 'COKE FREESTYLE', column 'Kids Film Crew' = 5; the per-100 column (Per 100ml) prints 1 and is not used"
mezzo-mix-zero-peach-small,Mezzo Mix Zero Peach (Small),Soft Drinks (Coke Freestyle),Small,7,,,,,,,,,,,,,,,,false,false,,,"Printed row 'Mezzo Mix Zero Peach' in 'COKE FREESTYLE', column 'Small' = 7; the per-100 column (Per 100ml) prints 1 and is not used"
mezzo-mix-zero-peach-medium,Mezzo Mix Zero Peach (Medium),Soft Drinks (Coke Freestyle),Medium,9,,,,,,,,,,,,,,,,false,false,,,"Printed row 'Mezzo Mix Zero Peach' in 'COKE FREESTYLE', column 'Medium' = 9; the per-100 column (Per 100ml) prints 1 and is not used"
mezzo-mix-zero-peach-large,Mezzo Mix Zero Peach (Large),Soft Drinks (Coke Freestyle),Large,13,,,,,,,,,,,,,,,,false,false,,,"Printed row 'Mezzo Mix Zero Peach' in 'COKE FREESTYLE', column 'Large' = 13; the per-100 column (Per 100ml) prints 1 and is not used"
mezzo-mix-zero-cherry-kids-film-crew,Mezzo Mix Zero Cherry (Kids Film Crew),Soft Drinks (Coke Freestyle),Kids Film Crew,9,,,,,,,,,,,,,,,,false,false,,,"Printed row 'Mezzo Mix Zero Cherry' in 'COKE FREESTYLE', column 'Kids Film Crew' = 9; the per-100 column (Per 100ml) prints 2 and is not used"
mezzo-mix-zero-cherry-small,Mezzo Mix Zero Cherry (Small),Soft Drinks (Coke Freestyle),Small,13,,,,,,,,,,,,,,,,false,false,,,"Printed row 'Mezzo Mix Zero Cherry' in 'COKE FREESTYLE', column 'Small' = 13; the per-100 column (Per 100ml) prints 2 and is not used"
mezzo-mix-zero-cherry-medium,Mezzo Mix Zero Cherry (Medium),Soft Drinks (Coke Freestyle),Medium,19,,,,,,,,,,,,,,,,false,false,,,"Printed row 'Mezzo Mix Zero Cherry' in 'COKE FREESTYLE', column 'Medium' = 19; the per-100 column (Per 100ml) prints 2 and is not used"
mezzo-mix-zero-cherry-large,Mezzo Mix Zero Cherry (Large),Soft Drinks (Coke Freestyle),Large,26,,,,,,,,,,,,,,,,false,false,,,"Printed row 'Mezzo Mix Zero Cherry' in 'COKE FREESTYLE', column 'Large' = 26; the per-100 column (Per 100ml) prints 2 and is not used"
mezzo-mix-zero-lemon-kids-film-crew,Mezzo Mix Zero Lemon (Kids Film Crew),Soft Drinks (Coke Freestyle),Kids Film Crew,1,,,,,,,,,,,,,,,,false,false,,,"Printed row 'Mezzo Mix Zero Lemon' in 'COKE FREESTYLE', column 'Kids Film Crew' = 1; the per-100 column (Per 100ml) prints 0.3 and is not used"
mezzo-mix-zero-lemon-small,Mezzo Mix Zero Lemon (Small),Soft Drinks (Coke Freestyle),Small,2,,,,,,,,,,,,,,,,false,false,,,"Printed row 'Mezzo Mix Zero Lemon' in 'COKE FREESTYLE', column 'Small' = 2; the per-100 column (Per 100ml) prints 0.3 and is not used"
mezzo-mix-zero-lemon-medium,Mezzo Mix Zero Lemon (Medium),Soft Drinks (Coke Freestyle),Medium,3,,,,,,,,,,,,,,,,false,false,,,"Printed row 'Mezzo Mix Zero Lemon' in 'COKE FREESTYLE', column 'Medium' = 3; the per-100 column (Per 100ml) prints 0.3 and is not used"
mezzo-mix-zero-lemon-large,Mezzo Mix Zero Lemon (Large),Soft Drinks (Coke Freestyle),Large,4,,,,,,,,,,,,,,,,false,false,,,"Printed row 'Mezzo Mix Zero Lemon' in 'COKE FREESTYLE', column 'Large' = 4; the per-100 column (Per 100ml) prints 0.3 and is not used"
mezzo-mix-zero-strawberry-kids-film-crew,Mezzo Mix Zero Strawberry (Kids Film Crew),Soft Drinks (Coke Freestyle),Kids Film Crew,5,,,,,,,,,,,,,,,,false,false,,,"Printed row 'Mezzo Mix Zero Strawberry' in 'COKE FREESTYLE', column 'Kids Film Crew' = 5; the per-100 column (Per 100ml) prints 1 and is not used"
mezzo-mix-zero-strawberry-small,Mezzo Mix Zero Strawberry (Small),Soft Drinks (Coke Freestyle),Small,7,,,,,,,,,,,,,,,,false,false,,,"Printed row 'Mezzo Mix Zero Strawberry' in 'COKE FREESTYLE', column 'Small' = 7; the per-100 column (Per 100ml) prints 1 and is not used"
mezzo-mix-zero-strawberry-medium,Mezzo Mix Zero Strawberry (Medium),Soft Drinks (Coke Freestyle),Medium,9,,,,,,,,,,,,,,,,false,false,,,"Printed row 'Mezzo Mix Zero Strawberry' in 'COKE FREESTYLE', column 'Medium' = 9; the per-100 column (Per 100ml) prints 1 and is not used"
mezzo-mix-zero-strawberry-large,Mezzo Mix Zero Strawberry (Large),Soft Drinks (Coke Freestyle),Large,13,,,,,,,,,,,,,,,,false,false,,,"Printed row 'Mezzo Mix Zero Strawberry' in 'COKE FREESTYLE', column 'Large' = 13; the per-100 column (Per 100ml) prints 1 and is not used"
powerade-zero-cherry-kids-film-crew,Powerade Zero Cherry (Kids Film Crew),Soft Drinks (Coke Freestyle),Kids Film Crew,9,,,,,,,,,,,,,,,,false,false,,,"Printed row 'Powerade Zero Cherry' in 'COKE FREESTYLE', column 'Kids Film Crew' = 9; the per-100 column (Per 100ml) prints 2 and is not used"
powerade-zero-cherry-small,Powerade Zero Cherry (Small),Soft Drinks (Coke Freestyle),Small,13,,,,,,,,,,,,,,,,false,false,,,"Printed row 'Powerade Zero Cherry' in 'COKE FREESTYLE', column 'Small' = 13; the per-100 column (Per 100ml) prints 2 and is not used"
powerade-zero-cherry-medium,Powerade Zero Cherry (Medium),Soft Drinks (Coke Freestyle),Medium,19,,,,,,,,,,,,,,,,false,false,,,"Printed row 'Powerade Zero Cherry' in 'COKE FREESTYLE', column 'Medium' = 19; the per-100 column (Per 100ml) prints 2 and is not used"
powerade-zero-cherry-large,Powerade Zero Cherry (Large),Soft Drinks (Coke Freestyle),Large,26,,,,,,,,,,,,,,,,false,false,,,"Printed row 'Powerade Zero Cherry' in 'COKE FREESTYLE', column 'Large' = 26; the per-100 column (Per 100ml) prints 2 and is not used"
powerade-zero-orange-kids-film-crew,Powerade Zero Orange (Kids Film Crew),Soft Drinks (Coke Freestyle),Kids Film Crew,5,,,,,,,,,,,,,,,,false,false,,,"Printed row 'Powerade Zero Orange' in 'COKE FREESTYLE', column 'Kids Film Crew' = 5; the per-100 column (Per 100ml) prints 1 and is not used"
powerade-zero-orange-small,Powerade Zero Orange (Small),Soft Drinks (Coke Freestyle),Small,7,,,,,,,,,,,,,,,,false,false,,,"Printed row 'Powerade Zero Orange' in 'COKE FREESTYLE', column 'Small' = 7; the per-100 column (Per 100ml) prints 1 and is not used"
powerade-zero-orange-medium,Powerade Zero Orange (Medium),Soft Drinks (Coke Freestyle),Medium,9,,,,,,,,,,,,,,,,false,false,,,"Printed row 'Powerade Zero Orange' in 'COKE FREESTYLE', column 'Medium' = 9; the per-100 column (Per 100ml) prints 1 and is not used"
powerade-zero-orange-large,Powerade Zero Orange (Large),Soft Drinks (Coke Freestyle),Large,13,,,,,,,,,,,,,,,,false,false,,,"Printed row 'Powerade Zero Orange' in 'COKE FREESTYLE', column 'Large' = 13; the per-100 column (Per 100ml) prints 1 and is not used"
powerade-zero-raspberry-kids-film-crew,Powerade Zero Raspberry (Kids Film Crew),Soft Drinks (Coke Freestyle),Kids Film Crew,9,,,,,,,,,,,,,,,,false,false,,,"Printed row 'Powerade Zero Raspberry' in 'COKE FREESTYLE', column 'Kids Film Crew' = 9; the per-100 column (Per 100ml) prints 2 and is not used"
powerade-zero-raspberry-small,Powerade Zero Raspberry (Small),Soft Drinks (Coke Freestyle),Small,13,,,,,,,,,,,,,,,,false,false,,,"Printed row 'Powerade Zero Raspberry' in 'COKE FREESTYLE', column 'Small' = 13; the per-100 column (Per 100ml) prints 2 and is not used"
powerade-zero-raspberry-medium,Powerade Zero Raspberry (Medium),Soft Drinks (Coke Freestyle),Medium,19,,,,,,,,,,,,,,,,false,false,,,"Printed row 'Powerade Zero Raspberry' in 'COKE FREESTYLE', column 'Medium' = 19; the per-100 column (Per 100ml) prints 2 and is not used"
powerade-zero-raspberry-large,Powerade Zero Raspberry (Large),Soft Drinks (Coke Freestyle),Large,26,,,,,,,,,,,,,,,,false,false,,,"Printed row 'Powerade Zero Raspberry' in 'COKE FREESTYLE', column 'Large' = 26; the per-100 column (Per 100ml) prints 2 and is not used"
powerade-zero-lemon-kids-film-crew,Powerade Zero Lemon (Kids Film Crew),Soft Drinks (Coke Freestyle),Kids Film Crew,5,,,,,,,,,,,,,,,,false,false,,,"Printed row 'Powerade Zero Lemon' in 'COKE FREESTYLE', column 'Kids Film Crew' = 5; the per-100 column (Per 100ml) prints 1 and is not used"
powerade-zero-lemon-small,Powerade Zero Lemon (Small),Soft Drinks (Coke Freestyle),Small,7,,,,,,,,,,,,,,,,false,false,,,"Printed row 'Powerade Zero Lemon' in 'COKE FREESTYLE', column 'Small' = 7; the per-100 column (Per 100ml) prints 1 and is not used"
powerade-zero-lemon-medium,Powerade Zero Lemon (Medium),Soft Drinks (Coke Freestyle),Medium,9,,,,,,,,,,,,,,,,false,false,,,"Printed row 'Powerade Zero Lemon' in 'COKE FREESTYLE', column 'Medium' = 9; the per-100 column (Per 100ml) prints 1 and is not used"
powerade-zero-lemon-large,Powerade Zero Lemon (Large),Soft Drinks (Coke Freestyle),Large,13,,,,,,,,,,,,,,,,false,false,,,"Printed row 'Powerade Zero Lemon' in 'COKE FREESTYLE', column 'Large' = 13; the per-100 column (Per 100ml) prints 1 and is not used"
powerade-zero-grape-kids-film-crew,Powerade Zero Grape (Kids Film Crew),Soft Drinks (Coke Freestyle),Kids Film Crew,5,,,,,,,,,,,,,,,,false,false,,,"Printed row 'Powerade Zero Grape' in 'COKE FREESTYLE', column 'Kids Film Crew' = 5; the per-100 column (Per 100ml) prints 1 and is not used"
powerade-zero-grape-small,Powerade Zero Grape (Small),Soft Drinks (Coke Freestyle),Small,7,,,,,,,,,,,,,,,,false,false,,,"Printed row 'Powerade Zero Grape' in 'COKE FREESTYLE', column 'Small' = 7; the per-100 column (Per 100ml) prints 1 and is not used"
powerade-zero-grape-medium,Powerade Zero Grape (Medium),Soft Drinks (Coke Freestyle),Medium,9,,,,,,,,,,,,,,,,false,false,,,"Printed row 'Powerade Zero Grape' in 'COKE FREESTYLE', column 'Medium' = 9; the per-100 column (Per 100ml) prints 1 and is not used"
powerade-zero-grape-large,Powerade Zero Grape (Large),Soft Drinks (Coke Freestyle),Large,13,,,,,,,,,,,,,,,,false,false,,,"Printed row 'Powerade Zero Grape' in 'COKE FREESTYLE', column 'Large' = 13; the per-100 column (Per 100ml) prints 1 and is not used"
powerade-zero-strawberry-kids-film-crew,Powerade Zero Strawberry (Kids Film Crew),Soft Drinks (Coke Freestyle),Kids Film Crew,5,,,,,,,,,,,,,,,,false,false,,,"Printed row 'Powerade Zero Strawberry' in 'COKE FREESTYLE', column 'Kids Film Crew' = 5; the per-100 column (Per 100ml) prints 1 and is not used"
powerade-zero-strawberry-small,Powerade Zero Strawberry (Small),Soft Drinks (Coke Freestyle),Small,7,,,,,,,,,,,,,,,,false,false,,,"Printed row 'Powerade Zero Strawberry' in 'COKE FREESTYLE', column 'Small' = 7; the per-100 column (Per 100ml) prints 1 and is not used"
powerade-zero-strawberry-medium,Powerade Zero Strawberry (Medium),Soft Drinks (Coke Freestyle),Medium,9,,,,,,,,,,,,,,,,false,false,,,"Printed row 'Powerade Zero Strawberry' in 'COKE FREESTYLE', column 'Medium' = 9; the per-100 column (Per 100ml) prints 1 and is not used"
powerade-zero-strawberry-large,Powerade Zero Strawberry (Large),Soft Drinks (Coke Freestyle),Large,13,,,,,,,,,,,,,,,,false,false,,,"Printed row 'Powerade Zero Strawberry' in 'COKE FREESTYLE', column 'Large' = 13; the per-100 column (Per 100ml) prints 1 and is not used"
powerade-zero-fruit-punch-kids-film-crew,Powerade Zero Fruit Punch (Kids Film Crew),Soft Drinks (Coke Freestyle),Kids Film Crew,9,,,,,,,,,,,,,,,,false,false,,,"Printed row 'Powerade Zero Fruit Punch' in 'COKE FREESTYLE', column 'Kids Film Crew' = 9; the per-100 column (Per 100ml) prints 2 and is not used"
powerade-zero-fruit-punch-small,Powerade Zero Fruit Punch (Small),Soft Drinks (Coke Freestyle),Small,13,,,,,,,,,,,,,,,,false,false,,,"Printed row 'Powerade Zero Fruit Punch' in 'COKE FREESTYLE', column 'Small' = 13; the per-100 column (Per 100ml) prints 2 and is not used"
powerade-zero-fruit-punch-medium,Powerade Zero Fruit Punch (Medium),Soft Drinks (Coke Freestyle),Medium,19,,,,,,,,,,,,,,,,false,false,,,"Printed row 'Powerade Zero Fruit Punch' in 'COKE FREESTYLE', column 'Medium' = 19; the per-100 column (Per 100ml) prints 2 and is not used"
powerade-zero-fruit-punch-large,Powerade Zero Fruit Punch (Large),Soft Drinks (Coke Freestyle),Large,26,,,,,,,,,,,,,,,,false,false,,,"Printed row 'Powerade Zero Fruit Punch' in 'COKE FREESTYLE', column 'Large' = 26; the per-100 column (Per 100ml) prints 2 and is not used"
powerade-zero-berry-tropical-kids-film-crew,Powerade Zero Berry Tropical (Kids Film Crew),Soft Drinks (Coke Freestyle),Kids Film Crew,9,,,,,,,,,,,,,,,,false,false,,,"Printed row 'Powerade Zero Berry Tropical' in 'COKE FREESTYLE', column 'Kids Film Crew' = 9; the per-100 column (Per 100ml) prints 2 and is not used"
powerade-zero-berry-tropical-small,Powerade Zero Berry Tropical (Small),Soft Drinks (Coke Freestyle),Small,13,,,,,,,,,,,,,,,,false,false,,,"Printed row 'Powerade Zero Berry Tropical' in 'COKE FREESTYLE', column 'Small' = 13; the per-100 column (Per 100ml) prints 2 and is not used"
powerade-zero-berry-tropical-medium,Powerade Zero Berry Tropical (Medium),Soft Drinks (Coke Freestyle),Medium,19,,,,,,,,,,,,,,,,false,false,,,"Printed row 'Powerade Zero Berry Tropical' in 'COKE FREESTYLE', column 'Medium' = 19; the per-100 column (Per 100ml) prints 2 and is not used"
powerade-zero-berry-tropical-large,Powerade Zero Berry Tropical (Large),Soft Drinks (Coke Freestyle),Large,26,,,,,,,,,,,,,,,,false,false,,,"Printed row 'Powerade Zero Berry Tropical' in 'COKE FREESTYLE', column 'Large' = 26; the per-100 column (Per 100ml) prints 2 and is not used"
schweppes-lemonade-kids-film-crew,Schweppes Lemonade (Kids Film Crew),Soft Drinks (Coke Freestyle),Kids Film Crew,95,,,,,,,,,,,,,,,,false,false,,,"Printed row 'Schweppes Lemonade' in 'COKE FREESTYLE', column 'Kids Film Crew' = 95; the per-100 column (Per 100ml) prints 20 and is not used"
schweppes-lemonade-small,Schweppes Lemonade (Small),Soft Drinks (Coke Freestyle),Small,130,,,,,,,,,,,,,,,,false,false,,,"Printed row 'Schweppes Lemonade' in 'COKE FREESTYLE', column 'Small' = 130; the per-100 column (Per 100ml) prints 20 and is not used"
schweppes-lemonade-medium,Schweppes Lemonade (Medium),Soft Drinks (Coke Freestyle),Medium,189,,,,,,,,,,,,,,,,false,false,,,"Printed row 'Schweppes Lemonade' in 'COKE FREESTYLE', column 'Medium' = 189; the per-100 column (Per 100ml) prints 20 and is not used"
schweppes-lemonade-large,Schweppes Lemonade (Large),Soft Drinks (Coke Freestyle),Large,260,,,,,,,,,,,,,,,,false,false,,,"Printed row 'Schweppes Lemonade' in 'COKE FREESTYLE', column 'Large' = 260; the per-100 column (Per 100ml) prints 20 and is not used"
schweppes-lemonade-cherry-kids-film-crew,Schweppes Lemonade Cherry (Kids Film Crew),Soft Drinks (Coke Freestyle),Kids Film Crew,99,,,,,,,,,,,,,,,,false,false,,,"Printed row 'Schweppes Lemonade Cherry' in 'COKE FREESTYLE', column 'Kids Film Crew' = 99; the per-100 column (Per 100ml) prints 21 and is not used"
schweppes-lemonade-cherry-small,Schweppes Lemonade Cherry (Small),Soft Drinks (Coke Freestyle),Small,137,,,,,,,,,,,,,,,,false,false,,,"Printed row 'Schweppes Lemonade Cherry' in 'COKE FREESTYLE', column 'Small' = 137; the per-100 column (Per 100ml) prints 21 and is not used"
schweppes-lemonade-cherry-medium,Schweppes Lemonade Cherry (Medium),Soft Drinks (Coke Freestyle),Medium,199,,,,,,,,,,,,,,,,false,false,,,"Printed row 'Schweppes Lemonade Cherry' in 'COKE FREESTYLE', column 'Medium' = 199; the per-100 column (Per 100ml) prints 21 and is not used"
schweppes-lemonade-cherry-large,Schweppes Lemonade Cherry (Large),Soft Drinks (Coke Freestyle),Large,273,,,,,,,,,,,,,,,,false,false,,,"Printed row 'Schweppes Lemonade Cherry' in 'COKE FREESTYLE', column 'Large' = 273; the per-100 column (Per 100ml) prints 21 and is not used"
schweppes-lemonade-orange-kids-film-crew,Schweppes Lemonade Orange (Kids Film Crew),Soft Drinks (Coke Freestyle),Kids Film Crew,95,,,,,,,,,,,,,,,,false,false,,,"Printed row 'Schweppes Lemonade Orange' in 'COKE FREESTYLE', column 'Kids Film Crew' = 95; the per-100 column (Per 100ml) prints 20 and is not used"
schweppes-lemonade-orange-small,Schweppes Lemonade Orange (Small),Soft Drinks (Coke Freestyle),Small,130,,,,,,,,,,,,,,,,false,false,,,"Printed row 'Schweppes Lemonade Orange' in 'COKE FREESTYLE', column 'Small' = 130; the per-100 column (Per 100ml) prints 20 and is not used"
schweppes-lemonade-orange-medium,Schweppes Lemonade Orange (Medium),Soft Drinks (Coke Freestyle),Medium,189,,,,,,,,,,,,,,,,false,false,,,"Printed row 'Schweppes Lemonade Orange' in 'COKE FREESTYLE', column 'Medium' = 189; the per-100 column (Per 100ml) prints 20 and is not used"
schweppes-lemonade-orange-large,Schweppes Lemonade Orange (Large),Soft Drinks (Coke Freestyle),Large,260,,,,,,,,,,,,,,,,false,false,,,"Printed row 'Schweppes Lemonade Orange' in 'COKE FREESTYLE', column 'Large' = 260; the per-100 column (Per 100ml) prints 20 and is not used"
schweppes-lemonade-raspberry-kids-film-crew,Schweppes Lemonade Raspberry (Kids Film Crew),Soft Drinks (Coke Freestyle),Kids Film Crew,99,,,,,,,,,,,,,,,,false,false,,,"Printed row 'Schweppes Lemonade Raspberry' in 'COKE FREESTYLE', column 'Kids Film Crew' = 99; the per-100 column (Per 100ml) prints 21 and is not used"
schweppes-lemonade-raspberry-small,Schweppes Lemonade Raspberry (Small),Soft Drinks (Coke Freestyle),Small,137,,,,,,,,,,,,,,,,false,false,,,"Printed row 'Schweppes Lemonade Raspberry' in 'COKE FREESTYLE', column 'Small' = 137; the per-100 column (Per 100ml) prints 21 and is not used"
schweppes-lemonade-raspberry-medium,Schweppes Lemonade Raspberry (Medium),Soft Drinks (Coke Freestyle),Medium,199,,,,,,,,,,,,,,,,false,false,,,"Printed row 'Schweppes Lemonade Raspberry' in 'COKE FREESTYLE', column 'Medium' = 199; the per-100 column (Per 100ml) prints 21 and is not used"
schweppes-lemonade-raspberry-large,Schweppes Lemonade Raspberry (Large),Soft Drinks (Coke Freestyle),Large,273,,,,,,,,,,,,,,,,false,false,,,"Printed row 'Schweppes Lemonade Raspberry' in 'COKE FREESTYLE', column 'Large' = 273; the per-100 column (Per 100ml) prints 21 and is not used"
schweppes-lemonade-strawberry-kids-film-crew,Schweppes Lemonade Strawberry (Kids Film Crew),Soft Drinks (Coke Freestyle),Kids Film Crew,104,,,,,,,,,,,,,,,,false,false,,,"Printed row 'Schweppes Lemonade Strawberry' in 'COKE FREESTYLE', column 'Kids Film Crew' = 104; the per-100 column (Per 100ml) prints 22 and is not used"
schweppes-lemonade-strawberry-small,Schweppes Lemonade Strawberry (Small),Soft Drinks (Coke Freestyle),Small,143,,,,,,,,,,,,,,,,false,false,,,"Printed row 'Schweppes Lemonade Strawberry' in 'COKE FREESTYLE', column 'Small' = 143; the per-100 column (Per 100ml) prints 22 and is not used"
schweppes-lemonade-strawberry-medium,Schweppes Lemonade Strawberry (Medium),Soft Drinks (Coke Freestyle),Medium,208,,,,,,,,,,,,,,,,false,false,,,"Printed row 'Schweppes Lemonade Strawberry' in 'COKE FREESTYLE', column 'Medium' = 208; the per-100 column (Per 100ml) prints 22 and is not used"
schweppes-lemonade-strawberry-large,Schweppes Lemonade Strawberry (Large),Soft Drinks (Coke Freestyle),Large,286,,,,,,,,,,,,,,,,false,false,,,"Printed row 'Schweppes Lemonade Strawberry' in 'COKE FREESTYLE', column 'Large' = 286; the per-100 column (Per 100ml) prints 22 and is not used"
schweppes-lemonade-fruit-punch-kids-film-crew,Schweppes Lemonade Fruit Punch (Kids Film Crew),Soft Drinks (Coke Freestyle),Kids Film Crew,104,,,,,,,,,,,,,,,,false,false,,,"Printed row 'Schweppes Lemonade Fruit Punch' in 'COKE FREESTYLE', column 'Kids Film Crew' = 104; the per-100 column (Per 100ml) prints 22 and is not used"
schweppes-lemonade-fruit-punch-small,Schweppes Lemonade Fruit Punch (Small),Soft Drinks (Coke Freestyle),Small,143,,,,,,,,,,,,,,,,false,false,,,"Printed row 'Schweppes Lemonade Fruit Punch' in 'COKE FREESTYLE', column 'Small' = 143; the per-100 column (Per 100ml) prints 22 and is not used"
schweppes-lemonade-fruit-punch-medium,Schweppes Lemonade Fruit Punch (Medium),Soft Drinks (Coke Freestyle),Medium,208,,,,,,,,,,,,,,,,false,false,,,"Printed row 'Schweppes Lemonade Fruit Punch' in 'COKE FREESTYLE', column 'Medium' = 208; the per-100 column (Per 100ml) prints 22 and is not used"
schweppes-lemonade-fruit-punch-large,Schweppes Lemonade Fruit Punch (Large),Soft Drinks (Coke Freestyle),Large,286,,,,,,,,,,,,,,,,false,false,,,"Printed row 'Schweppes Lemonade Fruit Punch' in 'COKE FREESTYLE', column 'Large' = 286; the per-100 column (Per 100ml) prints 22 and is not used"
schweppes-diet-lemonade-kids-film-crew,Schweppes Diet Lemonade (Kids Film Crew),Soft Drinks (Coke Freestyle),Kids Film Crew,5,,,,,,,,,,,,,,,,false,false,,,"Printed row 'Schweppes Diet Lemonade' in 'COKE FREESTYLE', column 'Kids Film Crew' = 5; the per-100 column (Per 100ml) prints 1 and is not used"
schweppes-diet-lemonade-small,Schweppes Diet Lemonade (Small),Soft Drinks (Coke Freestyle),Small,7,,,,,,,,,,,,,,,,false,false,,,"Printed row 'Schweppes Diet Lemonade' in 'COKE FREESTYLE', column 'Small' = 7; the per-100 column (Per 100ml) prints 1 and is not used"
schweppes-diet-lemonade-medium,Schweppes Diet Lemonade (Medium),Soft Drinks (Coke Freestyle),Medium,9,,,,,,,,,,,,,,,,false,false,,,"Printed row 'Schweppes Diet Lemonade' in 'COKE FREESTYLE', column 'Medium' = 9; the per-100 column (Per 100ml) prints 1 and is not used"
schweppes-diet-lemonade-large,Schweppes Diet Lemonade (Large),Soft Drinks (Coke Freestyle),Large,13,,,,,,,,,,,,,,,,false,false,,,"Printed row 'Schweppes Diet Lemonade' in 'COKE FREESTYLE', column 'Large' = 13; the per-100 column (Per 100ml) prints 1 and is not used"
schweppes-diet-lemonade-cherry-kids-film-crew,Schweppes Diet Lemonade Cherry (Kids Film Crew),Soft Drinks (Coke Freestyle),Kids Film Crew,9,,,,,,,,,,,,,,,,false,false,,,"Printed row 'Schweppes Diet Lemonade Cherry' in 'COKE FREESTYLE', column 'Kids Film Crew' = 9; the per-100 column (Per 100ml) prints 2 and is not used"
schweppes-diet-lemonade-cherry-small,Schweppes Diet Lemonade Cherry (Small),Soft Drinks (Coke Freestyle),Small,13,,,,,,,,,,,,,,,,false,false,,,"Printed row 'Schweppes Diet Lemonade Cherry' in 'COKE FREESTYLE', column 'Small' = 13; the per-100 column (Per 100ml) prints 2 and is not used"
schweppes-diet-lemonade-cherry-medium,Schweppes Diet Lemonade Cherry (Medium),Soft Drinks (Coke Freestyle),Medium,19,,,,,,,,,,,,,,,,false,false,,,"Printed row 'Schweppes Diet Lemonade Cherry' in 'COKE FREESTYLE', column 'Medium' = 19; the per-100 column (Per 100ml) prints 2 and is not used"
schweppes-diet-lemonade-cherry-large,Schweppes Diet Lemonade Cherry (Large),Soft Drinks (Coke Freestyle),Large,26,,,,,,,,,,,,,,,,false,false,,,"Printed row 'Schweppes Diet Lemonade Cherry' in 'COKE FREESTYLE', column 'Large' = 26; the per-100 column (Per 100ml) prints 2 and is not used"
schweppes-diet-lemonade-orange-kids-film-crew,Schweppes Diet Lemonade Orange (Kids Film Crew),Soft Drinks (Coke Freestyle),Kids Film Crew,5,,,,,,,,,,,,,,,,false,false,,,"Printed row 'Schweppes Diet Lemonade Orange' in 'COKE FREESTYLE', column 'Kids Film Crew' = 5; the per-100 column (Per 100ml) prints 1 and is not used"
schweppes-diet-lemonade-orange-small,Schweppes Diet Lemonade Orange (Small),Soft Drinks (Coke Freestyle),Small,7,,,,,,,,,,,,,,,,false,false,,,"Printed row 'Schweppes Diet Lemonade Orange' in 'COKE FREESTYLE', column 'Small' = 7; the per-100 column (Per 100ml) prints 1 and is not used"
schweppes-diet-lemonade-orange-medium,Schweppes Diet Lemonade Orange (Medium),Soft Drinks (Coke Freestyle),Medium,9,,,,,,,,,,,,,,,,false,false,,,"Printed row 'Schweppes Diet Lemonade Orange' in 'COKE FREESTYLE', column 'Medium' = 9; the per-100 column (Per 100ml) prints 1 and is not used"
schweppes-diet-lemonade-orange-large,Schweppes Diet Lemonade Orange (Large),Soft Drinks (Coke Freestyle),Large,13,,,,,,,,,,,,,,,,false,false,,,"Printed row 'Schweppes Diet Lemonade Orange' in 'COKE FREESTYLE', column 'Large' = 13; the per-100 column (Per 100ml) prints 1 and is not used"
schweppes-diet-lemonade-raspberry-kids-film-crew,Schweppes Diet Lemonade Raspberry (Kids Film Crew),Soft Drinks (Coke Freestyle),Kids Film Crew,9,,,,,,,,,,,,,,,,false,false,,,"Printed row 'Schweppes Diet Lemonade Raspberry' in 'COKE FREESTYLE', column 'Kids Film Crew' = 9; the per-100 column (Per 100ml) prints 2 and is not used"
schweppes-diet-lemonade-raspberry-small,Schweppes Diet Lemonade Raspberry (Small),Soft Drinks (Coke Freestyle),Small,13,,,,,,,,,,,,,,,,false,false,,,"Printed row 'Schweppes Diet Lemonade Raspberry' in 'COKE FREESTYLE', column 'Small' = 13; the per-100 column (Per 100ml) prints 2 and is not used"
schweppes-diet-lemonade-raspberry-medium,Schweppes Diet Lemonade Raspberry (Medium),Soft Drinks (Coke Freestyle),Medium,19,,,,,,,,,,,,,,,,false,false,,,"Printed row 'Schweppes Diet Lemonade Raspberry' in 'COKE FREESTYLE', column 'Medium' = 19; the per-100 column (Per 100ml) prints 2 and is not used"
schweppes-diet-lemonade-raspberry-large,Schweppes Diet Lemonade Raspberry (Large),Soft Drinks (Coke Freestyle),Large,26,,,,,,,,,,,,,,,,false,false,,,"Printed row 'Schweppes Diet Lemonade Raspberry' in 'COKE FREESTYLE', column 'Large' = 26; the per-100 column (Per 100ml) prints 2 and is not used"
schweppes-diet-lemonade-strawberry-kids-film-crew,Schweppes Diet Lemonade Strawberry (Kids Film Crew),Soft Drinks (Coke Freestyle),Kids Film Crew,14,,,,,,,,,,,,,,,,false,false,,,"Printed row 'Schweppes Diet Lemonade Strawberry' in 'COKE FREESTYLE', column 'Kids Film Crew' = 14; the per-100 column (Per 100ml) prints 3 and is not used"
schweppes-diet-lemonade-strawberry-small,Schweppes Diet Lemonade Strawberry (Small),Soft Drinks (Coke Freestyle),Small,20,,,,,,,,,,,,,,,,false,false,,,"Printed row 'Schweppes Diet Lemonade Strawberry' in 'COKE FREESTYLE', column 'Small' = 20; the per-100 column (Per 100ml) prints 3 and is not used"
schweppes-diet-lemonade-strawberry-medium,Schweppes Diet Lemonade Strawberry (Medium),Soft Drinks (Coke Freestyle),Medium,28,,,,,,,,,,,,,,,,false,false,,,"Printed row 'Schweppes Diet Lemonade Strawberry' in 'COKE FREESTYLE', column 'Medium' = 28; the per-100 column (Per 100ml) prints 3 and is not used"
schweppes-diet-lemonade-strawberry-large,Schweppes Diet Lemonade Strawberry (Large),Soft Drinks (Coke Freestyle),Large,39,,,,,,,,,,,,,,,,false,false,,,"Printed row 'Schweppes Diet Lemonade Strawberry' in 'COKE FREESTYLE', column 'Large' = 39; the per-100 column (Per 100ml) prints 3 and is not used"
schweppes-diet-lemonade-fruit-punch-kids-film-crew,Schweppes Diet Lemonade Fruit Punch (Kids Film Crew),Soft Drinks (Coke Freestyle),Kids Film Crew,9,,,,,,,,,,,,,,,,false,false,,,"Printed row 'Schweppes Diet Lemonade Fruit Punch' in 'COKE FREESTYLE', column 'Kids Film Crew' = 9; the per-100 column (Per 100ml) prints 2 and is not used"
schweppes-diet-lemonade-fruit-punch-small,Schweppes Diet Lemonade Fruit Punch (Small),Soft Drinks (Coke Freestyle),Small,13,,,,,,,,,,,,,,,,false,false,,,"Printed row 'Schweppes Diet Lemonade Fruit Punch' in 'COKE FREESTYLE', column 'Small' = 13; the per-100 column (Per 100ml) prints 2 and is not used"
schweppes-diet-lemonade-fruit-punch-medium,Schweppes Diet Lemonade Fruit Punch (Medium),Soft Drinks (Coke Freestyle),Medium,19,,,,,,,,,,,,,,,,false,false,,,"Printed row 'Schweppes Diet Lemonade Fruit Punch' in 'COKE FREESTYLE', column 'Medium' = 19; the per-100 column (Per 100ml) prints 2 and is not used"
schweppes-diet-lemonade-fruit-punch-large,Schweppes Diet Lemonade Fruit Punch (Large),Soft Drinks (Coke Freestyle),Large,26,,,,,,,,,,,,,,,,false,false,,,"Printed row 'Schweppes Diet Lemonade Fruit Punch' in 'COKE FREESTYLE', column 'Large' = 26; the per-100 column (Per 100ml) prints 2 and is not used"
sprite-zero-kids-film-crew,Sprite Zero (Kids Film Crew),Soft Drinks (Coke Freestyle),Kids Film Crew,5,,,,,,,,,,,,,,,,false,false,,,"Printed row 'Sprite Zero' in 'COKE FREESTYLE', column 'Kids Film Crew' = 5; the per-100 column (Per 100ml) prints 1 and is not used"
sprite-zero-small,Sprite Zero (Small),Soft Drinks (Coke Freestyle),Small,7,,,,,,,,,,,,,,,,false,false,,,"Printed row 'Sprite Zero' in 'COKE FREESTYLE', column 'Small' = 7; the per-100 column (Per 100ml) prints 1 and is not used"
sprite-zero-medium,Sprite Zero (Medium),Soft Drinks (Coke Freestyle),Medium,9,,,,,,,,,,,,,,,,false,false,,,"Printed row 'Sprite Zero' in 'COKE FREESTYLE', column 'Medium' = 9; the per-100 column (Per 100ml) prints 1 and is not used"
sprite-zero-large,Sprite Zero (Large),Soft Drinks (Coke Freestyle),Large,13,,,,,,,,,,,,,,,,false,false,,,"Printed row 'Sprite Zero' in 'COKE FREESTYLE', column 'Large' = 13; the per-100 column (Per 100ml) prints 1 and is not used"
sprite-zero-cherry-kids-film-crew,Sprite Zero Cherry (Kids Film Crew),Soft Drinks (Coke Freestyle),Kids Film Crew,9,,,,,,,,,,,,,,,,false,false,,,"Printed row 'Sprite Zero Cherry' in 'COKE FREESTYLE', column 'Kids Film Crew' = 9; the per-100 column (Per 100ml) prints 2 and is not used"
sprite-zero-cherry-small,Sprite Zero Cherry (Small),Soft Drinks (Coke Freestyle),Small,13,,,,,,,,,,,,,,,,false,false,,,"Printed row 'Sprite Zero Cherry' in 'COKE FREESTYLE', column 'Small' = 13; the per-100 column (Per 100ml) prints 2 and is not used"
sprite-zero-cherry-medium,Sprite Zero Cherry (Medium),Soft Drinks (Coke Freestyle),Medium,19,,,,,,,,,,,,,,,,false,false,,,"Printed row 'Sprite Zero Cherry' in 'COKE FREESTYLE', column 'Medium' = 19; the per-100 column (Per 100ml) prints 2 and is not used"
sprite-zero-cherry-large,Sprite Zero Cherry (Large),Soft Drinks (Coke Freestyle),Large,26,,,,,,,,,,,,,,,,false,false,,,"Printed row 'Sprite Zero Cherry' in 'COKE FREESTYLE', column 'Large' = 26; the per-100 column (Per 100ml) prints 2 and is not used"
sprite-zero-orange-kids-film-crew,Sprite Zero Orange (Kids Film Crew),Soft Drinks (Coke Freestyle),Kids Film Crew,5,,,,,,,,,,,,,,,,false,false,,,"Printed row 'Sprite Zero Orange' in 'COKE FREESTYLE', column 'Kids Film Crew' = 5; the per-100 column (Per 100ml) prints 1 and is not used"
sprite-zero-orange-small,Sprite Zero Orange (Small),Soft Drinks (Coke Freestyle),Small,7,,,,,,,,,,,,,,,,false,false,,,"Printed row 'Sprite Zero Orange' in 'COKE FREESTYLE', column 'Small' = 7; the per-100 column (Per 100ml) prints 1 and is not used"
sprite-zero-orange-medium,Sprite Zero Orange (Medium),Soft Drinks (Coke Freestyle),Medium,9,,,,,,,,,,,,,,,,false,false,,,"Printed row 'Sprite Zero Orange' in 'COKE FREESTYLE', column 'Medium' = 9; the per-100 column (Per 100ml) prints 1 and is not used"
sprite-zero-orange-large,Sprite Zero Orange (Large),Soft Drinks (Coke Freestyle),Large,13,,,,,,,,,,,,,,,,false,false,,,"Printed row 'Sprite Zero Orange' in 'COKE FREESTYLE', column 'Large' = 13; the per-100 column (Per 100ml) prints 1 and is not used"
sprite-zero-vanilla-kids-film-crew,Sprite Zero Vanilla (Kids Film Crew),Soft Drinks (Coke Freestyle),Kids Film Crew,5,,,,,,,,,,,,,,,,false,false,,,"Printed row 'Sprite Zero Vanilla' in 'COKE FREESTYLE', column 'Kids Film Crew' = 5; the per-100 column (Per 100ml) prints 1 and is not used"
sprite-zero-vanilla-small,Sprite Zero Vanilla (Small),Soft Drinks (Coke Freestyle),Small,7,,,,,,,,,,,,,,,,false,false,,,"Printed row 'Sprite Zero Vanilla' in 'COKE FREESTYLE', column 'Small' = 7; the per-100 column (Per 100ml) prints 1 and is not used"
sprite-zero-vanilla-medium,Sprite Zero Vanilla (Medium),Soft Drinks (Coke Freestyle),Medium,9,,,,,,,,,,,,,,,,false,false,,,"Printed row 'Sprite Zero Vanilla' in 'COKE FREESTYLE', column 'Medium' = 9; the per-100 column (Per 100ml) prints 1 and is not used"
sprite-zero-vanilla-large,Sprite Zero Vanilla (Large),Soft Drinks (Coke Freestyle),Large,13,,,,,,,,,,,,,,,,false,false,,,"Printed row 'Sprite Zero Vanilla' in 'COKE FREESTYLE', column 'Large' = 13; the per-100 column (Per 100ml) prints 1 and is not used"
sprite-zero-raspberry-kids-film-crew,Sprite Zero Raspberry (Kids Film Crew),Soft Drinks (Coke Freestyle),Kids Film Crew,9,,,,,,,,,,,,,,,,false,false,,,"Printed row 'Sprite Zero Raspberry' in 'COKE FREESTYLE', column 'Kids Film Crew' = 9; the per-100 column (Per 100ml) prints 2 and is not used"
sprite-zero-raspberry-small,Sprite Zero Raspberry (Small),Soft Drinks (Coke Freestyle),Small,13,,,,,,,,,,,,,,,,false,false,,,"Printed row 'Sprite Zero Raspberry' in 'COKE FREESTYLE', column 'Small' = 13; the per-100 column (Per 100ml) prints 2 and is not used"
sprite-zero-raspberry-medium,Sprite Zero Raspberry (Medium),Soft Drinks (Coke Freestyle),Medium,19,,,,,,,,,,,,,,,,false,false,,,"Printed row 'Sprite Zero Raspberry' in 'COKE FREESTYLE', column 'Medium' = 19; the per-100 column (Per 100ml) prints 2 and is not used"
sprite-zero-raspberry-large,Sprite Zero Raspberry (Large),Soft Drinks (Coke Freestyle),Large,26,,,,,,,,,,,,,,,,false,false,,,"Printed row 'Sprite Zero Raspberry' in 'COKE FREESTYLE', column 'Large' = 26; the per-100 column (Per 100ml) prints 2 and is not used"
sprite-zero-grape-kids-film-crew,Sprite Zero Grape (Kids Film Crew),Soft Drinks (Coke Freestyle),Kids Film Crew,5,,,,,,,,,,,,,,,,false,false,,,"Printed row 'Sprite Zero Grape' in 'COKE FREESTYLE', column 'Kids Film Crew' = 5; the per-100 column (Per 100ml) prints 1 and is not used"
sprite-zero-grape-small,Sprite Zero Grape (Small),Soft Drinks (Coke Freestyle),Small,7,,,,,,,,,,,,,,,,false,false,,,"Printed row 'Sprite Zero Grape' in 'COKE FREESTYLE', column 'Small' = 7; the per-100 column (Per 100ml) prints 1 and is not used"
sprite-zero-grape-medium,Sprite Zero Grape (Medium),Soft Drinks (Coke Freestyle),Medium,9,,,,,,,,,,,,,,,,false,false,,,"Printed row 'Sprite Zero Grape' in 'COKE FREESTYLE', column 'Medium' = 9; the per-100 column (Per 100ml) prints 1 and is not used"
sprite-zero-grape-large,Sprite Zero Grape (Large),Soft Drinks (Coke Freestyle),Large,13,,,,,,,,,,,,,,,,false,false,,,"Printed row 'Sprite Zero Grape' in 'COKE FREESTYLE', column 'Large' = 13; the per-100 column (Per 100ml) prints 1 and is not used"
sprite-zero-peach-kids-film-crew,Sprite Zero Peach (Kids Film Crew),Soft Drinks (Coke Freestyle),Kids Film Crew,9,,,,,,,,,,,,,,,,false,false,,,"Printed row 'Sprite Zero Peach' in 'COKE FREESTYLE', column 'Kids Film Crew' = 9; the per-100 column (Per 100ml) prints 2 and is not used"
sprite-zero-peach-small,Sprite Zero Peach (Small),Soft Drinks (Coke Freestyle),Small,13,,,,,,,,,,,,,,,,false,false,,,"Printed row 'Sprite Zero Peach' in 'COKE FREESTYLE', column 'Small' = 13; the per-100 column (Per 100ml) prints 2 and is not used"
sprite-zero-peach-medium,Sprite Zero Peach (Medium),Soft Drinks (Coke Freestyle),Medium,19,,,,,,,,,,,,,,,,false,false,,,"Printed row 'Sprite Zero Peach' in 'COKE FREESTYLE', column 'Medium' = 19; the per-100 column (Per 100ml) prints 2 and is not used"
sprite-zero-peach-large,Sprite Zero Peach (Large),Soft Drinks (Coke Freestyle),Large,26,,,,,,,,,,,,,,,,false,false,,,"Printed row 'Sprite Zero Peach' in 'COKE FREESTYLE', column 'Large' = 26; the per-100 column (Per 100ml) prints 2 and is not used"
sprite-zero-strawberry-kids-film-crew,Sprite Zero Strawberry (Kids Film Crew),Soft Drinks (Coke Freestyle),Kids Film Crew,9,,,,,,,,,,,,,,,,false,false,,,"Printed row 'Sprite Zero Strawberry' in 'COKE FREESTYLE', column 'Kids Film Crew' = 9; the per-100 column (Per 100ml) prints 2 and is not used"
sprite-zero-strawberry-small,Sprite Zero Strawberry (Small),Soft Drinks (Coke Freestyle),Small,13,,,,,,,,,,,,,,,,false,false,,,"Printed row 'Sprite Zero Strawberry' in 'COKE FREESTYLE', column 'Small' = 13; the per-100 column (Per 100ml) prints 2 and is not used"
sprite-zero-strawberry-medium,Sprite Zero Strawberry (Medium),Soft Drinks (Coke Freestyle),Medium,19,,,,,,,,,,,,,,,,false,false,,,"Printed row 'Sprite Zero Strawberry' in 'COKE FREESTYLE', column 'Medium' = 19; the per-100 column (Per 100ml) prints 2 and is not used"
sprite-zero-strawberry-large,Sprite Zero Strawberry (Large),Soft Drinks (Coke Freestyle),Large,26,,,,,,,,,,,,,,,,false,false,,,"Printed row 'Sprite Zero Strawberry' in 'COKE FREESTYLE', column 'Large' = 26; the per-100 column (Per 100ml) prints 2 and is not used"
cone-each,Cone (each),Ice Cream,each,53,,,,,,,,,,,,,,,,false,false,,,"Printed row 'Cone' in 'ICE CREAM - DISOTTO GELATO', column 'Each' = 53; the per-100 column (Per 100g) prints 406 and is not used"
raspberry-ripple-gelato-1-scoop,Raspberry Ripple Gelato (1 scoop),Ice Cream,1 scoop,167,,,,,,,,,,,,,,,,false,false,,,"Printed row 'Raspberry Ripple Gelato' in 'ICE CREAM - DISOTTO GELATO', column 'Per Scoop' = 167; the per-100 column (Per 100g) prints 197 and is not used"
salted-caramel-gelato-1-scoop,Salted Caramel Gelato (1 scoop),Ice Cream,1 scoop,184,,,,,,,,,,,,,,,,false,false,,,"Printed row 'Salted Caramel Gelato' in 'ICE CREAM - DISOTTO GELATO', column 'Per Scoop' = 184; the per-100 column (Per 100g) prints 217 and is not used"
madagascan-vanilla-gelato-1-scoop,Madagascan Vanilla Gelato (1 scoop),Ice Cream,1 scoop,169,,,,,,,,,,,,,,,,false,false,,,"Printed row 'Madagascan Vanilla Gelato' in 'ICE CREAM - DISOTTO GELATO', column 'Per Scoop' = 169; the per-100 column (Per 100g) prints 199 and is not used"
blue-bubblegum-gelato-1-scoop,Blue Bubblegum Gelato (1 scoop),Ice Cream,1 scoop,169,,,,,,,,,,,,,,,,false,false,,,"Printed row 'Blue Bubblegum Gelato' in 'ICE CREAM - DISOTTO GELATO', column 'Per Scoop' = 169; the per-100 column (Per 100g) prints 199 and is not used"
peanut-butter-gelato-1-scoop,Peanut Butter Gelato (1 scoop),Ice Cream,1 scoop,191,,,,,,,,,,,,,,,,false,false,,,"Printed row 'Peanut Butter Gelato' in 'ICE CREAM - DISOTTO GELATO', column 'Per Scoop' = 191; the per-100 column (Per 100g) prints 225 and is not used"
alphonso-mango-sorbet-1-scoop,Alphonso Mango Sorbet (1 scoop),Ice Cream,1 scoop,99,,,,,,,,,,,,,,,,false,false,,,"Printed row 'Alphonso Mango Sorbet' in 'ICE CREAM - DISOTTO GELATO', column 'Per Scoop' = 99; the per-100 column (Per 100g) prints 117 and is not used"
candyfloss-gelato-1-scoop,Candyfloss Gelato (1 scoop),Ice Cream,1 scoop,165,,,,,,,,,,,,,,,,false,false,,,"Printed row 'Candyfloss Gelato' in 'ICE CREAM - DISOTTO GELATO', column 'Per Scoop' = 165; the per-100 column (Per 100g) prints 194 and is not used"
chocolate-brownie-caramel-and-sea-salt-gelato-1-scoop,"Chocolate Brownie, Caramel and Sea Salt Gelato (1 scoop)",Ice Cream,1 scoop,177,,,,,,,,,,,,,,,,false,false,,,"Printed row 'Chocolate Brownie, Caramel and Sea Salt Gelato' in 'ICE CREAM - DISOTTO GELATO', column 'Per Scoop' = 177; the per-100 column (Per 100g) prints 208 and is not used"
wild-strawberry-gelato-1-scoop,Wild Strawberry Gelato (1 scoop),Ice Cream,1 scoop,172,,,,,,,,,,,,,,,,false,false,,,"Printed row 'Wild Strawberry Gelato' in 'ICE CREAM - DISOTTO GELATO', column 'Per Scoop' = 172; the per-100 column (Per 100g) prints 202 and is not used"
cookies-and-cream-gelato-1-scoop,Cookies & Cream Gelato (1 scoop),Ice Cream,1 scoop,188,,,,,,,,,,,,,,,,false,false,,,"Printed row 'Cookies & Cream Gelato' in 'ICE CREAM - DISOTTO GELATO', column 'Per Scoop' = 188; the per-100 column (Per 100g) prints 221 and is not used"
ambassador-gelato-1-scoop,Ambassador Gelato (1 scoop),Ice Cream,1 scoop,196,,,,,,,,,,,,,,,,false,false,,,"Printed row 'Ambassador Gelato' in 'ICE CREAM - DISOTTO GELATO', column 'Per Scoop' = 196; the per-100 column (Per 100g) prints 231 and is not used"
vegan-vanilla-gelato-1-scoop,Vegan Vanilla Gelato (1 scoop),Ice Cream,1 scoop,179,,,,,,,,,,,,,,,vegetarian,false,false,,,"Printed row 'Vegan Vanilla Gelato' in 'ICE CREAM - DISOTTO GELATO', column 'Per Scoop' = 179; the per-100 column (Per 100g) prints 211 and is not used"
vegan-chocolate-gelato-1-scoop,Vegan Chocolate Gelato (1 scoop),Ice Cream,1 scoop,198,,,,,,,,,,,,,,,vegetarian,false,false,,,"Printed row 'Vegan Chocolate Gelato' in 'ICE CREAM - DISOTTO GELATO', column 'Per Scoop' = 198; the per-100 column (Per 100g) prints 233 and is not used"
toffee-and-butterscotch-gelato-1-scoop,Toffee & Butterscotch Gelato (1 scoop),Ice Cream,1 scoop,186,,,,,,,,,,,,,,,,false,false,,,"Printed row 'Toffee & Butterscotch Gelato' in 'ICE CREAM - DISOTTO GELATO', column 'Per Scoop' = 186; the per-100 column (Per 100g) prints 219 and is not used"
pistachio-and-raspberry-1-scoop,Pistachio & Raspberry (1 scoop),Ice Cream,1 scoop,186,,,,,,,,,,,,,,,,false,false,,,"Printed row 'Pistachio & Raspberry' in 'ICE CREAM - DISOTTO GELATO', column 'Per Scoop' = 186; the per-100 column (Per 100g) prints 219 and is not used"
mint-brownie-overload-1-scoop,Mint Brownie Overload (1 scoop),Ice Cream,1 scoop,184,,,,,,,,,,,,,,,,false,false,,,"Printed row 'Mint Brownie Overload' in 'ICE CREAM - DISOTTO GELATO', column 'Per Scoop' = 184; the per-100 column (Per 100g) prints 216 and is not used"
lemon-cheesecake-1-scoop,Lemon Cheesecake (1 scoop),Ice Cream,1 scoop,167,,,,,,,,,,,,,,,,false,false,,,"Printed row 'Lemon Cheesecake' in 'ICE CREAM - DISOTTO GELATO', column 'Per Scoop' = 167; the per-100 column (Per 100g) prints 196 and is not used"
raised-popcorn-pretzel-salted-caramel-1-scoop,Raised Popcorn Pretzel Salted Caramel (1 scoop),Ice Cream,1 scoop,225,,,,,,,,,,,,,,,,false,false,,,"Printed row 'Raised Popcorn Pretzel Salted Caramel' in 'ICE CREAM - DISOTTO GELATO', column 'Per Scoop' = 225; the per-100 column (Per 100g) prints 265 and is not used"
smartease-1-scoop,Smartease (1 scoop),Ice Cream,1 scoop,209,,,,,,,,,,,,,,,,false,false,,,"Printed row 'Smartease' in 'ICE CREAM - DISOTTO GELATO', column 'Per Scoop' = 209; the per-100 column (Per 100g) prints 246 and is not used"
ice-cream-waffle,Ice Cream Waffle,Ice Cream,,398,,,,,,,,,,,,,,,,false,false,,,"Printed row 'Waffle' in 'ICE CREAM WAFFLE', column 'Per Serving' = 398; the per-100 column (Per 100ml/g) prints 442 and is not used"
small-milkshake-two-scoops-of-gelato-small,Small Milkshake + Two Scoops of Gelato (Small),Milkshakes,Small,80,,,,,,,,,,,,,,,,false,false,,,"Printed row 'Small Milkshake + Two Scoops of Gelato' in 'MILKSHAKES (Milk only)', column 'Small' = 80; the per-100 column (Per 100ml) prints 45 and is not used"
large-milkshake-three-scoops-of-gelato-large,Large Milkshake + Three Scoops of Gelato (Large),Milkshakes,Large,106,,,,,,,,,,,,,,,,false,false,,,"Printed row 'Large Milkshake + Three Scoops of Gelato' in 'MILKSHAKES (Milk only)', column 'Large' = 106; the per-100 column (Per 100ml) prints 45 and is not used"
chocolate-sauce-topping,Chocolate Sauce (topping),Toppings,,70,,,,,,,,,,,,,,,,false,false,,,"Printed row 'Chocolate Sauce' in 'ICE CREAM / COOKIE TOPPINGS', column 'Per Serving' = 70; the per-100 column (Per 100ml/g) prints 280 and is not used"
toffee-sauce-topping,Toffee Sauce (topping),Toppings,,74,,,,,,,,,,,,,,,,false,false,,,"Printed row 'Toffee Sauce' in 'ICE CREAM / COOKIE TOPPINGS', column 'Per Serving' = 74; the per-100 column (Per 100ml/g) prints 294 and is not used"
raspberry-sauce-topping,Raspberry Sauce (topping),Toppings,,70,,,,,,,,,,,,,,,,false,false,,,"Printed row 'Raspberry Sauce' in 'ICE CREAM / COOKIE TOPPINGS', column 'Per Serving' = 70; the per-100 column (Per 100ml/g) prints 281 and is not used"
whipped-cream-topping,Whipped Cream (topping),Toppings,,30,,,,,,,,,,,,,,,,false,false,,,"Printed row 'Whipped Cream' in 'ICE CREAM / COOKIE TOPPINGS', column 'Per Serving' = 30; the per-100 column (Per 100ml/g) prints 336 and is not used"
sprinkles-topping,Sprinkles (topping),Toppings,,60,,,,,,,,,,,,,,,,false,false,,,"Printed row 'Sprinkles' in 'ICE CREAM / COOKIE TOPPINGS', column 'Per Serving' = 60; the per-100 column (Per 100ml/g) prints 400 and is not used"
oreo-and-oreo-crumb-topping,Oreo & Oreo Crumb (topping),Toppings,,100,,,,,,,,,,,,,,,,false,false,,,"Printed row 'Oreo & Oreo Crumb' in 'ICE CREAM / COOKIE TOPPINGS', column 'Per Serving' = 100; the per-100 column (Per 100ml/g) prints 476 and is not used"
peanut-m-and-ms-topping,Peanut M&Ms (topping),Toppings,,103,,,,,,,,,,,,,,,,false,false,,,"Printed row 'Peanut M&Ms' in 'ICE CREAM / COOKIE TOPPINGS', column 'Per Serving' = 103; the per-100 column (Per 100ml/g) prints 516 and is not used"
salted-popcorn-topping,Salted Popcorn (topping),Toppings,,15,,,,,,,,,,,,,,,,false,false,,,"Printed row 'Salted Popcorn' in 'ICE CREAM / COOKIE TOPPINGS', column 'Per Serving' = 15; the per-100 column (Per 100ml/g) prints 501 and is not used"
flake-topping,Flake (topping),Toppings,,43,,,,,,,,,,,,,,,,false,false,,,"Printed row 'Flake' in 'ICE CREAM / COOKIE TOPPINGS', column 'Per Serving' = 43; the per-100 column (Per 100ml/g) prints 535 and is not used"
nuts-topping,Nuts (topping),Toppings,,48,,,,,,,,,,,,,,,,false,false,,,"Printed row 'Nuts' in 'ICE CREAM / COOKIE TOPPINGS', column 'Per Serving' = 48; the per-100 column (Per 100ml/g) prints 604 and is not used"
hot-and-spicy-chicken-bites,Hot & Spicy Chicken Bites,Hot Food,,231,,,,,,,,,,,,,,,,false,false,,,"Printed row 'Hot & Spicy Chicken Bites' in 'Flexeserve / Louies - Hot Hold Products', column 'Per Serving' = 231; the per-100 column (Per 100g) prints 226 and is not used"
chicken-bites,Chicken Bites,Hot Food,,235,,,,,,,,,,,,,,,,false,false,,,"Printed row 'Chicken Bites' in 'Flexeserve / Louies - Hot Hold Products', column 'Per Serving' = 235; the per-100 column (Per 100g) prints 230 and is not used"
chilli-cheese-nuggets,Chilli Cheese Nuggets,Hot Food,,322,,,,,,,,,,,,,,,,false,false,,,"Printed row 'Chilli Cheese Nuggets' in 'Flexeserve / Louies - Hot Hold Products', column 'Per Serving' = 322; the per-100 column (Per 100g) prints 247 and is not used"
mozzarella-sticks,Mozzarella Sticks,Hot Food,,327,,,,,,,,,,,,,,,,false,false,,,"Printed row 'Mozzarella Sticks' in 'Flexeserve / Louies - Hot Hold Products', column 'Per Serving' = 327; the per-100 column (Per 100g) prints 299 and is not used"
southern-fried-wedges,Southern Fried Wedges,Hot Food,,248,,,,,,,,,,,,,,,,false,false,,,"Printed row 'Southern Fried Wedges' in 'Flexeserve / Louies - Hot Hold Products', column 'Per Serving' = 248; the per-100 column (Per 100g) prints 144 and is not used"
original-milk-chocolate,Original Milk Chocolate,Cookies,,372,,,,,,,,,,,,,,,,false,false,,,"Printed row 'Original Milk Chocolate' in 'Grab & Go Cookies', column 'Per Serving' = 372; the per-100 column (Per 100g) prints 496 and is not used"
triple-chocolate,Triple Chocolate,Cookies,,297,,,,,,,,,,,,,,,,false,false,,,"Printed row 'Triple Chocolate' in 'Grab & Go Cookies', column 'Per Serving' = 297; the per-100 column (Per 100g) prints 396 and is not used"
mini-cookies-x-12,Mini Cookies x 12,Cookies,,472,,,,,,,,,,,,,,,,false,false,,,"Printed row 'Mini Cookies x 12' in 'Grab & Go Cookies', column 'Per Serving' = 472; the per-100 column (Per 100g) prints 629 and is not used"
biscoff-sauce,Biscoff Sauce,Cookies,,168,,,,,,,,,,,,,,,,false,false,,,"Printed row 'Biscoff Sauce' in 'Cookie toppings', column 'Per Serving' = 168; the per-100 column (Per 100g) prints 673 and is not used"
biscoff-crumb,Biscoff Crumb,Cookies,,121,,,,,,,,,,,,,,,,false,false,,,"Printed row 'Biscoff Crumb' in 'Cookie toppings', column 'Per Serving' = 121; the per-100 column (Per 100g) prints 484 and is not used"
nutella,Nutella,Cookies,,135,,,,,,,,,,,,,,,,false,false,,,"Printed row 'Nutella' in 'Cookie toppings', column 'Per Serving' = 135; the per-100 column (Per 100g) prints 539 and is not used"
breaded-chicken-breast-strips-x-3,Breaded Chicken Breast Strips x 3,Louies Menu,,263,,,,,,,,,,,,,,,,false,false,,,"Printed row 'Breaded Chicken Breast Strips x 3' in 'Louies Menu', column 'Per Serving' = 263; the per-100 column (Per 100g) prints 217 and is not used"
breaded-chicken-breast-strips-x-5,Breaded Chicken Breast Strips x 5,Louies Menu,,386,,,,,,,,,,,,,,,,false,false,,,"Printed row 'Breaded Chicken Breast Strips x 5' in 'Louies Menu', column 'Per Serving' = 386; the per-100 column (Per 100g) prints 217 and is not used"
breaded-chicken-breast-strips-x-9,Breaded Chicken Breast Strips x 9,Louies Menu,,644,,,,,,,,,,,,,,,,false,false,,,"Printed row 'Breaded Chicken Breast Strips x 9' in 'Louies Menu', column 'Per Serving' = 644; the per-100 column (Per 100g) prints 217 and is not used"
vegan-tenders-x-3,Vegan Tenders x 3,Louies Menu,,238,,,,,,,,,,,,,,,vegetarian,false,false,,,"Printed row 'Vegan Tenders x 3' in 'Louies Menu', column 'Per Serving' = 238; the per-100 column (Per 100g) prints 262 and is not used"
vegan-tenders-x-5,Vegan Tenders x 5,Louies Menu,,375,,,,,,,,,,,,,,,vegetarian,false,false,,,"Printed row 'Vegan Tenders x 5' in 'Louies Menu', column 'Per Serving' = 375; the per-100 column (Per 100g) prints 262 and is not used"
vegan-tenders-x-9,Vegan Tenders x 9,Louies Menu,,702,,,,,,,,,,,,,,,vegetarian,false,false,,,"Printed row 'Vegan Tenders x 9' in 'Louies Menu', column 'Per Serving' = 702; the per-100 column (Per 100g) prints 262 and is not used"
surecrisp-medium-regular,SureCrisp Medium (Regular),Louies Menu,,236,,,,,,,,,,,,,,,,false,false,,,"Printed row 'SureCrisp Medium (Regular)' in 'Louies Menu', column 'Per Serving' = 236; the per-100 column (Per 100g) prints 141 and is not used"
surecrisp-medium-large,SureCrisp Medium (Large),Louies Menu,,353,,,,,,,,,,,,,,,,false,false,,,"Printed row 'SureCrisp Medium (Large)' in 'Louies Menu', column 'Per Serving' = 353; the per-100 column (Per 100g) prints 141 and is not used"
crunchy-hot-wings-x-5,Crunchy Hot Wings x 5,Louies Menu,,605,,,,,,,,,,,,,,,,false,false,,,"Printed row 'Crunchy Hot Wings x 5' in 'Louies Menu', column 'Per Serving' = 605; the per-100 column (Per 100g) prints 270 and is not used"
crunchy-hot-wings-x-10,Crunchy Hot Wings x 10,Louies Menu,,1210,,,,,,,,,,,,,,,,false,false,,,"Printed row 'Crunchy Hot Wings x 10' in 'Louies Menu', column 'Per Serving' = 1210; the per-100 column (Per 100g) prints 270 and is not used"
crunchy-hot-wings-x-20,Crunchy Hot Wings x 20,Louies Menu,,2215,,,,,,,,,,,,,,,,false,false,,,"Printed row 'Crunchy Hot Wings x 20' in 'Louies Menu', column 'Per Serving' = 2215; the per-100 column (Per 100g) prints 270 and is not used"
homestyle-southern-fried-fillets,Homestyle Southern Fried Fillets,Louies Menu,,194,,,,,,,,,,,,,,,,false,false,,,"Printed row 'Homestyle Southern Fried Fillets' in 'Louies Menu', column 'Per Serving' = 194; the per-100 column (Per 100g) prints 189 and is not used"
waffle-fries-regular,Waffle Fries (Regular),Louies Menu,,212,,,,,,,,,,,,,,,,false,false,,,"Printed row 'Waffle Fries (Regular)' in 'Louies Menu', column 'Per Serving' = 212; the per-100 column (Per 100g) prints 174 and is not used"
waffle-fries-large,Waffle Fries (Large),Louies Menu,,337,,,,,,,,,,,,,,,,false,false,,,"Printed row 'Waffle Fries (Large)' in 'Louies Menu', column 'Per Serving' = 337; the per-100 column (Per 100g) prints 174 and is not used"
loaded-waffle-fries-large,Loaded Waffle Fries (Large),Louies Menu,,510,,,,,,,,,,,,,,,,false,false,,,"Printed row 'Loaded Waffle Fries (Large)' in 'Louies Menu', column 'Per Serving' = 510"
corn-ribs,Corn Ribs,Louies Menu,,270,,,,,,,,,,,,,,,,false,false,,,"Printed row 'Corn Ribs' in 'Louies Menu', column 'Per Serving' = 270; the per-100 column (Per 100g) prints 164 and is not used"
battered-onion-rings,Battered Onion Rings,Louies Menu,,338,,,,,,,,,,,,,,,,false,false,,,"Printed row 'Battered Onion Rings' in 'Louies Menu', column 'Per Serving' = 338; the per-100 column (Per 100g) prints 269 and is not used"
cheese-slice,Cheese Slice,Louies Menu,,25,,,,,,,,,,,,,,,,false,false,,,"Printed row 'Cheese Slice' in 'Louies Menu', column 'Per Serving' = 25; the per-100 column (Per 100g) prints 416 and is not used"
classic-chicken-burger,Classic Chicken Burger,Louies Menu,,710,,,,,,,,,,,,,,,,false,false,,,"Printed row 'Classic Chicken Burger' in 'Louies Menu', column 'Per Serving' = 710"
deluxe-chicken-burger,Deluxe Chicken Burger,Louies Menu,,741,,,,,,,,,,,,,,,,false,false,,,"Printed row 'Deluxe Chicken Burger' in 'Louies Menu', column 'Per Serving' = 741"
spicy-chicken-burger,Spicy Chicken Burger,Louies Menu,,810,,,,,,,,,,,,,,,,false,false,,,"Printed row 'Spicy Chicken Burger' in 'Louies Menu', column 'Per Serving' = 810"
spicy-deluxe-chicken-burger,Spicy Deluxe Chicken Burger,Louies Menu,,840,,,,,,,,,,,,,,,,false,false,,,"Printed row 'Spicy Deluxe Chicken Burger' in 'Louies Menu', column 'Per Serving' = 840"
louisanna-chicken-burger,Louisanna Chicken Burger,Louies Menu,,463,,,,,,,,,,,,,,,,false,false,,,"Printed row 'Louisanna Chicken Burger' in 'Louies Menu', column 'Per Serving' = 463"
classic-wrap,Classic Wrap,Louies Menu,,738,,,,,,,,,,,,,,,,false,false,,,"Printed row 'Classic Wrap' in 'Louies Menu', column 'Per Serving' = 738"
spicy-classic-wrap,Spicy Classic Wrap,Louies Menu,,512,,,,,,,,,,,,,,,,false,false,,,"Printed row 'Spicy Classic Wrap' in 'Louies Menu', column 'Per Serving' = 512"
veggie-wrap,Veggie Wrap,Louies Menu,,749,,,,,,,,,,,,,,,,false,false,,,"Printed row 'Veggie Wrap' in 'Louies Menu', column 'Per Serving' = 749"
garlic-mayo,Garlic Mayo,Louies Menu,,235,,,,,,,,,,,,,,,,false,false,,,"Printed row 'Garlic Mayo' in 'Louies Menu', column 'Per Serving' = 235; the per-100 column (Per 100g) prints 470 and is not used"
lion-habanero-hot-sauce,Lion Habanero Hot Sauce,Louies Menu,,100,,,,,,,,,,,,,,,,false,false,,,"Printed row 'Lion Habanero Hot Sauce' in 'Louies Menu', column 'Per Serving' = 100; the per-100 column (Per 100g) prints 200 and is not used"
lion-louisiana-bbq-sauce,Lion Louisiana BBQ Sauce,Louies Menu,,84,,,,,,,,,,,,,,,,false,false,,,"Printed row 'Lion Louisiana BBQ Sauce' in 'Louies Menu', column 'Per Serving' = 84; the per-100 column (Per 100g) prints 168 and is not used"
lion-honey-sticky-sauce,Lion Honey Sticky Sauce,Louies Menu,,173,,,,,,,,,,,,,,,,false,false,,,"Printed row 'Lion Honey Sticky Sauce' in 'Louies Menu', column 'Per Serving' = 173; the per-100 column (Per 100g) prints 346 and is not used"
lion-buffalo-sauce,Lion Buffalo Sauce,Louies Menu,,91,,,,,,,,,,,,,,,,false,false,,,"Printed row 'Lion Buffalo Sauce' in 'Louies Menu', column 'Per Serving' = 91; the per-100 column (Per 100g) prints 182 and is not used"
stuffed-crust-four-cheese-pizza,Stuffed Crust Four Cheese Pizza,Pizzas,,1436,,,,,,,,,,,,,,,,false,false,,,"Printed row 'Stuffed Crust Four Cheese Pizza' in 'PIZZAS', column 'Per Serving' = 1436; the per-100 column (Per 100g) prints 228 and is not used"
stuffed-crust-pepperoni-pizza,Stuffed Crust Pepperoni Pizza,Pizzas,,1742,,,,,,,,,,,,,,,contains_pork,false,false,,,"Printed row 'Stuffed Crust Pepperoni Pizza' in 'PIZZAS', column 'Per Serving' = 1742; the per-100 column (Per 100g) prints 270 and is not used"
stuffed-crust-chicken-and-bacon-pizza,Stuffed Crust Chicken & Bacon Pizza,Pizzas,,1850,,,,,,,,,,,,,,,contains_pork,false,false,,,"Printed row 'Stuffed Crust Chicken & Bacon Pizza' in 'PIZZAS', column 'Per Serving' = 1850; the per-100 column (Per 100g) prints 289 and is not used"
stuffed-crust-meat-feast-pizza,Stuffed Crust Meat Feast Pizza,Pizzas,,1795,,,,,,,,,,,,,,,,false,false,,,"Printed row 'Stuffed Crust Meat Feast Pizza' in 'PIZZAS', column 'Per Serving' = 1795; the per-100 column (Per 100g) prints 264 and is not used"
classic-crust-bbq-jackfruit-pizza,Classic Crust BBQ Jackfruit Pizza,Pizzas,,1245,,,,,,,,,,,,,,,,false,false,,,"Printed row 'Classic Crust BBQ Jackfruit Pizza' in 'PIZZAS', column 'Per Serving' = 1245; the per-100 column (Per 100g) prints 254 and is not used"
stuffed-crust-salt-and-pepper-chicken,Stuffed Crust Salt & Pepper Chicken,Pizzas,,1668,,,,,,,,,,,,,,,,false,false,,,"Printed row 'Stuffed Crust Salt & Pepper Chicken' in 'PIZZAS', column 'Per Serving' = 1668; the per-100 column (Per 100g) prints 241 and is not used"
stuffed-crust-bbq-chicken,Stuffed Crust BBQ Chicken,Pizzas,,1588,,,,,,,,,,,,,,,,false,false,,,"Printed row 'Stuffed Crust BBQ Chicken' in 'PIZZAS', column 'Per Serving' = 1588; the per-100 column (Per 100g) prints 235 and is not used"
margherita-pizza-twists,Margherita Pizza Twists,Pizza Twists,,392,,,,,,,,,,,,,,,,false,false,,,"Printed row 'Margherita' in 'PIZZA TWISTS', column 'Per Serving' = 392; the per-100 column (Per 100g) prints 218 and is not used"
margherita-pizza-twists-plus-chips,Margherita Pizza Twists plus chips,Pizza Twists,,643,,,,,,,,,,,,,,,,false,false,,,"Printed row 'Margherita' in 'PIZZA TWISTS', column 'Plus Chips' = 643; the per-100 column (Per 100g) prints 218 and is not used"
pepperoni-pizza-twists,Pepperoni Pizza Twists,Pizza Twists,,407,,,,,,,,,,,,,,,contains_pork,false,false,,,"Printed row 'Pepperoni' in 'PIZZA TWISTS', column 'Per Serving' = 407; the per-100 column (Per 100g) prints 226 and is not used"
pepperoni-pizza-twists-plus-chips,Pepperoni Pizza Twists plus chips,Pizza Twists,,658,,,,,,,,,,,,,,,contains_pork,false,false,,,"Printed row 'Pepperoni' in 'PIZZA TWISTS', column 'Plus Chips' = 658; the per-100 column (Per 100g) prints 226 and is not used"
coca-cola-4oz-splash,Coca Cola (4oz splash),Bar Drinks,4oz splash,49,,,,,,,,,,,,,,,,false,false,,,"Printed row 'Coca Cola' in 'BAR DRINKS', column 'Per 4oz Splash' = 49; the per-100 column (Per 100ml) prints 43 and is not used"
coca-cola-12oz-glass,Coca Cola (12oz glass),Bar Drinks,12oz glass,152,,,,,,,,,,,,,,,,false,false,,,"Printed row 'Coca Cola' in 'BAR DRINKS', column 'Per 12oz Glass' = 152; the per-100 column (Per 100ml) prints 43 and is not used"
coca-cola-pint-glass,Coca Cola (pint glass),Bar Drinks,pint glass,244,,,,,,,,,,,,,,,,false,false,,,"Printed row 'Coca Cola' in 'BAR DRINKS', column 'Per Pint Glass' = 244; the per-100 column (Per 100ml) prints 43 and is not used"
diet-coke-4oz-splash,Diet Coke (4oz splash),Bar Drinks,4oz splash,0.3,,,,,,,,,,,,,,,,false,false,,,"Printed row 'Diet Coke' in 'BAR DRINKS', column 'Per 4oz Splash' = 0.3; the per-100 column (Per 100ml) prints 0.3 and is not used"
diet-coke-12oz-glass,Diet Coke (12oz glass),Bar Drinks,12oz glass,1,,,,,,,,,,,,,,,,false,false,,,"Printed row 'Diet Coke' in 'BAR DRINKS', column 'Per 12oz Glass' = 1; the per-100 column (Per 100ml) prints 0.3 and is not used"
diet-coke-pint-glass,Diet Coke (pint glass),Bar Drinks,pint glass,1.7,,,,,,,,,,,,,,,,false,false,,,"Printed row 'Diet Coke' in 'BAR DRINKS', column 'Per Pint Glass' = 1.7; the per-100 column (Per 100ml) prints 0.3 and is not used"
coke-zero-4oz-splash,Coke Zero (4oz splash),Bar Drinks,4oz splash,0.6,,,,,,,,,,,,,,,,false,false,,,"Printed row 'Coke Zero' in 'BAR DRINKS', column 'Per 4oz Splash' = 0.6; the per-100 column (Per 100ml) prints 0.5 and is not used"
coke-zero-12oz-glass,Coke Zero (12oz glass),Bar Drinks,12oz glass,2,,,,,,,,,,,,,,,,false,false,,,"Printed row 'Coke Zero' in 'BAR DRINKS', column 'Per 12oz Glass' = 2; the per-100 column (Per 100ml) prints 0.5 and is not used"
coke-zero-pint-glass,Coke Zero (pint glass),Bar Drinks,pint glass,2.8,,,,,,,,,,,,,,,,false,false,,,"Printed row 'Coke Zero' in 'BAR DRINKS', column 'Per Pint Glass' = 2.8; the per-100 column (Per 100ml) prints 0.5 and is not used"
fanta-4oz-splash,Fanta (4oz splash),Bar Drinks,4oz splash,22,,,,,,,,,,,,,,,,false,false,,,"Printed row 'Fanta' in 'BAR DRINKS', column 'Per 4oz Splash' = 22; the per-100 column (Per 100ml) prints 19 and is not used"
fanta-12oz-glass,Fanta (12oz glass),Bar Drinks,12oz glass,67,,,,,,,,,,,,,,,,false,false,,,"Printed row 'Fanta' in 'BAR DRINKS', column 'Per 12oz Glass' = 67; the per-100 column (Per 100ml) prints 19 and is not used"
fanta-pint-glass,Fanta (pint glass),Bar Drinks,pint glass,108,,,,,,,,,,,,,,,,false,false,,,"Printed row 'Fanta' in 'BAR DRINKS', column 'Per Pint Glass' = 108; the per-100 column (Per 100ml) prints 19 and is not used"
sprite-zero-4oz-splash,Sprite Zero (4oz splash),Bar Drinks,4oz splash,1,,,,,,,,,,,,,,,,false,false,,,"Printed row 'Sprite Zero' in 'BAR DRINKS', column 'Per 4oz Splash' = 1; the per-100 column (Per 100ml) prints 1 and is not used"
sprite-zero-12oz-glass,Sprite Zero (12oz glass),Bar Drinks,12oz glass,4,,,,,,,,,,,,,,,,false,false,,,"Printed row 'Sprite Zero' in 'BAR DRINKS', column 'Per 12oz Glass' = 4; the per-100 column (Per 100ml) prints 1 and is not used"
sprite-zero-pint-glass,Sprite Zero (pint glass),Bar Drinks,pint glass,6,,,,,,,,,,,,,,,,false,false,,,"Printed row 'Sprite Zero' in 'BAR DRINKS', column 'Per Pint Glass' = 6; the per-100 column (Per 100ml) prints 1 and is not used"
schweppes-lemonade-4oz-splash,Schweppes Lemonade (4oz splash),Bar Drinks,4oz splash,22,,,,,,,,,,,,,,,,false,false,,,"Printed row 'Schweppes Lemonade' in 'BAR DRINKS', column 'Per 4oz Splash' = 22; the per-100 column (Per 100ml) prints 19 and is not used"
schweppes-lemonade-12oz-glass,Schweppes Lemonade (12oz glass),Bar Drinks,12oz glass,67,,,,,,,,,,,,,,,,false,false,,,"Printed row 'Schweppes Lemonade' in 'BAR DRINKS', column 'Per 12oz Glass' = 67; the per-100 column (Per 100ml) prints 19 and is not used"
schweppes-lemonade-pint-glass,Schweppes Lemonade (pint glass),Bar Drinks,pint glass,108,,,,,,,,,,,,,,,,false,false,,,"Printed row 'Schweppes Lemonade' in 'BAR DRINKS', column 'Per Pint Glass' = 108; the per-100 column (Per 100ml) prints 19 and is not used"
coca-colada,Coca Colada,Mocktails,,114,,,,,,,,,,,,,,,,false,false,,,"Printed row 'Coca Colada' in 'MOCKTAILS', column 'Per Serving' = 114; the per-100 column (Per 100ml) prints 65 and is not used"
sea-breeze,Sea Breeze,Mocktails,,74,,,,,,,,,,,,,,,,false,false,,,"Printed row 'Sea Breeze' in 'MOCKTAILS', column 'Per Serving' = 74; the per-100 column (Per 100ml) prints 37 and is not used"
summer-sunset,Summer Sunset,Mocktails,,66,,,,,,,,,,,,,,,,false,false,,,"Printed row 'Summer Sunset' in 'MOCKTAILS', column 'Per Serving' = 66; the per-100 column (Per 100ml) prints 33 and is not used"
orange-juice,Orange Juice,Juices,,92,,,,,,,,,,,,,,,,false,false,,,"Printed row 'Orange' in 'JUICES', column 'Per Serving' = 92; the per-100 column (Per 100ml) prints 46 and is not used"
cranberry-juice,Cranberry Juice,Juices,,40,,,,,,,,,,,,,,,,false,false,,,"Printed row 'Cranberry' in 'JUICES', column 'Per Serving' = 40; the per-100 column (Per 100ml) prints 20 and is not used"
pineapple-juice,Pineapple Juice,Juices,,108,,,,,,,,,,,,,,,,false,false,,,"Printed row 'Pineapple' in 'JUICES', column 'Per Serving' = 108; the per-100 column (Per 100ml) prints 54 and is not used"
milk-choc-popcorn,Milk Choc Popcorn,Gallery Pots,,594,,,,,,,,,,,,,,,,false,false,,,"Printed row 'Milk Choc Popcorn' in 'GALLERY POT OPTIONS', column 'Per Serving' = 594; the per-100 column (Per 100g) prints 490 and is not used"
white-choc-popcorn,White Choc popcorn,Gallery Pots,,594,,,,,,,,,,,,,,,,false,false,,,"Printed row 'White Choc popcorn' in 'GALLERY POT OPTIONS', column 'Per Serving' = 594; the per-100 column (Per 100g) prints 500 and is not used"
mini-apple-beignets,Mini Apple Beignets,Gallery Pots,,246,,,,,,,,,,,,,,,,false,false,,,"Printed row 'Mini Apple Beignets' in 'GALLERY POT OPTIONS', column 'Per Serving' = 246; the per-100 column (Per 100g) prints 328 and is not used"
mini-brownies,Mini Brownies,Gallery Pots,,502,,,,,,,,,,,,,,,,false,false,,,"Printed row 'Mini Brownies' in 'GALLERY POT OPTIONS', column 'Per Serving' = 502; the per-100 column (Per 100g) prints 440 and is not used"
celebrations-quality-street,Celebrations / Quality Street,Gallery Pots,,688,,,,,,,,,,,,,,,,false,false,,,"Printed row 'Celebrations / Quality Street' in 'GALLERY POT OPTIONS', column 'Per Serving' = 688; the per-100 column (Per 100g) prints 471 and is not used"
chilli-nuts,Chilli Nuts,Gallery Pots,,894,,,,,,,,,,,,,,,,false,false,,,"Printed row 'Chilli Nuts' in 'GALLERY POT OPTIONS', column 'Per Serving' = 894; the per-100 column (Per 100g) prints 511 and is not used"
veggie-crisps,Veggie Crisps,Gallery Pots,,243,,,,,,,,,,,,,,,,false,false,,,"Printed row 'Veggie Crisps' in 'GALLERY POT OPTIONS', column 'Per Serving' = 243; the per-100 column (Per 100g) prints 540 and is not used"
sweet-bento-box,Sweet Bento Box,Gallery Bento Boxes,,998,,,,,,,,,,,,,,,,false,false,,,"Printed row 'Sweet Bento Box' in 'GALLERY BENTO BOXES', column 'Per Serving' = 998; the per-100 column (Per 100g) prints 418 and is not used"
savoury-bento-box,Savoury Bento Box,Gallery Bento Boxes,,762,,,,,,,,,,,,,,,,false,false,,,"Printed row 'Savoury Bento Box' in 'GALLERY BENTO BOXES', column 'Per Serving' = 762; the per-100 column (Per 100g) prints 324 and is not used"
costa-espresso-small,Costa Espresso (Small),Costa Hot Drinks,Small,6,,,,,,,,,,,,,,,,false,false,,,"Printed row 'Espresso' in 'COSTA PROUD TO SERVE - Hot Drinks', column 'Small' = 6; the per-100 column (Per 100ml) prints 19 and is not used"
costa-espresso-medium,Costa Espresso (Medium),Costa Hot Drinks,Medium,12,,,,,,,,,,,,,,,,false,false,,,"Printed row 'Espresso' in 'COSTA PROUD TO SERVE - Hot Drinks', column 'Medium' = 12; the per-100 column (Per 100ml) prints 19 and is not used"
costa-macchiato-small,Costa Macchiato (Small),Costa Hot Drinks,Small,10,,,,,,,,,,,,,,,,false,false,,,"Printed row 'Macchiato' in 'COSTA PROUD TO SERVE - Hot Drinks', column 'Small' = 10; the per-100 column (Per 100ml) prints 26 and is not used"
costa-macchiato-medium,Costa Macchiato (Medium),Costa Hot Drinks,Medium,21,,,,,,,,,,,,,,,,false,false,,,"Printed row 'Macchiato' in 'COSTA PROUD TO SERVE - Hot Drinks', column 'Medium' = 21; the per-100 column (Per 100ml) prints 26 and is not used"
costa-cortado-small,Costa Cortado (Small),Costa Hot Drinks,Small,113,,,,,,,,,,,,,,,,false,false,,,"Printed row 'Cortado' in 'COSTA PROUD TO SERVE - Hot Drinks', column 'Small' = 113; the per-100 column (Per 100ml) prints 45 and is not used"
costa-flat-white-small,Costa Flat White (Small),Costa Hot Drinks,Small,189,,,,,,,,,,,,,,,,false,false,,,"Printed row 'Flat White' in 'COSTA PROUD TO SERVE - Hot Drinks', column 'Small' = 189; the per-100 column (Per 100ml) prints 45 and is not used"
costa-cappuccino-small,Costa Cappuccino (Small),Costa Hot Drinks,Small,123,,,,,,,,,,,,,,,,false,false,,,"Printed row 'Cappuccino' in 'COSTA PROUD TO SERVE - Hot Drinks', column 'Small' = 123; the per-100 column (Per 100ml) prints 46 and is not used"
costa-cappuccino-medium,Costa Cappuccino (Medium),Costa Hot Drinks,Medium,154,,,,,,,,,,,,,,,,false,false,,,"Printed row 'Cappuccino' in 'COSTA PROUD TO SERVE - Hot Drinks', column 'Medium' = 154; the per-100 column (Per 100ml) prints 46 and is not used"
costa-cappuccino-large,Costa Cappuccino (Large),Costa Hot Drinks,Large,169,,,,,,,,,,,,,,,,false,false,,,"Printed row 'Cappuccino' in 'COSTA PROUD TO SERVE - Hot Drinks', column 'Large' = 169; the per-100 column (Per 100ml) prints 46 and is not used"
costa-latte-small,Costa Latte (Small),Costa Hot Drinks,Small,111,,,,,,,,,,,,,,,,false,false,,,"Printed row 'Latte' in 'COSTA PROUD TO SERVE - Hot Drinks', column 'Small' = 111; the per-100 column (Per 100ml) prints 42 and is not used"
costa-latte-medium,Costa Latte (Medium),Costa Hot Drinks,Medium,151,,,,,,,,,,,,,,,,false,false,,,"Printed row 'Latte' in 'COSTA PROUD TO SERVE - Hot Drinks', column 'Medium' = 151; the per-100 column (Per 100ml) prints 42 and is not used"
costa-latte-large,Costa Latte (Large),Costa Hot Drinks,Large,209,,,,,,,,,,,,,,,,false,false,,,"Printed row 'Latte' in 'COSTA PROUD TO SERVE - Hot Drinks', column 'Large' = 209; the per-100 column (Per 100ml) prints 42 and is not used"
costa-americano-small,Costa Americano (Small),Costa Hot Drinks,Small,12,,,,,,,,,,,,,,,,false,false,,,"Printed row 'Americano' in 'COSTA PROUD TO SERVE - Hot Drinks', column 'Small' = 12; the per-100 column (Per 100ml) prints 4 and is not used"
costa-americano-medium,Costa Americano (Medium),Costa Hot Drinks,Medium,18,,,,,,,,,,,,,,,,false,false,,,"Printed row 'Americano' in 'COSTA PROUD TO SERVE - Hot Drinks', column 'Medium' = 18; the per-100 column (Per 100ml) prints 4 and is not used"
costa-americano-large,Costa Americano (Large),Costa Hot Drinks,Large,23,,,,,,,,,,,,,,,,false,false,,,"Printed row 'Americano' in 'COSTA PROUD TO SERVE - Hot Drinks', column 'Large' = 23; the per-100 column (Per 100ml) prints 4 and is not used"
costa-mocha-small,Costa Mocha (Small),Costa Hot Drinks,Small,174,,,,,,,,,,,,,,,,false,false,,,"Printed row 'Mocha' in 'COSTA PROUD TO SERVE - Hot Drinks', column 'Small' = 174; the per-100 column (Per 100ml) prints 63 and is not used"
costa-mocha-medium,Costa Mocha (Medium),Costa Hot Drinks,Medium,222,,,,,,,,,,,,,,,,false,false,,,"Printed row 'Mocha' in 'COSTA PROUD TO SERVE - Hot Drinks', column 'Medium' = 222; the per-100 column (Per 100ml) prints 63 and is not used"
costa-mocha-large,Costa Mocha (Large),Costa Hot Drinks,Large,267,,,,,,,,,,,,,,,,false,false,,,"Printed row 'Mocha' in 'COSTA PROUD TO SERVE - Hot Drinks', column 'Large' = 267; the per-100 column (Per 100ml) prints 63 and is not used"
costa-hot-chocolate-small,Costa Hot Chocolate (Small),Costa Hot Drinks,Small,220,,,,,,,,,,,,,,,,false,false,,,"Printed row 'Hot Chocolate' in 'COSTA PROUD TO SERVE - Hot Drinks', column 'Small' = 220; the per-100 column (Per 100ml) prints 79 and is not used"
costa-hot-chocolate-medium,Costa Hot Chocolate (Medium),Costa Hot Drinks,Medium,310,,,,,,,,,,,,,,,,false,false,,,"Printed row 'Hot Chocolate' in 'COSTA PROUD TO SERVE - Hot Drinks', column 'Medium' = 310; the per-100 column (Per 100ml) prints 79 and is not used"
costa-hot-chocolate-large,Costa Hot Chocolate (Large),Costa Hot Drinks,Large,421,,,,,,,,,,,,,,,,false,false,,,"Printed row 'Hot Chocolate' in 'COSTA PROUD TO SERVE - Hot Drinks', column 'Large' = 421; the per-100 column (Per 100ml) prints 79 and is not used"
costa-english-breakfast-tea-small,Costa English Breakfast Tea (Small),Costa Hot Drinks,Small,1,,,,,,,,,,,,,,,,false,false,,,"Printed row 'English Breakfast Tea' in 'COSTA PROUD TO SERVE - Hot Drinks', column 'Small' = 1; the per-100 column (Per 100ml) prints 0 and is not used"
costa-english-breakfast-tea-medium,Costa English Breakfast Tea (Medium),Costa Hot Drinks,Medium,1,,,,,,,,,,,,,,,,false,false,,,"Printed row 'English Breakfast Tea' in 'COSTA PROUD TO SERVE - Hot Drinks', column 'Medium' = 1; the per-100 column (Per 100ml) prints 0 and is not used"
costa-english-breakfast-tea-large,Costa English Breakfast Tea (Large),Costa Hot Drinks,Large,1,,,,,,,,,,,,,,,,false,false,,,"Printed row 'English Breakfast Tea' in 'COSTA PROUD TO SERVE - Hot Drinks', column 'Large' = 1; the per-100 column (Per 100ml) prints 0 and is not used"
costa-speciality-tea-small,Costa Speciality Tea (Small),Costa Hot Drinks,Small,3,,,,,,,,,,,,,,,,false,false,,,"Printed row 'Speciality Tea' in 'COSTA PROUD TO SERVE - Hot Drinks', column 'Small' = 3; the per-100 column (Per 100ml) prints 2 and is not used"
costa-speciality-tea-medium,Costa Speciality Tea (Medium),Costa Hot Drinks,Medium,3,,,,,,,,,,,,,,,,false,false,,,"Printed row 'Speciality Tea' in 'COSTA PROUD TO SERVE - Hot Drinks', column 'Medium' = 3; the per-100 column (Per 100ml) prints 2 and is not used"
costa-speciality-tea-large,Costa Speciality Tea (Large),Costa Hot Drinks,Large,3,,,,,,,,,,,,,,,,false,false,,,"Printed row 'Speciality Tea' in 'COSTA PROUD TO SERVE - Hot Drinks', column 'Large' = 3; the per-100 column (Per 100ml) prints 2 and is not used"
costa-iced-cappuccino-small,Costa Iced Cappuccino (Small),Costa Cold Drinks,Small,69,,,,,,,,,,,,,,,,false,false,,,"Printed row 'Iced Cappuccino' in 'COSTA PROUD TO SERVE - Cold Drinks', column 'Small' = 69; the per-100 column (Per 100ml) prints 32 and is not used"
costa-iced-cappuccino-medium,Costa Iced Cappuccino (Medium),Costa Cold Drinks,Medium,88,,,,,,,,,,,,,,,,false,false,,,"Printed row 'Iced Cappuccino' in 'COSTA PROUD TO SERVE - Cold Drinks', column 'Medium' = 88; the per-100 column (Per 100ml) prints 32 and is not used"
costa-iced-latte-small,Costa Iced Latte (Small),Costa Cold Drinks,Small,106,,,,,,,,,,,,,,,,false,false,,,"Printed row 'Iced Latte' in 'COSTA PROUD TO SERVE - Cold Drinks', column 'Small' = 106; the per-100 column (Per 100ml) prints 38 and is not used"
costa-iced-latte-medium,Costa Iced Latte (Medium),Costa Cold Drinks,Medium,144,,,,,,,,,,,,,,,,false,false,,,"Printed row 'Iced Latte' in 'COSTA PROUD TO SERVE - Cold Drinks', column 'Medium' = 144; the per-100 column (Per 100ml) prints 38 and is not used"
costa-iced-americano-small,Costa Iced Americano (Small),Costa Cold Drinks,Small,25,,,,,,,,,,,,,,,,false,false,,,"Printed row 'Iced Americano' in 'COSTA PROUD TO SERVE - Cold Drinks', column 'Small' = 25; the per-100 column (Per 100ml) prints 11 and is not used"
costa-iced-americano-medium,Costa Iced Americano (Medium),Costa Cold Drinks,Medium,42,,,,,,,,,,,,,,,,false,false,,,"Printed row 'Iced Americano' in 'COSTA PROUD TO SERVE - Cold Drinks', column 'Medium' = 42; the per-100 column (Per 100ml) prints 11 and is not used"
costa-mango-and-passionfruit-cooler-small,Costa Mango & Passionfruit Cooler (Small),Costa Cold Drinks,Small,125,,,,,,,,,,,,,,,,false,false,,,"Printed row 'Mango & Passionfruit Cooler' in 'COSTA PROUD TO SERVE - Cold Drinks', column 'Small' = 125; the per-100 column (Per 100ml) prints 31 and is not used"
costa-mango-and-passionfruit-cooler-medium,Costa Mango & Passionfruit Cooler (Medium),Costa Cold Drinks,Medium,165,,,,,,,,,,,,,,,,false,false,,,"Printed row 'Mango & Passionfruit Cooler' in 'COSTA PROUD TO SERVE - Cold Drinks', column 'Medium' = 165; the per-100 column (Per 100ml) prints 31 and is not used"
costa-red-summer-berries-cooler-small,Costa Red Summer Berries Cooler (Small),Costa Cold Drinks,Small,167,,,,,,,,,,,,,,,,false,false,,,"Printed row 'Red Summer Berries Cooler' in 'COSTA PROUD TO SERVE - Cold Drinks', column 'Small' = 167; the per-100 column (Per 100ml) prints 42 and is not used"
costa-red-summer-berries-cooler-medium,Costa Red Summer Berries Cooler (Medium),Costa Cold Drinks,Medium,220,,,,,,,,,,,,,,,,false,false,,,"Printed row 'Red Summer Berries Cooler' in 'COSTA PROUD TO SERVE - Cold Drinks', column 'Medium' = 220; the per-100 column (Per 100ml) prints 42 and is not used"
costa-vanilla-syrup-1-pump,Costa Vanilla Syrup (1 pump),Costa Syrups,1 pump,13,,,,,,,,,,,,,,,,false,false,,,"Printed row 'Vanilla Syrup' in 'COSTA PROUD TO SERVE - Syrups', column 'per Pump' = 13; the per-100 column (per 100ml) prints 313 and is not used"
costa-sugar-free-vanilla-syrup-1-pump,Costa Sugar Free Vanilla Syrup (1 pump),Costa Syrups,1 pump,1,,,,,,,,,,,,,,,,false,false,,,"Printed row 'Sugar Free Vanilla Syrup' in 'COSTA PROUD TO SERVE - Syrups', column 'per Pump' = 1; the per-100 column (per 100ml) prints 13 and is not used"
costa-roasted-hazelnut-syrup-1-pump,Costa Roasted Hazelnut Syrup (1 pump),Costa Syrups,1 pump,11,,,,,,,,,,,,,,,,false,false,,,"Printed row 'Roasted Hazelnut Syrup' in 'COSTA PROUD TO SERVE - Syrups', column 'per Pump' = 11; the per-100 column (per 100ml) prints 285 and is not used"
costa-sugar-free-roasted-hazelnut-syrup-1-pump,Costa Sugar Free Roasted Hazelnut Syrup (1 pump),Costa Syrups,1 pump,1,,,,,,,,,,,,,,,,false,false,,,"Printed row 'Sugar Free Roasted Hazelnut Syrup' in 'COSTA PROUD TO SERVE - Syrups', column 'per Pump' = 1; the per-100 column (per 100ml) prints 14 and is not used"
costa-caramel-syrup-1-pump,Costa Caramel Syrup (1 pump),Costa Syrups,1 pump,11,,,,,,,,,,,,,,,,false,false,,,"Printed row 'Caramel Syrup' in 'COSTA PROUD TO SERVE - Syrups', column 'per Pump' = 11; the per-100 column (per 100ml) prints 279 and is not used"
costa-sugar-free-caramel-syrup-1-pump,Costa Sugar Free Caramel Syrup (1 pump),Costa Syrups,1 pump,1,,,,,,,,,,,,,,,,false,false,,,"Printed row 'Sugar Free Caramel Syrup' in 'COSTA PROUD TO SERVE - Syrups', column 'per Pump' = 1; the per-100 column (per 100ml) prints 19 and is not used"
costa-sugar-free-gingerbread-syrup-1-pump,Costa Sugar Free Gingerbread Syrup (1 pump),Costa Syrups,1 pump,1,,,,,,,,,,,,,,,,false,false,,,"Printed row 'Sugar Free Gingerbread Syrup' in 'COSTA PROUD TO SERVE - Syrups', column 'per Pump' = 1; the per-100 column (per 100ml) prints 16 and is not used"
