id,name,category,serving,calories,protein_g,carbs_g,fat_g,sat_fat_g,sodium_mg,salt_g,sugar_g,fiber_g,energy_kj,weight_g,mono_fat_g,poly_fat_g,trans_fat_g,caffeine_mg,tags,limited_time,rankable,components,added_on,notes
baguette-bacon-multiseed-with-butter-and-salad,"Baguette, Bacon (Multiseed, With Butter and Salad)",Baguettes,,616,33.16,55.42,27.43,7.74,,3.15,4.72,7.82,2575,,,,,,contains_pork,false,false,,,page nutritional-information/10856: total of the filling + Multiseed + With Butter and Salad
baguette-bacon-white-with-butter-and-salad,"Baguette, Bacon (White, With Butter and Salad)",Baguettes,,527,27.96,59.32,19.63,6.44,,4.45,3.42,5.22,2218,,,,,,contains_pork,false,true,,,page nutritional-information/10856: total of the filling + White + With Butter and Salad
baguette-bacon-sourdough-with-butter-and-salad,"Baguette, Bacon (Sourdough, With Butter and Salad)",Baguettes,,577,30.06,69.32,19.73,6.44,,4.55,2.12,5.52,2425,,,,,,contains_pork,false,false,,,page nutritional-information/10856: total of the filling + Sourdough + With Butter and Salad
baguette-boiled-fried-egg-multiseed-with-butter-and-salad,"Baguette, Boiled/Fried Egg (Multiseed, With Butter and Salad)",Baguettes,,547,26.44,54.90,22.80,5.15,,0.34,4.20,7.30,2290,,,,,,,false,false,,,page nutritional-information/10877: total of the filling + Multiseed + With Butter and Salad
baguette-boiled-fried-egg-white-with-butter-and-salad,"Baguette, Boiled/Fried Egg (White, With Butter and Salad)",Baguettes,,458,21.24,58.80,15.00,3.85,,1.64,2.90,4.70,1932,,,,,,,false,true,,,page nutritional-information/10877: total of the filling + White + With Butter and Salad
baguette-boiled-fried-egg-sourdough-with-butter-and-salad,"Baguette, Boiled/Fried Egg (Sourdough, With Butter and Salad)",Baguettes,,508,23.34,68.80,15.10,3.85,,1.74,1.60,5.00,2139,,,,,,,false,false,,,page nutritional-information/10877: total of the filling + Sourdough + With Butter and Salad
baguette-brie-multiseed-with-butter-and-salad,"Baguette, Brie (Multiseed, With Butter and Salad)",Baguettes,,754,34.10,56.40,41.70,21.90,,1.50,4.70,7.80,3145,,,,,,,false,false,,,page nutritional-information/10879: total of the filling + Multiseed + With Butter and Salad
baguette-brie-white-with-butter-and-salad,"Baguette, Brie (White, With Butter and Salad)",Baguettes,,666,28.90,60.30,33.90,20.60,,2.80,3.40,5.20,2788,,,,,,,false,true,,,page nutritional-information/10879: total of the filling + White + With Butter and Salad
baguette-brie-sourdough-with-butter-and-salad,"Baguette, Brie (Sourdough, With Butter and Salad)",Baguettes,,715,31.00,70.30,34.00,20.60,,2.90,2.10,5.50,2995,,,,,,,false,false,,,page nutritional-information/10879: total of the filling + Sourdough + With Butter and Salad
baguette-buffalo-chicken-multiseed-with-butter-and-salad,"Baguette, Buffalo Chicken (Multiseed, With Butter and Salad)",Baguettes,,664,28.30,69.30,29.10,6.50,,0.00,6.60,7.30,2778,,,,,,,false,false,,,page nutritional-information/11445: total of the filling + With Butter and Salad + Multiseed
baguette-buffalo-chicken-white-with-butter-and-salad,"Baguette, Buffalo Chicken (White, With Butter and Salad)",Baguettes,,576,23.10,73.20,21.30,5.20,,1.30,5.30,4.70,2420,,,,,,,false,true,,,page nutritional-information/11445: total of the filling + With Butter and Salad + White
baguette-buffalo-chicken-sourdough-with-butter-and-salad,"Baguette, Buffalo Chicken (Sourdough, With Butter and Salad)",Baguettes,,625,25.20,83.20,21.40,5.20,,1.40,4.00,5.00,2627,,,,,,,false,false,,,page nutritional-information/11445: total of the filling + With Butter and Salad + Sourdough
baguette-cheese-brie-multiseed-with-butter-and-salad,"Baguette, Cheese (Brie, Multiseed, With Butter and Salad)",Baguettes,,727,28.70,56.50,41.10,21.30,,1.12,5.80,7.30,3033,,,,,,,false,true,,,page nutritional-information/10876: total of the filling + Brie + With Butter and Salad + Multiseed
baguette-cheese-brie-white-with-butter-and-salad,"Baguette, Cheese (Brie, White, With Butter and Salad)",Baguettes,,639,23.50,60.40,33.30,20.00,,2.42,4.50,4.70,2675,,,,,,,false,true,,,page nutritional-information/10876: total of the filling + Brie + With Butter and Salad + White
baguette-cheese-brie-sourdough-with-butter-and-salad,"Baguette, Cheese (Brie, Sourdough, With Butter and Salad)",Baguettes,,689,25.60,70.40,33.40,20.00,,2.52,3.20,5.00,2882,,,,,,,false,true,,,page nutritional-information/10876: total of the filling + Brie + With Butter and Salad + Sourdough
baguette-cheese-mozzarella-multiseed-with-butter-and-salad,"Baguette, Cheese (Mozzarella, Multiseed, With Butter and Salad)",Baguettes,,664,35.34,55.62,31.50,14.50,,1.04,4.84,7.30,2775,,,,,,,false,true,,,page nutritional-information/10876: total of the filling + Mozzarella  + With Butter and Salad + Multiseed
baguette-cheese-mozzarella-white-with-butter-and-salad,"Baguette, Cheese (Mozzarella, White, With Butter and Salad)",Baguettes,,576,30.14,59.52,23.70,13.20,,2.34,3.54,4.70,2418,,,,,,,false,true,,,page nutritional-information/10876: total of the filling + Mozzarella  + With Butter and Salad + White
baguette-cheese-mozzarella-sourdough-with-butter-and-salad,"Baguette, Cheese (Mozzarella, Sourdough, With Butter and Salad)",Baguettes,,625,32.24,69.52,23.80,13.20,,2.44,2.24,5.00,2625,,,,,,,false,true,,,page nutritional-information/10876: total of the filling + Mozzarella  + With Butter and Salad + Sourdough
baguette-cheese-grated-cheddar-multiseed-with-butter-and-salad,"Baguette, Cheese (Grated Cheddar, Multiseed, With Butter and Salad)",Baguettes,,749,36.42,56.46,40.12,18.81,,1.56,4.28,7.30,3132,,,,,,,false,true,,,page nutritional-information/10876: total of the filling + Grated Cheddar + With Butter and Salad + Multiseed
baguette-cheese-grated-cheddar-white-with-butter-and-salad,"Baguette, Cheese (Grated Cheddar, White, With Butter and Salad)",Baguettes,,660,31.22,60.36,32.32,17.51,,2.86,2.98,4.70,2774,,,,,,,false,true,,,page nutritional-information/10876: total of the filling + Grated Cheddar + With Butter and Salad + White
baguette-cheese-grated-cheddar-sourdough-with-butter-and-salad,"Baguette, Cheese (Grated Cheddar, Sourdough, With Butter and Salad)",Baguettes,,710,33.32,70.36,32.42,17.51,,2.96,1.68,5.00,2981,,,,,,,false,true,,,page nutritional-information/10876: total of the filling + Grated Cheddar + With Butter and Salad + Sourdough
baguette-cheese-mexicana-multiseed-with-butter-and-salad,"Baguette, Cheese (Mexicana, Multiseed, With Butter and Salad)",Baguettes,,660,29.20,57.60,32.82,14.24,,1.13,4.56,7.60,2757,,,,,,,false,true,,,page nutritional-information/10876: total of the filling + Mexicana + With Butter and Salad + Multiseed
baguette-cheese-mexicana-white-with-butter-and-salad,"Baguette, Cheese (Mexicana, White, With Butter and Salad)",Baguettes,,572,24.00,61.50,25.02,12.94,,2.43,3.26,5.00,2399,,,,,,,false,true,,,page nutritional-information/10876: total of the filling + Mexicana + With Butter and Salad + White
baguette-cheese-mexicana-sourdough-with-butter-and-salad,"Baguette, Cheese (Mexicana, Sourdough, With Butter and Salad)",Baguettes,,621,26.10,71.50,25.12,12.94,,2.53,1.96,5.30,2606,,,,,,,false,true,,,page nutritional-information/10876: total of the filling + Mexicana + With Butter and Salad + Sourdough
baguette-cheese-sliced-cheddar-multiseed-with-butter-and-salad,"Baguette, Cheese (Sliced Cheddar, Multiseed, With Butter and Salad)",Baguettes,,679,30.34,54.96,35.64,15.92,,1.14,4.26,7.30,2832,,,,,,,false,true,,,page nutritional-information/10876: total of the filling + Sliced Cheddar + With Butter and Salad + Multiseed
baguette-cheese-sliced-cheddar-white-with-butter-and-salad,"Baguette, Cheese (Sliced Cheddar, White, With Butter and Salad)",Baguettes,,590,25.14,58.86,27.84,14.62,,2.44,2.96,4.70,2475,,,,,,,false,true,,,page nutritional-information/10876: total of the filling + Sliced Cheddar + With Butter and Salad + White
baguette-cheese-sliced-cheddar-sourdough-with-butter-and-salad,"Baguette, Cheese (Sliced Cheddar, Sourdough, With Butter and Salad)",Baguettes,,640,27.24,68.86,27.94,14.62,,2.54,1.66,5.00,2682,,,,,,,false,true,,,page nutritional-information/10876: total of the filling + Sliced Cheddar + With Butter and Salad + Sourdough
baguette-cheese-crunch-multiseed-with-butter-and-salad,"Baguette, Cheese Crunch (Multiseed, With Butter and Salad)",Baguettes,,834,25.10,55.90,53.70,12.90,,1.00,5.20,8.30,3466,,,,,,,false,false,,,page nutritional-information/10878: total of the filling + With Butter and Salad + Multiseed
baguette-cheese-crunch-white-with-butter-and-salad,"Baguette, Cheese Crunch (White, With Butter and Salad)",Baguettes,,746,19.90,59.80,45.90,11.60,,2.30,3.90,5.70,3109,,,,,,,false,true,,,page nutritional-information/10878: total of the filling + With Butter and Salad + White
baguette-cheese-crunch-sourdough-with-butter-and-salad,"Baguette, Cheese Crunch (Sourdough, With Butter and Salad)",Baguettes,,795,22.00,69.80,46.00,11.60,,2.40,2.60,6.00,3316,,,,,,,false,false,,,page nutritional-information/10878: total of the filling + With Butter and Salad + Sourdough
baguette-chicken-and-avocado-multiseed-with-butter-and-salad,"Baguette, Chicken & Avocado (Multiseed, With Butter and Salad)",Baguettes,,579,31.90,58.50,21.90,5.30,,0.00,5.40,7.30,2426,,,,,,,false,false,,,page nutritional-information/10865: total of the filling + With Butter and Salad + Multiseed
baguette-chicken-and-avocado-white-with-butter-and-salad,"Baguette, Chicken & Avocado (White, With Butter and Salad)",Baguettes,,491,26.70,62.40,14.10,4.00,,1.30,4.10,4.70,2069,,,,,,,false,true,,,page nutritional-information/10865: total of the filling + With Butter and Salad + White
baguette-chicken-and-avocado-sourdough-with-butter-and-salad,"Baguette, Chicken & Avocado (Sourdough, With Butter and Salad)",Baguettes,,540,28.80,72.40,14.20,4.00,,1.40,2.80,5.00,2276,,,,,,,false,false,,,page nutritional-information/10865: total of the filling + With Butter and Salad + Sourdough
baguette-chicken-mayo-multiseed-with-butter-and-salad,"Baguette, Chicken Mayo (Multiseed, With Butter and Salad)",Baguettes,,655,36.70,57.30,29.10,5.30,,1.20,5.40,7.30,2731,,,,,,,false,false,,,page nutritional-information/10859: total of the filling + With Butter and Salad + Multiseed
baguette-chicken-mayo-white-with-butter-and-salad,"Baguette, Chicken Mayo (White, With Butter and Salad)",Baguettes,,566,31.50,61.20,21.30,4.00,,2.50,4.10,4.70,2374,,,,,,,false,true,,,page nutritional-information/10859: total of the filling + With Butter and Salad + White
baguette-chicken-mayo-sourdough-with-butter-and-salad,"Baguette, Chicken Mayo (Sourdough, With Butter and Salad)",Baguettes,,616,33.60,71.20,21.40,4.00,,2.60,2.80,5.00,2581,,,,,,,false,false,,,page nutritional-information/10859: total of the filling + With Butter and Salad + Sourdough
baguette-chicken-mayo-and-bacon-multiseed-with-butter-and-salad,"Baguette, Chicken Mayo & Bacon (Multiseed, With Butter and Salad)",Baguettes,,724,36.70,57.30,36.30,7.70,,0.00,5.40,7.30,3024,,,,,,contains_pork,false,false,,,page nutritional-information/10864: total of the filling + With Butter and Salad + Multiseed
baguette-chicken-mayo-and-bacon-white-with-butter-and-salad,"Baguette, Chicken Mayo & Bacon (White, With Butter and Salad)",Baguettes,,636,31.50,61.20,28.50,6.40,,1.30,4.10,4.70,2666,,,,,,contains_pork,false,true,,,page nutritional-information/10864: total of the filling + With Butter and Salad + White
baguette-chicken-mayo-and-bacon-sourdough-with-butter-and-salad,"Baguette, Chicken Mayo & Bacon (Sourdough, With Butter and Salad)",Baguettes,,685,33.60,71.20,28.60,6.40,,1.40,2.80,5.00,2873,,,,,,contains_pork,false,false,,,page nutritional-information/10864: total of the filling + With Butter and Salad + Sourdough
baguette-chicken-tikka-multiseed-with-butter-and-salad,"Baguette, Chicken Tikka (Multiseed, With Butter and Salad)",Baguettes,,647,34.30,58.50,32.70,5.30,,0.00,5.40,9.70,2840,,,,,,,false,false,,,page nutritional-information/10861: total of the filling + Multiseed + With Butter and Salad
baguette-chicken-tikka-white-with-butter-and-salad,"Baguette, Chicken Tikka (White, With Butter and Salad)",Baguettes,,559,29.10,62.40,24.90,4.00,,1.30,4.10,7.10,2483,,,,,,,false,true,,,page nutritional-information/10861: total of the filling + White + With Butter and Salad
baguette-chicken-tikka-sourdough-with-butter-and-salad,"Baguette, Chicken Tikka (Sourdough, With Butter and Salad)",Baguettes,,609,31.20,72.40,25.00,4.00,,1.40,2.80,7.40,2690,,,,,,,false,false,,,page nutritional-information/10861: total of the filling + Sourdough + With Butter and Salad
baguette-coronation-chicken-multiseed-with-butter-and-salad,"Baguette, Coronation Chicken (Multiseed, With Butter and Salad)",Baguettes,,813,28.30,68.10,44.70,5.30,,1.20,15.00,8.50,3387,,,,,,,false,false,,,page nutritional-information/10862: total of the filling + Multiseed + With Butter and Salad
baguette-coronation-chicken-white-with-butter-and-salad,"Baguette, Coronation Chicken (White, With Butter and Salad)",Baguettes,,725,23.10,72.00,36.90,4.00,,2.50,13.70,5.90,3030,,,,,,,false,true,,,page nutritional-information/10862: total of the filling + White + With Butter and Salad
baguette-coronation-chicken-sourdough-with-butter-and-salad,"Baguette, Coronation Chicken (Sourdough, With Butter and Salad)",Baguettes,,774,25.20,82.00,37.00,4.00,,2.60,12.40,6.20,3237,,,,,,,false,false,,,page nutritional-information/10862: total of the filling + Sourdough + With Butter and Salad
baguette-egg-mayo-multiseed-with-butter-and-salad,"Baguette, Egg Mayo (Multiseed, With Butter and Salad)",Baguettes,,621,27.20,57.10,29.00,6.20,,1.10,5.30,7.30,2592,,,,,,,false,false,,,page nutritional-information/10882: total of the filling + With Butter and Salad + Multiseed
baguette-egg-mayo-white-with-butter-and-salad,"Baguette, Egg Mayo (White, With Butter and Salad)",Baguettes,,533,22.00,61.00,21.20,4.90,,2.40,4.00,4.70,2234,,,,,,,false,true,,,page nutritional-information/10882: total of the filling + With Butter and Salad + White
baguette-egg-mayo-sourdough-with-butter-and-salad,"Baguette, Egg Mayo (Sourdough, With Butter and Salad)",Baguettes,,583,24.10,71.00,21.30,4.90,,2.50,2.70,5.00,2441,,,,,,,false,false,,,page nutritional-information/10882: total of the filling + With Butter and Salad + Sourdough
baguette-feta-white-with-butter-and-salad,"Baguette, Feta (White, With Butter and Salad)",Baguettes,,341,9.90,58.80,6.90,1.60,,1.30,2.90,4.70,1440,,,,,,,false,true,,,page nutritional-information/12295: total of the filling + With Butter and Salad + White
baguette-feta-sourdough-with-butter-and-salad,"Baguette, Feta (Sourdough, With Butter and Salad)",Baguettes,,390,12.00,68.80,7.00,1.60,,1.40,1.60,5.00,1647,,,,,,,false,false,,,page nutritional-information/12295: total of the filling + With Butter and Salad + Sourdough
baguette-feta-multiseed-with-butter-and-salad,"Baguette, Feta (Multiseed, With Butter and Salad)",Baguettes,,429,15.10,54.90,14.70,2.90,,0.00,4.20,7.30,1797,,,,,,,false,false,,,page nutritional-information/12295: total of the filling + With Butter and Salad + Multiseed
baguette-ham-multiseed-with-butter-and-salad,"Baguette, Ham (Multiseed, With Butter and Salad)",Baguettes,,527,31.68,55.03,18.21,4.00,,1.50,4.33,7.30,2211,,,,,,contains_pork,false,false,,,page nutritional-information/10854: total of the filling + Multiseed + With Butter and Salad
baguette-ham-white-with-butter-and-salad,"Baguette, Ham (White, With Butter and Salad)",Baguettes,,439,26.48,58.93,10.41,2.70,,2.80,3.03,4.70,1854,,,,,,contains_pork,false,true,,,page nutritional-information/10854: total of the filling + White + With Butter and Salad
baguette-ham-sourdough-with-butter-and-salad,"Baguette, Ham (Sourdough, With Butter and Salad)",Baguettes,,488,28.58,68.93,10.51,2.70,,2.90,1.73,5.00,2061,,,,,,contains_pork,false,false,,,page nutritional-information/10854: total of the filling + Sourdough + With Butter and Salad
baguette-ham-and-cheese-brie-multiseed-with-butter-and-salad,"Baguette, Ham & Cheese (Brie, Multiseed, With Butter and Salad)",Baguettes,,676,38.48,55.83,31.41,13.20,,2.06,5.13,7.30,2829,,,,,,contains_pork,false,true,,,page nutritional-information/10886: total of the filling + Brie + Multiseed + With Butter and Salad
baguette-ham-and-cheese-brie-white-with-butter-and-salad,"Baguette, Ham & Cheese (Brie, White, With Butter and Salad)",Baguettes,,588,33.28,59.73,23.61,11.90,,3.36,3.83,4.70,2472,,,,,,contains_pork,false,true,,,page nutritional-information/10886: total of the filling + Brie + White + With Butter and Salad
baguette-ham-and-cheese-brie-sourdough-with-butter-and-salad,"Baguette, Ham & Cheese (Brie, Sourdough, With Butter and Salad)",Baguettes,,638,35.38,69.73,23.71,11.90,,3.46,2.53,5.00,2679,,,,,,contains_pork,false,true,,,page nutritional-information/10886: total of the filling + Brie + Sourdough + With Butter and Salad
baguette-ham-and-cheese-mozzarella-multiseed-with-butter-and-salad,"Baguette, Ham & Cheese (Mozzarella, Multiseed, With Butter and Salad)",Baguettes,,762,51.92,55.75,35.01,15.60,,2.54,4.97,7.30,3189,,,,,,contains_pork,false,true,,,page nutritional-information/10886: total of the filling + Mozzarella  + Multiseed + With Butter and Salad
baguette-ham-and-cheese-mozzarella-white-with-butter-and-salad,"Baguette, Ham & Cheese (Mozzarella, White, With Butter and Salad)",Baguettes,,674,46.72,59.65,27.21,14.30,,3.84,3.67,4.70,2832,,,,,,contains_pork,false,true,,,page nutritional-information/10886: total of the filling + Mozzarella  + White + With Butter and Salad
baguette-ham-and-cheese-mozzarella-sourdough-with-butter-and-salad,"Baguette, Ham & Cheese (Mozzarella, Sourdough, With Butter and Salad)",Baguettes,,724,48.82,69.65,27.31,14.30,,3.94,2.37,5.00,3039,,,,,,contains_pork,false,true,,,page nutritional-information/10886: total of the filling + Mozzarella  + Sourdough + With Butter and Salad
baguette-ham-and-cheese-grated-cheddar-multiseed-with-butter-and-salad,"Baguette, Ham & Cheese (Grated Cheddar, Multiseed, With Butter and Salad)",Baguettes,,683,42.08,55.79,30.61,11.76,,2.26,4.37,7.30,2862,,,,,,contains_pork,false,true,,,page nutritional-information/10886: total of the filling + Grated Cheddar + Multiseed + With Butter and Salad
baguette-ham-and-cheese-grated-cheddar-white-with-butter-and-salad,"Baguette, Ham & Cheese (Grated Cheddar, White, With Butter and Salad)",Baguettes,,595,36.88,59.69,22.81,10.46,,3.56,3.07,4.70,2505,,,,,,contains_pork,false,true,,,page nutritional-information/10886: total of the filling + Grated Cheddar + White + With Butter and Salad
baguette-ham-and-cheese-grated-cheddar-sourdough-with-butter-and-salad,"Baguette, Ham & Cheese (Grated Cheddar, Sourdough, With Butter and Salad)",Baguettes,,644,38.98,69.69,22.91,10.46,,3.66,1.77,5.00,2712,,,,,,contains_pork,false,true,,,page nutritional-information/10886: total of the filling + Grated Cheddar + Sourdough + With Butter and Salad
baguette-ham-and-cheese-mexicana-multiseed-with-butter-and-salad,"Baguette, Ham & Cheese (Mexicana, Multiseed, With Butter and Salad)",Baguettes,,643,38.73,56.38,27.27,9.67,,2.06,4.51,7.45,2691,,,,,,contains_pork,false,true,,,page nutritional-information/10886: total of the filling + Mexicana + Multiseed + With Butter and Salad
baguette-ham-and-cheese-mexicana-white-with-butter-and-salad,"Baguette, Ham & Cheese (Mexicana, White, With Butter and Salad)",Baguettes,,554,33.53,60.28,19.47,8.37,,3.36,3.21,4.85,2334,,,,,,contains_pork,false,true,,,page nutritional-information/10886: total of the filling + Mexicana + White + With Butter and Salad
baguette-ham-and-cheese-mexicana-sourdough-with-butter-and-salad,"Baguette, Ham & Cheese (Mexicana, Sourdough, With Butter and Salad)",Baguettes,,604,35.63,70.28,19.57,8.37,,3.46,1.91,5.15,2541,,,,,,contains_pork,false,true,,,page nutritional-information/10886: total of the filling + Mexicana + Sourdough + With Butter and Salad
baguette-ham-and-cheese-sliced-cheddar-multiseed-with-butter-and-salad,"Baguette, Ham & Cheese (Sliced Cheddar, Multiseed, With Butter and Salad)",Baguettes,,652,39.30,55.06,28.68,10.51,,2.07,4.36,7.30,2729,,,,,,contains_pork,false,true,,,page nutritional-information/10886: total of the filling + Sliced Cheddar + Multiseed + With Butter and Salad
baguette-ham-and-cheese-sliced-cheddar-white-with-butter-and-salad,"Baguette, Ham & Cheese (Sliced Cheddar, White, With Butter and Salad)",Baguettes,,563,34.10,58.96,20.88,9.21,,3.37,3.06,4.70,2371,,,,,,contains_pork,false,true,,,page nutritional-information/10886: total of the filling + Sliced Cheddar + White + With Butter and Salad
baguette-ham-and-cheese-sliced-cheddar-sourdough-with-butter-and-salad,"Baguette, Ham & Cheese (Sliced Cheddar, Sourdough, With Butter and Salad)",Baguettes,,613,36.20,68.96,20.98,9.21,,3.47,1.76,5.00,2579,,,,,,contains_pork,false,true,,,page nutritional-information/10886: total of the filling + Sliced Cheddar + Sourdough + With Butter and Salad
baguette-ham-and-egg-multiseed-with-butter-and-salad,"Baguette, Ham & Egg (Multiseed, With Butter and Salad)",Baguettes,,619,40.50,55.03,24.51,5.75,,1.77,4.33,7.30,2594,,,,,,contains_pork,false,false,,,page nutritional-information/10885: total of the filling + Multiseed + With Butter and Salad
baguette-ham-and-egg-white-with-butter-and-salad,"Baguette, Ham & Egg (White, With Butter and Salad)",Baguettes,,530,35.30,58.93,16.71,4.45,,3.07,3.03,4.70,2237,,,,,,contains_pork,false,true,,,page nutritional-information/10885: total of the filling + White + With Butter and Salad
baguette-ham-and-egg-sourdough-with-butter-and-salad,"Baguette, Ham & Egg (Sourdough, With Butter and Salad)",Baguettes,,580,37.40,68.93,16.81,4.45,,3.17,1.73,5.00,2444,,,,,,contains_pork,false,false,,,page nutritional-information/10885: total of the filling + Sourdough + With Butter and Salad
baguette-honey-mustard-chicken-multiseed-with-butter-and-salad,"Baguette, Honey Mustard Chicken (Multiseed, With Butter and Salad)",Baguettes,,713,34.30,66.90,32.70,4.10,,1.20,15.00,7.30,2984,,,,,,,false,false,,,page nutritional-information/10863: total of the filling + Multiseed + With Butter and Salad
baguette-honey-mustard-chicken-white-with-butter-and-salad,"Baguette, Honey Mustard Chicken (White, With Butter and Salad)",Baguettes,,625,29.10,70.80,24.90,2.80,,2.50,13.70,4.70,2627,,,,,,,false,true,,,page nutritional-information/10863: total of the filling + White + With Butter and Salad
baguette-honey-mustard-chicken-sourdough-with-butter-and-salad,"Baguette, Honey Mustard Chicken (Sourdough, With Butter and Salad)",Baguettes,,675,31.20,80.80,25.00,2.80,,2.60,12.40,5.00,2834,,,,,,,false,false,,,page nutritional-information/10863: total of the filling + Sourdough + With Butter and Salad
baguette-pastrami-multiseed-with-butter-and-salad,"Baguette, Pastrami (Multiseed, With Butter and Salad)",Baguettes,,581,37.10,58.90,20.70,4.90,,2.90,5.80,7.30,2435,,,,,,contains_beef,false,false,,,page nutritional-information/10869: total of the filling + With Butter and Salad + Multiseed
baguette-pastrami-white-with-butter-and-salad,"Baguette, Pastrami (White, With Butter and Salad)",Baguettes,,493,31.90,62.80,12.90,3.60,,4.20,4.50,4.70,2078,,,,,,contains_beef,false,true,,,page nutritional-information/10869: total of the filling + With Butter and Salad + White
baguette-pastrami-sourdough-with-butter-and-salad,"Baguette, Pastrami (Sourdough, With Butter and Salad)",Baguettes,,542,34.00,72.80,13.00,3.60,,4.30,3.20,5.00,2285,,,,,,contains_beef,false,false,,,page nutritional-information/10869: total of the filling + With Butter and Salad + Sourdough
baguette-plain-chicken-multiseed-with-butter-and-salad,"Baguette, Plain Chicken (Multiseed, With Butter and Salad)",Baguettes,,505,31.35,55.55,15.35,3.55,,0.65,4.20,7.30,2119,,,,,,,false,false,,,page nutritional-information/10860: total of the filling + With Butter and Salad + Multiseed
baguette-plain-chicken-white-with-butter-and-salad,"Baguette, Plain Chicken (White, With Butter and Salad)",Baguettes,,417,26.15,59.45,7.55,2.25,,1.95,2.90,4.70,1762,,,,,,,false,true,,,page nutritional-information/10860: total of the filling + With Butter and Salad + White
baguette-plain-chicken-sourdough-with-butter-and-salad,"Baguette, Plain Chicken (Sourdough, With Butter and Salad)",Baguettes,,466,28.25,69.45,7.65,2.25,,2.05,1.60,5.00,1969,,,,,,,false,false,,,page nutritional-information/10860: total of the filling + With Butter and Salad + Sourdough
baguette-prawn-mayo-multiseed-with-butter-and-salad,"Baguette, Prawn Mayo (Multiseed, With Butter and Salad)",Baguettes,,697,26.10,56.00,38.90,5.10,,1.10,4.20,7.30,2906,,,,,,,false,false,,,page nutritional-information/10873: total of the filling + Multiseed + With Butter and Salad
baguette-prawn-mayo-white-with-butter-and-salad,"Baguette, Prawn Mayo (White, With Butter and Salad)",Baguettes,,609,20.90,59.90,31.10,3.80,,2.40,2.90,4.70,2549,,,,,,,false,true,,,page nutritional-information/10873: total of the filling + White + With Butter and Salad
baguette-prawn-mayo-sourdough-with-butter-and-salad,"Baguette, Prawn Mayo (Sourdough, With Butter and Salad)",Baguettes,,659,23.00,69.90,31.20,3.80,,2.50,1.60,5.00,2756,,,,,,,false,false,,,page nutritional-information/10873: total of the filling + Sourdough + With Butter and Salad
baguette-rare-roast-beef-multiseed-with-butter-and-salad,"Baguette, Rare Roast Beef (Multiseed, With Butter and Salad)",Baguettes,,540,33.10,55.50,18.90,4.78,,0.33,4.58,7.68,2264,,,,,,contains_beef,false,false,,,page nutritional-information/10868: total of the filling + Multiseed + With Butter and Salad
baguette-rare-roast-beef-white-with-butter-and-salad,"Baguette, Rare Roast Beef (White, With Butter and Salad)",Baguettes,,452,27.90,59.40,11.10,3.48,,1.63,3.28,5.08,1906,,,,,,contains_beef,false,true,,,page nutritional-information/10868: total of the filling + White + With Butter and Salad
baguette-rare-roast-beef-sourdough-with-butter-and-salad,"Baguette, Rare Roast Beef (Sourdough, With Butter and Salad)",Baguettes,,501,30.00,69.40,11.20,3.48,,1.73,1.98,5.38,2114,,,,,,contains_beef,false,false,,,page nutritional-information/10868: total of the filling + Sourdough + With Butter and Salad
baguette-roast-pork-multiseed-with-butter-and-salad,"Baguette, Roast Pork (Multiseed, With Butter and Salad)",Baguettes,,538,24.10,62.10,19.50,4.40,,0.30,6.30,8.20,2255,,,,,,contains_pork,false,false,,,page nutritional-information/10853: total of the filling + Multiseed + With Butter and Salad
baguette-roast-pork-white-with-butter-and-salad,"Baguette, Roast Pork (White, With Butter and Salad)",Baguettes,,449,18.90,66.00,11.70,3.10,,1.60,5.00,5.60,1897,,,,,,contains_pork,false,true,,,page nutritional-information/10853: total of the filling + White + With Butter and Salad
baguette-roast-pork-sourdough-with-butter-and-salad,"Baguette, Roast Pork (Sourdough, With Butter and Salad)",Baguettes,,499,21.00,76.00,11.80,3.10,,1.70,3.70,5.90,2105,,,,,,contains_pork,false,false,,,page nutritional-information/10853: total of the filling + Sourdough + With Butter and Salad
baguette-roasted-veg-white-with-butter-and-salad,"Baguette, Roasted Veg (White, With Butter and Salad)",Baguettes,,410,11.33,64.41,10.20,2.04,,1.85,7.96,7.45,1730,,,,,,,false,true,,,page nutritional-information/12296: total of the filling + White + With Butter and Salad
baguette-roasted-veg-multiseed-with-butter-and-salad,"Baguette, Roasted Veg (Multiseed, With Butter and Salad)",Baguettes,,498,16.53,60.51,18.00,3.34,,0.55,9.26,10.05,2088,,,,,,,false,false,,,page nutritional-information/12296: total of the filling + Multiseed + With Butter and Salad
baguette-roasted-veg-sourdough-with-butter-and-salad,"Baguette, Roasted Veg (Sourdough, With Butter and Salad)",Baguettes,,460,13.43,74.41,10.30,2.04,,1.95,6.66,7.75,1937,,,,,,,false,false,,,page nutritional-information/12296: total of the filling + Sourdough + With Butter and Salad
baguette-sausage-multiseed-with-butter-and-salad,"Baguette, Sausage (Multiseed, With Butter and Salad)",Baguettes,,745,35.05,71.25,33.75,9.50,,2.85,6.45,7.30,3119,,,,,,contains_pork|contains_beef,false,false,,,page nutritional-information/10857: total of the filling + With Butter and Salad + Multiseed
baguette-sausage-white-with-butter-and-salad,"Baguette, Sausage (White, With Butter and Salad)",Baguettes,,657,29.85,75.15,25.95,8.20,,4.15,5.15,4.70,2761,,,,,,contains_pork|contains_beef,false,true,,,page nutritional-information/10857: total of the filling + With Butter and Salad + White
baguette-sausage-sourdough-with-butter-and-salad,"Baguette, Sausage (Sourdough, With Butter and Salad)",Baguettes,,707,31.95,85.15,26.05,8.20,,4.25,3.85,5.00,2969,,,,,,contains_pork|contains_beef,false,false,,,page nutritional-information/10857: total of the filling + With Butter and Salad + Sourdough
baguette-sausage-and-bacon-multiseed,"Baguette, Sausage & Bacon (Multiseed)",Baguettes,,859,54.06,65.49,40.62,12.84,,6.50,4.93,7.25,3594,,,,,,contains_pork,false,false,,,page nutritional-information/10884: total of the filling + Multiseed
baguette-sausage-and-bacon-white,"Baguette, Sausage & Bacon (White)",Baguettes,,771,48.86,69.39,32.82,11.54,,7.80,3.63,4.65,3236,,,,,,contains_pork,false,true,,,page nutritional-information/10884: total of the filling + White
baguette-sausage-and-bacon-sourdough,"Baguette, Sausage & Bacon (Sourdough)",Baguettes,,820,50.96,79.39,32.92,11.54,,7.90,2.33,4.95,3444,,,,,,contains_pork,false,false,,,page nutritional-information/10884: total of the filling + Sourdough
baguette-tuna-mayo-multiseed-with-butter-and-salad,"Baguette, Tuna Mayo (Multiseed, With Butter and Salad)",Baguettes,,742,32.70,56.00,41.10,5.10,,0.00,4.20,7.30,3091,,,,,,,false,false,,,page nutritional-information/10871: total of the filling + Multiseed + With Butter and Salad
baguette-tuna-mayo-white-with-butter-and-salad,"Baguette, Tuna Mayo (White, With Butter and Salad)",Baguettes,,654,27.50,59.90,33.30,3.80,,1.30,2.90,4.70,2734,,,,,,,false,true,,,page nutritional-information/10871: total of the filling + White + With Butter and Salad
baguette-tuna-mayo-sourdough-with-butter-and-salad,"Baguette, Tuna Mayo (Sourdough, With Butter and Salad)",Baguettes,,704,29.60,69.90,33.40,3.80,,1.40,1.60,5.00,2941,,,,,,,false,false,,,page nutritional-information/10871: total of the filling + Sourdough + With Butter and Salad
bap-bacon-white-with-butter-and-salad,"Bap, Bacon (White, With Butter and Salad)",Baps,,413,23.41,32.67,20.93,7.09,,3.80,4.07,2.62,1726,,,,,,contains_pork,false,true,,,page nutritional-information/11176: total of the filling + With Butter and Salad + White
bap-bacon-wholemeal-with-butter-and-salad,"Bap, Bacon (Wholemeal, With Butter and Salad)",Baps,,431,24.71,35.27,21.58,7.09,,3.80,4.72,2.62,1805,,,,,,contains_pork,false,false,,,page nutritional-information/11176: total of the filling + With Butter and Salad + Wholemeal
bap-bacon-multiseed-with-butter-and-salad,"Bap, Bacon (Multiseed, With Butter and Salad)",Baps,,513,27.41,48.67,23.08,8.34,,3.15,6.87,4.17,2150,,,,,,contains_pork,false,false,,,page nutritional-information/11176: total of the filling + With Butter and Salad + Multiseed
bap-boiled-fried-egg-white-with-butter-and-salad,"Bap, Boiled/Fried Egg (White, With Butter and Salad)",Baps,,331,15.43,32.15,15.40,4.25,,0.95,3.55,2.10,1385,,,,,,,false,true,,,page nutritional-information/11201: total of the filling + White + With Butter and Salad
bap-boiled-fried-egg-wholemeal-with-butter-and-salad,"Bap, Boiled/Fried Egg (Wholemeal, With Butter and Salad)",Baps,,349,16.73,34.75,16.05,4.25,,0.95,4.20,2.10,1464,,,,,,,false,false,,,page nutritional-information/11201: total of the filling + Wholemeal + With Butter and Salad
bap-boiled-fried-egg-multiseed-with-butter-and-salad,"Bap, Boiled/Fried Egg (Multiseed, With Butter and Salad)",Baps,,431,19.43,48.15,17.55,5.50,,0.30,6.35,3.65,1810,,,,,,,false,false,,,page nutritional-information/11201: total of the filling + Multiseed + With Butter and Salad
bap-brie-white-with-butter-and-salad,"Bap, Brie (White, With Butter and Salad)",Baps,,437,17.70,33.13,25.75,14.60,,1.63,3.87,2.42,1824,,,,,,,false,true,,,page nutritional-information/11203: total of the filling + With Butter and Salad + White
bap-brie-wholemeal-with-butter-and-salad,"Bap, Brie (Wholemeal, With Butter and Salad)",Baps,,456,19.00,35.73,26.40,14.60,,1.63,4.52,2.42,1903,,,,,,,false,false,,,page nutritional-information/11203: total of the filling + With Butter and Salad + Wholemeal
bap-brie-multiseed-with-butter-and-salad,"Bap, Brie (Multiseed, With Butter and Salad)",Baps,,538,21.70,49.13,27.90,15.85,,0.98,6.67,3.97,2249,,,,,,,false,false,,,page nutritional-information/11203: total of the filling + With Butter and Salad + Multiseed
bap-buffalo-chicken-wholemeal-with-butter-and-salad,"Bap, Buffalo Chicken (Wholemeal, With Butter and Salad)",Baps,,499,20.95,50.35,24.45,6.15,,0.65,6.80,2.10,2089,,,,,,,false,false,,,page nutritional-information/11450: total of the filling + With Butter and Salad + Wholemeal
bap-buffalo-chicken-white-with-butter-and-salad,"Bap, Buffalo Chicken (White, With Butter and Salad)",Baps,,481,19.65,47.75,23.80,6.15,,0.65,6.15,2.10,2010,,,,,,,false,true,,,page nutritional-information/11450: total of the filling + With Butter and Salad + White
bap-buffalo-chicken-multiseed-with-butter-and-salad,"Bap, Buffalo Chicken (Multiseed, With Butter and Salad)",Baps,,581,23.65,63.75,25.95,7.40,,0.00,8.95,3.65,2435,,,,,,,false,false,,,page nutritional-information/11450: total of the filling + With Butter and Salad + Multiseed
bap-cheese-white-brie-with-butter-and-salad,"Bap, Cheese (White, Brie, With Butter and Salad)",Baps,,562,20.65,33.95,37.90,22.95,,1.91,5.35,2.10,2337,,,,,,,false,true,,,page nutritional-information/11200: total of the filling + White + Brie + With Butter and Salad
bap-cheese-white-mozzarella-with-butter-and-salad,"Bap, Cheese (White, Mozzarella, With Butter and Salad)",Baps,,520,30.65,33.05,29.20,16.75,,1.95,4.35,2.10,2170,,,,,,,false,true,,,page nutritional-information/11200: total of the filling + White + Mozzarella  + With Butter and Salad
bap-cheese-white-grated-cheddar-with-butter-and-salad,"Bap, Cheese (White, Grated Cheddar, With Butter and Salad)",Baps,,608,30.83,34.01,38.58,21.26,,2.51,3.65,2.10,2542,,,,,,,false,true,,,page nutritional-information/11200: total of the filling + White + Grated Cheddar + With Butter and Salad
bap-cheese-white-mexicana-with-butter-and-salad,"Bap, Cheese (White, Mexicana, With Butter and Salad)",Baps,,419,17.10,34.40,23.30,11.70,,1.59,3.85,2.35,1747,,,,,,,false,true,,,page nutritional-information/11200: total of the filling + White + Mexicana + With Butter and Salad
bap-cheese-white-sliced-cheddar-with-butter-and-salad,"Bap, Cheese (White, Sliced Cheddar, With Butter and Salad)",Baps,,434,18.05,32.20,25.65,13.10,,1.60,3.60,2.10,1810,,,,,,,false,true,,,page nutritional-information/11200: total of the filling + White + Sliced Cheddar + With Butter and Salad
bap-cheese-wholemeal-brie-with-butter-and-salad,"Bap, Cheese (Wholemeal, Brie, With Butter and Salad)",Baps,,580,21.95,36.55,38.55,22.95,,1.91,6.00,2.10,2416,,,,,,,false,false,,,page nutritional-information/11200: total of the filling + Wholemeal + Brie + With Butter and Salad
bap-cheese-wholemeal-mozzarella-with-butter-and-salad,"Bap, Cheese (Wholemeal, Mozzarella, With Butter and Salad)",Baps,,538,31.95,35.65,29.85,16.75,,1.95,5.00,2.10,2249,,,,,,,false,false,,,page nutritional-information/11200: total of the filling + Wholemeal + Mozzarella  + With Butter and Salad
bap-cheese-wholemeal-grated-cheddar-with-butter-and-salad,"Bap, Cheese (Wholemeal, Grated Cheddar, With Butter and Salad)",Baps,,627,32.13,36.61,39.23,21.26,,2.51,4.30,2.10,2621,,,,,,,false,false,,,page nutritional-information/11200: total of the filling + Wholemeal + Grated Cheddar + With Butter and Salad
bap-cheese-wholemeal-mexicana-with-butter-and-salad,"Bap, Cheese (Wholemeal, Mexicana, With Butter and Salad)",Baps,,437,18.40,37.00,23.95,11.70,,1.59,4.50,2.35,1826,,,,,,,false,false,,,page nutritional-information/11200: total of the filling + Wholemeal + Mexicana + With Butter and Salad
bap-cheese-wholemeal-sliced-cheddar-with-butter-and-salad,"Bap, Cheese (Wholemeal, Sliced Cheddar, With Butter and Salad)",Baps,,452,19.35,34.80,26.30,13.10,,1.60,4.25,2.10,1889,,,,,,,false,false,,,page nutritional-information/11200: total of the filling + Wholemeal + Sliced Cheddar + With Butter and Salad
bap-cheese-multiseed-brie-with-butter-and-salad,"Bap, Cheese (Multiseed, Brie, With Butter and Salad)",Baps,,662,24.65,49.95,40.05,24.20,,1.26,8.15,3.65,2762,,,,,,,false,false,,,page nutritional-information/11200: total of the filling + Multiseed + Brie + With Butter and Salad
bap-cheese-multiseed-mozzarella-with-butter-and-salad,"Bap, Cheese (Multiseed, Mozzarella, With Butter and Salad)",Baps,,620,34.65,49.05,31.35,18.00,,1.30,7.15,3.65,2594,,,,,,,false,false,,,page nutritional-information/11200: total of the filling + Multiseed + Mozzarella  + With Butter and Salad
bap-cheese-multiseed-grated-cheddar-with-butter-and-salad,"Bap, Cheese (Multiseed, Grated Cheddar, With Butter and Salad)",Baps,,708,34.83,50.01,40.73,22.51,,1.86,6.45,3.65,2967,,,,,,,false,false,,,page nutritional-information/11200: total of the filling + Multiseed + Grated Cheddar + With Butter and Salad
bap-cheese-multiseed-mexicana-with-butter-and-salad,"Bap, Cheese (Multiseed, Mexicana, With Butter and Salad)",Baps,,519,21.10,50.40,25.45,12.95,,0.94,6.65,3.90,2172,,,,,,,false,false,,,page nutritional-information/11200: total of the filling + Multiseed + Mexicana + With Butter and Salad
bap-cheese-multiseed-sliced-cheddar-with-butter-and-salad,"Bap, Cheese (Multiseed, Sliced Cheddar, With Butter and Salad)",Baps,,534,22.05,48.20,27.80,14.35,,0.95,6.40,3.65,2235,,,,,,,false,false,,,page nutritional-information/11200: total of the filling + Multiseed + Sliced Cheddar + With Butter and Salad
bap-cheese-crunch-white-with-butter-and-salad,"Bap, Cheese Crunch (White, With Butter and Salad)",Baps,,489,11.85,32.80,33.55,8.75,,1.30,4.20,2.75,2033,,,,,,,false,true,,,page nutritional-information/11202: total of the filling + With Butter and Salad + White
bap-cheese-crunch-wholemeal-with-butter-and-salad,"Bap, Cheese Crunch (Wholemeal, With Butter and Salad)",Baps,,508,13.15,35.40,34.20,8.75,,1.30,4.85,2.75,2111,,,,,,,false,false,,,page nutritional-information/11202: total of the filling + With Butter and Salad + Wholemeal
bap-cheese-crunch-multiseed-with-butter-and-salad,"Bap, Cheese Crunch (Multiseed, With Butter and Salad)",Baps,,590,15.85,48.80,35.70,10.00,,0.65,7.00,4.30,2457,,,,,,,false,false,,,page nutritional-information/11202: total of the filling + With Butter and Salad + Multiseed
bap-chicken-and-avocado-white-with-butter-and-salad,"Bap, Chicken & Avocado (White, With Butter and Salad)",Baps,,389,23.55,36.05,16.00,4.85,,0.65,4.85,2.10,1629,,,,,,,false,true,,,page nutritional-information/11185: total of the filling + With Butter and Salad + White
bap-chicken-and-avocado-wholemeal-with-butter-and-salad,"Bap, Chicken & Avocado (Wholemeal, With Butter and Salad)",Baps,,407,24.85,38.65,16.65,4.85,,0.65,5.50,2.10,1708,,,,,,,false,false,,,page nutritional-information/11185: total of the filling + With Butter and Salad + Wholemeal
bap-chicken-and-avocado-multiseed-with-butter-and-salad,"Bap, Chicken & Avocado (Multiseed, With Butter and Salad)",Baps,,489,27.55,52.05,18.15,6.10,,0.00,7.65,3.65,2054,,,,,,,false,false,,,page nutritional-information/11185: total of the filling + With Butter and Salad + Multiseed
bap-chicken-mayo-and-bacon-white-with-butter-and-salad,"Bap, Chicken Mayo & Bacon (White, With Butter and Salad)",Baps,,546,28.75,34.75,31.60,7.45,,0.65,4.85,2.10,2276,,,,,,contains_pork,false,true,,,page nutritional-information/11184: total of the filling + White + With Butter and Salad
bap-chicken-mayo-and-bacon-wholemeal-with-butter-and-salad,"Bap, Chicken Mayo & Bacon (Wholemeal, With Butter and Salad)",Baps,,564,30.05,37.35,32.25,7.45,,0.65,5.50,2.10,2355,,,,,,contains_pork,false,false,,,page nutritional-information/11184: total of the filling + Wholemeal + With Butter and Salad
bap-chicken-mayo-and-bacon-multiseed-with-butter-and-salad,"Bap, Chicken Mayo & Bacon (Multiseed, With Butter and Salad)",Baps,,646,32.75,50.75,33.75,8.70,,0.00,7.65,3.65,2701,,,,,,contains_pork,false,false,,,page nutritional-information/11184: total of the filling + Multiseed + With Butter and Salad
bap-chicken-tikka-white-with-butter-and-salad,"Bap, Chicken Tikka (White, With Butter and Salad)",Baps,,463,26.15,36.05,27.70,4.85,,0.65,4.85,4.70,2078,,,,,,,false,true,,,page nutritional-information/11181: total of the filling + With Butter and Salad + White
bap-chicken-tikka-wholemeal-with-butter-and-salad,"Bap, Chicken Tikka (Wholemeal, With Butter and Salad)",Baps,,481,27.45,38.65,28.35,4.85,,0.65,5.50,4.70,2156,,,,,,,false,false,,,page nutritional-information/11181: total of the filling + With Butter and Salad + Wholemeal
bap-chicken-tikka-multiseed-with-butter-and-salad,"Bap, Chicken Tikka (Multiseed, With Butter and Salad)",Baps,,563,30.15,52.05,29.85,6.10,,0.00,7.65,6.25,2502,,,,,,,false,false,,,page nutritional-information/11181: total of the filling + With Butter and Salad + Multiseed
bap-cold-smoked-salmon-white-with-butter-and-salad,"Bap, Cold Smoked Salmon (White, With Butter and Salad)",Baps,,335,21.71,32.22,12.83,3.03,,2.84,3.62,2.10,1403,,,,,,,false,true,,,page nutritional-information/11199: total of the filling + White + With Butter and Salad
bap-cold-smoked-salmon-wholemeal-with-butter-and-salad,"Bap, Cold Smoked Salmon (Wholemeal, With Butter and Salad)",Baps,,353,23.01,34.82,13.48,3.03,,2.84,4.27,2.10,1482,,,,,,,false,false,,,page nutritional-information/11199: total of the filling + Wholemeal + With Butter and Salad
bap-cold-smoked-salmon-multiseed-with-butter-and-salad,"Bap, Cold Smoked Salmon (Multiseed, With Butter and Salad)",Baps,,435,25.71,48.22,14.98,4.28,,2.19,6.42,3.65,1827,,,,,,,false,false,,,page nutritional-information/11199: total of the filling + Multiseed + With Butter and Salad
bap-coronation-chicken-white-with-butter-and-salad,"Bap, Coronation Chicken (White, With Butter and Salad)",Baps,,642,19.65,46.45,40.70,4.85,,1.95,15.25,3.40,2670,,,,,,,false,true,,,page nutritional-information/11182: total of the filling + With Butter and Salad + White
bap-coronation-chicken-wholemeal-with-butter-and-salad,"Bap, Coronation Chicken (Wholemeal, With Butter and Salad)",Baps,,660,20.95,49.05,41.35,4.85,,1.95,15.90,3.40,2749,,,,,,,false,false,,,page nutritional-information/11182: total of the filling + With Butter and Salad + Wholemeal
bap-coronation-chicken-multiseed-with-butter-and-salad,"Bap, Coronation Chicken (Multiseed, With Butter and Salad)",Baps,,742,23.65,62.45,42.85,6.10,,1.30,18.05,4.95,3095,,,,,,,false,false,,,page nutritional-information/11182: total of the filling + With Butter and Salad + Multiseed
bap-egg-mayo-white,"Bap, Egg Mayo (White)",Baps,,386,18.30,33.05,18.85,4.40,,1.90,3.20,1.30,1610,,,,,,,false,true,,,page nutritional-information/11206: total of the filling + White
bap-egg-mayo-wholemeal,"Bap, Egg Mayo (Wholemeal)",Baps,,405,19.60,35.65,19.50,4.40,,1.90,3.85,1.30,1689,,,,,,,false,false,,,page nutritional-information/11206: total of the filling + Wholemeal
bap-egg-mayo-multiseed,"Bap, Egg Mayo (Multiseed)",Baps,,487,22.30,49.05,21.00,5.65,,1.25,6.00,2.85,2035,,,,,,,false,false,,,page nutritional-information/11206: total of the filling + Multiseed
bap-feta-white-with-butter-and-salad,"Bap, Feta (White, With Butter and Salad)",Baps,,226,5.35,32.15,8.20,2.25,,0.65,3.55,2.10,948,,,,,,,false,true,,,page nutritional-information/12293: total of the filling + With Butter and Salad + White
bap-feta-multiseed-with-butter-and-salad,"Bap, Feta (Multiseed, With Butter and Salad)",Baps,,326,9.35,48.15,10.35,3.50,,0.00,6.35,3.65,1372,,,,,,,false,false,,,page nutritional-information/12293: total of the filling + With Butter and Salad + Multiseed
bap-feta-wholemeal-with-butter-and-salad,"Bap, Feta (Wholemeal, With Butter and Salad)",Baps,,244,6.65,34.75,8.85,2.25,,0.65,4.20,2.10,1027,,,,,,,false,false,,,page nutritional-information/12293: total of the filling + With Butter and Salad + Wholemeal
bap-ham-white-with-butter-and-salad,"Bap, Ham (White, With Butter and Salad)",Baps,,294,16.83,32.24,10.63,3.01,,1.69,3.64,2.10,1235,,,,,,contains_pork,false,true,,,page nutritional-information/11174: total of the filling + White + With Butter and Salad
bap-ham-wholemeal-with-butter-and-salad,"Bap, Ham (Wholemeal, With Butter and Salad)",Baps,,312,18.13,34.84,11.28,3.01,,1.69,4.29,2.10,1313,,,,,,contains_pork,false,false,,,page nutritional-information/11174: total of the filling + Wholemeal + With Butter and Salad
bap-ham-multiseed-with-butter-and-salad,"Bap, Ham (Multiseed, With Butter and Salad)",Baps,,394,20.83,48.24,12.78,4.26,,1.04,6.44,3.65,1659,,,,,,contains_pork,false,false,,,page nutritional-information/11174: total of the filling + Multiseed + With Butter and Salad
bap-ham-and-cheese-white-brie-with-butter-and-salad,"Bap, Ham & Cheese (White, Brie, With Butter and Salad)",Baps,,462,24.48,33.14,25.48,13.36,,2.32,4.54,2.10,1929,,,,,,contains_pork,false,true,,,page nutritional-information/11208: total of the filling + White + With Butter and Salad + Brie
bap-ham-and-cheese-white-mozzarella-with-butter-and-salad,"Bap, Ham & Cheese (White, Mozzarella, With Butter and Salad)",Baps,,529,37.07,32.96,27.43,14.61,,2.73,4.28,2.10,2212,,,,,,contains_pork,false,true,,,page nutritional-information/11208: total of the filling + White + With Butter and Salad + Mozzarella 
bap-ham-and-cheese-white-grated-cheddar-with-butter-and-salad,"Bap, Ham & Cheese (White, Grated Cheddar, With Butter and Salad)",Baps,,470,28.53,33.10,24.58,11.74,,2.55,3.68,2.10,1967,,,,,,contains_pork,false,true,,,page nutritional-information/11208: total of the filling + White + With Butter and Salad + Grated Cheddar
bap-ham-and-cheese-white-mexicana-with-butter-and-salad,"Bap, Ham & Cheese (White, Mexicana, With Butter and Salad)",Baps,,352,20.35,32.92,15.16,5.85,,1.97,3.73,2.18,1474,,,,,,contains_pork,false,true,,,page nutritional-information/11208: total of the filling + White + With Butter and Salad + Mexicana
bap-ham-and-cheese-white-sliced-cheddar-with-butter-and-salad,"Bap, Ham & Cheese (White, Sliced Cheddar, With Butter and Salad)",Baps,,356,20.64,32.26,15.87,6.27,,1.97,3.66,2.10,1493,,,,,,contains_pork,false,true,,,page nutritional-information/11208: total of the filling + White + With Butter and Salad + Sliced Cheddar
bap-ham-and-cheese-wholemeal-brie-with-butter-and-salad,"Bap, Ham & Cheese (Wholemeal, Brie, With Butter and Salad)",Baps,,480,25.78,35.74,26.13,13.36,,2.32,5.19,2.10,2008,,,,,,contains_pork,false,false,,,page nutritional-information/11208: total of the filling + Wholemeal + With Butter and Salad + Brie
bap-ham-and-cheese-wholemeal-mozzarella-with-butter-and-salad,"Bap, Ham & Cheese (Wholemeal, Mozzarella, With Butter and Salad)",Baps,,547,38.37,35.56,28.08,14.61,,2.73,4.93,2.10,2291,,,,,,contains_pork,false,false,,,page nutritional-information/11208: total of the filling + Wholemeal + With Butter and Salad + Mozzarella 
bap-ham-and-cheese-wholemeal-grated-cheddar-with-butter-and-salad,"Bap, Ham & Cheese (Wholemeal, Grated Cheddar, With Butter and Salad)",Baps,,488,29.83,35.70,25.23,11.74,,2.55,4.33,2.10,2045,,,,,,contains_pork,false,false,,,page nutritional-information/11208: total of the filling + Wholemeal + With Butter and Salad + Grated Cheddar
bap-ham-and-cheese-wholemeal-mexicana-with-butter-and-salad,"Bap, Ham & Cheese (Wholemeal, Mexicana, With Butter and Salad)",Baps,,370,21.65,35.52,15.81,5.85,,1.97,4.38,2.18,1553,,,,,,contains_pork,false,false,,,page nutritional-information/11208: total of the filling + Wholemeal + With Butter and Salad + Mexicana
bap-ham-and-cheese-wholemeal-sliced-cheddar-with-butter-and-salad,"Bap, Ham & Cheese (Wholemeal, Sliced Cheddar, With Butter and Salad)",Baps,,375,21.94,34.86,16.52,6.27,,1.97,4.31,2.10,1572,,,,,,contains_pork,false,false,,,page nutritional-information/11208: total of the filling + Wholemeal + With Butter and Salad + Sliced Cheddar
bap-ham-and-cheese-multiseed-brie-with-butter-and-salad,"Bap, Ham & Cheese (Multiseed, Brie, With Butter and Salad)",Baps,,562,28.48,49.14,27.63,14.61,,1.67,7.34,3.65,2354,,,,,,contains_pork,false,false,,,page nutritional-information/11208: total of the filling + Multiseed + With Butter and Salad + Brie
bap-ham-and-cheese-multiseed-mozzarella-with-butter-and-salad,"Bap, Ham & Cheese (Multiseed, Mozzarella, With Butter and Salad)",Baps,,629,41.07,48.96,29.58,15.86,,2.08,7.08,3.65,2637,,,,,,contains_pork,false,false,,,page nutritional-information/11208: total of the filling + Multiseed + With Butter and Salad + Mozzarella 
bap-ham-and-cheese-multiseed-grated-cheddar-with-butter-and-salad,"Bap, Ham & Cheese (Multiseed, Grated Cheddar, With Butter and Salad)",Baps,,570,32.53,49.10,26.73,12.99,,1.90,6.48,3.65,2391,,,,,,contains_pork,false,false,,,page nutritional-information/11208: total of the filling + Multiseed + With Butter and Salad + Grated Cheddar
bap-ham-and-cheese-multiseed-mexicana-with-butter-and-salad,"Bap, Ham & Cheese (Multiseed, Mexicana, With Butter and Salad)",Baps,,452,24.35,48.92,17.31,7.10,,1.32,6.53,3.73,1899,,,,,,contains_pork,false,false,,,page nutritional-information/11208: total of the filling + Multiseed + With Butter and Salad + Mexicana
bap-ham-and-cheese-multiseed-sliced-cheddar-with-butter-and-salad,"Bap, Ham & Cheese (Multiseed, Sliced Cheddar, With Butter and Salad)",Baps,,457,24.64,48.26,18.02,7.52,,1.32,6.46,3.65,1918,,,,,,contains_pork,false,false,,,page nutritional-information/11208: total of the filling + Multiseed + With Butter and Salad + Sliced Cheddar
bap-ham-and-egg-white-with-butter-and-salad,"Bap, Ham & Egg (White, With Butter and Salad)",Baps,,409,30.12,32.28,17.56,4.97,,2.40,3.68,2.10,1717,,,,,,contains_pork,false,true,,,page nutritional-information/11210: total of the filling + With Butter and Salad + White
bap-ham-and-egg-wholemeal-with-butter-and-salad,"Bap, Ham & Egg (Wholemeal, With Butter and Salad)",Baps,,428,31.42,34.88,18.21,4.97,,2.40,4.33,2.10,1796,,,,,,contains_pork,false,false,,,page nutritional-information/11210: total of the filling + With Butter and Salad + Wholemeal
bap-ham-and-egg-multiseed-with-butter-and-salad,"Bap, Ham & Egg (Multiseed, With Butter and Salad)",Baps,,510,34.12,48.28,19.71,6.22,,1.75,6.48,3.65,2142,,,,,,contains_pork,false,false,,,page nutritional-information/11210: total of the filling + With Butter and Salad + Multiseed
bap-honey-mustard-chicken-white-with-butter-and-salad,"Bap, Honey Mustard Chicken (White, With Butter and Salad)",Baps,,534,26.15,45.15,27.70,3.55,,1.95,15.25,2.10,2234,,,,,,,false,true,,,page nutritional-information/11183: total of the filling + White + With Butter and Salad
bap-honey-mustard-chicken-wholemeal-with-butter-and-salad,"Bap, Honey Mustard Chicken (Wholemeal, With Butter and Salad)",Baps,,552,27.45,47.75,28.35,3.55,,1.95,15.90,2.10,2312,,,,,,,false,false,,,page nutritional-information/11183: total of the filling + Wholemeal + With Butter and Salad
bap-honey-mustard-chicken-multiseed-with-butter-and-salad,"Bap, Honey Mustard Chicken (Multiseed, With Butter and Salad)",Baps,,634,30.15,61.15,29.85,4.80,,1.30,18.05,3.65,2658,,,,,,,false,false,,,page nutritional-information/11183: total of the filling + Multiseed + With Butter and Salad
bap-hot-smoked-salmon-white-with-butter-and-salad,"Bap, Hot Smoked Salmon (White, With Butter and Salad)",Baps,,382,19.98,32.15,19.05,3.86,,1.77,3.55,2.10,1598,,,,,,,false,true,,,page nutritional-information/12309: total of the filling + With Butter and Salad + White
bap-hot-smoked-salmon-wholemeal-with-butter-and-salad,"Bap, Hot Smoked Salmon (Wholemeal, With Butter and Salad)",Baps,,400,21.28,34.75,19.70,3.86,,1.77,4.20,2.10,1677,,,,,,,false,false,,,page nutritional-information/12309: total of the filling + With Butter and Salad + Wholemeal
bap-hot-smoked-salmon-multiseed-with-butter-and-salad,"Bap, Hot Smoked Salmon (Multiseed, With Butter and Salad)",Baps,,482,23.98,48.15,21.20,5.11,,1.12,6.35,3.65,2023,,,,,,,false,false,,,page nutritional-information/12309: total of the filling + With Butter and Salad + Multiseed
bap-pastrami-white-with-butter-and-salad,"Bap, Pastrami (White, With Butter and Salad)",Baps,,295,15.25,33.95,10.90,3.15,,1.95,4.27,2.10,1235,,,,,,contains_beef,false,true,,,page nutritional-information/11190: total of the filling + With Butter and Salad + White
bap-pastrami-wholemeal-with-butter-and-salad,"Bap, Pastrami (Wholemeal, With Butter and Salad)",Baps,,313,16.55,36.55,11.55,3.15,,1.95,4.92,2.10,1314,,,,,,contains_beef,false,false,,,page nutritional-information/11190: total of the filling + With Butter and Salad + Wholemeal
bap-pastrami-multiseed-with-butter-and-salad,"Bap, Pastrami (Multiseed, With Butter and Salad)",Baps,,395,19.25,49.95,13.05,4.40,,1.30,7.07,3.65,1660,,,,,,contains_beef,false,false,,,page nutritional-information/11190: total of the filling + With Butter and Salad + Multiseed
bap-plain-chicken-white-with-butter-and-salad,"Bap, Plain Chicken (White, With Butter and Salad)",Baps,,320,25.35,32.95,9.00,3.05,,1.45,3.55,2.10,1344,,,,,,,false,true,,,page nutritional-information/11180: total of the filling + White + With Butter and Salad
bap-plain-chicken-wholemeal-with-butter-and-salad,"Bap, Plain Chicken (Wholemeal, With Butter and Salad)",Baps,,338,26.65,35.55,9.65,3.05,,1.45,4.20,2.10,1423,,,,,,,false,false,,,page nutritional-information/11180: total of the filling + Wholemeal + With Butter and Salad
bap-plain-chicken-multiseed-with-butter-and-salad,"Bap, Plain Chicken (Multiseed, With Butter and Salad)",Baps,,420,29.35,48.95,11.15,4.30,,0.80,6.35,3.65,1768,,,,,,,false,false,,,page nutritional-information/11180: total of the filling + Multiseed + With Butter and Salad
bap-prawn-mayo-white-with-butter-and-salad,"Bap, Prawn Mayo (White, With Butter and Salad)",Baps,,494,16.35,33.25,32.40,4.45,,1.75,3.55,2.10,2057,,,,,,,false,true,,,page nutritional-information/11196: total of the filling + With Butter and Salad + White
bap-prawn-mayo-wholemeal-with-butter-and-salad,"Bap, Prawn Mayo (Wholemeal, With Butter and Salad)",Baps,,513,17.65,35.85,33.05,4.45,,1.75,4.20,2.10,2135,,,,,,,false,false,,,page nutritional-information/11196: total of the filling + With Butter and Salad + Wholemeal
bap-prawn-mayo-multiseed-with-butter-and-salad,"Bap, Prawn Mayo (Multiseed, With Butter and Salad)",Baps,,595,20.35,49.25,34.55,5.70,,1.10,6.35,3.65,2481,,,,,,,false,false,,,page nutritional-information/11196: total of the filling + With Butter and Salad + Multiseed
bap-rare-roast-beef-white-with-butter-and-salad,"Bap, Rare Roast Beef (White, With Butter and Salad)",Baps,,308,18.55,32.59,11.28,3.63,,0.89,3.83,2.38,1290,,,,,,contains_beef,false,true,,,page nutritional-information/11189: total of the filling + With Butter and Salad + White
bap-rare-roast-beef-wholemeal-with-butter-and-salad,"Bap, Rare Roast Beef (Wholemeal, With Butter and Salad)",Baps,,326,19.85,35.19,11.93,3.63,,0.89,4.48,2.38,1369,,,,,,contains_beef,false,false,,,page nutritional-information/11189: total of the filling + With Butter and Salad + Wholemeal
bap-rare-roast-beef-multiseed-with-butter-and-salad,"Bap, Rare Roast Beef (Multiseed, With Butter and Salad)",Baps,,408,22.55,48.59,13.43,4.88,,0.24,6.63,3.93,1715,,,,,,contains_beef,false,false,,,page nutritional-information/11189: total of the filling + With Butter and Salad + Multiseed
bap-roast-pork-white-with-butter-and-salad,"Bap, Roast Pork (White, With Butter and Salad)",Baps,,462,24.85,47.75,18.60,5.50,,1.30,8.10,4.05,1939,,,,,,contains_pork,false,true,,,page nutritional-information/11173: total of the filling + White + With Butter and Salad
bap-roast-pork-wholemeal-with-butter-and-salad,"Bap, Roast Pork (Wholemeal, With Butter and Salad)",Baps,,480,26.15,50.35,19.25,5.50,,1.30,8.75,4.05,2018,,,,,,contains_pork,false,false,,,page nutritional-information/11173: total of the filling + Wholemeal + With Butter and Salad
bap-roast-pork-multiseed-with-butter-and-salad,"Bap, Roast Pork (Multiseed, With Butter and Salad)",Baps,,562,28.85,63.75,20.75,6.75,,0.65,10.90,5.60,2364,,,,,,contains_pork,false,false,,,page nutritional-information/11173: total of the filling + Multiseed + With Butter and Salad
bap-roasted-veg-multiseed-with-butter-and-salad,"Bap, Roasted Veg (Multiseed, With Butter and Salad)",Baps,,405,10.97,54.53,14.10,4.00,,0.62,12.10,6.77,1702,,,,,,,false,false,,,page nutritional-information/12294: total of the filling + With Butter and Salad + Multiseed
bap-roasted-veg-wholemeal-with-butter-and-salad,"Bap, Roasted Veg (Wholemeal, With Butter and Salad)",Baps,,323,8.27,41.13,12.60,2.75,,1.27,9.95,5.22,1357,,,,,,,false,false,,,page nutritional-information/12294: total of the filling + With Butter and Salad + Wholemeal
bap-roasted-veg-white-with-butter-and-salad,"Bap, Roasted Veg (White, With Butter and Salad)",Baps,,305,6.97,38.53,11.95,2.75,,1.27,9.30,5.22,1278,,,,,,,false,true,,,page nutritional-information/12294: total of the filling + With Butter and Salad + White
bap-sausage-white-with-butter-and-salad,"Bap, Sausage (White, With Butter and Salad)",Baps,,543,25.30,48.50,27.25,8.85,,3.50,5.80,2.10,2269,,,,,,contains_pork|contains_beef,false,true,,,page nutritional-information/11177: total of the filling + White + With Butter and Salad
bap-sausage-wholemeal-with-butter-and-salad,"Bap, Sausage (Wholemeal, With Butter and Salad)",Baps,,561,26.60,51.10,27.90,8.85,,3.50,6.45,2.10,2348,,,,,,contains_pork|contains_beef,false,false,,,page nutritional-information/11177: total of the filling + Wholemeal + With Butter and Salad
bap-sausage-multiseed-with-butter-and-salad,"Bap, Sausage (Multiseed, With Butter and Salad)",Baps,,643,29.30,64.50,29.40,10.10,,2.85,8.60,3.65,2694,,,,,,contains_pork|contains_beef,false,false,,,page nutritional-information/11177: total of the filling + Multiseed + With Butter and Salad
bap-tuna-mayo-white-with-butter-and-salad,"Bap, Tuna Mayo (White, With Butter and Salad)",Baps,,554,23.75,33.30,35.80,4.55,,0.65,3.55,2.10,2300,,,,,,,false,true,,,page nutritional-information/11195: total of the filling + With Butter and Salad + White
bap-tuna-mayo-wholemeal-with-butter-and-salad,"Bap, Tuna Mayo (Wholemeal, With Butter and Salad)",Baps,,572,25.05,35.90,36.45,4.55,,0.65,4.20,2.10,2379,,,,,,,false,false,,,page nutritional-information/11195: total of the filling + With Butter and Salad + Wholemeal
bap-tuna-mayo-multiseed-with-butter-and-salad,"Bap, Tuna Mayo (Multiseed, With Butter and Salad)",Baps,,654,27.75,49.30,37.95,5.80,,0.00,6.35,3.65,2725,,,,,,,false,false,,,page nutritional-information/11195: total of the filling + With Butter and Salad + Multiseed
ciabatta-bacon-with-butter-and-salad,"Ciabatta, Bacon (With Butter and Salad)",Ciabatta,,446,26.00,41.90,19.35,6.44,,4.17,3.14,3.36,1864,,,,,,contains_pork,false,true,,,page nutritional-information/11219: total of the filling + With Butter and Salad
ciabatta-boiled-fried-egg-with-butter-and-salad,"Ciabatta, Boiled/Fried Egg (With Butter and Salad)",Ciabatta,,430,24.32,41.38,18.32,4.85,,1.51,2.62,2.84,1797,,,,,,,false,true,,,page nutritional-information/11240: total of the filling + With Butter and Salad
ciabatta-brie-with-butter-and-salad,"Ciabatta, Brie (With Butter and Salad)",Ciabatta,,584,26.94,42.88,33.62,20.60,,2.52,3.12,3.34,2434,,,,,,,false,true,,,page nutritional-information/11242: total of the filling + With Butter and Salad
ciabatta-buffalo-chicken-with-butter-and-salad,"Ciabatta, Buffalo Chicken (With Butter and Salad)",Ciabatta,,495,21.14,55.78,21.02,5.20,,1.02,5.02,2.84,2066,,,,,,,false,true,,,page nutritional-information/11451: total of the filling + With Butter and Salad
ciabatta-cheese-brie-with-butter-and-salad,"Ciabatta, Cheese (Brie, With Butter and Salad)",Ciabatta,,558,21.54,42.98,33.02,20.00,,2.14,4.22,2.84,2321,,,,,,,false,true,,,page nutritional-information/11239: total of the filling + Brie + With Butter and Salad
ciabatta-cheese-mozzarella-with-butter-and-salad,"Ciabatta, Cheese (Mozzarella, With Butter and Salad)",Ciabatta,,495,28.18,42.10,23.42,13.20,,2.06,3.26,2.84,2063,,,,,,,false,true,,,page nutritional-information/11239: total of the filling + Mozzarella  + With Butter and Salad
ciabatta-cheese-grated-cheddar-with-butter-and-salad,"Ciabatta, Cheese (Grated Cheddar, With Butter and Salad)",Ciabatta,,571,28.74,42.90,31.42,17.12,,2.54,2.70,2.84,2387,,,,,,,false,true,,,page nutritional-information/11239: total of the filling + Grated Cheddar + With Butter and Salad
ciabatta-cheese-mexicana-with-butter-and-salad,"Ciabatta, Cheese (Mexicana, With Butter and Salad)",Ciabatta,,490,22.04,44.08,24.74,12.94,,2.15,2.98,3.14,2045,,,,,,,false,true,,,page nutritional-information/11239: total of the filling + Mexicana + With Butter and Salad
ciabatta-cheese-sliced-cheddar-with-butter-and-salad,"Ciabatta, Cheese (Sliced Cheddar, With Butter and Salad)",Ciabatta,,509,23.18,41.44,27.56,14.62,,2.16,2.68,2.84,2121,,,,,,,false,true,,,page nutritional-information/11239: total of the filling + Sliced Cheddar + With Butter and Salad
ciabatta-cheese-crunch-with-butter-and-salad,"Ciabatta, Cheese Crunch (With Butter and Salad)",Ciabatta,,826,21.94,42.78,61.22,15.60,,2.42,4.02,4.24,3422,,,,,,,false,true,,,page nutritional-information/11241: total of the filling + With Butter and Salad
ciabatta-chicken-and-avocado-with-butter-and-salad,"Ciabatta, Chicken & Avocado (With Butter and Salad)",Ciabatta,,409,24.74,44.98,13.82,4.00,,1.02,3.82,2.84,1714,,,,,,,false,true,,,page nutritional-information/11228: total of the filling + With Butter and Salad
ciabatta-chicken-mayo-with-butter-and-salad,"Ciabatta, Chicken Mayo (With Butter and Salad)",Ciabatta,,485,29.54,43.78,21.02,4.00,,2.22,3.82,2.84,2019,,,,,,,false,true,,,page nutritional-information/11222: total of the filling + With Butter and Salad
ciabatta-chicken-mayo-and-bacon-with-butter-and-salad,"Ciabatta, Chicken Mayo & Bacon (With Butter and Salad)",Ciabatta,,555,29.54,43.78,28.22,6.40,,1.02,3.82,2.84,2312,,,,,,contains_pork,false,true,,,page nutritional-information/11227: total of the filling + With Butter and Salad
ciabatta-chicken-tikka-with-butter-and-salad,"Ciabatta, Chicken Tikka (With Butter and Salad)",Ciabatta,,478,27.14,44.98,24.62,4.00,,1.02,3.82,5.24,2128,,,,,,,false,true,,,page nutritional-information/11224: total of the filling + With Butter and Salad
ciabatta-cold-smoked-salmon-with-butter-and-salad,"Ciabatta, Cold Smoked Salmon (With Butter and Salad)",Ciabatta,,399,28.97,41.47,12.58,2.60,,3.84,2.71,2.84,1671,,,,,,,false,true,,,page nutritional-information/11238: total of the filling + With Butter and Salad
ciabatta-coronation-chicken-with-butter-and-salad,"Ciabatta, Coronation Chicken (With Butter and Salad)",Ciabatta,,643,21.14,54.58,36.62,4.00,,2.22,13.42,4.04,2676,,,,,,,false,true,,,page nutritional-information/11225: total of the filling + With Butter and Salad
ciabatta-egg-mayo,"Ciabatta, Egg Mayo",Ciabatta,Ciabatta,463,23.64,42.78,20.52,4.5,,2.52,2.52,2.04,1929,,,,,,vegetarian,false,true,,,page nutritional-information/11245; per Ciabatta
ciabatta-feta-with-butter-and-salad,"Ciabatta, Feta (With Butter and Salad)",Ciabatta,,259,7.94,41.38,6.62,1.60,,1.02,2.62,2.84,1086,,,,,,,false,true,,,page nutritional-information/12297: total of the filling + With Butter and Salad
ciabatta-ham-with-butter-and-salad,"Ciabatta, Ham (With Butter and Salad)",Ciabatta,,380,28.34,41.54,10.94,2.96,,2.86,2.78,2.84,1595,,,,,,contains_pork,false,true,,,page nutritional-information/11217: total of the filling + With Butter and Salad
ciabatta-ham-and-cheese-brie-with-butter-and-salad,"Ciabatta, Ham & Cheese (Brie, With Butter and Salad)",Ciabatta,,522,33.86,42.33,23.87,12.08,,3.30,3.57,2.84,2181,,,,,,contains_pork,false,true,,,page nutritional-information/11246: total of the filling + With Butter and Salad + Brie
ciabatta-ham-and-cheese-mozzarella-with-butter-and-salad,"Ciabatta, Ham & Cheese (Mozzarella, With Butter and Salad)",Ciabatta,,608,47.30,42.25,27.47,14.48,,3.78,3.41,2.84,2541,,,,,,contains_pork,false,true,,,page nutritional-information/11246: total of the filling + With Butter and Salad + Mozzarella 
ciabatta-ham-and-cheese-grated-cheddar-with-butter-and-salad,"Ciabatta, Ham & Cheese (Grated Cheddar, With Butter and Salad)",Ciabatta,,529,37.46,42.29,23.07,10.64,,3.50,2.81,2.84,2214,,,,,,contains_pork,false,true,,,page nutritional-information/11246: total of the filling + With Butter and Salad + Grated Cheddar
ciabatta-ham-and-cheese-mexicana-with-butter-and-salad,"Ciabatta, Ham & Cheese (Mexicana, With Butter and Salad)",Ciabatta,,488,34.11,42.88,19.73,8.55,,3.30,2.95,2.99,2043,,,,,,contains_pork,false,true,,,page nutritional-information/11246: total of the filling + With Butter and Salad + Mexicana
ciabatta-ham-and-cheese-sliced-cheddar-with-butter-and-salad,"Ciabatta, Ham & Cheese (Sliced Cheddar, With Butter and Salad)",Ciabatta,,497,34.68,41.56,21.14,9.39,,3.31,2.80,2.84,2081,,,,,,contains_pork,false,true,,,page nutritional-information/11246: total of the filling + With Butter and Salad + Sliced Cheddar
ciabatta-ham-and-egg-with-butter-and-salad,"Ciabatta, Ham & Egg (With Butter and Salad)",Ciabatta,,491,39.05,41.54,18.59,5.08,,3.18,2.78,2.84,2060,,,,,,contains_pork,false,true,,,page nutritional-information/11247: total of the filling + With Butter and Salad
ciabatta-honey-mustard-chicken-with-butter-and-salad,"Ciabatta, Honey Mustard Chicken (With Butter and Salad)",Ciabatta,,544,27.14,53.38,24.62,2.80,,2.22,13.42,2.84,2272,,,,,,,false,true,,,page nutritional-information/11226: total of the filling + With Butter and Salad
ciabatta-hot-smoked-salmon-with-butter-and-salad,"Ciabatta, Hot Smoked Salmon (With Butter and Salad)",Ciabatta,,463,28.42,36.70,22.31,3.95,,2.53,2.50,2.60,1934,,,,,,,false,true,,,page nutritional-information/12310: total of the filling + With Butter and Salad
ciabatta-pastrami-with-butter-and-salad,"Ciabatta, Pastrami (With Butter and Salad)",Ciabatta,,381,25.54,44.58,11.42,3.20,,3.34,3.90,2.84,1596,,,,,,,false,true,,,page nutritional-information/11232: total of the filling + With Butter and Salad
ciabatta-plain-chicken-with-butter-and-salad,"Ciabatta, Plain Chicken (With Butter and Salad)",Ciabatta,,376,32.94,42.38,7.62,2.60,,2.02,2.62,2.84,1581,,,,,,,false,true,,,page nutritional-information/11223: total of the filling + With Butter and Salad
ciabatta-prawn-mayo-with-butter-and-salad,"Ciabatta, Prawn Mayo (With Butter and Salad)",Ciabatta,,589,21.44,42.73,36.32,4.30,,2.37,2.62,2.84,2446,,,,,,,false,true,,,page nutritional-information/11235: total of the filling + With Butter and Salad
ciabatta-rare-roast-beef-with-butter-and-salad,"Ciabatta, Rare Roast Beef (With Butter and Salad)",Ciabatta,,393,29.54,42.10,11.66,3.85,,1.42,3.07,3.29,1645,,,,,,contains_beef,false,true,,,page nutritional-information/11231: total of the filling + With Butter and Salad
ciabatta-roast-pork-with-butter-and-salad,"Ciabatta, Roast Pork (With Butter and Salad)",Ciabatta,,506,34.94,41.38,21.62,6.60,,2.02,2.62,2.84,2119,,,,,,contains_pork,false,true,,,page nutritional-information/11216: total of the filling + With Butter and Salad
ciabatta-roasted-veg-with-butter-and-salad,"Ciabatta, Roasted Veg (With Butter and Salad)",Ciabatta,,354,9.89,49.03,11.12,2.20,,1.77,9.52,6.59,1482,,,,,,,false,true,,,page nutritional-information/12298: total of the filling + With Butter and Salad
ciabatta-sausage-with-butter-and-salad,"Ciabatta, Sausage (With Butter and Salad)",Ciabatta,,576,27.89,57.73,25.67,8.20,,3.87,4.87,2.84,2407,,,,,,contains_pork,false,true,,,page nutritional-information/11220: total of the filling + With Butter and Salad
ciabatta-tuna-mayo-with-butter-and-salad,"Ciabatta, Tuna Mayo (With Butter and Salad)",Ciabatta,,673,31.14,42.83,41.42,4.50,,1.02,2.62,2.84,2791,,,,,,,false,true,,,page nutritional-information/11234: total of the filling + With Butter and Salad
doorstep-bacon-harvester-with-butter-and-salad,"Doorstep, Bacon (Harvester, With Butter and Salad)",Doorsteps,,587,31.46,67.92,21.13,6.44,,4.55,4.92,5.52,2461,,,,,,contains_pork,false,false,,,page nutritional-information/11070: total of the filling + With Butter and Salad + Harvester
doorstep-bacon-multiseed-with-butter-and-salad,"Doorstep, Bacon (Multiseed, With Butter and Salad)",Doorsteps,,630,34.26,60.92,26.73,7.84,,3.15,3.52,6.92,2642,,,,,,contains_pork,false,false,,,page nutritional-information/11070: total of the filling + With Butter and Salad + Multiseed
doorstep-bacon-oat-with-butter-and-salad,"Doorstep, Bacon (Oat, With Butter and Salad)",Doorsteps,,594,30.06,69.32,21.13,7.84,,4.55,4.92,6.92,2492,,,,,,contains_pork,false,false,,,page nutritional-information/11070: total of the filling + With Butter and Salad + Oat
doorstep-bacon-white-with-butter-and-salad,"Doorstep, Bacon (White, With Butter and Salad)",Doorsteps,,597,28.66,70.72,22.53,7.84,,4.55,3.52,4.12,2503,,,,,,contains_pork,false,true,,,page nutritional-information/11070: total of the filling + With Butter and Salad + White
doorstep-bacon-wholemeal-with-butter-and-salad,"Doorstep, Bacon (Wholemeal, With Butter and Salad)",Doorsteps,,556,31.46,55.32,21.13,7.84,,4.55,3.52,12.52,2333,,,,,,contains_pork,false,false,,,page nutritional-information/11070: total of the filling + With Butter and Salad + Wholemeal
doorstep-bacon-multiseed-sourdough-with-butter-and-salad,"Doorstep, Bacon (Multiseed Sourdough, With Butter and Salad)",Doorsteps,,604,31.66,66.12,23.13,6.44,,4.75,3.72,6.12,2533,,,,,,contains_pork,false,false,,,page nutritional-information/11070: total of the filling + With Butter and Salad + Multiseed Sourdough
doorstep-bacon-white-sourdough-with-butter-and-salad,"Doorstep, Bacon (White Sourdough, With Butter and Salad)",Doorsteps,,625,30.06,80.52,19.93,6.44,,4.75,3.72,6.12,2626,,,,,,contains_pork,false,false,,,page nutritional-information/11070: total of the filling + With Butter and Salad + White Sourdough
doorstep-boiled-fried-egg-harvester-with-butter-and-salad,"Doorstep, Boiled/Fried Egg (Harvester, With Butter and Salad)",Doorsteps,,518,24.74,67.40,16.50,3.85,,1.74,4.40,5.00,2176,,,,,,,false,false,,,page nutritional-information/11092: total of the filling + With Butter and Salad + Harvester
doorstep-boiled-fried-egg-multiseed-with-butter-and-salad,"Doorstep, Boiled/Fried Egg (Multiseed, With Butter and Salad)",Doorsteps,,561,27.54,60.40,22.10,5.25,,0.34,3.00,6.40,2356,,,,,,,false,false,,,page nutritional-information/11092: total of the filling + With Butter and Salad + Multiseed
doorstep-boiled-fried-egg-multiseed-sourdough-with-butter-and-salad,"Doorstep, Boiled/Fried Egg (Multiseed Sourdough, With Butter and Salad)",Doorsteps,,535,24.94,65.60,18.50,3.85,,1.94,3.20,5.60,2248,,,,,,,false,false,,,page nutritional-information/11092: total of the filling + With Butter and Salad + Multiseed Sourdough
doorstep-boiled-fried-egg-oat-with-butter-and-salad,"Doorstep, Boiled/Fried Egg (Oat, With Butter and Salad)",Doorsteps,,525,23.34,68.80,16.50,5.25,,1.74,4.40,6.40,2207,,,,,,,false,false,,,page nutritional-information/11092: total of the filling + With Butter and Salad + Oat
doorstep-boiled-fried-egg-white-with-butter-and-salad,"Doorstep, Boiled/Fried Egg (White, With Butter and Salad)",Doorsteps,,528,21.94,70.20,17.90,5.25,,1.74,3.00,3.60,2218,,,,,,,false,true,,,page nutritional-information/11092: total of the filling + With Butter and Salad + White
doorstep-boiled-fried-egg-white-sourdough-with-butter-and-salad,"Doorstep, Boiled/Fried Egg (White Sourdough, With Butter and Salad)",Doorsteps,,556,23.34,80.00,15.30,3.85,,1.94,3.20,5.60,2340,,,,,,,false,false,,,page nutritional-information/11092: total of the filling + With Butter and Salad + White Sourdough
doorstep-boiled-fried-egg-wholemeal-with-butter-and-salad,"Doorstep, Boiled/Fried Egg (Wholemeal, With Butter and Salad)",Doorsteps,,487,24.74,54.80,16.50,5.25,,1.74,3.00,12.00,2047,,,,,,,false,false,,,page nutritional-information/11092: total of the filling + With Butter and Salad + Wholemeal
doorstep-brie-harvester-with-butter-and-salad,"Doorstep, Brie (Harvester, With Butter and Salad)",Doorsteps,,855,40.00,69.50,46.20,28.20,,3.50,5.10,5.70,3571,,,,,,,false,false,,,page nutritional-information/11094: total of the filling + Harvester + With Butter and Salad
doorstep-brie-multiseed-with-butter-and-salad,"Doorstep, Brie (Multiseed, With Butter and Salad)",Doorsteps,,898,42.80,62.50,51.80,29.60,,2.10,3.70,7.10,3751,,,,,,,false,false,,,page nutritional-information/11094: total of the filling + Multiseed + With Butter and Salad
doorstep-brie-oat-with-butter-and-salad,"Doorstep, Brie (Oat, With Butter and Salad)",Doorsteps,,862,38.60,70.90,46.20,29.60,,3.50,5.10,7.10,3601,,,,,,,false,false,,,page nutritional-information/11094: total of the filling + Oat + With Butter and Salad
doorstep-brie-white-with-butter-and-salad,"Doorstep, Brie (White, With Butter and Salad)",Doorsteps,,865,37.20,72.30,47.60,29.60,,3.50,3.70,4.30,3613,,,,,,,false,true,,,page nutritional-information/11094: total of the filling + White + With Butter and Salad
doorstep-brie-wholemeal-with-butter-and-salad,"Doorstep, Brie (Wholemeal, With Butter and Salad)",Doorsteps,,824,40.00,56.90,46.20,29.60,,3.50,3.70,12.70,3442,,,,,,,false,false,,,page nutritional-information/11094: total of the filling + Wholemeal + With Butter and Salad
doorstep-brie-multiseed-sourdough-with-butter-and-salad,"Doorstep, Brie (Multiseed Sourdough, With Butter and Salad)",Doorsteps,,872,40.20,67.70,48.20,28.20,,3.70,3.90,6.30,3642,,,,,,,false,false,,,page nutritional-information/11094: total of the filling + Multiseed Sourdough + With Butter and Salad
doorstep-brie-white-sourdough-with-butter-and-salad,"Doorstep, Brie (White Sourdough, With Butter and Salad)",Doorsteps,,893,38.60,82.10,45.00,28.20,,3.70,3.90,6.30,3735,,,,,,,false,false,,,page nutritional-information/11094: total of the filling + White Sourdough + With Butter and Salad
doorstep-buffalo-chicken-wholemeal-with-butter-and-salad,"Doorstep, Buffalo Chicken (Wholemeal, With Butter and Salad)",Doorsteps,,673,30.45,73.40,27.00,7.65,,1.40,6.10,12.00,2821,,,,,,,false,false,,,page nutritional-information/11448: total of the filling + With Butter and Salad + Wholemeal
doorstep-buffalo-chicken-white-sourdough-with-butter-and-salad,"Doorstep, Buffalo Chicken (White Sourdough, With Butter and Salad)",Doorsteps,,741,29.05,98.60,25.80,6.25,,1.60,6.30,5.60,3114,,,,,,,false,false,,,page nutritional-information/11448: total of the filling + With Butter and Salad + White Sourdough
doorstep-buffalo-chicken-white-with-butter-and-salad,"Doorstep, Buffalo Chicken (White, With Butter and Salad)",Doorsteps,,714,27.65,88.80,28.40,7.65,,1.40,6.10,3.60,2992,,,,,,,false,true,,,page nutritional-information/11448: total of the filling + With Butter and Salad + White
doorstep-buffalo-chicken-oat-with-butter-and-salad,"Doorstep, Buffalo Chicken (Oat, With Butter and Salad)",Doorsteps,,711,29.05,87.40,27.00,7.65,,1.40,7.50,6.40,2981,,,,,,,false,false,,,page nutritional-information/11448: total of the filling + With Butter and Salad + Oat
doorstep-buffalo-chicken-multiseed-sourdough-with-butter-and-salad,"Doorstep, Buffalo Chicken (Multiseed Sourdough, With Butter and Salad)",Doorsteps,,721,30.65,84.20,29.00,6.25,,1.60,6.30,5.60,3022,,,,,,,false,false,,,page nutritional-information/11448: total of the filling + With Butter and Salad + Multiseed Sourdough
doorstep-buffalo-chicken-multiseed-with-butter-and-salad,"Doorstep, Buffalo Chicken (Multiseed, With Butter and Salad)",Doorsteps,,747,33.25,79.00,32.60,7.65,,0.00,6.10,6.40,3130,,,,,,,false,false,,,page nutritional-information/11448: total of the filling + With Butter and Salad + Multiseed
doorstep-buffalo-chicken-harvester-with-butter-and-salad,"Doorstep, Buffalo Chicken (Harvester, With Butter and Salad)",Doorsteps,,704,30.45,86.00,27.00,6.25,,1.40,7.50,5.00,2950,,,,,,,false,false,,,page nutritional-information/11448: total of the filling + With Butter and Salad + Harvester
doorstep-cheese-harvester-brie-with-butter-and-salad,"Doorstep, Cheese (Harvester, Brie, With Butter and Salad)",Doorsteps,,736,28.70,69.20,38.10,22.30,,2.66,6.20,5.00,3073,,,,,,,false,false,,,page nutritional-information/11091: total of the filling + Harvester + Brie + With Butter and Salad
doorstep-cheese-harvester-mozzarella-with-butter-and-salad,"Doorstep, Cheese (Harvester, Mozzarella, With Butter and Salad)",Doorsteps,,782,46.29,68.57,35.70,20.45,,3.09,5.44,5.00,3272,,,,,,,false,false,,,page nutritional-information/11091: total of the filling + Harvester + Mozzarella  + With Butter and Salad
doorstep-cheese-harvester-grated-cheddar-with-butter-and-salad,"Doorstep, Cheese (Harvester, Grated Cheddar, With Butter and Salad)",Doorsteps,,907,47.20,69.87,48.70,26.82,,3.87,4.53,5.00,3799,,,,,,,false,false,,,page nutritional-information/11091: total of the filling + Harvester + Grated Cheddar + With Butter and Salad
doorstep-cheese-harvester-mexicana-with-butter-and-salad,"Doorstep, Cheese (Harvester, Mexicana, With Butter and Salad)",Doorsteps,,670,29.85,70.55,29.54,14.83,,2.72,4.82,5.35,2803,,,,,,,false,false,,,page nutritional-information/11091: total of the filling + Harvester + Mexicana + With Butter and Salad
doorstep-cheese-harvester-sliced-cheddar-with-butter-and-salad,"Doorstep, Cheese (Harvester, Sliced Cheddar, With Butter and Salad)",Doorsteps,,691,31.18,67.47,32.83,16.79,,2.73,4.47,5.00,2891,,,,,,,false,false,,,page nutritional-information/11091: total of the filling + Harvester + Sliced Cheddar + With Butter and Salad
doorstep-cheese-multiseed-brie-with-butter-and-salad,"Doorstep, Cheese (Multiseed, Brie, With Butter and Salad)",Doorsteps,,779,31.50,62.20,43.70,23.70,,1.26,4.80,6.40,3254,,,,,,,false,false,,,page nutritional-information/11091: total of the filling + Multiseed + Brie + With Butter and Salad
doorstep-cheese-multiseed-mozzarella-with-butter-and-salad,"Doorstep, Cheese (Multiseed, Mozzarella, With Butter and Salad)",Doorsteps,,826,49.09,61.57,41.30,21.85,,1.69,4.04,6.40,3453,,,,,,,false,false,,,page nutritional-information/11091: total of the filling + Multiseed + Mozzarella  + With Butter and Salad
doorstep-cheese-multiseed-grated-cheddar-with-butter-and-salad,"Doorstep, Cheese (Multiseed, Grated Cheddar, With Butter and Salad)",Doorsteps,,950,50.00,62.87,54.30,28.22,,2.47,3.13,6.40,3979,,,,,,,false,false,,,page nutritional-information/11091: total of the filling + Multiseed + Grated Cheddar + With Butter and Salad
doorstep-cheese-multiseed-mexicana-with-butter-and-salad,"Doorstep, Cheese (Multiseed, Mexicana, With Butter and Salad)",Doorsteps,,713,32.65,63.55,35.14,16.23,,1.32,3.42,6.75,2983,,,,,,,false,false,,,page nutritional-information/11091: total of the filling + Multiseed + Mexicana + With Butter and Salad
doorstep-cheese-multiseed-sliced-cheddar-with-butter-and-salad,"Doorstep, Cheese (Multiseed, Sliced Cheddar, With Butter and Salad)",Doorsteps,,735,33.98,60.47,38.43,18.19,,1.33,3.07,6.40,3072,,,,,,,false,false,,,page nutritional-information/11091: total of the filling + Multiseed + Sliced Cheddar + With Butter and Salad
doorstep-cheese-multiseed-sourdough-brie-with-butter-and-salad,"Doorstep, Cheese (Multiseed Sourdough, Brie, With Butter and Salad)",Doorsteps,,752,28.90,67.40,40.10,22.30,,2.86,5.00,5.60,3145,,,,,,,false,false,,,page nutritional-information/11091: total of the filling + Multiseed Sourdough + Brie + With Butter and Salad
doorstep-cheese-multiseed-sourdough-mozzarella-with-butter-and-salad,"Doorstep, Cheese (Multiseed Sourdough, Mozzarella, With Butter and Salad)",Doorsteps,,799,46.49,66.77,37.70,20.45,,3.29,4.24,5.60,3344,,,,,,,false,false,,,page nutritional-information/11091: total of the filling + Multiseed Sourdough + Mozzarella  + With Butter and Salad
doorstep-cheese-multiseed-sourdough-grated-cheddar-with-butter-and-salad,"Doorstep, Cheese (Multiseed Sourdough, Grated Cheddar, With Butter and Salad)",Doorsteps,,924,47.40,68.07,50.70,26.82,,4.07,3.33,5.60,3870,,,,,,,false,false,,,page nutritional-information/11091: total of the filling + Multiseed Sourdough + Grated Cheddar + With Butter and Salad
doorstep-cheese-multiseed-sourdough-mexicana-with-butter-and-salad,"Doorstep, Cheese (Multiseed Sourdough, Mexicana, With Butter and Salad)",Doorsteps,,686,30.05,68.75,31.54,14.83,,2.92,3.62,5.95,2875,,,,,,,false,false,,,page nutritional-information/11091: total of the filling + Multiseed Sourdough + Mexicana + With Butter and Salad
doorstep-cheese-multiseed-sourdough-sliced-cheddar-with-butter-and-salad,"Doorstep, Cheese (Multiseed Sourdough, Sliced Cheddar, With Butter and Salad)",Doorsteps,,708,31.38,65.67,34.83,16.79,,2.93,3.27,5.60,2963,,,,,,,false,false,,,page nutritional-information/11091: total of the filling + Multiseed Sourdough + Sliced Cheddar + With Butter and Salad
doorstep-cheese-oat-brie-with-butter-and-salad,"Doorstep, Cheese (Oat, Brie, With Butter and Salad)",Doorsteps,,743,27.30,70.60,38.10,23.70,,2.66,6.20,6.40,3104,,,,,,,false,false,,,page nutritional-information/11091: total of the filling + Oat + Brie + With Butter and Salad
doorstep-cheese-oat-mozzarella-with-butter-and-salad,"Doorstep, Cheese (Oat, Mozzarella, With Butter and Salad)",Doorsteps,,789,44.89,69.97,35.70,21.85,,3.09,5.44,6.40,3303,,,,,,,false,false,,,page nutritional-information/11091: total of the filling + Oat + Mozzarella  + With Butter and Salad
doorstep-cheese-oat-grated-cheddar-with-butter-and-salad,"Doorstep, Cheese (Oat, Grated Cheddar, With Butter and Salad)",Doorsteps,,914,45.80,71.27,48.70,28.22,,3.87,4.53,6.40,3829,,,,,,,false,false,,,page nutritional-information/11091: total of the filling + Oat + Grated Cheddar + With Butter and Salad
doorstep-cheese-oat-mexicana-with-butter-and-salad,"Doorstep, Cheese (Oat, Mexicana, With Butter and Salad)",Doorsteps,,677,28.45,71.95,29.54,16.23,,2.72,4.82,6.75,2834,,,,,,,false,false,,,page nutritional-information/11091: total of the filling + Oat + Mexicana + With Butter and Salad
doorstep-cheese-oat-sliced-cheddar-with-butter-and-salad,"Doorstep, Cheese (Oat, Sliced Cheddar, With Butter and Salad)",Doorsteps,,698,29.78,68.87,32.83,18.19,,2.73,4.47,6.40,2922,,,,,,,false,false,,,page nutritional-information/11091: total of the filling + Oat + Sliced Cheddar + With Butter and Salad
doorstep-cheese-white-brie-with-butter-and-salad,"Doorstep, Cheese (White, Brie, With Butter and Salad)",Doorsteps,,745,25.90,72.00,39.50,23.70,,2.66,4.80,3.60,3115,,,,,,,false,true,,,page nutritional-information/11091: total of the filling + White + Brie + With Butter and Salad
doorstep-cheese-white-mozzarella-with-butter-and-salad,"Doorstep, Cheese (White, Mozzarella, With Butter and Salad)",Doorsteps,,792,43.49,71.37,37.10,21.85,,3.09,4.04,3.60,3314,,,,,,,false,true,,,page nutritional-information/11091: total of the filling + White + Mozzarella  + With Butter and Salad
doorstep-cheese-white-grated-cheddar-with-butter-and-salad,"Doorstep, Cheese (White, Grated Cheddar, With Butter and Salad)",Doorsteps,,917,44.40,72.67,50.10,28.22,,3.87,3.13,3.60,3841,,,,,,,false,true,,,page nutritional-information/11091: total of the filling + White + Grated Cheddar + With Butter and Salad
doorstep-cheese-white-mexicana-with-butter-and-salad,"Doorstep, Cheese (White, Mexicana, With Butter and Salad)",Doorsteps,,679,27.05,73.35,30.94,16.23,,2.72,3.42,3.95,2845,,,,,,,false,true,,,page nutritional-information/11091: total of the filling + White + Mexicana + With Butter and Salad
doorstep-cheese-white-sliced-cheddar-with-butter-and-salad,"Doorstep, Cheese (White, Sliced Cheddar, With Butter and Salad)",Doorsteps,,701,28.38,70.27,34.23,18.19,,2.73,3.07,3.60,2933,,,,,,,false,true,,,page nutritional-information/11091: total of the filling + White + Sliced Cheddar + With Butter and Salad
doorstep-cheese-white-sourdough-brie-with-butter-and-salad,"Doorstep, Cheese (White Sourdough, Brie, With Butter and Salad)",Doorsteps,,773,27.30,81.80,36.90,22.30,,2.86,5.00,5.60,3238,,,,,,,false,false,,,page nutritional-information/11091: total of the filling + White Sourdough + Brie + With Butter and Salad
doorstep-cheese-white-sourdough-mozzarella-with-butter-and-salad,"Doorstep, Cheese (White Sourdough, Mozzarella, With Butter and Salad)",Doorsteps,,820,44.89,81.17,34.50,20.45,,3.29,4.24,5.60,3437,,,,,,,false,false,,,page nutritional-information/11091: total of the filling + White Sourdough + Mozzarella  + With Butter and Salad
doorstep-cheese-white-sourdough-grated-cheddar-with-butter-and-salad,"Doorstep, Cheese (White Sourdough, Grated Cheddar, With Butter and Salad)",Doorsteps,,945,45.80,82.47,47.50,26.82,,4.07,3.33,5.60,3963,,,,,,,false,false,,,page nutritional-information/11091: total of the filling + White Sourdough + Grated Cheddar + With Butter and Salad
doorstep-cheese-white-sourdough-mexicana-with-butter-and-salad,"Doorstep, Cheese (White Sourdough, Mexicana, With Butter and Salad)",Doorsteps,,707,28.45,83.15,28.34,14.83,,2.92,3.62,5.95,2967,,,,,,,false,false,,,page nutritional-information/11091: total of the filling + White Sourdough + Mexicana + With Butter and Salad
doorstep-cheese-white-sourdough-sliced-cheddar-with-butter-and-salad,"Doorstep, Cheese (White Sourdough, Sliced Cheddar, With Butter and Salad)",Doorsteps,,729,29.78,80.07,31.63,16.79,,2.93,3.27,5.60,3056,,,,,,,false,false,,,page nutritional-information/11091: total of the filling + White Sourdough + Sliced Cheddar + With Butter and Salad
doorstep-cheese-wholemeal-brie-with-butter-and-salad,"Doorstep, Cheese (Wholemeal, Brie, With Butter and Salad)",Doorsteps,,705,28.70,56.60,38.10,23.70,,2.66,4.80,12.00,2944,,,,,,,false,false,,,page nutritional-information/11091: total of the filling + Wholemeal + Brie + With Butter and Salad
doorstep-cheese-wholemeal-mozzarella-with-butter-and-salad,"Doorstep, Cheese (Wholemeal, Mozzarella, With Butter and Salad)",Doorsteps,,751,46.29,55.97,35.70,21.85,,3.09,4.04,12.00,3143,,,,,,,false,false,,,page nutritional-information/11091: total of the filling + Wholemeal + Mozzarella  + With Butter and Salad
doorstep-cheese-wholemeal-grated-cheddar-with-butter-and-salad,"Doorstep, Cheese (Wholemeal, Grated Cheddar, With Butter and Salad)",Doorsteps,,876,47.20,57.27,48.70,28.22,,3.87,3.13,12.00,3670,,,,,,,false,false,,,page nutritional-information/11091: total of the filling + Wholemeal + Grated Cheddar + With Butter and Salad
doorstep-cheese-wholemeal-mexicana-with-butter-and-salad,"Doorstep, Cheese (Wholemeal, Mexicana, With Butter and Salad)",Doorsteps,,639,29.85,57.95,29.54,16.23,,2.72,3.42,12.35,2674,,,,,,,false,false,,,page nutritional-information/11091: total of the filling + Wholemeal + Mexicana + With Butter and Salad
doorstep-cheese-wholemeal-sliced-cheddar-with-butter-and-salad,"Doorstep, Cheese (Wholemeal, Sliced Cheddar, With Butter and Salad)",Doorsteps,,660,31.18,54.87,32.83,18.19,,2.73,3.07,12.00,2762,,,,,,,false,false,,,page nutritional-information/11091: total of the filling + Wholemeal + Sliced Cheddar + With Butter and Salad
doorstep-cheese-crunch-harvester-with-butter-and-salad,"Doorstep, Cheese Crunch (Harvester, With Butter and Salad)",Doorsteps,,967,27.40,68.80,63.00,15.60,,2.80,5.80,6.40,4020,,,,,,,false,false,,,page nutritional-information/11093: total of the filling + With Butter and Salad + Harvester
doorstep-cheese-crunch-multiseed-with-butter-and-salad,"Doorstep, Cheese Crunch (Multiseed, With Butter and Salad)",Doorsteps,,1010,30.20,61.80,68.60,17.00,,1.40,4.40,7.80,4201,,,,,,,false,false,,,page nutritional-information/11093: total of the filling + With Butter and Salad + Multiseed
doorstep-cheese-crunch-oat-with-butter-and-salad,"Doorstep, Cheese Crunch (Oat, With Butter and Salad)",Doorsteps,,974,26.00,70.20,63.00,17.00,,2.80,5.80,7.80,4051,,,,,,,false,false,,,page nutritional-information/11093: total of the filling + With Butter and Salad + Oat
doorstep-cheese-crunch-white-with-butter-and-salad,"Doorstep, Cheese Crunch (White, With Butter and Salad)",Doorsteps,,977,24.60,71.60,64.40,17.00,,2.80,4.40,5.00,4062,,,,,,,false,true,,,page nutritional-information/11093: total of the filling + With Butter and Salad + White
doorstep-cheese-crunch-wholemeal-with-butter-and-salad,"Doorstep, Cheese Crunch (Wholemeal, With Butter and Salad)",Doorsteps,,936,27.40,56.20,63.00,17.00,,2.80,4.40,13.40,3891,,,,,,,false,false,,,page nutritional-information/11093: total of the filling + With Butter and Salad + Wholemeal
doorstep-cheese-crunch-multiseed-sourdough-with-butter-and-salad,"Doorstep, Cheese Crunch (Multiseed Sourdough, With Butter and Salad)",Doorsteps,,984,27.60,67.00,65.00,15.60,,3.00,4.60,7.00,4092,,,,,,,false,false,,,page nutritional-information/11093: total of the filling + With Butter and Salad + Multiseed Sourdough
doorstep-cheese-crunch-white-sourdough-with-butter-and-salad,"Doorstep, Cheese Crunch (White Sourdough, With Butter and Salad)",Doorsteps,,1005,26.00,81.40,61.80,15.60,,3.00,4.60,7.00,4185,,,,,,,false,false,,,page nutritional-information/11093: total of the filling + With Butter and Salad + White Sourdough
doorstep-chicken-and-avocado-harvester-with-butter-and-salad,"Doorstep, Chicken & Avocado (Harvester, With Butter and Salad)",Doorsteps,,550,30.20,71.00,15.60,4.00,,1.40,5.60,5.00,2312,,,,,,,false,false,,,page nutritional-information/11079: total of the filling + With Butter and Salad + Harvester
doorstep-chicken-and-avocado-multiseed-with-butter-and-salad,"Doorstep, Chicken & Avocado (Multiseed, With Butter and Salad)",Doorsteps,,593,33.00,64.00,21.20,5.40,,0.00,4.20,6.40,2493,,,,,,,false,false,,,page nutritional-information/11079: total of the filling + With Butter and Salad + Multiseed
doorstep-chicken-and-avocado-oat-with-butter-and-salad,"Doorstep, Chicken & Avocado (Oat, With Butter and Salad)",Doorsteps,,557,28.80,72.40,15.60,5.40,,1.40,5.60,6.40,2343,,,,,,,false,false,,,page nutritional-information/11079: total of the filling + With Butter and Salad + Oat
doorstep-chicken-and-avocado-white-with-butter-and-salad,"Doorstep, Chicken & Avocado (White, With Butter and Salad)",Doorsteps,,560,27.40,73.80,17.00,5.40,,1.40,4.20,3.60,2354,,,,,,,false,true,,,page nutritional-information/11079: total of the filling + With Butter and Salad + White
doorstep-chicken-and-avocado-wholemeal-with-butter-and-salad,"Doorstep, Chicken & Avocado (Wholemeal, With Butter and Salad)",Doorsteps,,519,30.20,58.40,15.60,5.40,,1.40,4.20,12.00,2183,,,,,,,false,false,,,page nutritional-information/11079: total of the filling + With Butter and Salad + Wholemeal
doorstep-chicken-and-avocado-multiseed-sourdough-with-butter-and-salad,"Doorstep, Chicken & Avocado (Multiseed Sourdough, With Butter and Salad)",Doorsteps,,567,30.40,69.20,17.60,4.00,,1.60,4.40,5.60,2384,,,,,,,false,false,,,page nutritional-information/11079: total of the filling + With Butter and Salad + Multiseed Sourdough
doorstep-chicken-and-avocado-white-sourdough-with-butter-and-salad,"Doorstep, Chicken & Avocado (White Sourdough, With Butter and Salad)",Doorsteps,,588,28.80,83.60,14.40,4.00,,1.60,4.40,5.60,2477,,,,,,,false,false,,,page nutritional-information/11079: total of the filling + With Butter and Salad + White Sourdough
doorstep-chicken-mayo-harvester-with-butter-and-salad,"Doorstep, Chicken Mayo (Harvester, With Butter and Salad)",Doorsteps,,691,41.30,70.50,27.00,4.70,,2.95,5.95,5.00,2889,,,,,,,false,false,,,page nutritional-information/11073: total of the filling + Harvester + With Butter and Salad
doorstep-chicken-mayo-multiseed-with-butter-and-salad,"Doorstep, Chicken Mayo (Multiseed, With Butter and Salad)",Doorsteps,,735,44.10,63.50,32.60,6.10,,1.55,4.55,6.40,3070,,,,,,,false,false,,,page nutritional-information/11073: total of the filling + Multiseed + With Butter and Salad
doorstep-chicken-mayo-oat-with-butter-and-salad,"Doorstep, Chicken Mayo (Oat, With Butter and Salad)",Doorsteps,,698,39.90,71.90,27.00,6.10,,2.95,5.95,6.40,2920,,,,,,,false,false,,,page nutritional-information/11073: total of the filling + Oat + With Butter and Salad
doorstep-chicken-mayo-white-with-butter-and-salad,"Doorstep, Chicken Mayo (White, With Butter and Salad)",Doorsteps,,701,38.50,73.30,28.40,6.10,,2.95,4.55,3.60,2931,,,,,,,false,true,,,page nutritional-information/11073: total of the filling + White + With Butter and Salad
doorstep-chicken-mayo-wholemeal-with-butter-and-salad,"Doorstep, Chicken Mayo (Wholemeal, With Butter and Salad)",Doorsteps,,661,41.30,57.90,27.00,6.10,,2.95,4.55,12.00,2761,,,,,,,false,false,,,page nutritional-information/11073: total of the filling + Wholemeal + With Butter and Salad
doorstep-chicken-mayo-multiseed-sourdough-with-butter-and-salad,"Doorstep, Chicken Mayo (Multiseed Sourdough, With Butter and Salad)",Doorsteps,,708,41.50,68.70,29.00,4.70,,3.15,4.75,5.60,2961,,,,,,,false,false,,,page nutritional-information/11073: total of the filling + Multiseed Sourdough + With Butter and Salad
doorstep-chicken-mayo-white-sourdough-with-butter-and-salad,"Doorstep, Chicken Mayo (White Sourdough, With Butter and Salad)",Doorsteps,,729,39.90,83.10,25.80,4.70,,3.15,4.75,5.60,3054,,,,,,,false,false,,,page nutritional-information/11073: total of the filling + White Sourdough + With Butter and Salad
doorstep-chicken-mayo-and-bacon-harvester-with-butter-and-salad,"Doorstep, Chicken Mayo & Bacon (Harvester, With Butter and Salad)",Doorsteps,,695,35.00,69.80,30.00,6.40,,1.40,5.60,5.00,2910,,,,,,contains_pork,false,false,,,page nutritional-information/11078: total of the filling + With Butter and Salad + Harvester
doorstep-chicken-mayo-and-bacon-multiseed-with-butter-and-salad,"Doorstep, Chicken Mayo & Bacon (Multiseed, With Butter and Salad)",Doorsteps,,739,37.80,62.80,35.60,7.80,,0.00,4.20,6.40,3090,,,,,,contains_pork,false,false,,,page nutritional-information/11078: total of the filling + With Butter and Salad + Multiseed
doorstep-chicken-mayo-and-bacon-oat-with-butter-and-salad,"Doorstep, Chicken Mayo & Bacon (Oat, With Butter and Salad)",Doorsteps,,702,33.60,71.20,30.00,7.80,,1.40,5.60,6.40,2941,,,,,,contains_pork,false,false,,,page nutritional-information/11078: total of the filling + With Butter and Salad + Oat
doorstep-chicken-mayo-and-bacon-white-with-butter-and-salad,"Doorstep, Chicken Mayo & Bacon (White, With Butter and Salad)",Doorsteps,,705,32.20,72.60,31.40,7.80,,1.40,4.20,3.60,2952,,,,,,contains_pork,false,true,,,page nutritional-information/11078: total of the filling + With Butter and Salad + White
doorstep-chicken-mayo-and-bacon-wholemeal-with-butter-and-salad,"Doorstep, Chicken Mayo & Bacon (Wholemeal, With Butter and Salad)",Doorsteps,,664,35.00,57.20,30.00,7.80,,1.40,4.20,12.00,2781,,,,,,contains_pork,false,false,,,page nutritional-information/11078: total of the filling + With Butter and Salad + Wholemeal
doorstep-chicken-mayo-and-bacon-multiseed-sourdough-with-butter-and-salad,"Doorstep, Chicken Mayo & Bacon (Multiseed Sourdough, With Butter and Salad)",Doorsteps,,712,35.20,68.00,32.00,6.40,,1.60,4.40,5.60,2982,,,,,,contains_pork,false,false,,,page nutritional-information/11078: total of the filling + With Butter and Salad + Multiseed Sourdough
doorstep-chicken-mayo-and-bacon-white-sourdough-with-butter-and-salad,"Doorstep, Chicken Mayo & Bacon (White Sourdough, With Butter and Salad)",Doorsteps,,733,33.60,82.40,28.80,6.40,,1.60,4.40,5.60,3074,,,,,,contains_pork,false,false,,,page nutritional-information/11078: total of the filling + With Butter and Salad + White Sourdough
doorstep-chicken-tikka-harvester-with-butter-and-salad,"Doorstep, Chicken Tikka (Harvester, With Butter and Salad)",Doorsteps,,618,32.60,71.00,26.40,4.00,,1.40,5.60,7.40,2726,,,,,,,false,false,,,page nutritional-information/11075: total of the filling + With Butter and Salad + Harvester
doorstep-chicken-tikka-multiseed-with-butter-and-salad,"Doorstep, Chicken Tikka (Multiseed, With Butter and Salad)",Doorsteps,,662,35.40,64.00,32.00,5.40,,0.00,4.20,8.80,2907,,,,,,,false,false,,,page nutritional-information/11075: total of the filling + With Butter and Salad + Multiseed
doorstep-chicken-tikka-oat-with-butter-and-salad,"Doorstep, Chicken Tikka (Oat, With Butter and Salad)",Doorsteps,,625,31.20,72.40,26.40,5.40,,1.40,5.60,8.80,2757,,,,,,,false,false,,,page nutritional-information/11075: total of the filling + With Butter and Salad + Oat
doorstep-chicken-tikka-white-with-butter-and-salad,"Doorstep, Chicken Tikka (White, With Butter and Salad)",Doorsteps,,628,29.80,73.80,27.80,5.40,,1.40,4.20,6.00,2768,,,,,,,false,true,,,page nutritional-information/11075: total of the filling + With Butter and Salad + White
doorstep-chicken-tikka-wholemeal-with-butter-and-salad,"Doorstep, Chicken Tikka (Wholemeal, With Butter and Salad)",Doorsteps,,588,32.60,58.40,26.40,5.40,,1.40,4.20,14.40,2597,,,,,,,false,false,,,page nutritional-information/11075: total of the filling + With Butter and Salad + Wholemeal
doorstep-chicken-tikka-multiseed-sourdough-with-butter-and-salad,"Doorstep, Chicken Tikka (Multiseed Sourdough, With Butter and Salad)",Doorsteps,,635,32.80,69.20,28.40,4.00,,1.60,4.40,8.00,2798,,,,,,,false,false,,,page nutritional-information/11075: total of the filling + With Butter and Salad + Multiseed Sourdough
doorstep-chicken-tikka-white-sourdough-with-butter-and-salad,"Doorstep, Chicken Tikka (White Sourdough, With Butter and Salad)",Doorsteps,,656,31.20,83.60,25.20,4.00,,1.60,4.40,8.00,2891,,,,,,,false,false,,,page nutritional-information/11075: total of the filling + With Butter and Salad + White Sourdough
doorstep-cold-smoked-salmon-harvester-with-butter-and-salad,"Doorstep, Cold Smoked Salmon (Harvester, With Butter and Salad)",Doorsteps,,547,35.60,67.50,14.69,2.65,,4.37,4.50,5.00,2301,,,,,,,false,false,,,page nutritional-information/11090: total of the filling + With Butter and Salad + Harvester
doorstep-cold-smoked-salmon-multiseed-with-butter-and-salad,"Doorstep, Cold Smoked Salmon (Multiseed, With Butter and Salad)",Doorsteps,,591,38.40,60.50,20.29,4.05,,2.97,3.10,6.40,2482,,,,,,,false,false,,,page nutritional-information/11090: total of the filling + With Butter and Salad + Multiseed
doorstep-cold-smoked-salmon-oat-with-butter-and-salad,"Doorstep, Cold Smoked Salmon (Oat, With Butter and Salad)",Doorsteps,,554,34.20,68.90,14.69,4.05,,4.37,4.50,6.40,2332,,,,,,,false,false,,,page nutritional-information/11090: total of the filling + With Butter and Salad + Oat
doorstep-cold-smoked-salmon-white-with-butter-and-salad,"Doorstep, Cold Smoked Salmon (White, With Butter and Salad)",Doorsteps,,557,32.80,70.30,16.09,4.05,,4.37,3.10,3.60,2343,,,,,,,false,true,,,page nutritional-information/11090: total of the filling + With Butter and Salad + White
doorstep-cold-smoked-salmon-wholemeal-with-butter-and-salad,"Doorstep, Cold Smoked Salmon (Wholemeal, With Butter and Salad)",Doorsteps,,516,35.60,54.90,14.69,4.05,,4.37,3.10,12.00,2172,,,,,,,false,false,,,page nutritional-information/11090: total of the filling + With Butter and Salad + Wholemeal
doorstep-cold-smoked-salmon-multiseed-sourdough-with-butter-and-salad,"Doorstep, Cold Smoked Salmon (Multiseed Sourdough, With Butter and Salad)",Doorsteps,,564,35.80,65.70,16.69,2.65,,4.57,3.30,5.60,2373,,,,,,,false,false,,,page nutritional-information/11090: total of the filling + With Butter and Salad + Multiseed Sourdough
doorstep-cold-smoked-salmon-white-sourdough-with-butter-and-salad,"Doorstep, Cold Smoked Salmon (White Sourdough, With Butter and Salad)",Doorsteps,,585,34.20,80.10,13.49,2.65,,4.57,3.30,5.60,2466,,,,,,,false,false,,,page nutritional-information/11090: total of the filling + With Butter and Salad + White Sourdough
doorstep-coronation-chicken-harvester-with-butter-and-salad,"Doorstep, Coronation Chicken (Harvester, With Butter and Salad)",Doorsteps,,784,26.60,80.60,38.40,4.00,,2.60,15.20,6.20,3273,,,,,,,false,false,,,page nutritional-information/11076: total of the filling + Harvester + With Butter and Salad
doorstep-coronation-chicken-multiseed-with-butter-and-salad,"Doorstep, Coronation Chicken (Multiseed, With Butter and Salad)",Doorsteps,,827,29.40,73.60,44.00,5.40,,1.20,13.80,7.60,3454,,,,,,,false,false,,,page nutritional-information/11076: total of the filling + Multiseed + With Butter and Salad
doorstep-coronation-chicken-oat-with-butter-and-salad,"Doorstep, Coronation Chicken (Oat, With Butter and Salad)",Doorsteps,,791,25.20,82.00,38.40,5.40,,2.60,15.20,7.60,3304,,,,,,,false,false,,,page nutritional-information/11076: total of the filling + Oat + With Butter and Salad
doorstep-coronation-chicken-white-with-butter-and-salad,"Doorstep, Coronation Chicken (White, With Butter and Salad)",Doorsteps,,794,23.80,83.40,39.80,5.40,,2.60,13.80,4.80,3315,,,,,,,false,true,,,page nutritional-information/11076: total of the filling + White + With Butter and Salad
doorstep-coronation-chicken-wholemeal-with-butter-and-salad,"Doorstep, Coronation Chicken (Wholemeal, With Butter and Salad)",Doorsteps,,753,26.60,68.00,38.40,5.40,,2.60,13.80,13.20,3145,,,,,,,false,false,,,page nutritional-information/11076: total of the filling + Wholemeal + With Butter and Salad
doorstep-coronation-chicken-multiseed-sourdough-with-butter-and-salad,"Doorstep, Coronation Chicken (Multiseed Sourdough, With Butter and Salad)",Doorsteps,,801,26.80,78.80,40.40,4.00,,2.80,14.00,6.80,3345,,,,,,,false,false,,,page nutritional-information/11076: total of the filling + Multiseed Sourdough + With Butter and Salad
doorstep-coronation-chicken-white-sourdough-with-butter-and-salad,"Doorstep, Coronation Chicken (White Sourdough, With Butter and Salad)",Doorsteps,,822,25.20,93.20,37.20,4.00,,2.80,14.00,6.80,3438,,,,,,,false,false,,,page nutritional-information/11076: total of the filling + White Sourdough + With Butter and Salad
doorstep-egg-mayo-harvester,"Doorstep, Egg Mayo (Harvester)",Doorsteps,,569,26.90,68.40,19.70,3.90,,2.70,4.10,4.20,2382,,,,,,,false,false,,,page nutritional-information/11097: total of the filling + Harvester
doorstep-egg-mayo-multiseed,"Doorstep, Egg Mayo (Multiseed)",Doorsteps,,613,29.70,61.40,25.30,5.30,,1.30,2.70,5.60,2563,,,,,,,false,false,,,page nutritional-information/11097: total of the filling + Multiseed
doorstep-egg-mayo-oat,"Doorstep, Egg Mayo (Oat)",Doorsteps,,576,25.50,69.80,19.70,5.30,,2.70,4.10,5.60,2413,,,,,,,false,false,,,page nutritional-information/11097: total of the filling + Oat
doorstep-egg-mayo-white,"Doorstep, Egg Mayo (White)",Doorsteps,,579,24.10,71.20,21.10,5.30,,2.70,2.70,2.80,2424,,,,,,,false,true,,,page nutritional-information/11097: total of the filling + White
doorstep-egg-mayo-wholemeal,"Doorstep, Egg Mayo (Wholemeal)",Doorsteps,,538,26.90,55.80,19.70,5.30,,2.70,2.70,11.20,2253,,,,,,,false,false,,,page nutritional-information/11097: total of the filling + Wholemeal
doorstep-egg-mayo-multiseed-sourdough,"Doorstep, Egg Mayo (Multiseed Sourdough)",Doorsteps,,586,27.10,66.60,21.70,3.90,,2.90,2.90,4.80,2454,,,,,,,false,false,,,page nutritional-information/11097: total of the filling + Multiseed Sourdough
doorstep-egg-mayo-white-sourdough,"Doorstep, Egg Mayo (White Sourdough)",Doorsteps,,607,25.50,81.00,18.50,3.90,,2.90,2.90,4.80,2547,,,,,,,false,false,,,page nutritional-information/11097: total of the filling + White Sourdough
doorstep-feta-white-with-butter-and-salad,"Doorstep, Feta (White, With Butter and Salad)",Doorsteps,,410,10.60,70.20,9.80,3.00,,1.40,3.00,3.60,1725,,,,,,,false,true,,,page nutritional-information/12299: total of the filling + White + With Butter and Salad
doorstep-feta-multiseed-sourdough-with-butter-and-salad,"Doorstep, Feta (Multiseed Sourdough, With Butter and Salad)",Doorsteps,,417,13.60,65.60,10.40,1.60,,1.60,3.20,5.60,1755,,,,,,,false,false,,,page nutritional-information/12299: total of the filling + Multiseed Sourdough + With Butter and Salad
doorstep-feta-multiseed-with-butter-and-salad,"Doorstep, Feta (Multiseed, With Butter and Salad)",Doorsteps,,443,16.20,60.40,14.00,3.00,,0.00,3.00,6.40,1864,,,,,,,false,false,,,page nutritional-information/12299: total of the filling + Multiseed + With Butter and Salad
doorstep-feta-wholemeal-with-butter-and-salad,"Doorstep, Feta (Wholemeal, With Butter and Salad)",Doorsteps,,369,13.40,54.80,8.40,3.00,,1.40,3.00,12.00,1555,,,,,,,false,false,,,page nutritional-information/12299: total of the filling + Wholemeal + With Butter and Salad
doorstep-feta-oat-with-butter-and-salad,"Doorstep, Feta (Oat, With Butter and Salad)",Doorsteps,,407,12.00,68.80,8.40,3.00,,1.40,4.40,6.40,1714,,,,,,,false,false,,,page nutritional-information/12299: total of the filling + Oat + With Butter and Salad
doorstep-feta-white-sourdough-with-butter-and-salad,"Doorstep, Feta (White Sourdough, With Butter and Salad)",Doorsteps,,438,12.00,80.00,7.20,1.60,,1.60,3.20,5.60,1848,,,,,,,false,false,,,page nutritional-information/12299: total of the filling + White Sourdough + With Butter and Salad
doorstep-feta-harvester-with-butter-and-salad,"Doorstep, Feta (Harvester, With Butter and Salad)",Doorsteps,,400,13.40,67.40,8.40,1.60,,1.40,4.40,5.00,1683,,,,,,,false,false,,,page nutritional-information/12299: total of the filling + Harvester + With Butter and Salad
doorstep-ham-harvester-with-butter-and-salad,"Doorstep, Ham (Harvester, With Butter and Salad)",Doorsteps,,506,31.25,67.54,12.18,2.79,,3.01,4.54,5.00,2129,,,,,,contains_pork,false,false,,,page nutritional-information/11068: total of the filling + With Butter and Salad + Harvester
doorstep-ham-multiseed-with-butter-and-salad,"Doorstep, Ham (Multiseed, With Butter and Salad)",Doorsteps,,549,34.05,60.54,17.78,4.19,,1.61,3.14,6.40,2310,,,,,,contains_pork,false,false,,,page nutritional-information/11068: total of the filling + With Butter and Salad + Multiseed
doorstep-ham-multiseed-sourdough-with-butter-and-salad,"Doorstep, Ham (Multiseed Sourdough, With Butter and Salad)",Doorsteps,,523,31.45,65.74,14.18,2.79,,3.21,3.34,5.60,2201,,,,,,contains_pork,false,false,,,page nutritional-information/11068: total of the filling + With Butter and Salad + Multiseed Sourdough
doorstep-ham-oat-with-butter-and-salad,"Doorstep, Ham (Oat, With Butter and Salad)",Doorsteps,,513,29.85,68.94,12.18,4.19,,3.01,4.54,6.40,2160,,,,,,contains_pork,false,false,,,page nutritional-information/11068: total of the filling + With Butter and Salad + Oat
doorstep-ham-white-with-butter-and-salad,"Doorstep, Ham (White, With Butter and Salad)",Doorsteps,,516,28.45,70.34,13.58,4.19,,3.01,3.14,3.60,2171,,,,,,contains_pork,false,true,,,page nutritional-information/11068: total of the filling + With Butter and Salad + White
doorstep-ham-white-sourdough-with-butter-and-salad,"Doorstep, Ham (White Sourdough, With Butter and Salad)",Doorsteps,,543,29.85,80.14,10.98,2.79,,3.21,3.34,5.60,2294,,,,,,contains_pork,false,false,,,page nutritional-information/11068: total of the filling + With Butter and Salad + White Sourdough
doorstep-ham-wholemeal-with-butter-and-salad,"Doorstep, Ham (Wholemeal, With Butter and Salad)",Doorsteps,,475,31.25,54.94,12.18,4.19,,3.01,3.14,12.00,2001,,,,,,contains_pork,false,false,,,page nutritional-information/11068: total of the filling + With Butter and Salad + Wholemeal
doorstep-ham-and-cheese-brie-harvester-with-butter-and-salad,"Doorstep, Ham & Cheese (Brie, Harvester, With Butter and Salad)",Doorsteps,,677,37.20,68.52,28.14,14.12,,3.48,5.52,5.00,2838,,,,,,contains_pork,false,true,,,page nutritional-information/11099: total of the filling + Brie + With Butter and Salad + Harvester
doorstep-ham-and-cheese-brie-multiseed-with-butter-and-salad,"Doorstep, Ham & Cheese (Brie, Multiseed, With Butter and Salad)",Doorsteps,,721,40.00,61.52,33.74,15.52,,2.08,4.12,6.40,3018,,,,,,contains_pork,false,true,,,page nutritional-information/11099: total of the filling + Brie + With Butter and Salad + Multiseed
doorstep-ham-and-cheese-brie-multiseed-sourdough-with-butter-and-salad,"Doorstep, Ham & Cheese (Brie, Multiseed Sourdough, With Butter and Salad)",Doorsteps,,694,37.40,66.72,30.14,14.12,,3.68,4.32,5.60,2909,,,,,,contains_pork,false,true,,,page nutritional-information/11099: total of the filling + Brie + With Butter and Salad + Multiseed Sourdough
doorstep-ham-and-cheese-brie-oat-with-butter-and-salad,"Doorstep, Ham & Cheese (Brie, Oat, With Butter and Salad)",Doorsteps,,684,35.80,69.92,28.14,15.52,,3.48,5.52,6.40,2868,,,,,,contains_pork,false,true,,,page nutritional-information/11099: total of the filling + Brie + With Butter and Salad + Oat
doorstep-ham-and-cheese-brie-white-with-butter-and-salad,"Doorstep, Ham & Cheese (Brie, White, With Butter and Salad)",Doorsteps,,687,34.40,71.32,29.54,15.52,,3.48,4.12,3.60,2880,,,,,,contains_pork,false,true,,,page nutritional-information/11099: total of the filling + Brie + With Butter and Salad + White
doorstep-ham-and-cheese-brie-white-sourdough-with-butter-and-salad,"Doorstep, Ham & Cheese (Brie, White Sourdough, With Butter and Salad)",Doorsteps,,715,35.80,81.12,26.94,14.12,,3.68,4.32,5.60,3002,,,,,,contains_pork,false,true,,,page nutritional-information/11099: total of the filling + Brie + With Butter and Salad + White Sourdough
doorstep-ham-and-cheese-brie-wholemeal-with-butter-and-salad,"Doorstep, Ham & Cheese (Brie, Wholemeal, With Butter and Salad)",Doorsteps,,646,37.20,55.92,28.14,15.52,,3.48,4.12,12.00,2709,,,,,,contains_pork,false,true,,,page nutritional-information/11099: total of the filling + Brie + With Butter and Salad + Wholemeal
doorstep-ham-and-cheese-mozzarella-harvester-with-butter-and-salad,"Doorstep, Ham & Cheese (Mozzarella, Harvester, With Butter and Salad)",Doorsteps,,785,54.00,68.42,32.64,17.12,,4.08,5.32,5.00,3288,,,,,,contains_pork,false,true,,,page nutritional-information/11099: total of the filling + Mozzarella  + With Butter and Salad + Harvester
doorstep-ham-and-cheese-mozzarella-multiseed-with-butter-and-salad,"Doorstep, Ham & Cheese (Mozzarella, Multiseed, With Butter and Salad)",Doorsteps,,828,56.80,61.42,38.24,18.52,,2.68,3.92,6.40,3468,,,,,,contains_pork,false,true,,,page nutritional-information/11099: total of the filling + Mozzarella  + With Butter and Salad + Multiseed
doorstep-ham-and-cheese-mozzarella-multiseed-sourdough-with-butter-and-salad,"Doorstep, Ham & Cheese (Mozzarella, Multiseed Sourdough, With Butter and Salad)",Doorsteps,,801,54.20,66.62,34.64,17.12,,4.28,4.12,5.60,3359,,,,,,contains_pork,false,true,,,page nutritional-information/11099: total of the filling + Mozzarella  + With Butter and Salad + Multiseed Sourdough
doorstep-ham-and-cheese-mozzarella-oat-with-butter-and-salad,"Doorstep, Ham & Cheese (Mozzarella, Oat, With Butter and Salad)",Doorsteps,,792,52.60,69.82,32.64,18.52,,4.08,5.32,6.40,3318,,,,,,contains_pork,false,true,,,page nutritional-information/11099: total of the filling + Mozzarella  + With Butter and Salad + Oat
doorstep-ham-and-cheese-mozzarella-white-with-butter-and-salad,"Doorstep, Ham & Cheese (Mozzarella, White, With Butter and Salad)",Doorsteps,,794,51.20,71.22,34.04,18.52,,4.08,3.92,3.60,3330,,,,,,contains_pork,false,true,,,page nutritional-information/11099: total of the filling + Mozzarella  + With Butter and Salad + White
doorstep-ham-and-cheese-mozzarella-white-sourdough-with-butter-and-salad,"Doorstep, Ham & Cheese (Mozzarella, White Sourdough, With Butter and Salad)",Doorsteps,,822,52.60,81.02,31.44,17.12,,4.28,4.12,5.60,3452,,,,,,contains_pork,false,true,,,page nutritional-information/11099: total of the filling + Mozzarella  + With Butter and Salad + White Sourdough
doorstep-ham-and-cheese-mozzarella-wholemeal-with-butter-and-salad,"Doorstep, Ham & Cheese (Mozzarella, Wholemeal, With Butter and Salad)",Doorsteps,,754,54.00,55.82,32.64,18.52,,4.08,3.92,12.00,3159,,,,,,contains_pork,false,true,,,page nutritional-information/11099: total of the filling + Mozzarella  + With Butter and Salad + Wholemeal
doorstep-ham-and-cheese-grated-cheddar-harvester-with-butter-and-salad,"Doorstep, Ham & Cheese (Grated Cheddar, Harvester, With Butter and Salad)",Doorsteps,,744,45.60,68.76,31.79,15.23,,4.02,4.58,5.00,3123,,,,,,contains_pork,false,true,,,page nutritional-information/11099: total of the filling + Grated Cheddar + With Butter and Salad + Harvester
doorstep-ham-and-cheese-grated-cheddar-multiseed-with-butter-and-salad,"Doorstep, Ham & Cheese (Grated Cheddar, Multiseed, With Butter and Salad)",Doorsteps,,788,48.40,61.76,37.39,16.63,,2.62,3.18,6.40,3304,,,,,,contains_pork,false,true,,,page nutritional-information/11099: total of the filling + Grated Cheddar + With Butter and Salad + Multiseed
doorstep-ham-and-cheese-grated-cheddar-multiseed-sourdough-with-butter-and-salad,"Doorstep, Ham & Cheese (Grated Cheddar, Multiseed Sourdough, With Butter and Salad)",Doorsteps,,761,45.80,66.96,33.79,15.23,,4.22,3.38,5.60,3195,,,,,,contains_pork,false,true,,,page nutritional-information/11099: total of the filling + Grated Cheddar + With Butter and Salad + Multiseed Sourdough
doorstep-ham-and-cheese-grated-cheddar-oat-with-butter-and-salad,"Doorstep, Ham & Cheese (Grated Cheddar, Oat, With Butter and Salad)",Doorsteps,,751,44.20,70.16,31.79,16.63,,4.02,4.58,6.40,3154,,,,,,contains_pork,false,true,,,page nutritional-information/11099: total of the filling + Grated Cheddar + With Butter and Salad + Oat
doorstep-ham-and-cheese-grated-cheddar-white-with-butter-and-salad,"Doorstep, Ham & Cheese (Grated Cheddar, White, With Butter and Salad)",Doorsteps,,754,42.80,71.56,33.19,16.63,,4.02,3.18,3.60,3165,,,,,,contains_pork,false,true,,,page nutritional-information/11099: total of the filling + Grated Cheddar + With Butter and Salad + White
doorstep-ham-and-cheese-grated-cheddar-white-sourdough-with-butter-and-salad,"Doorstep, Ham & Cheese (Grated Cheddar, White Sourdough, With Butter and Salad)",Doorsteps,,782,44.20,81.36,30.59,15.23,,4.22,3.38,5.60,3288,,,,,,contains_pork,false,true,,,page nutritional-information/11099: total of the filling + Grated Cheddar + With Butter and Salad + White Sourdough
doorstep-ham-and-cheese-grated-cheddar-wholemeal-with-butter-and-salad,"Doorstep, Ham & Cheese (Grated Cheddar, Wholemeal, With Butter and Salad)",Doorsteps,,713,45.60,56.16,31.79,16.63,,4.02,3.18,12.00,2994,,,,,,contains_pork,false,true,,,page nutritional-information/11099: total of the filling + Grated Cheddar + With Butter and Salad + Wholemeal
doorstep-ham-and-cheese-mexicana-harvester-with-butter-and-salad,"Doorstep, Ham & Cheese (Mexicana, Harvester, With Butter and Salad)",Doorsteps,,645,38.10,69.32,23.72,10.18,,3.53,4.76,5.20,2705,,,,,,contains_pork,false,true,,,page nutritional-information/11099: total of the filling + Mexicana + With Butter and Salad + Harvester
doorstep-ham-and-cheese-mexicana-multiseed-with-butter-and-salad,"Doorstep, Ham & Cheese (Mexicana, Multiseed, With Butter and Salad)",Doorsteps,,688,40.90,62.32,29.32,11.58,,2.13,3.36,6.60,2886,,,,,,contains_pork,false,true,,,page nutritional-information/11099: total of the filling + Mexicana + With Butter and Salad + Multiseed
doorstep-ham-and-cheese-mexicana-multiseed-sourdough-with-butter-and-salad,"Doorstep, Ham & Cheese (Mexicana, Multiseed Sourdough, With Butter and Salad)",Doorsteps,,661,38.30,67.52,25.72,10.18,,3.73,3.56,5.80,2777,,,,,,contains_pork,false,true,,,page nutritional-information/11099: total of the filling + Mexicana + With Butter and Salad + Multiseed Sourdough
doorstep-ham-and-cheese-mexicana-oat-with-butter-and-salad,"Doorstep, Ham & Cheese (Mexicana, Oat, With Butter and Salad)",Doorsteps,,652,36.70,70.72,23.72,11.58,,3.53,4.76,6.60,2736,,,,,,contains_pork,false,true,,,page nutritional-information/11099: total of the filling + Mexicana + With Butter and Salad + Oat
doorstep-ham-and-cheese-mexicana-white-with-butter-and-salad,"Doorstep, Ham & Cheese (Mexicana, White, With Butter and Salad)",Doorsteps,,654,35.30,72.12,25.12,11.58,,3.53,3.36,3.80,2747,,,,,,contains_pork,false,true,,,page nutritional-information/11099: total of the filling + Mexicana + With Butter and Salad + White
doorstep-ham-and-cheese-mexicana-white-sourdough-with-butter-and-salad,"Doorstep, Ham & Cheese (Mexicana, White Sourdough, With Butter and Salad)",Doorsteps,,682,36.70,81.92,22.52,10.18,,3.73,3.56,5.80,2870,,,,,,contains_pork,false,true,,,page nutritional-information/11099: total of the filling + Mexicana + With Butter and Salad + White Sourdough
doorstep-ham-and-cheese-mexicana-wholemeal-with-butter-and-salad,"Doorstep, Ham & Cheese (Mexicana, Wholemeal, With Butter and Salad)",Doorsteps,,614,38.10,56.72,23.72,11.58,,3.53,3.36,12.20,2576,,,,,,contains_pork,false,true,,,page nutritional-information/11099: total of the filling + Mexicana + With Butter and Salad + Wholemeal
doorstep-ham-and-cheese-sliced-cheddar-harvester-with-butter-and-salad,"Doorstep, Ham & Cheese (Sliced Cheddar, Harvester, With Butter and Salad)",Doorsteps,,657,38.86,67.56,25.60,11.30,,3.54,4.56,5.00,2756,,,,,,contains_pork,false,true,,,page nutritional-information/11099: total of the filling + Sliced Cheddar + With Butter and Salad + Harvester
doorstep-ham-and-cheese-sliced-cheddar-multiseed-with-butter-and-salad,"Doorstep, Ham & Cheese (Sliced Cheddar, Multiseed, With Butter and Salad)",Doorsteps,,700,41.66,60.56,31.20,12.70,,2.14,3.16,6.40,2936,,,,,,contains_pork,false,true,,,page nutritional-information/11099: total of the filling + Sliced Cheddar + With Butter and Salad + Multiseed
doorstep-ham-and-cheese-sliced-cheddar-multiseed-sourdough-with-butter-and-salad,"Doorstep, Ham & Cheese (Sliced Cheddar, Multiseed Sourdough, With Butter and Salad)",Doorsteps,,674,39.06,65.76,27.60,11.30,,3.74,3.36,5.60,2827,,,,,,contains_pork,false,true,,,page nutritional-information/11099: total of the filling + Sliced Cheddar + With Butter and Salad + Multiseed Sourdough
doorstep-ham-and-cheese-sliced-cheddar-oat-with-butter-and-salad,"Doorstep, Ham & Cheese (Sliced Cheddar, Oat, With Butter and Salad)",Doorsteps,,664,37.46,68.96,25.60,12.70,,3.54,4.56,6.40,2786,,,,,,contains_pork,false,true,,,page nutritional-information/11099: total of the filling + Sliced Cheddar + With Butter and Salad + Oat
doorstep-ham-and-cheese-sliced-cheddar-white-with-butter-and-salad,"Doorstep, Ham & Cheese (Sliced Cheddar, White, With Butter and Salad)",Doorsteps,,667,36.06,70.36,27.00,12.70,,3.54,3.16,3.60,2798,,,,,,contains_pork,false,true,,,page nutritional-information/11099: total of the filling + Sliced Cheddar + With Butter and Salad + White
doorstep-ham-and-cheese-sliced-cheddar-white-sourdough-with-butter-and-salad,"Doorstep, Ham & Cheese (Sliced Cheddar, White Sourdough, With Butter and Salad)",Doorsteps,,695,37.46,80.16,24.40,11.30,,3.74,3.36,5.60,2920,,,,,,contains_pork,false,true,,,page nutritional-information/11099: total of the filling + Sliced Cheddar + With Butter and Salad + White Sourdough
doorstep-ham-and-cheese-sliced-cheddar-wholemeal-with-butter-and-salad,"Doorstep, Ham & Cheese (Sliced Cheddar, Wholemeal, With Butter and Salad)",Doorsteps,,626,38.86,54.96,25.60,12.70,,3.54,3.16,12.00,2627,,,,,,contains_pork,false,true,,,page nutritional-information/11099: total of the filling + Sliced Cheddar + With Butter and Salad + Wholemeal
doorstep-ham-and-egg-harvester-with-butter-and-salad,"Doorstep, Ham & Egg (Harvester, With Butter and Salad)",Doorsteps,,464,35.93,39.34,18.18,4.79,,2.71,3.34,3.20,1948,,,,,,contains_pork,false,false,,,page nutritional-information/11100: total of the filling + Harvester + With Butter and Salad
doorstep-ham-and-egg-multiseed-with-butter-and-salad,"Doorstep, Ham & Egg (Multiseed, With Butter and Salad)",Doorsteps,,489,37.53,35.34,21.38,5.59,,1.91,2.54,4.00,2052,,,,,,contains_pork,false,false,,,page nutritional-information/11100: total of the filling + Multiseed + With Butter and Salad
doorstep-ham-and-egg-multiseed-sourdough-with-butter-and-salad,"Doorstep, Ham & Egg (Multiseed Sourdough, With Butter and Salad)",Doorsteps,,515,37.53,45.74,19.88,4.79,,3.01,2.84,4.10,2165,,,,,,contains_pork,false,false,,,page nutritional-information/11100: total of the filling + Multiseed Sourdough + With Butter and Salad
doorstep-ham-and-egg-oat-with-butter-and-salad,"Doorstep, Ham & Egg (Oat, With Butter and Salad)",Doorsteps,,468,35.13,40.14,18.18,5.59,,2.71,3.34,4.00,1966,,,,,,contains_pork,false,false,,,page nutritional-information/11100: total of the filling + Oat + With Butter and Salad
doorstep-ham-and-egg-white-with-butter-and-salad,"Doorstep, Ham & Egg (White, With Butter and Salad)",Doorsteps,,470,34.33,40.94,18.98,5.59,,2.71,2.54,2.40,1972,,,,,,contains_pork,false,true,,,page nutritional-information/11100: total of the filling + White + With Butter and Salad
doorstep-ham-and-egg-white-sourdough-with-butter-and-salad,"Doorstep, Ham & Egg (White Sourdough, With Butter and Salad)",Doorsteps,,530,36.43,55.64,17.68,4.79,,3.01,2.84,4.10,2229,,,,,,contains_pork,false,false,,,page nutritional-information/11100: total of the filling + White Sourdough + With Butter and Salad
doorstep-ham-and-egg-wholemeal-with-butter-and-salad,"Doorstep, Ham & Egg (Wholemeal, With Butter and Salad)",Doorsteps,,447,35.93,32.14,18.18,5.59,,2.71,2.54,7.20,1875,,,,,,contains_pork,false,false,,,page nutritional-information/11100: total of the filling + Wholemeal + With Butter and Salad
doorstep-honey-mustard-chicken-harvester-with-butter-and-salad,"Doorstep, Honey Mustard Chicken (Harvester, With Butter and Salad)",Doorsteps,,684,32.60,79.40,26.40,2.80,,2.60,15.20,5.00,2870,,,,,,,false,false,,,page nutritional-information/11077: total of the filling + With Butter and Salad + Harvester
doorstep-honey-mustard-chicken-multiseed-with-butter-and-salad,"Doorstep, Honey Mustard Chicken (Multiseed, With Butter and Salad)",Doorsteps,,728,35.40,72.40,32.00,4.20,,1.20,13.80,6.40,3051,,,,,,,false,false,,,page nutritional-information/11077: total of the filling + With Butter and Salad + Multiseed
doorstep-honey-mustard-chicken-oat-with-butter-and-salad,"Doorstep, Honey Mustard Chicken (Oat, With Butter and Salad)",Doorsteps,,691,31.20,80.80,26.40,4.20,,2.60,15.20,6.40,2901,,,,,,,false,false,,,page nutritional-information/11077: total of the filling + With Butter and Salad + Oat
doorstep-honey-mustard-chicken-white-with-butter-and-salad,"Doorstep, Honey Mustard Chicken (White, With Butter and Salad)",Doorsteps,,694,29.80,82.20,27.80,4.20,,2.60,13.80,3.60,2912,,,,,,,false,true,,,page nutritional-information/11077: total of the filling + With Butter and Salad + White
doorstep-honey-mustard-chicken-wholemeal-with-butter-and-salad,"Doorstep, Honey Mustard Chicken (Wholemeal, With Butter and Salad)",Doorsteps,,654,32.60,66.80,26.40,4.20,,2.60,13.80,12.00,2741,,,,,,,false,false,,,page nutritional-information/11077: total of the filling + With Butter and Salad + Wholemeal
doorstep-honey-mustard-chicken-multiseed-sourdough-with-butter-and-salad,"Doorstep, Honey Mustard Chicken (Multiseed Sourdough, With Butter and Salad)",Doorsteps,,701,32.80,77.60,28.40,2.80,,2.80,14.00,5.60,2942,,,,,,,false,false,,,page nutritional-information/11077: total of the filling + With Butter and Salad + Multiseed Sourdough
doorstep-honey-mustard-chicken-white-sourdough-with-butter-and-salad,"Doorstep, Honey Mustard Chicken (White Sourdough, With Butter and Salad)",Doorsteps,,722,31.20,92.00,25.20,2.80,,2.80,14.00,5.60,3035,,,,,,,false,false,,,page nutritional-information/11077: total of the filling + With Butter and Salad + White Sourdough
doorstep-hot-smoked-salmon-multiseed-with-butter-and-salad,"Doorstep, Hot Smoked Salmon (Multiseed, With Butter and Salad)",Doorsteps,,655,36.06,60.40,28.72,5.18,,1.52,3.00,6.40,2747,,,,,,,false,false,,,page nutritional-information/12311: total of the filling + Multiseed + With Butter and Salad
doorstep-hot-smoked-salmon-oat-with-butter-and-salad,"Doorstep, Hot Smoked Salmon (Oat, With Butter and Salad)",Doorsteps,,619,31.86,68.80,23.12,5.18,,2.92,4.40,6.40,2597,,,,,,,false,false,,,page nutritional-information/12311: total of the filling + Oat + With Butter and Salad
doorstep-hot-smoked-salmon-harvester-with-butter-and-salad,"Doorstep, Hot Smoked Salmon (Harvester, With Butter and Salad)",Doorsteps,,612,33.26,67.40,23.12,3.78,,2.92,4.40,5.00,2566,,,,,,,false,false,,,page nutritional-information/12311: total of the filling + Harvester + With Butter and Salad
doorstep-hot-smoked-salmon-multiseed-sourdough-with-butter-and-salad,"Doorstep, Hot Smoked Salmon (Multiseed Sourdough, With Butter and Salad)",Doorsteps,,629,33.46,65.60,25.12,3.78,,3.12,3.20,5.60,2638,,,,,,,false,false,,,page nutritional-information/12311: total of the filling + Multiseed Sourdough + With Butter and Salad
doorstep-hot-smoked-salmon-white-with-butter-and-salad,"Doorstep, Hot Smoked Salmon (White, With Butter and Salad)",Doorsteps,,622,30.46,70.20,24.52,5.18,,2.92,3.00,3.60,2608,,,,,,,false,true,,,page nutritional-information/12311: total of the filling + White + With Butter and Salad
doorstep-hot-smoked-salmon-white-sourdough-with-butter-and-salad,"Doorstep, Hot Smoked Salmon (White Sourdough, With Butter and Salad)",Doorsteps,,649,31.86,80.00,21.92,3.78,,3.12,3.20,5.60,2731,,,,,,,false,false,,,page nutritional-information/12311: total of the filling + White Sourdough + With Butter and Salad
doorstep-hot-smoked-salmon-wholemeal-with-butter-and-salad,"Doorstep, Hot Smoked Salmon (Wholemeal, With Butter and Salad)",Doorsteps,,581,33.26,54.80,23.12,5.18,,2.92,3.00,12.00,2437,,,,,,,false,false,,,page nutritional-information/12311: total of the filling + Wholemeal + With Butter and Salad
doorstep-pastrami-harvester-with-butter-and-salad,"Doorstep, Pastrami (Harvester, With Butter and Salad)",Doorsteps,,613,44.20,73.00,16.80,4.40,,5.46,6.64,5.00,2577,,,,,,contains_beef,false,false,,,page nutritional-information/11084: total of the filling + With Butter and Salad + Harvester
doorstep-pastrami-multiseed-with-butter-and-salad,"Doorstep, Pastrami (Multiseed, With Butter and Salad)",Doorsteps,,656,47.00,66.00,22.40,5.80,,4.06,5.24,6.40,2757,,,,,,contains_beef,false,false,,,page nutritional-information/11084: total of the filling + With Butter and Salad + Multiseed
doorstep-pastrami-oat-with-butter-and-salad,"Doorstep, Pastrami (Oat, With Butter and Salad)",Doorsteps,,620,42.80,74.40,16.80,5.80,,5.46,6.64,6.40,2607,,,,,,contains_beef,false,false,,,page nutritional-information/11084: total of the filling + With Butter and Salad + Oat
doorstep-pastrami-white-with-butter-and-salad,"Doorstep, Pastrami (White, With Butter and Salad)",Doorsteps,,623,41.40,75.80,18.20,5.80,,5.46,5.24,3.60,2619,,,,,,contains_beef,false,true,,,page nutritional-information/11084: total of the filling + With Butter and Salad + White
doorstep-pastrami-wholemeal-with-butter-and-salad,"Doorstep, Pastrami (Wholemeal, With Butter and Salad)",Doorsteps,,582,44.20,60.40,16.80,5.80,,5.46,5.24,12.00,2448,,,,,,contains_beef,false,false,,,page nutritional-information/11084: total of the filling + With Butter and Salad + Wholemeal
doorstep-pastrami-multiseed-sourdough-with-butter-and-salad,"Doorstep, Pastrami (Multiseed Sourdough, With Butter and Salad)",Doorsteps,,630,44.40,71.20,18.80,4.40,,5.66,5.44,5.60,2648,,,,,,contains_beef,false,false,,,page nutritional-information/11084: total of the filling + With Butter and Salad + Multiseed Sourdough
doorstep-pastrami-white-sourdough-with-butter-and-salad,"Doorstep, Pastrami (White Sourdough, With Butter and Salad)",Doorsteps,,650,42.80,85.60,15.60,4.40,,5.66,5.44,5.60,2741,,,,,,contains_beef,false,false,,,page nutritional-information/11084: total of the filling + With Butter and Salad + White Sourdough
doorstep-plain-chicken-harvester-with-butter-and-salad,"Doorstep, Plain Chicken (Harvester, With Butter and Salad)",Doorsteps,,517,38.40,68.40,9.40,2.60,,2.40,4.40,5.00,2178,,,,,,,false,false,,,page nutritional-information/11074: total of the filling + Harvester + With Butter and Salad
doorstep-plain-chicken-multiseed-with-butter-and-salad,"Doorstep, Plain Chicken (Multiseed, With Butter and Salad)",Doorsteps,,560,41.20,61.40,15.00,4.00,,1.00,3.00,6.40,2359,,,,,,,false,false,,,page nutritional-information/11074: total of the filling + Multiseed + With Butter and Salad
doorstep-plain-chicken-oat-with-butter-and-salad,"Doorstep, Plain Chicken (Oat, With Butter and Salad)",Doorsteps,,524,37.00,69.80,9.40,4.00,,2.40,4.40,6.40,2209,,,,,,,false,false,,,page nutritional-information/11074: total of the filling + Oat + With Butter and Salad
doorstep-plain-chicken-white-with-butter-and-salad,"Doorstep, Plain Chicken (White, With Butter and Salad)",Doorsteps,,527,35.60,71.20,10.80,4.00,,2.40,3.00,3.60,2220,,,,,,,false,true,,,page nutritional-information/11074: total of the filling + White + With Butter and Salad
doorstep-plain-chicken-wholemeal-with-butter-and-salad,"Doorstep, Plain Chicken (Wholemeal, With Butter and Salad)",Doorsteps,,486,38.40,55.80,9.40,4.00,,2.40,3.00,12.00,2050,,,,,,,false,false,,,page nutritional-information/11074: total of the filling + Wholemeal + With Butter and Salad
doorstep-plain-chicken-multiseed-sourdough-with-butter-and-salad,"Doorstep, Plain Chicken (Multiseed Sourdough, With Butter and Salad)",Doorsteps,,534,38.60,66.60,11.40,2.60,,2.60,3.20,5.60,2250,,,,,,,false,false,,,page nutritional-information/11074: total of the filling + Multiseed Sourdough + With Butter and Salad
doorstep-plain-chicken-white-sourdough-with-butter-and-salad,"Doorstep, Plain Chicken (White Sourdough, With Butter and Salad)",Doorsteps,,555,37.00,81.00,8.20,2.60,,2.60,3.20,5.60,2343,,,,,,,false,false,,,page nutritional-information/11074: total of the filling + White Sourdough + With Butter and Salad
doorstep-prawn-mayo-harvester-with-butter-and-salad,"Doorstep, Prawn Mayo (Harvester, With Butter and Salad)",Doorsteps,,729,26.90,68.75,38.10,4.30,,2.75,4.40,5.00,3044,,,,,,,false,false,,,page nutritional-information/11087: total of the filling + Harvester + With Butter and Salad
doorstep-prawn-mayo-multiseed-with-butter-and-salad,"Doorstep, Prawn Mayo (Multiseed, With Butter and Salad)",Doorsteps,,773,29.70,61.75,43.70,5.70,,1.35,3.00,6.40,3225,,,,,,,false,false,,,page nutritional-information/11087: total of the filling + Multiseed + With Butter and Salad
doorstep-prawn-mayo-oat-with-butter-and-salad,"Doorstep, Prawn Mayo (Oat, With Butter and Salad)",Doorsteps,,736,25.50,70.15,38.10,5.70,,2.75,4.40,6.40,3075,,,,,,,false,false,,,page nutritional-information/11087: total of the filling + Oat + With Butter and Salad
doorstep-prawn-mayo-white-with-butter-and-salad,"Doorstep, Prawn Mayo (White, With Butter and Salad)",Doorsteps,,739,24.10,71.55,39.50,5.70,,2.75,3.00,3.60,3086,,,,,,,false,true,,,page nutritional-information/11087: total of the filling + White + With Butter and Salad
doorstep-prawn-mayo-wholemeal-with-butter-and-salad,"Doorstep, Prawn Mayo (Wholemeal, With Butter and Salad)",Doorsteps,,699,26.90,56.15,38.10,5.70,,2.75,3.00,12.00,2915,,,,,,,false,false,,,page nutritional-information/11087: total of the filling + Wholemeal + With Butter and Salad
doorstep-prawn-mayo-multiseed-sourdough-with-butter-and-salad,"Doorstep, Prawn Mayo (Multiseed Sourdough, With Butter and Salad)",Doorsteps,,746,27.10,66.95,40.10,4.30,,2.95,3.20,5.60,3116,,,,,,,false,false,,,page nutritional-information/11087: total of the filling + Multiseed Sourdough + With Butter and Salad
doorstep-prawn-mayo-white-sourdough-with-butter-and-salad,"Doorstep, Prawn Mayo (White Sourdough, With Butter and Salad)",Doorsteps,,767,25.50,81.35,36.90,4.30,,2.95,3.20,5.60,3209,,,,,,,false,false,,,page nutritional-information/11087: total of the filling + White Sourdough + With Butter and Salad
doorstep-rare-roast-beef-harvester-with-butter-and-salad,"Doorstep, Rare Roast Beef (Harvester, With Butter and Salad)",Doorsteps,,518,32.60,68.04,12.88,3.60,,1.75,4.80,5.40,2181,,,,,,contains_beef,false,false,,,page nutritional-information/11082: total of the filling + Harvester + With Butter and Salad
doorstep-rare-roast-beef-multiseed-with-butter-and-salad,"Doorstep, Rare Roast Beef (Multiseed, With Butter and Salad)",Doorsteps,,562,35.40,61.04,18.48,5.00,,0.35,3.40,6.80,2362,,,,,,contains_beef,false,false,,,page nutritional-information/11082: total of the filling + Multiseed + With Butter and Salad
doorstep-rare-roast-beef-oat-with-butter-and-salad,"Doorstep, Rare Roast Beef (Oat, With Butter and Salad)",Doorsteps,,525,31.20,69.44,12.88,5.00,,1.75,4.80,6.80,2212,,,,,,contains_beef,false,false,,,page nutritional-information/11082: total of the filling + Oat + With Butter and Salad
doorstep-rare-roast-beef-white-with-butter-and-salad,"Doorstep, Rare Roast Beef (White, With Butter and Salad)",Doorsteps,,528,29.80,70.84,14.28,5.00,,1.75,3.40,4.00,2223,,,,,,contains_beef,false,true,,,page nutritional-information/11082: total of the filling + White + With Butter and Salad
doorstep-rare-roast-beef-wholemeal-with-butter-and-salad,"Doorstep, Rare Roast Beef (Wholemeal, With Butter and Salad)",Doorsteps,,488,32.60,55.44,12.88,5.00,,1.75,3.40,12.40,2052,,,,,,contains_beef,false,false,,,page nutritional-information/11082: total of the filling + Wholemeal + With Butter and Salad
doorstep-rare-roast-beef-multiseed-sourdough-with-butter-and-salad,"Doorstep, Rare Roast Beef (Multiseed Sourdough, With Butter and Salad)",Doorsteps,,535,32.80,66.24,14.88,3.60,,1.95,3.60,6.00,2253,,,,,,contains_beef,false,false,,,page nutritional-information/11082: total of the filling + Multiseed Sourdough + With Butter and Salad
doorstep-rare-roast-beef-white-sourdough-with-butter-and-salad,"Doorstep, Rare Roast Beef (White Sourdough, With Butter and Salad)",Doorsteps,,556,31.20,80.64,11.68,3.60,,1.95,3.60,6.00,2346,,,,,,contains_beef,false,false,,,page nutritional-information/11082: total of the filling + White Sourdough + With Butter and Salad
doorstep-roast-pork-harvester-with-butter-and-salad,"Doorstep, Roast Pork (Harvester, With Butter and Salad)",Doorsteps,,509,22.40,74.60,13.20,3.10,,1.70,6.50,5.90,2141,,,,,,contains_pork,false,false,,,page nutritional-information/11067: total of the filling + With Butter and Salad + Harvester
doorstep-roast-pork-multiseed-with-butter-and-salad,"Doorstep, Roast Pork (Multiseed, With Butter and Salad)",Doorsteps,,552,25.20,67.60,18.80,4.50,,0.30,5.10,7.30,2322,,,,,,contains_pork,false,false,,,page nutritional-information/11067: total of the filling + With Butter and Salad + Multiseed
doorstep-roast-pork-multiseed-sourdough-with-butter-and-salad,"Doorstep, Roast Pork (Multiseed Sourdough, With Butter and Salad)",Doorsteps,,526,22.60,72.80,15.20,3.10,,1.90,5.30,6.50,2213,,,,,,contains_pork,false,false,,,page nutritional-information/11067: total of the filling + With Butter and Salad + Multiseed Sourdough
doorstep-roast-pork-oat-with-butter-and-salad,"Doorstep, Roast Pork (Oat, With Butter and Salad)",Doorsteps,,516,21.00,76.00,13.20,4.50,,1.70,6.50,7.30,2172,,,,,,contains_pork,false,false,,,page nutritional-information/11067: total of the filling + With Butter and Salad + Oat
doorstep-roast-pork-white-with-butter-and-salad,"Doorstep, Roast Pork (White, With Butter and Salad)",Doorsteps,,519,19.60,77.40,14.60,4.50,,1.70,5.10,4.50,2183,,,,,,contains_pork,false,true,,,page nutritional-information/11067: total of the filling + With Butter and Salad + White
doorstep-roast-pork-white-sourdough-with-butter-and-salad,"Doorstep, Roast Pork (White Sourdough, With Butter and Salad)",Doorsteps,,547,21.00,87.20,12.00,3.10,,1.90,5.30,6.50,2306,,,,,,contains_pork,false,false,,,page nutritional-information/11067: total of the filling + With Butter and Salad + White Sourdough
doorstep-roast-pork-wholemeal-with-butter-and-salad,"Doorstep, Roast Pork (Wholemeal, With Butter and Salad)",Doorsteps,,478,22.40,62.00,13.20,4.50,,1.70,5.10,12.90,2012,,,,,,contains_pork,false,false,,,page nutritional-information/11067: total of the filling + With Butter and Salad + Wholemeal
doorstep-roasted-veg-white-sourdough-with-butter-and-salad,"Doorstep, Roasted Veg (White Sourdough, With Butter and Salad)",Doorsteps,,520,13.69,86.63,11.10,2.12,,2.25,9.18,8.85,2191,,,,,,,false,false,,,page nutritional-information/12300: total of the filling + White Sourdough + With Butter and Salad
doorstep-roasted-veg-wholemeal-with-butter-and-salad,"Doorstep, Roasted Veg (Wholemeal, With Butter and Salad)",Doorsteps,,451,15.09,61.43,12.30,3.52,,2.05,8.98,15.25,1898,,,,,,,false,false,,,page nutritional-information/12300: total of the filling + Wholemeal + With Butter and Salad
doorstep-roasted-veg-multiseed-sourdough-with-butter-and-salad,"Doorstep, Roasted Veg (Multiseed Sourdough, With Butter and Salad)",Doorsteps,,499,15.29,72.23,14.30,2.12,,2.25,9.18,8.85,2098,,,,,,,false,false,,,page nutritional-information/12300: total of the filling + Multiseed Sourdough + With Butter and Salad
doorstep-roasted-veg-white-with-butter-and-salad,"Doorstep, Roasted Veg (White, With Butter and Salad)",Doorsteps,,492,12.29,76.83,13.70,3.52,,2.05,8.98,6.85,2069,,,,,,,false,true,,,page nutritional-information/12300: total of the filling + White + With Butter and Salad
doorstep-roasted-veg-oat-with-butter-and-salad,"Doorstep, Roasted Veg (Oat, With Butter and Salad)",Doorsteps,,489,13.69,75.43,12.30,3.52,,2.05,10.38,9.65,2057,,,,,,,false,false,,,page nutritional-information/12300: total of the filling + Oat + With Butter and Salad
doorstep-roasted-veg-multiseed-with-butter-and-salad,"Doorstep, Roasted Veg (Multiseed, With Butter and Salad)",Doorsteps,,525,17.89,67.03,17.90,3.52,,0.65,8.98,9.65,2207,,,,,,,false,false,,,page nutritional-information/12300: total of the filling + Multiseed + With Butter and Salad
doorstep-roasted-veg-harvester-with-butter-and-salad,"Doorstep, Roasted Veg (Harvester, With Butter and Salad)",Doorsteps,,482,15.09,74.03,12.30,2.12,,2.05,10.38,8.25,2027,,,,,,,false,false,,,page nutritional-information/12300: total of the filling + Harvester + With Butter and Salad
doorstep-sausage-harvester-with-butter-and-salad,"Doorstep, Sausage (Harvester, With Butter and Salad)",Doorsteps,,717,33.35,83.75,27.45,8.20,,4.25,6.65,5.00,3005,,,,,,contains_pork|contains_beef,false,false,,,page nutritional-information/11071: total of the filling + With Butter and Salad + Harvester
doorstep-sausage-multiseed-with-butter-and-salad,"Doorstep, Sausage (Multiseed, With Butter and Salad)",Doorsteps,,760,36.15,76.75,33.05,9.60,,2.85,5.25,6.40,3186,,,,,,contains_pork|contains_beef,false,false,,,page nutritional-information/11071: total of the filling + With Butter and Salad + Multiseed
doorstep-sausage-oat-with-butter-and-salad,"Doorstep, Sausage (Oat, With Butter and Salad)",Doorsteps,,724,31.95,85.15,27.45,9.60,,4.25,6.65,6.40,3036,,,,,,contains_pork|contains_beef,false,false,,,page nutritional-information/11071: total of the filling + With Butter and Salad + Oat
doorstep-sausage-white-with-butter-and-salad,"Doorstep, Sausage (White, With Butter and Salad)",Doorsteps,,726,30.55,86.55,28.85,9.60,,4.25,5.25,3.60,3047,,,,,,contains_pork|contains_beef,false,true,,,page nutritional-information/11071: total of the filling + With Butter and Salad + White
doorstep-sausage-wholemeal-with-butter-and-salad,"Doorstep, Sausage (Wholemeal, With Butter and Salad)",Doorsteps,,686,33.35,71.15,27.45,9.60,,4.25,5.25,12.00,2876,,,,,,contains_pork|contains_beef,false,false,,,page nutritional-information/11071: total of the filling + With Butter and Salad + Wholemeal
doorstep-sausage-multiseed-sourdough-with-butter-and-salad,"Doorstep, Sausage (Multiseed Sourdough, With Butter and Salad)",Doorsteps,,733,33.55,81.95,29.45,8.20,,4.45,5.45,5.60,3077,,,,,,contains_pork|contains_beef,false,false,,,page nutritional-information/11071: total of the filling + With Butter and Salad + Multiseed Sourdough
doorstep-sausage-white-sourdough-with-butter-and-salad,"Doorstep, Sausage (White Sourdough, With Butter and Salad)",Doorsteps,,754,31.95,96.35,26.25,8.20,,4.45,5.45,5.60,3170,,,,,,contains_pork|contains_beef,false,false,,,page nutritional-information/11071: total of the filling + With Butter and Salad + White Sourdough
doorstep-tuna-mayo-harvester-with-butter-and-salad,"Doorstep, Tuna Mayo (Harvester, With Butter and Salad)",Doorsteps,,771,34.20,68.70,39.60,4.20,,1.40,4.40,5.00,3212,,,,,,,false,false,,,page nutritional-information/11086: total of the filling + With Butter and Salad + Harvester
doorstep-tuna-mayo-multiseed-with-butter-and-salad,"Doorstep, Tuna Mayo (Multiseed, With Butter and Salad)",Doorsteps,,814,37.00,61.70,45.20,5.60,,0.00,3.00,6.40,3393,,,,,,,false,false,,,page nutritional-information/11086: total of the filling + With Butter and Salad + Multiseed
doorstep-tuna-mayo-oat-with-butter-and-salad,"Doorstep, Tuna Mayo (Oat, With Butter and Salad)",Doorsteps,,778,32.80,70.10,39.60,5.60,,1.40,4.40,6.40,3243,,,,,,,false,false,,,page nutritional-information/11086: total of the filling + With Butter and Salad + Oat
doorstep-tuna-mayo-white-with-butter-and-salad,"Doorstep, Tuna Mayo (White, With Butter and Salad)",Doorsteps,,780,31.40,71.50,41.00,5.60,,1.40,3.00,3.60,3254,,,,,,,false,true,,,page nutritional-information/11086: total of the filling + With Butter and Salad + White
doorstep-tuna-mayo-wholemeal-with-butter-and-salad,"Doorstep, Tuna Mayo (Wholemeal, With Butter and Salad)",Doorsteps,,740,34.20,56.10,39.60,5.60,,1.40,3.00,12.00,3083,,,,,,,false,false,,,page nutritional-information/11086: total of the filling + With Butter and Salad + Wholemeal
doorstep-tuna-mayo-multiseed-sourdough-with-butter-and-salad,"Doorstep, Tuna Mayo (Multiseed Sourdough, With Butter and Salad)",Doorsteps,,787,34.40,66.90,41.60,4.20,,1.60,3.20,5.60,3284,,,,,,,false,false,,,page nutritional-information/11086: total of the filling + With Butter and Salad + Multiseed Sourdough
doorstep-tuna-mayo-white-sourdough-with-butter-and-salad,"Doorstep, Tuna Mayo (White Sourdough, With Butter and Salad)",Doorsteps,,808,32.80,81.30,38.40,4.20,,1.60,3.20,5.60,3377,,,,,,,false,false,,,page nutritional-information/11086: total of the filling + With Butter and Salad + White Sourdough
coffee-small-oat-milk,"Coffee, Small (Oat milk)",Hot Drinks,,37,0.70,5.98,0.96,0.12,,0.06,2.34,0.30,155,,,,,,,false,false,,,page nutritional-information/11001: total of the filling + Oat
coffee-small-semi-skimmed-milk,"Coffee, Small (Semi-skimmed milk)",Hot Drinks,,39,1.96,2.86,2.10,1.32,,0.07,2.82,0.00,165,,,,,,,false,false,,,page nutritional-information/11001: total of the filling + Semi-Skimmed
tea-large-oat-milk,"Tea, Large (Oat milk)",Hot Drinks,,0,0.00,0.00,0.00,0.00,,0.00,0.00,0.00,0,,,,,,,false,false,,,page nutritional-information/11006: total of the filling + Oat
tea-large-semi-skimmed-milk,"Tea, Large (Semi-skimmed milk)",Hot Drinks,,0,0.00,0.00,0.00,0.00,,0.00,0.00,0.00,0,,,,,,,false,false,,,page nutritional-information/11006: total of the filling + Semi-Skimmed
espresso,Espresso,Hot Drinks,,0,0,0,0,0,,0,0,0,0,,,,,,vegetarian,false,false,,,page nutritional-information/11011; per Serving
hot-chocolate-small-oat-milk,"Hot Chocolate, Small (Oat milk)",Hot Drinks,,225,3.63,38.22,5.89,2.02,,0.21,24.47,2.48,943,,,,,,,false,false,,,page nutritional-information/11009: total of the filling + Oat
hot-chocolate-small-semi-skimmed-milk,"Hot Chocolate, Small (Semi-skimmed milk)",Hot Drinks,,233,8.04,27.30,9.88,6.22,,0.23,26.15,1.43,978,,,,,,,false,false,,,page nutritional-information/11009: total of the filling + Semi-Skimmed
berry-smoothie,Berry Smoothie,Iced Drinks,,201,2.09,41.72,0.19,0,,0.02,40.77,12.35,853,,,,,,vegetarian,false,false,,,page nutritional-information/10987; per Serving
brown-sugar-iced-espresso-oat-milk,Brown Sugar Iced Espresso (Oat milk),Iced Drinks,,47,0.70,8.38,0.96,0.12,,0.06,4.74,0.30,195,,,,,,,false,false,,,page nutritional-information/12245: total of the filling + Oat
brown-sugar-iced-espresso-semi-skimmed-milk,Brown Sugar Iced Espresso (Semi-skimmed milk),Iced Drinks,,49,1.96,5.26,2.10,1.32,,0.07,5.22,0.00,205,,,,,,,false,false,,,page nutritional-information/12245: total of the filling + Semi-Skimmed
frappuccino-caramel-semi-skimmed-milk,"Frappuccino, Caramel (Semi-skimmed milk)",Iced Drinks,,308,2.86,46.78,12.00,8.84,,0.41,41.88,0.14,1293,,,,,,,false,false,,,page nutritional-information/12269: total of the filling + Semi-Skimmed
frappuccino-caramel-oat-milk,"Frappuccino, Caramel (Oat milk)",Iced Drinks,,306,2.02,48.86,11.24,8.04,,0.41,41.56,0.34,1286,,,,,,,false,false,,,page nutritional-information/12269: total of the filling + Oat
frappuccino-caramel-coffee-oat-milk,"Frappuccino, Caramel Coffee (Oat milk)",Iced Drinks,,308,2.06,48.90,11.24,8.04,,0.41,41.56,0.34,1293,,,,,,,false,false,,,page nutritional-information/12270: total of the filling + Oat
frappuccino-caramel-coffee-semi-skimmed-milk,"Frappuccino, Caramel Coffee (Semi-skimmed milk)",Iced Drinks,,309,2.90,46.82,12.00,8.84,,0.41,41.88,0.14,1300,,,,,,,false,false,,,page nutritional-information/12270: total of the filling + Semi-Skimmed
frappuccino-chocolate-oat-milk,"Frappuccino, Chocolate (Oat milk)",Iced Drinks,,277,2.93,38.74,11.94,8.49,,0.21,35.05,1.72,1162,,,,,,,false,false,,,page nutritional-information/12271: total of the filling + Oat
frappuccino-chocolate-semi-skimmed-milk,"Frappuccino, Chocolate (Semi-skimmed milk)",Iced Drinks,,253,2.49,34.78,11.30,8.41,,0.17,33.49,1.52,1063,,,,,,,false,false,,,page nutritional-information/12271: total of the filling + Semi-Skimmed
frappuccino-mocha-oat-milk,"Frappuccino, Mocha (Oat milk)",Iced Drinks,,278,2.97,38.78,11.94,8.49,,0.21,35.05,1.72,1169,,,,,,,false,false,,,page nutritional-information/12272: total of the filling + Oat
frappuccino-mocha-semi-skimmed-milk,"Frappuccino, Mocha (Semi-skimmed milk)",Iced Drinks,,280,3.81,36.70,12.70,9.29,,0.21,35.37,1.52,1175,,,,,,,false,false,,,page nutritional-information/12272: total of the filling + Semi-Skimmed
frappuccino-strawberries-and-cream-semi-skimmed-milk,"Frappuccino, Strawberries & Cream (Semi-skimmed milk)",Iced Drinks,,292,4.09,38.82,13.23,9.66,,0.27,37.96,0.12,1226,,,,,,,false,false,,,page nutritional-information/12268: total of the filling + Semi-Skimmed
frappuccino-strawberries-and-cream-oat-milk,"Frappuccino, Strawberries & Cream (Oat milk)",Iced Drinks,,289,2.41,42.98,11.71,8.06,,0.26,37.32,0.52,1212,,,,,,,false,false,,,page nutritional-information/12268: total of the filling + Oat
mango-smoothie,Mango Smoothie,Iced Drinks,Cup,247,3.04,57.11,0.95,0.19,,0.02,53.31,0,1047,,,,,,vegetarian,false,false,,,page nutritional-information/10995; per Cup
matcha-iced-tea-semi-skimmed-milk,Matcha Iced Tea (Semi-skimmed milk),Iced Drinks,,145,7.36,10.81,8.05,5.06,,0.25,10.81,0.00,607,,,,,,,false,false,,,page nutritional-information/11752: total of the filling + Semi-Skimmed
matcha-iced-tea-oat-milk,Matcha Iced Tea (Oat milk),Iced Drinks,,136,2.53,22.77,3.68,0.46,,0.23,8.97,1.15,568,,,,,,,false,false,,,page nutritional-information/11752: total of the filling + Oat
passionfruit-and-lemon-iced-tea,Passionfruit & Lemon Iced Tea,Iced Drinks,,229,0.34,55.48,0.04,0.01,,0.24,52.62,0,972,,,,,,vegetarian,false,false,,,page nutritional-information/12281; per serving
raspberry-and-hibiscus-cooler,Raspberry & Hibiscus Cooler,Iced Drinks,,98,0.1,27.9,0.03,0,,0.02,26.48,0,520,,,,,,vegetarian,false,false,,,page nutritional-information/12282; per serving
jacket-potato-bacon-with-butter-and-salad,"Jacket Potato, Bacon (With Butter and Salad)",Jacket Potatoes,,446,23.52,47.94,18.57,6.44,,3.17,4.32,6.22,1873,,,,,,contains_pork,false,true,,,page nutritional-information/11280: total of the filling + With Butter and Salad
jacket-potato-beans-with-butter-and-salad,"Jacket Potato, Beans (With Butter and Salad)",Jacket Potatoes,,361,11.57,60.29,6.10,1.61,,1.06,6.79,5.70,1523,,,,,,,false,true,,,page nutritional-information/11310: total of the filling + With Butter and Salad
jacket-potato-boiled-fried-egg-with-butter-and-salad,"Jacket Potato, Boiled/Fried Egg (With Butter and Salad)",Jacket Potatoes,,430,21.84,47.42,17.54,4.85,,0.51,3.80,5.70,1806,,,,,,,false,true,,,page nutritional-information/11301: total of the filling + With Butter and Salad
jacket-potato-brie-with-butter-and-salad,"Jacket Potato, Brie (With Butter and Salad)",Jacket Potatoes,,606,22.46,48.42,36.84,23.60,,1.02,4.80,5.70,2531,,,,,,,false,true,,,page nutritional-information/11303: total of the filling + With Butter and Salad
jacket-potato-buffalo-chicken-with-butter-and-salad,"Jacket Potato, Buffalo Chicken (With Butter and Salad)",Jacket Potatoes,,539,21.35,67.45,20.00,5.20,,0.00,6.45,8.15,2257,,,,,,,false,true,,,page nutritional-information/11453: total of the filling + With Butter and Salad
jacket-potato-cheese-brie-with-butter-and-salad,"Jacket Potato, Cheese (Brie, With Butter and Salad)",Jacket Potatoes,,618,22.54,54.33,33.65,21.15,,1.19,5.73,8.09,2580,,,,,,,false,true,,,page nutritional-information/11300: total of the filling + With Butter and Salad + Brie
jacket-potato-cheese-mozzarella-with-butter-and-salad,"Jacket Potato, Cheese (Mozzarella, With Butter and Salad)",Jacket Potatoes,,551,29.59,53.39,23.45,13.92,,1.10,4.71,8.09,2307,,,,,,,false,true,,,page nutritional-information/11300: total of the filling + With Butter and Salad + Mozzarella 
jacket-potato-cheese-grated-cheddar-with-butter-and-salad,"Jacket Potato, Cheese (Grated Cheddar, With Butter and Salad)",Jacket Potatoes,,633,30.19,54.25,31.95,18.09,,1.62,4.11,8.09,2651,,,,,,,false,true,,,page nutritional-information/11300: total of the filling + With Butter and Salad + Grated Cheddar
jacket-potato-cheese-mexicana-with-butter-and-salad,"Jacket Potato, Cheese (Mexicana, With Butter and Salad)",Jacket Potatoes,,532,22.19,55.33,23.72,12.94,,1.13,4.39,8.39,2227,,,,,,,false,true,,,page nutritional-information/11300: total of the filling + With Butter and Salad + Mexicana
jacket-potato-cheese-sliced-cheddar-with-butter-and-salad,"Jacket Potato, Cheese (Sliced Cheddar, With Butter and Salad)",Jacket Potatoes,,551,23.33,52.69,26.54,14.62,,1.14,4.09,8.09,2303,,,,,,,false,true,,,page nutritional-information/11300: total of the filling + With Butter and Salad + Sliced Cheddar
jacket-potato-cheese-and-bean-brie-with-butter-and-salad,"Jacket Potato, Cheese & Bean (Brie, With Butter and Salad)",Jacket Potatoes,,682,26.25,62.48,34.16,21.16,,2.29,8.60,5.70,2852,,,,,,,false,true,,,page nutritional-information/11306: total of the filling + With Butter and Salad + Brie
jacket-potato-cheese-and-bean-mozzarella-with-butter-and-salad,"Jacket Potato, Cheese & Bean (Mozzarella, With Butter and Salad)",Jacket Potatoes,,600,32.04,61.50,22.91,13.21,,2.14,7.54,5.70,2517,,,,,,,false,true,,,page nutritional-information/11306: total of the filling + With Butter and Salad + Mozzarella 
jacket-potato-cheese-and-bean-grated-cheddar-with-butter-and-salad,"Jacket Potato, Cheese & Bean (Grated Cheddar, With Butter and Salad)",Jacket Potatoes,,521,22.20,61.54,18.51,9.37,,1.86,6.94,5.70,2190,,,,,,,false,true,,,page nutritional-information/11306: total of the filling + With Butter and Salad + Grated Cheddar
jacket-potato-cheese-and-bean-mexicana-with-butter-and-salad,"Jacket Potato, Cheese & Bean (Mexicana, With Butter and Salad)",Jacket Potatoes,,480,18.85,62.13,15.17,7.28,,1.66,7.08,5.85,2019,,,,,,,false,true,,,page nutritional-information/11306: total of the filling + With Butter and Salad + Mexicana
jacket-potato-cheese-and-bean-sliced-cheddar-with-butter-and-salad,"Jacket Potato, Cheese & Bean (Sliced Cheddar, With Butter and Salad)",Jacket Potatoes,,489,19.42,60.81,16.58,8.12,,1.67,6.93,5.70,2057,,,,,,,false,true,,,page nutritional-information/11306: total of the filling + With Butter and Salad + Sliced Cheddar
jacket-potato-cheese-and-coleslaw-brie-with-butter-and-salad,"Jacket Potato, Cheese & Coleslaw (Brie, With Butter and Salad)",Jacket Potatoes,,620,21.17,58.22,34.17,21.15,,1.25,13.62,9.90,2592,,,,,,,false,true,,,page nutritional-information/11307: total of the filling + Brie + With Butter and Salad
jacket-potato-cheese-and-coleslaw-mozzarella-with-butter-and-salad,"Jacket Potato, Cheese & Coleslaw (Mozzarella, With Butter and Salad)",Jacket Potatoes,,538,26.96,57.24,22.92,13.20,,1.10,12.56,9.90,2257,,,,,,,false,true,,,page nutritional-information/11307: total of the filling + Mozzarella  + With Butter and Salad
jacket-potato-cheese-and-coleslaw-grated-cheddar-with-butter-and-salad,"Jacket Potato, Cheese & Coleslaw (Grated Cheddar, With Butter and Salad)",Jacket Potatoes,,459,17.12,57.28,18.52,9.36,,0.82,11.96,9.90,1931,,,,,,,false,true,,,page nutritional-information/11307: total of the filling + Grated Cheddar + With Butter and Salad
jacket-potato-cheese-and-coleslaw-mexicana-with-butter-and-salad,"Jacket Potato, Cheese & Coleslaw (Mexicana, With Butter and Salad)",Jacket Potatoes,,418,13.77,57.87,15.18,7.27,,0.62,12.10,10.05,1760,,,,,,,false,true,,,page nutritional-information/11307: total of the filling + Mexicana + With Butter and Salad
jacket-potato-cheese-and-coleslaw-sliced-cheddar-with-butter-and-salad,"Jacket Potato, Cheese & Coleslaw (Sliced Cheddar, With Butter and Salad)",Jacket Potatoes,,428,14.34,56.55,16.59,8.11,,0.63,11.95,9.90,1797,,,,,,,false,true,,,page nutritional-information/11307: total of the filling + Sliced Cheddar + With Butter and Salad
jacket-potato-cheese-and-tuna-brie-with-butter-and-salad,"Jacket Potato, Cheese & Tuna (Brie, With Butter and Salad)",Jacket Potatoes,,822,35.46,49.67,53.84,13.70,,0.58,4.60,5.70,3418,,,,,,,false,true,,,page nutritional-information/11309: total of the filling + Brie + With Butter and Salad
jacket-potato-cheese-and-tuna-mozzarella-with-butter-and-salad,"Jacket Potato, Cheese & Tuna (Mozzarella, With Butter and Salad)",Jacket Potatoes,,908,48.90,49.59,57.44,16.10,,1.06,4.44,5.70,3778,,,,,,,false,true,,,page nutritional-information/11309: total of the filling + Mozzarella  + With Butter and Salad
jacket-potato-cheese-and-tuna-grated-cheddar-with-butter-and-salad,"Jacket Potato, Cheese & Tuna (Grated Cheddar, With Butter and Salad)",Jacket Potatoes,,829,39.06,49.63,53.04,12.26,,0.78,3.84,5.70,3451,,,,,,,false,true,,,page nutritional-information/11309: total of the filling + Grated Cheddar + With Butter and Salad
jacket-potato-cheese-and-tuna-mexicana-with-butter-and-salad,"Jacket Potato, Cheese & Tuna (Mexicana, With Butter and Salad)",Jacket Potatoes,,788,35.71,50.22,49.70,10.17,,0.58,3.98,5.85,3280,,,,,,,false,true,,,page nutritional-information/11309: total of the filling + Mexicana + With Butter and Salad
jacket-potato-cheese-and-tuna-sliced-cheddar-with-butter-and-salad,"Jacket Potato, Cheese & Tuna (Sliced Cheddar, With Butter and Salad)",Jacket Potatoes,,797,36.28,48.90,51.11,11.01,,0.59,3.83,5.70,3318,,,,,,,false,true,,,page nutritional-information/11309: total of the filling + Sliced Cheddar + With Butter and Salad
jacket-potato-cheese-crunch-with-butter-and-salad,"Jacket Potato, Cheese Crunch (With Butter and Salad)",Jacket Potatoes,,826,19.46,48.82,60.44,15.60,,1.42,5.20,7.10,3432,,,,,,,false,true,,,page nutritional-information/11302: total of the filling + With Butter and Salad
jacket-potato-chicken-and-avocado-with-butter-and-salad,"Jacket Potato, Chicken & Avocado (With Butter and Salad)",Jacket Potatoes,,451,24.89,56.23,12.80,4.00,,0.00,5.23,8.09,1897,,,,,,,false,true,,,page nutritional-information/11289: total of the filling + With Butter and Salad
jacket-potato-chicken-mayo-with-butter-and-salad,"Jacket Potato, Chicken Mayo (With Butter and Salad)",Jacket Potatoes,,527,29.69,55.03,20.00,4.00,,1.20,5.23,8.09,2201,,,,,,,false,true,,,page nutritional-information/11283: total of the filling + With Butter and Salad
jacket-potato-chicken-mayo-and-bacon-with-butter-and-salad,"Jacket Potato, Chicken Mayo & Bacon (With Butter and Salad)",Jacket Potatoes,,597,29.69,55.03,27.20,6.40,,0.00,5.23,8.09,2494,,,,,,contains_pork,false,true,,,page nutritional-information/11288: total of the filling + With Butter and Salad
jacket-potato-chicken-tikka-with-butter-and-salad,"Jacket Potato, Chicken Tikka (With Butter and Salad)",Jacket Potatoes,,520,27.29,56.23,23.60,4.00,,0.00,5.23,10.49,2311,,,,,,,false,true,,,page nutritional-information/11285: total of the filling + With Butter and Salad
jacket-potato-cold-smoked-salmon-with-butter-and-salad,"Jacket Potato, Cold Smoked Salmon (With Butter and Salad)",Jacket Potatoes,,399,26.49,47.51,11.80,2.60,,2.84,3.89,5.70,1680,,,,,,,false,true,,,page nutritional-information/11299: total of the filling + With Butter and Salad
jacket-potato-coronation-chicken-with-butter-and-salad,"Jacket Potato, Coronation Chicken (With Butter and Salad)",Jacket Potatoes,,685,21.29,65.83,35.60,4.00,,1.20,14.83,9.29,2858,,,,,,,false,true,,,page nutritional-information/11286: total of the filling + With Butter and Salad
jacket-potato-egg-mayo-with-butter-and-salad,"Jacket Potato, Egg Mayo (With Butter and Salad)",Jacket Potatoes,,564,24.59,55.63,25.10,6.10,,1.50,5.53,8.09,2351,,,,,,,false,true,,,page nutritional-information/11308: total of the filling + With Butter and Salad
jacket-potato-ham-with-butter-and-salad,"Jacket Potato, Ham (With Butter and Salad)",Jacket Potatoes,,350,20.76,47.54,9.08,2.62,,1.40,3.92,5.70,1477,,,,,,contains_pork,false,true,,,page nutritional-information/11278: total of the filling + With Butter and Salad
jacket-ham-and-cheese-brie-with-butter-and-salad,"Jacket, Ham & Cheese (Brie, With Butter and Salad)",Jacket Potatoes,,507,28.84,48.35,22.55,11.90,,2.08,4.73,5.70,2127,,,,,,contains_pork,false,true,,,page nutritional-information/11311: total of the filling + With Butter and Salad + Brie
jacket-ham-and-cheese-mozzarella-with-butter-and-salad,"Jacket, Ham & Cheese (Mozzarella, With Butter and Salad)",Jacket Potatoes,,593,42.28,48.27,26.15,14.30,,2.56,4.57,5.70,2487,,,,,,contains_pork,false,true,,,page nutritional-information/11311: total of the filling + With Butter and Salad + Mozzarella 
jacket-ham-and-cheese-grated-cheddar-with-butter-and-salad,"Jacket, Ham & Cheese (Grated Cheddar, With Butter and Salad)",Jacket Potatoes,,513,32.44,48.31,21.75,10.46,,2.28,3.97,5.70,2160,,,,,,contains_pork,false,true,,,page nutritional-information/11311: total of the filling + With Butter and Salad + Grated Cheddar
jacket-ham-and-cheese-mexicana-with-butter-and-salad,"Jacket, Ham & Cheese (Mexicana, With Butter and Salad)",Jacket Potatoes,,473,29.09,48.90,18.41,8.37,,2.08,4.11,5.85,1989,,,,,,contains_pork,false,true,,,page nutritional-information/11311: total of the filling + With Butter and Salad + Mexicana
jacket-ham-and-cheese-sliced-cheddar-with-butter-and-salad,"Jacket, Ham & Cheese (Sliced Cheddar, With Butter and Salad)",Jacket Potatoes,,482,29.66,47.58,19.82,9.21,,2.09,3.96,5.70,2027,,,,,,contains_pork,false,true,,,page nutritional-information/11311: total of the filling + With Butter and Salad + Sliced Cheddar
jacket-ham-and-egg-with-butter-and-salad,"Jacket, Ham & Egg (With Butter and Salad)",Jacket Potatoes,,535,39.69,47.56,21.32,6.04,,2.12,3.94,5.70,2252,,,,,,contains_pork,false,true,,,page nutritional-information/11312: total of the filling + With Butter and Salad
jacket-potato-honey-mustard-chicken-with-butter-and-salad,"Jacket Potato, Honey Mustard Chicken (With Butter and Salad)",Jacket Potatoes,,586,27.29,64.63,23.60,2.80,,1.20,14.83,8.09,2455,,,,,,,false,true,,,page nutritional-information/11287: total of the filling + With Butter and Salad
jacket-potato-hot-smoked-salmon-with-butter-and-salad,"Jacket Potato, Hot Smoked Salmon (With Butter and Salad)",Jacket Potatoes,,460,24.27,47.42,19.79,3.67,,1.46,3.80,5.70,1931,,,,,,,false,true,,,page nutritional-information/12313: total of the filling + With Butter and Salad
jacket-potato-pastrami-with-butter-and-salad,"Jacket Potato, Pastrami (With Butter and Salad)",Jacket Potatoes,,366,20.86,50.22,10.04,3.00,,2.05,4.92,5.70,1542,,,,,,contains_beef,false,true,,,page nutritional-information/11293: total of the filling + With Butter and Salad
jacket-potato-plain-chicken-with-butter-and-salad,"Jacket Potato, Plain Chicken (With Butter and Salad)",Jacket Potatoes,,407,30.59,53.53,6.50,2.50,,0.90,4.03,8.09,1713,,,,,,,false,true,,,page nutritional-information/11284: total of the filling + With Butter and Salad
jacket-potato-prawn-mayo-with-butter-and-salad,"Jacket Potato, Prawn Mayo (With Butter and Salad)",Jacket Potatoes,,631,21.59,53.98,35.30,4.30,,1.35,4.03,8.09,2629,,,,,,,false,true,,,page nutritional-information/11296: total of the filling + With Butter and Salad
jacket-potato-rare-roast-beef-with-butter-and-salad,"Jacket Potato, Rare Roast Beef (With Butter and Salad)",Jacket Potatoes,,378,24.66,48.06,10.32,3.60,,0.37,4.20,6.10,1593,,,,,,contains_beef,false,true,,,page nutritional-information/11292: total of the filling + With Butter and Salad
jacket-potato-roast-pork-with-butter-and-salad,"Jacket Potato, Roast Pork (With Butter and Salad)",Jacket Potatoes,,445,25.71,47.42,17.09,5.35,,0.77,3.80,5.70,1870,,,,,,contains_pork,false,true,,,page nutritional-information/11277: total of the filling + With Butter and Salad
jacket-potato-roasted-veg-with-butter-and-salad,"Jacket Potato, Roasted Veg (With Butter and Salad)",Jacket Potatoes,,396,10.04,60.28,10.10,2.20,,0.75,10.93,11.84,1664,,,,,,,false,true,,,page nutritional-information/12304: total of the filling + With Butter and Salad
jacket-potato-sausage-with-butter-and-salad,"Jacket Potato, Sausage (With Butter and Salad)",Jacket Potatoes,,576,25.41,63.77,24.89,8.20,,2.87,6.05,5.70,2417,,,,,,contains_pork|contains_beef,false,true,,,page nutritional-information/11281: total of the filling + With Butter and Salad
jacket-potato-tuna-crunch-with-butter-and-salad,"Jacket Potato, Tuna Crunch (With Butter and Salad)",Jacket Potatoes,,301,8.09,52.63,5.60,1.60,,0.00,4.03,8.09,1268,,,,,,,false,true,,,page nutritional-information/11298: total of the filling + With Butter and Salad
jacket-potato-tuna-mayo-with-butter-and-salad,"Jacket Potato, Tuna Mayo (With Butter and Salad)",Jacket Potatoes,,715,31.29,54.08,40.40,4.50,,0.00,4.03,8.09,2973,,,,,,,false,true,,,page nutritional-information/11295: total of the filling + With Butter and Salad
soup-leek-potato,Soup (Leek Potato),Lunch,,214,3.50,14.00,14.00,10.50,,0.00,7.00,3.50,893,,,,,,,false,true,,,page nutritional-information/11257: total of the filling + Leek Potato
soup-thai-veg,Soup (Thai Veg),Lunch,,105,0.00,14.00,3.50,0.00,,0.00,10.50,3.50,445,,,,,,,false,true,,,page nutritional-information/11257: total of the filling + Thai Veg
soup-tomato-basil,Soup (Tomato Basil),Lunch,,119,3.50,14.00,7.00,0.00,,0.00,10.50,3.50,501,,,,,,,false,true,,,page nutritional-information/11257: total of the filling + Tomato Basil
soup-sweet-pot-red-pepper,Soup (Sweet Pot Red Pepper),Lunch,,221,3.50,21.00,14.00,3.50,,0.00,10.50,3.50,914,,,,,,,false,true,,,page nutritional-information/11257: total of the filling + Sweet Pot Red Pepper
roll-bacon-crusty-with-butter-and-salad,"Roll, Bacon (Crusty, With Butter and Salad)",Rolls,,294,16.89,23.55,14.53,4.83,,2.55,2.85,2.50,1226,,,,,,contains_pork,false,false,,,page nutritional-information/11130: total of the filling + Crusty + With Butter and Salad
roll-bacon-white-with-butter-and-salad,"Roll, Bacon (White, With Butter and Salad)",Rolls,,351,17.39,32.50,16.68,5.48,,2.75,3.90,2.45,1467,,,,,,contains_pork,false,true,,,page nutritional-information/11130: total of the filling + White + With Butter and Salad
roll-bacon-wholemeal-with-butter-and-salad,"Roll, Bacon (Wholemeal, With Butter and Salad)",Rolls,,369,18.69,35.10,17.33,5.48,,2.75,4.55,2.45,1545,,,,,,contains_pork,false,false,,,page nutritional-information/11130: total of the filling + Wholemeal + With Butter and Salad
roll-bacon-multiseed-with-butter-and-salad,"Roll, Bacon (Multiseed, With Butter and Salad)",Rolls,,183,12.84,1.95,14.08,4.83,,2.10,1.95,1.15,759,,,,,,contains_pork,false,false,,,page nutritional-information/11130: total of the filling + Multiseed + With Butter and Salad
roll-boiled-fried-egg-crusty-with-butter-and-salad,"Roll, Boiled/Fried Egg (Crusty, With Butter and Salad)",Rolls,,227,10.39,23.20,10.01,2.70,,0.62,2.50,2.15,948,,,,,,,false,false,,,page nutritional-information/11151: total of the filling + Crusty + With Butter and Salad
roll-boiled-fried-egg-white-with-butter-and-salad,"Roll, Boiled/Fried Egg (White, With Butter and Salad)",Rolls,,284,10.89,32.15,12.16,3.35,,0.82,3.55,2.10,1189,,,,,,,false,true,,,page nutritional-information/11151: total of the filling + White + With Butter and Salad
roll-boiled-fried-egg-wholemeal-with-butter-and-salad,"Roll, Boiled/Fried Egg (Wholemeal, With Butter and Salad)",Rolls,,302,12.19,34.75,12.81,3.35,,0.82,4.20,2.10,1267,,,,,,,false,false,,,page nutritional-information/11151: total of the filling + Wholemeal + With Butter and Salad
roll-boiled-fried-egg-multiseed-with-butter-and-salad,"Roll, Boiled/Fried Egg (Multiseed, With Butter and Salad)",Rolls,,116,6.34,1.60,9.56,2.70,,0.17,1.60,0.80,481,,,,,,,false,false,,,page nutritional-information/11151: total of the filling + Multiseed + With Butter and Salad
roll-brie-crusty-with-butter-and-salad,"Roll, Brie (Crusty, With Butter and Salad)",Rolls,,380,17.20,24.18,23.60,13.95,,1.43,2.82,2.47,1583,,,,,,,false,false,,,page nutritional-information/11153: total of the filling + Crusty + With Butter and Salad
roll-brie-white-with-butter-and-salad,"Roll, Brie (White, With Butter and Salad)",Rolls,,437,17.70,33.13,25.75,14.60,,1.63,3.87,2.42,1824,,,,,,,false,true,,,page nutritional-information/11153: total of the filling + White + With Butter and Salad
roll-brie-wholemeal-with-butter-and-salad,"Roll, Brie (Wholemeal, With Butter and Salad)",Rolls,,456,19.00,35.73,26.40,14.60,,1.63,4.52,2.42,1903,,,,,,,false,false,,,page nutritional-information/11153: total of the filling + Wholemeal + With Butter and Salad
roll-brie-multiseed-with-butter-and-salad,"Roll, Brie (Multiseed, With Butter and Salad)",Rolls,,270,13.15,2.58,23.15,13.95,,0.98,1.92,1.12,1116,,,,,,,false,false,,,page nutritional-information/11153: total of the filling + Multiseed + With Butter and Salad
roll-buffalo-chicken-wholemeal-with-butter-and-salad,"Roll, Buffalo Chicken (Wholemeal, With Butter and Salad)",Rolls,,411,16.00,44.95,19.05,4.80,,0.65,5.90,2.10,1721,,,,,,,false,false,,,page nutritional-information/11449: total of the filling + Wholemeal + With Butter and Salad
roll-buffalo-chicken-white-with-butter-and-salad,"Roll, Buffalo Chicken (White, With Butter and Salad)",Rolls,,393,14.70,42.35,18.40,4.80,,0.65,5.25,2.10,1642,,,,,,,false,true,,,page nutritional-information/11449: total of the filling + White + With Butter and Salad
roll-buffalo-chicken-crusty-with-butter-and-salad,"Roll, Buffalo Chicken (Crusty, With Butter and Salad)",Rolls,,336,14.20,33.40,16.25,4.15,,0.45,4.20,2.15,1402,,,,,,,false,false,,,page nutritional-information/11449: total of the filling + Crusty + With Butter and Salad
roll-buffalo-chicken-multiseed-with-butter-and-salad,"Roll, Buffalo Chicken (Multiseed, With Butter and Salad)",Rolls,,225,10.15,11.80,15.80,4.15,,0.00,3.30,0.80,934,,,,,,,false,false,,,page nutritional-information/11449: total of the filling + Multiseed + With Butter and Salad
roll-cheese-crusty-brie-with-butter-and-salad,"Roll, Cheese (Crusty, Brie, With Butter and Salad)",Rolls,,374,14.20,24.30,24.20,14.25,,1.22,3.60,2.15,1556,,,,,,,false,false,,,page nutritional-information/11150: total of the filling + Crusty + With Butter and Salad + Brie
roll-cheese-crusty-mozzarella-with-butter-and-salad,"Roll, Cheese (Crusty, Mozzarella, With Butter and Salad)",Rolls,,316,17.50,23.65,16.55,8.85,,1.10,2.90,2.15,1318,,,,,,,false,false,,,page nutritional-information/11150: total of the filling + Crusty + With Butter and Salad + Mozzarella 
roll-cheese-crusty-grated-cheddar-with-butter-and-salad,"Roll, Cheese (Crusty, Grated Cheddar, With Butter and Salad)",Rolls,,364,17.85,24.15,21.55,11.30,,1.40,2.55,2.15,1521,,,,,,,false,false,,,page nutritional-information/11150: total of the filling + Crusty + With Butter and Salad + Grated Cheddar
roll-cheese-crusty-mexicana-with-butter-and-salad,"Roll, Cheese (Crusty, Mexicana, With Butter and Salad)",Rolls,,285,11.90,24.55,15.11,7.27,,1.01,2.68,2.30,1187,,,,,,,false,false,,,page nutritional-information/11150: total of the filling + Crusty + With Butter and Salad + Mexicana
roll-cheese-crusty-sliced-cheddar-with-butter-and-salad,"Roll, Cheese (Crusty, Sliced Cheddar, With Butter and Salad)",Rolls,,294,12.47,23.23,16.52,8.11,,1.02,2.53,2.15,1225,,,,,,,false,false,,,page nutritional-information/11150: total of the filling + Crusty + With Butter and Salad + Sliced Cheddar
roll-cheese-white-brie-with-butter-and-salad,"Roll, Cheese (White, Brie, With Butter and Salad)",Rolls,,431,14.70,33.25,26.35,14.90,,1.42,4.65,2.10,1797,,,,,,,false,true,,,page nutritional-information/11150: total of the filling + White + With Butter and Salad + Brie
roll-cheese-white-mozzarella-with-butter-and-salad,"Roll, Cheese (White, Mozzarella, With Butter and Salad)",Rolls,,373,18.00,32.60,18.70,9.50,,1.30,3.95,2.10,1559,,,,,,,false,true,,,page nutritional-information/11150: total of the filling + White + With Butter and Salad + Mozzarella 
roll-cheese-white-grated-cheddar-with-butter-and-salad,"Roll, Cheese (White, Grated Cheddar, With Butter and Salad)",Rolls,,421,18.35,33.10,23.70,11.95,,1.60,3.60,2.10,1761,,,,,,,false,true,,,page nutritional-information/11150: total of the filling + White + With Butter and Salad + Grated Cheddar
roll-cheese-white-mexicana-with-butter-and-salad,"Roll, Cheese (White, Mexicana, With Butter and Salad)",Rolls,,342,12.40,33.50,17.26,7.92,,1.21,3.73,2.25,1428,,,,,,,false,true,,,page nutritional-information/11150: total of the filling + White + With Butter and Salad + Mexicana
roll-cheese-white-sliced-cheddar-with-butter-and-salad,"Roll, Cheese (White, Sliced Cheddar, With Butter and Salad)",Rolls,,351,12.97,32.18,18.67,8.76,,1.22,3.58,2.10,1465,,,,,,,false,true,,,page nutritional-information/11150: total of the filling + White + With Butter and Salad + Sliced Cheddar
roll-cheese-wholemeal-brie-with-butter-and-salad,"Roll, Cheese (Wholemeal, Brie, With Butter and Salad)",Rolls,,449,16.00,35.85,27.00,14.90,,1.42,5.30,2.10,1876,,,,,,,false,false,,,page nutritional-information/11150: total of the filling + Wholemeal + With Butter and Salad + Brie
roll-cheese-wholemeal-mozzarella-with-butter-and-salad,"Roll, Cheese (Wholemeal, Mozzarella, With Butter and Salad)",Rolls,,391,19.30,35.20,19.35,9.50,,1.30,4.60,2.10,1638,,,,,,,false,false,,,page nutritional-information/11150: total of the filling + Wholemeal + With Butter and Salad + Mozzarella 
roll-cheese-wholemeal-grated-cheddar-with-butter-and-salad,"Roll, Cheese (Wholemeal, Grated Cheddar, With Butter and Salad)",Rolls,,439,19.65,35.70,24.35,11.95,,1.60,4.25,2.10,1840,,,,,,,false,false,,,page nutritional-information/11150: total of the filling + Wholemeal + With Butter and Salad + Grated Cheddar
roll-cheese-wholemeal-mexicana-with-butter-and-salad,"Roll, Cheese (Wholemeal, Mexicana, With Butter and Salad)",Rolls,,360,13.70,36.10,17.91,7.92,,1.21,4.38,2.25,1506,,,,,,,false,false,,,page nutritional-information/11150: total of the filling + Wholemeal + With Butter and Salad + Mexicana
roll-cheese-wholemeal-sliced-cheddar-with-butter-and-salad,"Roll, Cheese (Wholemeal, Sliced Cheddar, With Butter and Salad)",Rolls,,369,14.27,34.78,19.32,8.76,,1.22,4.23,2.10,1544,,,,,,,false,false,,,page nutritional-information/11150: total of the filling + Wholemeal + With Butter and Salad + Sliced Cheddar
roll-cheese-multiseed-brie-with-butter-and-salad,"Roll, Cheese (Multiseed, Brie, With Butter and Salad)",Rolls,,264,10.15,2.70,23.75,14.25,,0.77,2.70,0.80,1089,,,,,,,false,false,,,page nutritional-information/11150: total of the filling + Multiseed + With Butter and Salad + Brie
roll-cheese-multiseed-mozzarella-with-butter-and-salad,"Roll, Cheese (Multiseed, Mozzarella, With Butter and Salad)",Rolls,,205,13.45,2.05,16.10,8.85,,0.65,2.00,0.80,851,,,,,,,false,false,,,page nutritional-information/11150: total of the filling + Multiseed + With Butter and Salad + Mozzarella 
roll-cheese-multiseed-grated-cheddar-with-butter-and-salad,"Roll, Cheese (Multiseed, Grated Cheddar, With Butter and Salad)",Rolls,,253,13.80,2.55,21.10,11.30,,0.95,1.65,0.80,1054,,,,,,,false,false,,,page nutritional-information/11150: total of the filling + Multiseed + With Butter and Salad + Grated Cheddar
roll-cheese-multiseed-mexicana-with-butter-and-salad,"Roll, Cheese (Multiseed, Mexicana, With Butter and Salad)",Rolls,,174,7.85,2.95,14.66,7.27,,0.56,1.78,0.95,720,,,,,,,false,false,,,page nutritional-information/11150: total of the filling + Multiseed + With Butter and Salad + Mexicana
roll-cheese-multiseed-sliced-cheddar-with-butter-and-salad,"Roll, Cheese (Multiseed, Sliced Cheddar, With Butter and Salad)",Rolls,,183,8.42,1.63,16.07,8.11,,0.57,1.63,0.80,758,,,,,,,false,false,,,page nutritional-information/11150: total of the filling + Multiseed + With Butter and Salad + Sliced Cheddar
roll-cheese-crunch-crusty-with-butter-and-salad,"Roll, Cheese Crunch (Crusty, With Butter and Salad)",Rolls,,432,11.35,23.85,31.40,8.10,,1.10,3.15,2.80,1792,,,,,,,false,false,,,page nutritional-information/11152: total of the filling + Crusty + With Butter and Salad
roll-cheese-crunch-white-with-butter-and-salad,"Roll, Cheese Crunch (White, With Butter and Salad)",Rolls,,489,11.85,32.80,33.55,8.75,,1.30,4.20,2.75,2033,,,,,,,false,true,,,page nutritional-information/11152: total of the filling + White + With Butter and Salad
roll-cheese-crunch-wholemeal-with-butter-and-salad,"Roll, Cheese Crunch (Wholemeal, With Butter and Salad)",Rolls,,508,13.15,35.40,34.20,8.75,,1.30,4.85,2.75,2111,,,,,,,false,false,,,page nutritional-information/11152: total of the filling + Wholemeal + With Butter and Salad
roll-cheese-crunch-multiseed-with-butter-and-salad,"Roll, Cheese Crunch (Multiseed, With Butter and Salad)",Rolls,,322,7.30,2.25,30.95,8.10,,0.65,2.25,1.45,1325,,,,,,,false,false,,,page nutritional-information/11152: total of the filling + Multiseed + With Butter and Salad
roll-chicken-and-avocado-crusty-with-butter-and-salad,"Roll, Chicken & Avocado (Crusty, With Butter and Salad)",Rolls,,275,16.75,25.75,11.15,3.30,,0.45,3.35,2.15,1153,,,,,,,false,false,,,page nutritional-information/11139: total of the filling + With Butter and Salad + Crusty
roll-chicken-and-avocado-white-with-butter-and-salad,"Roll, Chicken & Avocado (White, With Butter and Salad)",Rolls,,332,17.25,34.70,13.30,3.95,,0.65,4.40,2.10,1393,,,,,,,false,true,,,page nutritional-information/11139: total of the filling + With Butter and Salad + White
roll-chicken-and-avocado-wholemeal-with-butter-and-salad,"Roll, Chicken & Avocado (Wholemeal, With Butter and Salad)",Rolls,,351,18.55,37.30,13.95,3.95,,0.65,5.05,2.10,1472,,,,,,,false,false,,,page nutritional-information/11139: total of the filling + With Butter and Salad + Wholemeal
roll-chicken-and-avocado-multiseed-with-butter-and-salad,"Roll, Chicken & Avocado (Multiseed, With Butter and Salad)",Rolls,,165,12.70,4.15,10.70,3.30,,0.00,2.45,0.80,685,,,,,,,false,false,,,page nutritional-information/11139: total of the filling + With Butter and Salad + Multiseed
roll-chicken-mayo-crusty-with-butter-and-salad,"Roll, Chicken Mayo (Crusty, With Butter and Salad)",Rolls,,329,20.15,24.90,16.25,3.30,,1.30,3.35,2.15,1368,,,,,,,false,false,,,page nutritional-information/11133: total of the filling + With Butter and Salad + Crusty
roll-chicken-mayo-white-with-butter-and-salad,"Roll, Chicken Mayo (White, With Butter and Salad)",Rolls,,386,20.65,33.85,18.40,3.95,,1.50,4.40,2.10,1609,,,,,,,false,true,,,page nutritional-information/11133: total of the filling + With Butter and Salad + White
roll-chicken-mayo-wholemeal-with-butter-and-salad,"Roll, Chicken Mayo (Wholemeal, With Butter and Salad)",Rolls,,404,21.95,36.45,19.05,3.95,,1.50,5.05,2.10,1688,,,,,,,false,false,,,page nutritional-information/11133: total of the filling + With Butter and Salad + Wholemeal
roll-chicken-mayo-multiseed-with-butter-and-salad,"Roll, Chicken Mayo (Multiseed, With Butter and Salad)",Rolls,,218,16.10,3.30,15.80,3.30,,0.85,2.45,0.80,901,,,,,,,false,false,,,page nutritional-information/11133: total of the filling + With Butter and Salad + Multiseed
roll-chicken-mayo-and-bacon-crusty-with-butter-and-salad,"Roll, Chicken Mayo & Bacon (Crusty, With Butter and Salad)",Rolls,,378,20.15,24.90,21.35,5.00,,0.45,3.35,2.15,1576,,,,,,contains_pork,false,false,,,page nutritional-information/11138: total of the filling + With Butter and Salad + Crusty
roll-chicken-mayo-and-bacon-white-with-butter-and-salad,"Roll, Chicken Mayo & Bacon (White, With Butter and Salad)",Rolls,,435,20.65,33.85,23.50,5.65,,0.65,4.40,2.10,1817,,,,,,contains_pork,false,true,,,page nutritional-information/11138: total of the filling + With Butter and Salad + White
roll-chicken-mayo-and-bacon-wholemeal-with-butter-and-salad,"Roll, Chicken Mayo & Bacon (Wholemeal, With Butter and Salad)",Rolls,,453,21.95,36.45,24.15,5.65,,0.65,5.05,2.10,1895,,,,,,contains_pork,false,false,,,page nutritional-information/11138: total of the filling + With Butter and Salad + Wholemeal
roll-chicken-mayo-and-bacon-multiseed-with-butter-and-salad,"Roll, Chicken Mayo & Bacon (Multiseed, With Butter and Salad)",Rolls,,268,16.10,3.30,20.90,5.00,,0.00,2.45,0.80,1109,,,,,,contains_pork,false,false,,,page nutritional-information/11138: total of the filling + With Butter and Salad + Multiseed
roll-chicken-tikka-crusty-with-butter-and-salad,"Roll, Chicken Tikka (Crusty, With Butter and Salad)",Rolls,,324,18.45,25.75,18.80,3.30,,0.45,3.35,3.85,1446,,,,,,,false,false,,,page nutritional-information/11135: total of the filling + With Butter and Salad + Crusty
roll-chicken-tikka-white-with-butter-and-salad,"Roll, Chicken Tikka (White, With Butter and Salad)",Rolls,,381,18.95,34.70,20.95,3.95,,0.65,4.40,3.80,1687,,,,,,,false,true,,,page nutritional-information/11135: total of the filling + With Butter and Salad + White
roll-chicken-tikka-wholemeal-with-butter-and-salad,"Roll, Chicken Tikka (Wholemeal, With Butter and Salad)",Rolls,,399,20.25,37.30,21.60,3.95,,0.65,5.05,3.80,1765,,,,,,,false,false,,,page nutritional-information/11135: total of the filling + With Butter and Salad + Wholemeal
roll-chicken-tikka-multiseed-with-butter-and-salad,"Roll, Chicken Tikka (Multiseed, With Butter and Salad)",Rolls,,213,14.40,4.15,18.35,3.30,,0.00,2.45,2.50,979,,,,,,,false,false,,,page nutritional-information/11135: total of the filling + With Butter and Salad + Multiseed
roll-cold-smoked-salmon-crusty-with-butter-and-salad,"Roll, Cold Smoked Salmon (Crusty, With Butter and Salad)",Rolls,,239,15.37,23.24,9.03,2.10,,1.86,2.54,2.15,1000,,,,,,,false,false,,,page nutritional-information/11149: total of the filling + With Butter and Salad + Crusty
roll-cold-smoked-salmon-white-with-butter-and-salad,"Roll, Cold Smoked Salmon (White, With Butter and Salad)",Rolls,,296,15.87,32.19,11.18,2.75,,2.06,3.59,2.10,1240,,,,,,,false,true,,,page nutritional-information/11149: total of the filling + With Butter and Salad + White
roll-cold-smoked-salmon-wholemeal-with-butter-and-salad,"Roll, Cold Smoked Salmon (Wholemeal, With Butter and Salad)",Rolls,,314,17.17,34.79,11.83,2.75,,2.06,4.24,2.10,1319,,,,,,,false,false,,,page nutritional-information/11149: total of the filling + With Butter and Salad + Wholemeal
roll-cold-smoked-salmon-multiseed-with-butter-and-salad,"Roll, Cold Smoked Salmon (Multiseed, With Butter and Salad)",Rolls,,128,11.32,1.64,8.58,2.10,,1.41,1.64,0.80,533,,,,,,,false,false,,,page nutritional-information/11149: total of the filling + With Butter and Salad + Multiseed
roll-coronation-chicken-crusty-with-butter-and-salad,"Roll, Coronation Chicken (Crusty, With Butter and Salad)",Rolls,,441,14.20,32.55,27.30,3.30,,1.30,10.15,3.00,1833,,,,,,,false,false,,,page nutritional-information/11136: total of the filling + Crusty + With Butter and Salad
roll-coronation-chicken-white-with-butter-and-salad,"Roll, Coronation Chicken (White, With Butter and Salad)",Rolls,,498,14.70,41.50,29.45,3.95,,1.50,11.20,2.95,2074,,,,,,,false,true,,,page nutritional-information/11136: total of the filling + White + With Butter and Salad
roll-coronation-chicken-wholemeal-with-butter-and-salad,"Roll, Coronation Chicken (Wholemeal, With Butter and Salad)",Rolls,,516,16.00,44.10,30.10,3.95,,1.50,11.85,2.95,2153,,,,,,,false,false,,,page nutritional-information/11136: total of the filling + Wholemeal + With Butter and Salad
roll-coronation-chicken-multiseed-with-butter-and-salad,"Roll, Coronation Chicken (Multiseed, With Butter and Salad)",Rolls,,330,10.15,10.95,26.85,3.30,,0.85,9.25,1.65,1366,,,,,,,false,false,,,page nutritional-information/11136: total of the filling + Multiseed + With Butter and Salad
roll-egg-mayo-crusty,"Roll, Egg Mayo (Crusty)",Rolls,,251,12.85,23.20,10.85,2.40,,1.25,1.70,1.35,1045,,,,,,,false,false,,,page nutritional-information/11156: total of the filling + Crusty
roll-egg-mayo-white,"Roll, Egg Mayo (White)",Rolls,,308,13.35,32.15,13.00,3.05,,1.45,2.75,1.30,1285,,,,,,,false,true,,,page nutritional-information/11156: total of the filling + White
roll-egg-mayo-wholemeal,"Roll, Egg Mayo (Wholemeal)",Rolls,,326,14.65,34.75,13.65,3.05,,1.45,3.40,1.30,1364,,,,,,,false,false,,,page nutritional-information/11156: total of the filling + Wholemeal
roll-egg-mayo-multiseed,"Roll, Egg Mayo (Multiseed)",Rolls,,140,8.80,1.60,10.40,2.40,,0.80,0.80,0.00,578,,,,,,,false,false,,,page nutritional-information/11156: total of the filling + Multiseed
roll-feta-white-with-butter-and-salad,"Roll, Feta (White, With Butter and Salad)",Rolls,,226,5.35,32.15,8.20,2.25,,0.65,3.55,2.10,948,,,,,,,false,true,,,page nutritional-information/12289: total of the filling + With Butter and Salad + White
roll-feta-wholemeal-with-butter-and-salad,"Roll, Feta (Wholemeal, With Butter and Salad)",Rolls,,244,6.65,34.75,8.85,2.25,,0.65,4.20,2.10,1027,,,,,,,false,false,,,page nutritional-information/12289: total of the filling + With Butter and Salad + Wholemeal
roll-feta-crusty-with-butter-and-salad,"Roll, Feta (Crusty, With Butter and Salad)",Rolls,,169,4.85,23.20,6.05,1.60,,0.45,2.50,2.15,707,,,,,,,false,false,,,page nutritional-information/12289: total of the filling + With Butter and Salad + Crusty
roll-feta-multiseed-with-butter-and-salad,"Roll, Feta (Multiseed, With Butter and Salad)",Rolls,,58,0.80,1.60,5.60,1.60,,0.00,1.60,0.80,240,,,,,,,false,false,,,page nutritional-information/12289: total of the filling + With Butter and Salad + Multiseed
roll-ham-crusty-with-butter-and-salad,"Roll, Ham (Crusty, With Butter and Salad)",Rolls,,214,12.50,23.26,7.67,2.11,,1.14,2.56,2.15,898,,,,,,contains_pork,false,false,,,page nutritional-information/11128: total of the filling + With Butter and Salad + Crusty
roll-ham-white-with-butter-and-salad,"Roll, Ham (White, With Butter and Salad)",Rolls,,271,13.00,32.21,9.82,2.76,,1.34,3.61,2.10,1139,,,,,,contains_pork,false,true,,,page nutritional-information/11128: total of the filling + With Butter and Salad + White
roll-ham-wholemeal-with-butter-and-salad,"Roll, Ham (Wholemeal, With Butter and Salad)",Rolls,,290,14.30,34.81,10.47,2.76,,1.34,4.26,2.10,1218,,,,,,contains_pork,false,false,,,page nutritional-information/11128: total of the filling + With Butter and Salad + Wholemeal
roll-ham-multiseed-with-butter-and-salad,"Roll, Ham (Multiseed, With Butter and Salad)",Rolls,,104,8.45,1.66,7.22,2.11,,0.69,1.66,0.80,431,,,,,,contains_pork,false,false,,,page nutritional-information/11128: total of the filling + With Butter and Salad + Multiseed
roll-ham-and-cheese-crusty-brie-with-butter-and-salad,"Roll, Ham & Cheese (Crusty, Brie, With Butter and Salad)",Rolls,,326,17.60,23.86,17.57,9.01,,1.56,3.16,2.15,1361,,,,,,contains_pork,false,false,,,page nutritional-information/11166: total of the filling + Crusty + Brie + With Butter and Salad
roll-ham-and-cheese-crusty-mozzarella-with-butter-and-salad,"Roll, Ham & Cheese (Crusty, Mozzarella, With Butter and Salad)",Rolls,,361,25.15,23.71,18.17,9.36,,1.79,2.96,2.15,1509,,,,,,contains_pork,false,false,,,page nutritional-information/11166: total of the filling + Crusty + Mozzarella  + With Butter and Salad
roll-ham-and-cheese-crusty-grated-cheddar-with-butter-and-salad,"Roll, Ham & Cheese (Crusty, Grated Cheddar, With Butter and Salad)",Rolls,,312,19.00,23.74,15.42,6.96,,1.62,2.58,2.15,1305,,,,,,contains_pork,false,false,,,page nutritional-information/11166: total of the filling + Crusty + Grated Cheddar + With Butter and Salad
roll-ham-and-cheese-crusty-mexicana-with-butter-and-salad,"Roll, Ham & Cheese (Crusty, Mexicana, With Butter and Salad)",Rolls,,272,16.02,23.94,12.20,4.95,,1.42,2.65,2.23,1138,,,,,,contains_pork,false,false,,,page nutritional-information/11166: total of the filling + Crusty + Mexicana + With Butter and Salad
roll-ham-and-cheese-crusty-sliced-cheddar-with-butter-and-salad,"Roll, Ham & Cheese (Crusty, Sliced Cheddar, With Butter and Salad)",Rolls,,277,16.31,23.28,12.91,5.37,,1.42,2.58,2.15,1157,,,,,,contains_pork,false,false,,,page nutritional-information/11166: total of the filling + Crusty + Sliced Cheddar + With Butter and Salad
roll-ham-and-cheese-white-brie-with-butter-and-salad,"Roll, Ham & Cheese (White, Brie, With Butter and Salad)",Rolls,,383,18.10,32.81,19.72,9.66,,1.76,4.21,2.10,1602,,,,,,contains_pork,false,true,,,page nutritional-information/11166: total of the filling + White + Brie + With Butter and Salad
roll-ham-and-cheese-white-mozzarella-with-butter-and-salad,"Roll, Ham & Cheese (White, Mozzarella, With Butter and Salad)",Rolls,,418,25.65,32.66,20.32,10.01,,1.99,4.01,2.10,1750,,,,,,contains_pork,false,true,,,page nutritional-information/11166: total of the filling + White + Mozzarella  + With Butter and Salad
roll-ham-and-cheese-white-grated-cheddar-with-butter-and-salad,"Roll, Ham & Cheese (White, Grated Cheddar, With Butter and Salad)",Rolls,,369,19.50,32.69,17.57,7.61,,1.82,3.63,2.10,1546,,,,,,contains_pork,false,true,,,page nutritional-information/11166: total of the filling + White + Grated Cheddar + With Butter and Salad
roll-ham-and-cheese-white-mexicana-with-butter-and-salad,"Roll, Ham & Cheese (White, Mexicana, With Butter and Salad)",Rolls,,329,16.52,32.89,14.35,5.60,,1.62,3.70,2.18,1379,,,,,,contains_pork,false,true,,,page nutritional-information/11166: total of the filling + White + Mexicana + With Butter and Salad
roll-ham-and-cheese-white-sliced-cheddar-with-butter-and-salad,"Roll, Ham & Cheese (White, Sliced Cheddar, With Butter and Salad)",Rolls,,334,16.81,32.23,15.06,6.02,,1.62,3.63,2.10,1398,,,,,,contains_pork,false,true,,,page nutritional-information/11166: total of the filling + White + Sliced Cheddar + With Butter and Salad
roll-ham-and-cheese-wholemeal-brie-with-butter-and-salad,"Roll, Ham & Cheese (Wholemeal, Brie, With Butter and Salad)",Rolls,,402,19.40,35.41,20.37,9.66,,1.76,4.86,2.10,1681,,,,,,contains_pork,false,false,,,page nutritional-information/11166: total of the filling + Wholemeal + Brie + With Butter and Salad
roll-ham-and-cheese-wholemeal-mozzarella-with-butter-and-salad,"Roll, Ham & Cheese (Wholemeal, Mozzarella, With Butter and Salad)",Rolls,,437,26.95,35.26,20.97,10.01,,1.99,4.66,2.10,1829,,,,,,contains_pork,false,false,,,page nutritional-information/11166: total of the filling + Wholemeal + Mozzarella  + With Butter and Salad
roll-ham-and-cheese-wholemeal-grated-cheddar-with-butter-and-salad,"Roll, Ham & Cheese (Wholemeal, Grated Cheddar, With Butter and Salad)",Rolls,,387,20.80,35.29,18.22,7.61,,1.82,4.28,2.10,1624,,,,,,contains_pork,false,false,,,page nutritional-information/11166: total of the filling + Wholemeal + Grated Cheddar + With Butter and Salad
roll-ham-and-cheese-wholemeal-mexicana-with-butter-and-salad,"Roll, Ham & Cheese (Wholemeal, Mexicana, With Butter and Salad)",Rolls,,347,17.82,35.49,15.00,5.60,,1.62,4.35,2.18,1457,,,,,,contains_pork,false,false,,,page nutritional-information/11166: total of the filling + Wholemeal + Mexicana + With Butter and Salad
roll-ham-and-cheese-wholemeal-sliced-cheddar-with-butter-and-salad,"Roll, Ham & Cheese (Wholemeal, Sliced Cheddar, With Butter and Salad)",Rolls,,352,18.11,34.83,15.71,6.02,,1.62,4.28,2.10,1476,,,,,,contains_pork,false,false,,,page nutritional-information/11166: total of the filling + Wholemeal + Sliced Cheddar + With Butter and Salad
roll-ham-and-cheese-multiseed-brie-with-butter-and-salad,"Roll, Ham & Cheese (Multiseed, Brie, With Butter and Salad)",Rolls,,216,13.55,2.26,17.12,9.01,,1.11,2.26,0.80,894,,,,,,contains_pork,false,false,,,page nutritional-information/11166: total of the filling + Multiseed + Brie + With Butter and Salad
roll-ham-and-cheese-multiseed-mozzarella-with-butter-and-salad,"Roll, Ham & Cheese (Multiseed, Mozzarella, With Butter and Salad)",Rolls,,251,21.10,2.11,17.72,9.36,,1.34,2.06,0.80,1042,,,,,,contains_pork,false,false,,,page nutritional-information/11166: total of the filling + Multiseed + Mozzarella  + With Butter and Salad
roll-ham-and-cheese-multiseed-grated-cheddar-with-butter-and-salad,"Roll, Ham & Cheese (Multiseed, Grated Cheddar, With Butter and Salad)",Rolls,,201,14.95,2.14,14.97,6.96,,1.17,1.68,0.80,838,,,,,,contains_pork,false,false,,,page nutritional-information/11166: total of the filling + Multiseed + Grated Cheddar + With Butter and Salad
roll-ham-and-cheese-multiseed-mexicana-with-butter-and-salad,"Roll, Ham & Cheese (Multiseed, Mexicana, With Butter and Salad)",Rolls,,161,11.97,2.34,11.75,4.95,,0.97,1.75,0.88,671,,,,,,contains_pork,false,false,,,page nutritional-information/11166: total of the filling + Multiseed + Mexicana + With Butter and Salad
roll-ham-and-cheese-multiseed-sliced-cheddar-with-butter-and-salad,"Roll, Ham & Cheese (Multiseed, Sliced Cheddar, With Butter and Salad)",Rolls,,166,12.26,1.68,12.46,5.37,,0.97,1.68,0.80,690,,,,,,contains_pork,false,false,,,page nutritional-information/11166: total of the filling + Multiseed + Sliced Cheddar + With Butter and Salad
roll-ham-and-egg-crusty-with-butter-and-salad,"Roll, Ham & Egg (Crusty, With Butter and Salad)",Rolls,,296,22.00,23.29,12.53,3.48,,1.66,2.59,2.15,1240,,,,,,contains_pork,false,false,,,page nutritional-information/11167: total of the filling + Crusty + With Butter and Salad
roll-ham-and-egg-white-with-butter-and-salad,"Roll, Ham & Egg (White, With Butter and Salad)",Rolls,,353,22.50,32.24,14.68,4.13,,1.86,3.64,2.10,1481,,,,,,contains_pork,false,true,,,page nutritional-information/11167: total of the filling + White + With Butter and Salad
roll-ham-and-egg-wholemeal-with-butter-and-salad,"Roll, Ham & Egg (Wholemeal, With Butter and Salad)",Rolls,,371,23.80,34.84,15.33,4.13,,1.86,4.29,2.10,1559,,,,,,contains_pork,false,false,,,page nutritional-information/11167: total of the filling + Wholemeal + With Butter and Salad
roll-ham-and-egg-multiseed-with-butter-and-salad,"Roll, Ham & Egg (Multiseed, With Butter and Salad)",Rolls,,185,17.95,1.69,12.08,3.48,,1.21,1.69,0.80,773,,,,,,contains_pork,false,false,,,page nutritional-information/11167: total of the filling + Multiseed + With Butter and Salad
roll-honey-mustard-chicken-crusty-with-butter-and-salad,"Roll, Honey Mustard Chicken (Crusty, With Butter and Salad)",Rolls,,371,18.45,31.70,18.80,2.45,,1.30,10.15,2.15,1548,,,,,,,false,false,,,page nutritional-information/11137: total of the filling + With Butter and Salad + Crusty
roll-honey-mustard-chicken-white-with-butter-and-salad,"Roll, Honey Mustard Chicken (White, With Butter and Salad)",Rolls,,428,18.95,40.65,20.95,3.10,,1.50,11.20,2.10,1789,,,,,,,false,true,,,page nutritional-information/11137: total of the filling + With Butter and Salad + White
roll-honey-mustard-chicken-wholemeal-with-butter-and-salad,"Roll, Honey Mustard Chicken (Wholemeal, With Butter and Salad)",Rolls,,446,20.25,43.25,21.60,3.10,,1.50,11.85,2.10,1867,,,,,,,false,false,,,page nutritional-information/11137: total of the filling + With Butter and Salad + Wholemeal
roll-honey-mustard-chicken-multiseed-with-butter-and-salad,"Roll, Honey Mustard Chicken (Multiseed, With Butter and Salad)",Rolls,,260,14.40,10.10,18.35,2.45,,0.85,9.25,0.80,1081,,,,,,,false,false,,,page nutritional-information/11137: total of the filling + With Butter and Salad + Multiseed
roll-hot-smoked-salmon-white,"Roll, Hot Smoked Salmon (White)",Rolls,,268,13.95,30.55,9.58,1.69,,1.37,1.95,1.30,1126,,,,,,,false,true,,,page nutritional-information/12307: total of the filling + White
roll-hot-smoked-salmon-crusty,"Roll, Hot Smoked Salmon (Crusty)",Rolls,,211,13.45,21.60,7.43,1.04,,1.17,0.90,1.35,885,,,,,,,false,false,,,page nutritional-information/12307: total of the filling + Crusty
roll-hot-smoked-salmon-multiseed,"Roll, Hot Smoked Salmon (Multiseed)",Rolls,,284,15.25,31.85,10.23,2.34,,0.72,3.25,1.95,1193,,,,,,,false,false,,,page nutritional-information/12307: total of the filling + Multiseed
roll-hot-smoked-salmon-wholemeal,"Roll, Hot Smoked Salmon (Wholemeal)",Rolls,,286,15.25,33.15,10.23,1.69,,1.37,2.60,1.30,1205,,,,,,,false,false,,,page nutritional-information/12307: total of the filling + Wholemeal
roll-pastrami-crusty-with-butter-and-salad,"Roll, Pastrami (Crusty, With Butter and Salad)",Rolls,,215,11.45,24.40,7.85,2.20,,1.32,2.98,2.15,899,,,,,,contains_beef,false,false,,,page nutritional-information/11143: total of the filling + Crusty + With Butter and Salad
roll-pastrami-white-with-butter-and-salad,"Roll, Pastrami (White, With Butter and Salad)",Rolls,,272,11.95,33.35,10.00,2.85,,1.52,4.03,2.10,1139,,,,,,contains_beef,false,true,,,page nutritional-information/11143: total of the filling + White + With Butter and Salad
roll-pastrami-wholemeal-with-butter-and-salad,"Roll, Pastrami (Wholemeal, With Butter and Salad)",Rolls,,290,13.25,35.95,10.65,2.85,,1.52,4.68,2.10,1218,,,,,,contains_beef,false,false,,,page nutritional-information/11143: total of the filling + Wholemeal + With Butter and Salad
roll-pastrami-multiseed-with-butter-and-salad,"Roll, Pastrami (Multiseed, With Butter and Salad)",Rolls,,104,7.40,2.80,7.40,2.20,,0.87,2.08,0.80,431,,,,,,contains_beef,false,false,,,page nutritional-information/11143: total of the filling + Multiseed + With Butter and Salad
roll-plain-chicken-crusty-with-butter-and-salad,"Roll, Plain Chicken (Crusty, With Butter and Salad)",Rolls,,239,19.85,23.80,6.65,2.20,,1.05,2.50,2.15,1004,,,,,,,false,false,,,page nutritional-information/11134: total of the filling + Crusty + With Butter and Salad
roll-plain-chicken-white-with-butter-and-salad,"Roll, Plain Chicken (White, With Butter and Salad)",Rolls,,296,20.35,32.75,8.80,2.85,,1.25,3.55,2.10,1245,,,,,,,false,true,,,page nutritional-information/11134: total of the filling + White + With Butter and Salad
roll-plain-chicken-wholemeal-with-butter-and-salad,"Roll, Plain Chicken (Wholemeal, With Butter and Salad)",Rolls,,315,21.65,35.35,9.45,2.85,,1.25,4.20,2.10,1324,,,,,,,false,false,,,page nutritional-information/11134: total of the filling + Wholemeal + With Butter and Salad
roll-plain-chicken-multiseed-with-butter-and-salad,"Roll, Plain Chicken (Multiseed, With Butter and Salad)",Rolls,,129,15.80,2.20,6.20,2.20,,0.60,1.60,0.80,537,,,,,,,false,false,,,page nutritional-information/11134: total of the filling + Multiseed + With Butter and Salad
roll-prawn-mayo-crusty-with-butter-and-salad,"Roll, Prawn Mayo (Crusty, With Butter and Salad)",Rolls,,364,12.85,24.00,23.65,3.20,,1.25,2.50,2.15,1514,,,,,,,false,false,,,page nutritional-information/11146: total of the filling + With Butter and Salad + Crusty
roll-prawn-mayo-white-with-butter-and-salad,"Roll, Prawn Mayo (White, With Butter and Salad)",Rolls,,421,13.35,32.95,25.80,3.85,,1.45,3.55,2.10,1754,,,,,,,false,true,,,page nutritional-information/11146: total of the filling + With Butter and Salad + White
roll-prawn-mayo-wholemeal-with-butter-and-salad,"Roll, Prawn Mayo (Wholemeal, With Butter and Salad)",Rolls,,440,14.65,35.55,26.45,3.85,,1.45,4.20,2.10,1833,,,,,,,false,false,,,page nutritional-information/11146: total of the filling + With Butter and Salad + Wholemeal
roll-prawn-mayo-multiseed-with-butter-and-salad,"Roll, Prawn Mayo (Multiseed, With Butter and Salad)",Rolls,,254,8.80,2.40,23.20,3.20,,0.80,1.60,0.80,1046,,,,,,,false,false,,,page nutritional-information/11146: total of the filling + With Butter and Salad + Multiseed
roll-rare-roast-beef-crusty-with-butter-and-salad,"Roll, Rare Roast Beef (Crusty, With Butter and Salad)",Rolls,,243,16.85,23.60,8.85,2.85,,0.67,2.75,2.40,1018,,,,,,contains_beef,false,false,,,page nutritional-information/11142: total of the filling + With Butter and Salad + Crusty
roll-rare-roast-beef-white-with-butter-and-salad,"Roll, Rare Roast Beef (White, With Butter and Salad)",Rolls,,300,17.35,32.55,11.00,3.50,,0.87,3.80,2.35,1259,,,,,,contains_beef,false,true,,,page nutritional-information/11142: total of the filling + With Butter and Salad + White
roll-rare-roast-beef-wholemeal-with-butter-and-salad,"Roll, Rare Roast Beef (Wholemeal, With Butter and Salad)",Rolls,,318,18.65,35.15,11.65,3.50,,0.87,4.45,2.35,1338,,,,,,contains_beef,false,false,,,page nutritional-information/11142: total of the filling + With Butter and Salad + Wholemeal
roll-rare-roast-beef-multiseed-with-butter-and-salad,"Roll, Rare Roast Beef (Multiseed, With Butter and Salad)",Rolls,,132,12.80,2.00,8.40,2.85,,0.22,1.85,1.05,551,,,,,,contains_beef,false,false,,,page nutritional-information/11142: total of the filling + With Butter and Salad + Multiseed
roll-roast-pork-crusty-with-butter-and-salad,"Roll, Roast Pork (Crusty, With Butter and Salad)",Rolls,,278,13.85,30.40,10.85,3.10,,0.75,4.60,3.05,1165,,,,,,contains_pork,false,false,,,page nutritional-information/11127: total of the filling + Crusty + With Butter and Salad
roll-roast-pork-white-with-butter-and-salad,"Roll, Roast Pork (White, With Butter and Salad)",Rolls,,335,14.35,39.35,13.00,3.75,,0.95,5.65,3.00,1405,,,,,,contains_pork,false,true,,,page nutritional-information/11127: total of the filling + White + With Butter and Salad
roll-roast-pork-wholemeal-with-butter-and-salad,"Roll, Roast Pork (Wholemeal, With Butter and Salad)",Rolls,,353,15.65,41.95,13.65,3.75,,0.95,6.30,3.00,1484,,,,,,contains_pork,false,false,,,page nutritional-information/11127: total of the filling + Wholemeal + With Butter and Salad
roll-roast-pork-multiseed-with-butter-and-salad,"Roll, Roast Pork (Multiseed, With Butter and Salad)",Rolls,,167,9.80,8.80,10.40,3.10,,0.30,3.70,1.70,698,,,,,,contains_pork,false,false,,,page nutritional-information/11127: total of the filling + Multiseed + With Butter and Salad
roll-roasted-veg-white-with-butter-and-salad,"Roll, Roasted Veg (White, With Butter and Salad)",Rolls,,277,6.39,36.23,10.60,2.57,,1.05,7.23,4.10,1159,,,,,,,false,true,,,page nutritional-information/12290: total of the filling + White + With Butter and Salad
roll-roasted-veg-crusty-with-butter-and-salad,"Roll, Roasted Veg (Crusty, With Butter and Salad)",Rolls,,220,5.89,27.28,8.45,1.92,,0.85,6.18,4.15,918,,,,,,,false,false,,,page nutritional-information/12290: total of the filling + Crusty + With Butter and Salad
roll-roasted-veg-multiseed-with-butter-and-salad,"Roll, Roasted Veg (Multiseed, With Butter and Salad)",Rolls,,109,1.84,5.68,8.00,1.92,,0.40,5.28,2.80,451,,,,,,,false,false,,,page nutritional-information/12290: total of the filling + Multiseed + With Butter and Salad
roll-roasted-veg-wholemeal-with-butter-and-salad,"Roll, Roasted Veg (Wholemeal, With Butter and Salad)",Rolls,,295,7.69,38.83,11.25,2.57,,1.05,7.88,4.10,1238,,,,,,,false,false,,,page nutritional-information/12290: total of the filling + Wholemeal + With Butter and Salad
roll-salad-crusty-with-butter-and-salad,"Roll, Salad (Crusty, With Butter and Salad)",Rolls,,169,4.85,23.20,6.05,1.60,,0.45,2.50,2.15,707,,,,,,,false,false,,,page nutritional-information/11154: total of the filling + With Butter and Salad + Crusty
roll-salad-white-with-butter-and-salad,"Roll, Salad (White, With Butter and Salad)",Rolls,,226,5.35,32.15,8.20,2.25,,0.65,3.55,2.10,948,,,,,,,false,true,,,page nutritional-information/11154: total of the filling + With Butter and Salad + White
roll-salad-wholemeal-with-butter-and-salad,"Roll, Salad (Wholemeal, With Butter and Salad)",Rolls,,244,6.65,34.75,8.85,2.25,,0.65,4.20,2.10,1027,,,,,,,false,false,,,page nutritional-information/11154: total of the filling + With Butter and Salad + Wholemeal
roll-salad-multiseed-with-butter-and-salad,"Roll, Salad (Multiseed, With Butter and Salad)",Rolls,,58,0.80,1.60,5.60,1.60,,0.00,1.60,0.80,240,,,,,,,false,false,,,page nutritional-information/11154: total of the filling + With Butter and Salad + Multiseed
roll-sausage-crusty-with-butter-and-salad,"Roll, Sausage (Crusty, With Butter and Salad)",Rolls,,380,18.15,34.10,18.75,6.00,,2.35,4.00,2.15,1588,,,,,,contains_pork|contains_beef,false,false,,,page nutritional-information/11131: total of the filling + With Butter and Salad + Crusty
roll-sausage-white-with-butter-and-salad,"Roll, Sausage (White, With Butter and Salad)",Rolls,,437,18.65,43.05,20.90,6.65,,2.55,5.05,2.10,1829,,,,,,contains_pork|contains_beef,false,true,,,page nutritional-information/11131: total of the filling + With Butter and Salad + White
roll-sausage-wholemeal-with-butter-and-salad,"Roll, Sausage (Wholemeal, With Butter and Salad)",Rolls,,455,19.95,45.65,21.55,6.65,,2.55,5.70,2.10,1908,,,,,,contains_pork|contains_beef,false,false,,,page nutritional-information/11131: total of the filling + With Butter and Salad + Wholemeal
roll-sausage-multiseed-with-butter-and-salad,"Roll, Sausage (Multiseed, With Butter and Salad)",Rolls,,269,14.10,12.50,18.30,6.00,,1.90,3.10,0.80,1121,,,,,,contains_pork|contains_beef,false,false,,,page nutritional-information/11131: total of the filling + With Butter and Salad + Multiseed
roll-sausage-and-bacon-crusty,"Roll, Sausage & Bacon (Crusty)",Rolls,,436,30.56,29.73,21.46,7.69,,4.78,2.45,1.85,1825,,,,,,contains_pork,false,false,,,page nutritional-information/11164: total of the filling + Crusty
roll-sausage-and-bacon-white,"Roll, Sausage & Bacon (White)",Rolls,,493,31.06,38.68,23.61,8.34,,4.98,3.50,1.80,2066,,,,,,contains_pork,false,true,,,page nutritional-information/11164: total of the filling + White
roll-sausage-and-bacon-wholemeal,"Roll, Sausage & Bacon (Wholemeal)",Rolls,,512,32.36,41.28,24.26,8.34,,4.98,4.15,1.80,2144,,,,,,contains_pork,false,false,,,page nutritional-information/11164: total of the filling + Wholemeal
roll-sausage-and-bacon-multiseed,"Roll, Sausage & Bacon (Multiseed)",Rolls,,326,26.51,8.13,21.01,7.69,,4.33,1.55,0.50,1358,,,,,,contains_pork,false,false,,,page nutritional-information/11164: total of the filling + Multiseed
roll-tuna-mayo-crusty-with-butter-and-salad,"Roll, Tuna Mayo (Crusty, With Butter and Salad)",Rolls,,397,17.65,24.00,25.25,3.20,,0.45,2.50,2.15,1648,,,,,,,false,false,,,page nutritional-information/11145: total of the filling + With Butter and Salad + Crusty
roll-tuna-mayo-white-with-butter-and-salad,"Roll, Tuna Mayo (White, With Butter and Salad)",Rolls,,454,18.15,32.95,27.40,3.85,,0.65,3.55,2.10,1889,,,,,,,false,true,,,page nutritional-information/11145: total of the filling + With Butter and Salad + White
roll-tuna-mayo-wholemeal-with-butter-and-salad,"Roll, Tuna Mayo (Wholemeal, With Butter and Salad)",Rolls,,472,19.45,35.55,28.05,3.85,,0.65,4.20,2.10,1967,,,,,,,false,false,,,page nutritional-information/11145: total of the filling + With Butter and Salad + Wholemeal
roll-tuna-mayo-multiseed-with-butter-and-salad,"Roll, Tuna Mayo (Multiseed, With Butter and Salad)",Rolls,,286,13.60,2.40,24.80,3.20,,0.00,1.60,0.80,1181,,,,,,,false,false,,,page nutritional-information/11145: total of the filling + With Butter and Salad + Multiseed
salad-bacon-balsamic-dressing,"Salad, Bacon (Balsamic dressing)",Salads,,208,19.98,10.92,13.15,4.98,,3.27,8.54,2.72,1005,,,,,,contains_pork,false,true,,,page nutritional-information/10938: total of the filling + Balsamic
salad-bacon-no-dressing,"Salad, Bacon (No Dressing)",Salads,,187,19.88,5.14,13.15,4.98,,3.26,4.16,2.62,919,,,,,,contains_pork,false,true,,,page nutritional-information/10938: total of the filling + No Dressing
salad-boiled-fried-egg-balsamic-dressing,"Salad, Boiled/Fried Egg (Balsamic dressing)",Salads,,191,18.30,10.40,12.12,3.39,,0.61,8.02,2.20,938,,,,,,,false,true,,,page nutritional-information/10960: total of the filling + Balsamic
salad-boiled-fried-egg-no-dressing,"Salad, Boiled/Fried Egg (No Dressing)",Salads,,171,18.20,4.62,12.12,3.39,,0.60,3.64,2.10,853,,,,,,,false,true,,,page nutritional-information/10960: total of the filling + No Dressing
salad-brie-balsamic-dressing,"Salad, Brie (Balsamic dressing)",Salads,,411,24.72,12.20,32.82,22.94,,1.92,8.62,2.80,1845,,,,,,,false,true,,,page nutritional-information/10962: total of the filling + Balsamic
salad-brie-no-dressing,"Salad, Brie (No Dressing)",Salads,,390,24.62,6.42,32.82,22.94,,1.91,4.24,2.70,1759,,,,,,,false,true,,,page nutritional-information/10962: total of the filling + No Dressing
salad-buffalo-chicken-balsamic-dressing,"Salad, Buffalo Chicken (Balsamic dressing)",Salads,,256,15.12,24.80,14.82,3.74,,0.12,10.42,2.20,1208,,,,,,,false,true,,,page nutritional-information/11446: total of the filling + Balsamic
salad-buffalo-chicken-no-dressing,"Salad, Buffalo Chicken (No Dressing)",Salads,,236,15.02,19.02,14.82,3.74,,0.11,6.04,2.10,1122,,,,,,,false,true,,,page nutritional-information/11446: total of the filling + No Dressing
salad-cheese-balsamic-dressing-brie,"Salad, Cheese (Balsamic dressing, Brie)",Salads,,319,15.52,12.00,26.82,18.54,,1.24,9.62,2.20,1462,,,,,,,false,true,,,page nutritional-information/10959: total of the filling + Balsamic + Brie
salad-cheese-balsamic-dressing-mozzarella,"Salad, Cheese (Balsamic dressing, Mozzarella)",Salads,,256,22.16,11.12,17.22,11.74,,1.16,8.66,2.20,1205,,,,,,,false,true,,,page nutritional-information/10959: total of the filling + Balsamic + Mozzarella 
salad-cheese-balsamic-dressing-grated-cheddar,"Salad, Cheese (Balsamic dressing, Grated Cheddar)",Salads,,333,22.72,11.92,25.22,15.66,,1.64,8.10,2.20,1529,,,,,,,false,true,,,page nutritional-information/10959: total of the filling + Balsamic + Grated Cheddar
salad-cheese-balsamic-dressing-mexicana,"Salad, Cheese (Balsamic dressing, Mexicana)",Salads,,252,16.02,13.10,18.54,11.48,,1.25,8.38,2.50,1187,,,,,,,false,true,,,page nutritional-information/10959: total of the filling + Balsamic + Mexicana
salad-cheese-balsamic-dressing-sliced-cheddar,"Salad, Cheese (Balsamic dressing, Sliced Cheddar)",Salads,,270,17.16,10.46,21.36,13.16,,1.26,8.08,2.20,1262,,,,,,,false,true,,,page nutritional-information/10959: total of the filling + Balsamic + Sliced Cheddar
salad-cheese-no-dressing-brie,"Salad, Cheese (No Dressing, Brie)",Salads,,299,15.42,6.22,26.82,18.54,,1.23,5.24,2.10,1377,,,,,,,false,true,,,page nutritional-information/10959: total of the filling + No Dressing + Brie
salad-cheese-no-dressing-mozzarella,"Salad, Cheese (No Dressing, Mozzarella)",Salads,,236,22.06,5.34,17.22,11.74,,1.15,4.28,2.10,1119,,,,,,,false,true,,,page nutritional-information/10959: total of the filling + No Dressing + Mozzarella 
salad-cheese-no-dressing-grated-cheddar,"Salad, Cheese (No Dressing, Grated Cheddar)",Salads,,312,22.62,6.14,25.22,15.66,,1.63,3.72,2.10,1443,,,,,,,false,true,,,page nutritional-information/10959: total of the filling + No Dressing + Grated Cheddar
salad-cheese-no-dressing-mexicana,"Salad, Cheese (No Dressing, Mexicana)",Salads,,231,15.92,7.32,18.54,11.48,,1.24,4.00,2.40,1101,,,,,,,false,true,,,page nutritional-information/10959: total of the filling + No Dressing + Mexicana
salad-cheese-no-dressing-sliced-cheddar,"Salad, Cheese (No Dressing, Sliced Cheddar)",Salads,,250,17.06,4.68,21.36,13.16,,1.25,3.70,2.10,1176,,,,,,,false,true,,,page nutritional-information/10959: total of the filling + No Dressing + Sliced Cheddar
salad-cheese-crunch-balsamic-dressing,"Salad, Cheese Crunch (Balsamic dressing)",Salads,,142,4.92,10.70,12.12,3.14,,0.42,8.32,2.50,728,,,,,,,false,true,,,page nutritional-information/10961: total of the filling + Balsamic
salad-cheese-crunch-no-dressing,"Salad, Cheese Crunch (No Dressing)",Salads,,122,4.82,4.92,12.12,3.14,,0.41,3.94,2.40,642,,,,,,,false,true,,,page nutritional-information/10961: total of the filling + No Dressing
salad-chicken-and-avocado-balsamic-dressing,"Salad, Chicken & Avocado (Balsamic dressing)",Salads,,171,18.72,14.00,7.62,2.54,,0.12,9.22,2.20,856,,,,,,,false,true,,,page nutritional-information/10947: total of the filling + Balsamic
salad-chicken-and-avocado-no-dressing,"Salad, Chicken & Avocado (No Dressing)",Salads,,150,18.62,8.22,7.62,2.54,,0.11,4.84,2.10,770,,,,,,,false,true,,,page nutritional-information/10947: total of the filling + No Dressing
salad-chicken-mayo-balsamic-dressing,"Salad, Chicken Mayo (Balsamic dressing)",Salads,,246,23.52,12.80,14.82,2.54,,1.32,9.22,2.20,1161,,,,,,,false,true,,,page nutritional-information/10941: total of the filling + Balsamic
salad-chicken-mayo-no-dressing,"Salad, Chicken Mayo (No Dressing)",Salads,,226,23.42,7.02,14.82,2.54,,1.31,4.84,2.10,1075,,,,,,,false,true,,,page nutritional-information/10941: total of the filling + No Dressing
salad-chicken-mayo-and-bacon-balsamic-dressing,"Salad, Chicken Mayo & Bacon (Balsamic dressing)",Salads,,316,23.52,12.80,22.02,4.94,,0.12,9.22,2.20,1454,,,,,,contains_pork,false,true,,,page nutritional-information/10946: total of the filling + Balsamic
salad-chicken-mayo-and-bacon-no-dressing,"Salad, Chicken Mayo & Bacon (No Dressing)",Salads,,296,23.42,7.02,22.02,4.94,,0.11,4.84,2.10,1368,,,,,,contains_pork,false,true,,,page nutritional-information/10946: total of the filling + No Dressing
salad-chicken-tikka-balsamic-dressing,"Salad, Chicken Tikka (Balsamic dressing)",Salads,,239,21.12,14.00,18.42,2.54,,0.12,9.22,4.60,1270,,,,,,,false,true,,,page nutritional-information/10943: total of the filling + Balsamic
salad-chicken-tikka-no-dressing,"Salad, Chicken Tikka (No Dressing)",Salads,,219,21.02,8.22,18.42,2.54,,0.11,4.84,4.50,1184,,,,,,,false,true,,,page nutritional-information/10943: total of the filling + No Dressing
salad-cold-smoked-salmon-balsamic-dressing,"Salad, Cold Smoked Salmon (Balsamic dressing)",Salads,,168,24.12,10.50,6.71,1.19,,3.09,8.12,2.20,845,,,,,,,false,true,,,page nutritional-information/10958: total of the filling + Balsamic
salad-cold-smoked-salmon-no-dressing,"Salad, Cold Smoked Salmon (No Dressing)",Salads,,148,24.02,4.72,6.71,1.19,,3.08,3.74,2.10,759,,,,,,,false,true,,,page nutritional-information/10958: total of the filling + No Dressing
salad-coronation-chicken-balsamic-dressing,"Salad, Coronation Chicken (Balsamic dressing)",Salads,,405,15.12,23.60,30.42,2.54,,1.32,18.82,3.40,1817,,,,,,,false,true,,,page nutritional-information/10944: total of the filling + Balsamic
salad-coronation-chicken-no-dressing,"Salad, Coronation Chicken (No Dressing)",Salads,,384,15.02,17.82,30.42,2.54,,1.31,14.44,3.30,1731,,,,,,,false,true,,,page nutritional-information/10944: total of the filling + No Dressing
salad-egg-mayo-balsamic-dressing,"Salad, Egg Mayo (Balsamic dressing)",Salads,,283,18.42,13.40,19.92,4.64,,1.62,9.52,2.20,1310,,,,,,,false,true,,,page nutritional-information/10965: total of the filling + Balsamic
salad-egg-mayo-no-dressing,"Salad, Egg Mayo (No Dressing)",Salads,,263,18.32,7.62,19.92,4.64,,1.61,5.14,2.10,1224,,,,,,,false,true,,,page nutritional-information/10965: total of the filling + No Dressing
salad-feta-balsamic-dressing,"Salad, Feta (Balsamic dressing)",Salads,,166,9.92,10.90,12.92,9.14,,1.12,8.27,2.20,829,,,,,,,false,true,,,page nutritional-information/12301: total of the filling + Balsamic
salad-feta-no-dressing,"Salad, Feta (No Dressing)",Salads,,145,9.82,5.12,12.92,9.14,,1.11,3.89,2.10,743,,,,,,,false,true,,,page nutritional-information/12301: total of the filling + No Dressing
salad-ham-balsamic-dressing,"Salad, Ham (Balsamic dressing)",Salads,,134,21.10,10.71,4.49,1.42,,1.85,8.30,2.28,710,,,,,,contains_pork,false,true,,,page nutritional-information/10936: total of the filling + Balsamic
salad-ham-no-dressing,"Salad, Ham (No Dressing)",Salads,,114,21.00,4.93,4.49,1.42,,1.84,3.92,2.18,624,,,,,,contains_pork,false,true,,,page nutritional-information/10936: total of the filling + No Dressing
salad-ham-and-cheese-brie-balsamic-dressing,"Salad, Ham & Cheese (Brie, Balsamic dressing)",Salads,,283,27.84,11.35,17.67,10.62,,2.40,8.97,2.20,1323,,,,,,contains_pork,false,true,,,page nutritional-information/10979: total of the filling + Brie + Balsamic
salad-ham-and-cheese-brie-no-dressing,"Salad, Ham & Cheese (Brie, No Dressing)",Salads,,263,27.74,5.57,17.67,10.62,,2.39,4.59,2.10,1237,,,,,,contains_pork,false,true,,,page nutritional-information/10979: total of the filling + Brie + No Dressing
salad-ham-and-cheese-mozzarella-balsamic-dressing,"Salad, Ham & Cheese (Mozzarella, Balsamic dressing)",Salads,,369,41.28,11.27,21.27,13.02,,2.88,8.81,2.20,1683,,,,,,contains_pork,false,true,,,page nutritional-information/10979: total of the filling + Mozzarella  + Balsamic
salad-ham-and-cheese-mozzarella-no-dressing,"Salad, Ham & Cheese (Mozzarella, No Dressing)",Salads,,349,41.18,5.49,21.27,13.02,,2.87,4.43,2.10,1597,,,,,,contains_pork,false,true,,,page nutritional-information/10979: total of the filling + Mozzarella  + No Dressing
salad-ham-and-cheese-grated-cheddar-balsamic-dressing,"Salad, Ham & Cheese (Grated Cheddar, Balsamic dressing)",Salads,,290,31.44,11.31,16.87,9.18,,2.60,8.21,2.20,1356,,,,,,contains_pork,false,true,,,page nutritional-information/10979: total of the filling + Grated Cheddar + Balsamic
salad-ham-and-cheese-grated-cheddar-no-dressing,"Salad, Ham & Cheese (Grated Cheddar, No Dressing)",Salads,,270,31.34,5.53,16.87,9.18,,2.59,3.83,2.10,1270,,,,,,contains_pork,false,true,,,page nutritional-information/10979: total of the filling + Grated Cheddar + No Dressing
salad-ham-and-cheese-mexicana-balsamic-dressing,"Salad, Ham & Cheese (Mexicana, Balsamic dressing)",Salads,,249,28.09,11.90,13.53,7.09,,2.40,8.35,2.35,1185,,,,,,contains_pork,false,true,,,page nutritional-information/10979: total of the filling + Mexicana + Balsamic
salad-ham-and-cheese-mexicana-no-dressing,"Salad, Ham & Cheese (Mexicana, No Dressing)",Salads,,229,27.99,6.12,13.53,7.09,,2.39,3.97,2.25,1099,,,,,,contains_pork,false,true,,,page nutritional-information/10979: total of the filling + Mexicana + No Dressing
salad-ham-and-cheese-sliced-cheddar-balsamic-dressing,"Salad, Ham & Cheese (Sliced Cheddar, Balsamic dressing)",Salads,,259,28.66,10.58,14.94,7.93,,2.41,8.20,2.20,1222,,,,,,contains_pork,false,true,,,page nutritional-information/10979: total of the filling + Sliced Cheddar + Balsamic
salad-ham-and-cheese-sliced-cheddar-no-dressing,"Salad, Ham & Cheese (Sliced Cheddar, No Dressing)",Salads,,238,28.56,4.80,14.94,7.93,,2.40,3.82,2.10,1137,,,,,,contains_pork,false,true,,,page nutritional-information/10979: total of the filling + Sliced Cheddar + No Dressing
salad-ham-and-egg-balsamic-dressing,"Salad, Ham & Egg (Balsamic dressing)",Salads,,255,34.32,10.58,12.03,3.55,,2.47,8.20,2.20,1211,,,,,,contains_pork,false,true,,,page nutritional-information/10980: total of the filling + Balsamic
salad-ham-and-egg-no-dressing,"Salad, Ham & Egg (No Dressing)",Salads,,234,34.22,4.80,12.03,3.55,,2.46,3.82,2.10,1125,,,,,,contains_pork,false,true,,,page nutritional-information/10980: total of the filling + No Dressing
salad-honey-mustard-chicken-balsamic-dressing,"Salad, Honey Mustard Chicken (Balsamic dressing)",Salads,,305,21.12,22.40,18.42,1.34,,1.32,18.82,2.20,1414,,,,,,,false,true,,,page nutritional-information/10945: total of the filling + Balsamic
salad-honey-mustard-chicken-no-dressing,"Salad, Honey Mustard Chicken (No Dressing)",Salads,,285,21.02,16.62,18.42,1.34,,1.31,14.44,2.10,1328,,,,,,,false,true,,,page nutritional-information/10945: total of the filling + No Dressing
salad-hot-smoked-salmon-balsamic-dressing,"Salad, Hot Smoked Salmon (Balsamic dressing)",Salads,,233,21.78,10.40,15.14,2.32,,1.64,8.02,2.20,1110,,,,,,,false,true,,,page nutritional-information/12312: total of the filling + Balsamic
salad-hot-smoked-salmon-no-dressing,"Salad, Hot Smoked Salmon (No Dressing)",Salads,,212,21.68,4.62,15.14,2.32,,1.63,3.64,2.10,1024,,,,,,,false,true,,,page nutritional-information/12312: total of the filling + No Dressing
salad-pastrami-balsamic-dressing,"Salad, Pastrami (Balsamic dressing)",Salads,,66,8.52,11.60,2.22,0.74,,0.99,8.50,2.20,419,,,,,,,false,true,,,page nutritional-information/10952: total of the filling + Balsamic
salad-pastrami-no-dressing,"Salad, Pastrami (No Dressing)",Salads,,46,8.42,5.82,2.22,0.74,,0.98,4.12,2.10,333,,,,,,,false,true,,,page nutritional-information/10952: total of the filling + No Dressing
salad-plain-chicken-balsamic-dressing,"Salad, Plain Chicken (Balsamic dressing)",Salads,,126,24.42,11.30,1.32,1.04,,1.02,8.02,2.20,673,,,,,,,false,true,,,page nutritional-information/10942: total of the filling + Balsamic
salad-plain-chicken-no-dressing,"Salad, Plain Chicken (No Dressing)",Salads,,106,24.32,5.52,1.32,1.04,,1.01,3.64,2.10,587,,,,,,,false,true,,,page nutritional-information/10942: total of the filling + No Dressing
salad-prawn-mayo-balsamic-dressing,"Salad, Prawn Mayo (Balsamic dressing)",Salads,,350,15.42,11.75,30.12,2.84,,1.47,8.02,2.20,1588,,,,,,,false,true,,,page nutritional-information/10955: total of the filling + Balsamic
salad-prawn-mayo-no-dressing,"Salad, Prawn Mayo (No Dressing)",Salads,,330,15.32,5.97,30.12,2.84,,1.46,3.64,2.10,1502,,,,,,,false,true,,,page nutritional-information/10955: total of the filling + No Dressing
salad-rare-roast-beef-balsamic-dressing,"Salad, Rare Roast Beef (Balsamic dressing)",Salads,,147,22.32,11.08,5.18,2.26,,0.49,8.44,2.62,756,,,,,,contains_beef,false,true,,,page nutritional-information/10951: total of the filling + Balsamic
salad-rare-roast-beef-no-dressing,"Salad, Rare Roast Beef (No Dressing)",Salads,,126,22.22,5.30,5.18,2.26,,0.48,4.06,2.52,670,,,,,,contains_beef,false,true,,,page nutritional-information/10951: total of the filling + No Dressing
salad-roast-pork-balsamic-dressing,"Salad, Roast Pork (Balsamic dressing)",Salads,,643,35.66,60.17,24.33,8.63,,2.27,12.22,6.86,2837,,,,,,contains_pork,false,true,,,page nutritional-information/10935: total of the filling + Balsamic
salad-roast-pork-no-dressing,"Salad, Roast Pork (No Dressing)",Salads,,622,35.56,54.39,24.33,8.63,,2.26,7.84,6.76,2751,,,,,,contains_pork,false,true,,,page nutritional-information/10935: total of the filling + No Dressing
salad-roasted-veg-balsamic-dressing,"Salad, Roasted Veg (Balsamic dressing)",Salads,,115,3.87,18.05,4.92,0.74,,0.87,14.92,5.95,623,,,,,,,false,true,,,page nutritional-information/12302: total of the filling + Balsamic
salad-roasted-veg-no-dressing,"Salad, Roasted Veg (No Dressing)",Salads,,95,3.77,12.27,4.92,0.74,,0.86,10.54,5.85,537,,,,,,,false,true,,,page nutritional-information/12302: total of the filling + No Dressing
salad-sausage-balsamic-dressing,"Salad, Sausage (Balsamic dressing)",Salads,,337,21.87,26.75,19.47,6.74,,2.97,10.27,2.20,1549,,,,,,contains_pork,false,true,,,page nutritional-information/10939: total of the filling + Balsamic
salad-sausage-no-dressing,"Salad, Sausage (No Dressing)",Salads,,317,21.77,20.97,19.47,6.74,,2.96,5.89,2.10,1463,,,,,,contains_pork,false,true,,,page nutritional-information/10939: total of the filling + No Dressing
salad-tuna-mayo-balsamic-dressing,"Salad, Tuna Mayo (Balsamic dressing)",Salads,,434,25.12,11.85,35.22,3.04,,0.12,8.02,2.20,1932,,,,,,,false,true,,,page nutritional-information/10954: total of the filling + Balsamic
salad-tuna-mayo-no-dressing,"Salad, Tuna Mayo (No Dressing)",Salads,,414,25.02,6.07,35.22,3.04,,0.11,3.64,2.10,1847,,,,,,,false,true,,,page nutritional-information/10954: total of the filling + No Dressing
sandwich-bacon-harvester-with-butter-and-salad,"Sandwich, Bacon (Harvester, With Butter and Salad)",Sandwiches,,378,20.04,39.55,15.68,4.83,,2.90,3.55,3.55,1584,,,,,,contains_pork,false,false,,,page nutritional-information/11026: total of the filling + Harvester + With Butter and Salad
sandwich-bacon-multiseed-with-butter-and-salad,"Sandwich, Bacon (Multiseed, With Butter and Salad)",Sandwiches,,403,21.64,35.55,18.88,5.63,,2.10,2.75,4.35,1687,,,,,,contains_pork,false,false,,,page nutritional-information/11026: total of the filling + Multiseed + With Butter and Salad
sandwich-bacon-oat-with-butter-and-salad,"Sandwich, Bacon (Oat, With Butter and Salad)",Sandwiches,,382,19.24,40.35,15.68,5.63,,2.90,3.55,4.35,1601,,,,,,contains_pork,false,false,,,page nutritional-information/11026: total of the filling + Oat + With Butter and Salad
sandwich-bacon-white-with-butter-and-salad,"Sandwich, Bacon (White, With Butter and Salad)",Sandwiches,,384,18.44,41.15,16.48,5.63,,2.90,2.75,2.75,1608,,,,,,contains_pork,false,true,,,page nutritional-information/11026: total of the filling + White + With Butter and Salad
sandwich-bacon-wholemeal-with-butter-and-salad,"Sandwich, Bacon (Wholemeal, With Butter and Salad)",Sandwiches,,361,20.04,32.35,15.68,5.63,,2.90,2.75,7.55,1510,,,,,,contains_pork,false,false,,,page nutritional-information/11026: total of the filling + Wholemeal + With Butter and Salad
sandwich-bacon-multiseed-sourdough-with-butter-and-salad,"Sandwich, Bacon (Multiseed Sourdough, With Butter and Salad)",Sandwiches,,429,21.64,45.95,17.38,4.83,,3.20,3.05,4.45,1800,,,,,,contains_pork,false,false,,,page nutritional-information/11026: total of the filling + Multiseed Sourdough + With Butter and Salad
sandwich-bacon-white-sourdough-with-butter-and-salad,"Sandwich, Bacon (White Sourdough, With Butter and Salad)",Sandwiches,,444,20.54,55.85,15.18,4.83,,3.20,3.05,4.45,1864,,,,,,contains_pork,false,false,,,page nutritional-information/11026: total of the filling + White Sourdough + With Butter and Salad
sandwich-boiled-fried-egg-harvester-with-butter-and-salad,"Sandwich, Boiled/Fried Egg (Harvester, With Butter and Salad)",Sandwiches,,372,19.34,39.20,15.30,3.85,,1.14,3.20,3.20,1557,,,,,,,false,false,,,page nutritional-information/11048: total of the filling + Harvester + With Butter and Salad
sandwich-boiled-fried-egg-multiseed-with-butter-and-salad,"Sandwich, Boiled/Fried Egg (Multiseed, With Butter and Salad)",Sandwiches,,396,20.94,35.20,18.50,4.65,,0.34,2.40,4.00,1660,,,,,,,false,false,,,page nutritional-information/11048: total of the filling + Multiseed + With Butter and Salad
sandwich-boiled-fried-egg-multiseed-sourdough-with-butter-and-salad,"Sandwich, Boiled/Fried Egg (Multiseed Sourdough, With Butter and Salad)",Sandwiches,,423,20.94,45.60,17.00,3.85,,1.44,2.70,4.10,1774,,,,,,,false,false,,,page nutritional-information/11048: total of the filling + Multiseed Sourdough + With Butter and Salad
sandwich-boiled-fried-egg-oat-with-butter-and-salad,"Sandwich, Boiled/Fried Egg (Oat, With Butter and Salad)",Sandwiches,,376,18.54,40.00,15.30,4.65,,1.14,3.20,4.00,1575,,,,,,,false,false,,,page nutritional-information/11048: total of the filling + Oat + With Butter and Salad
sandwich-boiled-fried-egg-white-with-butter-and-salad,"Sandwich, Boiled/Fried Egg (White, With Butter and Salad)",Sandwiches,,377,17.74,40.80,16.10,4.65,,1.14,2.40,2.40,1581,,,,,,,false,true,,,page nutritional-information/11048: total of the filling + White + With Butter and Salad
sandwich-boiled-fried-egg-white-sourdough-with-butter-and-salad,"Sandwich, Boiled/Fried Egg (White Sourdough, With Butter and Salad)",Sandwiches,,437,19.84,55.50,14.80,3.85,,1.44,2.70,4.10,1838,,,,,,,false,false,,,page nutritional-information/11048: total of the filling + White Sourdough + With Butter and Salad
sandwich-boiled-fried-egg-wholemeal-with-butter-and-salad,"Sandwich, Boiled/Fried Egg (Wholemeal, With Butter and Salad)",Sandwiches,,354,19.34,32.00,15.30,4.65,,1.14,2.40,7.20,1484,,,,,,,false,false,,,page nutritional-information/11048: total of the filling + Wholemeal + With Butter and Salad
sandwich-brie-harvester-with-butter-and-salad,"Sandwich, Brie (Harvester, With Butter and Salad)",Sandwiches,,514,23.20,40.40,28.80,16.80,,2.00,3.60,3.60,2143,,,,,,,false,false,,,page nutritional-information/11050: total of the filling + Harvester + With Butter and Salad
sandwich-brie-multiseed-with-butter-and-salad,"Sandwich, Brie (Multiseed, With Butter and Salad)",Sandwiches,,538,24.80,36.40,32.00,17.60,,1.20,2.80,4.40,2246,,,,,,,false,false,,,page nutritional-information/11050: total of the filling + Multiseed + With Butter and Salad
sandwich-brie-oat-with-butter-and-salad,"Sandwich, Brie (Oat, With Butter and Salad)",Sandwiches,,518,22.40,41.20,28.80,17.60,,2.00,3.60,4.40,2161,,,,,,,false,false,,,page nutritional-information/11050: total of the filling + Oat + With Butter and Salad
sandwich-brie-white-with-butter-and-salad,"Sandwich, Brie (White, With Butter and Salad)",Sandwiches,,519,21.60,42.00,29.60,17.60,,2.00,2.80,2.80,2167,,,,,,,false,true,,,page nutritional-information/11050: total of the filling + White + With Butter and Salad
sandwich-brie-wholemeal-with-butter-and-salad,"Sandwich, Brie (Wholemeal, With Butter and Salad)",Sandwiches,,496,23.20,33.20,28.80,17.60,,2.00,2.80,7.60,2070,,,,,,,false,false,,,page nutritional-information/11050: total of the filling + Wholemeal + With Butter and Salad
sandwich-brie-multiseed-sourdough-with-butter-and-salad,"Sandwich, Brie (Multiseed Sourdough, With Butter and Salad)",Sandwiches,,565,24.80,46.80,30.50,16.80,,2.30,3.10,4.50,2360,,,,,,,false,false,,,page nutritional-information/11050: total of the filling + Multiseed Sourdough + With Butter and Salad
sandwich-brie-white-sourdough-with-butter-and-salad,"Sandwich, Brie (White Sourdough, With Butter and Salad)",Sandwiches,,579,23.70,56.70,28.30,16.80,,2.30,3.10,4.50,2424,,,,,,,false,false,,,page nutritional-information/11050: total of the filling + White Sourdough + With Butter and Salad
sandwich-buffalo-chicken-wholemeal-with-butter-and-salad,"Sandwich, Buffalo Chicken (Wholemeal, With Butter and Salad)",Sandwiches,,422,18.45,43.40,18.60,5.25,,0.80,4.30,7.20,1767,,,,,,,false,false,,,page nutritional-information/11447: total of the filling + Wholemeal + With Butter and Salad
sandwich-buffalo-chicken-white-sourdough-with-butter-and-salad,"Sandwich, Buffalo Chicken (White Sourdough, With Butter and Salad)",Sandwiches,,505,18.95,66.90,18.10,4.45,,1.10,4.60,4.10,2122,,,,,,,false,false,,,page nutritional-information/11447: total of the filling + White Sourdough + With Butter and Salad
sandwich-buffalo-chicken-white-with-butter-and-salad,"Sandwich, Buffalo Chicken (White, With Butter and Salad)",Sandwiches,,445,16.85,52.20,19.40,5.25,,0.80,4.30,2.40,1865,,,,,,,false,true,,,page nutritional-information/11447: total of the filling + White + With Butter and Salad
sandwich-buffalo-chicken-oat-with-butter-and-salad,"Sandwich, Buffalo Chicken (Oat, With Butter and Salad)",Sandwiches,,444,17.65,51.40,18.60,5.25,,0.80,5.10,4.00,1859,,,,,,,false,false,,,page nutritional-information/11447: total of the filling + Oat + With Butter and Salad
sandwich-buffalo-chicken-multiseed-sourdough-with-butter-and-salad,"Sandwich, Buffalo Chicken (Multiseed Sourdough, With Butter and Salad)",Sandwiches,,491,20.05,57.00,20.30,4.45,,1.10,4.60,4.10,2058,,,,,,,false,false,,,page nutritional-information/11447: total of the filling + Multiseed Sourdough + With Butter and Salad
sandwich-buffalo-chicken-multiseed-with-butter-and-salad,"Sandwich, Buffalo Chicken (Multiseed, With Butter and Salad)",Sandwiches,,465,20.05,46.60,21.80,5.25,,0.00,4.30,4.00,1944,,,,,,,false,false,,,page nutritional-information/11447: total of the filling + Multiseed + With Butter and Salad
sandwich-buffalo-chicken-harvester-with-butter-and-salad,"Sandwich, Buffalo Chicken (Harvester, With Butter and Salad)",Sandwiches,,440,18.45,50.60,18.60,4.45,,0.80,5.10,3.20,1841,,,,,,,false,false,,,page nutritional-information/11447: total of the filling + Harvester + With Butter and Salad
sandwich-cheese-brie-harvester,"Sandwich, Cheese (Brie, Harvester)",Sandwiches,,475,19.95,39.10,26.35,17.25,,1.85,3.10,2.40,1983,,,,,,,false,true,,,page nutritional-information/11047: total of the filling + Brie + Harvester
sandwich-cheese-brie-multiseed,"Sandwich, Cheese (Brie, Multiseed)",Sandwiches,,500,21.55,35.10,29.55,18.05,,1.05,2.30,3.20,2086,,,,,,,false,true,,,page nutritional-information/11047: total of the filling + Brie + Multiseed
sandwich-cheese-brie-multiseed-sourdough,"Sandwich, Cheese (Brie, Multiseed Sourdough)",Sandwiches,,526,21.55,45.50,28.05,17.25,,2.15,2.60,3.30,2200,,,,,,,false,true,,,page nutritional-information/11047: total of the filling + Brie + Multiseed Sourdough
sandwich-cheese-brie-oat,"Sandwich, Cheese (Brie, Oat)",Sandwiches,,479,19.15,39.90,26.35,18.05,,1.85,3.10,3.20,2000,,,,,,,false,true,,,page nutritional-information/11047: total of the filling + Brie + Oat
sandwich-cheese-brie-white,"Sandwich, Cheese (Brie, White)",Sandwiches,,481,18.35,40.70,27.15,18.05,,1.85,2.30,1.60,2007,,,,,,,false,true,,,page nutritional-information/11047: total of the filling + Brie + White
sandwich-cheese-brie-white-sourdough,"Sandwich, Cheese (Brie, White Sourdough)",Sandwiches,,540,20.45,55.40,25.85,17.25,,2.15,2.60,3.30,2264,,,,,,,false,true,,,page nutritional-information/11047: total of the filling + Brie + White Sourdough
sandwich-cheese-brie-wholemeal,"Sandwich, Cheese (Brie, Wholemeal)",Sandwiches,,457,19.95,31.90,26.35,18.05,,1.85,2.30,6.40,1909,,,,,,,false,true,,,page nutritional-information/11047: total of the filling + Brie + Wholemeal
sandwich-cheese-mozzarella-harvester,"Sandwich, Cheese (Mozzarella, Harvester)",Sandwiches,,475,31.24,38.46,21.55,13.78,,2.04,2.36,2.40,1986,,,,,,,false,true,,,page nutritional-information/11047: total of the filling + Mozzarella  + Harvester
sandwich-cheese-mozzarella-multiseed,"Sandwich, Cheese (Mozzarella, Multiseed)",Sandwiches,,499,32.84,34.46,24.75,14.58,,1.24,1.56,3.20,2089,,,,,,,false,true,,,page nutritional-information/11047: total of the filling + Mozzarella  + Multiseed
sandwich-cheese-mozzarella-multiseed-sourdough,"Sandwich, Cheese (Mozzarella, Multiseed Sourdough)",Sandwiches,,526,32.84,44.86,23.25,13.78,,2.34,1.86,3.30,2203,,,,,,,false,true,,,page nutritional-information/11047: total of the filling + Mozzarella  + Multiseed Sourdough
sandwich-cheese-mozzarella-oat,"Sandwich, Cheese (Mozzarella, Oat)",Sandwiches,,479,30.44,39.26,21.55,14.58,,2.04,2.36,3.20,2003,,,,,,,false,true,,,page nutritional-information/11047: total of the filling + Mozzarella  + Oat
sandwich-cheese-mozzarella-white,"Sandwich, Cheese (Mozzarella, White)",Sandwiches,,480,29.64,40.06,22.35,14.58,,2.04,1.56,1.60,2010,,,,,,,false,true,,,page nutritional-information/11047: total of the filling + Mozzarella  + White
sandwich-cheese-mozzarella-white-sourdough,"Sandwich, Cheese (Mozzarella, White Sourdough)",Sandwiches,,540,31.74,54.76,21.05,13.78,,2.34,1.86,3.30,2266,,,,,,,false,true,,,page nutritional-information/11047: total of the filling + Mozzarella  + White Sourdough
sandwich-cheese-mozzarella-wholemeal,"Sandwich, Cheese (Mozzarella, Wholemeal)",Sandwiches,,457,31.24,31.26,21.55,14.58,,2.04,1.56,6.40,1912,,,,,,,false,true,,,page nutritional-information/11047: total of the filling + Mozzarella  + Wholemeal
sandwich-cheese-grated-cheddar-harvester,"Sandwich, Cheese (Grated Cheddar, Harvester)",Sandwiches,,566,31.90,39.40,31.05,18.43,,2.60,1.70,2.40,2370,,,,,,,false,true,,,page nutritional-information/11047: total of the filling + Grated Cheddar + Harvester
sandwich-cheese-grated-cheddar-multiseed,"Sandwich, Cheese (Grated Cheddar, Multiseed)",Sandwiches,,591,33.50,35.40,34.25,19.23,,1.80,0.90,3.20,2474,,,,,,,false,true,,,page nutritional-information/11047: total of the filling + Grated Cheddar + Multiseed
sandwich-cheese-grated-cheddar-multiseed-sourdough,"Sandwich, Cheese (Grated Cheddar, Multiseed Sourdough)",Sandwiches,,617,33.50,45.80,32.75,18.43,,2.90,1.20,3.30,2587,,,,,,,false,true,,,page nutritional-information/11047: total of the filling + Grated Cheddar + Multiseed Sourdough
sandwich-cheese-grated-cheddar-oat,"Sandwich, Cheese (Grated Cheddar, Oat)",Sandwiches,,570,31.10,40.20,31.05,19.23,,2.60,1.70,3.20,2388,,,,,,,false,true,,,page nutritional-information/11047: total of the filling + Grated Cheddar + Oat
sandwich-cheese-grated-cheddar-white,"Sandwich, Cheese (Grated Cheddar, White)",Sandwiches,,571,30.30,41.00,31.85,19.23,,2.60,0.90,1.60,2394,,,,,,,false,true,,,page nutritional-information/11047: total of the filling + Grated Cheddar + White
sandwich-cheese-grated-cheddar-white-sourdough,"Sandwich, Cheese (Grated Cheddar, White Sourdough)",Sandwiches,,631,32.40,55.70,30.55,18.43,,2.90,1.20,3.30,2651,,,,,,,false,true,,,page nutritional-information/11047: total of the filling + Grated Cheddar + White Sourdough
sandwich-cheese-grated-cheddar-wholemeal,"Sandwich, Cheese (Grated Cheddar, Wholemeal)",Sandwiches,,548,31.90,32.20,31.05,19.23,,2.60,0.90,6.40,2297,,,,,,,false,true,,,page nutritional-information/11047: total of the filling + Grated Cheddar + Wholemeal
sandwich-cheese-mexicana-harvester,"Sandwich, Cheese (Mexicana, Harvester)",Sandwiches,,349,16.60,39.40,13.68,7.56,,1.55,1.84,2.60,1464,,,,,,,false,true,,,page nutritional-information/11047: total of the filling + Mexicana + Harvester
sandwich-cheese-mexicana-multiseed,"Sandwich, Cheese (Mexicana, Multiseed)",Sandwiches,,374,18.20,35.40,16.88,8.36,,0.75,1.04,3.40,1568,,,,,,,false,true,,,page nutritional-information/11047: total of the filling + Mexicana + Multiseed
sandwich-cheese-mexicana-multiseed-sourdough,"Sandwich, Cheese (Mexicana, Multiseed Sourdough)",Sandwiches,,400,18.20,45.80,15.38,7.56,,1.85,1.34,3.50,1681,,,,,,,false,true,,,page nutritional-information/11047: total of the filling + Mexicana + Multiseed Sourdough
sandwich-cheese-mexicana-oat,"Sandwich, Cheese (Mexicana, Oat)",Sandwiches,,353,15.80,40.20,13.68,8.36,,1.55,1.84,3.40,1482,,,,,,,false,true,,,page nutritional-information/11047: total of the filling + Mexicana + Oat
sandwich-cheese-mexicana-white,"Sandwich, Cheese (Mexicana, White)",Sandwiches,,355,15.00,41.00,14.48,8.36,,1.55,1.04,1.80,1488,,,,,,,false,true,,,page nutritional-information/11047: total of the filling + Mexicana + White
sandwich-cheese-mexicana-white-sourdough,"Sandwich, Cheese (Mexicana, White Sourdough)",Sandwiches,,415,17.10,55.70,13.18,7.56,,1.85,1.34,3.50,1745,,,,,,,false,true,,,page nutritional-information/11047: total of the filling + Mexicana + White Sourdough
sandwich-cheese-mexicana-wholemeal,"Sandwich, Cheese (Mexicana, Wholemeal)",Sandwiches,,332,16.60,32.20,13.68,8.36,,1.55,1.04,6.60,1391,,,,,,,false,true,,,page nutritional-information/11047: total of the filling + Mexicana + Wholemeal
sandwich-cheese-sliced-cheddar-harvester,"Sandwich, Cheese (Sliced Cheddar, Harvester)",Sandwiches,,362,17.36,37.64,15.56,8.68,,1.56,1.64,2.40,1515,,,,,,,false,true,,,page nutritional-information/11047: total of the filling + Sliced Cheddar + Harvester
sandwich-cheese-sliced-cheddar-multiseed,"Sandwich, Cheese (Sliced Cheddar, Multiseed)",Sandwiches,,386,18.96,33.64,18.76,9.48,,0.76,0.84,3.20,1618,,,,,,,false,true,,,page nutritional-information/11047: total of the filling + Sliced Cheddar + Multiseed
sandwich-cheese-sliced-cheddar-multiseed-sourdough,"Sandwich, Cheese (Sliced Cheddar, Multiseed Sourdough)",Sandwiches,,413,18.96,44.04,17.26,8.68,,1.86,1.14,3.30,1732,,,,,,,false,true,,,page nutritional-information/11047: total of the filling + Sliced Cheddar + Multiseed Sourdough
sandwich-cheese-sliced-cheddar-oat,"Sandwich, Cheese (Sliced Cheddar, Oat)",Sandwiches,,366,16.56,38.44,15.56,9.48,,1.56,1.64,3.20,1532,,,,,,,false,true,,,page nutritional-information/11047: total of the filling + Sliced Cheddar + Oat
sandwich-cheese-sliced-cheddar-white,"Sandwich, Cheese (Sliced Cheddar, White)",Sandwiches,,367,15.76,39.24,16.36,9.48,,1.56,0.84,1.60,1539,,,,,,,false,true,,,page nutritional-information/11047: total of the filling + Sliced Cheddar + White
sandwich-cheese-sliced-cheddar-white-sourdough,"Sandwich, Cheese (Sliced Cheddar, White Sourdough)",Sandwiches,,427,17.86,53.94,15.06,8.68,,1.86,1.14,3.30,1796,,,,,,,false,true,,,page nutritional-information/11047: total of the filling + Sliced Cheddar + White Sourdough
sandwich-cheese-sliced-cheddar-wholemeal,"Sandwich, Cheese (Sliced Cheddar, Wholemeal)",Sandwiches,,344,17.36,30.44,15.56,9.48,,1.56,0.84,6.40,1441,,,,,,,false,true,,,page nutritional-information/11047: total of the filling + Sliced Cheddar + Wholemeal
sandwich-cheese-crunch-harvester-with-butter-and-salad,"Sandwich, Cheese Crunch (Harvester, With Butter and Salad)",Sandwiches,,578,16.00,40.00,38.40,9.60,,1.60,4.00,4.00,2400,,,,,,,false,false,,,page nutritional-information/11049: total of the filling + Harvester + With Butter and Salad
sandwich-cheese-crunch-multiseed-with-butter-and-salad,"Sandwich, Cheese Crunch (Multiseed, With Butter and Salad)",Sandwiches,,602,17.60,36.00,41.60,10.40,,0.80,3.20,4.80,2503,,,,,,,false,false,,,page nutritional-information/11049: total of the filling + Multiseed + With Butter and Salad
sandwich-cheese-crunch-oat-with-butter-and-salad,"Sandwich, Cheese Crunch (Oat, With Butter and Salad)",Sandwiches,,582,15.20,40.80,38.40,10.40,,1.60,4.00,4.80,2418,,,,,,,false,false,,,page nutritional-information/11049: total of the filling + Oat + With Butter and Salad
sandwich-cheese-crunch-white-with-butter-and-salad,"Sandwich, Cheese Crunch (White, With Butter and Salad)",Sandwiches,,583,14.40,41.60,39.20,10.40,,1.60,3.20,3.20,2424,,,,,,,false,true,,,page nutritional-information/11049: total of the filling + White + With Butter and Salad
sandwich-cheese-crunch-wholemeal-with-butter-and-salad,"Sandwich, Cheese Crunch (Wholemeal, With Butter and Salad)",Sandwiches,,560,16.00,32.80,38.40,10.40,,1.60,3.20,8.00,2326,,,,,,,false,false,,,page nutritional-information/11049: total of the filling + Wholemeal + With Butter and Salad
sandwich-cheese-crunch-multiseed-sourdough-with-butter-and-salad,"Sandwich, Cheese Crunch (Multiseed Sourdough, With Butter and Salad)",Sandwiches,,629,17.60,46.40,40.10,9.60,,1.90,3.50,4.90,2617,,,,,,,false,false,,,page nutritional-information/11049: total of the filling + Multiseed Sourdough + With Butter and Salad
sandwich-cheese-crunch-white-sourdough-with-butter-and-salad,"Sandwich, Cheese Crunch (White Sourdough, With Butter and Salad)",Sandwiches,,643,16.50,56.30,37.90,9.60,,1.90,3.50,4.90,2681,,,,,,,false,false,,,page nutritional-information/11049: total of the filling + White Sourdough + With Butter and Salad
sandwich-chicken-and-avocado-harvester-with-butter-and-salad,"Sandwich, Chicken & Avocado (Harvester, With Butter and Salad)",Sandwiches,,372,21.30,42.05,12.90,3.50,,0.80,4.15,3.20,1563,,,,,,,false,false,,,page nutritional-information/11035: total of the filling + With Butter and Salad + Harvester
sandwich-chicken-and-avocado-multiseed-with-butter-and-salad,"Sandwich, Chicken & Avocado (Multiseed, With Butter and Salad)",Sandwiches,,397,22.90,38.05,16.10,4.30,,0.00,3.35,4.00,1666,,,,,,,false,false,,,page nutritional-information/11035: total of the filling + With Butter and Salad + Multiseed
sandwich-chicken-and-avocado-oat-with-butter-and-salad,"Sandwich, Chicken & Avocado (Oat, With Butter and Salad)",Sandwiches,,376,20.50,42.85,12.90,4.30,,0.80,4.15,4.00,1580,,,,,,,false,false,,,page nutritional-information/11035: total of the filling + With Butter and Salad + Oat
sandwich-chicken-and-avocado-white-with-butter-and-salad,"Sandwich, Chicken & Avocado (White, With Butter and Salad)",Sandwiches,,378,19.70,43.65,13.70,4.30,,0.80,3.35,2.40,1587,,,,,,,false,true,,,page nutritional-information/11035: total of the filling + With Butter and Salad + White
sandwich-chicken-and-avocado-wholemeal-with-butter-and-salad,"Sandwich, Chicken & Avocado (Wholemeal, With Butter and Salad)",Sandwiches,,355,21.30,34.85,12.90,4.30,,0.80,3.35,7.20,1489,,,,,,,false,false,,,page nutritional-information/11035: total of the filling + With Butter and Salad + Wholemeal
sandwich-chicken-and-avocado-multiseed-sourdough-with-butter-and-salad,"Sandwich, Chicken & Avocado (Multiseed Sourdough, With Butter and Salad)",Sandwiches,,424,22.90,48.45,14.60,3.50,,1.10,3.65,4.10,1780,,,,,,,false,false,,,page nutritional-information/11035: total of the filling + With Butter and Salad + Multiseed Sourdough
sandwich-chicken-and-avocado-white-sourdough-with-butter-and-salad,"Sandwich, Chicken & Avocado (White Sourdough, With Butter and Salad)",Sandwiches,,438,21.80,58.35,12.40,3.50,,1.10,3.65,4.10,1843,,,,,,,false,false,,,page nutritional-information/11035: total of the filling + With Butter and Salad + White Sourdough
sandwich-chicken-mayo-harvester-with-butter-and-salad,"Sandwich, Chicken Mayo (Harvester, With Butter and Salad)",Sandwiches,,432,25.10,41.10,18.60,3.50,,1.75,4.15,3.20,1804,,,,,,,false,false,,,page nutritional-information/11029: total of the filling + Harvester + With Butter and Salad
sandwich-chicken-mayo-multiseed-with-butter-and-salad,"Sandwich, Chicken Mayo (Multiseed, With Butter and Salad)",Sandwiches,,457,26.70,37.10,21.80,4.30,,0.95,3.35,4.00,1907,,,,,,,false,false,,,page nutritional-information/11029: total of the filling + Multiseed + With Butter and Salad
sandwich-chicken-mayo-oat-with-butter-and-salad,"Sandwich, Chicken Mayo (Oat, With Butter and Salad)",Sandwiches,,436,24.30,41.90,18.60,4.30,,1.75,4.15,4.00,1822,,,,,,,false,false,,,page nutritional-information/11029: total of the filling + Oat + With Butter and Salad
sandwich-chicken-mayo-white-with-butter-and-salad,"Sandwich, Chicken Mayo (White, With Butter and Salad)",Sandwiches,,438,23.50,42.70,19.40,4.30,,1.75,3.35,2.40,1828,,,,,,,false,true,,,page nutritional-information/11029: total of the filling + White + With Butter and Salad
sandwich-chicken-mayo-wholemeal-with-butter-and-salad,"Sandwich, Chicken Mayo (Wholemeal, With Butter and Salad)",Sandwiches,,415,25.10,33.90,18.60,4.30,,1.75,3.35,7.20,1730,,,,,,,false,false,,,page nutritional-information/11029: total of the filling + Wholemeal + With Butter and Salad
sandwich-chicken-mayo-multiseed-sourdough-with-butter-and-salad,"Sandwich, Chicken Mayo (Multiseed Sourdough, With Butter and Salad)",Sandwiches,,483,26.70,47.50,20.30,3.50,,2.05,3.65,4.10,2021,,,,,,,false,false,,,page nutritional-information/11029: total of the filling + Multiseed Sourdough + With Butter and Salad
sandwich-chicken-mayo-white-sourdough-with-butter-and-salad,"Sandwich, Chicken Mayo (White Sourdough, With Butter and Salad)",Sandwiches,,498,25.60,57.40,18.10,3.50,,2.05,3.65,4.10,2085,,,,,,,false,false,,,page nutritional-information/11029: total of the filling + White Sourdough + With Butter and Salad
sandwich-chicken-mayo-and-bacon-harvester-with-butter-and-salad,"Sandwich, Chicken Mayo & Bacon (Harvester, With Butter and Salad)",Sandwiches,,487,25.10,41.10,24.30,5.40,,0.80,4.15,3.20,2036,,,,,,contains_pork,false,false,,,page nutritional-information/11034: total of the filling + With Butter and Salad + Harvester
sandwich-chicken-mayo-and-bacon-multiseed-with-butter-and-salad,"Sandwich, Chicken Mayo & Bacon (Multiseed, With Butter and Salad)",Sandwiches,,512,26.70,37.10,27.50,6.20,,0.00,3.35,4.00,2139,,,,,,contains_pork,false,false,,,page nutritional-information/11034: total of the filling + With Butter and Salad + Multiseed
sandwich-chicken-mayo-and-bacon-oat-with-butter-and-salad,"Sandwich, Chicken Mayo & Bacon (Oat, With Butter and Salad)",Sandwiches,,491,24.30,41.90,24.30,6.20,,0.80,4.15,4.00,2053,,,,,,contains_pork,false,false,,,page nutritional-information/11034: total of the filling + With Butter and Salad + Oat
sandwich-chicken-mayo-and-bacon-white-with-butter-and-salad,"Sandwich, Chicken Mayo & Bacon (White, With Butter and Salad)",Sandwiches,,493,23.50,42.70,25.10,6.20,,0.80,3.35,2.40,2060,,,,,,contains_pork,false,true,,,page nutritional-information/11034: total of the filling + With Butter and Salad + White
sandwich-chicken-mayo-and-bacon-wholemeal-with-butter-and-salad,"Sandwich, Chicken Mayo & Bacon (Wholemeal, With Butter and Salad)",Sandwiches,,470,25.10,33.90,24.30,6.20,,0.80,3.35,7.20,1962,,,,,,contains_pork,false,false,,,page nutritional-information/11034: total of the filling + With Butter and Salad + Wholemeal
sandwich-chicken-mayo-and-bacon-multiseed-sourdough-with-butter-and-salad,"Sandwich, Chicken Mayo & Bacon (Multiseed Sourdough, With Butter and Salad)",Sandwiches,,539,26.70,47.50,26.00,5.40,,1.10,3.65,4.10,2253,,,,,,contains_pork,false,false,,,page nutritional-information/11034: total of the filling + With Butter and Salad + Multiseed Sourdough
sandwich-chicken-mayo-and-bacon-white-sourdough-with-butter-and-salad,"Sandwich, Chicken Mayo & Bacon (White Sourdough, With Butter and Salad)",Sandwiches,,553,25.60,57.40,23.80,5.40,,1.10,3.65,4.10,2316,,,,,,contains_pork,false,false,,,page nutritional-information/11034: total of the filling + With Butter and Salad + White Sourdough
sandwich-chicken-tikka-harvester-with-butter-and-salad,"Sandwich, Chicken Tikka (Harvester, With Butter and Salad)",Sandwiches,,427,23.20,42.05,21.45,3.50,,0.80,4.15,5.10,1890,,,,,,,false,false,,,page nutritional-information/11031: total of the filling + Harvester + With Butter and Salad
sandwich-chicken-tikka-multiseed-with-butter-and-salad,"Sandwich, Chicken Tikka (Multiseed, With Butter and Salad)",Sandwiches,,451,24.80,38.05,24.65,4.30,,0.00,3.35,5.90,1994,,,,,,,false,false,,,page nutritional-information/11031: total of the filling + Multiseed + With Butter and Salad
sandwich-chicken-tikka-oat-with-butter-and-salad,"Sandwich, Chicken Tikka (Oat, With Butter and Salad)",Sandwiches,,431,22.40,42.85,21.45,4.30,,0.80,4.15,5.90,1908,,,,,,,false,false,,,page nutritional-information/11031: total of the filling + Oat + With Butter and Salad
sandwich-chicken-tikka-white-with-butter-and-salad,"Sandwich, Chicken Tikka (White, With Butter and Salad)",Sandwiches,,432,21.60,43.65,22.25,4.30,,0.80,3.35,4.30,1914,,,,,,,false,true,,,page nutritional-information/11031: total of the filling + White + With Butter and Salad
sandwich-chicken-tikka-wholemeal-with-butter-and-salad,"Sandwich, Chicken Tikka (Wholemeal, With Butter and Salad)",Sandwiches,,409,23.20,34.85,21.45,4.30,,0.80,3.35,9.10,1817,,,,,,,false,false,,,page nutritional-information/11031: total of the filling + Wholemeal + With Butter and Salad
sandwich-chicken-tikka-multiseed-sourdough-with-butter-and-salad,"Sandwich, Chicken Tikka (Multiseed Sourdough, With Butter and Salad)",Sandwiches,,478,24.80,48.45,23.15,3.50,,1.10,3.65,6.00,2107,,,,,,,false,false,,,page nutritional-information/11031: total of the filling + Multiseed Sourdough + With Butter and Salad
sandwich-chicken-tikka-white-sourdough-with-butter-and-salad,"Sandwich, Chicken Tikka (White Sourdough, With Butter and Salad)",Sandwiches,,492,23.70,58.35,20.95,3.50,,1.10,3.65,6.00,2171,,,,,,,false,false,,,page nutritional-information/11031: total of the filling + White Sourdough + With Butter and Salad
sandwich-cold-smoked-salmon-harvester-with-butter-and-salad,"Sandwich, Cold Smoked Salmon (Harvester, With Butter and Salad)",Sandwiches,,362,24.36,39.27,11.83,2.38,,2.99,3.27,3.20,1520,,,,,,,false,false,,,page nutritional-information/11046: total of the filling + Harvester + With Butter and Salad
sandwich-cold-smoked-salmon-multiseed-with-butter-and-salad,"Sandwich, Cold Smoked Salmon (Multiseed, With Butter and Salad)",Sandwiches,,387,25.96,35.27,15.03,3.18,,2.19,2.47,4.00,1623,,,,,,,false,false,,,page nutritional-information/11046: total of the filling + Multiseed + With Butter and Salad
sandwich-cold-smoked-salmon-oat-with-butter-and-salad,"Sandwich, Cold Smoked Salmon (Oat, With Butter and Salad)",Sandwiches,,366,23.56,40.07,11.83,3.18,,2.99,3.27,4.00,1537,,,,,,,false,false,,,page nutritional-information/11046: total of the filling + Oat + With Butter and Salad
sandwich-cold-smoked-salmon-white-with-butter-and-salad,"Sandwich, Cold Smoked Salmon (White, With Butter and Salad)",Sandwiches,,368,22.76,40.87,12.63,3.18,,2.99,2.47,2.40,1544,,,,,,,false,true,,,page nutritional-information/11046: total of the filling + White + With Butter and Salad
sandwich-cold-smoked-salmon-wholemeal-with-butter-and-salad,"Sandwich, Cold Smoked Salmon (Wholemeal, With Butter and Salad)",Sandwiches,,345,24.36,32.07,11.83,3.18,,2.99,2.47,7.20,1446,,,,,,,false,false,,,page nutritional-information/11046: total of the filling + Wholemeal + With Butter and Salad
sandwich-cold-smoked-salmon-multiseed-sourdough-with-butter-and-salad,"Sandwich, Cold Smoked Salmon (Multiseed Sourdough, With Butter and Salad)",Sandwiches,,413,25.96,45.67,13.53,2.38,,3.29,2.77,4.10,1737,,,,,,,false,false,,,page nutritional-information/11046: total of the filling + Multiseed Sourdough + With Butter and Salad
sandwich-cold-smoked-salmon-white-sourdough-with-butter-and-salad,"Sandwich, Cold Smoked Salmon (White Sourdough, With Butter and Salad)",Sandwiches,,428,24.86,55.57,11.33,2.38,,3.29,2.77,4.10,1801,,,,,,,false,false,,,page nutritional-information/11046: total of the filling + White Sourdough + With Butter and Salad
sandwich-coronation-chicken-harvester-with-butter-and-salad,"Sandwich, Coronation Chicken (Harvester, With Butter and Salad)",Sandwiches,,558,18.45,49.65,30.95,3.50,,1.75,11.75,4.15,2324,,,,,,,false,false,,,page nutritional-information/11032: total of the filling + Harvester + With Butter and Salad
sandwich-coronation-chicken-multiseed-with-butter-and-salad,"Sandwich, Coronation Chicken (Multiseed, With Butter and Salad)",Sandwiches,,582,20.05,45.65,34.15,4.30,,0.95,10.95,4.95,2427,,,,,,,false,false,,,page nutritional-information/11032: total of the filling + Multiseed + With Butter and Salad
sandwich-coronation-chicken-oat-with-butter-and-salad,"Sandwich, Coronation Chicken (Oat, With Butter and Salad)",Sandwiches,,562,17.65,50.45,30.95,4.30,,1.75,11.75,4.95,2341,,,,,,,false,false,,,page nutritional-information/11032: total of the filling + Oat + With Butter and Salad
sandwich-coronation-chicken-white-with-butter-and-salad,"Sandwich, Coronation Chicken (White, With Butter and Salad)",Sandwiches,,563,16.85,51.25,31.75,4.30,,1.75,10.95,3.35,2348,,,,,,,false,true,,,page nutritional-information/11032: total of the filling + White + With Butter and Salad
sandwich-coronation-chicken-wholemeal-with-butter-and-salad,"Sandwich, Coronation Chicken (Wholemeal, With Butter and Salad)",Sandwiches,,540,18.45,42.45,30.95,4.30,,1.75,10.95,8.15,2250,,,,,,,false,false,,,page nutritional-information/11032: total of the filling + Wholemeal + With Butter and Salad
sandwich-coronation-chicken-multiseed-sourdough-with-butter-and-salad,"Sandwich, Coronation Chicken (Multiseed Sourdough, With Butter and Salad)",Sandwiches,,609,20.05,56.05,32.65,3.50,,2.05,11.25,5.05,2540,,,,,,,false,false,,,page nutritional-information/11032: total of the filling + Multiseed Sourdough + With Butter and Salad
sandwich-coronation-chicken-white-sourdough-with-butter-and-salad,"Sandwich, Coronation Chicken (White Sourdough, With Butter and Salad)",Sandwiches,,623,18.95,65.95,30.45,3.50,,2.05,11.25,5.05,2604,,,,,,,false,false,,,page nutritional-information/11032: total of the filling + White Sourdough + With Butter and Salad
sandwich-egg-mayo-harvester,"Sandwich, Egg Mayo (Harvester)",Sandwiches,,398,19.96,39.92,16.68,3.48,,1.96,2.76,2.40,1662,,,,,,,false,false,,,page nutritional-information/11053: total of the filling + Harvester
sandwich-egg-mayo-multiseed,"Sandwich, Egg Mayo (Multiseed)",Sandwiches,,423,21.56,35.92,19.88,4.28,,1.16,1.96,3.20,1766,,,,,,,false,false,,,page nutritional-information/11053: total of the filling + Multiseed
sandwich-egg-mayo-oat,"Sandwich, Egg Mayo (Oat)",Sandwiches,,402,19.16,40.72,16.68,4.28,,1.96,2.76,3.20,1680,,,,,,,false,false,,,page nutritional-information/11053: total of the filling + Oat
sandwich-egg-mayo-white,"Sandwich, Egg Mayo (White)",Sandwiches,,404,18.36,41.52,17.48,4.28,,1.96,1.96,1.60,1686,,,,,,,false,true,,,page nutritional-information/11053: total of the filling + White
sandwich-egg-mayo-wholemeal,"Sandwich, Egg Mayo (Wholemeal)",Sandwiches,,381,19.96,32.72,16.68,4.28,,1.96,1.96,6.40,1589,,,,,,,false,false,,,page nutritional-information/11053: total of the filling + Wholemeal
sandwich-egg-mayo-multiseed-sourdough,"Sandwich, Egg Mayo (Multiseed Sourdough)",Sandwiches,,449,21.56,46.32,18.38,3.48,,2.26,2.26,3.30,1879,,,,,,,false,false,,,page nutritional-information/11053: total of the filling + Multiseed Sourdough
sandwich-egg-mayo-white-sourdough,"Sandwich, Egg Mayo (White Sourdough)",Sandwiches,,464,20.46,56.22,16.18,3.48,,2.26,2.26,3.30,1943,,,,,,,false,false,,,page nutritional-information/11053: total of the filling + White Sourdough
sandwich-feta-oat-with-butter-and-salad,"Sandwich, Feta (Oat, With Butter and Salad)",Sandwiches,,258,7.20,40.00,7.20,2.40,,0.80,3.20,4.00,1082,,,,,,,false,false,,,page nutritional-information/12291: total of the filling + Oat + With Butter and Salad
sandwich-feta-wholemeal-with-butter-and-salad,"Sandwich, Feta (Wholemeal, With Butter and Salad)",Sandwiches,,236,8.00,32.00,7.20,2.40,,0.80,2.40,7.20,991,,,,,,,false,false,,,page nutritional-information/12291: total of the filling + Wholemeal + With Butter and Salad
sandwich-feta-white-with-butter-and-salad,"Sandwich, Feta (White, With Butter and Salad)",Sandwiches,,259,6.40,40.80,8.00,2.40,,0.80,2.40,2.40,1089,,,,,,,false,true,,,page nutritional-information/12291: total of the filling + White + With Butter and Salad
sandwich-feta-harvester-with-butter-and-salad,"Sandwich, Feta (Harvester, With Butter and Salad)",Sandwiches,,254,8.00,39.20,7.20,1.60,,0.80,3.20,3.20,1065,,,,,,,false,false,,,page nutritional-information/12291: total of the filling + Harvester + With Butter and Salad
sandwich-feta-multiseed-sourdough-with-butter-and-salad,"Sandwich, Feta (Multiseed Sourdough, With Butter and Salad)",Sandwiches,,305,9.60,45.60,8.90,1.60,,1.10,2.70,4.10,1282,,,,,,,false,false,,,page nutritional-information/12291: total of the filling + Multiseed Sourdough + With Butter and Salad
sandwich-feta-multiseed-with-butter-and-salad,"Sandwich, Feta (Multiseed, With Butter and Salad)",Sandwiches,,278,9.60,35.20,10.40,2.40,,0.00,2.40,4.00,1168,,,,,,,false,false,,,page nutritional-information/12291: total of the filling + Multiseed + With Butter and Salad
sandwich-feta-white-sourdough-with-butter-and-salad,"Sandwich, Feta (White Sourdough, With Butter and Salad)",Sandwiches,,319,8.50,55.50,6.70,1.60,,1.10,2.70,4.10,1346,,,,,,,false,false,,,page nutritional-information/12291: total of the filling + White Sourdough + With Butter and Salad
sandwich-ham-harvester-with-butter-and-salad,"Sandwich, Ham (Harvester, With Butter and Salad)",Sandwiches,,322,19.48,39.29,9.63,2.36,,1.84,3.29,3.20,1351,,,,,,contains_pork,false,false,,,page nutritional-information/11024: total of the filling + With Butter and Salad + Harvester
sandwich-ham-multiseed-with-butter-and-salad,"Sandwich, Ham (Multiseed, With Butter and Salad)",Sandwiches,,346,21.08,35.29,12.83,3.16,,1.04,2.49,4.00,1455,,,,,,contains_pork,false,false,,,page nutritional-information/11024: total of the filling + With Butter and Salad + Multiseed
sandwich-ham-multiseed-sourdough-with-butter-and-salad,"Sandwich, Ham (Multiseed Sourdough, With Butter and Salad)",Sandwiches,,373,21.08,45.69,11.33,2.36,,2.14,2.79,4.10,1568,,,,,,contains_pork,false,false,,,page nutritional-information/11024: total of the filling + With Butter and Salad + Multiseed Sourdough
sandwich-ham-oat-with-butter-and-salad,"Sandwich, Ham (Oat, With Butter and Salad)",Sandwiches,,326,18.68,40.09,9.63,3.16,,1.84,3.29,4.00,1369,,,,,,contains_pork,false,false,,,page nutritional-information/11024: total of the filling + With Butter and Salad + Oat
sandwich-ham-white-with-butter-and-salad,"Sandwich, Ham (White, With Butter and Salad)",Sandwiches,,327,17.88,40.89,10.43,3.16,,1.84,2.49,2.40,1375,,,,,,contains_pork,false,true,,,page nutritional-information/11024: total of the filling + With Butter and Salad + White
sandwich-ham-white-sourdough-with-butter-and-salad,"Sandwich, Ham (White Sourdough, With Butter and Salad)",Sandwiches,,387,19.98,55.59,9.13,2.36,,2.14,2.79,4.10,1632,,,,,,contains_pork,false,false,,,page nutritional-information/11024: total of the filling + With Butter and Salad + White Sourdough
sandwich-ham-wholemeal-with-butter-and-salad,"Sandwich, Ham (Wholemeal, With Butter and Salad)",Sandwiches,,304,19.48,32.09,9.63,3.16,,1.84,2.49,7.20,1278,,,,,,contains_pork,false,false,,,page nutritional-information/11024: total of the filling + With Butter and Salad + Wholemeal
sandwich-ham-and-cheese-brie-harvester-with-butter-and-salad,"Sandwich, Ham & Cheese (Brie, Harvester, With Butter and Salad)",Sandwiches,,471,26.28,40.09,22.83,11.56,,2.40,4.09,3.20,1969,,,,,,contains_pork,false,true,,,page nutritional-information/11063: total of the filling + Brie + With Butter and Salad + Harvester
sandwich-ham-and-cheese-brie-multiseed-with-butter-and-salad,"Sandwich, Ham & Cheese (Brie, Multiseed, With Butter and Salad)",Sandwiches,,496,27.88,36.09,26.03,12.36,,1.60,3.29,4.00,2072,,,,,,contains_pork,false,true,,,page nutritional-information/11063: total of the filling + Brie + With Butter and Salad + Multiseed
sandwich-ham-and-cheese-brie-multiseed-sourdough-with-butter-and-salad,"Sandwich, Ham & Cheese (Brie, Multiseed Sourdough, With Butter and Salad)",Sandwiches,,522,27.88,46.49,24.53,11.56,,2.70,3.59,4.10,2186,,,,,,contains_pork,false,true,,,page nutritional-information/11063: total of the filling + Brie + With Butter and Salad + Multiseed Sourdough
sandwich-ham-and-cheese-brie-oat-with-butter-and-salad,"Sandwich, Ham & Cheese (Brie, Oat, With Butter and Salad)",Sandwiches,,475,25.48,40.89,22.83,12.36,,2.40,4.09,4.00,1987,,,,,,contains_pork,false,true,,,page nutritional-information/11063: total of the filling + Brie + With Butter and Salad + Oat
sandwich-ham-and-cheese-brie-white-with-butter-and-salad,"Sandwich, Ham & Cheese (Brie, White, With Butter and Salad)",Sandwiches,,476,24.68,41.69,23.63,12.36,,2.40,3.29,2.40,1993,,,,,,contains_pork,false,true,,,page nutritional-information/11063: total of the filling + Brie + With Butter and Salad + White
sandwich-ham-and-cheese-brie-white-sourdough-with-butter-and-salad,"Sandwich, Ham & Cheese (Brie, White Sourdough, With Butter and Salad)",Sandwiches,,536,26.78,56.39,22.33,11.56,,2.70,3.59,4.10,2250,,,,,,contains_pork,false,true,,,page nutritional-information/11063: total of the filling + Brie + With Butter and Salad + White Sourdough
sandwich-ham-and-cheese-brie-wholemeal-with-butter-and-salad,"Sandwich, Ham & Cheese (Brie, Wholemeal, With Butter and Salad)",Sandwiches,,453,26.28,32.89,22.83,12.36,,2.40,3.29,7.20,1895,,,,,,contains_pork,false,true,,,page nutritional-information/11063: total of the filling + Brie + With Butter and Salad + Wholemeal
sandwich-ham-and-cheese-mozzarella-harvester-with-butter-and-salad,"Sandwich, Ham & Cheese (Mozzarella, Harvester, With Butter and Salad)",Sandwiches,,557,39.72,40.01,26.43,13.96,,2.88,3.93,3.20,2329,,,,,,contains_pork,false,true,,,page nutritional-information/11063: total of the filling + Mozzarella  + With Butter and Salad + Harvester
sandwich-ham-and-cheese-mozzarella-multiseed-with-butter-and-salad,"Sandwich, Ham & Cheese (Mozzarella, Multiseed, With Butter and Salad)",Sandwiches,,582,41.32,36.01,29.63,14.76,,2.08,3.13,4.00,2432,,,,,,contains_pork,false,true,,,page nutritional-information/11063: total of the filling + Mozzarella  + With Butter and Salad + Multiseed
sandwich-ham-and-cheese-mozzarella-multiseed-sourdough-with-butter-and-salad,"Sandwich, Ham & Cheese (Mozzarella, Multiseed Sourdough, With Butter and Salad)",Sandwiches,,608,41.32,46.41,28.13,13.96,,3.18,3.43,4.10,2546,,,,,,contains_pork,false,true,,,page nutritional-information/11063: total of the filling + Mozzarella  + With Butter and Salad + Multiseed Sourdough
sandwich-ham-and-cheese-mozzarella-oat-with-butter-and-salad,"Sandwich, Ham & Cheese (Mozzarella, Oat, With Butter and Salad)",Sandwiches,,561,38.92,40.81,26.43,14.76,,2.88,3.93,4.00,2347,,,,,,contains_pork,false,true,,,page nutritional-information/11063: total of the filling + Mozzarella  + With Butter and Salad + Oat
sandwich-ham-and-cheese-mozzarella-white-with-butter-and-salad,"Sandwich, Ham & Cheese (Mozzarella, White, With Butter and Salad)",Sandwiches,,562,38.12,41.61,27.23,14.76,,2.88,3.13,2.40,2353,,,,,,contains_pork,false,true,,,page nutritional-information/11063: total of the filling + Mozzarella  + With Butter and Salad + White
sandwich-ham-and-cheese-mozzarella-white-sourdough-with-butter-and-salad,"Sandwich, Ham & Cheese (Mozzarella, White Sourdough, With Butter and Salad)",Sandwiches,,622,40.22,56.31,25.93,13.96,,3.18,3.43,4.10,2610,,,,,,contains_pork,false,true,,,page nutritional-information/11063: total of the filling + Mozzarella  + With Butter and Salad + White Sourdough
sandwich-ham-and-cheese-mozzarella-wholemeal-with-butter-and-salad,"Sandwich, Ham & Cheese (Mozzarella, Wholemeal, With Butter and Salad)",Sandwiches,,539,39.72,32.81,26.43,14.76,,2.88,3.13,7.20,2255,,,,,,contains_pork,false,true,,,page nutritional-information/11063: total of the filling + Mozzarella  + With Butter and Salad + Wholemeal
sandwich-ham-and-cheese-grated-cheddar-harvester-with-butter-and-salad,"Sandwich, Ham & Cheese (Grated Cheddar, Harvester, With Butter and Salad)",Sandwiches,,478,29.88,40.05,22.03,10.12,,2.60,3.33,3.20,2002,,,,,,contains_pork,false,true,,,page nutritional-information/11063: total of the filling + Grated Cheddar + With Butter and Salad + Harvester
sandwich-ham-and-cheese-grated-cheddar-multiseed-with-butter-and-salad,"Sandwich, Ham & Cheese (Grated Cheddar, Multiseed, With Butter and Salad)",Sandwiches,,502,31.48,36.05,25.23,10.92,,1.80,2.53,4.00,2105,,,,,,contains_pork,false,true,,,page nutritional-information/11063: total of the filling + Grated Cheddar + With Butter and Salad + Multiseed
sandwich-ham-and-cheese-grated-cheddar-multiseed-sourdough-with-butter-and-salad,"Sandwich, Ham & Cheese (Grated Cheddar, Multiseed Sourdough, With Butter and Salad)",Sandwiches,,529,31.48,46.45,23.73,10.12,,2.90,2.83,4.10,2219,,,,,,contains_pork,false,true,,,page nutritional-information/11063: total of the filling + Grated Cheddar + With Butter and Salad + Multiseed Sourdough
sandwich-ham-and-cheese-grated-cheddar-oat-with-butter-and-salad,"Sandwich, Ham & Cheese (Grated Cheddar, Oat, With Butter and Salad)",Sandwiches,,482,29.08,40.85,22.03,10.92,,2.60,3.33,4.00,2020,,,,,,contains_pork,false,true,,,page nutritional-information/11063: total of the filling + Grated Cheddar + With Butter and Salad + Oat
sandwich-ham-and-cheese-grated-cheddar-white-with-butter-and-salad,"Sandwich, Ham & Cheese (Grated Cheddar, White, With Butter and Salad)",Sandwiches,,483,28.28,41.65,22.83,10.92,,2.60,2.53,2.40,2026,,,,,,contains_pork,false,true,,,page nutritional-information/11063: total of the filling + Grated Cheddar + With Butter and Salad + White
sandwich-ham-and-cheese-grated-cheddar-white-sourdough-with-butter-and-salad,"Sandwich, Ham & Cheese (Grated Cheddar, White Sourdough, With Butter and Salad)",Sandwiches,,543,30.38,56.35,21.53,10.12,,2.90,2.83,4.10,2283,,,,,,contains_pork,false,true,,,page nutritional-information/11063: total of the filling + Grated Cheddar + With Butter and Salad + White Sourdough
sandwich-ham-and-cheese-grated-cheddar-wholemeal-with-butter-and-salad,"Sandwich, Ham & Cheese (Grated Cheddar, Wholemeal, With Butter and Salad)",Sandwiches,,460,29.88,32.85,22.03,10.92,,2.60,2.53,7.20,1929,,,,,,contains_pork,false,true,,,page nutritional-information/11063: total of the filling + Grated Cheddar + With Butter and Salad + Wholemeal
sandwich-ham-and-cheese-mexicana-harvester-with-butter-and-salad,"Sandwich, Ham & Cheese (Mexicana, Harvester, With Butter and Salad)",Sandwiches,,399,24.18,40.19,15.67,6.14,,2.22,3.41,3.30,1671,,,,,,contains_pork,false,true,,,page nutritional-information/11063: total of the filling + Mexicana + With Butter and Salad + Harvester
sandwich-ham-and-cheese-mexicana-multiseed-with-butter-and-salad,"Sandwich, Ham & Cheese (Mexicana, Multiseed, With Butter and Salad)",Sandwiches,,423,25.78,36.19,18.87,6.94,,1.42,2.61,4.10,1774,,,,,,contains_pork,false,true,,,page nutritional-information/11063: total of the filling + Mexicana + With Butter and Salad + Multiseed
sandwich-ham-and-cheese-mexicana-multiseed-sourdough-with-butter-and-salad,"Sandwich, Ham & Cheese (Mexicana, Multiseed Sourdough, With Butter and Salad)",Sandwiches,,450,25.78,46.59,17.37,6.14,,2.52,2.91,4.20,1888,,,,,,contains_pork,false,true,,,page nutritional-information/11063: total of the filling + Mexicana + With Butter and Salad + Multiseed Sourdough
sandwich-ham-and-cheese-mexicana-oat-with-butter-and-salad,"Sandwich, Ham & Cheese (Mexicana, Oat, With Butter and Salad)",Sandwiches,,403,23.38,40.99,15.67,6.94,,2.22,3.41,4.10,1689,,,,,,contains_pork,false,true,,,page nutritional-information/11063: total of the filling + Mexicana + With Butter and Salad + Oat
sandwich-ham-and-cheese-mexicana-white-with-butter-and-salad,"Sandwich, Ham & Cheese (Mexicana, White, With Butter and Salad)",Sandwiches,,404,22.58,41.79,16.47,6.94,,2.22,2.61,2.50,1695,,,,,,contains_pork,false,true,,,page nutritional-information/11063: total of the filling + Mexicana + With Butter and Salad + White
sandwich-ham-and-cheese-mexicana-white-sourdough-with-butter-and-salad,"Sandwich, Ham & Cheese (Mexicana, White Sourdough, With Butter and Salad)",Sandwiches,,464,24.68,56.49,15.17,6.14,,2.52,2.91,4.20,1952,,,,,,contains_pork,false,true,,,page nutritional-information/11063: total of the filling + Mexicana + With Butter and Salad + White Sourdough
sandwich-ham-and-cheese-mexicana-wholemeal-with-butter-and-salad,"Sandwich, Ham & Cheese (Mexicana, Wholemeal, With Butter and Salad)",Sandwiches,,381,24.18,32.99,15.67,6.94,,2.22,2.61,7.30,1598,,,,,,contains_pork,false,true,,,page nutritional-information/11063: total of the filling + Mexicana + With Butter and Salad + Wholemeal
sandwich-ham-and-cheese-sliced-cheddar-harvester-with-butter-and-salad,"Sandwich, Ham & Cheese (Sliced Cheddar, Harvester, With Butter and Salad)",Sandwiches,,405,24.56,39.31,16.61,6.70,,2.22,3.31,3.20,1696,,,,,,contains_pork,false,true,,,page nutritional-information/11063: total of the filling + Sliced Cheddar + With Butter and Salad + Harvester
sandwich-ham-and-cheese-sliced-cheddar-multiseed-with-butter-and-salad,"Sandwich, Ham & Cheese (Sliced Cheddar, Multiseed, With Butter and Salad)",Sandwiches,,430,26.16,35.31,19.81,7.50,,1.42,2.51,4.00,1800,,,,,,contains_pork,false,true,,,page nutritional-information/11063: total of the filling + Sliced Cheddar + With Butter and Salad + Multiseed
sandwich-ham-and-cheese-sliced-cheddar-multiseed-sourdough-with-butter-and-salad,"Sandwich, Ham & Cheese (Sliced Cheddar, Multiseed Sourdough, With Butter and Salad)",Sandwiches,,456,26.16,45.71,18.31,6.70,,2.52,2.81,4.10,1913,,,,,,contains_pork,false,true,,,page nutritional-information/11063: total of the filling + Sliced Cheddar + With Butter and Salad + Multiseed Sourdough
sandwich-ham-and-cheese-sliced-cheddar-oat-with-butter-and-salad,"Sandwich, Ham & Cheese (Sliced Cheddar, Oat, With Butter and Salad)",Sandwiches,,409,23.76,40.11,16.61,7.50,,2.22,3.31,4.00,1714,,,,,,contains_pork,false,true,,,page nutritional-information/11063: total of the filling + Sliced Cheddar + With Butter and Salad + Oat
sandwich-ham-and-cheese-sliced-cheddar-white-with-butter-and-salad,"Sandwich, Ham & Cheese (Sliced Cheddar, White, With Butter and Salad)",Sandwiches,,410,22.96,40.91,17.41,7.50,,2.22,2.51,2.40,1720,,,,,,contains_pork,false,true,,,page nutritional-information/11063: total of the filling + Sliced Cheddar + With Butter and Salad + White
sandwich-ham-and-cheese-sliced-cheddar-white-sourdough-with-butter-and-salad,"Sandwich, Ham & Cheese (Sliced Cheddar, White Sourdough, With Butter and Salad)",Sandwiches,,470,25.06,55.61,16.11,6.70,,2.52,2.81,4.10,1977,,,,,,contains_pork,false,true,,,page nutritional-information/11063: total of the filling + Sliced Cheddar + With Butter and Salad + White Sourdough
sandwich-ham-and-cheese-sliced-cheddar-wholemeal-with-butter-and-salad,"Sandwich, Ham & Cheese (Sliced Cheddar, Wholemeal, With Butter and Salad)",Sandwiches,,387,24.56,32.11,16.61,7.50,,2.22,2.51,7.20,1623,,,,,,contains_pork,false,true,,,page nutritional-information/11063: total of the filling + Sliced Cheddar + With Butter and Salad + Wholemeal
sandwich-ham-and-egg-harvester-with-butter-and-salad,"Sandwich, Ham & Egg (Harvester, With Butter and Salad)",Sandwiches,,479,38.48,39.36,18.72,4.96,,2.94,3.36,3.20,2012,,,,,,contains_pork,false,false,,,page nutritional-information/11064: total of the filling + With Butter and Salad + Harvester
sandwich-ham-and-egg-multiseed-with-butter-and-salad,"Sandwich, Ham & Egg (Multiseed, With Butter and Salad)",Sandwiches,,504,40.08,35.36,21.92,5.76,,2.14,2.56,4.00,2115,,,,,,contains_pork,false,false,,,page nutritional-information/11064: total of the filling + With Butter and Salad + Multiseed
sandwich-ham-and-egg-multiseed-sourdough-with-butter-and-salad,"Sandwich, Ham & Egg (Multiseed Sourdough, With Butter and Salad)",Sandwiches,,530,40.08,45.76,20.42,4.96,,3.24,2.86,4.10,2229,,,,,,contains_pork,false,false,,,page nutritional-information/11064: total of the filling + With Butter and Salad + Multiseed Sourdough
sandwich-ham-and-egg-oat-with-butter-and-salad,"Sandwich, Ham & Egg (Oat, With Butter and Salad)",Sandwiches,,483,37.68,40.16,18.72,5.76,,2.94,3.36,4.00,2030,,,,,,contains_pork,false,false,,,page nutritional-information/11064: total of the filling + With Butter and Salad + Oat
sandwich-ham-and-egg-white-with-butter-and-salad,"Sandwich, Ham & Egg (White, With Butter and Salad)",Sandwiches,,485,36.88,40.96,19.52,5.76,,2.94,2.56,2.40,2036,,,,,,contains_pork,false,true,,,page nutritional-information/11064: total of the filling + With Butter and Salad + White
sandwich-ham-and-egg-white-sourdough-with-butter-and-salad,"Sandwich, Ham & Egg (White Sourdough, With Butter and Salad)",Sandwiches,,545,38.98,55.66,18.22,4.96,,3.24,2.86,4.10,2293,,,,,,contains_pork,false,false,,,page nutritional-information/11064: total of the filling + With Butter and Salad + White Sourdough
sandwich-ham-and-egg-wholemeal-with-butter-and-salad,"Sandwich, Ham & Egg (Wholemeal, With Butter and Salad)",Sandwiches,,462,38.48,32.16,18.72,5.76,,2.94,2.56,7.20,1938,,,,,,contains_pork,false,false,,,page nutritional-information/11064: total of the filling + With Butter and Salad + Wholemeal
sandwich-honey-mustard-chicken-harvester-with-butter-and-salad,"Sandwich, Honey Mustard Chicken (Harvester, With Butter and Salad)",Sandwiches,,479,23.20,48.70,21.45,2.55,,1.75,11.75,3.20,2004,,,,,,,false,false,,,page nutritional-information/11033: total of the filling + Harvester + With Butter and Salad
sandwich-honey-mustard-chicken-multiseed-with-butter-and-salad,"Sandwich, Honey Mustard Chicken (Multiseed, With Butter and Salad)",Sandwiches,,504,24.80,44.70,24.65,3.35,,0.95,10.95,4.00,2108,,,,,,,false,false,,,page nutritional-information/11033: total of the filling + Multiseed + With Butter and Salad
sandwich-honey-mustard-chicken-oat-with-butter-and-salad,"Sandwich, Honey Mustard Chicken (Oat, With Butter and Salad)",Sandwiches,,483,22.40,49.50,21.45,3.35,,1.75,11.75,4.00,2022,,,,,,,false,false,,,page nutritional-information/11033: total of the filling + Oat + With Butter and Salad
sandwich-honey-mustard-chicken-white-with-butter-and-salad,"Sandwich, Honey Mustard Chicken (White, With Butter and Salad)",Sandwiches,,484,21.60,50.30,22.25,3.35,,1.75,10.95,2.40,2028,,,,,,,false,true,,,page nutritional-information/11033: total of the filling + White + With Butter and Salad
sandwich-honey-mustard-chicken-wholemeal-with-butter-and-salad,"Sandwich, Honey Mustard Chicken (Wholemeal, With Butter and Salad)",Sandwiches,,461,23.20,41.50,21.45,3.35,,1.75,10.95,7.20,1931,,,,,,,false,false,,,page nutritional-information/11033: total of the filling + Wholemeal + With Butter and Salad
sandwich-honey-mustard-chicken-multiseed-sourdough-with-butter-and-salad,"Sandwich, Honey Mustard Chicken (Multiseed Sourdough, With Butter and Salad)",Sandwiches,,530,24.80,55.10,23.15,2.55,,2.05,11.25,4.10,2221,,,,,,,false,false,,,page nutritional-information/11033: total of the filling + Multiseed Sourdough + With Butter and Salad
sandwich-honey-mustard-chicken-white-sourdough-with-butter-and-salad,"Sandwich, Honey Mustard Chicken (White Sourdough, With Butter and Salad)",Sandwiches,,544,23.70,65.00,20.95,2.55,,2.05,11.25,4.10,2285,,,,,,,false,false,,,page nutritional-information/11033: total of the filling + White Sourdough + With Butter and Salad
sandwich-hot-smoked-salmon-white-sourdough-with-butter-and-salad,"Sandwich, Hot Smoked Salmon (White Sourdough, With Butter and Salad)",Sandwiches,,475,23.13,55.50,17.55,3.21,,2.22,2.70,4.10,1996,,,,,,,false,false,,,page nutritional-information/12308: total of the filling + White Sourdough + With Butter and Salad
sandwich-hot-smoked-salmon-multiseed-sourdough-with-butter-and-salad,"Sandwich, Hot Smoked Salmon (Multiseed Sourdough, With Butter and Salad)",Sandwiches,,461,24.23,45.60,19.75,3.21,,2.22,2.70,4.10,1932,,,,,,,false,false,,,page nutritional-information/12308: total of the filling + Multiseed Sourdough + With Butter and Salad
sandwich-hot-smoked-salmon-white-with-butter-and-salad,"Sandwich, Hot Smoked Salmon (White, With Butter and Salad)",Sandwiches,,415,21.03,40.80,18.85,4.01,,1.92,2.40,2.40,1739,,,,,,,false,true,,,page nutritional-information/12308: total of the filling + White + With Butter and Salad
sandwich-hot-smoked-salmon-wholemeal-with-butter-and-salad,"Sandwich, Hot Smoked Salmon (Wholemeal, With Butter and Salad)",Sandwiches,,392,22.63,32.00,18.05,4.01,,1.92,2.40,7.20,1642,,,,,,,false,false,,,page nutritional-information/12308: total of the filling + Wholemeal + With Butter and Salad
sandwich-hot-smoked-salmon-oat-with-butter-and-salad,"Sandwich, Hot Smoked Salmon (Oat, With Butter and Salad)",Sandwiches,,414,21.83,40.00,18.05,4.01,,1.92,3.20,4.00,1733,,,,,,,false,false,,,page nutritional-information/12308: total of the filling + Oat + With Butter and Salad
sandwich-hot-smoked-salmon-harvester-with-butter-and-salad,"Sandwich, Hot Smoked Salmon (Harvester, With Butter and Salad)",Sandwiches,,410,22.63,39.20,18.05,3.21,,1.92,3.20,3.20,1715,,,,,,,false,false,,,page nutritional-information/12308: total of the filling + Harvester + With Butter and Salad
sandwich-hot-smoked-salmon-multiseed-with-butter-and-salad,"Sandwich, Hot Smoked Salmon (Multiseed, With Butter and Salad)",Sandwiches,,435,24.23,35.20,21.25,4.01,,1.12,2.40,4.00,1818,,,,,,,false,false,,,page nutritional-information/12308: total of the filling + Multiseed + With Butter and Salad
sandwich-pastrami-harvester-with-butter-and-salad,"Sandwich, Pastrami (Harvester, With Butter and Salad)",Sandwiches,,322,17.90,41.00,9.90,2.50,,2.10,3.92,3.20,1352,,,,,,contains_beef,false,false,,,page nutritional-information/11040: total of the filling + With Butter and Salad + Harvester
sandwich-pastrami-multiseed-with-butter-and-salad,"Sandwich, Pastrami (Multiseed, With Butter and Salad)",Sandwiches,,347,19.50,37.00,13.10,3.30,,1.30,3.12,4.00,1455,,,,,,contains_beef,false,false,,,page nutritional-information/11040: total of the filling + With Butter and Salad + Multiseed
sandwich-pastrami-oat-with-butter-and-salad,"Sandwich, Pastrami (Oat, With Butter and Salad)",Sandwiches,,326,17.10,41.80,9.90,3.30,,2.10,3.92,4.00,1370,,,,,,contains_beef,false,false,,,page nutritional-information/11040: total of the filling + With Butter and Salad + Oat
sandwich-pastrami-white-with-butter-and-salad,"Sandwich, Pastrami (White, With Butter and Salad)",Sandwiches,,328,16.30,42.60,10.70,3.30,,2.10,3.12,2.40,1376,,,,,,contains_beef,false,true,,,page nutritional-information/11040: total of the filling + With Butter and Salad + White
sandwich-pastrami-wholemeal-with-butter-and-salad,"Sandwich, Pastrami (Wholemeal, With Butter and Salad)",Sandwiches,,304,17.90,33.80,9.90,3.30,,2.10,3.12,7.20,1278,,,,,,contains_beef,false,false,,,page nutritional-information/11040: total of the filling + With Butter and Salad + Wholemeal
sandwich-pastrami-multiseed-sourdough-with-butter-and-salad,"Sandwich, Pastrami (Multiseed Sourdough, With Butter and Salad)",Sandwiches,,373,19.50,47.40,11.60,2.50,,2.40,3.42,4.10,1569,,,,,,contains_beef,false,false,,,page nutritional-information/11040: total of the filling + With Butter and Salad + Multiseed Sourdough
sandwich-pastrami-white-sourdough-with-butter-and-salad,"Sandwich, Pastrami (White Sourdough, With Butter and Salad)",Sandwiches,,388,18.40,57.30,9.40,2.50,,2.40,3.42,4.10,1633,,,,,,contains_beef,false,false,,,page nutritional-information/11040: total of the filling + With Butter and Salad + White Sourdough
sandwich-plain-chicken-harvester-with-butter-and-salad,"Sandwich, Plain Chicken (Harvester, With Butter and Salad)",Sandwiches,,347,28.00,40.00,8.00,2.40,,1.60,3.20,3.20,1461,,,,,,,false,false,,,page nutritional-information/11030: total of the filling + Harvester + With Butter and Salad
sandwich-plain-chicken-multiseed-with-butter-and-salad,"Sandwich, Plain Chicken (Multiseed, With Butter and Salad)",Sandwiches,,372,29.60,36.00,11.20,3.20,,0.80,2.40,4.00,1564,,,,,,,false,false,,,page nutritional-information/11030: total of the filling + Multiseed + With Butter and Salad
sandwich-plain-chicken-oat-with-butter-and-salad,"Sandwich, Plain Chicken (Oat, With Butter and Salad)",Sandwiches,,351,27.20,40.80,8.00,3.20,,1.60,3.20,4.00,1478,,,,,,,false,false,,,page nutritional-information/11030: total of the filling + Oat + With Butter and Salad
sandwich-plain-chicken-white-with-butter-and-salad,"Sandwich, Plain Chicken (White, With Butter and Salad)",Sandwiches,,353,26.40,41.60,8.80,3.20,,1.60,2.40,2.40,1485,,,,,,,false,true,,,page nutritional-information/11030: total of the filling + White + With Butter and Salad
sandwich-plain-chicken-wholemeal-with-butter-and-salad,"Sandwich, Plain Chicken (Wholemeal, With Butter and Salad)",Sandwiches,,330,28.00,32.80,8.00,3.20,,1.60,2.40,7.20,1387,,,,,,,false,false,,,page nutritional-information/11030: total of the filling + Wholemeal + With Butter and Salad
sandwich-plain-chicken-multiseed-sourdough-with-butter-and-salad,"Sandwich, Plain Chicken (Multiseed Sourdough, With Butter and Salad)",Sandwiches,,398,29.60,46.40,9.70,2.40,,1.90,2.70,4.10,1678,,,,,,,false,false,,,page nutritional-information/11030: total of the filling + Multiseed Sourdough + With Butter and Salad
sandwich-plain-chicken-white-sourdough-with-butter-and-salad,"Sandwich, Plain Chicken (White Sourdough, With Butter and Salad)",Sandwiches,,413,28.50,56.30,7.50,2.40,,1.90,2.70,4.10,1742,,,,,,,false,false,,,page nutritional-information/11030: total of the filling + White Sourdough + With Butter and Salad
sandwich-prawn-mayo-harvester-with-butter-and-salad,"Sandwich, Prawn Mayo (Harvester, With Butter and Salad)",Sandwiches,,485,17.50,40.15,28.10,3.50,,1.75,3.20,3.20,2022,,,,,,,false,false,,,page nutritional-information/11043: total of the filling + Harvester + With Butter and Salad
sandwich-prawn-mayo-multiseed-with-butter-and-salad,"Sandwich, Prawn Mayo (Multiseed, With Butter and Salad)",Sandwiches,,510,19.10,36.15,31.30,4.30,,0.95,2.40,4.00,2126,,,,,,,false,false,,,page nutritional-information/11043: total of the filling + Multiseed + With Butter and Salad
sandwich-prawn-mayo-oat-with-butter-and-salad,"Sandwich, Prawn Mayo (Oat, With Butter and Salad)",Sandwiches,,489,16.70,40.95,28.10,4.30,,1.75,3.20,4.00,2040,,,,,,,false,false,,,page nutritional-information/11043: total of the filling + Oat + With Butter and Salad
sandwich-prawn-mayo-white-with-butter-and-salad,"Sandwich, Prawn Mayo (White, With Butter and Salad)",Sandwiches,,491,15.90,41.75,28.90,4.30,,1.75,2.40,2.40,2046,,,,,,,false,true,,,page nutritional-information/11043: total of the filling + White + With Butter and Salad
sandwich-prawn-mayo-wholemeal-with-butter-and-salad,"Sandwich, Prawn Mayo (Wholemeal, With Butter and Salad)",Sandwiches,,468,17.50,32.95,28.10,4.30,,1.75,2.40,7.20,1949,,,,,,,false,false,,,page nutritional-information/11043: total of the filling + Wholemeal + With Butter and Salad
sandwich-prawn-mayo-multiseed-sourdough-with-butter-and-salad,"Sandwich, Prawn Mayo (Multiseed Sourdough, With Butter and Salad)",Sandwiches,,537,19.10,46.55,29.80,3.50,,2.05,2.70,4.10,2239,,,,,,,false,false,,,page nutritional-information/11043: total of the filling + Multiseed Sourdough + With Butter and Salad
sandwich-prawn-mayo-white-sourdough-with-butter-and-salad,"Sandwich, Prawn Mayo (White Sourdough, With Butter and Salad)",Sandwiches,,551,18.00,56.45,27.60,3.50,,2.05,2.70,4.10,2303,,,,,,,false,false,,,page nutritional-information/11043: total of the filling + White Sourdough + With Butter and Salad
sandwich-rare-roast-beef-harvester-with-butter-and-salad,"Sandwich, Rare Roast Beef (Harvester, With Butter and Salad)",Sandwiches,,335,21.20,39.64,10.28,2.98,,1.04,3.48,3.48,1407,,,,,,contains_beef,false,false,,,page nutritional-information/11038: total of the filling + Harvester + With Butter and Salad
sandwich-rare-roast-beef-multiseed-with-butter-and-salad,"Sandwich, Rare Roast Beef (Multiseed, With Butter and Salad)",Sandwiches,,360,22.80,35.64,13.48,3.78,,0.24,2.68,4.28,1510,,,,,,contains_beef,false,false,,,page nutritional-information/11038: total of the filling + Multiseed + With Butter and Salad
sandwich-rare-roast-beef-oat-with-butter-and-salad,"Sandwich, Rare Roast Beef (Oat, With Butter and Salad)",Sandwiches,,339,20.40,40.44,10.28,3.78,,1.04,3.48,4.28,1425,,,,,,contains_beef,false,false,,,page nutritional-information/11038: total of the filling + Oat + With Butter and Salad
sandwich-rare-roast-beef-white-with-butter-and-salad,"Sandwich, Rare Roast Beef (White, With Butter and Salad)",Sandwiches,,341,19.60,41.24,11.08,3.78,,1.04,2.68,2.68,1431,,,,,,contains_beef,false,true,,,page nutritional-information/11038: total of the filling + White + With Butter and Salad
sandwich-rare-roast-beef-wholemeal-with-butter-and-salad,"Sandwich, Rare Roast Beef (Wholemeal, With Butter and Salad)",Sandwiches,,317,21.20,32.44,10.28,3.78,,1.04,2.68,7.48,1333,,,,,,contains_beef,false,false,,,page nutritional-information/11038: total of the filling + Wholemeal + With Butter and Salad
sandwich-rare-roast-beef-multiseed-sourdough-with-butter-and-salad,"Sandwich, Rare Roast Beef (Multiseed Sourdough, With Butter and Salad)",Sandwiches,,386,22.80,46.04,11.98,2.98,,1.34,2.98,4.38,1624,,,,,,contains_beef,false,false,,,page nutritional-information/11038: total of the filling + Multiseed Sourdough + With Butter and Salad
sandwich-rare-roast-beef-white-sourdough-with-butter-and-salad,"Sandwich, Rare Roast Beef (White Sourdough, With Butter and Salad)",Sandwiches,,401,21.70,55.94,9.78,2.98,,1.34,2.98,4.38,1688,,,,,,contains_beef,false,false,,,page nutritional-information/11038: total of the filling + White Sourdough + With Butter and Salad
sandwich-roast-pork-harvester-with-butter-and-salad,"Sandwich, Roast Pork (Harvester, With Butter and Salad)",Sandwiches,,363,17.00,46.40,12.00,3.10,,1.10,5.30,4.10,1522,,,,,,contains_pork,false,false,,,page nutritional-information/11023: total of the filling + Harvester + With Butter and Salad
sandwich-roast-pork-multiseed-with-butter-and-salad,"Sandwich, Roast Pork (Multiseed, With Butter and Salad)",Sandwiches,,387,18.60,42.40,15.20,3.90,,0.30,4.50,4.90,1626,,,,,,contains_pork,false,false,,,page nutritional-information/11023: total of the filling + Multiseed + With Butter and Salad
sandwich-roast-pork-multiseed-sourdough-with-butter-and-salad,"Sandwich, Roast Pork (Multiseed Sourdough, With Butter and Salad)",Sandwiches,,414,18.60,52.80,13.70,3.10,,1.40,4.80,5.00,1739,,,,,,contains_pork,false,false,,,page nutritional-information/11023: total of the filling + Multiseed Sourdough + With Butter and Salad
sandwich-roast-pork-oat-with-butter-and-salad,"Sandwich, Roast Pork (Oat, With Butter and Salad)",Sandwiches,,367,16.20,47.20,12.00,3.90,,1.10,5.30,4.90,1540,,,,,,contains_pork,false,false,,,page nutritional-information/11023: total of the filling + Oat + With Butter and Salad
sandwich-roast-pork-white-with-butter-and-salad,"Sandwich, Roast Pork (White, With Butter and Salad)",Sandwiches,,368,15.40,48.00,12.80,3.90,,1.10,4.50,3.30,1546,,,,,,contains_pork,false,true,,,page nutritional-information/11023: total of the filling + White + With Butter and Salad
sandwich-roast-pork-white-sourdough-with-butter-and-salad,"Sandwich, Roast Pork (White Sourdough, With Butter and Salad)",Sandwiches,,428,17.50,62.70,11.50,3.10,,1.40,4.80,5.00,1803,,,,,,contains_pork,false,false,,,page nutritional-information/11023: total of the filling + White Sourdough + With Butter and Salad
sandwich-roast-pork-wholemeal-with-butter-and-salad,"Sandwich, Roast Pork (Wholemeal, With Butter and Salad)",Sandwiches,,345,17.00,39.20,12.00,3.90,,1.10,4.50,8.10,1449,,,,,,contains_pork,false,false,,,page nutritional-information/11023: total of the filling + Wholemeal + With Butter and Salad
sandwich-roasted-veg-harvester-with-butter-and-salad,"Sandwich, Roasted Veg (Harvester, With Butter and Salad)",Sandwiches,,327,9.51,45.12,10.68,2.06,,1.38,8.54,6.10,1371,,,,,,,false,false,,,page nutritional-information/12292: total of the filling + Harvester + With Butter and Salad
sandwich-roasted-veg-white-sourdough-with-butter-and-salad,"Sandwich, Roasted Veg (White Sourdough, With Butter and Salad)",Sandwiches,,392,10.01,61.42,10.18,2.06,,1.68,8.04,7.00,1652,,,,,,,false,false,,,page nutritional-information/12292: total of the filling + White Sourdough + With Butter and Salad
sandwich-roasted-veg-wholemeal-with-butter-and-salad,"Sandwich, Roasted Veg (Wholemeal, With Butter and Salad)",Sandwiches,,309,9.51,37.92,10.68,2.86,,1.38,7.74,10.10,1297,,,,,,,false,false,,,page nutritional-information/12292: total of the filling + Wholemeal + With Butter and Salad
sandwich-roasted-veg-multiseed-sourdough-with-butter-and-salad,"Sandwich, Roasted Veg (Multiseed Sourdough, With Butter and Salad)",Sandwiches,,378,11.11,51.52,12.38,2.06,,1.68,8.04,7.00,1588,,,,,,,false,false,,,page nutritional-information/12292: total of the filling + Multiseed Sourdough + With Butter and Salad
sandwich-roasted-veg-multiseed-with-butter-and-salad,"Sandwich, Roasted Veg (Multiseed, With Butter and Salad)",Sandwiches,,351,11.11,41.12,13.88,2.86,,0.58,7.74,6.90,1474,,,,,,,false,false,,,page nutritional-information/12292: total of the filling + Multiseed + With Butter and Salad
sandwich-roasted-veg-oat-with-butter-and-salad,"Sandwich, Roasted Veg (Oat, With Butter and Salad)",Sandwiches,,331,8.71,45.92,10.68,2.86,,1.38,8.54,6.90,1389,,,,,,,false,false,,,page nutritional-information/12292: total of the filling + Oat + With Butter and Salad
sandwich-roasted-veg-white-with-butter-and-salad,"Sandwich, Roasted Veg (White, With Butter and Salad)",Sandwiches,,332,7.91,46.72,11.48,2.86,,1.38,7.74,5.30,1395,,,,,,,false,true,,,page nutritional-information/12292: total of the filling + White + With Butter and Salad
sandwich-sausage-harvester-with-butter-and-salad,"Sandwich, Sausage (Harvester, With Butter and Salad)",Sandwiches,,465,21.30,50.10,19.90,6.00,,2.70,4.70,3.20,1946,,,,,,contains_pork|contains_beef,false,false,,,page nutritional-information/11027: total of the filling + Harvester + With Butter and Salad
sandwich-sausage-multiseed-with-butter-and-salad,"Sandwich, Sausage (Multiseed, With Butter and Salad)",Sandwiches,,489,22.90,46.10,23.10,6.80,,1.90,3.90,4.00,2049,,,,,,contains_pork|contains_beef,false,false,,,page nutritional-information/11027: total of the filling + Multiseed + With Butter and Salad
sandwich-sausage-oat-with-butter-and-salad,"Sandwich, Sausage (Oat, With Butter and Salad)",Sandwiches,,469,20.50,50.90,19.90,6.80,,2.70,4.70,4.00,1963,,,,,,contains_pork|contains_beef,false,false,,,page nutritional-information/11027: total of the filling + Oat + With Butter and Salad
sandwich-sausage-white-with-butter-and-salad,"Sandwich, Sausage (White, With Butter and Salad)",Sandwiches,,470,19.70,51.70,20.70,6.80,,2.70,3.90,2.40,1970,,,,,,contains_pork|contains_beef,false,true,,,page nutritional-information/11027: total of the filling + White + With Butter and Salad
sandwich-sausage-wholemeal-with-butter-and-salad,"Sandwich, Sausage (Wholemeal, With Butter and Salad)",Sandwiches,,447,21.30,42.90,19.90,6.80,,2.70,3.90,7.20,1872,,,,,,contains_pork|contains_beef,false,false,,,page nutritional-information/11027: total of the filling + Wholemeal + With Butter and Salad
sandwich-sausage-multiseed-sourdough-with-butter-and-salad,"Sandwich, Sausage (Multiseed Sourdough, With Butter and Salad)",Sandwiches,,516,22.90,56.50,21.60,6.00,,3.00,4.20,4.10,2163,,,,,,contains_pork|contains_beef,false,false,,,page nutritional-information/11027: total of the filling + Multiseed Sourdough + With Butter and Salad
sandwich-sausage-white-sourdough-with-butter-and-salad,"Sandwich, Sausage (White Sourdough, With Butter and Salad)",Sandwiches,,530,21.80,66.40,19.40,6.00,,3.00,4.20,4.10,2227,,,,,,contains_pork|contains_beef,false,false,,,page nutritional-information/11027: total of the filling + White Sourdough + With Butter and Salad
sandwich-tuna-mayo-harvester-with-butter-and-salad,"Sandwich, Tuna Mayo (Harvester, With Butter and Salad)",Sandwiches,,524,23.20,40.15,30.00,3.50,,0.80,3.20,3.20,2182,,,,,,,false,false,,,page nutritional-information/11042: total of the filling + Harvester + With Butter and Salad
sandwich-tuna-mayo-multiseed-with-butter-and-salad,"Sandwich, Tuna Mayo (Multiseed, With Butter and Salad)",Sandwiches,,549,24.80,36.15,33.20,4.30,,0.00,2.40,4.00,2285,,,,,,,false,false,,,page nutritional-information/11042: total of the filling + Multiseed + With Butter and Salad
sandwich-tuna-mayo-oat-with-butter-and-salad,"Sandwich, Tuna Mayo (Oat, With Butter and Salad)",Sandwiches,,528,22.40,40.95,30.00,4.30,,0.80,3.20,4.00,2200,,,,,,,false,false,,,page nutritional-information/11042: total of the filling + Oat + With Butter and Salad
sandwich-tuna-mayo-white-with-butter-and-salad,"Sandwich, Tuna Mayo (White, With Butter and Salad)",Sandwiches,,530,21.60,41.75,30.80,4.30,,0.80,2.40,2.40,2206,,,,,,,false,true,,,page nutritional-information/11042: total of the filling + White + With Butter and Salad
sandwich-tuna-mayo-wholemeal-with-butter-and-salad,"Sandwich, Tuna Mayo (Wholemeal, With Butter and Salad)",Sandwiches,,507,23.20,32.95,30.00,4.30,,0.80,2.40,7.20,2108,,,,,,,false,false,,,page nutritional-information/11042: total of the filling + Wholemeal + With Butter and Salad
sandwich-tuna-mayo-multiseed-sourdough-with-butter-and-salad,"Sandwich, Tuna Mayo (Multiseed Sourdough, With Butter and Salad)",Sandwiches,,576,24.80,46.55,31.70,3.50,,1.10,2.70,4.10,2399,,,,,,,false,false,,,page nutritional-information/11042: total of the filling + Multiseed Sourdough + With Butter and Salad
sandwich-tuna-mayo-white-sourdough-with-butter-and-salad,"Sandwich, Tuna Mayo (White Sourdough, With Butter and Salad)",Sandwiches,,590,23.70,56.45,29.50,3.50,,1.10,2.70,4.10,2463,,,,,,,false,false,,,page nutritional-information/11042: total of the filling + White Sourdough + With Butter and Salad
croissant-brie-and-tomato,"Croissant, Brie & Tomato",Toasted,,500,15.29,29.94,35.16,22.66,,1.61,6.54,2.93,2080,,,,,,vegetarian,false,true,,,page nutritional-information/10618; per Serving
croissant-cheese-and-ham-brie,"Croissant, Cheese & Ham (Brie)",Toasted,,492,17.95,28.16,33.72,20.91,,1.95,5.76,1.40,2048,,,,,,contains_pork,false,true,,,page nutritional-information/10616: total of the filling + Brie
croissant-cheese-and-ham-mozzarella,"Croissant, Cheese & Ham (Mozzarella)",Toasted,,460,21.27,27.72,28.92,17.51,,1.91,5.28,1.40,1920,,,,,,contains_pork,false,true,,,page nutritional-information/10616: total of the filling + Mozzarella 
croissant-cheese-and-ham-grated-cheddar,"Croissant, Cheese & Ham (Grated Cheddar)",Toasted,,421,16.35,27.74,26.72,15.59,,1.77,4.98,1.40,1756,,,,,,contains_pork,false,true,,,page nutritional-information/10616: total of the filling + Grated Cheddar
croissant-cheese-and-ham-mexicana,"Croissant, Cheese & Ham (Mexicana)",Toasted,,420,15.85,28.26,26.56,15.49,,1.77,5.08,1.50,1751,,,,,,contains_pork,false,true,,,page nutritional-information/10616: total of the filling + Mexicana
croissant-cheese-and-ham-sliced-cheddar,"Croissant, Cheese & Ham (Sliced Cheddar)",Toasted,,426,16.23,27.38,27.50,16.05,,1.77,4.98,1.40,1776,,,,,,contains_pork,false,true,,,page nutritional-information/10616: total of the filling + Sliced Cheddar
croissant-cheese-and-onion-brie,"Croissant, Cheese & Onion (Brie)",Toasted,,453,10.46,29.60,32.10,20.40,,1.26,6.70,1.58,1884,,,,,,,false,true,,,page nutritional-information/10615: total of the filling + Brie
croissant-cheese-and-onion-mozzarella,"Croissant, Cheese & Onion (Mozzarella)",Toasted,,422,13.78,29.16,27.30,17.00,,1.22,6.22,1.58,1755,,,,,,,false,true,,,page nutritional-information/10615: total of the filling + Mozzarella 
croissant-cheese-and-onion-grated-cheddar,"Croissant, Cheese & Onion (Grated Cheddar)",Toasted,,382,8.86,29.18,25.10,15.08,,1.08,5.92,1.58,1592,,,,,,,false,true,,,page nutritional-information/10615: total of the filling + Grated Cheddar
croissant-cheese-and-onion-mexicana,"Croissant, Cheese & Onion (Mexicana)",Toasted,,381,8.36,29.70,24.94,14.98,,1.08,6.02,1.68,1586,,,,,,,false,true,,,page nutritional-information/10615: total of the filling + Mexicana
croissant-cheese-and-onion-sliced-cheddar,"Croissant, Cheese & Onion (Sliced Cheddar)",Toasted,,387,8.74,28.82,25.88,15.54,,1.08,5.92,1.58,1611,,,,,,,false,true,,,page nutritional-information/10615: total of the filling + Sliced Cheddar
croissant-cheese-and-tomato-brie,"Croissant, Cheese & Tomato (Brie)",Toasted,,455,10.69,29.84,32.16,20.46,,1.27,7.04,2.63,1889,,,,,,,false,true,,,page nutritional-information/10614: total of the filling + Brie
croissant-cheese-and-tomato-mozzarella,"Croissant, Cheese & Tomato (Mozzarella)",Toasted,,423,14.01,29.40,27.36,17.06,,1.23,6.56,2.63,1760,,,,,,,false,true,,,page nutritional-information/10614: total of the filling + Mozzarella 
croissant-cheese-and-tomato-grated-cheddar,"Croissant, Cheese & Tomato (Grated Cheddar)",Toasted,,383,9.09,29.42,25.16,15.14,,1.09,6.26,2.63,1597,,,,,,,false,true,,,page nutritional-information/10614: total of the filling + Grated Cheddar
croissant-cheese-and-tomato-mexicana,"Croissant, Cheese & Tomato (Mexicana)",Toasted,,382,8.59,29.94,25.00,15.04,,1.09,6.36,2.73,1591,,,,,,,false,true,,,page nutritional-information/10614: total of the filling + Mexicana
croissant-cheese-and-tomato-sliced-cheddar,"Croissant, Cheese & Tomato (Sliced Cheddar)",Toasted,,389,8.97,29.06,25.94,15.60,,1.09,6.26,2.63,1617,,,,,,,false,true,,,page nutritional-information/10614: total of the filling + Sliced Cheddar
focaccia-meat-brie-bacon-onion-cheese-potato-onion,"Focaccia, Meat (Brie Bacon Onion, Cheese Potato Onion)",Toasted,,1007,44.65,74.45,57.50,27.65,,5.40,8.90,4.75,4201,,,,,,contains_pork,false,true,,,page nutritional-information/10621: total of the filling + Brie Bacon Onion + Cheese Potato Onion
focaccia-meat-hunters-chicken-cheese-potato-onion,"Focaccia, Meat (Hunters Chicken, Cheese Potato Onion)",Toasted,,935,55.65,72.76,45.55,20.81,,3.67,7.21,4.75,3915,,,,,,contains_pork,false,true,,,page nutritional-information/10621: total of the filling + Hunters Chicken + Cheese Potato Onion
focaccia-meat-italian-chicken-cheese-potato-onion,"Focaccia, Meat (Italian Chicken, Cheese Potato Onion)",Toasted,,1004,59.85,90.25,44.65,12.35,,4.75,19.00,7.60,4210,,,,,,,false,true,,,page nutritional-information/10621: total of the filling + Italian Chicken + Cheese Potato Onion
focaccia-meat-new-york-style-pastrami-cheese-potato-onion,"Focaccia, Meat (New York Style Pastrami, Cheese Potato Onion)",Toasted,,825,39.45,70.75,42.10,19.85,,5.20,5.20,4.75,3449,,,,,,contains_beef,false,true,,,page nutritional-information/10621: total of the filling + New York Style Pastrami + Cheese Potato Onion
focaccia-meat-marinara-meatball-cheese-potato-onion,"Focaccia, Meat (Marinara Meatball, Cheese Potato Onion)",Toasted,,500,11.40,67.45,19.00,6.65,,1.90,1.90,4.75,2096,,,,,,,false,true,,,page nutritional-information/10621: total of the filling + Marinara Meatball + Cheese Potato Onion
focaccia-new-yorker,"Focaccia, New Yorker",Toasted,,653,39.73,52.29,31.25,14.93,,5.87,2.12,3.44,2737,,,,,,vegetarian,false,true,,,page nutritional-information/10632; per Portion
focaccia-vegetarian-mozzarella-pesto-tomato-cheese-potato-onion,"Focaccia, Vegetarian (Mozzarella Pesto Tomato, Cheese Potato Onion)",Toasted,,894,26.20,71.15,54.15,19.60,,3.75,5.60,4.75,3727,,,,,,,false,true,,,page nutritional-information/10622: total of the filling + Mozzarella Pesto Tomato + Cheese Potato Onion
sourdough-toastie-roast-veg-and-feta-cheese-chilli,"Sourdough Toastie, Roast Veg & Feta (Cheese + Chilli)",Toasted,,475,18.28,52.00,20.00,10.63,,2.77,7.97,6.77,1994,,,,,,,false,true,,,page nutritional-information/12305: total of the filling + Cheese + Chilli
sourdough-toastie-roast-veg-and-feta-white,"Sourdough Toastie, Roast Veg & Feta (White)",Toasted,,485,17.23,59.35,17.90,9.58,,2.77,7.97,6.77,2040,,,,,,,false,true,,,page nutritional-information/12305: total of the filling + White
sourdough-toastie-roast-veg-and-feta-multiseed,"Sourdough Toastie, Roast Veg & Feta (Multiseed)",Toasted,,472,18.28,49.90,20.00,9.58,,2.77,7.97,6.77,1979,,,,,,,false,false,,,page nutritional-information/12305: total of the filling + Multiseed
pepperoni-pizza,Pepperoni Pizza,Toasted,,246,20.5,1.75,17.6,12.1,,1.1,1.75,0.35,1022,,,,,,vegetarian|contains_pork,false,true,,,page nutritional-information/10596; per Serving
toasted-sandwich-cheese-brie-harvester,"Toasted Sandwich, Cheese (Brie, Harvester)",Toasted,,419,17.40,38.80,21.40,13.80,,1.64,2.80,2.40,1751,,,,,,,false,true,,,page nutritional-information/10597: total of the filling + Brie + Harvester
toasted-sandwich-cheese-brie-multiseed,"Toasted Sandwich, Cheese (Brie, Multiseed)",Toasted,,444,19.00,34.80,24.60,14.60,,0.84,2.00,3.20,1854,,,,,,,false,true,,,page nutritional-information/10597: total of the filling + Brie + Multiseed
toasted-sandwich-cheese-brie-multiseed-sourdough,"Toasted Sandwich, Cheese (Brie, Multiseed Sourdough)",Toasted,,470,19.00,45.20,23.10,13.80,,1.94,2.30,3.30,1968,,,,,,,false,true,,,page nutritional-information/10597: total of the filling + Brie + Multiseed Sourdough
toasted-sandwich-cheese-brie-oat,"Toasted Sandwich, Cheese (Brie, Oat)",Toasted,,423,16.60,39.60,21.40,14.60,,1.64,2.80,3.20,1769,,,,,,,false,true,,,page nutritional-information/10597: total of the filling + Brie + Oat
toasted-sandwich-cheese-brie-white,"Toasted Sandwich, Cheese (Brie, White)",Toasted,,422,15.73,39.91,22.17,14.59,,1.63,1.99,1.58,1765,,,,,,,false,true,,,page nutritional-information/10597: total of the filling + Brie + White
toasted-sandwich-cheese-brie-white-sourdough,"Toasted Sandwich, Cheese (Brie, White Sourdough)",Toasted,,485,17.90,55.10,20.90,13.80,,1.94,2.30,3.30,2032,,,,,,,false,true,,,page nutritional-information/10597: total of the filling + Brie + White Sourdough
toasted-sandwich-cheese-brie-wholemeal,"Toasted Sandwich, Cheese (Brie, Wholemeal)",Toasted,,401,17.40,31.60,21.40,14.60,,1.64,2.00,6.40,1678,,,,,,,false,true,,,page nutritional-information/10597: total of the filling + Brie + Wholemeal
toasted-sandwich-cheese-mozzarella-harvester,"Toasted Sandwich, Cheese (Mozzarella, Harvester)",Toasted,,475,31.24,38.46,21.55,13.78,,2.04,2.36,2.40,1986,,,,,,,false,true,,,page nutritional-information/10597: total of the filling + Mozzarella  + Harvester
toasted-sandwich-cheese-mozzarella-multiseed,"Toasted Sandwich, Cheese (Mozzarella, Multiseed)",Toasted,,499,32.84,34.46,24.75,14.58,,1.24,1.56,3.20,2089,,,,,,,false,true,,,page nutritional-information/10597: total of the filling + Mozzarella  + Multiseed
toasted-sandwich-cheese-mozzarella-multiseed-sourdough,"Toasted Sandwich, Cheese (Mozzarella, Multiseed Sourdough)",Toasted,,526,32.84,44.86,23.25,13.78,,2.34,1.86,3.30,2203,,,,,,,false,true,,,page nutritional-information/10597: total of the filling + Mozzarella  + Multiseed Sourdough
toasted-sandwich-cheese-mozzarella-oat,"Toasted Sandwich, Cheese (Mozzarella, Oat)",Toasted,,479,30.44,39.26,21.55,14.58,,2.04,2.36,3.20,2003,,,,,,,false,true,,,page nutritional-information/10597: total of the filling + Mozzarella  + Oat
toasted-sandwich-cheese-mozzarella-white,"Toasted Sandwich, Cheese (Mozzarella, White)",Toasted,,478,29.57,39.57,22.32,14.57,,2.03,1.55,1.58,1999,,,,,,,false,true,,,page nutritional-information/10597: total of the filling + Mozzarella  + White
toasted-sandwich-cheese-mozzarella-white-sourdough,"Toasted Sandwich, Cheese (Mozzarella, White Sourdough)",Toasted,,540,31.74,54.76,21.05,13.78,,2.34,1.86,3.30,2266,,,,,,,false,true,,,page nutritional-information/10597: total of the filling + Mozzarella  + White Sourdough
toasted-sandwich-cheese-mozzarella-wholemeal,"Toasted Sandwich, Cheese (Mozzarella, Wholemeal)",Toasted,,457,31.24,31.26,21.55,14.58,,2.04,1.56,6.40,1912,,,,,,,false,true,,,page nutritional-information/10597: total of the filling + Mozzarella  + Wholemeal
toasted-sandwich-cheese-grated-cheddar-harvester,"Toasted Sandwich, Cheese (Grated Cheddar, Harvester)",Toasted,,566,31.90,39.40,31.05,18.43,,2.60,1.70,2.40,2370,,,,,,,false,true,,,page nutritional-information/10597: total of the filling + Grated Cheddar + Harvester
toasted-sandwich-cheese-grated-cheddar-multiseed,"Toasted Sandwich, Cheese (Grated Cheddar, Multiseed)",Toasted,,591,33.50,35.40,34.25,19.23,,1.80,0.90,3.20,2474,,,,,,,false,true,,,page nutritional-information/10597: total of the filling + Grated Cheddar + Multiseed
toasted-sandwich-cheese-grated-cheddar-multiseed-sourdough,"Toasted Sandwich, Cheese (Grated Cheddar, Multiseed Sourdough)",Toasted,,617,33.50,45.80,32.75,18.43,,2.90,1.20,3.30,2587,,,,,,,false,true,,,page nutritional-information/10597: total of the filling + Grated Cheddar + Multiseed Sourdough
toasted-sandwich-cheese-grated-cheddar-oat,"Toasted Sandwich, Cheese (Grated Cheddar, Oat)",Toasted,,570,31.10,40.20,31.05,19.23,,2.60,1.70,3.20,2388,,,,,,,false,true,,,page nutritional-information/10597: total of the filling + Grated Cheddar + Oat
toasted-sandwich-cheese-grated-cheddar-white,"Toasted Sandwich, Cheese (Grated Cheddar, White)",Toasted,,569,30.23,40.51,31.82,19.22,,2.59,0.89,1.58,2384,,,,,,,false,true,,,page nutritional-information/10597: total of the filling + Grated Cheddar + White
toasted-sandwich-cheese-grated-cheddar-white-sourdough,"Toasted Sandwich, Cheese (Grated Cheddar, White Sourdough)",Toasted,,631,32.40,55.70,30.55,18.43,,2.90,1.20,3.30,2651,,,,,,,false,true,,,page nutritional-information/10597: total of the filling + Grated Cheddar + White Sourdough
toasted-sandwich-cheese-grated-cheddar-wholemeal,"Toasted Sandwich, Cheese (Grated Cheddar, Wholemeal)",Toasted,,548,31.90,32.20,31.05,19.23,,2.60,0.90,6.40,2297,,,,,,,false,true,,,page nutritional-information/10597: total of the filling + Grated Cheddar + Wholemeal
toasted-sandwich-cheese-mexicana-harvester,"Toasted Sandwich, Cheese (Mexicana, Harvester)",Toasted,,311,14.25,38.95,10.66,5.67,,1.36,1.78,2.55,1305,,,,,,,false,true,,,page nutritional-information/10597: total of the filling + Mexicana + Harvester
toasted-sandwich-cheese-mexicana-multiseed,"Toasted Sandwich, Cheese (Mexicana, Multiseed)",Toasted,,336,15.85,34.95,13.86,6.47,,0.56,0.98,3.35,1408,,,,,,,false,true,,,page nutritional-information/10597: total of the filling + Mexicana + Multiseed
toasted-sandwich-cheese-mexicana-multiseed-sourdough,"Toasted Sandwich, Cheese (Mexicana, Multiseed Sourdough)",Toasted,,362,15.85,45.35,12.36,5.67,,1.66,1.28,3.45,1521,,,,,,,false,true,,,page nutritional-information/10597: total of the filling + Mexicana + Multiseed Sourdough
toasted-sandwich-cheese-mexicana-oat,"Toasted Sandwich, Cheese (Mexicana, Oat)",Toasted,,315,13.45,39.75,10.66,6.47,,1.36,1.78,3.35,1322,,,,,,,false,true,,,page nutritional-information/10597: total of the filling + Mexicana + Oat
toasted-sandwich-cheese-mexicana-white,"Toasted Sandwich, Cheese (Mexicana, White)",Toasted,,314,12.58,40.06,11.43,6.46,,1.35,0.97,1.73,1318,,,,,,,false,true,,,page nutritional-information/10597: total of the filling + Mexicana + White
toasted-sandwich-cheese-mexicana-white-sourdough,"Toasted Sandwich, Cheese (Mexicana, White Sourdough)",Toasted,,376,14.75,55.25,10.16,5.67,,1.66,1.28,3.45,1585,,,,,,,false,true,,,page nutritional-information/10597: total of the filling + Mexicana + White Sourdough
toasted-sandwich-cheese-mexicana-wholemeal,"Toasted Sandwich, Cheese (Mexicana, Wholemeal)",Toasted,,293,14.25,31.75,10.66,6.47,,1.36,0.98,6.55,1231,,,,,,,false,true,,,page nutritional-information/10597: total of the filling + Mexicana + Wholemeal
toasted-sandwich-cheese-sliced-cheddar-harvester,"Toasted Sandwich, Cheese (Sliced Cheddar, Harvester)",Toasted,,320,14.82,37.63,12.07,6.51,,1.37,1.63,2.40,1342,,,,,,,false,true,,,page nutritional-information/10597: total of the filling + Sliced Cheddar + Harvester
toasted-sandwich-cheese-sliced-cheddar-multiseed,"Toasted Sandwich, Cheese (Sliced Cheddar, Multiseed)",Toasted,,345,16.42,33.63,15.27,7.31,,0.57,0.83,3.20,1446,,,,,,,false,true,,,page nutritional-information/10597: total of the filling + Sliced Cheddar + Multiseed
toasted-sandwich-cheese-sliced-cheddar-multiseed-sourdough,"Toasted Sandwich, Cheese (Sliced Cheddar, Multiseed Sourdough)",Toasted,,371,16.42,44.03,13.77,6.51,,1.67,1.13,3.30,1559,,,,,,,false,true,,,page nutritional-information/10597: total of the filling + Sliced Cheddar + Multiseed Sourdough
toasted-sandwich-cheese-sliced-cheddar-oat,"Toasted Sandwich, Cheese (Sliced Cheddar, Oat)",Toasted,,324,14.02,38.43,12.07,7.31,,1.37,1.63,3.20,1360,,,,,,,false,true,,,page nutritional-information/10597: total of the filling + Sliced Cheddar + Oat
toasted-sandwich-cheese-sliced-cheddar-white,"Toasted Sandwich, Cheese (Sliced Cheddar, White)",Toasted,,323,13.15,38.74,12.84,7.30,,1.36,0.82,1.58,1356,,,,,,,false,true,,,page nutritional-information/10597: total of the filling + Sliced Cheddar + White
toasted-sandwich-cheese-sliced-cheddar-white-sourdough,"Toasted Sandwich, Cheese (Sliced Cheddar, White Sourdough)",Toasted,,386,15.32,53.93,11.57,6.51,,1.67,1.13,3.30,1623,,,,,,,false,true,,,page nutritional-information/10597: total of the filling + Sliced Cheddar + White Sourdough
toasted-sandwich-cheese-sliced-cheddar-wholemeal,"Toasted Sandwich, Cheese (Sliced Cheddar, Wholemeal)",Toasted,,302,14.82,30.43,12.07,7.31,,1.37,0.83,6.40,1269,,,,,,,false,true,,,page nutritional-information/10597: total of the filling + Sliced Cheddar + Wholemeal
toasted-sandwich-cheese-and-ham-brie-harvester,"Toasted Sandwich, Cheese & Ham (Brie, Harvester)",Toasted,,464,25.05,38.86,23.02,14.31,,2.33,2.86,2.40,1942,,,,,,contains_pork,false,true,,,page nutritional-information/10598: total of the filling + Brie + Harvester
toasted-sandwich-cheese-and-ham-brie-multiseed,"Toasted Sandwich, Cheese & Ham (Brie, Multiseed)",Toasted,,489,26.65,34.86,26.22,15.11,,1.53,2.06,3.20,2046,,,,,,contains_pork,false,true,,,page nutritional-information/10598: total of the filling + Brie + Multiseed
toasted-sandwich-cheese-and-ham-brie-multiseed-sourdough,"Toasted Sandwich, Cheese & Ham (Brie, Multiseed Sourdough)",Toasted,,516,26.65,45.26,24.72,14.31,,2.63,2.36,3.30,2159,,,,,,contains_pork,false,true,,,page nutritional-information/10598: total of the filling + Brie + Multiseed Sourdough
toasted-sandwich-cheese-and-ham-brie-oat,"Toasted Sandwich, Cheese & Ham (Brie, Oat)",Toasted,,468,24.25,39.66,23.02,15.11,,2.33,2.86,3.20,1960,,,,,,contains_pork,false,true,,,page nutritional-information/10598: total of the filling + Brie + Oat
toasted-sandwich-cheese-and-ham-brie-white,"Toasted Sandwich, Cheese & Ham (Brie, White)",Toasted,,470,23.45,40.46,23.82,15.11,,2.33,2.06,1.60,1966,,,,,,contains_pork,false,true,,,page nutritional-information/10598: total of the filling + Brie + White
toasted-sandwich-cheese-and-ham-brie-white-sourdough,"Toasted Sandwich, Cheese & Ham (Brie, White Sourdough)",Toasted,,530,25.55,55.16,22.52,14.31,,2.63,2.36,3.30,2223,,,,,,contains_pork,false,true,,,page nutritional-information/10598: total of the filling + Brie + White Sourdough
toasted-sandwich-cheese-and-ham-brie-wholemeal,"Toasted Sandwich, Cheese & Ham (Brie, Wholemeal)",Toasted,,447,25.05,31.66,23.02,15.11,,2.33,2.06,6.40,1869,,,,,,contains_pork,false,true,,,page nutritional-information/10598: total of the filling + Brie + Wholemeal
toasted-sandwich-cheese-and-ham-mozzarella-harvester,"Toasted Sandwich, Cheese & Ham (Mozzarella, Harvester)",Toasted,,490,36.35,38.42,21.07,12.83,,2.59,2.34,2.40,2055,,,,,,contains_pork,false,true,,,page nutritional-information/10598: total of the filling + Mozzarella  + Harvester
toasted-sandwich-cheese-and-ham-mozzarella-multiseed,"Toasted Sandwich, Cheese & Ham (Mozzarella, Multiseed)",Toasted,,515,37.95,34.42,24.27,13.63,,1.79,1.54,3.20,2158,,,,,,contains_pork,false,true,,,page nutritional-information/10598: total of the filling + Mozzarella  + Multiseed
toasted-sandwich-cheese-and-ham-mozzarella-multiseed-sourdough,"Toasted Sandwich, Cheese & Ham (Mozzarella, Multiseed Sourdough)",Toasted,,542,37.95,44.82,22.77,12.83,,2.89,1.84,3.30,2272,,,,,,contains_pork,false,true,,,page nutritional-information/10598: total of the filling + Mozzarella  + Multiseed Sourdough
toasted-sandwich-cheese-and-ham-mozzarella-oat,"Toasted Sandwich, Cheese & Ham (Mozzarella, Oat)",Toasted,,494,35.55,39.22,21.07,13.63,,2.59,2.34,3.20,2072,,,,,,contains_pork,false,true,,,page nutritional-information/10598: total of the filling + Mozzarella  + Oat
toasted-sandwich-cheese-and-ham-mozzarella-white,"Toasted Sandwich, Cheese & Ham (Mozzarella, White)",Toasted,,496,34.75,40.02,21.87,13.63,,2.59,1.54,1.60,2079,,,,,,contains_pork,false,true,,,page nutritional-information/10598: total of the filling + Mozzarella  + White
toasted-sandwich-cheese-and-ham-mozzarella-white-sourdough,"Toasted Sandwich, Cheese & Ham (Mozzarella, White Sourdough)",Toasted,,556,36.85,54.72,20.57,12.83,,2.89,1.84,3.30,2335,,,,,,contains_pork,false,true,,,page nutritional-information/10598: total of the filling + Mozzarella  + White Sourdough
toasted-sandwich-cheese-and-ham-mozzarella-wholemeal,"Toasted Sandwich, Cheese & Ham (Mozzarella, Wholemeal)",Toasted,,473,36.35,31.22,21.07,13.63,,2.59,1.54,6.40,1981,,,,,,contains_pork,false,true,,,page nutritional-information/10598: total of the filling + Mozzarella  + Wholemeal
toasted-sandwich-cheese-and-ham-grated-cheddar-harvester,"Toasted Sandwich, Cheese & Ham (Grated Cheddar, Harvester)",Toasted,,416,26.55,38.52,17.17,9.24,,2.35,1.70,2.40,1748,,,,,,contains_pork,false,true,,,page nutritional-information/10598: total of the filling + Grated Cheddar + Harvester
toasted-sandwich-cheese-and-ham-grated-cheddar-multiseed,"Toasted Sandwich, Cheese & Ham (Grated Cheddar, Multiseed)",Toasted,,441,28.15,34.52,20.37,10.04,,1.55,0.90,3.20,1851,,,,,,contains_pork,false,true,,,page nutritional-information/10598: total of the filling + Grated Cheddar + Multiseed
toasted-sandwich-cheese-and-ham-grated-cheddar-multiseed-sourdough,"Toasted Sandwich, Cheese & Ham (Grated Cheddar, Multiseed Sourdough)",Toasted,,467,28.15,44.92,18.87,9.24,,2.65,1.20,3.30,1965,,,,,,contains_pork,false,true,,,page nutritional-information/10598: total of the filling + Grated Cheddar + Multiseed Sourdough
toasted-sandwich-cheese-and-ham-grated-cheddar-oat,"Toasted Sandwich, Cheese & Ham (Grated Cheddar, Oat)",Toasted,,420,25.75,39.32,17.17,10.04,,2.35,1.70,3.20,1766,,,,,,contains_pork,false,true,,,page nutritional-information/10598: total of the filling + Grated Cheddar + Oat
toasted-sandwich-cheese-and-ham-grated-cheddar-white,"Toasted Sandwich, Cheese & Ham (Grated Cheddar, White)",Toasted,,422,24.95,40.12,17.97,10.04,,2.35,0.90,1.60,1772,,,,,,contains_pork,false,true,,,page nutritional-information/10598: total of the filling + Grated Cheddar + White
toasted-sandwich-cheese-and-ham-grated-cheddar-white-sourdough,"Toasted Sandwich, Cheese & Ham (Grated Cheddar, White Sourdough)",Toasted,,482,27.05,54.82,16.67,9.24,,2.65,1.20,3.30,2029,,,,,,contains_pork,false,true,,,page nutritional-information/10598: total of the filling + Grated Cheddar + White Sourdough
toasted-sandwich-cheese-and-ham-grated-cheddar-wholemeal,"Toasted Sandwich, Cheese & Ham (Grated Cheddar, Wholemeal)",Toasted,,398,26.55,31.32,17.17,10.04,,2.35,0.90,6.40,1674,,,,,,contains_pork,false,true,,,page nutritional-information/10598: total of the filling + Grated Cheddar + Wholemeal
toasted-sandwich-cheese-and-ham-mexicana-harvester,"Toasted Sandwich, Cheese & Ham (Mexicana, Harvester)",Toasted,,318,19.55,38.56,9.26,4.29,,1.87,1.78,2.50,1336,,,,,,contains_pork,false,true,,,page nutritional-information/10598: total of the filling + Mexicana + Harvester
toasted-sandwich-cheese-and-ham-mexicana-multiseed,"Toasted Sandwich, Cheese & Ham (Mexicana, Multiseed)",Toasted,,342,21.15,34.56,12.46,5.09,,1.07,0.98,3.30,1439,,,,,,contains_pork,false,true,,,page nutritional-information/10598: total of the filling + Mexicana + Multiseed
toasted-sandwich-cheese-and-ham-mexicana-multiseed-sourdough,"Toasted Sandwich, Cheese & Ham (Mexicana, Multiseed Sourdough)",Toasted,,369,21.15,44.96,10.96,4.29,,2.17,1.28,3.40,1553,,,,,,contains_pork,false,true,,,page nutritional-information/10598: total of the filling + Mexicana + Multiseed Sourdough
toasted-sandwich-cheese-and-ham-mexicana-oat,"Toasted Sandwich, Cheese & Ham (Mexicana, Oat)",Toasted,,322,18.75,39.36,9.26,5.09,,1.87,1.78,3.30,1353,,,,,,contains_pork,false,true,,,page nutritional-information/10598: total of the filling + Mexicana + Oat
toasted-sandwich-cheese-and-ham-mexicana-white,"Toasted Sandwich, Cheese & Ham (Mexicana, White)",Toasted,,323,17.95,40.16,10.06,5.09,,1.87,0.98,1.70,1360,,,,,,contains_pork,false,true,,,page nutritional-information/10598: total of the filling + Mexicana + White
toasted-sandwich-cheese-and-ham-mexicana-white-sourdough,"Toasted Sandwich, Cheese & Ham (Mexicana, White Sourdough)",Toasted,,383,20.05,54.86,8.76,4.29,,2.17,1.28,3.40,1616,,,,,,contains_pork,false,true,,,page nutritional-information/10598: total of the filling + Mexicana + White Sourdough
toasted-sandwich-cheese-and-ham-mexicana-wholemeal,"Toasted Sandwich, Cheese & Ham (Mexicana, Wholemeal)",Toasted,,300,19.55,31.36,9.26,5.09,,1.87,0.98,6.50,1262,,,,,,contains_pork,false,true,,,page nutritional-information/10598: total of the filling + Mexicana + Wholemeal
toasted-sandwich-cheese-and-ham-sliced-cheddar-harvester,"Toasted Sandwich, Cheese & Ham (Sliced Cheddar, Harvester)",Toasted,,324,19.93,37.68,10.20,4.85,,1.87,1.68,2.40,1361,,,,,,contains_pork,false,true,,,page nutritional-information/10598: total of the filling + Sliced Cheddar + Harvester
toasted-sandwich-cheese-and-ham-sliced-cheddar-multiseed,"Toasted Sandwich, Cheese & Ham (Sliced Cheddar, Multiseed)",Toasted,,349,21.53,33.68,13.40,5.65,,1.07,0.88,3.20,1464,,,,,,contains_pork,false,true,,,page nutritional-information/10598: total of the filling + Sliced Cheddar + Multiseed
toasted-sandwich-cheese-and-ham-sliced-cheddar-multiseed-sourdough,"Toasted Sandwich, Cheese & Ham (Sliced Cheddar, Multiseed Sourdough)",Toasted,,375,21.53,44.08,11.90,4.85,,2.17,1.18,3.30,1578,,,,,,contains_pork,false,true,,,page nutritional-information/10598: total of the filling + Sliced Cheddar + Multiseed Sourdough
toasted-sandwich-cheese-and-ham-sliced-cheddar-oat,"Toasted Sandwich, Cheese & Ham (Sliced Cheddar, Oat)",Toasted,,328,19.13,38.48,10.20,5.65,,1.87,1.68,3.20,1379,,,,,,contains_pork,false,true,,,page nutritional-information/10598: total of the filling + Sliced Cheddar + Oat
toasted-sandwich-cheese-and-ham-sliced-cheddar-white,"Toasted Sandwich, Cheese & Ham (Sliced Cheddar, White)",Toasted,,329,18.33,39.28,11.00,5.65,,1.87,0.88,1.60,1385,,,,,,contains_pork,false,true,,,page nutritional-information/10598: total of the filling + Sliced Cheddar + White
toasted-sandwich-cheese-and-ham-sliced-cheddar-white-sourdough,"Toasted Sandwich, Cheese & Ham (Sliced Cheddar, White Sourdough)",Toasted,,389,20.43,53.98,9.70,4.85,,2.17,1.18,3.30,1642,,,,,,contains_pork,false,true,,,page nutritional-information/10598: total of the filling + Sliced Cheddar + White Sourdough
toasted-sandwich-cheese-and-ham-sliced-cheddar-wholemeal,"Toasted Sandwich, Cheese & Ham (Sliced Cheddar, Wholemeal)",Toasted,,306,19.93,30.48,10.20,5.65,,1.87,0.88,6.40,1287,,,,,,contains_pork,false,true,,,page nutritional-information/10598: total of the filling + Sliced Cheddar + Wholemeal
toasted-sandwich-cheese-and-onion-tomato-harvester-brie,"Toasted Sandwich, Cheese & Onion/Tomato (Harvester, Brie)",Toasted,,363,14.60,42.64,14.84,9.24,,1.37,5.36,3.64,1519,,,,,,contains_beef,false,false,,,page nutritional-information/10600: total of the filling + Harvester + Brie
toasted-sandwich-cheese-and-onion-tomato-harvester-mozzarella,"Toasted Sandwich, Cheese & Onion/Tomato (Harvester, Mozzarella)",Toasted,,464,29.30,42.60,19.49,12.36,,1.91,5.24,3.64,1940,,,,,,contains_beef,false,false,,,page nutritional-information/10600: total of the filling + Harvester + Mozzarella 
toasted-sandwich-cheese-and-onion-tomato-harvester-grated-cheddar,"Toasted Sandwich, Cheese & Onion/Tomato (Harvester, Grated Cheddar)",Toasted,,389,19.50,42.70,15.59,8.77,,1.67,4.60,3.64,1633,,,,,,contains_beef,false,false,,,page nutritional-information/10600: total of the filling + Harvester + Grated Cheddar
toasted-sandwich-cheese-and-onion-tomato-harvester-mexicana,"Toasted Sandwich, Cheese & Onion/Tomato (Harvester, Mexicana)",Toasted,,291,12.50,42.74,7.68,3.82,,1.19,4.68,3.74,1221,,,,,,contains_beef,false,false,,,page nutritional-information/10600: total of the filling + Harvester + Mexicana
toasted-sandwich-cheese-and-onion-tomato-harvester-sliced-cheddar,"Toasted Sandwich, Cheese & Onion/Tomato (Harvester, Sliced Cheddar)",Toasted,,297,12.88,41.86,8.62,4.38,,1.19,4.58,3.64,1246,,,,,,contains_beef,false,false,,,page nutritional-information/10600: total of the filling + Harvester + Sliced Cheddar
toasted-sandwich-cheese-and-onion-tomato-multiseed-brie,"Toasted Sandwich, Cheese & Onion/Tomato (Multiseed, Brie)",Toasted,,388,16.20,38.64,18.04,10.04,,0.57,4.56,4.44,1622,,,,,,contains_beef,false,false,,,page nutritional-information/10600: total of the filling + Multiseed + Brie
toasted-sandwich-cheese-and-onion-tomato-multiseed-mozzarella,"Toasted Sandwich, Cheese & Onion/Tomato (Multiseed, Mozzarella)",Toasted,,488,30.90,38.60,22.69,13.16,,1.11,4.44,4.44,2043,,,,,,contains_beef,false,false,,,page nutritional-information/10600: total of the filling + Multiseed + Mozzarella 
toasted-sandwich-cheese-and-onion-tomato-multiseed-grated-cheddar,"Toasted Sandwich, Cheese & Onion/Tomato (Multiseed, Grated Cheddar)",Toasted,,414,21.10,38.70,18.79,9.57,,0.87,3.80,4.44,1736,,,,,,contains_beef,false,false,,,page nutritional-information/10600: total of the filling + Multiseed + Grated Cheddar
toasted-sandwich-cheese-and-onion-tomato-multiseed-mexicana,"Toasted Sandwich, Cheese & Onion/Tomato (Multiseed, Mexicana)",Toasted,,315,14.10,38.74,10.88,4.62,,0.39,3.88,4.54,1324,,,,,,contains_beef,false,false,,,page nutritional-information/10600: total of the filling + Multiseed + Mexicana
toasted-sandwich-cheese-and-onion-tomato-multiseed-sliced-cheddar,"Toasted Sandwich, Cheese & Onion/Tomato (Multiseed, Sliced Cheddar)",Toasted,,322,14.48,37.86,11.82,5.18,,0.39,3.78,4.44,1349,,,,,,contains_beef,false,false,,,page nutritional-information/10600: total of the filling + Multiseed + Sliced Cheddar
toasted-sandwich-cheese-and-onion-tomato-multiseed-sourdough-brie,"Toasted Sandwich, Cheese & Onion/Tomato (Multiseed Sourdough, Brie)",Toasted,,414,16.20,49.04,16.54,9.24,,1.67,4.86,4.54,1736,,,,,,contains_beef,false,false,,,page nutritional-information/10600: total of the filling + Multiseed Sourdough + Brie
toasted-sandwich-cheese-and-onion-tomato-multiseed-sourdough-mozzarella,"Toasted Sandwich, Cheese & Onion/Tomato (Multiseed Sourdough, Mozzarella)",Toasted,,515,30.90,49.00,21.19,12.36,,2.21,4.74,4.54,2157,,,,,,contains_beef,false,false,,,page nutritional-information/10600: total of the filling + Multiseed Sourdough + Mozzarella 
toasted-sandwich-cheese-and-onion-tomato-multiseed-sourdough-grated-cheddar,"Toasted Sandwich, Cheese & Onion/Tomato (Multiseed Sourdough, Grated Cheddar)",Toasted,,440,21.10,49.10,17.29,8.77,,1.97,4.10,4.54,1850,,,,,,contains_beef,false,false,,,page nutritional-information/10600: total of the filling + Multiseed Sourdough + Grated Cheddar
toasted-sandwich-cheese-and-onion-tomato-multiseed-sourdough-mexicana,"Toasted Sandwich, Cheese & Onion/Tomato (Multiseed Sourdough, Mexicana)",Toasted,,342,14.10,49.14,9.38,3.82,,1.49,4.18,4.64,1438,,,,,,contains_beef,false,false,,,page nutritional-information/10600: total of the filling + Multiseed Sourdough + Mexicana
toasted-sandwich-cheese-and-onion-tomato-multiseed-sourdough-sliced-cheddar,"Toasted Sandwich, Cheese & Onion/Tomato (Multiseed Sourdough, Sliced Cheddar)",Toasted,,348,14.48,48.26,10.32,4.38,,1.49,4.08,4.54,1463,,,,,,contains_beef,false,false,,,page nutritional-information/10600: total of the filling + Multiseed Sourdough + Sliced Cheddar
toasted-sandwich-cheese-and-onion-tomato-oat-brie,"Toasted Sandwich, Cheese & Onion/Tomato (Oat, Brie)",Toasted,,367,13.80,43.44,14.84,10.04,,1.37,5.36,4.44,1536,,,,,,contains_beef,false,false,,,page nutritional-information/10600: total of the filling + Oat + Brie
toasted-sandwich-cheese-and-onion-tomato-oat-mozzarella,"Toasted Sandwich, Cheese & Onion/Tomato (Oat, Mozzarella)",Toasted,,468,28.50,43.40,19.49,13.16,,1.91,5.24,4.44,1957,,,,,,contains_beef,false,false,,,page nutritional-information/10600: total of the filling + Oat + Mozzarella 
toasted-sandwich-cheese-and-onion-tomato-oat-grated-cheddar,"Toasted Sandwich, Cheese & Onion/Tomato (Oat, Grated Cheddar)",Toasted,,393,18.70,43.50,15.59,9.57,,1.67,4.60,4.44,1651,,,,,,contains_beef,false,false,,,page nutritional-information/10600: total of the filling + Oat + Grated Cheddar
toasted-sandwich-cheese-and-onion-tomato-oat-mexicana,"Toasted Sandwich, Cheese & Onion/Tomato (Oat, Mexicana)",Toasted,,295,11.70,43.54,7.68,4.62,,1.19,4.68,4.54,1239,,,,,,contains_beef,false,false,,,page nutritional-information/10600: total of the filling + Oat + Mexicana
toasted-sandwich-cheese-and-onion-tomato-oat-sliced-cheddar,"Toasted Sandwich, Cheese & Onion/Tomato (Oat, Sliced Cheddar)",Toasted,,301,12.08,42.66,8.62,5.18,,1.19,4.58,4.44,1264,,,,,,contains_beef,false,false,,,page nutritional-information/10600: total of the filling + Oat + Sliced Cheddar
toasted-sandwich-cheese-and-onion-tomato-white-brie,"Toasted Sandwich, Cheese & Onion/Tomato (White, Brie)",Toasted,,368,13.00,44.24,15.64,10.04,,1.37,4.56,2.84,1543,,,,,,contains_beef,false,true,,,page nutritional-information/10600: total of the filling + White + Brie
toasted-sandwich-cheese-and-onion-tomato-white-mozzarella,"Toasted Sandwich, Cheese & Onion/Tomato (White, Mozzarella)",Toasted,,469,27.70,44.20,20.29,13.16,,1.91,4.44,2.84,1964,,,,,,contains_beef,false,true,,,page nutritional-information/10600: total of the filling + White + Mozzarella 
toasted-sandwich-cheese-and-onion-tomato-white-grated-cheddar,"Toasted Sandwich, Cheese & Onion/Tomato (White, Grated Cheddar)",Toasted,,395,17.90,44.30,16.39,9.57,,1.67,3.80,2.84,1657,,,,,,contains_beef,false,true,,,page nutritional-information/10600: total of the filling + White + Grated Cheddar
toasted-sandwich-cheese-and-onion-tomato-white-mexicana,"Toasted Sandwich, Cheese & Onion/Tomato (White, Mexicana)",Toasted,,296,10.90,44.34,8.48,4.62,,1.19,3.88,2.94,1245,,,,,,contains_beef,false,true,,,page nutritional-information/10600: total of the filling + White + Mexicana
toasted-sandwich-cheese-and-onion-tomato-white-sliced-cheddar,"Toasted Sandwich, Cheese & Onion/Tomato (White, Sliced Cheddar)",Toasted,,302,11.28,43.46,9.42,5.18,,1.19,3.78,2.84,1270,,,,,,contains_beef,false,true,,,page nutritional-information/10600: total of the filling + White + Sliced Cheddar
toasted-sandwich-cheese-and-onion-tomato-white-sourdough-brie,"Toasted Sandwich, Cheese & Onion/Tomato (White Sourdough, Brie)",Toasted,,428,15.10,58.94,14.34,9.24,,1.67,4.86,4.54,1799,,,,,,contains_beef,false,false,,,page nutritional-information/10600: total of the filling + White Sourdough + Brie
toasted-sandwich-cheese-and-onion-tomato-white-sourdough-mozzarella,"Toasted Sandwich, Cheese & Onion/Tomato (White Sourdough, Mozzarella)",Toasted,,529,29.80,58.90,18.99,12.36,,2.21,4.74,4.54,2221,,,,,,contains_beef,false,false,,,page nutritional-information/10600: total of the filling + White Sourdough + Mozzarella 
toasted-sandwich-cheese-and-onion-tomato-white-sourdough-grated-cheddar,"Toasted Sandwich, Cheese & Onion/Tomato (White Sourdough, Grated Cheddar)",Toasted,,455,20.00,59.00,15.09,8.77,,1.97,4.10,4.54,1914,,,,,,contains_beef,false,false,,,page nutritional-information/10600: total of the filling + White Sourdough + Grated Cheddar
toasted-sandwich-cheese-and-onion-tomato-white-sourdough-mexicana,"Toasted Sandwich, Cheese & Onion/Tomato (White Sourdough, Mexicana)",Toasted,,356,13.00,59.04,7.18,3.82,,1.49,4.18,4.64,1502,,,,,,contains_beef,false,false,,,page nutritional-information/10600: total of the filling + White Sourdough + Mexicana
toasted-sandwich-cheese-and-onion-tomato-white-sourdough-sliced-cheddar,"Toasted Sandwich, Cheese & Onion/Tomato (White Sourdough, Sliced Cheddar)",Toasted,,362,13.38,58.16,8.12,4.38,,1.49,4.08,4.54,1527,,,,,,contains_beef,false,false,,,page nutritional-information/10600: total of the filling + White Sourdough + Sliced Cheddar
toasted-sandwich-cheese-and-onion-tomato-wholemeal-brie,"Toasted Sandwich, Cheese & Onion/Tomato (Wholemeal, Brie)",Toasted,,345,14.60,35.44,14.84,10.04,,1.37,4.56,7.64,1445,,,,,,contains_beef,false,false,,,page nutritional-information/10600: total of the filling + Wholemeal + Brie
toasted-sandwich-cheese-and-onion-tomato-wholemeal-mozzarella,"Toasted Sandwich, Cheese & Onion/Tomato (Wholemeal, Mozzarella)",Toasted,,446,29.30,35.40,19.49,13.16,,1.91,4.44,7.64,1866,,,,,,contains_beef,false,false,,,page nutritional-information/10600: total of the filling + Wholemeal + Mozzarella 
toasted-sandwich-cheese-and-onion-tomato-wholemeal-grated-cheddar,"Toasted Sandwich, Cheese & Onion/Tomato (Wholemeal, Grated Cheddar)",Toasted,,372,19.50,35.50,15.59,9.57,,1.67,3.80,7.64,1560,,,,,,contains_beef,false,false,,,page nutritional-information/10600: total of the filling + Wholemeal + Grated Cheddar
toasted-sandwich-cheese-and-onion-tomato-wholemeal-mexicana,"Toasted Sandwich, Cheese & Onion/Tomato (Wholemeal, Mexicana)",Toasted,,273,12.50,35.54,7.68,4.62,,1.19,3.88,7.74,1147,,,,,,contains_beef,false,false,,,page nutritional-information/10600: total of the filling + Wholemeal + Mexicana
toasted-sandwich-cheese-and-onion-tomato-wholemeal-sliced-cheddar,"Toasted Sandwich, Cheese & Onion/Tomato (Wholemeal, Sliced Cheddar)",Toasted,,279,12.88,34.66,8.62,5.18,,1.19,3.78,7.64,1173,,,,,,contains_beef,false,false,,,page nutritional-information/10600: total of the filling + Wholemeal + Sliced Cheddar
toasted-sandwich-cheese-and-tuna-harvester-brie,"Toasted Sandwich, Cheese & Tuna (Harvester, Brie)",Toasted,,553,25.30,39.20,32.50,12.70,,1.50,2.60,2.40,2302,,,,,,,false,false,,,page nutritional-information/10599: total of the filling + Harvester + Brie
toasted-sandwich-cheese-and-tuna-harvester-mozzarella,"Toasted Sandwich, Cheese & Tuna (Harvester, Mozzarella)",Toasted,,616,38.30,38.96,33.85,13.52,,1.90,2.28,2.40,2569,,,,,,,false,false,,,page nutritional-information/10599: total of the filling + Harvester + Mozzarella 
toasted-sandwich-cheese-and-tuna-harvester-grated-cheddar,"Toasted Sandwich, Cheese & Tuna (Harvester, Grated Cheddar)",Toasted,,542,28.50,39.06,29.95,9.93,,1.66,1.64,2.40,2263,,,,,,,false,false,,,page nutritional-information/10599: total of the filling + Harvester + Grated Cheddar
toasted-sandwich-cheese-and-tuna-harvester-mexicana,"Toasted Sandwich, Cheese & Tuna (Harvester, Mexicana)",Toasted,,443,21.50,39.10,22.04,4.98,,1.18,1.72,2.50,1850,,,,,,,false,false,,,page nutritional-information/10599: total of the filling + Harvester + Mexicana
toasted-sandwich-cheese-and-tuna-harvester-sliced-cheddar,"Toasted Sandwich, Cheese & Tuna (Harvester, Sliced Cheddar)",Toasted,,449,21.88,38.22,22.98,5.54,,1.18,1.62,2.40,1875,,,,,,,false,false,,,page nutritional-information/10599: total of the filling + Harvester + Sliced Cheddar
toasted-sandwich-cheese-and-tuna-multiseed-brie,"Toasted Sandwich, Cheese & Tuna (Multiseed, Brie)",Toasted,,578,26.90,35.20,35.70,13.50,,0.70,1.80,3.20,2406,,,,,,,false,false,,,page nutritional-information/10599: total of the filling + Multiseed + Brie
toasted-sandwich-cheese-and-tuna-multiseed-mozzarella,"Toasted Sandwich, Cheese & Tuna (Multiseed, Mozzarella)",Toasted,,641,39.90,34.96,37.05,14.32,,1.10,1.48,3.20,2672,,,,,,,false,false,,,page nutritional-information/10599: total of the filling + Multiseed + Mozzarella 
toasted-sandwich-cheese-and-tuna-multiseed-grated-cheddar,"Toasted Sandwich, Cheese & Tuna (Multiseed, Grated Cheddar)",Toasted,,567,30.10,35.06,33.15,10.73,,0.86,0.84,3.20,2366,,,,,,,false,false,,,page nutritional-information/10599: total of the filling + Multiseed + Grated Cheddar
toasted-sandwich-cheese-and-tuna-multiseed-mexicana,"Toasted Sandwich, Cheese & Tuna (Multiseed, Mexicana)",Toasted,,468,23.10,35.10,25.24,5.78,,0.38,0.92,3.30,1953,,,,,,,false,false,,,page nutritional-information/10599: total of the filling + Multiseed + Mexicana
toasted-sandwich-cheese-and-tuna-multiseed-sliced-cheddar,"Toasted Sandwich, Cheese & Tuna (Multiseed, Sliced Cheddar)",Toasted,,474,23.48,34.22,26.18,6.34,,0.38,0.82,3.20,1979,,,,,,,false,false,,,page nutritional-information/10599: total of the filling + Multiseed + Sliced Cheddar
toasted-sandwich-cheese-and-tuna-multiseed-sourdough-brie,"Toasted Sandwich, Cheese & Tuna (Multiseed Sourdough, Brie)",Toasted,,604,26.90,45.60,34.20,12.70,,1.80,2.10,3.30,2519,,,,,,,false,false,,,page nutritional-information/10599: total of the filling + Multiseed Sourdough + Brie
toasted-sandwich-cheese-and-tuna-multiseed-sourdough-mozzarella,"Toasted Sandwich, Cheese & Tuna (Multiseed Sourdough, Mozzarella)",Toasted,,667,39.90,45.36,35.55,13.52,,2.20,1.78,3.30,2786,,,,,,,false,false,,,page nutritional-information/10599: total of the filling + Multiseed Sourdough + Mozzarella 
toasted-sandwich-cheese-and-tuna-multiseed-sourdough-grated-cheddar,"Toasted Sandwich, Cheese & Tuna (Multiseed Sourdough, Grated Cheddar)",Toasted,,593,30.10,45.46,31.65,9.93,,1.96,1.14,3.30,2479,,,,,,,false,false,,,page nutritional-information/10599: total of the filling + Multiseed Sourdough + Grated Cheddar
toasted-sandwich-cheese-and-tuna-multiseed-sourdough-mexicana,"Toasted Sandwich, Cheese & Tuna (Multiseed Sourdough, Mexicana)",Toasted,,494,23.10,45.50,23.74,4.98,,1.48,1.22,3.40,2067,,,,,,,false,false,,,page nutritional-information/10599: total of the filling + Multiseed Sourdough + Mexicana
toasted-sandwich-cheese-and-tuna-multiseed-sourdough-sliced-cheddar,"Toasted Sandwich, Cheese & Tuna (Multiseed Sourdough, Sliced Cheddar)",Toasted,,501,23.48,44.62,24.68,5.54,,1.48,1.12,3.30,2092,,,,,,,false,false,,,page nutritional-information/10599: total of the filling + Multiseed Sourdough + Sliced Cheddar
toasted-sandwich-cheese-and-tuna-oat-brie,"Toasted Sandwich, Cheese & Tuna (Oat, Brie)",Toasted,,557,24.50,40.00,32.50,13.50,,1.50,2.60,3.20,2320,,,,,,,false,false,,,page nutritional-information/10599: total of the filling + Oat + Brie
toasted-sandwich-cheese-and-tuna-oat-mozzarella,"Toasted Sandwich, Cheese & Tuna (Oat, Mozzarella)",Toasted,,620,37.50,39.76,33.85,14.32,,1.90,2.28,3.20,2587,,,,,,,false,false,,,page nutritional-information/10599: total of the filling + Oat + Mozzarella 
toasted-sandwich-cheese-and-tuna-oat-grated-cheddar,"Toasted Sandwich, Cheese & Tuna (Oat, Grated Cheddar)",Toasted,,546,27.70,39.86,29.95,10.73,,1.66,1.64,3.20,2280,,,,,,,false,false,,,page nutritional-information/10599: total of the filling + Oat + Grated Cheddar
toasted-sandwich-cheese-and-tuna-oat-mexicana,"Toasted Sandwich, Cheese & Tuna (Oat, Mexicana)",Toasted,,447,20.70,39.90,22.04,5.78,,1.18,1.72,3.30,1868,,,,,,,false,false,,,page nutritional-information/10599: total of the filling + Oat + Mexicana
toasted-sandwich-cheese-and-tuna-oat-sliced-cheddar,"Toasted Sandwich, Cheese & Tuna (Oat, Sliced Cheddar)",Toasted,,453,21.08,39.02,22.98,6.34,,1.18,1.62,3.20,1893,,,,,,,false,false,,,page nutritional-information/10599: total of the filling + Oat + Sliced Cheddar
toasted-sandwich-cheese-and-tuna-white-brie,"Toasted Sandwich, Cheese & Tuna (White, Brie)",Toasted,,558,23.70,40.80,33.30,13.50,,1.50,1.80,1.60,2326,,,,,,,false,true,,,page nutritional-information/10599: total of the filling + White + Brie
toasted-sandwich-cheese-and-tuna-white-mozzarella,"Toasted Sandwich, Cheese & Tuna (White, Mozzarella)",Toasted,,622,36.70,40.56,34.65,14.32,,1.90,1.48,1.60,2593,,,,,,,false,true,,,page nutritional-information/10599: total of the filling + White + Mozzarella 
toasted-sandwich-cheese-and-tuna-white-grated-cheddar,"Toasted Sandwich, Cheese & Tuna (White, Grated Cheddar)",Toasted,,547,26.90,40.66,30.75,10.73,,1.66,0.84,1.60,2287,,,,,,,false,true,,,page nutritional-information/10599: total of the filling + White + Grated Cheddar
toasted-sandwich-cheese-and-tuna-white-mexicana,"Toasted Sandwich, Cheese & Tuna (White, Mexicana)",Toasted,,449,19.90,40.70,22.84,5.78,,1.18,0.92,1.70,1874,,,,,,,false,true,,,page nutritional-information/10599: total of the filling + White + Mexicana
toasted-sandwich-cheese-and-tuna-white-sliced-cheddar,"Toasted Sandwich, Cheese & Tuna (White, Sliced Cheddar)",Toasted,,455,20.28,39.82,23.78,6.34,,1.18,0.82,1.60,1899,,,,,,,false,true,,,page nutritional-information/10599: total of the filling + White + Sliced Cheddar
toasted-sandwich-cheese-and-tuna-white-sourdough-brie,"Toasted Sandwich, Cheese & Tuna (White Sourdough, Brie)",Toasted,,618,25.80,55.50,32.00,12.70,,1.80,2.10,3.30,2583,,,,,,,false,false,,,page nutritional-information/10599: total of the filling + White Sourdough + Brie
toasted-sandwich-cheese-and-tuna-white-sourdough-mozzarella,"Toasted Sandwich, Cheese & Tuna (White Sourdough, Mozzarella)",Toasted,,682,38.80,55.26,33.35,13.52,,2.20,1.78,3.30,2850,,,,,,,false,false,,,page nutritional-information/10599: total of the filling + White Sourdough + Mozzarella 
toasted-sandwich-cheese-and-tuna-white-sourdough-grated-cheddar,"Toasted Sandwich, Cheese & Tuna (White Sourdough, Grated Cheddar)",Toasted,,607,29.00,55.36,29.45,9.93,,1.96,1.14,3.30,2543,,,,,,,false,false,,,page nutritional-information/10599: total of the filling + White Sourdough + Grated Cheddar
toasted-sandwich-cheese-and-tuna-white-sourdough-mexicana,"Toasted Sandwich, Cheese & Tuna (White Sourdough, Mexicana)",Toasted,,509,22.00,55.40,21.54,4.98,,1.48,1.22,3.40,2131,,,,,,,false,false,,,page nutritional-information/10599: total of the filling + White Sourdough + Mexicana
toasted-sandwich-cheese-and-tuna-white-sourdough-sliced-cheddar,"Toasted Sandwich, Cheese & Tuna (White Sourdough, Sliced Cheddar)",Toasted,,515,22.38,54.52,22.48,5.54,,1.48,1.12,3.30,2156,,,,,,,false,false,,,page nutritional-information/10599: total of the filling + White Sourdough + Sliced Cheddar
toasted-sandwich-cheese-and-tuna-wholemeal-brie,"Toasted Sandwich, Cheese & Tuna (Wholemeal, Brie)",Toasted,,535,25.30,32.00,32.50,13.50,,1.50,1.80,6.40,2229,,,,,,,false,false,,,page nutritional-information/10599: total of the filling + Wholemeal + Brie
toasted-sandwich-cheese-and-tuna-wholemeal-mozzarella,"Toasted Sandwich, Cheese & Tuna (Wholemeal, Mozzarella)",Toasted,,599,38.30,31.76,33.85,14.32,,1.90,1.48,6.40,2496,,,,,,,false,false,,,page nutritional-information/10599: total of the filling + Wholemeal + Mozzarella 
toasted-sandwich-cheese-and-tuna-wholemeal-grated-cheddar,"Toasted Sandwich, Cheese & Tuna (Wholemeal, Grated Cheddar)",Toasted,,524,28.50,31.86,29.95,10.73,,1.66,0.84,6.40,2189,,,,,,,false,false,,,page nutritional-information/10599: total of the filling + Wholemeal + Grated Cheddar
toasted-sandwich-cheese-and-tuna-wholemeal-mexicana,"Toasted Sandwich, Cheese & Tuna (Wholemeal, Mexicana)",Toasted,,426,21.50,31.90,22.04,5.78,,1.18,0.92,6.50,1777,,,,,,,false,false,,,page nutritional-information/10599: total of the filling + Wholemeal + Mexicana
toasted-sandwich-cheese-and-tuna-wholemeal-sliced-cheddar,"Toasted Sandwich, Cheese & Tuna (Wholemeal, Sliced Cheddar)",Toasted,,432,21.88,31.02,22.98,6.34,,1.18,0.82,6.40,1802,,,,,,,false,false,,,page nutritional-information/10599: total of the filling + Wholemeal + Sliced Cheddar
slab-fruit,"Slab, Fruit",Bar Cakes,Quarter,467,4.6,67.85,19.55,2.3,,0,44.85,2.3,1949,,,,,,vegetarian,false,false,,,page nutritional-information-rm/11507; per Quarter
slab-ginger,"Slab, Ginger",Bar Cakes,Quarter,400,4.4,72.6,75.9,3.3,,0,49.5,1.1,1691,,,,,,vegetarian,false,false,,,page nutritional-information-rm/11508; per Quarter
multiseed-bloomer,"Multiseed, Bloomer",Bread,Loaf,2200,88,336,48,8,,0,8,32,9280,,,,,,vegetarian,false,false,,,page nutritional-information-rm/10663; per Loaf
white-bloomer-mixed-seeds,"White, Bloomer, Mixed Seeds",Bread,Loaf,1920,72,368,16,0,,8,8,24,8112,,,,,,vegetarian,false,false,,,page nutritional-information-rm/10664; per Loaf
harvester-farmhouse,"Harvester, Farmhouse",Bread,Loaf,1952,72,376,16,0,,8,16,24,8248,,,,,,vegetarian,false,false,,,page nutritional-information-rm/10674; per Loaf
white-farmhouse,"White, Farmhouse",Bread,Loaf,2008,56,392,24,8,,8,8,16,8488,,,,,,vegetarian,false,false,,,page nutritional-information-rm/10662; per Loaf
wholemeal-farmhouse,"Wholemeal, Farmhouse",Bread,Loaf,1776,72,304,16,8,,8,8,64,7512,,,,,,vegetarian,false,false,,,page nutritional-information-rm/10671; per Loaf
fruit-cob,Fruit Cob,Bread,Loaf,1144,28.7,241.9,4.1,0,,4.1,106.6,16.4,4854,,,,,,vegetarian,false,false,,,page nutritional-information-rm/10668; per Loaf
oat-tall-tin,"Oat, Tall Tin",Bread,Loaf,1992,64,384,16,8,,8,16,32,8424,,,,,,vegetarian,false,false,,,page nutritional-information-rm/10672; per Loaf
sourdough-san-francisco,"Sourdough, San Francisco",Bread,,0,0,0,0,0,,0,0,0,0,,,,,,vegetarian,false,false,,,page nutritional-information-rm/12236; per serving
harvester-sandwich,"Harvester, Sandwich",Bread,Loaf,1952,72,376,16,0,,8,16,24,8248,,,,,,vegetarian,false,false,,,page nutritional-information-rm/10675; per Loaf
multiseed-sandwich,"Multiseed, Sandwich",Bread,Loaf,2200,88,336,48,8,,0,8,32,9280,,,,,,vegetarian,false,false,,,page nutritional-information-rm/10666; per Loaf
white-sandwich,"White, Sandwich",Bread,Loaf,2008,56,392,24,8,,8,8,16,8488,,,,,,vegetarian,false,false,,,page nutritional-information-rm/10661; per Loaf
wholemeal-sandwich,"Wholemeal, Sandwich",Bread,Loaf,1776,72,304,16,8,,8,8,64,7512,,,,,,vegetarian,false,false,,,page nutritional-information-rm/10670; per Loaf
sourdough-cheese-and-chilli,"Sourdough, Cheese & Chilli",Bread,Loaf,1703,60,315,22.5,7.5,,7.5,7.5,22.5,7215,,,,,,vegetarian,false,false,,,page nutritional-information-rm/10682; per Loaf
sourdough-multiseed,"Sourdough, Multiseed",Bread,Loaf,1680,60,300,22.5,0,,7.5,7.5,22.5,7103,,,,,,vegetarian,false,false,,,page nutritional-information-rm/10680; per Loaf
sourdough-stick,"Sourdough, Stick",Bread,Stick,1043,35.2,211.2,4.4,0,,4.4,0,13.2,4422,,,,,,vegetarian,false,false,,,page nutritional-information-rm/10676; per Stick
hertfordshire-sourdough,Hertfordshire Sourdough,Bread,Loaf,1778,52.5,367.5,7.5,0,,7.5,7.5,22.5,7538,,,,,,vegetarian,false,false,,,page nutritional-information-rm/10678; per Loaf
bueno-cake-14,Bueno Cake (14),Gateaux,Slice,857,9.5,104.5,43.7,11.4,,0,79.8,1.9,3583,,,,,,vegetarian,false,false,,,page nutritional-information-rm/10784; per Slice
carrot-cake-14,Carrot Cake (14),Gateaux,Slice,768,7.6,104.5,36.1,11.4,,0,77.9,1.9,3234,,,,,,vegetarian,false,false,,,page nutritional-information-rm/10779; per Slice
choc-fudge,Choc Fudge (*),Gateaux,Slice,819,7.6,104.5,39.9,9.5,,0,85.5,1.9,3435,,,,,,vegetarian,false,false,,,page nutritional-information-rm/11690; per Slice
chocolate-rainbow-14,Chocolate Rainbow (14),Gateaux,Slice,988,8.8,118.8,52.14,20.9,,0.57,94.38,5.06,4125,,,,,,,false,false,,,page nutritional-information-rm/11727; per Slice
coffee-and-walnut-cake-14,Coffee & Walnut Cake (14),Gateaux,Slice,0,0,0,0,0,,0,0,0,0,,,,,,vegetarian,false,false,,,page nutritional-information-rm/10781; per Slice
lemon-drizzle-14,Lemon Drizzle (14),Gateaux,Slice,812,7,103.25,40.25,14,,0,77,1.75,3397,,,,,,vegetarian,false,false,,,page nutritional-information-rm/10788; per Slice
passion-fruit-cake-14,Passion Fruit Cake (14),Gateaux,Slice,827,5.85,103.35,42.9,15.6,,0,78,1.95,3457,,,,,,vegetarian,false,false,,,page nutritional-information-rm/10783; per Slice
rainbow-cake,Rainbow Cake (*),Gateaux,Slice,1087,6.6,138.6,55,22,,0,110,2.2,4545,,,,,,,false,false,,,page nutritional-information-rm/10776; per Slice
victoria-sponge-tall-12,Victoria Sponge Tall (12),Gateaux,Slice,735,7,101.5,33.25,10.5,,0,75.25,1.75,3087,,,,,,vegetarian,false,false,,,page nutritional-information-rm/10780; per Slice
tart-bakewell,"Tart, Bakewell",Pies & Tarts,Slice,661,5.1,112.2,20.4,6.8,,0,83.3,1.7,2778,,,,,,vegetarian,false,false,,,page nutritional-information-rm/10689; per Slice
tart-cherry-and-almond,"Tart, Cherry & Almond",Pies & Tarts,Slice,570,7.25,76.85,26.1,4.35,,0,47.85,1.45,2381,,,,,,vegetarian,false,false,,,page nutritional-information-rm/10688; per Slice
pie-cherry-fri,"Pie, Cherry (Fri)",Pies & Tarts,Slice,649,9.45,100.8,28.35,9.45,,0,34.65,3.15,2725,,,,,,vegetarian,false,false,,,page nutritional-information-rm/11485; per Slice
quiche-goats-cheese-onion-sat,Quiche Goats Cheese/Onion (Sat),Pies & Tarts,Slice,851,26.51,43.38,62.66,28.92,,2.41,7.23,2.41,3538,,,,,,vegetarian,false,false,,,page nutritional-information-rm/11495; per Slice
quiche-ham-hock-and-leek-tues,Quiche Ham Hock & Leek (Tues),Pies & Tarts,Slice,823,28.8,36,62.4,26.4,,4.8,2.4,2.4,3425,,,,,,contains_pork,false,false,,,page nutritional-information-rm/11499; per Slice
quiche-mexicana-tues,Quiche Mexicana (Tues),Pies & Tarts,Slice,725,22.5,35,55,25,,2.5,5,2.5,3010,,,,,,vegetarian,false,false,,,page nutritional-information-rm/11490; per Slice
pie-pecan,"Pie, Pecan",Pies & Tarts,Slice,746,10.2,91.8,37.4,13.6,,0,62.9,1.7,3130,,,,,,vegetarian,false,false,,,page nutritional-information-rm/10690; per Slice
white-ciabatta,"White, Ciabatta",Rolls & Baps & Baguettes,Ciabatta,197,7,39,1,0,,1,1,2,829,,,,,,vegetarian,false,false,,,page nutritional-information-rm/10700; per Ciabatta
white-crusty-rolls,"White, Crusty Rolls",Rolls & Baps & Baguettes,Roll,111,4.05,21.6,0.45,0,,0.45,0.9,1.35,467,,,,,,vegetarian,false,false,,,page nutritional-information-rm/10697; per Roll
crusty-bap,Crusty Bap,Rolls & Baps & Baguettes,,234,8.55,45.6,0.95,0,,0.95,1.9,2.85,986,,,,,,vegetarian,false,false,,,page nutritional-information-rm/12238; per serving
p-b-baguette-multiseed-16,P/B Baguette Multiseed (16),Rolls & Baps & Baguettes,Baguette,385,14.85,55.35,9.45,1.35,,0,2.7,6.75,1617,,,,,,vegetarian,false,false,,,page nutritional-information-rm/10710; per Baguette
multiseed-ware-bap,"Multiseed, Ware Bap",Rolls & Baps & Baguettes,Bap,268,8.55,46.55,4.75,1.9,,0,4.75,2.85,1132,,,,,,vegetarian,false,false,,,page nutritional-information-rm/10704; per Bap
p-b-baguette-sour-dough-16,"P/B Baguette, Sour Dough (16)",Rolls & Baps & Baguettes,Baguette,320,10.8,64.8,1.35,0,,1.35,0,4.05,1357,,,,,,vegetarian,false,false,,,page nutritional-information-rm/10709; per Baguette
p-b-baguette-white-16,"P/B Baguette, White (16)",Rolls & Baps & Baguettes,Baguette,293,9.45,59.4,1.35,0,,1.35,1.35,4.05,1246,,,,,,vegetarian,false,false,,,page nutritional-information-rm/10708; per Baguette
white-soft-rolls,"White, Soft Rolls",Rolls & Baps & Baguettes,Roll,168,4.55,30.55,2.6,0.65,,0.65,1.95,1.3,708,,,,,,vegetarian,false,false,,,page nutritional-information-rm/10696; per Roll
white-ware-bap,"White, Ware Bap",Rolls & Baps & Baguettes,Bap,245,6.65,44.65,3.8,0.95,,0.95,2.85,1.9,1035,,,,,,vegetarian,false,false,,,page nutritional-information-rm/10702; per Bap
wholemeal-ware-bap,"Wholemeal, Ware Bap",Rolls & Baps & Baguettes,Bap,272,8.55,48.45,4.75,0.95,,0.95,3.8,1.9,1150,,,,,,vegetarian,false,false,,,page nutritional-information-rm/10703; per Bap
wholemeal-rolls,"Wholemeal, Rolls",Rolls & Baps & Baguettes,Roll,186,5.85,33.15,3.25,0.65,,0.65,2.6,1.3,787,,,,,,vegetarian,false,false,,,page nutritional-information-rm/10699; per Roll
filling-pesto-chicken,"Filling, Pesto Chicken",Sandwich Fillings,,0,0,0,0,0,,0,0,0,0,,,,,,,false,false,,,page nutritional-information-rm/11842; per serving
fillings-roasted-veg,Fillings - Roasted Veg,Sandwich Fillings,,63,1.3,5.1,3,0.4,,0.5,4.6,2.5,264,,,,,,vegetarian,false,false,,,page nutritional-information-rm/12288; per Serving
u-b-3-cheese-and-onion-slice-30,U/B 3 Cheese & Onion Slice (30),Savouries,Slice,717,17.6,55,46.2,24.2,,2.2,4.4,2.2,2988,,,,,,vegetarian,false,true,,,page nutritional-information-rm/10718; per Slice
macaroni-cheese-and-bacon-15,Macaroni Cheese & Bacon (15),Savouries,,920,52,36,64,36,,4,4,4,3836,,,,,,contains_pork,false,true,,,page nutritional-information-rm/10642; per Item
u-b-cheese-and-bacon-puff-40,U/B Cheese & Bacon Puff (40),Savouries,Puff,578,1.55,29.45,41.85,18.6,,3.1,0,1.55,2404,,,,,,contains_pork,false,true,,,page nutritional-information-rm/10712; per Puff
u-b-cheese-bean-pasty-32,U/B Cheese / Bean Pasty (32),Savouries,Pasty,508,11.55,46.2,29.7,13.2,,1.65,4.95,4.95,2114,,,,,,vegetarian,false,true,,,page nutritional-information-rm/10715; per Pasty
u-b-cheese-straws-100,U/B Cheese Straws (100),Savouries,Straw,400,9.57,28.71,27.84,13.92,,1.52,0.87,1.74,1664,,,,,,vegetarian,false,true,,,page nutritional-information-rm/10722; per Straw
u-b-chicken-and-wild-m-room-32,U/B Chicken & Wild M/Room (32),Savouries,Slice,683,13.65,58.5,42.9,19.5,,1.95,3.9,3.9,2847,,,,,,,false,true,,,page nutritional-information-rm/10716; per Slice
u-b-christmas-pasty-40,U/B Christmas Pasty (40),Savouries,Pasty,523,14.85,46.2,31.35,14.85,,1.65,6.6,3.3,2181,,,,,,contains_pork|contains_beef,false,true,,,page nutritional-information-rm/10714; per Pasty
u-b-vegan-mushroom-roll-50,U/B Vegan Mushroom Roll (50),Savouries,Roll,430,7.9,39.5,25.28,11.06,,1.58,1.58,3.16,1790,,,,,,vegetarian,false,true,,,page nutritional-information-rm/10713; per Roll
u-b-roast-dinner-pasty-32,U/B Roast Dinner Pasty (32),Savouries,,485,16.83,47.6,24.31,11.39,,2.04,1.02,1.87,2016,,,,,,contains_pork|contains_beef,false,true,,,page nutritional-information-rm/12221; per serving
u-b-lg-sausage-roll-42,U/B Lg. Sausage Roll (42),Savouries,Roll,709,17.1,58.9,43.7,19,,1.35,1.9,3.8,2947,,,,,,contains_pork,false,true,,,page nutritional-information-rm/10711; per Roll
u-b-sausage-turnovers-40,U/B Sausage Turnovers (40),Savouries,Puff,697,22,52.8,44,17.6,,2.2,6.6,2.2,2908,,,,,,contains_pork|contains_beef,false,true,,,page nutritional-information-rm/10721; per Puff
u-b-spinach-and-feta-rolls,U/B Spinach & Feta Rolls,Savouries,Puff,354,12.8,43.2,14.4,6.4,,1.6,1.6,4.8,1480,,,,,,vegetarian,false,true,,,page nutritional-information-rm/10720; per Puff
u-b-traditional-pasty-30,U/B Traditional Pasty (30),Savouries,Pasty,601,15.6,50.7,39,15.6,,1.95,3.9,3.9,2500,,,,,,contains_beef,false,true,,,page nutritional-information-rm/10719; per Pasty
bueno-chocolate-log,Bueno Chocolate Log,Seasonal,Quarter,9686,57.6,1334.4,460.8,259.2,,9.6,1190.4,19.2,40570,,,,,,vegetarian,false,false,,,page nutritional-information-rm/10805; per Quarter
bueno-chocolate-yule-log,Bueno Chocolate Yule Log,Seasonal,,9068,59.4,1247.4,435.6,237.6,,0,1128.6,19.8,37996,,,,,,vegetarian,false,false,,,page nutritional-information-rm/10806; per serving
candy-cane-cup-cake-fri,Candy Cane Cup Cake (fri),Seasonal,Cupcake,446,4,56,23,8,,0,43,0,1869,,,,,,vegetarian,false,false,,,page nutritional-information-rm/11620; per Cupcake
christmas-celebration-mince-pies-9,"Christmas, Celebration Mince Pies (9)",Seasonal,Pie,0,0,0,0,0,,0,0,0,0,,,,,,,false,false,,,page nutritional-information-rm/10798; per Pie
ind-mince-and-cherry-pie,Ind Mince & Cherry Pie,Seasonal,,427,4.68,63.18,17.55,7.02,,0,33.93,2.34,1797,,,,,,vegetarian,false,false,,,page nutritional-information-rm/11698; per Unit
milk-chocolate-yule-log,Milk Chocolate Yule Log,Seasonal,,10256,99,1504.8,435.6,198,,0,1346.4,19.8,43065,,,,,,vegetarian,false,false,,,page nutritional-information-rm/10804; per serving
xmas-fruit-1kg-bar,Xmas Fruit 1kg Bar,Seasonal,,4015,55,605,143,55,,0,506,22,16874,,,,,,vegetarian,false,false,,,page nutritional-information-rm/10808; per Unit
christmas-tree-biscuit,Christmas Tree Biscuit,Seasonal,Biscuit,0,0,0,0,0,,0,0,0,0,,,,,,vegetarian,false,false,,,page nutritional-information-rm/11623; per Biscuit
christmas-ind-fruit-cake-slice,Christmas Ind Fruit Cake Slice,Seasonal,Slice,475,6.5,71.5,16.9,6.5,,0,59.8,2.6,1994,,,,,,vegetarian,false,false,,,page nutritional-information-rm/10807; per Slice
choc-penguin-biscuit,Choc Penguin Biscuit,Seasonal,Biscuit,337,4.8,57.6,9.6,4,,0,31.2,2.4,1418,,,,,,vegetarian,false,false,,,page nutritional-information-rm/11617; per Biscuit
mallo-snowman-biscuit,Mallo Snowman Biscuit,Seasonal,Biscuit,0,0,0,0,0,,0,0,0,0,,,,,,contains_beef,false,false,,,page nutritional-information-rm/11616; per Biscuit
christmas-mince-pie-single,"Christmas, Mince Pie Single",Seasonal,,305,3.2,44.8,15.2,4.8,,0,25.6,1.6,1283,,,,,,vegetarian,false,false,,,page nutritional-information-rm/10797; per Item
christmas-mini-mince-pies-9,"Christmas, Mini Mince Pies (9)",Seasonal,Pie,815,9,117,36,13.5,,0,63,4.5,3425,,,,,,vegetarian,false,false,,,page nutritional-information-rm/10800; per Pie
christmas-rudolph-biscuits,Christmas Rudolph Biscuits,Seasonal,Biscuit,353,4,44,12,6.4,,0,40.8,0.8,1486,,,,,,vegetarian,false,false,,,page nutritional-information-rm/11611; per Biscuit
stollen-bites-8,Stollen Bites (8),Seasonal,Bite,144,1.85,17.39,7.4,3.7,,0,11.1,0.74,597,,,,,,vegetarian,false,false,,,page nutritional-information-rm/11697; per Bite
doughnut-100s-and-1000s,"Doughnut, 100s & 1000s",Small Cakes & Biscuits,Doughnut,392,7.35,56.7,14.7,3.15,,0,21,2.1,1642,,,,,,,false,false,,,page nutritional-information-rm/11686; per Doughnut
danish-apple,"Danish, Apple",Small Cakes & Biscuits,Danish,270,4,34,13,8,,1,13,1,1130,,,,,,vegetarian,false,false,,,page nutritional-information-rm/10770; per Danish
iced-cupcake-tues,Iced Cupcake (Tues),Small Cakes & Biscuits,Cupcake,463,5.5,62.7,20.9,4.4,,0,33,1.1,1940,,,,,,,false,false,,,page nutritional-information-rm/11600; per Cupcake
iced-biscuit-avocado,Iced Biscuit - Avocado,Small Cakes & Biscuits,Biscuit,586,6,73.2,30,19.2,,1.2,16.8,1.2,2454,,,,,,contains_beef,false,false,,,page nutritional-information-rm/11526; per Biscuit
belgian-bun,Belgian Bun,Small Cakes & Biscuits,Bun,538,9.25,109.15,5.55,1.85,,1.85,57.35,3.7,2281,,,,,,vegetarian,false,false,,,page nutritional-information-rm/10761; per Bun
bueno-cup-cake-tues,Bueno Cup Cake (Tues),Small Cakes & Biscuits,Cupcake,471,7.65,50.15,24.65,7.65,,0,37.4,9.35,1967,,,,,,vegetarian,false,false,,,page nutritional-information-rm/11564; per Cupcake
cake-pops,Cake Pops,Small Cakes & Biscuits,,0,0,0,0,0,,0,0,0,0,,,,,,,false,false,,,page nutritional-information-rm/12119; per serving
ring-doughnut-caramel,"Ring Doughnut, Caramel",Small Cakes & Biscuits,Doughnut,472,2,73,19,7,,0,67,2,1969,,,,,,vegetarian,false,false,,,page nutritional-information-rm/10764; per Doughnut
iced-biscuit-charlie-chilli,Iced Biscuit - Charlie Chilli,Small Cakes & Biscuits,Biscuit,0,0,0,0,0,,0,0,0,0,,,,,,contains_beef,false,false,,,page nutritional-information-rm/11519; per Biscuit
cheese-scone,Cheese Scone,Small Cakes & Biscuits,Scone,306,11.7,30.6,15.3,8.1,,1.8,1.8,1.8,1283,,,,,,,false,false,,,page nutritional-information-rm/10768; per Scone
danish-cherry,"Danish, Cherry",Small Cakes & Biscuits,Danish,331,5,42,16,10,,1,15,2,1386,,,,,,vegetarian,false,false,,,page nutritional-information-rm/10771; per Danish
choc-chip-cookie-mon,Choc Chip Cookie (Mon),Small Cakes & Biscuits,Biscuit,425,5.1,55.25,20.4,11.9,,0.85,36.55,1.7,1775,,,,,,vegetarian,false,false,,,page nutritional-information-rm/11663; per Biscuit
choc-crispie-cake-tue,Choc Crispie Cake (Tue),Small Cakes & Biscuits,,210,1.8,29.7,9.45,6.3,,0,21.6,0.45,879,,,,,,,false,false,,,page nutritional-information-rm/11574; per Serving
croissant-chocolate,"Croissant, Chocolate",Small Cakes & Biscuits,Croissant,350,4,33.6,21.6,12.8,,0.8,10.4,1.6,1461,,,,,,vegetarian,false,false,,,page nutritional-information-rm/10753; per Croissant
cinnamon-bun,Cinnamon Bun,Small Cakes & Biscuits,Bun,462,5,54,25,15,,1,21,2,1934,,,,,,vegetarian,false,false,,,page nutritional-information-rm/10755; per Bun
croissant-plain,"Croissant, Plain",Small Cakes & Biscuits,Croissant,298,3.5,27.3,18.9,11.2,,0.7,4.9,1.4,1240,,,,,,vegetarian,false,false,,,page nutritional-information-rm/10751; per Croissant
easter-bunny-cake-tues,Easter Bunny Cake (tues),Small Cakes & Biscuits,,0,0,0,0,0,,0,0,0,0,,,,,,,false,false,,,page nutritional-information-rm/11558; per serving
iced-biscuit-dinosaurs,Iced Biscuit - Dinosaurs,Small Cakes & Biscuits,Biscuit,0,0,0,0,0,,0,0,0,0,,,,,,vegetarian,false,false,,,page nutritional-information-rm/11536; per Biscuit
croissant-twice-baked-almond,"Croissant, Twice Baked Almond",Small Cakes & Biscuits,Croissant,442,8,41,27,11,,1,22,2,1841,,,,,,vegetarian,false,false,,,page nutritional-information-rm/10752; per Croissant
doughnut-millionaire,"Doughnut, Millionaire",Small Cakes & Biscuits,Doughnut,0,0,0,0,0,,0,0,0,0,,,,,,vegetarian,false,false,,,page nutritional-information-rm/10760; per Doughnut
iced-biscuit-egg-sheeran,Iced Biscuit - Egg Sheeran,Small Cakes & Biscuits,Biscuit,0,0,0,0,0,,0,0,0,0,,,,,,contains_beef,false,false,,,page nutritional-information-rm/11533; per Biscuit
fruit-scone,Fruit Scone,Small Cakes & Biscuits,Scone,266,5.1,45.9,6.8,2.55,,0.85,20.4,1.7,1122,,,,,,vegetarian,false,false,,,page nutritional-information-rm/10766; per Scone
iced-biscuit-gary-gherkin,Iced Biscuit - Gary Gherkin,Small Cakes & Biscuits,Biscuit,586,6,73.2,30,19.2,,1.2,16.8,1.2,2454,,,,,,contains_beef,false,false,,,page nutritional-information-rm/11534; per Biscuit
gingerbread-men,Gingerbread Men,Small Cakes & Biscuits,Biscuit,237,3.85,38.5,7.15,2.75,,0,20.35,1.1,994,,,,,,vegetarian,false,false,,,page nutritional-information-rm/11535; per Biscuit
croissant-hazelnut,Croissant Hazelnut,Small Cakes & Biscuits,Croissant,328,7.7,39.6,14.3,4.4,,1.1,26.4,3.3,1374,,,,,,vegetarian,false,false,,,page nutritional-information-rm/11679; per Croissant
hazelnut-cruffin,Hazelnut Cruffin,Small Cakes & Biscuits,,838,13.6,79.9,51,20.4,,1.7,42.5,3.4,3492,,,,,,vegetarian,false,false,,,page nutritional-information-rm/10756; per Item
hot-choc-cupcake-fri,Hot Choc Cupcake (Fri),Small Cakes & Biscuits,Cupcake,433,3.6,71.1,14.4,9,,0,55.8,1.8,1819,,,,,,contains_pork,false,false,,,page nutritional-information-rm/11569; per Cupcake
hot-x-bun-plain,"Hot X Bun, Plain",Small Cakes & Biscuits,Bun,218,4.5,39,4.5,0.75,,0,16.5,2.25,920,,,,,,vegetarian,false,false,,,page nutritional-information-rm/10750; per Bun
iced-biscuit-jammie-tennis-ball,"Iced Biscuit, Jammie Tennis Ball",Small Cakes & Biscuits,,444,3.84,60.67,20.45,12.77,,0.29,35.81,1.06,1860,,,,,,vegetarian,false,false,,,page nutritional-information-rm/11834; per serving
easter-choc-bunny-biscuit,Easter Choc Bunny Biscuit,Small Cakes & Biscuits,,0,0,0,0,0,,0,0,0,0,,,,,,,false,false,,,page nutritional-information-rm/11856; per serving
gingerbread-easter-egg,Gingerbread - Easter Egg,Small Cakes & Biscuits,,0,0,0,0,0,,0,0,0,0,,,,,,vegetarian,false,false,,,page nutritional-information-rm/11730; per serving
doughnut-jam,"Doughnut, Jam",Small Cakes & Biscuits,Doughnut,287,5.6,40.8,11.2,5.6,,0,13.6,1.6,1203,,,,,,vegetarian,false,false,,,page nutritional-information-rm/10759; per Doughnut
iced-biscuit-mexican-cacti,Iced Biscuit - Mexican Cacti,Small Cakes & Biscuits,Biscuit,0,0,0,0,0,,0,0,0,0,,,,,,contains_beef,false,false,,,page nutritional-information-rm/11529; per Biscuit
choc-and-mint-cup-cake-tue,Choc & Mint Cup Cake (Tue),Small Cakes & Biscuits,Cupcake,0,0,0,0,0,,0,0,0,0,,,,,,vegetarian,false,false,,,page nutritional-information-rm/11556; per Cupcake
pistachio-cruffin,Pistachio Cruffin,Small Cakes & Biscuits,Danish,826,9.3,83.7,48.05,21.7,,1.55,44.95,3.1,3396,,,,,,vegetarian,false,false,,,page nutritional-information-rm/11683; per Danish
rolo-cupcake-tues,Rolo Cupcake (Tues),Small Cakes & Biscuits,Cupcake,495,4.6,67.85,23,6.9,,0,56.35,1.15,2072,,,,,,vegetarian,false,false,,,page nutritional-information-rm/11586; per Cupcake
shortbread-teddies,Shortbread Teddies,Small Cakes & Biscuits,Biscuit,483,4.75,58.9,24.7,16.15,,0.95,30.4,1.9,2020,,,,,,vegetarian,false,false,,,page nutritional-information-rm/11528; per Biscuit
swiss-buns,Swiss Buns,Small Cakes & Biscuits,Bap,203,5.2,35.1,3.9,0.65,,0.65,5.85,1.3,857,,,,,,vegetarian,false,false,,,page nutritional-information-rm/10749; per Bap
tangtastic-cupcake-fri,Tangtastic Cupcake (Fri),Small Cakes & Biscuits,Cupcake,446,5.5,63.8,18.7,3.3,,0,28.6,1.1,1867,,,,,,contains_pork,false,false,,,page nutritional-information-rm/11561; per Cupcake
tea-cakes,Tea Cakes,Small Cakes & Biscuits,,368,9.6,67.2,6,1.2,,0,28.8,3.6,1559,,,,,,vegetarian,false,false,,,page nutritional-information-rm/11676; per Item
danish-toffee-pecan,"Danish, Toffee Pecan",Small Cakes & Biscuits,Danish,429,6,44,25,11,,1,20,2,1792,,,,,,vegetarian,false,false,,,page nutritional-information-rm/11689; per Danish
iced-biscuit-unicorn,Iced Biscuit - Unicorn,Small Cakes & Biscuits,Biscuit,0,0,0,0,0,,0,0,0,0,,,,,,vegetarian,false,false,,,page nutritional-information-rm/11517; per Biscuit
watermelon-fancy-cup-cake-tues,Watermelon Fancy Cup Cake (Tues),Small Cakes & Biscuits,Cupcake,392,3.6,49.5,19.8,5.4,,0,35.1,0.9,1641,,,,,,contains_pork|contains_beef,false,false,,,page nutritional-information-rm/11546; per Cupcake
soup-leek-and-potato-2-litres,Soup - Leek & Potato (2 Litres,Soup,Cup,0,0,0,0,0,,0,0,0,0,,,,,,vegetarian,false,true,,,page nutritional-information-rm/10645; per Cup
soup-sweet-potato-red-pepper,Soup - Sweet Potato/Red Pepper,Soup,Cup,0,0,0,0,0,,0,0,0,0,,,,,,vegetarian,false,true,,,page nutritional-information-rm/10647; per Cup
soup-tomato-and-basil-2-litres,Soup Tomato & Basil (2 Litres,Soup,Cup,0,0,0,0,0,,0,0,0,0,,,,,,vegetarian,false,true,,,page nutritional-information-rm/10646; per Cup
tray-biscoff-bite-14,Tray - Biscoff Bite (14),Traybakes,Slice,430,3.2,44.8,26.4,12.8,,0,33.6,0.8,1797,,,,,,contains_pork,false,false,,,page nutritional-information-rm/10660; per Slice
tray-choc-brownie-12,Tray - Choc. Brownie (12),Traybakes,Slice,454,8,49,24,14,,0,44,3,1902,,,,,,vegetarian,false,false,,,page nutritional-information-rm/10657; per Slice
family-tray-bread-pudding,"Family Tray, Bread Pudding",Traybakes,Quarter,271,4,44,8,2,,0,28,3,1138,,,,,,vegetarian,false,false,,,page nutritional-information-rm/10649; per Quarter
family-tray-flapjack,"Family Tray, Flapjack",Traybakes,Quarter,476,7,64,21,12,,1,36,5,1994,,,,,,vegetarian,false,false,,,page nutritional-information-rm/10656; per Quarter
family-tray-choc-cara-s-bread,"Family Tray, Choc Cara S/Bread",Traybakes,Quarter,499,6,58,27,17,,0,39,1,2087,,,,,,vegetarian,false,false,,,page nutritional-information-rm/10658; per Quarter
family-tray-rice-flour-brownie,"Family Tray, Rice Flour Brownie",Traybakes,Quarter,493,5,58,26,16,,0,48,3,2058,,,,,,vegetarian,false,false,,,page nutritional-information-rm/10650; per Quarter
tray-flapjack-12,Tray - Flapjack (12),Traybakes,Slice,428,6.3,57.6,18.9,10.8,,0.9,32.4,4.5,1795,,,,,,vegetarian,false,false,,,page nutritional-information-rm/10651; per Slice
tray-milk-choc-shortbread-12,Tray - Milk Choc Shortbread (12),Traybakes,Slice,499,6,58,27,17,,0,39,1,2087,,,,,,vegetarian,false,false,,,page nutritional-information-rm/10654; per Slice
tray-rocky-road-12,Tray - Rocky Road (12),Traybakes,Slice,471,3.8,49.4,27.55,16.15,,0.95,30.4,2.85,1965,,,,,,contains_pork,false,false,,,page nutritional-information-rm/10659; per Slice
tray-white-choc-shortbread-12,Tray - White Choc Shortbread (12),Traybakes,Slice,500,6,59,27,17,,0,40,1,2094,,,,,,vegetarian,false,false,,,page nutritional-information-rm/10655; per Slice
mini-9s-bakewells,"Mini 9s, Bakewells",Wrapped Products,Tart,145,1.32,23.1,4.95,1.65,,0,14.52,0.33,608,,,,,,vegetarian,false,false,,,page nutritional-information-rm/11504; per Tart
mini-9s-cherry-muffins,"Mini 9s, Cherry Muffins",Wrapped Products,Muffin,128,1.6,16.64,6.08,0.96,,0,8.96,0.32,538,,,,,,vegetarian,false,false,,,page nutritional-information-rm/11506; per Muffin
mini-9s-jam-tarts,"Mini 9s, Jam Tarts",Wrapped Products,Tart,111,1.16,18.27,3.77,1.45,,0,10.44,0.58,466,,,,,,vegetarian,false,false,,,page nutritional-information-rm/11503; per Tart
sharing-tub-flapjack-16,Sharing Tub - Flapjack (16),Wrapped Products,Bite,87,1.26,11.52,3.78,2.16,,0,6.48,0.9,363,,,,,,vegetarian,false,false,,,page nutritional-information-rm/11610; per Bite
sharing-tub-gingerbread-20,Sharing Tub - Gingerbread (20),Wrapped Products,Biscuit,69,1.12,11.2,2.08,0.8,,0,5.92,0.32,289,,,,,,vegetarian,false,false,,,page nutritional-information-rm/11543; per Biscuit
vegan-lemon-and-sultana-cake,Vegan Lemon & Sultana Cake,Wrapped Products,Quarter,349,6.65,46.55,14.25,0.95,,0,29.45,1.9,1460,,,,,,vegetarian,false,false,,,page nutritional-information-rm/11609; per Quarter
