gtin,name,size
5059512738814,All butter shortbread fingers,210g
5000119684257,Fruit & Fibre Fruity Crunch,750 g
5054269805611,Tesco Wholemeal Pitta Bread 6 Pack,330g
5059697717314,Strawberry Granola,1 kg
5059697385087,Crinkle Cut Sea Salt & Chardonnay Vinegar Hand Cooked Crisps,
5000119002402,Tesco Malted Milk Biscuits 200G,200 g
10001691,Pumpkin Seeds,150 g
5050179762099,Organic Semi Skimmed Free Range Milk,2.272l (4 pints)
5057545579008,White Bread,800g
5052004706353,Pesto alla Genovese,190 g
5018374023513,Lemon Juice,500ml
5057753909550,White baton,1
5057753902384,Extra Mature Cheddar,400g
5052319376135,Spanish Potato And Onion Omelette,500g
5059697393471,Plant Chef Soya Alternative To Plain Yogurt,500 g
5051140150457,Tesco Large Free Range Eggs 12 Pack,12
03446171,Falafel & Houmous Wrap,
5051790009976,Omega 3 fish fingers,300g
5052320423460,Organic 6 Mixed Sizes Free Range Eggs,328 g
5057753437909,Strawberry Seedless Jam,454 g
5050179405767,Pitted Black Olives,330g
5052319210767,Mackerel in Spicy Tomato Sauce,125 g
5057753924881,Oatbran,
5000119794819,Tesco Ready Salted Potato Chips,150g
5051399183435,Borlotti Beans in water,400g
5059697766954,Flamegrilled Roast Chicken Breast Slices,160 g
5059697688850,Choco Snaps,500g
5000111046763,Daddies Favourite Brown Sauce,400g
5052909349723,Guacamole,
5052909824848,Cottage cheese,
5000119304940,Wholemeal Batch Rolls,6
5057753211844,Ms Molly's plain chocolate,
5000436802433,crisp,200g
5057753931735,Wholemeal loaf,
5059512742170,Chia Seeds,500g
5059697390418,Roast Beef,
5063250551345,Gut sense plain kefir drink,
5063250535369,gut sense KEFIR NATURAL YOGURT,350g
01830958,Pitted Green Olives,350 g (160 g drained weight)
5052909678823,Tesco Gnocchi,500 g e
03284193,Balsamic Vinegar drizzle,
5054268868662,Sourdough breadmix,
5054269746730,Light Coconut Milk,
5057753926762,Reduced Sugar & Salt Tomato Ketchup,530g
5053947312168,Dark Chocolate Chips,100 g
5052109860752,dried mango,200g
5059697693564,Growers Harvest Microwave Wholegrain Rice,
5059697724855,Deglet Nour Dates,
0281243002505,Tesco Finest Stonebaked Seeded Multigrain Bloomer,600 g
5000436589419,Tesco Skimmed-milk,
5000436338840,Whole Milk,2 pints
5000436872542,Mixed Nuts and Raisins,500g
5052320564019,Unsalted Mixed Nuts,200 g
5057753211769,Dark chocolate,
5057008100909,Grains & Seeds Granola,500g
5000436426356,Italian chopped tomatoes,"1.6 kg, 4 x 400g"
5057008123311,Choco Hoops,375 g
03016954,Mascarpone,250g
5057545734872,Strawberry Jam,450 g
5057545828458,Gouda,250g
5057753899387,Sandwich pickle,
5057373398444,Red pepper houmous,
5059697269325,Desiccated Coconut,
5057753934453,MILD Cheddar,400 g
5031021945235,Baked Beans,4 x 420 g
5031021428721,Mediterranean Inspired Couscous,110g
0281511001254,Ciabatta Roll,
5031021361226,Soft apricots,
5057753224325,Tesco Freefrom Red pesto,190 g
5054402132888,Capers,190g
5052004984836,Roasted Vegetable Flavour Couscous,110g
5054269765687,Steak Cut Oven Chips,1.5kg
5057545715963,French Fries,1.5kg
5053526984939,Smooth Bolognese Sauce,500 g
5057753901769,Grana Padano,
03223734,Soft Pitted Dates,
5057753938963,50% Less Fat Salad Cream,
5053526970215,Pilau Rice,250 g
5057753938048,Meat-Free Mince,454g
5059697390814,Cashews,300g
5059697680106,Mozzarella,125g
0011370181121,Olive Spread,500 g
5057753908744,Pinto beans in water,390g (235g drained weight)
5052909539292,Fine Egg Noodles,
5052320439744,Salted Roasted Cashews,350g
10001417,Tesco Cashew Nuts,200g
0284808002354,Hakiki & Kalamata Olive Batard,400g
5000119002501,Strawberry Jam Classic Recipe,454g
5052320565191,Roasted mixed nuts,200 g
5054269551273,Spaghetti Rings in tomato sauce,410 g
5057008763128,Light Soy Sauce,
5000436960171,Tesco Vegetable Soup,400g
5057753907761,Milk chocolate Rice cakes,105 g
5051140455750,Organic Feta,
5057753905989,Skinless and boneless mackerel fillets in a katsu curry sauce,125g
5051790856990,Gravy granules,200g
5057753521813,Tesco 5 Strawberry & Banana Bars,5
5053947492624,Beef stock,450 ml
5059697722523,Chicken Jalfrezi with Pilau Rice,400 g
5052109860981,Dried cranberries,200 g
5059697751028,Greek Style Folded Flatbreads,340 g
5059697743474,"Tortilla Chips, Sour Cream And Zingy Lime",
5059697744624,Lean Ham on the Bone,120 g
5059697740046,red curry paste,180g
5000436449515,Organic Butter,250g
5053947788154,Flamegrilled Roast Chicken Mini Fillets,
5052910751942,Wheat Crackers,
7290000604633,Dates,800g
5057545917275,Almond Drink Unsweetened,1 l
5057373871572,Roasted Cashews,150g
03263983,Flax Seeds,
5000119105394,Peach Slices In Syrup,410g
5054268029049,Smooth tomato sauce,200g
5000436960157,Minestrone Soup,
5057753897796,White Baguette,
5052320721207,panko breadcrumbs,150g
5057753155896,Tesco finest North Atlantic Sardines,105g
5059697701559,"Leek, Potato & West Country Cheddar",600 g
5059697694394,Garlic Crackers,185g
5054268267717,Greek Style Yogurt,4x100g
5059697750892,Parmesan & Garlic Twists,
5059512742965,Skin-On Fries,
5059697770395,British Chunky Oven Chips,
5054269765052,Pork & herb Sausage Patties,6
5063445804966,Houmous,
5000436882787,Diet Lemonade,
5010204871868,English Mustard,190 g
5051790857218,For Chicken Gravy Granules,200g
5057545954782,Chocolate spread,
5057545435496,Sweetcure smoked mackerel strips,200g
5010204370552,Pine nuts,
5057753909710,Plant Chef rich tomato & basil soup,400g
5010204896489,Poppy & Sesame thins,150g
5000119002945,Nice Biscuits,200 g
5052004141017,Artichoke antipasti,285g (160g)
5000358966084,Couscous,500 g
5018374441089,Baked Beans & Pork Sausages in Tomato Sauce,395g
5057753911454,White Lasagne Sauce,340g
03280249,Houmous,
5057753125509,Mango and banana bar,5 x 30g
5059512729492,Pineapple Chunks in Juice,425g
5000119532282,Tricolore Fusilli,500 g
10039625,Kiwi,
5059697728464,Tesco Honey Roast Ham,
5059697750458,Sweet Chilli Roast Chicken Breast Slices,160 g
5059697774836,Finest Paprika Crisps,
5059697767968,Creamy Veg Soup,
10061282,Houmous,300g
5000119004024,Strong white flour,"1,5 kg"
5031021057976,Whole 3.7% Fat Milk,568 ml (1 pint)
5051008181395,Cheese balls,150g
5051140741594,Butter,500g
5051898918026,unsalted mixed nuts & raisins,250g
5052909546436,Inspired Crackers,60 g
5057545807378,Nduja mascarpone and red onion ravioli,1 250g
5057545715802,Cheese & tomato pizza,314g
5051898979362,Tartare sauce,
5018374303608,Basmati rice,
5057545828434,Edam Slices,250g
03016916,Pink Salmon,212 g
5000119407283,Salted Butter,250 g
5000119002921,Shortcake Biscuits,
5010204313771,Marshmallows,200g
5057008002869,Plain Tortilla Wraps,320g
5052910435361,Goji Berries,200g
5057753913571,Light mayonnaise,500ml
5057008002975,Fajita Seasoning,30
5000119278401,Mandarin Segments In Juice,
5057373842510,Taco Seasoning,
5054269931488,chunky soup vegatable,400g
5052109860660,4 Seed Mix,300 g
5059697256820,Chewy banana,
5059697742118,Caesar Dressing,
5059697695421,Microwave Pilau Rice,250 g
5059697399626,Exclusively TESCO THE GROWER'S HARVEST Farm Grown,
0283519002004,brown sourdough bloomer,400g
5057753521233,Toasted 3 seed mix,300g
5059697729553,Tesco Mixed Vegetable Curry,392g
5059697690723,Tesco Unsmoked Gammon Joint,750g
5059697700958,garlic & herbs Chicken kiev,
5059697685354,Gouda and Edam crispies,90g
5059697771972,Dairy Spray Cream,250g
5063250547966,Flatbread,
03275771,Tesco Spicy Bean with Cheese Wrap,198 g
5053526592271,Brown Bread,
5000119115928,Skimmed milk,1l
5000358962826,Tesco Walnut Halves,
5057545715864,Pizza,
03280782,Salsa,
5000436733607,Pains au chocolat,
03235997,Aged Balsamic Vinegar of Modena,
5057967620968,Tesco wafer thin roast chicken slices,36slices 400g
5052910959317,Sweet & Sour Cooking Sauce,510 g
5057753912444,Tiger Baton,
5000358397956,filtered semi skimmed milk,2L
5018374363275,Sardines in Brine,120 g
5057373982889,Roasted Peanuts Salted,200g
5000436510826,Mature Grated Cheddar,250g
5057545092491,Penne Pasta,
5052910569400,Golden Flaxseeds,250g
5052109862909,Pecan Halves,
5059697270918,Mozzarella Slices,250g
5057753909383,Medium cheddar,400 g
5059697758423,Cherries & Berries,1.5l
5057753211745,Milk Chocolate,200g
5000436960133,Scotch Broth,400g
5052109943875,fish,
5059697687013,Blueberries,
5057753938789,St Clements Hot Cross Buns,280g
5057753305574,White Breadcrumbs,175g
5031021200839,Bread mix,500 g
0281513001207,Ciabatta Roll,4 rolls
5059697707346,Mixed Olives,
5057967341559,Plain Naans,
5059697718359,Smoked Salmon,150g
5051277607831,blue stilton,220g
5059697760440,Iesso Tesco Green Curry Paste a Taste of Thailand,
5063250532535,Pitted Green Olives With Roasted Tomatoes,
5063250536908,Gutters Raspberry Kefir,
5063250538766,Moroccan Style Spiced Lentils & Chickpeas,250 grams
10001684,Sunflower seeds,150g
5000358553765,German Salami,125 g
5000462690424,Evaporated Milk,410g
5050179761979,Organic Semi Skimmed Milk,1.136 L
5051898913274,Spicy Potato Wedges,750g
5057008546028,Cooked & Peeled King Prawns,
5018374207623,Tesco Egg Custard Tarts 4 Pack,
5018374188618,Bramley Apple Pies 6 Pack,65 g x 6
5052909256892,5 spanish serrano ham slices,80g
5057967164103,Seedless Raisins,168g
5057545829097,Tortelloni,
5000358867299,Tuscan Bean Soup,
5057967014378,Brazil Nuts,
5057753125844,Chilli con carne,392g
5052109851446,Xero cola,
5050179762051,Organic Whole Free Range Milk,
10065914,Reduced fat houmous,200g
5000119003294,Demerara Sugar,1 kg
5000436703358,tesco custard,
5000119185143,tesco white batch rolls,
5053947494468,Golden Breadcrumbs,175g
5057753031756,Digestive,
5057753124885,Tomato Passata,
5054775144686,Chicken & Vegetable Soup,600 g
5057753125745,Italian Cherry Tomatoes,
03039199,Immune support,
5051277462898,Mango Chunks,500g
5057753911577,British Beef Mince 20% Fat,500g
5059697709234,Blackcurrent,
5059697394188,Creamfields grated cheddar,
5059697745201,No Added Sugar Ginger Beer,330ml
5059697265211,Lime 40% fruit juice from concentrate,
03257357,Strawberries 600G,
5059512738319,Tropical Fruit Salad,425g drained weight 270g
5059697685149,Tomatoe stir in,
5053947370311,Ginger Paste,90g
5059697770166,Golden Syrup Porridge,
5059697743597,Reduced Sugar & Salt Baked Beans in Tomato Sauce,420 g
5059512726903,Ravioli Beef Bolognese,
5059697764400,Breaded Chicken Steaks,
5059697710421,Piri Piri Roast Chicken Breast Slices,
5059697773198,Corned beef,110 g
5052109943776,Tesco 2 Breaded Chunky Cod Fillets,
5000436338901,Skimmed 0.1% Fat West Country Milk,
5059697689628,Four Cheese Stone baked Pizza,
5059697749971,Smoky Butternut & Bean Casserole,
5000354921988,&quot;Bolognese&quot; Pasta,65g
5059697759925,"'Nduja, Fire-Roasted Pepper & Mascarpone Pasta Sauce",
5059512730726,*0 0+ #+0 Hold TESCO APPLE JUICE FROM CONCENTRATE,
0057909896579,0% Fat Greek Style Yogurt,500g
3329770049215,0% Greek Style Honey Yogurt,4 x 100 g
7394376665189,01-10-2825 999997 Shake the Original Oat Ly! Oat D,1L
5054268956598,1 British Beef Rump Steak,195g
5000116127597,1 veggie quarter pounders,454g
5059697397264,10 british barn eggs,440 g
5059697750830,10 Chicken Satay Bites,
5051790298110,10 Extra Mature Cheddar Slices,250 g
5052004640022,10 Mature Cheese Slices,250g
5000326010818,10 Mixed Sized,10 eggs (497g)
5052319993288,10 Smoked Back Bacon Rashers,300g
5059697729447,10 Unsmoked Back Bacon Rashers,2 x 300 g
5052319993325,10 Unsmoked Back Bacon Rashers,300g
8710532462505,100% Peanut Butter Crunchy,340g
8710532469535,100% peanut butter crunchy,1kg
8710532462482,100% peanut butter smooth,340g
5057753032050,11 German Peppered Salami Slices,
5053526773014,12 Beef Meatballs,
5059697388989,12 filled mini churros,
5059697710537,12 Lamb Meatballs,
5059697763861,12 Macaron Selection,12
5052320607655,12 Milk Chocolate Chips Mini Muffins,550 g
03032749,12 Months Matured Christmas Pudding with Courvoisier VS Cognac,456 g
5059697749933,12 Piece Chinese Style Selection Pack,254g
5063250532054,12 Pigs in Blankets,
5059697709777,12 Vegetable Snack Selection,314 g
5051399881317,12 Welsh Free Range Eggs Large,12 pcs
5059697684487,12&quot; Aldi Price Match TESCO finest* MUSTARD & DILL,
5052003671706,15 free range eggs,15
5063445808360,18 Mini Savoury Eggs,
5051140643072,2 Apple Crumbles,270g
5059512727047,2 bake at home multigrain baguettes with sourdough,250g
5000462558687,2 Baked potatoes with cheddar,450g
5057753928414,2 Beef ranch streaks,
5059697679841,2 Beer Battered Cod Fillets,
5059697259104,2 Beetroot Burger Buns,
5057753159054,2 Belgian chocolate choux buns,
5054269414462,2 boneless salmon fillets,270g
5057373699688,2 Boneless Salmon Fillets,260g
5054268703444,2 bourbon Glazed pork half rib racks,460g
5057753922719,2 Breaded Cod Fillets,300 g
0231404006934,2 British Skinless Chicken Breast Fillets,
0231401008511,2 British Skinless Chicken Breasts,
5052910805799,2 Creamy chicken bakes,280g
5059944008691,2 Garlic Baguettes,338 g
5000436802112,2 Garlic Breast Kievs,
5063445796636,2 Mango And Lime Tarts,
5059697769443,2 Meat-free Quarter Pounders,
5059697775567,2 Meat-Free Steaks With Garlic Melt,
5018374112897,2 Melton Mowbray Pork Pies,"2 pies, 150g"
5057967576531,2 Mini Cheese & Tomato Pizzas,
5053947099427,2 Norfolk pork chops,475g
5054268956215,2 pork Loin steaks,290g
5031021047410,2 pork sausages rolls,120g
5057753898007,2 pot au Chocolat,2 x 76 g
5059697770524,2 Prawn Cocktail And Smoked Salmon Terrine Slices,
10547755,"2 Salmon, Spinach & Lemon Fishcakes",8x 60g
5052320684847,2 Scotch Eggs,227g
5053526661984,2 sweet chilli hot smoked salmon fillets,180 g
5059697259128,2 three cheese chicken kievs,
5054775540198,2 Vegetarian Monterey Jack BBQ Bean Burgers,280g
5059697744440,20% Fat Pork Mince,
5057967214860,2x 12 Smoked Bacon Rashers,
5057753926021,3 Cheese Pasta Bake,
5054775540044,3 Choc Sticks,300 ml (3 * 100 ml)
5057753933142,3 Cookies & Cream Ice Creams 330ml,
5059944009971,3 Double Chocolate Muffins,275g
5059697387821,3 houmous,
03231296,3 Pack Mixed Peppers,500g
5063250531712,30 Day Matured British Ranch Steaks with Garlic and Wild Garlic Butter,
5057545878040,30% Reduced Fat Extra Mature Cheese,
5057753919535,30% reduced fat mature cheese,400 g
5057753903176,30% reduced fat medium cheese,400 g
5054775296774,36 Pizza Pepperoni Slices,
0284633001201,4 ancient grain rolls,4 pieces
5000116128211,4 Beef Burgers with Plant Protein and Onion,"227g, 4 burgers"
0286211001009,4 Blueberry Muffins,4 Muffins
5054268001724,4 Blueberry Muffins,
5053947101144,4 British lamb chops,300g
5057753921835,4 caramalised apple crumble pies,
5051277795347,4 caramelised onion burgers,4 burgers 454g
5057545715826,4 Cheese Tomato & Pizzas,
5000462577596,4 Cherry Bakewell Tarts,
5059697706172,4 Double Cheeseburgers,
5051277423325,4 Extra Fruity Hot Cross Buns,
0280318000804,4 filled muffins - salted caramel,320g
5057008547810,4 Filled Muffins Red Velvet,364 g (4 * 91 g)
5059697263125,4 Garlic Chicken Kievs,
5051413862018,4 Greek Style Yogurts with honey,"400g, 4x100g"
5059697770722,4 Hog Road Inspired Roles,
5057545539583,4 mini cheese and tomato pizzas,
5057545828359,4 Pork Pies,260 g
5000358498851,4 Scotch Eggs,
0281587000700,4 Scotch Morning Rolls,
5059697717666,4 Slices Cooked Ham,1pcs
5051277785140,4 steam bags white & wild rice with mixed vegetables,4 150g
5063445785562,4 steam bags white & wild rice with mixed vegetables,600g
5059697727665,4 Strawberries & Clotted Cream Hot Cross Buns,
10088050,4 tec mex dips,1
5052003490178,4 vegetable spring rolls,240g
5010204862309,4 Vegetarian Cauliflower Cheese Grills,397g
5057008545762,4 White Rolls,300 g
5057373963819,4 Yum Yums,200 g
0284870001101,5 Jam Doughnuts,370 g
0289611001006,5 Milk Chocolate Cookies,
5031021445667,50% fruit juice orange,
5057545878590,50% reduced fat mature cheese,
5059697761942,6 aberdeen angus beef sausages,
5060185542004,6 British Sausages with Rubbed Sage,6 Sausages (400g)
5059697394508,6 Char Siu Duck Bao Buns,
5057753927646,6 Crumpets with Sourdough,
5000221604846,6 Deep Filled Mince Pies,360g = 6 x 60g
5057753933517,6 Duck Spring Rolls,
5051399881256,6 Free Range Eggs Medium,6 Eggs
5063250538568,6 King Prawn Gyozas,
03010303,6 month matured Christmas Pudding with Cider and Brandy,454g
5063446475493,6 Mushroom Parcels,
5059512736506,6 pigs in blankets in yorkshire pudding,
5052909875192,6 Reduced fat pork sausages,
5052004674416,6 unsmoked back bacon rashers thick cut,
5057753923976,6 vegetable spring rolls,
5014008000059,6 Vegetarian Sausage Rolls,342 g ( 6 x 57 g)
62508056,6 white pittas,6
5059697385957,6 whole prawn & sesame toasts,
5057753933357,8 Aberdeen Angus Beef Sausages,
5051277937471,8 British Pork Sausages,
5051622082450,8 Cumberland Pork Sausages British Pork British Po,
5054402954435,8 Dark choc ices,
5051277937280,8 Lincolnshire Pork Sausages,
5057753894436,8 meat free burgers,454 g
5059697620843,8 meat free smoky rashers,150 g
5063250544316,8 Mini Nduja & Pork Wellingtons,
5057967342068,8 Multiseed Tortilla Wraps,
01810295,8 Plain Tortilla Wraps,496g
5059697398834,8 pork sausages,
5054269006728,8 scotch pancakes,
5059697689499,8 Smoked Bacon Medallions Reduced Fat,
8410076474643,8 Tortilla Pockets,223 g
2046906028333,85% Cocoa robust dark chocolate,100g
5057545117859,9 Mini Festive Tarts,
5063250544606,9 Stuffing Roll Selection,
5054269582758,Aasani Almonds,
5059697705151,Aberdeen Angus Beef Burgers,
0231528014594,Aberdeen Angus Prime Cut Fillet Steak,
0231524012204,Aberdeen Angus Prime Cut Fillet Steak,
0231891004505,Aberdeen Angus Rump Steak,
0247552007631,Aberdeen Angus Salt Dry Aged Rump Steak,
0240819009430,Aberdeen Angus Salt Dry Aged Rump Steak,
0238734012895,Aberdeen Angus Salted Dry Aged Sirloin Steak,
5063446480664,Aberdeen Beef Burgers,
5063250532757,Abundance AOP Cheese,
5060360505466,Actimel 100% Dairy Free Mango,6 x 100 g
5060058334057,Actimel Blueberry,800g
5060058331735,Actimel Immune Support,12 x 100 g
5010775204065,Advent Calendar,80 g
7622202033285,Advent Calendar,204g
3023290624012,Aero milk chocolate,236 g
5000426171518,After Eight Mint,300 g
5051277612590,Aged Blue Stilton,215g
03300855,Aioli dip with basil drizzle,
5063445803235,Alderwood Smoked Streaky Bacon,200g
10110294,Alfresco salad,250 g
5057753901301,All butter chocolate chip shortbread,
5057753936686,all butter croissants,
5059697696046,All Butter Puff Pastry,
0059517738814,All butter shortbread fingers,210g
5057008762947,All Butter Shortbread Fingers,
5057753906580,All butter shortbread fingers,250g
5059697743665,All butter simnel cake,150 g
5054775859702,All Day Breakfast,350g
5052004793391,All day breakfast sandwich,
5057753914837,All day Mexican inspired breakfast wrap,300 g
5030756005795,All Steak pie,210 g
5059697778568,All-Butter Pains Au Chocolate,
5000227511865,Almond Bakewell Tarts,164 g
5060198648373,Almond Cantucci,170 g
5060088709511,Almond Macaroon,4 x 35g
4088600037745,Almond milk no sugars,1 l
03221365,Almonds,
5057545652343,almonds,1
5063250548406,Alphonso Mango & Passion Fruit Mousse,
5057967049042,Alphonso Mango and Passion Fruit Coulis,
5063446484112,Alpine Inspired Fondue,
5059697687792,Amber maple syrup,330g
96169643,Ambrosia Custard Pot Low Fat 150g,150g
5059697751974,Anchoives,
5057753911782,Anchovy,60g
0284631001258,Ancient Grain Roll,
5057967163632,Apple & banana slurpers,
5057753932992,Apple & Blackcurrant,1.5L
10009246,Apple & Blackcurrant,160 grammes
5070000126562,Apple & Cinnamon Granola,
5057753903794,Apple & Cranberry stuffing,
5059697397905,Apple & Strawberry Juice Drink,
5059697698682,Apple 40% fruit juice from concentrate,1.5L
0282854002601,Apple and BlackBerry Crumble Danish,2 danish
03255254,Apple and grape,
5059697732652,Apple and rasberry,
5057753416270,Apple and Raspberry Juice Drink,
5057753894856,Apple and Raspberry Sparkling Water,
03338582,Apple And Strawberries,100 g
5057753125523,Apple and sultana bars,5 x 30g
5057753912109,Apple crumble,500g
5059697679476,Apple Crumble & Salted Caramel,
5059697775857,Apple Crumble Shortbread Rounds,
5018374431899,Apple Juice,
5000119410412,Apple juice,
5059944001296,Apple juice from concentrate,
5059697999154,Apple pencils,
5088722225449,Apple soreen,5 soreens 150g
5013803000097,"Apple, ginger & dark chocolate",3 x 45 g
5059697741029,Applesauce,
5000119105431,Apricot Halves In Juice,
5010204520490,Apricot Wheats,500g
5000436144007,Arborio risotto rice,500 g
5057753126926,Ardennes Pate,175g
5053947026690,Ardennes pâté,160g
5059697389689,Aromatic Laksa Cones,180g
5050179691191,Arrabbiata,350g
5057753927486,Artichoke hearts,
5063250552229,"Asian Inspired Greens with a Soy, Coriander & Chilli Glaze",225g
5057753912888,Asian Style BBQ sauce,
10021477,Asparagus,
5057753906207,Asparagus & peppercorn ravioli,250g
03238042,Asparagus and Tenderstem Broccoli,
5059697752384,Atlantic White Anchovies With Lemon,
5063250557224,Aubergine and Mozzarella Gratin,
5057753897253,Aubergine bruschetta,190 g
5059697692901,Authentic Panettone,
5060446800409,Avocado & Lemon Mayo,240g
03280140,Avocado crush,
5000256015112,Baby Beetroot in Sweet Vinegar,440g
5053526935450,Baby broad beans,
5059697721915,Baby Carrots in Water,300 g
5010228006840,Baby Hasselbacks,653g
03285732,Baby Leaf Salad,250g
03312957,Baby Leaf Salad,
5063250534355,Baby Potato Tray Bake,
5063446487328,Baby Potato Tray Bake,400g
0462100067022,Baby Potatoes,
5060206802117,Baby Potatoes,750g
5059697723254,Back At The Ranch Salad,
5052003714434,back bacon,240g
5052003641501,Back bacon,
3770018078700,Bacon croquettes,140 g
5057545435373,Bacon lardons,2 x 100 g
5051008182156,Bacon Rashers,150 g
5010204585390,Bake at home baguettes,600g
0282457001605,Bake At Home Baguettes,
5059697756931,Bake At Home Ciabatta,
5057753125257,Baked Beans And Pork Sausages,
5000119001467,Baked Beans in Tomato Sauce,220g
5052319711639,Baked beans In Tomato Sauce,420g
5057545744741,Baked Beans in tomato sauce,
5059512730856,Baked Beans in Tomato Sauce,
5053947922190,Baked Cracker Mix,25 g
5000328015903,Baked prawn cocktail flavour,6 x 22g
5000328288529,Baked Wotsits 12 Really Cheesy flavour corn puffs,12 x 16.5 g
5027952005926,Baker Street 4 hot dog rolls imp,4
0285927002904,Bakewell Tart,
5060088705049,Bakewell Tart Raw Fruit & Nut Bar,35g
5052003768963,Baking Block,250g
5059697759680,Baking Camembert With Acacia Honey & Truffle Flavoured Glaze & Walnuts,
5063250545276,Baking Halloumi,
5057373619259,Baking Spread,
5059697717475,Balsamic Vinaigrette,
5050179081091,Balti Cooking Sauce,500 g
5059697741951,Banana & Salted Caramel Pancake,
5060088706206,Banana Bread Oat & Nut Breakfast Bar,4 x 30g
5059697753534,Bangers and mash,
5063445782837,Banoffee Pudding,
7613033014673,Barszcz Czerwony Instant,170g
5059697394775,Basa fillets,
03235782,Basil infused Olive Oil,
5059512740770,Basil pesto flat bread,
8002210133211,Basilico Pasta Sauce,340g
5063250555091,Basmati Rice,
5000119309181,Basmati Rice,
5031021086815,Basmati rice,
5000436531418,Basmati Rice,1 kg
5052320859733,Battered chicken dippers,450g
5052004386265,Battered Cod,
5054269765472,Battered Cod Fillet Bites,200g
5052109903343,Battered haddock goujons,
5060154692341,BBQ Beef brisket,400 g
5059512742125,Bbq Chicken Pizza,
5053947788505,BBQ chicken wings,525g
5054402920997,BBQ Chicken Wings,300g
5059697727771,BBQ Chicken with Jasmine Rice,400g
03265185,BBQ Chicken Wrap,
5059697766527,BBQ Chillin & Sweetcorn Pizza,420g
5059697746376,bbq pulled pork sandwich kit,485g
5051008983807,BBQ Sauce,480 g
5059944000275,BBQ sauce,
5057624764608,BBQ Sauce Flavour Meat-Free Sausages,336g
5011826422001,Bean Sprouts in water,410g
03471319,Beansprout And Vegetable Stir-fry,
5000157024671,Beanz in a rich tomato sauce,415g
5059697391033,Bearnaise Sauce,
03309728,Beautifully balanced smoky bbq bean and chicken wrap,
5059697683732,"Beechwood Ham, Egg & Chips Sandwich",
5053526878016,Beechwood Smoked Cheese,150g
5057008655577,Beechwood smoked cheese slices,250g
5059697389740,Beef & Veg Mince,500g
5057008251649,Beef biltong,
5059697264597,Beef Bourguignon,540g
5059697752971,Beef Bourguignon And Silverskin Onion Puff Pastry Pie,
5063445801194,Beef Brisket,
5057753896959,Beef Brisket Joint in Gravy,
5057545698112,Beef brisket with gravy,400g
5059697755682,Beef burger extra mature cheddar,
5057373816719,beef casserole,halal
5052003523081,Beef casserole & dumplings,450g
5057753911638,Beef curry,
5063250545658,Beef Dripping Dripping,350g
5063250542435,Beef Dripping Triple Cook Chips,
5053947795107,Beef gravy,
5059697722912,Beef lasagna,400 g
5057967253708,Beef Lasagna,
5059697738999,Beef lasagne,750g
5059697693687,Beef Lasagne,
5054268004428,Beef Lasagne,
5059697680878,beef lasagne,
5057753901141,Beef lasagne slim cook,
5063446477329,Beef Massaman Curry,
5063445810035,Beef Meatballs,
5059697769740,Beef mince with carrot butternut squash and onion,
03013557,Beef Paste,75g
5063446490601,Beef Ragu & Parmesan Bites with a Marinara Dip,
5057967394746,Beef Ragu Ravioli,
5018374014924,Beef Ravioli,400 g
5000157068750,Beef Ravioli,400 g e
5057753896744,Beef Sirloin Steak,220g
5057753898267,Beef sirloin steak,
5057545713952,Beef steak,227g
5053947818240,Beef Stroganoff with Long Grain and Wild Rice,450g
5059512725388,Beef Wellington,
5059697679087,Beef with pots,
5059697751288,Beer Battered Cod Fillets,
5063250537073,Beer Battered Cod Fillets with a Minted Pea Purée,
5000119090645,Beetroot,710g
5036829756724,Beetroot falafel,266 g
10071076,Beetroot Salad,
5059697388248,"Beetroot, goats cheese, cavolo nero and braised lentils - Tesco Finest",
5059697755361,Belgian Blonde Chocolate Hazelnuts,
5057753913960,Belgian Chocolate & Orange Cheesecake Slices,
5063445798111,Belgian Chocolate Almond Trio,
5059697749391,Belgian Chocolate and Pistachio Tart,
5060139661881,Belgian chocolate cake bars,120g
5063250556784,Belgian chocolate chunk shortbread,
5059512724947,Belgian chocolate coated sugar waffles,240g
0285259002009,Belgian chocolate cookies,
5059697687969,Belgian Chocolate Creme Éclair,2 x 100 g
5057753938604,Belgian Chocolate Ganache,
5059512724350,Belgian Chocolate Ice Cream,
5054268001731,Belgian chocolate muffins,
5057753523343,Belgian chocolate yule log,
5059697740848,Belgian Dark Chocolate & Cherry Cookies,
5057753892890,Belgian dark chocolate brazil nuts,
5052109810252,Belgian Dark Chocolate Ginger Cookies,200 g
5060112548703,Belgian dark chocolate rice cakes,100g
4059667701436,"Belgian Milk Chocolate, Caramel & Sea Salt Cookies",
5057753915988,Belgian White Chocolate & Caramel Soft Bake Cookies,
0283149002252,Belgian White Chocolate Cookies,
5057753640774,Belgian white chocolate hazelnuts,
5055940101503,Benecol Yoghurt,
5010034014206,Bens Original Wholegrainn Spicy Mexican Style Rice,220 g
5057373086211,Berry & Blackcurrant Mix,1kg
5059512739255,Berry & Cherry Muesli,500g
5052320633050,Berry and cherry,
5057373933751,Berry granola,
5022313269054,Berry Lean,360 ml
5059512731686,Berry White Sticks,300 ml
8719200237902,Bertolli,450 g
5060055253276,Better Naked Spicy Bean Burgers,260 g
5051790807558,Beurre d'Isigny with Guérande,
5012829006366,Big And Scottish Fresh Eggs,
5057753721091,Big bros enchiladas,450g
5000181035179,Big Milk Whole Milk,2L
5010067338171,Billington’s Dark Brown Sugar,500g
5000116126460,Birds Eye Green Cuisine 2 Cauliflower Burgers,
5000116124671,BirdsEye,440g
5000116127511,BirdsEye 10 Fish fingers value,250 g
5059697728686,Birthday Cake Ice Cream,
5059697763991,Biryani,
5063445790214,Biscoff Hot Cross Bun,
5060088700709,Biscoff Protein Bar,44g
05027446,Biscuit tin,400g
5054269446616,Biscuit Tin,400g
5057967306565,Bittersweet Three Fruit Marmalade,340g
5059697732980,Black & Green Olives,
5052909547327,Black bean cooking sauce,500g
5052109992187,Black Bean Stir Fry Sauce,
5057373748423,Black beans,400 g
5052449782448,Black cherry luxury yougart,150g
5063250540875,Black forest Christmas pudding,
5063446494821,Black Forest Tesco Hot Chocolate Flakes,
5059697699740,Black Garlic Pork Ribeye Steaks,
5059697686825,Black Pepper Crispbread,
5059697393662,Black sesame seeds,
5000119082275,Blackcurrant Jam,454g
5057753904739,Blazin' biryani,380g
03038581,BLT,1 pack
5059697761560,Blue Eggs,
5052910612779,Blue Spark Original,250ml
5054269893939,Blue Stilton,
5057753921248,Blue Stilton Cheese,
5063250540752,Blueberry & Lemon Hot Cross Buns,
5057967013197,Blueberry & Mint Cooler,
0286859002000,Blueberry Muffins,
5054268778404,Blueberry Soy Yogurt,
0280129001809,"Blueberry, Lemon & White Chocolate Cookie",
5000354914850,Bolognese,350 g
5000436850816,Bombay Mix,200g
0247624014338,Bone In Sirloin,
0247623009793,Bone In Sirloin Sharing Steak,
0247624011610,Bone-in Sirloin Steak,
5052909571360,Boneless Chicken Breast Joint,
5057753905842,Boneless Haddock Fillets,
0238165014482,Boneless Lamb Leg,
5057373841193,Boneless salmon fillet,130 g
5052910872937,Boneless Salmon Half Side,500 g
5052109907976,Boneless salmon side,1 kg
5059697777684,Boneless Smoked Seabass,170g
3608580128427,Bonne Maman Chocolate and Orange Spread,275g
3608580118886,Bonne Maman Hazelnut Chocolate Spread,360g
5063445810394,Bourbon BBQ Pulled Pork Rolls,
5063250540806,Bramley Apple & Blackberry Crumble,
5059697761065,Bramley Apple Crumble,250 g
5057753264093,Bran Flakes,300g
5000119102263,Bran Flakes,500 g
5018374194787,Brandy sauce,
03201879,Brazil Nuts,200 g
10112267,Brazil nuts,
03246573,Brazil Nuts,60g
5060168994554,Bread Company Sesame Breadsticks,150 g
5031021139801,Bread Sticks Mini,
5059512725531,Breadcrumbs,
5053526492595,Breaded Chicken Breast Fillets,
5059697733611,Breaded Chicken Goujons,
5059697761478,Breaded Chicken Goujons,270 g
5054268892421,Breaded Chicken Goujons,
5059697757686,Breaded Chicken Goujons Gluten Free,
5057545358368,Breaded Chicken Kievs,
5052320859917,Breaded Chicken Nuggets,450g
5059697403620,Breaded Chicken Nuggets,1 x 450g/28 nuggets
5059697256301,Breaded chicken poppers,300g
5057545028469,Breaded Chicken Steaks,380 g
5054269137583,Breaded Chicken Steaks,504 g
5052910096050,Breaded chunky cod fillets,
5063250539640,Breaded Chunky Fish Fingers,
5057753899981,Breaded Cod Fish Fingers,300g
5054269892895,Breaded cod fishcakes,
5057753930615,Breaded garlic chicken kievs,
5052004386388,Breaded Haddock,500 g
5057753913700,Breaded meat-free Goujons,
5051898684457,Breaded Mini Fillets,
5063446485478,Breaded Prawn Selection,
5054775580095,Breaded Salmon Fishcakes,
5063250549267,Breaded Southern Fried Prawns,
5059697270857,Breadstick selection sesame,120g
5018374113214,Breakfast apricots in juice,300g
5054775600779,Breakfast fruit topper,
5010044003559,Breakfast Muffins,256g (4)
5057753928483,Bresaola Della Valtellina,
5063445809695,Brie & Bacon Brioche Bagel,
5059697712296,Brie & beech smoked bacon with chilli jam sandwich,One 176g sandwich
5059697394584,Brie & Beechwood Smoked Bacon,2
5054269711745,Brie Bites,252g
5057753010010,Brioche Buns,
69493362,Brioche burger buns,
5012121004237,Brioche Style Wraps,366g
5053947729720,British Beef Lean Steak Mince,
5057545713815,British Beef Rump Steak,255g
5057545713877,British Beef Sirloin Steak,
5057373517067,British Beef Steak Mince,500 g
5054775751501,British Beef Stir Fry Strips,357 g
03272657,British carrots,500 g
5059697705182,British Chargrilled Chicken And Scamorza Cheese,
5059697697616,British Chicken Breast Ballotine,
5054775750283,British Chicken Breast Fillets,
5063250546662,British Chicken Breast Fillets,
5063445799132,British Chicken Breast Fillets,
5059697705557,British Chicken Breast Fillets 650g,
5059512735271,British Chicken Breast Fillets Room to Roam,
5063445787566,British Chicken Breast Pieces,
5052003671683,British chicken drumsticks,430g
5057753931001,British Chicken Mini Breast Fillets,400 g
5053526306410,British chicken thigh fillets,500g
5052319468595,British chicken thighs,430g
5063250533495,British Chicken Thighs,
5063445806410,British Chunky Chips,
03257661,British curly kale,
0245962019701,British Côte de Boeuf,
5052003552982,British Dry Cured Bacon Lardons,
5052320432639,British Dry Cured Pancetta,
5057545735770,British Eggs,328 g
0256901015579,British Fee Range Chicken,
0231405007084,British Free Range 2 Skinless Chicken Breast Fillets,
5034709005726,British handcooked potato chips,40 g
5053526877071,British Hard Goats Cheese,
5059944013398,British Honey Roast Ham,110g
03305072,British Jersey Royals,
5054775703531,British Large Whole Chicken,
5059512733765,British Lean Diced Beef,
5018374320162,British marrowfat processed peas,180g
4061462751509,British Mild White Cheddar,
4088600239026,British Organic Eggs,
03041437,British parsnips,500g
00113168,British Petit Pois,
5059697741364,British Pigs in Blankets,
5053947083266,British Pork Belly Slices,550g
5052910596635,British Pork Cooked Ham,125g
5000358051261,British Pork Lean Mince,500g
5059697387487,British Pork Loin Medallions,
5063250550997,British Pork Sausage Roll,
5053526421168,British Pork Shoulder,700g
0236683009355,British Pork Shoulder Joint,
03338193,British raddish,
5063445782493,British Ranch Steaks With Café De Paris Style Melts,
5000128589437,British Red Leicester,250 g
5059697687327,British Rosé Veal Mince,
5052320974856,British semi-skimmed UHT milk,
0231405008456,British Skinless Chicken Breast Fillets,
5059697762741,British Smoked Back Bacon Rashers,10 (300g)
5059697694738,British Triple Cheese Bake,300g
5052910596918,British Wafer Thin Honey Roast Ham,125g
5052003672017,British whole chicken,1.35kg
5000119115874,British whole milk,
0255965008527,British Wiltshire Cured Smoked Gammon Joint,
0255961009801,British Wiltshire Cured Smoked Gammon Joint,
03257050,British Zara Strawberries,300g
03272077,Britsh jacket potatoes,
5053947922145,Broad beans,80 g
5057753924652,Broad beans in water,300 g
03306864,Broccoli,
5050179966022,Broccoli & Stilton,600g
5050179607031,Broccoli and Stilton Soup,
5057545619971,Broccoli cheese,450g
03272466,Brocolli,350 g
5059697696831,Brookie,
5057753914561,Brookie Bites,20
0059529592275,Brown bread,
5057753925093,Brown sauce,
0289816001702,Brown Sourdough Bread,420g
0289819001808,Brown sourdough bread,
5057753686284,Brownie flavour milk,1l
5059512743801,Brownie mini bites,
5052909256878,Brunswick Ham Slices,130 g
5059697735332,Bruscetta With Cheese And Ham,
5063445791518,Bruschetta With Iberico Cheese & Serrano Ham,
5063250553295,Bruschetta-Inspired Arancini,
10113875,brussel sprouts,250g
5059697725272,Brussels Pate With A Buttery Edge,
5053947026737,Brussels pâté,160g
5057545828335,Bubble & Squeak,350g
5051399223438,Buckwheat,500g
5059697255274,Buffalo chicken & blue cheese sandwich,
5059697389085,Buffalo Mozzarella & Basil Pesto Wood Fired Pizza,220 g
5063250557453,Buffalo Mozzarella With Tomato & Pesto,
5052910585523,Bulgar Wheat and Quinoa Mix,300g
5057008025349,"Bulgur Wheat, Green Lentils & Barley",
5024393000114,Burford Browns 6 Eggs Assorted Sizes,6 eggs
5057753304188,Burger Sauce,250 ml
5059697765452,Burland Bloom Brie,
5063250536502,Burrata,
5059316985827,Butter,
5052320852420,Butter basted turkey breast joint,
0004948822069,Butter Beans,
5051399183664,Butter Beans in Water,400 g
5063445801033,Butter Chicken,
5057753924102,Butter chicken with pilau rice,400 g
5740900050303,Butter Slightly Salted,250g
5059697261886,Butter With Garlic And Mixed Herbs,
5059697738562,Butter With truffle,
5059697272431,Buttered cod fillets,
5059697732584,Butterflied Chicken & Serrano Ham,
03281475,Butterhead salad,100g
4001330129733,Butterkist Microwave Popcorn,3x60g
5059697401442,Buttermilk Chicken Strips,
5059697684180,Buttermilk Chicken Tenders,
10030745,Butternut Squash,
5063445806403,Butternut Squash & Goat's Cheese Pastries,
5059697725852,Butternut Squash And Chickpea Curry,
5052910720108,Butternut Squash Chunks,500g
5059697732874,Butternut Squashsage And risotto Soup,600 g
5054775467549,Butterpak Spreadable,500g
5051898253646,Butterscotch mousse,
5059697403842,Béarnaise Sauce,
5054268597241,cabbage,
5059697262081,Cacio E Pepe,
03324592,Cacio E Pepe Chicken,
7622210212573,Cadbury boost chocolate bar,68 g
5010238020294,Cadbury Boost Ice Cream Sticks,4 x 90 ml
7622201522100,Cadbury Puds,175g
10115350,Caesar Dressing,150 ml
5063250533969,Caesar Pasta Salad,
5000354918681,Cajun rice,68 g
5010718314516,Cajun Spiced Chicken Bake,117 g
5000119153623,Cake aux Fruits,
5059697704024,Calrie controlled Chicken Jamalsya,
5010204505442,Camembert,250g
5057545745144,Camembert,
00007573,Camembert d'Isigny Sainte Mère,250g
5059697399633,Candied Streaky Bacon,
5063445791549,Cannelloni Di Carne,
8410134606504,Capers Capote,240g
5059512734106,Caramel & honeycomb cookie dough,
5059697701436,Caramel cookies,
5059697705175,Caramel Custard Tart,
3608580059929,Caramel dessert,240g
5000316000683,Caramel Latte,330 ml
8720701145535,Caramel Milk Rice Crispy,180g
5054268651745,Caramel rice cakes,165g
5053947930539,Caramel vanilla ICE CREAM,900 ml
3608580128397,Caramelised Apple Spread,275g
5059697743702,Caramelised Biscuit & White Chocolate Cookies,
5059697695131,Caramelised Biscuit Spread,
5063446496603,Caramelised Biscuit Yogurt,
5063445783803,Caramelised Bramley Apple Pie,
5063445806762,Caramelised But Selection,
5057753939427,Caramelised Garlic & Extra Virgin Olive Oil Flatbread,100 g
5059697764639,Caramelised Nut Selection,
5059697768958,Caramelised Onion Beef Burger,
5059697400636,Caramelised onion beef burgers,
5059697261978,Caramelised Onion Houmous,
5053526283193,Caramelised Onion Houmous,
5059697773068,Caramelised onion meat free bangers,6
5010238022151,Caramilk,360ml
5057753923730,Carbonara Sauce,
5010346000003,Carnation evaporated milk,170g
5059697692802,Carrot Batons,400g
5059697768842,Carrot Loaf Cake,
03266205,Carrots,1 kg
5060362071600,Cashew,1L
5052109852849,Cashew & Raisins,200g
5057967049578,Cashew & raisins,
5060088701607,Cashew Cookie Fruit & Nut Bar,35 g
5060088701690,Cashew Cookie Raw Fruit & Nut WholefoodBars,4 x 35 g
5057545652329,Cashew nuts,25g
03246481,Cashew nuts,
5063250538056,Cashew Nuts,
5059697256684,Cauliflower and chickpea korma,
5018374323187,Cauliflower Cheese,350g
5051277948125,Cauliflower cheese,
5051898861858,Cauliflower Cheese Bake,
5059697255557,Cauliflower Florets,
5057373891075,Cauliflower Rice,600g
5057545755556,Cave Aged Goat's Cheese,200g
03265901,Celery,
5057967619214,Certified Irish Angus Lean Beef Mince,
5057008390935,cetato Starch Oven 20 on TESCO BEER BATTERED ONION,
5057967576203,Chagrined Vegetable Pizzal,
5000462125551,Channel island while milk,1 l
03237397,Chantenay carrots,
5059697707179,Char Siu Pork Loin Steaks,4 pork loin steaks
03312810,Char Siu Pulled Pork Wrap,186 g
5059697679698,Chargrilled Chicken & Chorizo Multiseed Wrap,
5059697729867,Chargrilled Chicken & Puttanesca Salad,
5059697399503,Chargrilled chicken & Spicy 'Nduja Seeded Tortilla Wrap,105g 1xServing
5060021949509,Chargrilled Chicken Fillet,
5000116111770,chargrilled original chicken,340g
5059697256493,Chargrilled Peppers,
11712374,Chargrilled vegetable couscous,250g
5057753431846,Charred Portobello Mushroom Stroganoff,
5063445804508,Charring Leeks,
5059697684784,Chcooate Trifle,3 x 119 g
5057753931155,Cheddar & Caramelised Onion Rolls,188g
5063445793154,Cheddar And Bacon Quiche,
5054269381788,Cheddar and Onion Quiche,
5989697728297,Cheddar and Redd Leicester Hot Cross Buns,
5053526261658,Cheddar cheese & chive,
5057545878835,Cheddar Mash,450g
03252147,Cheddar ploughman’s no mayo,
03232354,Cheddar with Chillies,
5010204155746,Cheese,250 g
5025165301040,Cheese & Bacon Potato Skins,260g
5057545890097,Cheese & Bacon Quiche,400g
5054402369406,Cheese & Garlic Flatbread,230g
5059697753527,Cheese & Onion,235g
5000328698823,Cheese & Onion Crisps,32.5g
5057545890073,Cheese & Onion Quiche,
5054402321749,Cheese & Onion Sandwich Filler,
5052526025925,Cheese & Onion Slices,300 g
5057545678312,Cheese & Tomato Pasta,
5059697386848,Cheese and onion muffins dinky,
5059697727900,Cheese And Onion Slice,
5063446478517,Cheese and tomato pizza,
5059512730009,Cheese bites,120g
03396285,Cheese Coleslaw,
5057545010907,Cheese feast,
5057753932848,Cheese flavour balls,
5000462586253,Cheese ravioli in tomato sauce,
0284253001209,cheese rolls,
5000462431607,Cheese Savouries,250 g
5052003477445,Cheese Thins Crisp & Savoury,150g
5063250545283,Cheese Topped Rolls,
5059697396908,Cheese Twists,125 g
5060012436209,Cheesecake,430g
5052449637984,Cheesy Balls,
5057753914394,Cheesy Pasta with Butternut Squash mini meal adventures,
03266175,Cherries,
0032695659423,Cherries & berries quadruple strength,
5059697767654,Cherries and berries,
5059697707315,Cherry And Almond Sour,
5059697724107,Cherry Wood Smoked Pork Shoulder,
5063445787078,Cherrywood Smoked Aberdeen Angus Beef Burgers,
5063250543340,Cherrywood Smoked Bacon Pork Ribs,
5059697400414,Chia Seeds,100g
5063445800883,Chick & Brisket Burgers,
5099556025228,Chick'un fillet with vegan mayo,162g
5011003048802,Chicken & Asparagus Pie,680g
03326978,Chicken & Bacon Caesar,
03280270,Chicken & Bacon Pasta,400 g
5059697705465,Chicken & Bacon Pasta Bake,
5059697743078,Chicken & Bacon Pasta Bake,400 g
5057753939496,Chicken & bacon pizza,
03231340,Chicken & Bacon Wrap,
5059697698040,Chicken & Black Bean With Egg Fried Rice,
5059697701085,Chicken & chorizo pasta,
5059697264665,Chicken & cracked pepper sausages,6
5052004793773,Chicken & Smoked Bacon Mayo,
03035498,Chicken & Stuffing,188g
03054130,Chicken & Sweetcorn,
03045671,chicken and bacon,
5063445793314,Chicken And Bacon Pie,
5059697721977,Chicken and Black Bean,
5057008025219,Chicken and sweetcorn flavour rice,
5051008022070,Chicken and Sweetcorn Soup,
5059697764561,Chicken Arrabbiata,
5059697740664,Chicken Arrabbiata,400 g
03038536,Chicken Bacon & Lettuce,
5053526086534,Chicken bacon caesar wrap,
5057753920661,Chicken Balti With Pilau Rice,
5059697681585,Chicken Bhakti Bauble,
5057008920408,Chicken Breast,"360g, 4 x 90g"
0231407006207,Chicken Breast,
5057373396556,Chicken breast,300 g
5059512741401,Chicken breast,
5057545778524,Chicken Breast Fillet Portions,
5054268934602,Chicken Breast Fillets,300g
5057373224538,Chicken breast fillets,1kg
5057753600990,Chicken breast fillets,
5054402520470,Chicken Breast Fillets,700 g
5057753922771,Chicken Breast Mini Fillets,
5054775147151,Chicken breast mini fillets,
5059697731099,Chicken breast with chorizo stuffing,
5057008920385,Chicken brest slices,
5059697745614,Chicken broad bean & pea risotto,380 g
5054269267976,Chicken Chow Mein,400g
5059697740800,chicken curry,
5057545715215,Chicken Curry With Rice,400g
5010204642543,Chicken Curry with vegetables,392 g
5054775891436,Chicken Dinner,400g
5059697750939,Chicken Drumstick Fillets,600g
5063250533600,Chicken Flavour Instant Noodles,1x85g
5059697718687,Chicken Flavour Instant Noodles,100g
5063445802818,Chicken Forestiere,
5063250542701,Chicken Forestiere,
5057753898540,Chicken in Champagne Sauce,330g
5000462960015,Chicken in white sauce,
5057753935252,Chicken Jalfrezi,
5059697750564,Chicken Jalfrezi,
5059697253683,Chicken Jalfrezi with Butter Cumin Rice,400
5059944012490,Chicken Jalfrezi With Pilau Rice,
5059697700668,Chicken Katsu Empanada,
5063250534188,Chicken Keralan Curry,
5063446502151,Chicken Kiev,
5059697721649,Chicken Kiev bhaji,
5054268934770,chicken leg,1000g
5063445802047,Chicken Liver Parfait,150g
5054775703302,Chicken liver pâté,
5063250557996,Chicken Masaman Curry With Jasmine Rice,
5057753084493,Chicken Noodle Cup Soup (Low Fat),5 x 13g
5054269795943,Chicken Nuggets,
5059697701900,Chicken pad thai,
5063445807424,Chicken Pakora,
5059697729645,Chicken Panang With Jasmine Rice,
03298480,Chicken Peanut Satay Wrap,
5059512732065,Chicken Primavera,
03446850,Chicken ranch wrap,203g
50436767,Chicken Salad,
5057753926342,Chicken Sausage,
5059697253942,"Chicken sausages with onion, garlic seasoning",
03415504,Chicken Sriracha Wrap,
5053947492563,Chicken Stock,
5054269483659,Chicken Stock Pots,(4 x 28g ) 112g
5057753896072,Chicken Thigh Fillets,1 kg
5057753917999,Chicken thigh fillets skinless and boneless,600 g
5054268934725,Chicken Thighs,1 kg
5051140283636,Chicken Thighs & drumsticks,
5059697730634,Chicken tikka,
03307229,Chicken Tikka,
5057008495234,Chicken Tikka Biryani,
5057753934019,chicken tikka masala,
5059697686719,Chicken Tikka Masala,
5054269267228,Chicken Tikka Masala,450g
5054269080407,Chicken Tikka Masala,
5059697269356,Chicken tikka masala,
5033665212407,Chicken Tikka Masala and Pilau Rice,403g
5059697257070,Chicken Tikka Masala with Pilau Rice,400 g
5057545829912,Chicken Tikka Masala with Pilau Rice,
5059512733659,Chicken Tikka Masala with Pilau Rice,
5057545743881,Chicken Tikka Masala With Pilau Rice Low Fat,
5059697269639,Chicken Tikkaway No Mayo,
5059697746550,Chicken vindaloo with pilau rice,
0225613002115,Chicken wings,0.963kg
5054775297269,Chicken&Asparagus Risotto,
03234785,"Chicken, Bacon & Stuffing",
5059697692932,"chicken, chorizo & king prawn paella",800g
5051399757834,"Chicken, Pran and Chorizzo Paella",475g
5059697761195,"Chicken, Prawn and Chorizo Paella",
5000116126057,Chicken-free crispy grills,170g
5000116126590,Chicken-Free Southern-Fried Strips,210 g
5060626404588,Chickenless roast,380g
5059697744631,Chickpea Tagine,
5000358967425,chickpeas,
5060231720189,Chickpeas,2kg
5051007134118,Chickpeas in Brine,400 g
5051399183725,Chickpeas in water,
5059697717451,Chili Con Carne,
5026489478678,Chilli & Lemon Grills Flavoured Potato Snack,80 g
5057753896645,Chilli & Lime King Prawns,
5057753892562,Chilli con carne,pack size 400g
5057967253661,Chilli Con Carne,400g
5059697998331,Chilli Flavour Peanuts,
5000328029146,Chilli Heatwave Flavour Corn Chips,180 g
5063446484044,Chilli Jam,
5057753897642,Chilli Mayo,235 ml
5053947370465,Chilli Paste,90g
5057008234321,Chilli Rice Crackers,125g
5029106003161,Chilli Toaster,125g
5059697728600,Chilly chicken Choi sum,
5063446486406,Chimichanga Sauce,130g
5059697761317,Chimichurri Chicken,
5059697726903,Chimichurri Olives,
5059697709166,Chinese chicken,
5059697773419,Chinese Style Chicken Curry & Rice,
5060558350786,Chinese-style Vegetables,300g
5059697682032,Chipotle BBQ Chicken Thigh Fillets,400g
5052319332414,Choc & Crispie Bar,30g
03244852,Choc Buttons,25g
5410438041226,Choc caramel,400ml
5010035068352,Choc Chunk Cookies Milk Chocolate,180 g
5060132285190,Chocca chocolate spread,240g
5057008252806,Choclatey buiscuits,450
5059512738685,Choco Malt Wheats,500g
8445291006454,Choco rice,375g
5052320721849,Choco snaps,
5057753928063,Choco Snaps,375g
5060674960067,Chocolate,330ml
5410438040045,Chocolate,4 x 200ml
5059697764059,Chocolate & Caramel Nut Selection,
5063445795974,Chocolate & Coffee Cake,
5060253702705,Chocolate & hazelnut praline ganache,190g
5057967214280,Chocolate And Almond Sticks,3X110ml
5053526753542,Chocolate and nuts cones,
5059512738753,Chocolate and red berry cones,4 x 120 ml
5057753905323,Chocolate and Salted Caramel Pots,160g
5057753930448,Chocolate and salted caramel sundae,110g
03048443,Chocolate bombe,
5057008252448,Chocolate brioche bombe,227g e
5057753909734,Chocolate Brownie,
00383127,Chocolate brownie bite,
5052320541850,Chocolate Brownie Bites,20
5057008189805,Chocolate brownie mix,
5059512743979,Chocolate Cake,
5059697698217,Chocolate cake slices,
5057753930189,Chocolate cheescake,
0289611001259,Chocolate Chip Cookies,
5011766300223,Chocolate chip oat bars,140 g
5060444980042,Chocolate filled crepes,256g
5059697738210,Chocolate Filled Crêpes,
5059697403804,chocolate flavour frosting,
5059697256264,Chocolate Flavoured Milk,1 l
5059697774263,Chocolate Flavoured Milk,
03246610,Chocolate Fruit & Nut Mix,
03246504,Chocolate fruit and nut mix,
5063445798661,Chocolate Fudge Mini Bites by Tesco,
5063250553097,Chocolate Hazelnut Frangipane Tart,
5057753931896,Chocolate Mega Loaf,
5059697685224,Chocolate Mochi,
0282069001802,Chocolate Muffins,
5057753936662,Chocolate orange bourbon cream,
0284772001551,Chocolate orange cookie,
5059697759666,Chocolate Orange Cookies,
5059697694615,Chocolate Rocky Road Bites,
5057008763258,Chocolate sponge pudding,115g
5059697397981,Chocolate Sugar Dusting,
5054268816991,Chocolate Swirl Bites,
5057967577071,Chocolate trifles,357g
5057753907433,Chocolate Twists,
5059697259333,Chocolate Vanilla Cheesecake,100g
5063250538445,Chocolate Yule Log,
5410438044029,Chocomel,1 l
5054269794380,Chopped Garlic,
5018374069122,Chopped Mixed Nuts,200g
5051790657726,Chopped tomatoes,390g
5051790657924,Chopped tomatoes,390 g
5010061241699,Chopped Tomatoes,4 x 400g
20525811,Chopped Tomatoes with Onions & Garlic,
03330814,Chops With Piri Piri Seasoning,
5059697732751,Chorizo & Black Garlic Croquetas,
5063250535932,Chorizo And Black Garlic Croquetas,
5057753910525,Chorizo and Serrano Tortilla,
5063250536663,Chorizo Pork Pies,
5057753913427,Chorizo style bangers,
5063250534089,Christmas Chicken Bites,
5059697680663,Christmas cupcakes,
5059697736711,Christmas Jazzies,
5059697737510,Christmas Pudding,
5057967213801,Christmas pudding,400 g
5052909714606,Christmas pudding,907g
03032732,"Christmas Pudding infused with English Cider, Amontillado, Sherry and Ruby Port",907g
5052109810597,Christmas Traditional All Butter Scottish Shortbread Fingers,420g
03456156,christmas veg feast wrap,
5057753918712,Chunky breaded cod fish fingers,400g
5057753910594,Chunky Chips,
5000116125838,Chunky crispy batter fish fingers,360g
8410076421074,chunky guacamole imp,240g
5059697720062,Ciabatta,
5059697686580,Ciabatta Rolls,
5057753903787,Ciabatta rolls,4
5059512734670,CIG HAPS BAG Cain HAPS fine.. 16 BIG Beef Dripping,
0286889001806,Cinnamon Buns,
5059697393501,Cinnamon Sugar Dusting,
0289678003005,Cinnamon tear and shear bun,
8000320995606,Cirio polpa chopped tomatoes,4 x 400 g
5059697722646,Citrusy Chocolate Selection,
5052910721822,Classic assortment sweet biscuits,400g
5000436777533,Classic Cola,2 litres
5060035404131,Classic Crispy,170g
5063445794809,Classic Edition 10 Macarons,
5059697687853,Classic egg waffles,250g
5059697736650,Classic Italian Style Side Salad with Balsamic Dressing,
5012427074002,Classic Salad Dressing,235 ml
5060307412086,Classic tomato with carrot and red pepper soup,600g
5063250550041,Classic Veggie Sushi,126 g
55408431,Clear Honey,
5052909732600,Clear Honey,340 g
10111420,Closed Cup Mushrooms,
5059697778490,Cloudy Apple Juice Lolly,
5000128503679,Co-op Cherryade,
5059697746321,Coarse Ardennes Pâté,
5054775703265,Coarse Ardennes Pâté with Smoked Bacon,200g
5059697682414,Coarse Farmhouse Pâté,
5059512729300,Coated raisins,
5057967370221,Cocktail sausage with tomato ketchup,
5051898523527,Cocktail Sausages,
7613033273599,Coco Shreddies,750 g
5060088701980,Cocoa Delight,4 x 35 g
5059512736223,Cocoa powder,200
5059697767326,Cocoa TESCO finest SWEET & SALTY WHITE CHOCOLATE M,
5059697713439,Coconut Chicken Curry with Jasmine Rice,
03237557,Coconut chunks,
5060426811333,Coconut Collaborative Salted Caramel Choc Pots 4 x,4 x 45g
03477397,Coconut Lime & Chilli Dressing,175ml
5018922117718,coconut milk,400ml
4792038107009,Coconut milk,400ml
5059697704949,Coconut oil alternative to cheddar with crushed black pepper,150g
5057753916329,Coconut oil alternative to halloumi,
5059697260483,Coconut Oil alternative to Halloumi,
03339794,Coconut Rich & Silky,
5060120285706,Coconut with Calcium,1 litre
5057545435076,Cod and parsley fishcakes,
5059697703652,Cod Loons Frozen Aisle,
5057545778821,"Cod Mornay, Mash & Peas",380 g
5059697256271,"Cod, Serrano Ham And Manchego Croquettes",
5000436452812,Coffee & Walnut Cake,"£.2,90"
0813636021710,Cold brew black coffee medium roast,750ml
5059697690648,Cold Brew Coffee (Unsweetened Concentrate),
0813636023189,Cold brew coffee with oat Caramel oat,750ml
5057545677872,Cold Water Prawns,
03409671,coleslaw,500g
5059697733079,Coleslaw,
03490594,Coleslaw,
03316719,Coleslaw,
03445839,Coleslaw,
10056110,Coleslaw,
03310380,Coleslaw,
03275139,Coleslaw,
8714100536186,Colman mint sause,165 g
5057753907372,Colombian Coffee icecream,480ml (316g)
5052910833839,Comté,200g
5063446490632,Confit Duck Legs With Port & Morello cherry Glaze,
5063250551444,Confit Garlic Crackers,150g
5052910721907,Continental Assortment Biscuits,500 g
5057967253883,Cook from frozen 11 mins TESCO CALORIE CONTROLLED,350 g
5059697753961,Cook from frozen 16 mins TESCO 10 SATAY CHICKEN SK,
5052003565623,Cooked & Peeled Prawns,300g
03204610,Cooked beetroot,300g
4051868591533,Cooked Chicken Breast,485g
5053526544447,Cooked Ham,200g
5057545864500,Cooked Ham,125g
5057545864449,Cooked Ham,400g
5059697742477,Cooked Ham 10 Slices,
5063250546761,Cooked Ham Slices,
5059697690532,Cooked Jumbo King Prawns,
5059697753794,cooked skinless chicken breasts,
3800020401682,Cookie Dough Flavour,99g
5059512739248,Cookies & cream cheesecake slices,180g
8410076911148,Cookies & Cream Drizzle Square,24 g
6942836723392,Cookies 'n' creme,90 g
0281724001508,Cookis trois chocolat,
5057753902728,Cool triangles,85g
5059697399145,Coq au vin,
10050927,Corn on The Cob,
5051007150651,Corn Puff Cakes Cream & Onion,60 g
5057008002913,Corn tortilla wrap,320g
5057753921910,Corned beef,
4025500274757,Corner Plant-based crunchy chocolate balls,125g
5000119005465,Cornflour,250 g
5018374126832,Cornflour,750 g
5050665049604,Cornflour,250g
5053526005788,Cornichons with chilli,
03254295,Cornish Brie,160g
5057753941024,coronation chicken,
5059697764455,Coronation Chicken Sandwich Filler,
5059697766398,Coronation mayo,
5057967340149,Cos loin,
5057753255145,cosmic whip,8 x 22 g
2017453255145,Cosmic Whip,"8, 176g"
0246855019808,Cote De Boeuf,
0245968023283,Cote De Boeuf,
5057008762855,Cottage cheese pineapple,
5059697725432,Cottage Pie,
5059697693892,Cottage Pie,
5057753263577,Cottage Pie,367g
5057753932084,Cottage Pie,800g
5057753914714,Cottage pie,
5057753905439,Courgettes,
5057753915537,Courgettes,
03015179,Course ground black pepper,
5000358966121,Couscous,
10099889,Couscous,280g
5059697259289,Crab Pâté,100g
5059512729973,Cranberries,
5053947922121,cranberries and yogurt - coated cranberries,100g
5059512727566,Cranberry & Amaretto Cookies,
5051140367046,Cranberry Juice Drink,1 l
5059697691683,Cranberry Oat And Orange Cookies,
5059697714962,"Cranberry topped pork, turkey and stuffing pie",
0283967001857,"Cranberry, Raisin & Cashew Bloomer",
5059697733925,"Cranberry, Toasted Onion And Apple Stuffing Mix",
5060462260683,Cre&m Wafer Bar White Choc,45g
5391509393713,Cream Crackers 200G (C),200 g
5059697686276,Cream Crakers,
5018374315441,Cream Horns,110g (2x55g)
5000436960195,Cream of chicken soup,
5063250549274,Cream Of Tomato Soup,
5010204194158,Cream of Tomato Soup,4 x 400 g
5000157062673,Cream of Tomato Soup,400g
5000436960065,Cream of Tomato Soup,400g
5449000346346,Cream Swirl,2L
5057753429911,Creamed Spinach,250g
5059697732140,Creamed Spinach,
0224609004454,Creamfields Mature Cheddar Cheese,4.43 kg
5057545744420,Creamfields Singles,
5054402152411,Creamy & Succulent Chicken & Bacon Pie,
5063250551239,Creamy Baking Camembert,
5059697399343,Creamy Cajun Chicken Pasta,400g
5063446475790,Creamy chicken & chesnut Mushroom Pie,
5063250539688,"Creamy Chicken, Bacon And Leek Pie",
5010775199583,Creamy choc bar,38 g
03334140,Creamy Coleslaw,
5063446486444,Creamy Green Vegetable Gratin,
03474594,Creamy Labneh Dip,
5059697709463,Creamy mushroom & Madeira soup,
0793591912424,Creamy Strawberry Trifle,125g
5000358917369,Creme brulé,200 g
5000221606994,Creme Egg Cakes,4
5059697686771,Crinkle cut katsu curry,150g
5059697686894,Crinkle Cut Lightly Sea Salted Crisp,
5057753898021,Crinkle Cut Mature Cheddar & Caramelissed Chutney,
03267158,CRISP SIDE SALAD with SWEET EDAMAME and CARROT,
5000232828750,Crisp'n Dry 100% Rapeseed Oil,1l
5059697740886,Crispy Bass Fish Tacos,
5053947675188,Crispy breaded mushrooms,
5063445795332,Crispy Chicken Bites,
5059697770708,Crispy Chicken Bites,
5059697687006,Crispy Chicken Breast Fillets,
5063250541902,Crispy Chicken Parmigiana,
5057753938536,Crispy Garlic & Herb Chicken Escalope,320g
5057753895822,Crispy katsu chicken tenders,
5059697718694,Crispy No-Chicken Nuggets,180g
5057545677834,Crispy Potato Pops,500g
5053526799717,Crispy Potatoes,
03280638,Crispy sweet potato fries,
5057967575008,Croissants,8
5059697688058,Crumbed Ham,
5054269711912,Crumble Topping,
5052910585110,Crumed ham slices,400g
5057753921637,Crumpets,
5059697745881,Crunch Mix Salt & Pepper,
4059697745721,crunch mix salt & pepper,120g
5059697773624,Crunch Mix Sweet Chilli,
7622210255396,crunchie,4 x 32g
5070000514314,Crunchy Broad Beans - Beef Brisket Flavoured,100g
5010204973104,Crunchy caramel biscuit,294g
3608580124887,Crunchy Hazelnut Chocolate Spread,250g
5059319012711,Crunchy Nut Bites,375
5059697998461,Crunchy Peanut Butter,
5014213001049,Crunchy Peanut Butter,1kg
5057545986745,Crunchy Peanut Butter,340g
5000119003843,Crunchy Peanut Butter (beurre De Cacahuètes),
5057373842534,Crunchy Taco Shells,150g
5054269155570,Crustless Cheddar & Onion Quiche,
5063445808155,crustless cheddar. bacon quiche,
5059697747403,crustless spinach edamame & kale quiche,150g
5057545879030,"crustless spinach, edamame & kale quiche","1, 160g"
5063250557446,Crusty Rolls with Sourdough,300g
0282791001002,Crusty White Bloomer Tesco,400g
0288224001502,Crusty White Farmhouse 800g Sliced,
5031021200860,Crusty Wholemeal bread mix,500g
0017034020041,Cucumbers in Brine,19 Fl. Oz/ 560g
5051399571058,Cumberland Pork Sausage,
0034941858932,Cumberland Sausage,
5059697727603,Cumberland Sausage Slices,150g
5063446486307,Cumberland Scotch Eggs,
5000119017154,Currants,
5057753125981,curry sauce,
5057753915629,Curry Sauce Warming and Sweet,235 ml
8008698031032,Curvies bbq,170g
5059697257438,Custard,
5057753211035,Custard,385 g
5000119003034,Custard Creams,400 g
5057753930813,Custard creams,
5057753940041,Custard doughnuts,
5063250542534,Cypriot Halloumi Tesco Finest,
0246853021629,Côte De Boeuf,
5000221606703,Dairy milk caramel cake slices,5
7622201719227,Dairy Milk Chocolate House Kit,840.8g
7622201436926,Dairy Milk Egg'n' Spoon Oreo,128g
4025500277802,Dairy Milk Pots of Joy,120 g (2 x 60 g)
7613039692240,DairyBox,326g
7622210286956,Dairymilk buttons,119 g
5059697684616,Dark Chocolate,100g
5059697267895,Dark Chocolate,
5059512737305,Dark Chocolate & Berry Granola,
5063250550959,Dark Chocolate & Orange Egg,
5057753255329,Dark Chocolate & Raspberry Bars,
04048121,Dark Chocolate 70% Cocoa,100g
5059697751745,Dark chocolate and mind shortbread,
5059697264177,Dark chocolate butter biscuits,
0652655001156,Dark Chocolate Ginger,150 g
0611645001156,Dark chocolate gingers,150 g
5059697731846,Dark maple syrup,330g
5063250532276,Dark Milk Chocolate Hollow Egg,
5010265002911,Dark Rye Crispbread,250 g
7622201107659,Darkmilk chocolate,85g
0282509001805,Date and walnut sourdough bread,
5038695000796,Date Syrup,340 g
5000234049795,Dazzling Dates,300g
5059512744051,Deep Pan BBQ Chicken Pizza,
5054402747556,Deep pan cheese pizza,386g
5059512727757,Deep pan pepperoni pizza,
5010775199576,Deliciously Creamy Choc Bar,85g
5010651001146,Demerara,1kg
5034709004842,Devon Roast Beef Crisps,150 g
5053947026645,Diced Chorizo,2 x 65 g
5057753911546,Diced Lamb,
5031021239136,Diced White Onion,500g
5000436777588,Diet Cola,8 x 250 ml
5059697704932,Diet lemonade,330ml
5000168028729,Digestive milk chocolate,
5059697399862,Dinky Melton Mowbray Pork Pies,
5059697270147,Dinky tomato balsamic and mozzarella pinwheels,
5051277842089,Distilled Vinegar,568g
5063445795981,DOP tce ices Conto Olant TESCO finest A rich ragu,
5000328013244,Doritos Dippers A Hint Of Salt Corn Chips,270g
5063445785838,Dosa Style Samosas,
5059697397202,Double Chocolate Brownie Mini Bites,
0289064001509,Double Chocolate Cookies,
5059697269479,Double Chocolate Filled Doughnuts,134 g
5051399457208,Double Cream,
5057967216055,Double Cream,300ml
5063250551802,Double Dipped Hazelnut & White Chocolate Ice Cream,
5057753940591,Double Gloucester Cheese,400g
03062081,Double Gloucester with onion and chives,
5063250542930,Double pepperoni,
5059697731785,Double Pepperoni Pizza,
5057753907556,Dreamy beetroot dressing,
5000128616904,Dressing french style,150 ml
5052898007468,Dried Apricots,200 g
5052004249638,Dried skimmed milk,1x 340g
5901135016018,Dried vegetable blend,100 g
01277661,dried wholemeal Spaghetti,500g
5063446477626,Dry Aged Aberdeen Angus Beef Burger,
5059697724343,Dry Cured Ham,
5063249304167,Dry Roasted Peanuts,
5063250542978,Dry-cured Crumbed Ham Slices,
5059697265990,Dry-cured Peppered Ham Slices,
5063446498355,Dubai Stule Pistachio Ice Cream,
5059512724732,Duck & Pancakes With A Hoisin Sauce,
5053947922169,Duck & Ruby Port Pâté,100g (2x50g)
5059512726873,Duck fat,320 g
7630294501179,Duck Hoisin,
5059697726446,Duck Legs With Port & Plum Sauce,
5059697257698,Dulce de lèche caramel filled cookies,
5057545028940,Duo medjool&zamili,
5060198642760,Durum Wheat Piadina,300 g
5057545864548,Eastman's Chicken Roll 20 slices,250g
5018374097583,Easy cook long grain rice,
5059697384608,Easy oats apple and blueberry,
96137062,"Eat Natural Bars - apple, ginger, dark chocolate",45 g
5057753599928,Ecuador dark chocolate 75%,100 g
5052910243812,edam,310g
03299678,Edamame & tenderstem stir fry mix,
03326749,Edamame and Geeens Salad,
03232064,Edamame and Pea Salad,200 g
03265123,Edamame stir fry,280 g
5059512731419,Egg alternative,135g
5051008098204,Egg Custard Tarts,2 x 86g
5059697998034,Egg fried rice,
03265420,Egg Noodles,
03340936,Egg Protein Pot,90 g
5000358218299,Egg Rice,250g
5059697750045,Egg Waffles,200g
5057545736043,Eggs,805 g
5060156990971,Eggs,6 eggs
50326273,Eggs from caged hens,396 g
5059697741968,Eggy style tofu rice,
5059697760679,Elmhurst English natural mineral water,
5057753902865,Elmhurst English natural mineral water,
5059697769016,Elmhurst English Natural Spring Water,
8719200204768,Elmlea Double,270ml
8595021606161,Emmental,200 g
5063446489636,Emmental AOP,
03287514,Emperor oranges,
5057753880972,Enchilada Kit,650 g
6078410773863,English Butter Salted,250 g
5000436571179,English Set Honey,340g
5057753908003,Enrobed cookies and cream,
5011009112088,Erin Gravy Rich (Original gravy mix),375 g
0813636020775,Espresso cold brew coffee with almond,750ml
8720701144538,Everything Bar,180 g
5063250540790,Exclusively at TESCO T. E. STOCKWELL Stockwell FOR,
5057753211905,Exclusively TESCO Molly's TREAT STORE- WHITE CHOCO,100g
5059697713583,Exclusively TESCO Y Creamfields DELICIOUS DAIRY GR,
5059697731686,Exotic fruit mix,450 g
5057753913267,Extra Fruity Hot Cross Buns,4 Buns
5059697763939,Extra Mature Cheddar,
5059697725777,Extra Mature Cheddar Beef Burger,
03463543,Extra mature cheddar coleslaw,250g
5057753913885,Extra strong garlic baguettes,410g
03255285,Extra Virgin Olive Oil,250 ml
03280157,Extra virgin olive oil houmous,
5059697691065,Extremely Chocolatey Biscuit Selection,
5059697715921,Extremely Chocolatey Milk Chocolate Biscuit Selection,400 g
5010115927159,Fairtrade Cane Icing Sugar,1kg
5057753924430,Fairtrade chocolate caramelised cashews,
5059697269998,Fajita Fiesta Chicken salad,265 g
03064702,Falafel & houmous,
5036589203391,Family Farm Little Yeos Fruity Favourites Yogurt 4 x (360g),4 x 90g
5449000215789,Fanta Orange,250ml
20284299,Fantail Prawns,150g
5051898990787,Farmhouse Mixed Vegetables,1 kg
5051790493904,Fast Action Dried Yeast,56g (8x7g)
31504621,Fast Action Dried Yeast,
0032000762893,Fat free cottage cheese,300g
5057545985236,Fat Free Lemon And Pepper Dressing,
5057373519252,Fat free quark,500g
5054775702305,Fat free vinaigrette,
5060198642289,Fennel Seed Tarallini,170g
5059697747847,Festive Chicken And Bacon Wrap,
03472859,Feta And Olive Potato Salad,
5059697395659,Feta Apricot & Harissa Pastries,
5052004288019,Feta Stuffed Peppers,145g
5063445805390,"Feta, Spinach & Hot Honey Dip",
8410076621030,Fibre One 90 -Chocolate Fudge Brownies,"5, 24g"
5900344016697,filety śledziowe w oleju a'la Matjas,220 g
5000358397659,Filtered Milk Whole 3.7% Fat,
5053526969837,Fine Whole Green Beans,
5059697706615,Finely Sliced Ham,
5059697773440,Finely Sliced Roast Beef Brisket,
5059697707414,Finely Sliced Wiltshire Cured Ham,240g
5059697699085,Finest Bake at home Seeded Bloomer,
5059697752513,Finest Belgium Sugar Waffle,
5054402554062,Finest Crinkle Cut Sea Slt&Vngr Crisps,150 g
5052109939205,Finest Eucalyptus Honey,340 g
5054269078589,Finest Free From Carrot Cake,6 no. 100g servings
5057753125721,Finest Hot smoked Peppered Mackerel Fillets,70g drained
5063250552892,finest Lemon Curd Yogurt Made with Sean Lemon Juic,
5057753923075,Finest linguine,
5063445803587,Finest Panettone,
5057545985250,Finest Salted Caramel Sauce,250 g
5057753638375,Finest Scottish Smoked Salmon,
5057008234574,Finest Sea Salt And Black Pepper Crisps,"1 bag, 150g"
5063250534690,Finest Sicilian Lemon & Limoncello,
5051140332761,Finest Tomato and Chilli,340g
5059697699498,Finest victoria sponge cake,
5057545918814,Finest White Loaf,800 g
5059697778254,finest £8.45 TESCO finest DINE IN GOLDEN Triple Co,
5057753925208,Fire pit,315 g
5054775859344,Fire Pit Beef Burgers,6
5059697766381,Fire pit sweetcorn steamer cobs,
5059697750519,Firecracker Chicken,
5059697387883,Fish,
5057545716069,fish fingers,
5000116124572,Fish fingers,840g
5057753939076,Fish free fingers,
5059697738470,Fish Pie,
5059697728235,Fish pie,
5900653001148,Fish spread with rice,310g
5057545716007,Fish steaks in butter sauce,552g
5059697688119,Fish-Free Cakes with Melt,280g
5059697744358,Fish-free goujons,
5057753904180,Five bean chilli & potato bake,
5059697736070,Five bean chilli and potato bake,
5053947818028,Fizzy Bubblegum flavour Lances,
5000462822450,Fizzy Cola Lances,
5059697713101,Flaked Almonds,
5059697734496,Flaky Mushroom Stroganoff Pies,
5059697388859,Flame-seared Chicken & Portobello Mushroom Risotto,
5059697700255,Flame-seared peppers with garlic and paprika,356g
5053947788017,Flamegrilled Cooked Chicken Breast Chunks,180 g
5053947781544,Flamegrilled Roast Chicken Mini Fillets,
0249160008345,Flat iron Sharing Steak,
0249162010766,Flat Iron Steak,
0249167011201,Flat Iron Steak,
5057967049592,Flax Seeds,
5059697711534,Fleur des alpes,
5052319333268,"Flocons d'avoine sans lait, sans farine, sans gluten",450 g
8719200079014,Flora ProActiv,500g
5063250559242,Foccacia,135g
03428795,Focusing BBQ Chicken & Kimchi Style Slaw Wrap,
5018374675101,Fondant icing,1kg
03222409,Forestiere Mushrooms,250g
5063250537721,Four Cheese Feast,
5059697775161,Four Cheese Pizza,
5059697698934,Four cheese pizza,
5011546491332,Frankfurter,350g
3154230049036,Frankfurter Classic,140g
5059512743474,Free from 4 cinnamon & raisin bagels,
5054402687975,Free from Battered onion rings,
5059697752063,Free From Choc Bar,90g
5059512738166,Free From Choc Coated Honeycomb,
5059697773464,Free from chocolate brownie slices,
5057545461976,Free From cod & parsley fishcakes,"2, 270"
5059697385438,Free from Dark Chocolate and Spiced Orange Cookies,
5059697706875,Free From Fruit Loaf,
5057753927479,Free from gingerbread men,
5059697770234,Free from gluten Chocolate Coated Cake Slices,
5059697765810,Free from Grated Mozzarella,200g
5057373890191,Free From gravy granules for chicken,
5053526970444,Free From Honey Hoops,300g
5063445806045,Free From Luxury Festive Caramels,
5063250534393,Free from Mozzarella Sticks,
5059697257629,Free From Orzo (Cooked Weight),
5000462669192,Free From Pasta Fusilli,500g
5057753238445,Free From Stem Ginger Cookie,
5063445798524,Free From Triple Chocolate Cookies,
5057753918323,Free from Turkey & stuffing tortilla chips,
5059697732270,Free From White Choc Crunch Egg,180g
5059697713248,Free From White Chocolate & Raspberry Blondies,
5057967370382,Free From White Tortilla Wraps,
0231400008413,Free Range 2 British Skinless Chicken Breast,
0256908014278,Free Range British Whole Chicken,
0231402007513,Free Range Chicken Breast,
5051399881294,Free Range Eggs Large,6 eggs
5000169663738,Free Range Pork Sausage,
0256901005846,Free Range Whole Chicken,1.374 kg
0256904011936,Free Range Whole Chicken,
7904362669239,freeform fusilli,
5059512740237,Freefrom,
5059697745805,Freefrom 4 White Rolls,
5057008994423,Freefrom Chicken & King Prawn Paella,400g
5057753935207,Freefrom Worcester Sauce,
5063250541254,French Brie,
5051140474164,French Mustard,185 g
5057373843746,Fresh Cream Bramley Apple Turnovers,160g
5052910157591,Fresh Egg Tagliatelle,350g
5051790636790,Fresh Food Crusty Rolls Bake at Home,
03442661,Fresh Greens,
5060430292104,Fresh Noodles Japanese Teriyaki,345g
5057545806937,Fresh Penne Pasta,
5056792400011,Fresh Welsh Milk Semi-Skimmed,1L
5059697748721,Freshly Squeezed Orange Juice,
4025500216214,Frijj Strawberry Flavoured Milk 400ML,400ml
5059697768293,Frittata,
5057373086501,Fromage frais,360g
5000119123831,Frosted Flakes Cereal,500 g
5054402526076,Frozen Food Desserts Ice Cream Carte d'Or Mango Sorbet,
5031021614711,Frozen GARDEN PEAS,
5038862632188,Frozen Straberries,
5059697692260,Frozen Thai Green Curry,
5060088700556,Fruit & Fibre Apple & Cinnamon,44g
5060088700532,Fruit & Fibre Strawberry & Raspberry Bar,44g
5000208000203,Fruit & Nut Crunchy Muesli,450 g
5057753521196,Fruit & Seeds,300g
7055153521196,Fruit & Seeds,300g
5057373933737,Fruit and nut granola,
03338858,Fruit and nut mix,55g
5057967013982,Fruit and Nut Selection,
5060319171124,fruit bar,25g
5057753923136,Fruit Brown Sauce,445g (400 ml)
5063445794878,Fruit Cake Slice,
5052319933895,Fruit Medley in juice,
7051419933895,Fruit medley in juice,410g
5059697769313,Fruit Muesli,
7613287228338,Fruit pastilles Pouch,143g
5059697272516,Fruit Splash,
5060139436144,Fruit Splits Bear,100g
5057753521219,"Fruits, nuts & seeds",
5059697751868,Fruity granola,
5052109939731,Fudge,175 g
5060234988005,fudge,
57030609,Fudge,22g
5059697710568,Fudge Brownie Traybake,
5022313000169,Fuel For Thought,750 ml
5900120070059,Full fat curd cheese,250 g
5051140184179,Full fat milk,
5019312039184,Fully loaded deep dish BBQ chick'n,310g
5059697261237,Funghi E Tartufo Pizza,
5059697770081,Fusilli,
5000462669239,Fusilli,500g
5059512738746,Fusilli corti,500g
5059697769993,Futge Yogurt,150g
7898678662056,Future Tvna,150 g
03249505,Gala Apples,
5057753155933,Garden peas,
5053526969776,Garden peas,
5059512728556,Garlic & butter king prawns,
5063250558306,Garlic & Chilli Greek Halkidiki & Kalamata Olives,
03237205,Garlic & chilli infused oil,250 ml
5057967341054,Garlic & Coriander Mini Naans,6
5057753939595,Garlic & Coriander Mini Naans,
5057967341597,Garlic & Coriander Naans,2 x 120 g
5052909659792,Garlic & Ginger Paste,
5057967461912,Garlic & herb chicken breast,170g
5059697704420,Garlic & Herb Chicken Kievs,270g
5063250557323,Garlic & Herb Chicken Tenders,
5051622956027,Garlic & Herb Dressing,
5059697746918,Garlic & Mascarpone Dough Balls,
5000436327608,Garlic & Parsley Flatbread,210 g
5057753922764,Garlic and herb infused salmon fillets,
03331255,Garlic and Herb Nooch Flavoured Seasoning,
5063250558849,Garlic And Parmesan Chicken Ballotine,
5053526208066,Garlic and Parsley Ciabatta,270 g
5057753926038,Garlic and parsley flatbread,
5054402369123,Garlic and rosemary flatbread,
5057753283988,Garlic Baguette,170g
5057753909628,Garlic Baguette,205g
5057545619155,garlic baguette,
5057753917845,Garlic baguettes,
5063250548734,Garlic Baguettes,
5051898462666,garlic chicken kiev,
5052319187991,Garlic Ciabatta Slices,
5057753940393,Garlic crackers,
5057753933760,Garlic mayo,235 ml
5059697727511,Garlic Mayo,235mls
5057753925024,Garlic stuffed olives,
5053947794636,Gatlic and parsley flatbread,
5059697766374,Gatlic Mayo,
5000119539199,Genoa Cake,344 g
5059697254802,GF rigatoni,
5016878012156,Ghost Ship Beyond the Pale Ale,500 ml
5057008455269,Giant choc buttons,
5059697388002,Giant cous cous in a Mediterranean inspired dressing,2 x 200g
5063445796063,Gigantes Beans,
5053526330255,Ginger Preserve,
5057373889959,Gingerbread and butterscotch bombe,
5057753912918,Gingerbread Man,
5063250535550,Gingerbread Panettone 750g,
5059697698422,Gluten Free Caterpillar Cake,
5063250532504,Gluten Free Cheese & Onion Sandwich,
5052320721986,Gluten Free Cornflakes,300g
5059512737169,Gluten Free Cream Crackers,
5010044007816,Gluten Free Crumpets,4
5391527070856,Gluten Free Margherita Pizza,328 g
5063250557361,Gluten free sweet pastry cases filled with date sp,
5059697252921,gluten free tiger bloomer,
5057753897437,goats cheese and red pepper quiche,420g
5059697396113,Goat’s Cheese & Caramelised Red Onion Ravioli,1 250g
5063445808957,Goat’s Cheese & Roasted Red Pepper Quiche,
5063445783087,Gochujang Chicken Konbini Roll,
5059697746482,Gochujang Paste,1pcs
5063445786170,Gochujang Stir Fry Sauce,
03420997,Gold Kiwi,
5059697730146,Golden Soft Set Scoth Eggs With Tangy Pickle,
5057008125223,Golden Syrup Tesco,
5010034011526,Golden Vegetable,250g
5057753084165,Golden vegetable savoury rice,
5999884966883,Gomolya,200 g
5391527000198,Goodfellas Deep Pepperoni Pizza 411g,411g
5057753909116,Goose fat,320 g
10517680,Goose Fat Roast Potatoes,
5054402150936,Goose Fat Roast Potatoes,
5054402005236,Gorgonzola,
0058449191179,Gorilla Munch Corn Puffs,300g
5051399200323,Gouda,
5057373816870,Gouda & chorizo rollitos,88 g
5051007160216,Gouda 48%,100 g
5056138202545,Gourmet Raspberry,425g
5907501002029,Gołąbki w sosie powidorowym ręcznie zawijane,500 g
5051007105934,Grana Padano,
03249499,Granny Smith Apples,6
5057753925307,Granola Flapjack,
5070000126548,"Granola Low Sugar, Naturally",360g
5057753923402,Granola slices,4
5070000126579,Granola Super Nutty,360g
5010067301502,Granulated Sugar,1kg
5054402719164,Grape seed oil,500 ml
5057753914318,Grapefruit segments,411g
03339619,Grapes & strawberries,
0056655869417,Grated Chedder,
5052909780571,Grated Four Cheese,200 g
5057753923426,Grated Grana Padano,
5063445791020,Greek Evoo,
5057967341023,Greek Feta,200 g
5063250551574,Greek Feta & Spinach Quiche,
5063445789140,Greek Feta And Harissa Pastries,
5059697693038,"Greek Feta, Lemon & Oregano Muffins",
2041583020786,"Greek Feta, Lemon & Oregano Muffins",
03435298,Greek Inspired Baked Feta With Plum Tomatoes,
5059697778513,Greek Inspired Chicken & Feta Sandwich,246 g
5063250544163,Greek Inspired Olive Focaccia,
5063250553844,Greek Style Chicken Kebabs,260g
5057743632246,greek style natural yoghurt,500g
5057753941246,Greek Style Natural Yogurt,500 g
5000128962575,Greek style Natural yogurt 0% fat,500 g
5063250557507,Greek Style Plain Yoghurt,
5057545828946,Greek Style Salad Cheese,200g
5000462416734,Greek style yogurt,
5052909347262,Greek Style Yogurt with Honey,450g
5059697744617,Green & Black Olives With Feta,
5063445781762,Green & Black Olives With Feta,
7622210256225,Green & black's organic chocolate almond,100 g
7622210153821,Green & black's organic chocolate bar milk chocolate orange,100g
7622210153838,Green & Black's Organic Lemon Dark Chocolate 60% Cocoa,100g
5059697694523,Green And Black Olives With Garlic And Herbs,
5000116126132,Green cuisine Chicken-free southern fried grills,180 g
5057753930875,Green Curry Cooking Sauce,340 g
5057753909994,Green escape smoothie,
5010046001003,Green Giant Original Naturally Sweet Corn,198g
5059697778544,Green Lentils,
5059697772269,Green olives,150g
5057753925697,Green Olives Tender & Mellow Snack Pack,
5052320835386,Green pesto,
5035139217505,Green Plantain Chips Salted,85 g
03339732,Green princess,
5053947493195,Green Tea with Jasmine,
5057545735503,Green Thai Curry Paste,200g
5063445801101,Green Vegetable Gratin,
5057753929954,Green vegetable selection,
5059697389290,Grilled Pepper & Basil Stir In,
5057753937133,Gronola,1kg
5059697763922,Ground Almonds,
5059697385698,Ground almonds,
2000000156200,Growers Harvest Apple Juice From Concentrate 6 X 200Ml,6 cartons
5060425289416,GU inspirations Brookie,2 x 81g
5056684900179,Gunpowder Chickpea Jalfrezi,400g
5059697694912,Gunpower Potato & Lentil Dhal,600 g
5060248208281,Gut friendly Strawberry YOGHURT,175g
5054268736411,Hake fillets,
5059512734472,Half and half cake,
5010044009087,Half and half thins,6
5059697775109,Halkidiki & Kalamata Olive Batard,400g
5057753919986,Halkidiki& Kalamata olives,
0283715001658,Halkirk Olive Focaccia Panini,
5057967304349,Halloumi,225 g
5057967304356,halloumi,
5059697719172,Halloumi & Za'atar Pastries,
5057753899806,Halloumi-Style Fries,
5057967620906,Ham,
5057545829073,Ham And Cheese Cappelletti,
5059697733451,Ham And Mustard Crisps,
5063250560668,"Ham Hock, Asparagus & Pea Quiche",
03337646,"Ham Hock, Cheese and Chutney",173 g
5057967576289,Ham mashroom and mascarpone wood fired pizza,450 g
5059697691188,Ham on the Bone,
5019503043396,Ham roast,400g
03279632,Ham Salad sandwich,200 g
5057545930007,Hand Cooked Crisps Lightly Sea Salted,
5059697997334,Hand over the HOUMOUS,
5063445804690,Hand Rolled Atlantic Anchovy Banderillas,
5059697708275,Handmade Chicken Caesar With Beechwood Bacon,
5059697754616,Harissa Butternut Galette,
5052320703883,Harissa paste,90g
5000354160936,Hartley's Sugar Free Raspberry flavour jelly,2 x 11.5g
03456989,Hasselback Potatoes with Garlic & Parsley Butter,450g
03277058,hazelnut,350 g
5059697702730,Hazelnut & Cocoa Gelato,
5059697767302,Hazelnut Brownie,
5060376790047,Hazelnut Chocolate Spread,350g
5060971860398,Hazelnut Praline Zillionaire Cheesecakes,173g
5060482841992,"Hazelnut, Pecan & Maple Oat Bars",3 x 50g
10001356,Hazelnuts,200 gr.
5057545619308,Hearty Food Thin Pepperoni Pizza,314 g
5000157066312,Heinz Beanz Snap Pots,4 x 200 g
8715700116631,Heinz Ketchup,1pcs
8720182303769,Hellmans Honey & Mustard Dressing 250ml,250 ml
5059697776892,Herb crusted roast beef flavour crinkle cut potato,
5020580018887,Herb Jar,150 ml
5057753908973,Herby bangers,300g
5053526022846,Heritage grain farmhouse bread,800g
5059697691171,Hey Pesto Chicken,
0288544001503,Hi Fibre Seeded Bread,
4059667756658,Hickory & Oakwood Scottish Smoked Salmon,
5059697722448,Hickory Smoked Cheddar,
03277980,Hickory Smoked Nut Selection,
5051140586898,Hickory Smoked Nut Selection,
5057008079335,High Fibre Bran,720.0 g
5059697757938,High in Protein Tesco Braised Beef & Mash Meal for,
5053526306779,High juice apple mango,
5018374175182,High Juice Blackcurrant Squash No Added Sugar,
5052320699032,High Juice Orange Mango and Passion fruit,
5063250559228,High Protein Medium Noodles,
4335619312739,High Protein Natural Greek Style Yogurt,
5063250534713,High Protein Strawberry Yogurt,
5059697735547,High Protein Vanilla Yogurt,
5057373318046,Hiney rost ham cooked on the bone,
5000168005294,Hobnobs The Oaty One,
5054269746976,Hoisin Dipping Sauce,290 g
03041741,Hoisin Duck No Mayo,
5059697698569,Hoisin Duck Steamed Buns,160g
5057967461356,Hoisin Duck Sushi,57 g
5052109996765,Hoisin Stir Fry Sauce,
5000318110960,Home pride plain flour,500g
2000000151199,Honey & Apple Cider Vinaigrette Dressing,235 ml
5031021258250,Honey Nut Corn Flakes,
5059697257407,honey roast ham chunks,
5057753941222,Honey Roast Ham Cooked on the Bone,
5057967620784,Honey roast ham slices,125g
5010251696711,Honey roast hot smoked salmon fillets,
5057373982452,Honey Roasted Cashews,
03394724,Honey Sriracha Coleslaw,
03293416,Honey Sriracha Coleslaw,250 g
03467091,Honey Sriracha Dressing,
5057753940102,Honeycomb and raspberry choc bar,90g
5059697776489,Honeycomb Bauble,
03057162,Horseradish Sauce,
5059697706042,Hot & Spicy Chicken Wings,
5059697742835,Hot Chicken Tikka Masala,
5026489479668,Hot chilli flavour potato hoops,80 g
5052910218209,Hot Chilli Sauce,500g
9034604087588,Hot Chocolate,500 g
5059944006574,Hot Cross Buns,6 x 70g
5063445790085,Hot honey chicken wings,
4252497410282,Hot Peperami,5 x 20g
5051008687071,Hot Salsa,
0049733000215,Hot Sauce,150ml
5057753125684,Hot Smoked Mackerel Filets,
5059697403873,Hot Smoked Salmon And Potato Salad,
5053526662080,Hot smoked salmon fillets,
03320501,Houmous,200g
5057753898281,Houmous & Harissa Vegetable,200 g
5059604656231,Houmous with turmeric,
03280935,House Side Salad,120g
5063249299630,Hummus,170g
5051007157582,Hummus Classic,
5057753892999,Hunters gammon steak,345g
03310229,Iceberg lettuce,
4000349860125,Iced Coffee Original,275ml
5018374468567,iced fruit cake,
0070177229719,Immune Support Tea,"40 g, 20 tea bags"
5060430292586,Immunity Boosting Power Soup,600g
5060198644436,Imperia Sourdough Pizza,419g
0283839002005,In Store Baked Sourdough Bloomer,
5059512733086,Indian inspired onion bhaji rice salad,
5026489470962,Indian Savoury Rice Stick Chakri,300 g
5059697386237,Indian Style No-Chicken Escalopes,
5057753913472,Indian Style Selection with Mango Chutney Dip Mildely Spiced Snack Pack,
5000119092274,indian tonic water,
5054268868389,Indian Tonic water with elderflower,
5059697390159,Indo-Chinese Style Chilli Chicken,
5057545713839,Indulgent Drinking Chocolate,250 g
5059697704611,ing Suggestion TESCO freeFROM GLUTEN FREE WHEAT MI,
5038862235723,Innocent Smoothie Tropical Light,300 ml
5057545713495,Instant hot chocolate,
5057753211721,Intense 85% Dark Chocolate,
7622210584724,Intense Dark 85% Cocoa,90g
5059512726781,Iris thin cut beef steaks,395g
5052004042451,Irish Angus Beef Burgers with Seasoning,
5059697257964,Irish Baby Potatoes,1 kg
5051140720575,Irish beef pounders,
5057753431679,Irish Beef Sirloin Steak,
5057753900182,Irish Stew,
5000382108092,Irn Bru,2 l
5000382029816,Irn Bru,330ml
4056489737551,Italian Antipasto Selection,
5063445799712,Italian Burrata With Truffle,
5031021164032,Italian Chopped Tomatoes,400g
5034083004834,Italian Crackers Made with Sourdough,250g
5010204612287,Italian Finely Chopped Tomatoes,400 g
5059697774874,Italian meats & mozzarella bagel,
5052909459248,Italian Milano Salami,
5000119004437,Italian mixed peel,
5059697699252,Italian Nocellara Olives,
5059697748677,Italian Pepperoni,
5051140462444,Italian pomodorini tomato sauce,
5063445796261,Italian Salami,
5054269296242,Italian Sausage And Ham Tortelloni,
5052320483495,Italian Smoked Pancetta Cubes,2 x 65 g
5052910124449,Italian stonebacked pepperoni pizza,370g
5059697700767,Italian Sun-dried Tomatoes with Basil,
5057373699084,Italian Tomato Purée – Basil & Oregano – Tesco,
5063250551833,Italian Violetta Artichokes,
03279977,Italian wild rocket,
5057545474020,Ive cream roll,
5010102242531,J2O Pear & Guava Fruit Blend,6x275ml
5059944007229,Jack's orange juice,
5059512741968,Jackfruit Dhal & Rice,
5057753238285,Jackfruit in Water,410g
5057753914882,Jackfruit in water,410g
5059944014036,Jacks 2 white baguettes,
5059697999314,Jacks fizzy tropical fruit slices,
5057753212001,Jaffa Cakes,24 cakes
5057753211929,Jaffa Cakes,
5053526421946,Jalapeno & Red Pepper Houmous,
0286449002250,Jalapeno & Vintage Cheddar Bloomer,
0286448002350,Jalapeño & Cheddar Bloomer,
5059697387548,Jalapeño & Mozzarella Beef Burgers,
5063445795189,Jalapeño Hot Honey,
5057753914950,Jam doughnuts,
5052109996741,Jam mein stir-fry sauce,1x 120g
5000221002253,Jam Tarts,6
5059697710025,Jamaican Style Jerk Chicken with Sweet Mango Sauce,
5057753937539,Jamón Serrano,
5063250554643,Japanese Fried Chicken Flavour Hand Cooked Crisps,150g
5050665045644,Japanese Style Katsu Curry Rice,78g
5059697706189,Japanese Style Yuzu Chicken,
5054269079982,Jasmin rice,5 kg
5010204540351,Jelly Babies,250g
7622210575036,Jelly Babies,165 g
5019503043839,Jerk Mini Fillets,138g
10026441,Jersey Royals,450g
5059697257520,Jewelled Chicken Biryani,
5059697397899,Jewelled Harissa Chicken & Grains Salad,
5059697772931,Jewelled Pilau Rice,
4000349860101,Jimmys iced coffee mocha,275 ml.
5063250534577,Jingle Brie,
5018649998058,Jolly Mc Trouble Gingerbread,60g
5038862004046,Juicy Water - Lemon & Lime,420 ml
5000108030904,Jumbo Oats,1kg
5057373871596,Jumbo Roasted Cashews Salted,
5060227120825,Just Love Food Vegan Chocolate Cake,485G
5059697699672,"Kale, petit pois & tender stem broccoli",
5057753904784,Karahi Curry Sauce,340g
5057753911621,Katsu chicken rice bowl,
5057753919870,Katsu curry chicken,
5057753892166,Katsu Curry Cooking Sauce,
5059697386329,Katsu Curry Paste,
5060960660909,Katsu Veg Bao Buns,270g
5063250556944,Kefir,350g
5036589253273,Kefir,950 g
5063250553417,Kefir Drink,
5036589254874,Kefir Mango & Passion Fruit,500 ml
5063250546068,Kefir raspberry drink,750 ml
5060337223157,kefir yogurt original,1kg
5036589252597,"Kefir, Mango and Passion Fruit",350g
8711000442494,Kenco The Coffee Company Flat White,
5060188171065,kickin chicken dragon,143 g
5051277676264,Kidderton Ash Goat s Cheese,
5059697264849,Kiev,
8000500312971,Kinder cards,25.6g
5059697699351,King Prawn Tikka Masala with pilau rice,400g
5059697766114,King Prawns,
0290592001428,Kipper Fillets with Butter,3
5060558350700,Kirstys vegetable lasagne,300g
3800020472576,KitKat Chunky with Lotus Biscoff,42 g
7613287959751,KitKat Orange,41.5 g
03266113,Kiwi,
5063445788631,Kleftiko Inspired Lamb,
5051007161923,Kokosové mléko neslazené,1l
9350271002014,Kombucha,330ml
03442548,Korean Bbq Stir Fry Sauce,
5059697716690,Korean Inspired BBQ,150g 2 servings
5063445786675,Korean style chicken dragon rolls,
03484869,Korean Style Chicken sub,
5059697766640,Korean Style Ribs,
5059697739699,Korean Style Spicy Chicken Noodles,
5059512744037,Korma,
3023290025338,Kvarg Stracciatella,150 g
5059697268236,La Montanara Pizza,
5059697685798,La Pepata,
5057753903008,Lactose Free Strawberry Greek Yoghurt,
5059697735820,Laffa stule flatbreads,
5059697762390,Laksa & Coconut Snow Bao,
5059697759932,Laksa curry paste,
5059697716638,Lamb burgers,
0245815007930,Lamb Cannon,
0245811008887,Lamb Cannon With Cornish Butter,
0245817010426,Lamb Cannon With Cornish Sea Salt & Black Pepper Butter,
0245813007024,Lamb Cannon With Cornish Sea Salt And Pepper Butter,
5051898873370,Lamb leg steaks,300g
5052909897347,Lamb leg strak,300g
5057545435571,Lamb mince 10%fat,
0243585019665,Lamb Rack,
0243583021233,Lamb Rack with Cornish Sea Salt and Black Pepper,
5059697688423,Lamb rogan josh,400g
5063445799057,Lamb Rogan Josh,
5054269080445,Lamb rogan josh with pilau rice,450 g
0241214008677,Lamb Rump Joint,
0241213009088,"Lamb Rump Joint - Rosemary, Mint, Garlic",
0246338007971,Lamb Shawarma Style,
0246331008241,Lamb Shawarma Style,
0246339009950,Lamb Shawarma Style,
0246332448701,Lamb Shawarma Style,
0248177019610,Lamb Shoulder With Cornish Sea Salt And Black Pepper,
5054402160669,Laphroaig infused smoked salmon,100g
0072545981359,Lard,250 g
5051898367312,Large free range eggs,
5000205047713,Large haddock fillets in crispy batter,440g
5000358240344,Large Seeded Burger Buns,4
5059512729744,Large White Baps,
5057753197223,Lasagne,400g
5057753197261,Lasagne,1.4kg
5054402585363,Lasagne sheets,252 g
5059697265372,Latte Macchiato,
5051140575908,Le roulé,150g
5059697724282,Leak and mushroom meat free bangers,
5059697703256,Lebanese inspired spicy potatoes,
5059697386350,Lebkuchen Hearts,250
5057753938888,Lebkuchen stars,
5059697713606,Lemon & black pepper chicken sizzlers,300g
5063250553462,Lemon & Limoncello Gelato,
5059697682568,Lemon all butter shortbread fingers,
5059512727122,Lemon and lime zero,330ml
5059697769474,Lemon And Mascarpone Cheesecake,
03298350,Lemon And Oregano Dressing,
5063445797916,Lemon Crispy Chicken Schnitzel,
5059697741166,Lemon Garlic And Herb Mini Chicken Fillets,
8717163859551,Lemon Jif,100ml
5059697774911,Lemon Mayo,
5063445807479,Lemon Meringue Cheesecake,
5063250540653,Lemon Meringue Oyster Shells,
5059512737862,Lemon salmon,
5052320539710,Lemon Sherbets,
5059697755712,Lemon sqaush,
5017726189617,Lemonade,12 x 150 ml
5057753903336,Lemongrass paste,
5063250545207,Lentil & Sweet Potato Dhal Plant Pot,
5059697761799,Lentil & Vegetable Bolognese,
5057753125394,Lentil and vegetable soup,
5057753903060,Lentil bolognese,
5057373869562,lentil curls,
5057373869586,Lentil Curls Sour Cream And Chive,
5057753898571,Lentil pasta bake,
5059697262739,LF Spaghetti carbonara,
5018374136350,Light brown sugar,
4025500189532,Light Chocolate Fix Layers with Belgian Milk Chocolate & Caramel flavour,320g
5051008878523,Light in colour olive oil,100 g
5057373842800,Light mayonnaise,
5057373842787,Light mayonnaise,
5000184321606,Light Mayonnaise,600 g
7622201693954,Light Philadelphia,200 gram
5012427081604,Light Salad Dressing,235 ml
5057967013883,Lighter mature cheddar,
5057753906849,Lighter than light Mayonnaise,450 ml
5054269711325,Lightly dusted cod fillets,
5054269711363,Lightly Dusted Plaice Fillets,1
5059944008738,lightly salted hand cooked crisps,120g
54008083,Lightly sparkling,150 ml
5057753921736,Lightly Spiced Falafels and Mixed Grains,
5059697710445,Lime and mint raita pizza,
5059697258336,Lime infused mango,
5060489730657,Lime Sparkling Water,330ml
3046920028035,Lindt classic recipe milk chocolate,125g
8003340046150,lindt nocciolatte Milk hazelnut,35g
5057753901806,Linguine,
5059697778124,"Linguine N15 Pasta Gluten Free, Wheat Free Egg Free",
5016887004906,"Linwoods cold milled Flaxseed, Bio Cultures & Vitamin D",200 g
5018374118950,Liquorice Allsorts,
10006962,Little Gem Lettuce,
5059697255618,Live Scottish Mussels,
5059512731365,Loaded Triple Chocolate Brownie,
5057753906320,Lobster Mac & Cheese,360g
5059697734359,Lobster Thermidor,
5059697719394,Lomo,80g
5057753253264,Long Grain Rice,1 kg
5060088700501,Lotus Biscoff,44g
5054269603224,Low Cal Granulated Sweetener,
5054269603248,Low Calorie Granulated Sweetener,75g
5018374062048,low calorie Indian tonic water,1
5057753127275,Low Fat Cottage Cheese,300 g
5000119100191,Low fat natural yogurt,1kg
5057753159030,Low fat tikka masala cooking sauce,500 g
5057967216260,Lucky the llama cake,
5057373983381,Luxury Fruits & Nuts,300 grammes
5057753906498,Mac & Cheese,
5059697706820,Mac & Cheese Sauced,
5059697708053,Mac & Cheese With Black Summer Truffle,
5060558350762,Mac & Cheeze,275g
5057753264239,Macaroni,500g
5059697751066,Macaroni cheese,400 g
5052004540193,Macaroni cheese,120 g
5059512727801,Macaroni cheese,
5059512735455,Macaroni Cheese,
5057753939687,Macaroni cheese,
5000436150671,Macaroni cheese in sauce,400g
5057753901400,Mackerel,
5052910857187,Mackerel fillets,180 g (2 fillets)
5000232213013,Mackerel fillets in tomato sauce,125 g
5057753933210,Mackerel Fillets with Harissa,110g
5052109876630,Mackerel In Extra Olive Oil Skinless And Boneless,
5057753913243,Mackerel in Extra Virgin Olive Oil (20%),
5057753125806,Mackerel in Hot Chilli Sauce,
5059697758188,Mackerel In Rapeseed Oil,
5057545435519,Mackerel strips,200 gm
5059697694288,"Mackrel, Salmon and Prawn Sushi",
5059512739095,Madagascan Vanilla Frosting,400 g
5059697764370,"Madagascan Vanilla, Clotted Cream & Choc Chips Shortbread",
5050179080285,Madras Cooking Sauce,500 g
5056357904473,Magic stars,85g
8711327538030,Magnum classic remix,3X85ml
8711327531222,Magnum White Chocolate Ice Cream,400ml
7613032493882,Majonez Dekoracyjny,400 ml
5059697773136,makhani curry sauce,
5057008079502,Malt Wheats Choco-nut Cereal 500G,
5054775347803,Malted Grain And Rye Folded Flatbread,6
5057753922788,"Malted wheat, millet & linseed crackers",
5000159523752,maltesers 310g,310g
5056357915110,maltesers ginger bread flavor,29g
5052910900708,Manchego Cheese,
5063250557781,Manchego Stuffed Chicken Breasts,
5054268893961,Mandarin in Orange Flavoured Jelly,120g
5057753224066,Mandarin pieces,
03271438,Mangetout,
03279137,Mango,
03279144,Mango,120 g
5057967095438,Mango,
5063446482941,Mango And Coconut Paste,
5059697689567,Mango Chicken,
5022313318677,Mango Machine,300 ml
5012035966379,MaoMixx,350 g
5059697727085,Maple & Dark Chocolate Nut Selection,
5059697745966,Maple And Bacon Curls,
5059512730139,Maple bacon and extra mature cheddar quiche,420g
5054268703529,Maple BBQ Pork Rib Rack,460g
5063445792058,Maple Chili Nut Selection,
5063445805833,Maple Clotted cream,
5057753908591,maple cured streaky bacon,
5057753891725,Maple nut selection,
5059697690815,Maple sirup buttermilk pancakes,
5063445796513,Margherita pizza puffs,125g
5057753721138,Margherita sourdough pizza,
5900344018110,Marinated Herring Fillets in Cream Sauce,280g
5063446485560,Marry Me Chicken Risotto,
03318454,Marry Me Chicken Wrap,
5052003076280,Marsh mallows,
5063250549229,Masala Spiced Beef Cheeks,
10062692,Mash,
5057545878811,Mash,
0050901097500,Mashed potato,800g
10005804,Mashed Potato,425 g
5057545878859,Mashed Potato,450g
5052910938930,Mashed Potato,800g
10113950,Mashed Potato,
5059697736469,Match Oat Latte,
5057545952856,Mature Cheddar,220 g
64346397,Mature cheddar,
5057967013869,Mature Cheddar,400g
5059697721830,Mature Cheddar & Apple Chutney Crisps,
5000358776508,Mature Cheddar & Red Onion Flavour Hand Cooked Crisps,150 g
5059944003603,Mature cheddar & red onion hand cooked crisps,
5057753909536,"Mature Cheddar, Strength 3",400 g
0224607004692,Mature Chedder,100 g
5059512744105,Mature Cheese,
5057008616776,Mature english cheddar,350 g
5053947794315,Mature Gouda,
5057967576128,Mature grated cheddar,
03274941,Mayo Garlic,250 ml
5057753927806,Mayonnaise,
5057373842848,Mayonnaise,
5057753908188,Mayonnaise,450ml
03274989,Mayonnaise light a l'ail,
5059697688096,Meal for 2 Indian,
5057753918231,Meat & Cheese Snacking Selection,
5054268910040,Meat Feast Deep Pan,
5059512731204,Meat feast pizza,
5000116124718,Meat Free Burgers,200 g
5057753926656,Meat free chipolatas,
5053526816728,Meat free Lincolnshire sausages,264 g
5059697742460,Meat Free No-Chicken Breasts,
5059697254895,Meat free spaghetti Bolognese,
5059697266645,Meat&Veg 6 pork sausages,
5057753940379,Meat-free balls,
5000116124701,Meat-Free Meatballs,280g
5057753932503,Meat-free mince,
5057624728020,Meat-free no beef burgers,150g
5057753935177,Meat-Free Roast,
5057624797019,Meat-Free Roast Chicken Style Slices,90g
5057753938123,Meat-free roasting crown,
5057753932862,Meatballs,
5057753927271,Meatballs in tomato sauce,395 g
5099556024115,Meatless maverick,196g
5059697722639,Mediterranean Inspired Roasted Vegetable Tart,
03242759,Mediterranean roasting vegetables,475g
03246252,Mediterranean Roasting Vegetables,475 g
5057753918354,Mediterranean Style Vegetables,
5059697720154,Mediterranean-style Breaded Prawns With Hot Honey Dip,
0058695720154,Mediterranean-style Breaded Prawns with Hot Honey Dip,
5063445806236,Medium British Chicken,Medium British Whole Chicken
5057545878156,Medium Cheddar,150g
50378265,Medium Eggs,6 eggs
5057753883775,Medium fajita kit,
5063445794892,Medley Of Mushrooms & Chicken Risotto,
5059697765841,Melt in the Middle Chocolate Fondant,
5059697793035,Melt in the Middle Chocolate Fondant,
5059697718465,Melt in the Middle Chocolate Fondant,2 x 155 g
03304501,Melton Mowbray Pork Pie,145g
03000410,Melton Mowbray Pork pie,145g
5057545878323,Melton Mowbray Pork Pies,100 g
5051140515768,Melton Mowbray Pork Pies,6x50g
5000168032252,Melts Italian Herb Flavour,150g
5000119162472,Meringue Nests,8
5057753935542,Mexican inspired chicken & grains salad,265 g
5057753908263,Mexican inspired falafel & rice salad,
5060230051567,Mexican smoky fajita kit,
5057753904968,Mexican Style M’Shroom Shreds,150g
5059697403835,Mezze sharing Trio,
03249437,Microwave & ready in Serves A 51 NOAROTE see iniy,
5059697260292,Microwave Basmati Rice,250 g
5063445782547,Microwave Coconut Rice,
5060674960074,Mighty Shake,330ml
5051790297984,Mild cheddar,250g
5051898988982,Mild Cheddar,250g
5059697712388,Mild cheddar,900g
5019180073891,Mild Cheddar,
5057545899977,Mild Cheddar Creamfields,200g
5057545890035,Mild cheddar sticks,100g
5057967013821,Mild cheese,400 g
5031021195517,Mild Chilli Powder,50g
5015326240103,Mild Goat Cheese,240 g
03029480,Mild Salsa (sweet & chunky),
5052909355021,Mild Salsa topping,
5010204914367,Mild Tandoori Curry Powder,80 g
5054402954404,Milk Choc Ices,
8717677339914,Milk Chocolate,180g
5060796580075,Milk Chocolate,90g
3023290065433,milk chocolate and toffee dairy dessert,2 x 65 g
5057753211820,Milk Chocolate Bar,100g
4000539280108,Milk Chocolate Bar,38 g
5057753915148,Milk Chocolate Bunnies,75 g
5059697271236,Milk Chocolate Butter Biscuits,
5053947312281,Milk Chocolate Chips,100g
5053947314629,Milk Chocolate Chunks,
5059512736797,Milk Chocolate Coated Shortbread,
5057545734636,Milk chocolate digestive biscuits,
5010204427379,milk chocolate digestive biscuits,300g
5057753935269,Milk chocolate eclairs,175 g
5057008190085,Milk chocolate hollow shaped reindeer,
5052004264020,Milk chocolate malted milk,
5057753211509,Milk Chocolate Raisins,200g
5059697997815,Milk chocolate raisins,
5060796580204,Milk Chocolate With Sea Salt & Caramel,90g
7622210760944,Milk Collection Organic,180g
5060162210704,Milkshakes Chocolate,600 ml
7622201799076,MilkTray,360 g
3023290001349,Milky bar,4 x 26g
3023290070208,Milkybar Gold,130g
8000300425055,Milkybar Speculoos,100g
5057753905156,Millionaire Cake,568 gm
5057545863695,Millionaire Pots,200 g
5057373964489,Millionaire Shortbread,
5057545757291,Millionaire's cheesecake,300g
5056315501218,Millionaire's Shortbread,5 x 19 g
5059697745140,Millionaires Brownie,
5059697255014,Millionaires sundae,110g
5059697714665,Mince Pies,
5060626403260,Mince Plant-based,400g
5059697255625,MinceMeat,
5059697761935,Mineral water,
5052909539698,Mini Breadsticks,
5059697744167,Mini brioche buns,
8710868028666,Mini Chicken Satay,120g
5063250547133,Mini Choc Spring Eggs,
5054402552884,Mini Chocolate Ice Cream,8 x 50 ml
5063445806137,Mini Coriander And Chilli Naans,
5052909528814,Mini corn on cob,875g
7622201722166,mini eggs,110g
5059697749438,Mini gingerbread men,
5057008349353,Mini Gingerbread Men,100g
5059697690860,Mini Hot Cross Buns,
5063250556586,"Mini Lebkuchen Hearts, Stars & Pretzels",400 g
5059697390838,Mini Pies - Steak & Ale,
5059697754449,mini roast chicken dinner,458g
5053947922282,Mini spicy crackers,40g
5063445790115,Mini Steak Pie,
5060655452093,Mini vanilla cupcakes,180g
5054268565592,Mini vegetable samosas,12 x18grm
5060406080872,Minor figures Barista oat (light),1 litre
5053947930690,mint chocolate ice cream,900g
5059697736124,Mint Dark Chocolate,100g
5059512739101,mint dark chocolate,
3046920028417,Mint Intense Dark Chocolate,100g
5059697271847,Mint Jelly,220g
5059697257193,Minted Lamb Burger,
5059697386152,Miso Beef Short Ribs,579g
5059697767791,Miso chicken & pickled slaw,201g
03246108,Miso Paste,100g
5018374717221,Mixed Bean Salad in Vinaigrette,400 g
5000119003485,Mixed Fruit,500g
03283257,Mixed Herbs,18g
5057753904128,Mixed Lebkuchen,
03274880,Mixed Peppers,
5057753905392,Mixed vegetable bruschetta,
03271162,Mixed Vegetable Medley Tesco,
5063250556661,Mixed Vegetable Pizza,
03234136,Mixed vegetables,180g
5057753894221,Mixed Vegetables,1kg
5057753913106,Mixed Vegetables in Water,195g
8850389103166,Mogu Mogu Mango Flavoured Drink with Nata De Coco,320ml
5059697753152,Mojito Mocktail,
0293502006599,Monkfish Tail Fillets,
5060235830877,Moo Free choccy santa,32 g
03248515,Moroccan couscous,250g
03244401,Moroccan Houmous,
5051790670671,Moroccan Inspired Chicken with Dates and Ras El Hanout,
03481639,Moroccan inspired vegetable mix,
5052909459477,Mortadelka,
5051007111508,Mortadella,120 g
5059697729089,Mortadella & Mozzarella With Pesto Ricotta Sandwich,
5059697771187,Mortadella With Noccellara Olives,
5059697711169,Mortadella With Truffle,
5063250550553,Moussaka,
5000358618341,Moussaka,350g
5051277947333,Moussaka,
5057545828847,Mozzarella,
5018374231017,Mozzarella,150 g
5757545278573,mozzarella,
5057753915698,Mozzarella and cheese,200g
5063445795004,Mozzarella And Hot Honey Focaccia,
5063250559396,Mozzarella Di Bufala,
5059697258671,Mozzarella di bufala,
5017838822945,Mozzarella Grated,180g
5057753901417,Mozzarella sticks,180g
5057545864586,Mozzarella Sticks,
03447475,"Mozzarella, Pesto & SunBlush Tomato",230g
5000354916335,Mr Kipling unicorn vanilla icing,400g
5057545889817,Ms molly's chocolate cake,
5057753305369,Ms Mollys's Ginger Nuts,
5057753253240,Muesli,1kg
5063445784367,Mulled Blackberry and Madagascan Vanilla Pudding,
5052319217568,Mulligatawny Soup,400g
5391526414385,Multi Grain Loaf,480g
5057753928032,Multigrain asteroids,
5057753919900,Multigrain Boulders,
5059697266034,Multigrain Crackers,
5053947860614,Multigrain Fruit Flakes,
5057373933775,Multigrain Hoops,
5059512743665,Multigrain Meteors,350g
5019180078872,Multimedia batch,
5054268868839,multiseed bread mix,500g
5900334007407,MultivitamÍN,2l
5057545928875,Multuseed loaf,
5013635352487,Mung Beans,1kg
5059697706622,Mushroom & Madeira Sauce,
03238684,Mushroom antipasti,
5059697698002,Mushroom pappardelle,
5000462121027,Mushroom Pasta Sauce,500g
5059697393440,Mushroom Paste,
5059697755590,Mushroom Pesto,
5063250558191,Mushroom Rice,
5059697697067,Mushroom Risotto,
5057753921163,Mushroom stroganoff,
5059697710827,Mushroom Stroganoff And Rice,
5059697387364,Mushroom Stroganoff Pie,
5057753928216,M’shroom shawarma style shred,
5057753893446,M’shroom shawarma style shreds,
0700461649618,Naan Bread,3
5059697691959,Nacho Cheese,280 g
5059697270796,Nacho chicken breast chunks,
5060055253252,Naked without the Oink,
5059697775628,Natural Yogurt,
5014067133804,Natural Yogurt,150 g
5063250535284,Nduja & Mascarpone Bombes,
8445291009905,Neapolitan Ice Cream Melts,86g
5054269834130,New Zealand lamb chops,550 g
5059697759444,No added sugar Cream Soda,330ml
5060100601861,No Sugar Milk,1 L
5019871202531,No-Beef Pieces,280 g
5059697267468,No-Chicken Roast with Gravy,400g
5059697757600,No-duck spring rolls,180g
5059697707384,No-lamb minted koftas,240g
5059697727559,No-turkey Crown,
5063445790283,Nocciolato Panettone,
5063250546082,Nocellara Olives,
5059697680380,North atlantic prawns,
5063445791730,Northern Irish Aberdeen Angus Lean Beef Mince,
5059697696374,Northern Irish Aberdeen Rump Steak,
5057545076842,Northern Irish Beef Meatballs,
5063250532467,Nuggets,
3073781161298,Nurishh Vegan Camembert Style 140 g,140 g
5059697684951,Nut Bites Baklava flavour,
5059512724749,Nut bites smoky bbq flavour,25 g
03481080,Nut Free Satay Sauce,
5020411121151,Nutella,630g
5022374056891,Nutmilk ChocoMix,110 g
5059697694721,O TESCO freeFROM GLUTEN FREE CHOCO NUT PILLOWS Ser,
5059697744341,Oak Smoked Cheddar,
5063250531477,Oak Smoked Cheddar & Caramelised Leek Quiche,
5063250540738,Oak Smoked Ham Slices,
5057753918842,Oak smoked jalapeno&red peper cheddar,180 g
5057545928783,Oat & Barley Loaf,800 g
5059697678974,Oat and linseed bread mix,500g
5024333179467,"Oat, Raisin & Sicilian Lemon Cookie",76g
5060263760610,Oatie Dairy Free Drink,200 ml
5057967725434,Oaties,
5057753918583,Oaty bakes,
5059697400216,Olive Ciabatta,
5057753924362,Olive Ciabatta,270 g
03056080,Olive oil,250 ml
5057373320520,Olive oil Sicilia PGI,
5054402584632,Olive Oil Spray,
03235799,Olive Oil with chilli,
5059697385995,Olives With Garlic & Chilli,
5057753937997,Olives with roasted tomatoes,
5000116124657,Omega 3 Fish Fingers,560g
5060430292548,One Pot Meal Indian Black Daal,450g
5060430292883,One Pot Meal Texan Smoky BBQ Beans,450g
5053947409141,Onion bhajis,
5063250541971,Onion Gravy,
5057753934385,Onion Gravy,
5057753927615,Onion Rings,100 g
5051898874438,Onion rings,
5057753912642,Orange,
5059697401367,Orange and Mango fruit concentrate,750 ml
5054268735131,Orange and mango sparkling spring water,
5059697705632,Orange and mango squash,
5052910872005,Orange and Peach Still Flavoured Mineral Water,
5051898771737,Orange Blossom Honey,
5059697726699,Orange Dark Chocolate,100g
5057753891985,Orange Fruit Splash,250ml
5059697679803,Orange juice,200 ml
0031550026547,Orange juice drink,1 litre
50358809,Orange juice smooth,
5057753097516,Orange Juice with bits,1 litre
5059697253546,Orange lemon and pinaple concerntrate,
5059697386305,Orange Quadruple strength,1.5l
5038862100502,Orange With Bits,900ml
5059512732874,Orange Zero,330ml
5059697772177,"Orange,lemon & pineaple",
5059512742828,Orecchiette,
5627910706188,Oreo Cadbury coated,164 g
7622202254154,OREO Creme Egg Limited Edition,157g
7622210148483,oreo double cream,157g
7622210582782,Oreo Double Creme,157g
5010238019328,Oreo ice cream with oreo cookie pieces,220 ml
5057753929916,Organge pumpkin,190g
5057753908522,Organic 12 mixed sizes free range eggs,646 g
5050179015188,Organic basmati rice,
10064207,Organic Brazil Nuts,150g
5059697398957,Organic cashew nuts,
22181466,organic chicken breast fillets,2 breast fillets 373g
5059697390296,Organic desicccated coconut,
10112939,Organic Fair Trade Bananas,
5059512741661,Organic flaked almonds,
5060362071709,Organic Gluten-Free Oat Drink,1 litre
5057753903824,Organic ground almonds,
5011273040209,Organic Honey,340g
5059697685712,Organic King Prawns,
5051008535358,Organic Mayonnaise,250 ml e
5059512742415,Organic Medium-Firm Tofu,300g
5059697269059,Organic Mixed Nuts,
5060362071051,Organic Oat drink,1 l
5099801003315,Organic Porridge Oats,1 kg
5000436281139,Organic rapeseed oil,1 L
0282646001706,Organic seeded multi grain bloomer,
0282647001606,Organic Seeded Multigrain Bloomer,
5000436737476,Organic Self-Raising Flour,
10111093,Organic small bananas,
5050179015126,Organic Strong White Flour,1 kg
03242681,Organic sweet pointed peppers,2 pieces
10110195,Organic tenderleaf salad,85g
03245224,Organic Tomatoes on the Vine,
5057753916275,Organic Walnut pieces,
5202390027963,Original Block,200 g
5060079655339,Original Cruga Biltong,60 g
5019312081794,Original Deep Dish 2 Pepperoni,2x155 g
5060094480725,Original glazed bites,9y g (8 bites)
5057008761377,Original Rye Crispbread,250g
5000237117446,Original Salted Potato Rings,6X24g
5000108199007,Original Scottish-Milled Oats,3kg
5010052112700,Original Scratchings,65g
8710649120848,Original thins,200g
5010044000121,Original Toastie Soft & Sliced White Loaf,47.5g
5053947059803,orkney crab pate,113 g
5059697744334,Orzo pasta in Italian Inspired Dressing,400g
5063250544989,Our Brebis Milk Cheese With Truffle,
5000295147829,Our Lighter Mature Cheddar,120 g
0228699026174,Outdoor Bred British Wilkshire Cured Smoked Gammon Joint,
5059697728549,Outdoor Bred Dry Cured Honey Gammon Joint,1 kg
5059697747465,Oven Bake Cheese & Bacon Chicken En Croûte,
5059697679032,Oven bake katsu chicken breast,362g
5057753929282,Oven Bake Tandoori Style Butter Chicken,
5000328654812,Oven Baked,25g
5059697750885,Oven baked chicken and leak with bacon,
5000436960263,Oxtail Soup,400g
5057753909048,Oysters,
5059697259272,Paella,700g
5063445800395,Paella Style Rice,250g
5059697688607,Pan Fry Beef Steaks with a Peppercorn Sauce,
5059697679643,Pan Fry Sweet Chilli Chicken Escalopes,
5059697266812,Pancake Shaker Mix,
5057967575770,Pancetta Barley and Kale soup,
5059697390241,Paneer & chickpea butter masala with fragrant pilau rice,
5063445798494,Paneer makhani samosas,
5057753902988,Panettone,
5059697720901,Panettone,
0283001001256,Panini,
02006765,Panini,4
0283001001003,panini,
5063637675954,Paprika Potatoes With Garlic Aioli,
5057753929411,Paprika Spiced Chickpea Houmous,
5057545189528,Parma Ham,
5063445809619,Parmentier Potato With Wild Garlic & Lemon,
5059697680533,Parmesan & Mascarpone Sauce,250g
5059697696602,Parmigiana Crispy Chicken Breast,
5010204699448,Parmigiano Reggiano,
5059697391453,Parsley Sauce,
5057545744468,Part Baked Baguettes,2
5063250547393,Passion Fruit & Raspberry Cheesecake,2 x 90 g
5059697733147,Passion Fruit Mocktail,
5000354405082,"PASTA 'n' SAUCE TOMATO, ONION & HERB",99g
5060176562486,Pasta pot protein Bolognese,350g
5057545865101,Pastrami,
5063445791334,Pastrami Smoked Beef Short Ribs,
8594010512070,Patifu - prémiová tofu paštika toskánská,100 g
8720182208286,Patty on the back,226g
5057008366589,Pea & Mint soup,600g
5063250559952,Peach & White grape Still lemonade,
5059697384554,Peach and passion fruit flavoured spring water - Tesco,1 litre
5063637675459,Peach Melba Yogurt,
5000119001177,Peach slices in light syrup,
5059697710964,Peaches Slices In Light Syrup,
5057753913601,Peanut & Chocolate Nut Bars,
5059697681479,Peanut And Dark Chocolate Bar,4 x 35 g
5059697998485,Peanut Butter,
59756453,Peanut butter,
5025820006648,Peanut Butter Crème Eggs,5 x 34 g
5060771270502,Peanut Butter High Fibre Fruit & Nut Bars,3 x 35g
5060367181953,Peanut Butter Stuffed Chocolate Oat Bar,48g
5060367181984,Peanut Butter Stuffed Oat Bars,3 x 48g
5057545985007,Peanut Cookies,
5060319171223,Peanut Dark Chocolate,3 x 37g (111g)
5060088705230,Peanut Delight,4 x 35g
5054268894098,Pear and peace pieces,
5000119226945,Pear Quarters In Juice,410 g
5057008004702,Peas with Leeks & Pancetta,
5052109860936,Pecan nuts,
5059697738869,Pecan Pie,
03234501,Peeled baby brussels sprouts,200g
03234495,Peeled baby brussels sprouts,
5051622662232,Peeled potatoes in water,567g
5059697726149,Penne,
5000119319821,Penne,500g
5059944008851,Penne,500g
0297998003698,Peperred smoked mackerel fillets,
5059697398414,peppercorn sauce,180g
5063445788877,Peppercorn Sauce,
5063250548895,Peppercorn Sauce,
0297990003283,peppered smoked mackerel fillets,
0297998003186,Peppered Smoked Mackerel Fillets,
0297990003160,Peppered smoked mackerel fillets,
5010718306207,Peppered Steak Slice,170 g
5059697757082,Pepperoni Pasta Bake,
5059512731099,Pepperoni pizza,
5057753912123,Pepperoni pizza,
5063445793772,Pepperoni Pizza Quiche,
5059697717628,Pepperoni Tomato Sauce,
03230916,Peppery babyleaf rocket salad,65g
03234761,"Peppery watercress, spinash & rocket salad",80g
4060800001771,Pepsi-cola,2 L
6003770000168,PERi-PERi Sauce Medium,​​250g
03444863,Pesto Dressing,150 ml
5063445789003,Pesto Gnocchi Chicken,
5059697729782,Pesto Pasta,400g
03302255,Pesto Pasta & Chickpea salad bowl,
4056489238102,Petit Pain Pack,1 l
5063250533464,Petit Pois And Ham Hock Soup,
5063250558818,"Petit Pois, Cavoli Nero & Tenderstem Broccoli With Salsa Verde",
5051790769986,Petits pois & baby carrots,220g
5051790308772,Petits Pois & Baby Carrots in Water,
5031021453181,PETITS POIS sweet & tender,
8720608036752,PG Tips 210 Tea Bags,609g
8720608036783,PG Tips Decaf,203g
10098103,Piccolo tomatoes,220 g
5050179645392,Picked Onions,
5063445781526,Pickled Onion Balls,150g
5000119090706,pickled silverskin onions,380g drained
5057373871510,Pigs in blanket flavoured crispy coated peanuts,
5057373817051,Pigs in blankets,240g
5057753919467,Pimento stuffed olives in garlic & parsley,
5057753900311,Pimiento Stuffed Green Olives,
5012035952273,Pinballs,140 g
5059697732010,Pine nuts,100g
03259467,Pineaple Fingers,
03339367,Pineapple,
03339374,Pineapple,145 g
03307519,Pineapple & Greek Style Yogurt Dip,
5057753913526,Pineapple pieces,
5010074603019,Pink & White Wafers,85g
5057753919429,Pink lady apple juice,
03249543,Pink lady apples,6
03249338,Pink salmon,105 g
5057753914646,Pintted green olives,
5052320400751,Piri Piri chicken breasts,445g
5059697701412,Piri Piri Chicken Escalopes,
5059697680861,Piri Piri Chicken Salad,
5059697775192,Piri Piri Roast Chicken Burger Fillets,
5063445797466,Piri Piri Skin-on Fries,750g
5057545435533,Piri piri smoked mackerel strips,
5063250552991,Pistachio & Raspberry Tart,
5051399300924,Pistachios,
10112311,Pistachios,
03338827,Pistachios,
5411188133650,Pistazien Mousse Pflanzlich,2pcs
3256540035041,Pitch Brioche with Choc Chips,225g
5059697776915,pitted black olives,900g
0012179409737,Pitted black olives,330g
5057753894207,Pitted black olives,
5057008254336,Pitted black olives with sea salt,
5059697705038,Pitted Green Olives,900g
5057008254398,pitted green olives with chilli,70g
5057753238582,Pitted Kalamata olives,145 g
5057753283964,Pitted olives with basil & garlic,
5059697735073,Pizza,
5057967576364,Pizza,220 g
5063445788648,Pizza Base Mix With Italian Sourdough,500g
5057753896089,pizza chargrilled vegetables and ricotta,
5057753903916,Pizza dough,400g
5060291110029,Pizza dough original,440g
4001724035268,Pizza Margherita Pomodori,340 g
5059697764035,Pizza Pockets,
5000116125296,Pizza Pockets Triple Cheese,250 g
5010204450537,Plain chocolate,
5010142008692,Plain Flour,1kg
5010024423049,Plain Flour,500 g
5059944008332,Plain Flour,
5057967341078,Plain mini naans,
5054402114105,Plain Poppadoms,64 g
6054302114105,Plain Poppadoms,
8718300861437,Plant beef strips,175g
5059697396700,Plant chef,
5057753913694,Plant chef,
5057753912529,Plant Chef 2 meat-free burgers,
5057753921545,Plant Chef 2 Meat-Free Sausage Rolls,120g
5057753910938,Plant Chef 4 Nut Cutlets,350g
5059697721823,Plant Chef 6 Red Pepper and Bean Bangers,300 g
5059697729843,Plant Chef 8 Meat-free smoky rashers,150g
5057753915032,Plant chef breaded fish-free cakes,270g
5059697689673,Plant Chef Chicken-Style Pieces,300g
5059512726798,plant chef coconut oil alternative to grated cheese,60g
03331521,Plant Chef Coleslaw,
03319116,Plant chef coronation cauliflower,
5057753907853,Plant chef Cumberland style bangers,350g
5059697759284,Plant Chef Falafel & Houmous,85g
5059697675928,plant chef falafel & humous,85g
03297537,Plant chef falafel and houmous,100g
5057753895525,Plant Chef Festive Nut Roast,
5059697724114,Plant Chef Fish-Free Goujons,250 g
5059512729829,Plant Chef Garlic Kievs,
03334768,Plant Chef Hoisin,
5057753910655,Plant Chef Margherita Pizza,269g
5057753925215,Plant chef meat free chunks,300g
5059697388385,Plant chef meat free lasagne,450g
5057753926830,Plant chef meat free sausage rolls,
5057753893231,Plant Chef Meat Free Southern Fried Fillets,
5057753901905,Plant Chef Meat Free Tex Mex Koftas,
5057753905330,Plant Chef Meat-free chicken style pieces,
5057753936761,Plant Chef Mince Pies,342g (6x57g)
5059697735370,Plant Chef Mushroom fettucine pasta,380g
5057753904852,Plant Chef Mushroom Fettucine Pasta,
5057753934156,Plant chef Mushroom pizza,289g
5057753936969,Plant Chef Mushroom Spag Bol,450 g
03400968,Plant Chef No Beef Wellington Wrap,
5059697778360,Plant Chef Seeded Roasts,
5059697712326,Plant chef sweet and sour no-chicken and rice,400g
5057753900458,Plant Chef Thai Green Curry,400 g
5057753897925,"Plant Chef tomato, chickpea & aubergine soup",
5057753906399,Plant Chef Triple Bean Chilli,
5057753900557,Plant chef triple layered lasagne,
5059697770661,Plant Chef Vegan Spicy Katsu Hot Dogs,320g
5059697751806,Plant Chef Vegetable tikka masala & rice,400g
8718300860799,Plant drumsticks,216g
5010034013582,Plant Powered Chilli Non Carne,285g
3770018078137,Plant-based bacon lardons,150g
5070002344773,Plant-based shrimpiee,180g
5059512718229,Plum&pear spring water,
03264324,Plumb & hoisin sauce,180g
5060360507422,Plus Cherry and Elderberry Twist,800g
5060103710225,polski chleb,400 g
03274118,Pomegranate,
7613287548184,Pomegranate Sauce,170ml
5059697260681,Pomodorini & Vino Chianti DOP Sauce,250 g
6005207001991,Popcorn chick’n,300g
5020580191627,Popcorn Kernels,500 g
5000328015583,Popworks Sweet & Salty,28g
5052909567035,Porchetta,20 g
5059697763984,Porchetta Slices,
5059697711602,Porcini & Truffle Filled Gnocchi,
5057545807293,Porcini and black triffle mezzelune,
5063250543050,Porcini Mushroom Arancini,
5063250549953,Pork & Calabrian Hot Pepper Sausage,
5063445791433,Pork & Caramelised Onion Pigs In Blankets,
5054775703296,Pork & garlic bressels pâte,200g
5059697264542,Pork & Roasted Onion Stuffing Parcels,
5063445795202,Pork & Three Chilli Sausages,
5054269037371,Pork and caramelised onion sausages,
5051622907555,Pork And Egg Gala Slices,
5063446502830,Pork Arrabbiata Roasted Pepper And Burrata Sausages,
5063250538926,Pork Belly Crackling Joint,
5063445796193,Pork Belly Joint With Cornish Sea Salt & Crushed Black Pepper,
5054775750597,pork belly slices,
5051140452490,Pork Chipolatas,375
5057753918125,Pork chipolatas,
5054268956284,Pork chops,470g
5063445786323,Pork Cocktail Sausages,
0236292012715,Pork Crackling Hog Roast,
0232742006808,pork fillet,
5059697712807,Pork haslet slices,120g
5052909370857,pork loin,800g
5057753929718,Pork Loin Joint,637 g
5059697719714,Pork Loin Saltimboca,
5907501002418,Pork luncheou meat tinely minced,300g
5057545474174,Pork Mince 5%,
5063445809978,"Pork Mince, 10% Fat",500g
5063445790894,Pork Sausage Rolls,
0034941861079,Pork Sausages,
5057753933593,Pork sausages,70
5000462384323,Pork sausages,8
5063250542060,Pork Sausages With Bone Marrow,
5059697258909,"Pork, Apple, Blossom Honey, & Sage Stuffing",
5059697773686,"Pork, Bacon & Cheese Mini Hot Dogs",
5063445808513,"Pork, Sage & Onion Stuffing Portions Wrapped In Bacon",
20629182,Porridge oast,
5018374532121,porridge oat,1kg
5059697747489,Potato and Butternut Gratin,
5057545677810,Potato croquettes,700g
5059697718168,Potato Dauphino,"for two, 400g"
5057545878897,Potato Dauphinoise,400g
5059697722653,Potato Rostis,
10056158,Potato salad,
5057753929831,Potato salad,
10098486,Potato Salad,300g
03319253,Potato Salad,300g
5057753911362,Potato Stars Crispy & Golden,
5059697393273,Potato topped chicken and bacon pie,
5063445791310,Potato Wedges With Oregano And Lemon,
4025500252397,Pots of joy,260g
4025500260750,Pots of Joy Chocolate Brownie Flavour,260g
5059697763441,Prawn and curly kale linguine,
5059697743924,Prawn bhuna with saffron pilau rice,
5054402687302,Prawn cocktail,
5063446498171,Prawn Cocktail,
5053990167739,Prawn Cocktail Flavour,185 g
5057753098889,Prawn linguine,
5059697757778,Prawn Linguine,
5057545929629,Prawn Marie Rose Hand Cooked Crisps,150 g
5059697762666,Prawn Pil Pil,
5059697256608,"Prawn, Chilli, & Lemon Girasoli",250g
5059697732539,Pretzel & Salt Loaded Milk Chocolate,
5057753955663,Prime cut Ayrshire cured ham slices,
5057753955687,Prime cut Ayrshire cured ham sloces,
0231523011901,Prime Cut Fillet Steak,
5063446490281,Prime Cut Fillet Steak,
5057753933999,Prime cut heather honey roast ham,400g
5052910596574,Prime Cut Honey Roast Ham,125g
5052910596987,Prime cuts wafer thin cooked ham,125g
5052910531957,Prime Cuts Wafer Thin Crumbed Ham,125g
5057753927974,Prime lean ham on the bone,125g
5000232825377,Princess Beef Paste,75g
5053990167531,Pringles Salt & Vinegar,185g
5000118084089,ProActiv Olive Oil Spread,500 g
5057753931681,Profiteroles,
5057753921729,Prosciutto and Salami Milano,
5057753921569,Prosciutto Cotto With Herbs,
5057545827826,Prosciutto Crudo & Salami Platter,
5063250560484,Prosciutto Crudo With Fig,
5063250534423,Proscuitto Crudo & Cheese Rolitos,
5000159537858,Protein Bar,3 x 42g (126g)
5060088709276,Protein Flapjack White Choc &amp; Raspberry,50 gram
03403594,Protein Grazing Pack,
5060468523058,Protein Muesli Choc Hazelnut,70g
5060468523041,Protein Muesli Raspberry Nut Crunch,66g
5057545755693,Proteine fromage frais,
5050179071115,Prune juice,1 l
5000234054492,Prunes,190 g
5059697731815,Puff Pastry,
5010084103332,Puff Pastry Block,500g
5063250549724,Pulled Beef With Chianti Sauce And Dumplings,600grams
5059697761232,Pulled Teriyaki Chicken & Spicy Sriracha Mayo,
5059944001418,pure apple juice,
5060139434980,Pure fruit Yoyos jahody,5 x 20 g
5060139434942,pure fruit Yoyos ovocná dřeň jahoda,20 g
5010204845609,Pure Orange Juice,1L
5063249299319,Pure Orange Juice,
8713276090126,Pure Popcorn,25g
5050179413885,Pâté with mushroom,170g
5000108982272,Quaker Protein Golden Syrup Flavour Microwaveable Oats with Added Soy Protein,344 g
5054268932646,Quark,250 g
5059697728211,Quarter Pounder Burgers,
5059697700149,Quattro Formaggio Spinach & Slow Roasted Tomato Pizza,
5063445797978,Quiche Lorraine,
5054269381764,Quiche Lorraine,
5054269107456,Quiche Lorraine,
5391521690272,Quinoa & Chia Seed Wrap with Teff Seeds & Flax Seeds,6
5021638103623,Rachel's Organic Low Fat Raspeberry Yogurt,450g
5059697687310,Rainbow Cones,4x 67g
5022313318929,Rainbow Machine,300 ml
5059697701061,rainbow orzo salad,245g
5054268779937,Raisin wheats,
5059697254840,Raisins,
5000119331076,Raisins,
5059512738074,Raisins & Cranberries,500g
5059697704789,Ranch Steaks with Garlic Butter,306g
5052909743354,Rapeseed oil,
5059697679056,Rarebit Dauphinoise Potatoes,
5024121846304,Rasberry and Apple Oaty Bars,180g
5079497762710,Raspberries,300g
5059697697487,Raspberry & Limoncello Roulade,
5059697394898,Raspberry & Prosecco Panna Cotta,2 x 97 g
5059512738159,Raspberry and hazelnut dark chocolate,100 g
5059697689666,Raspberry Crisp Choc Egg,
5054268519298,Raspberry flavor mushrooms,
5059697701214,Raspberry jam,
5059512725302,Raspberry ripple ice cream,
5054775423903,Raspberry Sorbet,500 ml
5057753908584,Raspberry Trifles,
5060183674011,Raspberry Wholegrain Oat Bars,4 x 42 g
5059697687198,"Raspberry, Passion Fruit & Pistachio Meringue Stack",505g
5059697694936,Raw Argentinian Red Shrimp,
5057753911232,Raw extra large canadian scallops,
5060088701447,raw fruit & nut bar,35g
5060088703885,raw fruit & nut bars,4 x 35g
5052003692343,Raw patagonian scallops,
5057008546127,Raw Peeled King Prawns,
00511070,Raw Tail On king prawns,
5052004660792,Ready Rolled Lighter Puff Pastry,375g
5059697739439,Ready rolled shortcrust pastry,
5057373749130,Ready Salted Crisps,150g
5057753926281,Ready salted crisps,150g
5027952014621,Ready to Bake Multi-Seed Rolls,4
5053947788451,Ready To Eat BBQ Chicken Drumsticks,430g
5057753599270,Ready To Eat Cooked & Peeled Cold Water Prawns,
5059697261992,Ready to eat smoked salmon,
5052003645493,Ready to eat smoked salmon slices,
5052909332794,Real fruit splits,
5051008250862,Reblochon,
5057753897635,Red argentinian shrimp with a garlic & herb sauce,
10057520,Red Bell Pepper,
5063250556449,Red Berries And Cherry Kefir Yogurt,
5057008570276,Red cabbage & apple,
4088600122748,Red Fox Red Leicester,220 g
5057753653989,Red Kidney Beans in Chilli Sauce,390 g
5000119163875,Red kidney beans in chilli sauce,395g
5051790623363,red kidney beans in water,400g(240g)
5018374442215,Red Kidney Beans in Water,240g
5057753926748,Red Leicester,400 g
5000436510864,Red Leicester,250g
5059512743047,Red Leicester And West Country Cheddar Sourdough,
5022313318592,Red Machine Smoothie,300ml
5056053304720,Red Onion & Rosemary Sausages,"x6, 270g"
5059697738678,Red Onion Chutney,
5057753032470,Red onion chutney,295g
5059697391101,Red Onion Gravy,
5059697732263,Red Pepper & 3 Bean Chilli,
5063250534706,Red Pepper Falafel,
5053526422103,Red pepper houmous,128g
5054268736213,Red Rice,
10066157,Red seedless grapes,
5010148111037,Red Split Lentils,500 g
5059697386992,Red velvet cake,
5063250537349,Red Velvet Cake,
5000119101181,Redcurrant Jelly,340g
03421321,Reduce fat houmous,200 g
03285640,Reduced fat Coleslaw,
5051622920493,Reduced fat creme fraiche,600 ml
03233016,Reduced Fat French Dressing,150 ml
5059697778384,Reduced fat houmous,
10008232,Reduced fat houmous,200 g
5063249299616,Reduced fat hummus,
5010204530864,Reduced Fat Mozzarella 125g,
5059697679551,Reduced fat puff pastry,
5057753654696,Reduced fat ready salted crinkle cut,150g
5059697716409,Reduced Fat Rice Pudding,
5057753929879,Reduced sugar and salt bbq sauce,
5057753901226,reduced sugar and salt brown sauce,425g
5057753940195,Refried Beans Smoky & Textured,
42545538,Reginette,
5063250553806,Reginette,
5024115330055,Rejuvenate Natural Energy,330ml
5052319217834,Rhubarb Crumble,
5063250550188,Rhubarb Crumble Panna Cotta,
0241492014063,Ribeye Steak,
5053526982553,Ribeye steak,200g
0246254011229,Ribeye Steak,
5000119309204,Rice,
5000328024240,Rice and Corn Cakes,117g
5054402056443,Rice pudding,500g
5000354800931,Rice Pudding,400 g
5051399639987,Rice wine vinegar,
5059697715204,"Rice, bulgur wheat & quinoa mix",2 x 200g
5059697271137,Rich & Creamy British Brie Strength 2,
5060336506565,Rich & Fruity Sauce,245g
5063250541124,Rich & Spiced Bread Sauce,
5000129334869,rich and creamy tiramisu,490 g
5063250537820,Rich And Succululent Wagyu Beef Burger,
5052320878789,Rich fruit cake,
5000119564429,Rich shorties biscuits,300 g
01741650,Rich tea biscuits,
5000168440910,Rich Tea Biscuits,300 g
5063445784220,Ricotta & Hot Honey BAKE,
5057545696385,Ridge variety pack,
5000358443004,Rigatoni,
5000232024725,Rigatoni,500g
03254400,Ripened French Brie,190g
5063445788952,Risotto Primavera With Roasted Courgettes & Garden Peas,
4001724045854,Ristorante Vegan Pepperoni-Salame,295g
5063250558542,"RK smoked, seasoned beef short ribs with a sachet",
5019503041866,Roarsomes,240g
5059697714092,Roast Beef And Rosemary Fries Sandwich,
5059697724442,Roast Chicken,120 g
5057753903619,Roast Chicken Breadt with a Mediterranean style stuffing,
5057967370474,Roast chicken breast,125g
5051898591533,Roast Chicken Breasts,"485 g, 4 chicken breasts"
5057373815637,Roast Chicken Cup Soup,5 x 26 g
5059697734953,Roast Chicken Gravy,
5052909945314,Roast Chicken Gravy,
5057967461851,Roast Chicken Mini Fillets,
5052910805928,Roast Chicken Slices,
5057008920361,Roast Chicken Slices,180g
5057373267245,Roast Ham Cooked on the Bone,125 g
5063446485584,Roast Pork Loin Slices,100g
5054402150851,Roast Potatoes (Frozen),100g
5054775752362,Roast turkey,
5059697714313,Roast Turkey & Herb Butter Flavour Crisps,150g
5057373317964,Roast Turkey Breast,125g
5052320568758,Roasted Almonds,
5053526330859,Roasted and Salted Jumbo Pistachios,500 g
5063250555367,Roasted And Salted Nut Selection,
5057545696675,Roasted And Salted Peanuts,400g
5059512727573,Roasted Butternut & Tomato Gnocchi,
5057373889836,Roasted Cashews,150g
5057373267108,Roasted dry cured ham,125g
5059697713569,Roasted Marcona Almonds,
03338971,Roasted Mixed Nuts,55g
10052914,Roasted monkey nuts,250g
5063250550461,Roasted Mushrooms In Creamy Garlic Sauce,
5057967014026,Roasted Nut Selection - Tesco Finest,
5052003594333,roasted peppers,
03256855,Roasted pistachio,50g
5059697752025,Roasted Pistachio Ice Cream,480ml
5057373869425,Roasted Pistachios,100 g
5052910961020,Roasted Salted Cashew Nuts,125 g
5059944011349,Roasted Salted Cashews,
5052109944841,Roasted salted peanuts,200 g
5052910140241,Roasted salted peanuts,50g
5052910140265,roasted salted pistachio nuts,30g
5059697753480,Roasted Stuffed Aubergine,
5022240016103,Roasted Turkey Slices,125g
5059697740596,Roasted Vegetable & Cranberry Star,
5057753652234,Roasted Whole Cashew Nuts,200g
5059697390647,Roasting carrots with green pesto,
03282670,Rocket & Babyleaf Salad,
5010035000826,Rocky Caramel,19.5g
5059697724046,Rocky Road,
5057373748133,Rocky Road Sundae,200g
5010035001489,Rocky Stack'd Chocolate Cream,6 x 25g
5050179080469,Rogan Josh Cooking Sauce,500 g
03339763,Romaine Salad,
5059697772764,Root Vegetable Cottage Pie,400g
5059697771286,Root Vegetable Cottage Pie,
03230794,Root Vegetable Mash,1pcs
5059697385681,Root Vegetables,125g
5057373890320,Root vegetables with sea salt,
5059697770241,Roquefort,
5052910959232,Roquefort,100 g
5063250541766,Rose Harissa Paste,
5063445789973,Rosemary & Porcini Pork Shoulder,
5059697385988,Rosemary and Sea Salt Focaccia,
5059697266027,Rosemary Crackers,185g
5057373868770,Rosemary Crackers,
5063445804164,Rosemary Foccacia,
5063445787627,Rosemary Nut Selection,
5054269380088,Rostello ham chestnut mushrooms & mascarpone pizza,425g
5000382123767,Rubicon Spring Bits Emmunity + Energy,500ml
5059697261763,Rudolph noses,150g
5063445799620,Rum And Raisin Mince Pies,
5063446486994,Rump Smash Beef Burgers,
5057753081577,rump steak,255 g
9421017551650,russian fudge,500g
5391526414880,Rustic White Sourdough,400g
0288738002354,Rye & Sprouted Grain Bloomer,
5057753938918,Rye Sourdough Crackers,
5057008495333,Saag Aloo,300g
03491102,Saag Aloo Style Potatoes And Spinach,
7290104507045,Sabra Houmous Extra,200g
50963522,Sage & Onion Pork Seasoning,34 g
5054775346943,sage and onion stuffing,
5057373519337,Salad Cheese,
5057753908010,Salad Cream,450ml
5057753916404,Salad Cream,450 ml
03246122,Salad Tomatoes,360g
5060035404582,Salade,80g
5057753926861,Salami selection platter,110 g
5057753916916,Salmon & Hollandaise Fishcakes,290 g
5063250553530,Salmon & Prawn En Croûte,
5057753906313,Salmon - Boneless Skin On,
5059697265013,Salmon Florentine Fishcakes,
5057753936365,Salmon mild and tender,
03201220,Salmon Paste,75g
5057545916834,Salmon Prawn & Mackrel Sushi,"1 serving, 224g"
5057753902629,Salmon Teriyaki Rice Bowl,
5057753916459,"Salmon, Hoisin & Cucumber Mini Maki",188 g
5054775579068,"Salmon, Spinach and Lemon Fishcakes",266g
03282045,Salsa,
5057753892456,Salt & Chilli Chicken Wings,
5052910751928,Salt & Pepper Crackers,
5000328613956,Salt & Shake Potato Crisps,6 x 24g
5000328461755,Salt & Vinegar Crisps,32.5g
5060283762410,Salt & Vinegar Lentil Chips,20g
5057753932275,Salt & Vinegar Rice Cakes,133 g
5057753210823,Salt & Vinegar Rice Cakes,128g
5059697775055,Salt Aged Pork Belly Slices,
0245950009639,Salt Aged Pork Crackling Loin Joint,
0245951009669,Salt Aged Pork Loin Joint,
5051898824938,Salt and Paper Baguette,
5059697749216,Salt and paper squid,
5054402633163,Salt and pepper ridge chips,750g
0241499013601,Salt Dry Aged Ribeye Steak,
0241493014307,Salt Dry Aged Ribeye Steak,
0241499012826,Salt Dry Aged Ribeye Steak,
5063445781861,Salt Dry Aged Rump Steak,
0240817009753,Salt Dry Aged Rump Steak,
5063446492209,Salt Dry Aged Sirloin Steak,
0238731013123,Salt Dry Aged Sirloin Steak,
0238738012211,Salt Dry Aged Sirloin Steak,
0245953009612,Salt-Aged Pork Crackling Lion Joint,
0245957009489,Salt-Aged Pork Crackling Loin Joint,
0245956008940,Salt-aged Pork Crackling Loin Joint,
5018374371195,salted butter,250g
5057753905712,Salted caramel & chocolate hot cross buns,
5063446484228,Salted Caramel & Chocolate Hot Cross Buns,
5057753031688,Salted caramel & pop corn granola,
5060425284169,Salted Caramel Cheesecake,184g
5029872021284,Salted caramel cheesecake pots,180g
5059697737374,Salted caramel chocolate,
5059512734021,Salted Caramel Dark Chocolate,
5060319170868,Salted Caramel Dark Chocolate,3 x 37g = 111g
5057753899622,Salted caramel fudge,
5059697764042,Salted Caramel Mini Eggs,
5057008427389,Salted Caramel Mousse,
5063334007874,Salted Caramel Nut Mix,
0612322001391,Salted Caramel Oat Biscuit Breaks,160 g
5059697264412,Salted Caramel Puddings,
5063250534232,Salted Caramelised Nut Selection,
03277928,Salted Caramelised Nut Selection,
5059944010984,Salted Popcorn,
03234686,San marcano tomatoes,
5052003619074,Sandwich Pickle,
5054268027847,Sardines in tomato sauce,90 grams
5059697704765,Satay chicken,
5052910596277,Satay stir fry sauce,
10008133,Satsumas,600g
5052909964025,Sausage meat,
5057545010648,Sausage Ragu,
5057753896607,Sausage rolls,
5052320986828,Sausage Rolls,
5057545828960,Sausage Rolls,8x60g
5051140265717,"Sausage, Bacon & Egg Triple Sandwich",
5059697711732,Sausages,"4, 440g"
0288886002152,Scandi Style Cinnamon Buns,
5057753914554,Scotch beef meatballs,
0280847000955,Scotch Morning Rolls,
0637793000971,Scottish Blackcurrant preserve,"340 g, 12 oz"
0290598001125,Scottish Kipper Fillets,0.172kg
0290590001475,Scottish Kipper Fillets with Butter,2 fillets
5060127360048,Scottish rapeseed oil,500 ml
5057967305360,Scottish Salmon Fillets,260g per pack. 2 fillets per pack
5059697695612,Scottish Salmon Half Side,
5063446492131,Scottish Salmon Prime Joint,
5059697748547,Scottish Smoked Salmon,
5052320498796,Sea salt & black pepper cashew nuts,
5059697391125,Sea Salt & Chardonnay Vinegar,150g
0059602301169,Sea Salt & Chardonnay Vinegar Hand Cooked Crisps,
5000358939484,Sea Salt & Cider Vinegar,150 g e
5059512738302,Sea Salt Crackers,
5060198820694,Sea Salt Sourdough Flatbreads,115g
5063250553899,Seabass Fillets With King Prawns & Champagne Sauce,
5057753903015,Seafood sauce,
5057753898304,seafood sauce,
5000436868941,Seafood Sticks,250g
00347266,Seafood Sticks,250g
5059697694233,Seasonal seeded roasts with port gravy,290
5059697396328,Seasoned British Parsnips,600 g
5000116126903,Seeded crust pollock fillets,220g
5010142008685,Self Raising Flour,1kg
5000436508298,Semi skimmed milk,2 l
5031021174413,Semi skimmed milk,
5031021174611,Semi skimmed milk,
5050179945454,Semi-Skimmed Free Range Milk,568.0g
5000119115904,Semi-skimmed Milk,1 l
5018374066428,Semi-skimmed milk,3.408L
5000181024043,Semi-Skimmed Milk,2 l
5000328034775,Sensations Roasted Chicken & Thyme,150g
5057545829899,Serving Suggestion TESCO CHICKEN KORMA WITH PILAU,
5018374567154,Sesame Seeds,100g
5000358962239,Shelled Pistachios,250 g
0044652962132,shelled pistachios,250g
03222461,Shiitake mushrooms,125 g
5010745063142,Shortbread Fingers,380 g (13.4 oz)
5057753904906,shortbread rounds,
5010084309444,Shortcrust Pastry Block,500g
5063250559099,Showstpper Macron Tower,
5000129348651,Shredded ham,
03325643,Shredded Iceberg,140g
7613287195272,Shreddies The Frosted One Family Pack,560g
5052910048752,Shrimps & Bananas,80g
5063445795660,Sicilian Lemon & King Prawn Wood Fired Pizza,
5057753935634,Sicilian Lemon Frosting,
8888056803606,Signature Instant Noodle Chicken Flavor,
5059697737817,Signature Pigs In Blankets,
5056053308643,Silky Tomato & Red Pepper with Wensleydale,560 g
10110393,Simple mixed leaf salad,90g
10111017,Simple mixed leaf salad,90g
03270769,Singapore Style Rice Noodles,300 g
5059697760839,Sirloin Steak,
5057753081591,sirloin steak,227g
5059697730870,Sirloin Steaks With Cheese Fondu,
7613031419029,Ski fruit pieces,4 x 120 g
5057545828625,Skimmed milk,
9999994666013,Skimmed Milk,
5052109944339,Skinless & Boneless Red Salmon,
5059512742651,Skinless & Boneless Smoked Basa Fillets,
0231409008780,Skinless Chicken Breast Fillet,
0231409009299,Skinless Chicken Breast Fillets,
0231406009971,Skinless Chicken Breast Fillets,
5059697681813,Skinless chicken breast fillets with smoked dry cu,430 g
03436691,Skinny fries,
03455494,Skinny Fries,
5051007161916,Slazené kokosové mléko,1l
5018374314093,Sliced Black Olives,
5059512730757,Sliced brioche loaf,500g
5051898556853,Sliced Carrots,
5051790819513,Sliced Carrots,160g
5031021695543,sliced carrots in water,300g(160g)
5057753211448,Sliced carrots in water,300g
5057545864302,Sliced Chicken,240 g
5012121003834,Sliced Focaccia,360g
5012426360007,Sliced Gherkins,540g net
5057753892876,Sliced Green Jalapeños in Brine,
5053526773335,Sliced Mushrooms,
5053947817199,Sliced peaches in light syrup,
0287774001505,Sliced Tiger Bloom,
5011826420205,Sliced Water Chestnuts in Water,225g
5057967138357,Slim,
5059697687488,Slow Cooked Beef Feather Bade w. Rich Treacle Jus,
5063445792683,Slow Cooked Beef Shin Bourguignon,540g
5063250543869,Slow Cooked Black Dahl,
5059697399671,Slow Cooked Duck Legs W/ Spiced Redcurrant & Port Jus,
5057545777435,Slow Cooked Lamb shank In Mint Gravy,450g
5059697722660,Slow cooked lamb shoulder with garlic & rosemary jus,400g
5063445796353,Slow Cooked Pork Souvlaki,
5059697755040,Slow Cooked Soy & Ginger Pork Riblets,
5059697679575,Slow Cooked Sweet Chilli Wings,
5059697762185,Slow Cooked Tennessee Style Boneless Beef Ribs,
5059697747427,Slow Roasted Tomato & Pesto Chicken Sandwich Filler,235g
5059697730580,Slow Roasted Tomatoes,285g net weight
5059697712371,Slow-Cooked Beef Ragu with “Vino Chianti DOP” Ravioli,250g
5063445810370,Slow-cooked Hickory Smoked Beef Brisket,
5057753902803,Smashed avocado,
5063446484594,Smashed Avocado,
5059697724213,Smoked Back Bacon Rashers,2 x 300 g
5053947082658,Smoked Bacon Lardons,200g
03044230,Smoked Cheese,125 g
5059697705502,Smoked Gammon Joint,
5054775297283,Smoked gammon steak,
5063250536052,Smoked Haddock Loin,
5059697771040,Smoked Haddock Risotto,395g
03045664,Smoked Ham & Mature Cheddar Sub,183g
03222935,Smoked Ham and Mature Cheddar Sub Roll,191g
5063445786217,Smoked Jumbo King Prawns,
0298035004050,Smoked Mackerel Fillets,
0298033002362,Smoked mackerel fillets,
0298031003385,Smoked Mackerel Fillets,
0298032003360,Smoked mackerel fillets,
0298037003020,Smoked mackerel fillets,
5057753938796,Smoked mackerel flakes,
5057753905606,Smoked Mackerel Pâté,
5059697400131,Smoked Paprika Butter,
5063250555312,Smoked Pork & Beef Sausages,
5057624281891,Smoked pork sausage reduced fat,160 g
5054402056115,Smoked Prosciutto & Salami Platter,
5063250554261,Smoked Red Fox,
5031153331890,Smoked red Leicester cheese,180g
5059697687174,Smoked Salmon,
5059697695445,Smoked Salmon,
5059697687150,Smoked Salmon,100g
5057967464050,Smoked Salmon & Tuna Sushi,136 g
5054269005271,Smoked Salmon and Cucumber taster,68 g
5000436909637,Smoked salmon canapes,
5059512743627,smoked salmon canapés,100
5050179696523,Smoked salmon for sandwiches,100 g
5059697768880,Smoked salmon gratin,370g
5059512728464,smoked salmon organic,
5057753638436,Smoked salmon slices,
5057753934927,Smoked salmon slices,
5057753638351,Smoked Salmon Slices,
5052910873354,Smoked Salmon Slices,100g
5057753897697,Smoked salmon sushi,57 g
5063445804225,"Smoked Salmon: Mesquite, Beech & Oak Wood Thick Cut",
5057753638337,Smoked Scottish Salmin,
5057753638313,Smoked scottish salmon,120g
5057753638450,Smoked scottish salmon,
5057753721473,Smoked Scottish Salmon,
5063250547898,Smokehouse Streaky Bacon,
5053990167760,Smokey Bacon,185g
5059512742613,Smokey BBQ Rib Back,450g
03337486,Smokey red pepper dressing,
5063445781502,Smoky Chorizo And Chicken Empenadas,
5063445801460,Smoky Chorizo Quiche,
5057008003118,Smoky fajita seasoning,1x 30g
5057753901165,Smoky Lentil & Red Pepper Soup,400g
5059512725944,Smoky Onion Relish,
5059512732690,Smoky paprika chicken & jerk rice,
03326640,Smoky paprika crunch,
03303481,Smoky Roasted Vegetable Couscous,
5057373544834,Smooth almond butter,
5054775703593,Smooth Brussels Pâté,170 g
5014213000929,Smooth Cashew Butter,170 g
5053526848507,smooth chicken liver pâté,170g
5059697678929,Smooth Duck and Seville Orange Pate,150g
5000159393928,Smooth Milk 75g,75 g
5060367181274,Smooth Peanut Butter,300 g
5063249299838,Smooth Peanut Butter,340 g
5059697734977,Smooth Smoked Salmon Pate,100g
5059697999888,Smoothie,
80028062,Snack cocoa wafers,45 g
5000358493986,Snackers,
5059697713989,Soda Farl,
00176828,Soda water,1L
03338926,Soft Apricots,
03338933,Soft apricots,
5059697270901,Soft Cheese Stuffed Peppers,145 g
5010044009261,Soft pittas,5
5059697403781,Soft raisins,
5057545473788,Soft scoop vanilla icecream,2 l
5059512730016,Soft Set Scotch Eggs,
5011376002043,Soft White Baps,
5010003054226,Soft White Thick,800g
5051007147347,Sonka,
5000358967357,Soup & Broth Mix,1 x 400 g
5052909354970,Sour Cream,280g
5057373869647,Sour Cream & Chive,150g
5057753923372,Sour cream and chive crisps,
0285657001604,Sourdough bloomer,400g
0283739002006,Sourdough bloomer,400g
0283839001800,Sourdough bloomer,
5057753936228,Sourdough charcoal and sesame seed,
5025125000037,Sourdough grain and seeds,45 g
5010084702955,Sourdough pizza base,400 g
7311310501891,soured cream topping,280g
5901713001399,Soured Gherkins,420 g
5057545028483,Southern Fried 4 Chicken Steaks,380 g (4)
5059697754555,Southern fried chicken breast,
03061541,Southern Fried Chicken Red Pepper Mayo,
03042939,Southern Fried Chicken Red Pepper Mayo,188g
5059697729362,Southern Fried Chicken Steaks,
03281055,Southern Fried Chicken sub,
5059697734304,Southern Fried Chicken Tenders,305 g
65663646,Southern fried chicken wrap,
03205273,Southern Fried Chicken Wrap,
5391541280330,Southern fried chicken-free burgers,180g
5057753921590,Southern Fried thighs & drumsticks,
5059697402692,Souvlaki pork King kebab with a Tzatziki dressing,
8715035130500,Soy Sauce Less Salt Kikkoman,500 ml
5057753938987,Soya alternative to Greek style yogurt,
5053526935313,Soya beans,
5057545917237,Soya drink,
5054268519427,Space saucers,
5000119123503,Spaghetti,
5057545092453,Spaghetti,
5059697680649,Spaghetti & Meatballs,
5051277947432,Spaghetti Bolognese,400g
5057753927059,Spaghetti Fresh Egg Pasta,
5059944004143,Spanish & Ricotta Tortelloni,
5057373310309,Spanish Chorizo,
5057373662064,Spanish Chorizo,
5010292966569,Spanish chorizo style slices,90g
5063250532863,Spanish Chorizo Tortilla,
5059697773600,Spanish Croquetas With Spinach,
5063446499574,Spanish Evoo,
5059697256073,Spanish Forest Honey,
5054268736176,Spanish forest honey,340 g
5059697765469,Spanish Style Chicken,
5063445804676,Spanish Style Grains,250
5059697714801,Spanish Style Tortilla,170 g
4059667714801,Spanish Style Tortilla,170 g
8718858613809,Sparkling Toffee Apple Drink,330ml
5000436224365,Sparkling water,
8718858612581,Sparkling winter edition drink,330ml
5053827204590,Special K protein clusters &seeds,320 g
5057753521097,Spiced apple & pear chutney,
5059697729621,Spiced Cider & Pear Glazed Wiltshire Cured Ham,
5063445787177,Spiced Lamb And Chicken Koftes,
03421024,Spiced Meatball And Feta Wrap,2 wraps
5059697268298,Spiced Orange Ham Slices,
5034124005363,Spiced Parsnip Soup,600g
5057753640002,Spiced rum mince pies,
5057753925338,spiced vegetable tart,400g
5059697719660,Spices & Citrusy Clementine Shortbread Fingers,"8 biscuits, 165g"
5057008456495,spicy beef chilli and rice,450g
5059697713057,Spicy beef chilli and rice,
5018095011059,Spicy Cajun-Style Lentils & Red Kidney Beans,250 g
5059697716805,Spicy Chicken And Chargrilled Pepper Pizza,
7316641017004,Spicy Drums,270 g
5010034000261,Spicy Egg Fried Rice,250g
5063250551482,Spicy Fajita Chicken,400 g
5063445799682,Spicy feta dip,
5010718317517,Spicy Mexican Bean Bake,117 g
5059697768651,Spicy Pizza Topper,
5063445791792,Spicy Prawn Dragon Rolls,165g
5059697261442,Spicy Rice,300g
5063445810127,Spicy Rice,
5063250554834,"Spicy Salami, Hot Honey & 'Nduja Wood Fired Pizza",
5063445797862,Spicy ‘Ndyja and Salami Pizza,
5059512726583,Spinach & Ricotta Cannelloni,
10099919,Spinach and pine nut pesto pasta,
5057967576166,Spinach and ricotta,
5057753902162,Spinach and wild garlic ravioli,250 g
5057753921576,Spinach farfalle,
5057967394722,Spinach Ravioli,
5060136255236,"Spinach, red pepper & basil mini muffins",160g
03268339,Spiralised salad,
5000119639332,sponge fingers,200 g
5059697725449,Spring greens petit pois & rainbow chard,
5059944690155,Spring oniom chips in tube,
03279588,Spring onions,
5054268736268,Squezzy strawberry Jam,340 g
5063250536311,Sri Lankan Style Chicken Curry,
5010338404949,Sriracha,
5053947250378,Sriracha Hot Chilli Sauce,
5060503501621,Starry chicken nuggets with veggies,200g
5057545713891,Steak,227 g
5054402152534,Steak & ale pie puff pastry,
5054402006004,Steak and Onion lattice,1 x 500g
5059697763519,Steak Slice,
5059697756078,Steak-free Slice,150g
5059697253980,Steam bags Mexican inspired rice and vegetables,
10057513,Steamed Beetroot in vinegar,300g
5053526662134,Steamed Salmon Fillets,
5063445786750,Stem Ginger Cookies,
5010825001774,Sterilised semi skimmed milk,
5057753940164,Stewed steak and gravy,
5057753922269,Stewed Steak in Gravy,
5059697694998,Sticker Toffee Cake,
5054268703987,Sticky chicken kebabs,
5057753930035,Sticky chilli cauliflower bites,220g
5019503044898,Sticky Sriracha Wings,253 g
5059697762017,Sticky Toffee Cookies,
5057753937942,Sticky Toffee Crossaint Swirls,2
5059697704208,Sticky Toffee Pudding,
5063445797763,Still Lemonade,
03020647,Stir Fry Oil,
5059697709319,Stir Fry Teriyaki Chicken,
5059697686290,stir in sauce,
5057753155810,Stockwell & co,400g
5057753325466,stockwell & co apple & Blackcurrant squash,750ml
5057545986721,Stockwell & Co Orange Maralade,
5059697707759,Stockwell Mint Sauce,175g
5057753210953,Stockwell Rice Pudding,400 g
5057753125646,Stockwell Salmon Paste,75g
5057753466657,Stockwell Sugar free Lemonade,
5057753305314,Stockwell sweeteners,
5057753881030,stockwell tomato ketchup,550g
5057753934606,Stollen,
5057967575824,Stone Baked Margherita Pizza,252g
5054775299010,Stone baked Thin Mediterranean Vegetable Pizza,380g
8718564135206,Stone Oven Baguette White,250g
5057967575848,Stonebaked Pepperoni Pizza,280g
5059697702778,Stonebaked Pesto Veggie Pizza,
5057967575862,Stonebaked Spicy Meat Feast Pizza,
5054402006165,Stonebaked thin BBQ meat feast pizza,340g
5054402006097,Stonebaked Thin Double Pepperoni PizzaPrice Marked,330g
5054402006035,Stonebaked thin four cheese pizza,330g
5057373519450,Stonebaked Thin Ham & Pineapple Pizza,
0283502002400,Stonebaked Vintage Cheddar & Onion Chutney Bloomer,
0288509002255,Stonebaked vintage cheddar boule,
5059697711046,Stracciatella Di Burrata,
5063445798692,Stracciatella Gelato,
8056670020093,Straight To Wok Udon Noodles,300g
5059697710766,Stratford Blue,
03281833,Strawberries,
5059697773655,Strawberries & Clotted Cream Cake,
5059697760457,Strawberries And Cream Flavour Popcorn,
5059697739101,Strawberry & Cream Flavour Meringue Kisses,
5063250540165,Strawberry & Elderflower Cheesecake Slices,
5059697259203,Strawberry & Madagascan Vanilla Cheesecake,100g
5059697725319,Strawberry & Raspberry Pressé,
5054269805789,Strawberry and banana smoothie mix,
11068853,Strawberry and Raspberry Granola,1kg
5022313211817,Strawberry banana & lime,360 ml
5057753905224,Strawberry Cheese Cakes,200g
5057753720438,Strawberry Flavour Milk,1l
5059697743931,Strawberry flavoured milkshake 1L,
5059697272196,Strawberry Gateau Bar,
5099682000007,Strawberry Jam,
5059944007717,Strawberry jam,454g
5057753938246,Strawberry Jam and Cream Scones,
5057967395484,Strawberry Low Fat Yogurt,
5059697269707,Strawberry milk,
5059512727276,Strawberry shake,250ml
5057753934873,Strawberry splits,6 x 70 ml
5057545651520,Strawberry Swirl Cheesecake,
5059697709128,Strawberry Trifle,
5010204374147,Strawberry trifle,
5690350120814,Strawberry Trifles,3 x 145 g
5059697770753,strawberry trifles,2 x 115g
5052909616801,Strawberry Yoghurt Drink,6 X 100g
5051898691622,Strawberry Yogurt Drinks,600g
5051007115919,Student Mix,200g
03300565,Stuffed peppers,
5010651001115,Sugar - Demerara,500.0 g
5059697705021,Sugar Free Blue Spark,
0287059001152,Sugar Ring doughnut,
5053526008253,Sugar Waffle,90 g
5054402920560,Sultana And Oat Cookies,200g
3973424533874,sultana bran,750g
5018374465245,Sultanas,500g
5059697749186,sultanas and apricots,
5063250538421,Sumac Roasted Carrots,
5063250545535,Summer Berry & Chantilly Arctic Roulade,
5063250548284,Summer Edition Atlantic Anchovies,
5059697776441,Summer Edition Cinnamon Bun Cheesecake,
8002210112704,Sun dried dried tomato pesto,190 g
5051399672427,Sun dried tomato and lentil soup,
5989697263682,Sun-dried Tomato & Oregano Sourdough,
5059697765483,Sun-dried tomato & red wine,265 g
5052320756148,Sun-dried tomato paste,
5059697385742,Sunblush Tomato & Garlic Flatbread,
5059512740794,Sundried Tomato & Roasted Garlic Concentrated Sauce,265g
0281108002350,Sundried Tomato and Roasted Pepper Filone,
5059697259296,Sundried Tomatoes,170g
5000119131829,Sunflower Oil,
5054402584601,Sunflower oil,
03243756,Sunflower Oil,500ml
8007150909421,Sunflower oil,1l
5000438985141,sunflower oil,
5000358962994,Sunflower seeds,
5057967049530,Sunflower seeds,
03274736,Suntrail Farms Nectarines,
5060853640124,Super Berry Granola,360g
5060853640704,Super Berry Oat Bars,3 x 38 g
5057753934750,Super seeded farmhouse loaf,800g
5060678711672,Super Superfood,160g
5051898302276,SUPERSWEET SWEETCORN cut from the cob,1 kg
5000328270890,Supreme prawn cocktail,45 g
5052320724444,Sushi Rice,500 g
5059697402340,Sushi Tesco,
5019503007763,Swedish style Balls,300 g
5057753926878,Swedish style meatballs,600g
03336922,Sweet & crunchy salad,
5051140586478,sweet & delicious salted caramelised nut selection,
5000328244716,Sweet & Salty Popped Crisps,28 g
5059512738913,Sweet & Sour Chicken 500g Pack,
5057545715376,Sweet & sour chicken with rice,
5052109996673,Sweet & Sour Sauce,120g
5059697764134,Sweet & Spiced 6 Festive Bangers,
5059697400087,Sweet & Spiced Cinnamon Roasted Nut Selection,225g
03403877,sweet and fiery beetroot,180 g
0014529323137,Sweet and salty popcorn,110g
5063250536007,Sweet And Smokey Northern Irish Lamb Kebabs,
5057753938284,Sweet and Sour Chicken,392 g
5057545743904,Sweet and sour chicken with egg fried rice,
5059512728471,Sweet and Sour Chicken with Rice,
5057753158934,Sweet and Sour sauce,500 g
5057753894412,Sweet And Sour Soya Strips And Rice,400g
5059697705014,Sweet BBQ pulled pork with cheesy mash,
5057753913199,Sweet chilli and garlic sauce,
5053947788130,sweet chilli chicken breast pieces,
5063445789034,Sweet Chilli Houmous,
5057753920234,Sweet Chilli Houmous,57g
5019503043792,Sweet chilli mini fillets,138g
03253540,Sweet chilli noodles,200g
03335604,Sweet chilli slaw kit,300g
3178530422719,Sweet Hearts Chocolate,7x25 gr
5057753898618,Sweet lemon & parsley smoked mackerel strips,
5000119095084,Sweet Pickled Crinkle Cut Beetroot,
5059512727030,Sweet Pickled Red Onions,
7051420642212,Sweet popcorn,
03263419,Sweet potato and potato mash,
5060482841442,Sweet potato and rosemary baked veggie chips,100g
5057545677964,Sweet Potato Chunks,600g
5063445792713,Sweet Potato Falafel Salad,
5059697754807,sweet potato katsu curry,
5059697721144,sweet potato Thai red curry with jasmine rice,400g
5059512742620,Sweet potatoe & 3 bean chilli,300g
10110850,Sweet potatoes,
03266274,Sweet potatoes,
5053947621352,Sweet Tomato & Birds Eye Chili Chutney,
5057545877593,"Sweet treats low fat yogurt banana, toffee and vanilla",6 x 125 g
03326572,Sweet vine-ripened tomatoes,255 g
5057545678107,Sweetcorn,
0072900378107,Sweetcorn,907g
5063445791082,Sweetcorn and Red Pepper Frittata,
5059512741685,Sweetcorn in Water with Sugar and Salt,325g
5057545917251,Sweetened Coconut Milk Alternative,
5060016802680,Sweety Drop Peppers,150 g
5057753934644,Swirly chocolate wafers free from,
5052910805034,Szechuan inspired sweet chilli cooking sauce,
0248902023608,T-Bone Steak,
5054402369062,T.Sunblush Tomato Tomato And Garlic Flatbread,
5000358229059,Tacos Kit,275g
5053526937232,Tagliatelle,1 x 250g
4040046100131,Tagliatelle,500g
5057753921958,Tagliatelle (fresh pasta),
5019503043563,Takeaway buffalo wings,250g
5391520188749,Takeaway Classic The Big Cheese,555g
5019503042085,Takeaway Crunchy Fillet Burger,190 g
5059512727207,takeaway pepperoni pizza cheese stuffed crust,
5059697402593,Tamarind Paste,
5063250552076,Tandoori Lamb Leg Steaks,
5057753934231,Tandoori Roast Chicken Thigh Pieces,180g
5059697737831,Tandoori Style King Prawns,
5010102341609,Tango Mango Sugar Free,500ml
10065884,Taramasalata,
5000169187333,Taramasalata,170 g
5057008495357,Tarka Dahl,
5063445801910,Tartare Sauce,
4006229018044,teddy bear sausage,90g
5059697718618,Tempura Chicken Nuggets,
5059697683299,Tempura Chicken Tenders,
5057373818331,Tempura King Prawns,140 g
5059697265433,Tempura prawns,
5063250557828,Tender Coq Au Vin,
03492888,Tenderstem Broccoli,
5060444850208,Tenzing Raspberry & Yuzu,250 ml
5034467001091,Teriyaki Tofu,280g
7622210630629,Terry's Chocolate Orange Easter Egg,255 g
5059697395369,Tesco,
5057008391352,tesco,
5000436150695,Tesco,395g
5057753918262,Tesco,
5063446478579,Tesco,350g
5057753124861,Tesco - The Growers Harvest - Plum Tomatoes,400g
5051399881270,Tesco 12 Fresh Free Range Eggs Brown or White,12 pcs
5057545809150,Tesco 2 Lemon & Pepper Sea Bass Fillet,164g
0231198031532,Tesco 30 Day Matured Beef Tomohawk Steak,
5059697254253,Tesco 4 Mini Pizza Bases,
5057545743607,Tesco 6 Welsh Cakes,
5059697704147,Tesco All Butter Flapjack,
5050179919783,Tesco All Butter Scones 6 Pack,
5054268303095,Tesco All Butter Shortbread Assortment Tin,500 g
5052319969689,Tesco American Style Mustard 370G,
5054268735056,Tesco Apple & Elderflower Sparkling Flavoured Wate,
03474433,Tesco Apple & Strawberries,90 g
9051666628504,Tesco Apple Juice,
5059697740015,Tesco Apple Slices,500g
5059512732119,Tesco appleand blackcurrant squash,
5000119292247,Tesco Assorted Jam Tarts 6 Pack,
03203019,Tesco baby potatos with herb butter,
5057373964052,Tesco Bag For Life,
5057753932558,Tesco Balanced Chicken & Sweet Roasted Pepper Risotto,380 g
5051622878572,Tesco Beef and Vegetable Soup,
5053947675232,Tesco Beef Roast Dinner,
5057373151148,Tesco Berry Strudel 600G,600g
5000119767783,Tesco Biscuits For Cheese 500G,
10099674,Tesco Black And Green Olives With Feta 150G,
5052910019646,Tesco Blue Spark Sugar Free 250Ml,250ml
5057008858343,Tesco Blueberries,100g
5059697707872,Tesco Bramley Apple & Blackberry Crumble,
5051399110363,Tesco Cajun Chicken Wrap,
5057545778760,Tesco Calorie Controlled Cottage Pie,400 g
5052909060239,Tesco Camomile Infusion Tea,40 bags
5052319516234,tesco caramel crunch bar,
5052109870614,Tesco Caramlised Onion Chutney 280G,
5057753900335,Tesco Carrot & Houmous,100 g
5063445799101,TESCO CAULIFLOWE CHEESE BAKE RICH & CREAMY Caulifl,
03335246,Tesco celery,
5051898873684,Tesco Cheese Balls Snacks 300G,
10000991,Tesco Cherries,200 g
5052320551446,Tesco Cherry Bakewell Tarts 6 Pack,six
10004906,tesco chestnut british mushrooms,250g
5054402787828,tesco chicken and bacon pies,
5057753905750,TESCO CHICKEN CURRY MILDLY SPICED & AROMATIC Succu,
5057545697054,Tesco chicken madras with pilau rice,400g
5063445800647,"TESCO CHICKEN NOODLE CLASSIC & COMFORTING Chicken,",
5054268815871,Tesco Choco Snaps,
5057008079601,Tesco Chocolate Crisp,500g
5059697711374,TESCO CHRISTMAS TREE TORTILLAS LIGHTLY SALTED % of,200g
5010204194295,Tesco chunky Chicken and vegetable soup,400g
5057373748386,TESCO cider vinegar,1
5057545917114,Tesco coarse farmhouse pâte with mushrooms,
5054775859283,Tesco colourful sprinkles,70g
03220658,Tesco Conference Pear,1 Pear
5000436616467,Tesco corn flakes,750 g
5057753916886,Tesco corned beef,"10, 275g"
5000436770022,Tesco Corned Beef,
5057753920272,Tesco Creamy Mustard Chicken with Potato & Onion H,
5052320498598,Tesco Crispy Coated Peanuts BBQ,200g
5054269006988,Tesco Crumpets,
03267912,Tesco Crusty White Farmhouse Sliced Bread 800G,800 g
5018374525383,Tesco Curly The Caterpillar Cake,
5054269361995,Tesco Deep Filled Garlic Flatbread,255g
5057753466329,tesco diet cola,
5057753892302,Tesco Diet Cola can,
5059697393525,"TESCO Divine 5 CHEESE SELECTION BRIE, MATURE CHEDD",
5059697707483,Tesco double chocolate mini rolls,
5053947437946,Tesco double chocolate super sundae,
03338896,Tesco dried Mango,
5059697752681,Tesco Egg & Mayonnaise Lightly Seasoned Mayonnaise,
5050179944693,Tesco Everyday Value Crunchy Peanut Butter 340G,340 g
5063250537905,Tesco extra mature cheddar,
03466377,Tesco Fajita Chicken Wrap,184 g
5051898781057,Tesco Fat Free Greek Yogurt 200G,200 g
5057373519375,Tesco Feta Cubes,150g
5057753936983,Tesco finest,
5059697741104,Tesco Finest 12 Scottish Salmon Canapés,
7939997401619,Tesco Finest 2 Egg Custard Tarts,"2, 134g"
5054775578986,Tesco Finest 2 Thai Prawn Fish Cakes 290G,
5059697392061,Tesco finest all butter shortbread,150 g
5059697403705,tesco finest beef and ale hotpot,400g
5059697259678,TESCO finest Beef Bourguignon with Creamy Mash Ten,
5053947438752,Tesco Finest Belgian Chocolate Biscuits Assortment Tin,400g
5052910111661,tesco finest british beef quater pounders,454 g
5956010096562,tesco finest British dry cured back bacon,
5059697679995,Tesco finest Chicken Yakitori Kebab,
03301968,Tesco Finest Coleslaw,300g
5053947492136,Tesco Finest Colombia Supremo Ground Roasted Coffee 227 G,
5063445782714,TESCO finest CRINKLE CUT BASIL & PECORINO PESTO FL,
5063446493954,Tesco Finest Cured Pork Loin Steaks,
0032695710001,Tesco Finest Dark Milk Chocolate,100g
0052655731860,Tesco Finest Ecuador Dark Chocolate,100g
03340578,Tesco finest Edamame and Sprouting Pra Salad,
5057753083847,Tesco Finest five grain muesli,500
5059697392740,TESCO finest FLAVOURFUL & INDULGENT VINTAGE CHEDDA,
5057967576340,Tesco Finest Four Cheese & Balsamic Red Onion Pizza,455g
5054269035346,Tesco Finest Garlic And Coriander Naan Bread 2 Pack,
5057373868732,Tesco finest gouda & edam crispies 90g,
5063250556791,Tesco Finest Half Chicken,
5063250542732,Tesco Finest Ham,
5063250531101,Tesco finest hickory smoked nut selection,150g
5059697728563,Tesco finest Italian four cheese pizza,
5052003668522,Tesco Finest Jumbo Cooked King Prawns,225g
5059697689284,Tesco Finest Korean Style Chicken Tenders,
4059667271625,Tesco Finest La Rustica puzza,467 g
5059697399428,Tesco Finest lemon & Marscapone Cheesecake,
5057545864067,Tesco finest Madagascan vanilla cheesecake,
5057545931585,Tesco Finest Meringue Shells,
5059697736773,"TESCO finest New Tikka Masala Sauce Rich, creamy t",
5052319425314,Tesco Finest Orange Juice With Bits 1 Litre,
5063250552052,Tesco Finest Piccante Pepperoni pizza,490g
5000436288350,Tesco Finest Raspberry Conserve,340g
5063250549052,TESCO finest RICH & FLAVOURFUL SMOKED CHEDDAR & AL,
5063445806199,Tesco Finest Roasted Nut Selection,
03410479,TESCO finest Roasted Red Pepper & Smoked Paprika P,
5054269413861,Tesco finest sage and red onion stuffing mix,
5059697771262,Tesco finest seeded sourdough sandwich loaf,
5063250549779,Tesco Finest Smoked Garlic And Kashmiri Chilli Naan,
5059697721090,"TESCO finest SUMMER EDITION 4 Pork, Smoked Red Pep",
5054775347919,Tesco Finest Super Grained Farmhouse Bread,800 g
5057753921057,Tesco finest tiger bread,400 g
5057753917036,Tesco finest vintage cheddar,200g
5059697694691,Tesco Finest White Baguette,
5054775347865,Tesco Finest Wholemeal With Wheatgerm Cob,
5059697768026,tesco finestbthai inspired sweet chilli crisps,
5052320182978,tesco fish pie mix,
5057008456273,Tesco Four Chicken Enchiladas,480 g
5063250533259,Tesco Free From Cheese & Bacon Crispbakes,
5053526751005,tesco free from chicken nuggets,400 g
5057753922450,tesco free from mango yogurt,
5063445802245,Tesco free from Multi grainhoops,300g
5059697776755,Tesco free from piri piri mayo,
03224472,Tesco Free Range Egg Mayonnaise Sandwich,211 g
5063445808896,TESCO freeFROM GLUTEN FREE CREAM CRACKERS One crea,
5059697684241,TESCO freeFROM GLUTEN free WHEAT free free TOMATO,
5052910640123,Tesco FreeFrom Seeded Sliced Bread,550 grams
5052910639844,TESCO freeFROM WHEAT GLUTEN free free MILK free WH,
5059697761874,TESCO FRESH CUSTARD BRITISH CREAM Milk and cream g,
0237545001975,Tesco Fresh Diced Pork Topside 500G,500g
5057545652039,Tesco Frozen Diced Chorizo,
5059697272462,Tesco fruit and barley summer fruits,30ml makes 300ml
5053526876012,tesco giant yorkshire pudding,220 g
5059697384967,Tesco gluten free cheese and tomato sandwich,
5000119694003,Tesco Golden Caster Sugar,
5051399201412,Tesco Gouda Slices 250G,
03410110,Tesco Greek Style Chicken Gyros,
5054402718075,Tesco ground nut oil,500 ml
5053526422479,Tesco Healthy Living Balsamic Dressing 250Ml,
5053526422752,Tesco Healthy Living French Dressing 250ML,
5053526422776,Tesco Healthy Living Honey and Mustard Dressing 250ML,
5000119648174,tesco high juice,
5059697390067,Tesco High Protein Tandoori Chicken Masala,400 g
5051008898231,Tesco Italian Extra Virgin Olive Oil,
5059697743429,Tesco Lemn and Mascarpone Cheesecake Slices,
5054268737234,Tesco lentil & bacon soup,400g
5051277823026,Tesco less fat soft cheese,
5054268676069,Tesco Lightly Salted Rice Cakes,
5000462417021,Tesco Low Fat Natural Yogurt,500g
5052004139175,Tesco Madeira Cake,750 ml
5054268026963,Tesco Madeleines 400G,400 g
5052909824206,Tesco Maple Syrup 250G,
5059697738791,Tesco Mature Cheddar Finest,
5053526715694,Tesco Mature White Cheddar,
5059697390258,TESCO MEAT FEAST PASTA SAUCE RICH & SMOKY A tomato,
5018374181084,Tesco Meat Free 4 Mexican Style Bean Burgers 454G,
5052909354932,Tesco Mild Guacamole Topping 285G,
5059697258596,TESCO MILK CHOCOLATE PEANUTS CRUNCHY & SWEET Whole,
5057008454262,Tesco Milkshake No Added Sugar Strawberry,
5052320611317,Tesco Mini Chocolate Cornflake Bites 15 Pack,
5052910760050,Tesco Mixed Baked Beans in Tomato Sauce,415g
5057545928844,Tesco Multiseed Batch,
5054268074872,Tesco mussels,150g
0227376004108,Tesco New Zealand lamb - half leg,1.026kg
5052909098805,Tesco Orange Zero,1
5057753892692,Tesco Organic 2 boneless salmon fillets,
5059697252853,Tesco Organic Mango,
5000436471141,Tesco Organic Sunflower Oil,
5057008252141,Tesco Original Beef Jerky,19 g
5057545931516,TESCO Pickled PEARL SILVERSKIN ONIONS SHARP & CRIS,
5051399078175,Tesco pimiento stuffed green olives,
5059697254581,Tesco pinapple slices in juice,425g
5054402100122,Tesco piri piri chicken breast fillets,
5051898958077,tesco pizza base mix,
5057753927844,Tesco Plant Chef 4 Spicy Bean Burgers,454g
5057753893156,Tesco Plant Chef Breaded Nuggets,320g
5059512736896,Tesco Plant Chef Meat-free sweet chili pieces,
5057753938994,Tesco Plant Chef Peanut Burgers,
5057753911904,Tesco Plant Chef Roasted Vegetable & Pesto Wrap,168 g
5059697762192,Tesco Plant Chef Southern Fried Fillets,230g
5031021354693,tesco pork sausages,454 g
5052003509573,Tesco pork sausages,
5059697397585,Tesco potato Croquettes,220g
50358793,Tesco Pure Apple Juice,
5059697687211,Tesco Quinoa And Bulgar Wheat,250g
5057753897499,Tesco Rainbow Sprinkles Bright & Crunchy,
5054775467945,Tesco Raw King Prawns,
5057753940133,Tesco raw scallops,180g
5059697754937,Tesco Ready to Eat Bbq Roast Chicken Drumsticks Sm,430 g
5054269895766,Tesco Red Leicester,
10061299,Tesco Reduced Fat Houmous Dip 300G,300 g
03282472,Tesco roast chicken & avocado,173g
5051007164092,Tesco Salted Pretzels,
5018374363251,Tesco Sardines in Sunflower Oil,120 g
5052320985234,Tesco Savory Eggs,216 g
5057008349414,Tesco Scot Shortbread Petticoat Tails,
0285656001704,Tesco seeded sour dough bloomer bread,100g
5057753935061,Tesco serano ham & chorizo,
5010204029450,tesco silver skin onions,
5031021057938,Tesco Skimmed Milk 568Ml / 1 Pint,
5000358682106,Tesco soft breas,2 kg
5059697750038,Tesco sourdough,
5000358443653,Tesco spaghetti,
5059697707292,Tesco steak pies,284g
5057008392830,Tesco Steak Slices,300g
5054269603293,Tesco Stevia Sweetener,75 g
5059697760464,Tesco Strawberry Flavour Milkshake Mix No Added Su,
5059697679438,Tesco Summer Edition 4 Pineapple. Coconut & Lime L,
03332030,TESCO SUMMER EDITION BUFFALO RANCH Mayo with notes,
5059697705311,Tesco Super Crunchy French Fries,
5057008473607,TESCO SWEET & SALTY POPCORN LIGHT & CRUNCHY Butter,
5059697384592,Tesco Tempura Mini Fillets Whole Wini Fillet *** 2,
5054268028660,Tesco Tiger Bloomer,400g
5050179325836,Tesco Tomato and Basil Sauce 350G,350 g
5059697391637,Tesco umami paste,
5053526420093,Tesco Unsmoked Bacon,
5057373816771,Tesco Vegetable Chilli,400 g
10112342,Tesco Walnuts,
5057753937614,tesco white anchovy fillets,
5059316576629,Tesco white bread,
5052109944452,Tesco White Chocolate,
5052109950514,Tesco White Chocolate Spread 400G,400 g
5000119079718,Tesco White Medium Bread 800G,800 g
5031021174598,Tesco whole milk,3L
5059316576445,Tesco Wholemeal bread,800g
5057545889657,Tesco Wholemeal Deli Rolls 4 Pack,
5057008002890,Tesco Wholemeal Tortilla Wraps,320 g
5053947642937,Tescos British Petits Pois,
03227893,Tesco’s Strawberries 1kg,
03303399,Tex Mex Dips,
5059697710506,Thai Green Chicken Curry with Jasmine Rice,
5059697707162,Thai Green Curry,
5059697681394,Thai Green Curry Style Rice,
03434581,Thai Inspired Chicken Curry Wrap,
5059697261084,Thai Inspired Crispy Delights,
5057008366541,Thai Inspired Green Chicken,600 g
5059697391934,Thai Inspired Prawn Snowballs,
5059697267611,Thai Inspired Red Chicken Curry,
5059697715372,Thai Style Chicken Noodles,
0852629004859,The beyond burger,227 g
5051873005918,The Big Cheese Pizza,611 g
5449000664310,The Big Latte,750 ml
5016346512553,The Easter Collection,363 g
5057753521561,The Growers Harvest - Island Mix,300g
5059697749797,"The Ham, Cheese & Chicken Triple",
5000326011488,The no-egg egg,346 grams
5059697738494,The ULTIMATE Lasagne al forno,
5059697726736,these are food is Keep ref before serving Ven per,
2959997403760,Thick & Creamy Roasted Hazlenut Yoghurt,150g
5059697708138,Thick Cut Mustard And Honey Ham,
5059697717178,Thick Cut Rump Steak,
5063445802795,Thick Cut Salmon,
0248907014564,Thick Cut T-bone Steak,
5057753904081,Thickly slided ham,
5057008233775,Thin cut pork loin steaks,600g
5060678710002,This Isn't Chicken Plant-based Pieces,190 g
5060678710262,This Isn't Pork Sausages,230g
5060678710163,This Isn’t Bacon Lardons,120g
5060678710026,THIS Isn’t Chicken Plant-based Tikka Pieces,140g
5060678710422,This Isn’t Chicken Tenders,240g
5060678710156,This Isn’t Pork Cocktail Sausages,150g
5060678710514,This Isn’t Pork Cocktail Sausages,90g
5059697702969,Three Cheese & Chilli Jam Pizza,
5059697713156,Three Cheese & Chive Cauliflower Gratin,
1051257948125,Three cheese and chives cauliflower cheese,
5054268240291,Three cheese bloomer,
5059697691591,Three Cheese Concentrated Sauce,
5063446480381,Thyme & Sage Ham Slices,
5051898824914,Tiger Baguette,
5057753932602,Tiger Baguette,
5052003232372,Tiger Baton,200 g
0281354001503,Tiger bloomer 800g sliced,800g
0286317000951,Tiger Bread Roll,
5019312094220,Tiger Crust Cheese Medley,305g
7630294501841,Tikka chicken skewers,200g
5059697762154,Tikka Inspired Houmous,
5000354159589,Tikka Masala,350g
5059697705250,Tikka Masala Cooking sauce,
5057373870841,Tikka masala cooking sauce,
5053526133795,Tikka Paste,200g
5059697687778,Tikka Roast Chicken Breasts,
5000157154101,Tinga Fiery Chipotle Cooking Paste,100g
5057753900519,Tinned ruby red grapefruit,
5000436532279,Tiramisu,
5057753097554,Tiramisu,170 g (2 x 85 g)
5060425288846,Tiramisu,170 g (2 x 85 g)
5059697387616,Tiramisu Brownies,
5059697760297,Tiramisu Meringue Stack,
5060005421830,Tiramisù,170g
5057545736845,Toad in the hole,
5057545619483,Toastie,800g
3154230815259,Toasties ham and cheese,240g
5052910707482,Toffee & vanilla cones,4 x 110 ml
5054775540099,Toffee and Vanilla Cones,4 x 110ml
5052004475716,Toffee Pecan Roulade,420 g
03340561,Tomato & basil pasta,
5000354168550,Tomato & Basil Sauce,350g
5000354910654,Tomato & Chilli,350 g
2427617474006,Tomato & Chilli,660 g
5052320718221,Tomato & Chilli Pasta Sauce,500g
5057545092477,Tomato & Herb Pasta Sauce,440 g
5052910080523,Tomato & Mozzarella Pasta Bake,450g
5059697388774,Tomato & ‘Nduja Sauce,500 g
5000354168543,Tomato and Chilli,350 g
5050179325812,Tomato and mascarpone sweet and creamy pasta sauce,
03296349,Tomato and mozzarella,
03328743,Tomato and mozzarella pasta,
5059697681790,Tomato Aubergine & Ricotta,340 g
5063445788280,Tomato E Vodka,
5901713000415,Tomato juice,330 ml
5057753917920,Tomato Ketchup,890g
5057753917708,Tomato ketchup,
13850869,Tomato ketchup,
5000157143020,Tomato Ketchup 50% less sugar & salt,500 ml
5057753940416,Tomato Lentils,250g
5059697395390,Tomato Mascarpone and Basil Risotto,
5010793377840,Tomato puree,
5019312083378,Tomato stuffed crust takeaway smokey bac‘n & mushroom pizza,500g
5059697679773,"Tomato, Feta Basil Sauce",
5059697682940,"Tomato, Mascarpone and Basil Risotto",400g
5059697719417,"Tomato, olive & basil quiche",
5051007139694,Tomatoes with basil chopped,400g
03447857,Tonkatsu style pulled pork wrap,
8719956496622,Tony Littl' Bits: marshmallow & biscuit,100 g
5000159300766,Topic chocolate bars,188 g (4 x 47 g)
0238008018288,Topside Roasting Beef,
5063445804829,Torta Caprese,
5057545807156,Tortelloni Sausage & Ham Fresh Egg Pasta,300g
5057545696439,Tortilla Chips,
5063445794168,Tortilla Chips Chorizo & Red Pepper,
5057545696460,Tortilla chips hot chili flavour,
5060997026082,Tortillas,12 wraps 30cm 1080g
5057753521547,trail mix,300 g
03466193,Trio Of Creamy Dips,
5063250550164,Trio Of greek Olives,
0283339001805,Trio of olive bloomer,
0283799001803,Trio of Olive Bloomer,
5059697266805,Trio of Olives,
5057753305383,Triple Chicolate Cookies,"10 cookies, 200g"
5057753930837,Triple choc truffles,
5059697693410,Triple Chocolate Cookies,2 x 195 g
5059697272288,triple chocolate hot cross buns,
00453059,Triple chocolate hot cross buns,
5053947930836,Triple chocolate ice cream,900 ml
0283919001805,Triple Chocolate Muffin,
5000462793781,Triple chocolate trifle,600 g
5057545009536,Triple Cook Chips,400 gm
5063445784664,Triple Cook Chips,
5063250549625,Triple Cook Chips with Cornish Sea Salt,
5059697707209,Triple Cooked Beef Basted Oven Chips,
5059697401954,Triple cooked beef basted oven chips,900g
5059697777561,Triple Crème Brie,
5000169154496,Triple Malt Sourdough Bread with Seeds,
5022374049534,Tropical Dried Pineapple,120 g
5059697754319,Tropical fruit mix,125 grams
5051399536972,Tropical Fruits Granola,1kg
5059697756016,Tropical Juice,
5057753923181,Tropical Twist Smoothie,200 ml
5057967163571,Tropocal fruit slurpers,4 x 90 g
5057753938925,Truffe mac and cheese,
5063250547058,Truffle Carbonara Girasoli,
03413173,Truffle Dressing,
5063445807943,Truffle Prosciutto Crudo,
5057967621071,tuna,4 x 102 g
03286623,Tuna & cucumber sandwich,
5057753922429,Tuna & sweetcorn,250g
5059697762635,Tuna & sweetcorn,
03341186,Tuna Chunks,145 g
5059697698460,Tuna chunks,
03341162,Tuna chunks,
5053947979682,Tuna Chunks,
5053947979637,Tuna chunks,
5051007161701,Tuna Chunks,
03249017,Tuna Chunks in brine,160 g (112 g drained)
03341179,Tuna Chunks in Brine,
5000171032911,Tuna Chunks in Brine,3 * 80 g
03346686,Tuna Chunks in Spring Water,145 g
5057967621033,Tuna Chunks in sunflower oil,
0065231597736,Tuna Crunch,185g
5063445807776,Tuna Snack Rolls,
5054268705615,Tuna steak,
5057753304027,Tuna Steaks with a little brine,110 g
5010975030020,Tunnocks Teacakes Chocolate 6pk,6 x 24g
03278338,Turkey & trimmings,
03254882,Turkey & Trimmings,
5063250547003,Turkey BLT,
5010236157619,Turkey ham,230g
5059697751639,Turkey Meatballs,
5059697684715,Turkey Thigh Mince 7% Fat,500g
5000159557177,Twix White Extra,75 g
5063250532115,Two Bird Roast,
10004647,Tzatziki,
5052910420923,Udon Noodles,2 x 150 g
5057753903107,Under The Sea Ice Cream,
5000237127308,Unsalted Roasted Nuts,250g
5057753897536,Unsmoked Bacon Medallions,
5052320645091,Unsmoked Gammon Steaks,
5052319993370,Unsmoked thick bacon,
7613287364678,Unsweetened,950 ml
5000373702322,Utterly Butterly Spread,1 kg
03334294,Vacumed packed beetroot,500g
5052910791283,Vagla Ice Cream,
5059697750847,Valencia Orange Juice Lollies,292ml (4 x 73ml)
5057545864142,Vanilla cheesecake,
4005500038092,Vanilla flavour yogurt with mini smarties,120 g
3415581101928,Vanilla Ice Cream,460 ml / 400g
5059697377976,Vanilla Icecream,
5060175390752,Vanilla syrup,350 g
5057008763005,Vanilla thins,125g
5057545954591,Variety Crisps,
4000539140341,Vegan Caramel Sea Salt Chocolate,100g
5057753935085,Vegan Fingers Plant Chef,448 g
5060884430169,Vegan Fried Popcorn Chicken,
5060884430329,Vegan Fried Popcorn Chicken,220g
5051873002887,"Vegan Giardiniera Spinach, Artichoke & Mushroom Pizza",
5061010370106,Vegan lentil ragu,400g
5063250539930,Vegan Margherita Pizza,300g
5000157145260,Vegan Mayo Garlic Aioli,220ml
5019503028812,Vegan Pieces,280 g
5060812970187,Vegan Rainbow Lasagne,400g
5057753931452,Vegan salad cream,
5060322900988,Vegan Spanish style Tortilla,500g
5391527074809,Vegan Stone Baked Falafel,377 g
5391527000075,Vegan Stonebaked Meatless Mediterranean,387g
4251097415116,Vegerami,60 g
4251097413679,Vegerami Pep'd up Chick'nless Bites,40 g
4251097413709,Vegerami Smokin' Chick’nless Bites,40 g
8722700268772,Vegetable,112g
03316962,Vegetable and Beansprout Stir Fry,
5057545578087,vegetable aubergine croquettes with a chilli dip,6
5057373815651,Vegetable Cup Soup with Croutons,5x23g
5059697723452,Vegetable Dim Sum,
5059697764745,Vegetable lasagne,
5052910079947,Vegetable Lasagne,450g
5000119016546,Vegetable Oil,
03264614,Vegetable Samosas,
5010204194417,Vegetable Soup,400 g
5060178332223,Vegetable stock,500 ml
5050854977459,Vegetable Stock Cubes (12 x),120g
5054269483710,Vegetable Stock Pots,112 g
03232149,Vegetables & Beansprout stir fry,302g
5059697733710,vegetarian 2 vegetable & mozzarella cheeseburgers,2
5056053304744,Vegetarian Chorizo And Red Pepper Sausages,270g
5063250547942,"Vegetarian Pesto, Vegetable And Mozzarella Melts",
5054269804850,Vegetarian vegetable lasagna,
5000116108633,Veggie Burgers,250g
5060262489840,Veggie crystal rolls,200g
5060558350724,Veggie pot pie,300g
5059697762161,Vegtable chips caramelized onion,
5059697733307,Very Strong Bread Flour,1kg
5063446499598,Victoria Sponge Cake,
5057753897802,Viennese fingers,
5057008762985,Viennese thins,
03327456,Vietnamese inspired stir fry sauce,165g
5059697765766,Vindaloo curry sauce,340 g
0283508002350,Vintage Cheddar & Red Onion Chutney Bloomer,
5059512742248,Vintage Cheddar and Caramelised Onion Quiche,
0288508002355,Vintage cheddar boule,
5063250543753,Vintage Red Fox,
5031153338158,Vintage Red Fox,200 g
5054269079869,Wafer Thin Brunswick Ham,2 slices
5057967620722,Wafer thin cooked chicken,125g
5057967620661,Wafer thin cooked ham,
5063445796865,Wafer Thin Cooked Ham Slices,
5059697396946,Waffer Thin Roast Chicken,
5057753939717,Waffle cones,
5010228005690,Waffle fries,550g
5059697752551,Wagyu Beef Burgers,340 g
5059697398995,Wagyu Ribeye Steak,
5063250540509,Wagyu Sirloin Steak,
5000328013961,Walkers - Lightly Salted,45g
13917821,Walkers Cheese & Onion Crisps,25g
5059697710490,Walnut pieces,
5000119151063,Walnut Pieces,100 g
29157235,Walnut Pieces,
5051007115650,Walnuts,
5010044008622,Warburton's Wholemeal Sliced Loaf,800g
5063250531095,Warm & Creamy Peppercorn Sauce,
5063250552137,WAS REDUCED NOW 1.00 finest* DINE IN CREAMY Luxury,
03302859,Wasabi Peas,
5000119014436,Water Biscuits,
5010029000016,Weetabix,430 g
0070177229573,Wellbeing Collection,"20 = 4 x Sleep, Glow, Digest, Detox, Defence each"
5060298571670,Welsh Blossom Honey,227g
5059697686795,Welsh Butter,250g
5060026893036,Welsh Butter Chicken Curry,320g
5054402132147,Welsh lamb chops,300g
5057753915131,Wensleydale with cranberries,
5010137012505,Westbury Wiltshire Butter,250g
5000119117342,Wheat Biscuits,24x19g
5000237131763,Wheat crunchies Crispy Bacon 6pk,6 x 20g
03316818,Whipped Feta With Mint,
5057753937867,White Anchovy fillets,
5059697269387,White and wheat tortilla wraps,
5054268028677,white bloomer,400g
5054775347285,White Bread,800 g
5054269266207,White Bread,20 Slices
5063446498409,White bread mix with durum wheat sourdough,500g
0283697000953,White buns,
5059697394997,White Chocolate & Raspberry Cake,
0283909002003,White Chocolate And Raspberry Cookies,
5059697751530,White Chocolate Cake,
5053947312137,White Chocolate Chips,
5059697682919,White Chocolate Coins,62g
5053526421069,White chocolate cookies,
5059697751554,White Chocolate Flavoured Milk,
5063445795318,White Chocolate Hazelnut Snowballs,
11317531,White chocolate stars,
5059697258763,"White Chocolate, Raspberry & Pistachio Cheesecake",
5010044007847,White cob with sourdough,400g
5018374572981,White Cooking Chocolate,150 g
0283779001151,White Crusty Cob Sliced 400g,
5057545716045,White Fish Fillets,520g
5063250557149,White Hazelnut Spread,
5050179876512,White Hot Dog Rolls,6
10501795,White hot dog rolls,
5059316576568,white medium sliced,800g
5059697753800,White Rolls Sourdough,
5054775580187,White Sourdough Bloomer Bread,400g
5059697775499,White sourdough sandwich loaf,500g
0284214003952,White Sourdough Sliced Loaf 800g,
5057753934187,White stonebaked baguette,
03467626,White Sweet Potato Wedges,
5057967342044,White Tortilla Wraps,8 Pack
5057753912857,White Tortilla Wraps,
5057753909338,White wine Scottish mussels,2 x 250 g
5018374006844,Whole 3.7% Fat,
5052004920421,whole button mushrooms in water,285g
5018095000947,Whole Chestnuts,180 g
5057753925840,Whole chicken,
5052910215918,Whole chicken. Roast in the bag. Butter basted,1.5kg
5059697256363,Whole Hazelnut,
5000119092588,Whole milk,
5000436509134,Whole Milk,
5000436589341,Whole Milk,4 pints
29229109,Whole Oat Plant Based Vegan Drink,1 litre
5059697747380,Whole Roast Chicken,
50409334,"Whole sweet cucumbers, pickled",670g
5054268651714,Wholegrain Rice Cakes,
5057008025103,Wholegrain Spicy Rice,250 g
5057545430538,Wholemeal,
03012369,Wholemeal baps,
5057753897208,Wholemeal English Muffins,
5057545715673,Wholemeal Farmhouse,
5000119095282,Wholemeal Pittas,6
5057545619506,Wholemeal Toastie,
5057753924553,Wholemeal Tortilla Wraps,8
5052109835842,Wholetail Breaded Scampi,280g
5012246115856,Wholewheat Coucous,250 g
5054781971801,Wholewheat spaghetti,500 g
03340899,Wicked caesar wrap,
5057753932220,Wicked Kitchen Fajita Spiced Burrito,242 g
5057753939151,Wicked Kitchen Pink Beetroot Pesto,190 g
5059697258695,Wicked mac 2.0,
5059697704284,Wild garlic crispy chicken Kievs,
5063250537127,Wild Garlic Naan,
5063250535277,Wild Garlic Stuffed Chicken,
5057753914288,Willow Farms Chicken Thighs,
5057753923143,Wiltshire Cured Back Bacon Medallions,200g
5057373318022,Wiltshire Cured Ham,125g
5059697764028,Wiltshire Cured Ham,
5059697396373,Wiltshire Cured Ham,120 g
5059697699603,Wiltshire Ham And Cheddar,
5063446495859,Winslade Baking Cheese,
5063250550874,Winter Edition 10 Macarons,
8000300422559,Winter fondants,57g
7622210448101,Wispa Gold,48 g
7622201806811,wispa gold,48 g
5063445787115,Wood Fired Margherita Pizza,
5053947757426,"Wood fired rostello ham, chestnut mushrooms & mascarpone 12'' pizza",436g
5053947757341,"wood fired sunblush tomatoes, italian mozzarella & basil pesto 12'' pizza",427g
5054775751655,Woodside Unsmoked Streaky Bacon,275 g
5063445811223,Works ONDON TESCO FreeFROM GLUTEN FREE GOLDEN SYRU,
5057753930370,Xmas French Brie,
5000358966497,Yellow Split Peas,500g
5060482840544,Yellow Thai Curry,275g
5063250542190,Yellowfin Tuna Steak,
5036589204596,Yeo Valley Mango & Vanilla Yogurt,450g
5057545877654,Yoghurt 6 Pack,6x125g
5059512737190,Yogurt Coated Rice Cakes,
5057753902230,Yogurt Coated Rice Cakes,
5052109835194,Yogurt Coated Strawberry Fruit Bites,5 x 25 g
5063250538438,Yorkshire Pudding Wrap,
5057753941086,Yorkshire puddings,220g
5063250534621,Yuzu & Cherry Blossom Still Lemonade,
5000168009278,Yuzu Lemon Flavour Jaffa Cakes,109g
03309506,Zamli Dates,
5054267004825,Zero Pink Lemonade,380ml
5057753918415,Zesty orange Dark chocolate,100g
5063250550928,Zingy Chicken Strips,
5060812970071,Zizzi Rustica Margherita Classic Pizza,410g
