sainsburys-ham-hock-mature-cheddar-sandwich-taste-the-difference	g	992	236	9.3	3.6	22.4	4.3	1.5	15.1	1.05	2026-10-09	3
sainsburys-high-protein-chicken-salad-sandwich	g	701	166	4.0	0.6	18.7	1.5	2.6	12.6	0.53	2026-10-09	3
sainsburys-luxury-sandwich-platter-taste-the-difference-16-quarters	g	735	175	5.4	2.4	20.1	3.1	2.5	10.3	0.86	2026-10-09	3
sainsburys-mini-roll-platter-12-pieces	g	833	198	5.0	0.4	27.7	1.7	1.7	9.6	1.11	2026-10-09	3
sainsburys-new-yorker-inspired-sandwich-taste-the-difference	g	735	175	5.4	2.4	20.1	3.1	2.5	10.3	0.86	2026-10-09	3
sainsburys-no-mayo-ham-on-white-bread-sandwich	g	864	205	3.8	1.8	29.4	1.7	1.4	12.5	1.05	2026-10-09	3
sainsburys-party-sandwich-platter-24-quarters	g	880	209	5.5	3.0	27.3	2.0	1.7	11.8	1.20	2026-10-09	3
sainsburys-prawn-cocktail-on-rye-bread-sandwich-taste-the-difference	g	894	214	10.4	1.5	20.1	2.8	1.5	9.2	1.07	2026-10-09	3
sainsburys-red-leicester-ploughmans-sandwich	g	919	219	9.3	5.2	21.1	4.4	3.6	11.1	1.16	2026-10-09	3
sainsburys-salt-pepper-chicken-wrap	g	844	200	5.2	1.2	27.8	3.2	1.8	9.7	0.77	2026-10-09	3
sainsburys-smoked-ham-cheddar-on-malted-bread-sandwich	g	951	227	9.9	3.9	18.6	1.5	3.3	14.3	1.16	2026-10-09	3
sainsburys-southern-fried-chicken	g	961	229	9.5	2.5	27.5	3.3	1.8	7.6	0.56	2026-10-09	3
sainsburys-summer-picnic-triple	g	900	215	8.9	2.5	19.5	1.5	2.7	12.8	0.87	2026-10-09	3
sainsburys-tuna-sweetcorn-on-malted-bread-sandwich	g	713	170	5.0	0.6	18.3	2.1	3.5	11.2	0.56	2026-10-09	3
sainsburys-wrap-platter-16-pieces	g	1062	253	11.0	4.0	27.5	2.6	1.6	10.4	0.82	2026-10-09	3
tootoomoo-193g-sweet-spicy-korean-sushi-tacos	g	679	161	3.9	0.8	27.2	8.5	0.8	3.9	1	2026-10-09	3
tootoomoo-egg-chive-sando	g	1075	257	13.6	1.4	24.9	2.4	1.3	8.1	1	2026-10-09	3
tootoomoo-sriracha-pork-sando-sandwich	g	873	207	5.8	0.7	29.5	5.8	2	3.8	1.7	2026-10-09	3
tuk-in-180g-curry-in-a-naan-butter-chicken-wrap	g	837	199	7.1		21.4		1.9	11.4	1	2026-10-09	3
yo-20-pieces-sushi-veggie-favourites-platter	g	599	142	2.5	0.7	26	6.1	1.4	2.9	1.2	2026-10-09	3
yo-207g-prawn-katsu-avo-dragon-rolls-with-jalapeno-mayo	g	905	217	13	2.5	22	3.1	1.7	3.5	1.2	2026-10-09	3
yo-226g-veggie-selection	g	615	146	2.9	0.5	26	8.4	1.5	3.4	1.2	2026-10-09	3
yo-289g-rainbow-salmon-poke	g	667	158	4.1	1	25	5.4	0.7	5.4	0.9	2026-10-09	3
yo-crispy-vegan-sushi-platter-19-pieces	g	640	151	2.6	0.6	28	7.7	1	3.6	1.4	2026-10-09	3
yo-salmon-prawn-deluxe-sushi-platter-36-pieces	g	594	594	2.2	<0.5	24					2026-10-09	3
yo-sushi-mixed-rolls-sharer-20-pieces	g	703	703	5.3	1.3	24	4.1	1.4	5.4	1.3	2026-10-09	3
yo-sushi-salmon-prawn-deluxe-selection-36-pieces	g	742	742	6	1.2	25	4.5	<0.5	5.6	1.5	2026-10-09	3
sainsburys-225g-pesto-mozzarella-pasta	g	628	150	6.0	1.1	18.1	1.7	1.6	5.1	0.79	2026-10-09	3
sainsburys-300g-prawn-layered-pasta-salad	g	521	124	4.0	0.4	16.1	1.9	1.7	5.0	0.48	2026-10-09	3
sainsburys-800g-greek-inspired-whipped-feta-sharing-salad-taste-the-difference	g	826	198	12.8	3.5	14.4	1.6	2.0	5.4	0.62	2026-10-09	3
sainsburys-cheese-onion-deli-filler-385g	g	1171	283	25.3	8.6	4.3	0.6	<0.5	9.2	1.01	2026-10-09	3
sainsburys-coronation-chicken-deli-filler-385g	g	796	191	13.3	1.2	6.9	4.3	0.8	10.6	1.03	2026-10-09	3
sainsburys-egg-mayo-deli-filler-385g	g	746	180	13.8	2.6	3.9	<0.5	<0.5	9.7	0.75	2026-10-09	3
higgidy-cypriot-halloumi-hot-honey-rolls-x6-160g	g	1385	331	17.5	10.5	34.4	6.5	2.2	8.1	1.8	2026-10-09	3
sainsburys-sausage-roll-90g	g	1307	313	17.3	7.7	28.2	2.2	2.2	9.9	0.75	2026-10-09	3
tuk-in-100g-vegetable-samosa	g	853	204	10.4		24.6		2.3	4.3	0.9	2026-10-09	3
arla-protein-200g-blueberry-yogurt	g	302	71	<0.5	<0.5	6.4	6		10	<0.5	2026-10-09	3
m-ller-corner-strawberry-yogurt-136g	g	440	105	3.9	2.5	12.4	11.9		4.3	<0.5	2026-10-09	3
sainsburys-breaded-chicken-bites-x20-200g	g	1146	275	17.1	3.0	17.4	0.9	1.1	12.3	1.02	2026-10-09	3
sainsburys-buffalo-chicken-poppers	g	1182	283	17.4	3.0	17.6	3.2	2.3	13.1	1.09	2026-10-09	3
sainsburys-egg-bites-x12-216g	g	1267	304	19.8	4.1	21.7	1.6	1.5	9.0	0.96	2026-10-09	3
m-ller-light-fat-free-cherry-yogurt-160g	g	205	48	<0.5	<0.5	6.9	6.4		4.3	<0.5	2026-10-09	3
m-ller-light-fat-free-strawberry-yogurt-160g	g	218	51	<0.5	<0.5	7.8	7.1		4.2	<0.5	2026-10-09	3
muller-corner-banana-yogurt-with-chocolate-flakes-124g	g	572	136	4.8	3	18	15.2		4.5	<0.5	2026-10-09	3
sainsburys-210g-greek-style-berry-granola-yogurt	g	474	113	3.2	1.7	16.1	8.3	0.9	4.4	0.17	2026-10-09	3
love-corn-salt-vinegar-crunchy-corn-snack-45g	g	1793	426	12.7		67	0.5	9.4	7.9	1.1	2026-10-09	3
7up-zero-sugar-lemon-lime-bottle-500ml	ml	8	2	<0.1	<0.1	<0.1	<0.1		<0.1	<0.5	2026-10-09	3
coca-cola-cherry-500ml	?	195	46	<0.1	<0.1	11.4	11.4		<0.1	<0.5	2026-10-09	3
coca-cola-zero-sugar-330ml	?	2	1	<0.1	<0.1	<0.1	<0.1		<0.1	<0.5	2026-10-09	3
diet-coke-cola-330ml-can	?	2	1	<0.1	<0.1	<0.1	<0.1		<0.1	<0.1	2026-10-09	3
dr-pepper-500ml	ml	74	18	<0.1	<0.1	4.3	4.3		<0.1	<0.5	2026-10-09	3
fanta-fruit-twist-500ml	?	80	19	<0.1	<0.1	4.5	4.4		<0.1	<0.1	2026-10-09	3
irn-bru-soft-drink-500ml	ml	80	19	<0.1	<0.1	4.5	4.5		0.5	<0.5	2026-10-09	3
pepsi-max-cherry-no-sugar-cola-bottle-500ml	ml	3	1	<0.1	<0.1	<0.1	<0.1		<0.1	<0.1	2026-10-09	3
pepsi-max-no-sugar-cola-can-330ml	ml	2	1	<0.1	<0.1	<0.1	<0.1		<0.1	<0.1	2026-10-09	3
lipton-ice-tea-peach-flavoured-still-soft-drink-500ml	ml	56	13	<0.1	<0.1	3.1	3		<0.1	<0.5	2026-10-09	3
lucozade-energy-drink-orange-500ml	ml	148	148								2026-10-09	3
lucozade-zero-pink-lemonade-500ml	?	7	1.7	<0.1	<0.1	<0.5	<0.5		<0.1	<0.5	2026-10-09	3
capri-sun-orange-330ml	ml	81	19			4.4	4.4				2026-10-09	3
oasis-summer-fruits-500ml	ml	76	18	<0.1	<0.1	4.1	4		<0.1	<0.5	2026-10-09	3
ribena-blackcurrant-juice-drink-no-added-sugar-500ml	?	15	4	<0.1	<0.1	0.7	0.5		<0.1	<0.5	2026-10-09	3
red-bull-energy-drink-250ml	ml	195	46	<0.1	<0.1	11	11		<0.1	<0.5	2026-10-09	3
red-bull-energy-drink-473ml	ml	195	46	0	0	11	11		0	0.1	2026-10-09	3
red-bull-energy-drink-zero-250ml	ml	10	2	<0.1	<0.1	2	<0.1		<0.1	<0.5	2026-10-09	3
lucozade-sport-raspberry-500ml	?	113	27	<0.1	<0.1	6.3	3.5		<0.1	<0.5	2026-10-09	3
monster-energy-drink-mango-loco-500ml	ml	203	48			12	11			<0.5	2026-10-09	3
monster-energy-pipeline-punch-500ml	ml	153	36			9	8.5			<0.5	2026-10-09	3
evian-natural-bottled-mineral-still-water-500ml	?										2026-10-09	3
mac-b-lemon-lime-water-sugar-free-500ml	ml	4	1	<0.1	<0.1	<0.1	<0.1		<0.1	<0.5	2026-10-09	3
san-pellegrino-sparkling-natural-mineral-water-bottle-500ml	?										2026-10-09	3
vit-hit-detox-mandarin-green-tea-vitamins-500ml	ml	20	5	0.5	<0.5	0.6	0.6	0.5	0.5	<0.5	2026-10-09	3
volvic-touch-of-fruit-strawberry-flavoured-water-750ml	ml	41	10	<0.1	<0.1	2.3	2.3		<0.1	<0.5	2026-10-09	3
big-hoops-salted-grab-bag-crisps-45g	g	2118	506	27	2.4	62	0.5	2.9	3.2	1.6	2026-10-09	3
mccoy-s-salt-malt-vinegar-grab-bag-crisps-45g	g	2210	529	31	2.5	54	1.9	3.9	6.5	2.1	2026-10-09	3
nik-naks-nice-n-spicy-grab-bag-crisps-45g	g	2361	566	36	3.3	53	4.3	0.5	6.1	1.8	2026-10-09	3
pringles-original-crisps-can-40g	?	2214	530	31	3	55	0.9	3.5	6.1	1	2026-10-09	3
walkers-baked-cheese-onion-crisps-snacks-37-5g	g	1840	437	13	1.4	72	7.3	6.2	6.1	0.9	2026-10-09	3
walkers-baked-salt-vinegar-crisps-snacks-37-5g	g	1829	435	13	1.4	72	5.8	6.1	5.9	0.9	2026-10-09	3
walkers-cheese-onion-crisps-45g	g	2137	512	29	2.4	53	2.6	4	6.6	1.2	2026-10-09	3
walkers-monster-munch-roast-beef-grab-bag-crisps-40g	g	82410	19710	1014	1	23.6	1.3	0.7	2.8	0.7	2026-10-09	3
walkers-ready-salted-crisps-45g	g	2167	519	31	2.3	52	<0.5	4.3	6.4	1.2	2026-10-09	3
propercorn-30g-sweet-salty-popcorn	g	1944	465	20.4		56.5		12.6	7.6	0.7	2026-10-09	3
snack-a-jacks-salt-vinegar-rice-cakes-crisps-23g	g	1784	423	9.9	1.2	74	2	2.9	6.5	1.1	2026-10-09	3
ginsters-130g-bbq-pork-sausage-roll-limited-edition	g	1639	394	28.8	12.3	24.5	4.1	1.5	8.5	0.7	2026-10-09	3
ginsters-large-sausage-roll-130g	g	1534	369	26.8	11.5	21.8	0.9	1.6	9.3	1.1	2026-10-09	3
happy-belly-158g-all-day-breakfast-scotch-egg	g:rams	1000	240	16.3	4.6	10.2	2.7		13.1	0.7	2026-10-09	3
higgidy-130g-extra-mature-cheddar-caramelised-onion-chutney-roll	g	1413	339	20.4	11.7	26.9	2.6	2.1	10.8	1	2026-10-09	3
higgidy-130g-extra-mature-cheddar-spring-onion-savoury-scone-bites	g	1038	248	11.5	3.3	26.7	3.3	1.6	8.6	1.4	2026-10-09	3
higgidy-155g-greek-feta-marinated-tomato-frittata	g	594	142	6.1	2.7	12.4	3.9	1.9	8.7	0.8	2026-10-09	3
higgidy-great-british-pork-onion-sausage-rolls-160g	g	1617	388	24.9	12.4	30.5	1.8	1.9	9.5	1.5	2026-10-09	3
sainsburys-1-3kg-party-size-pork-chicken-wiltshire-cured-ham-pie-taste-the-difference	g	1241	298	20.9	7.7	13.4	0.7	1.0	13.6	0.94	2026-10-09	3
sainsburys-113g-scotch-egg	g	919	220	12.2	3.4	15.9	0.8	1.0	11.1	0.76	2026-10-09	3
sainsburys-150g-tomato-mozzarella-pesto-mini-muffins-taste-the-difference	g	1155	277	17.0	8.7	20.0	4.4	1.5	10.1	0.76	2026-10-09	3
sainsburys-18-x-pork-cocktail-sausages-taste-the-difference-198g	g	1368	330	25.9	10.1	9.2	1.4	<0.5	14.9	1.48	2026-10-09	3
sainsburys-1kg-bbq-pork-belly-bites-with-a-sweet-sticky-bbq-glaze-taste-the-difference	g	1401	337	24.5	9.5	9.7	9.1	<0.5	19.4	0.78	2026-10-09	3
sainsburys-cheese-bacon-snack-rolls-x9-270g	g	1341	321	19.7	10.0	27.1	2.0	1.3	8.3	1.04	2026-10-09	3
sainsburys-cheese-onion-rolls-x6-360g	g	1223	293	16.8	9.0	28.2	2.1	1.4	6.5	0.65	2026-10-09	3
sainsburys-free-from-6-x-mini-sausage-rolls-180g	g	1447	347	21.2	9.4	30.6	2.0	1.8	7.6	1.17	2026-10-09	3
sainsburys-mini-chicken-kyivs-sharing-selection-24-pieces	g	978	234	12.8	3.0	13.9	<0.5	1.1	15.2	0.52	2026-10-09	3
sainsburys-mini-sausage-rolls-x20-200g	g	1299	311	17.6	7.7	27.9	1.6	1.6	9.5	0.89	2026-10-09	3
sainsburys-pork-apple-cocktail-sausages-taste-the-difference-x18-198g	g	1142	275	19.7	7.3	6.5	6.0	2.6	16.6	1.29	2026-10-09	3
the-jolly-hog-proper-sausage-roll-with-british-pork-all-butter-pastry-115g	g	2	332	22	8.3	24	2.8	2.2	11	1.8	2026-10-09	3
wall-s-120g-vegan-jumbo-sausage-roll	g	1207	289	14.7	5.2	29.9	1.8	2.1	8.2	1.5	2026-10-09	3
sainsburys-sausage-rolls-x2-120g	g	1309	314	17.9	7.9	27.5	2.3	2.2	9.6	0.76	2026-10-09	3
sainsburys-scotch-eggs-x2-226g	g	919	220	12.2	3.4	15.9	0.8	1.0	11.1	0.76	2026-10-09	3
sainsburys-soft-set-scotch-eggs-taste-the-difference-x2-260g	g	1080	259	17.6	4.7	10.4	0.7	0.5	14.5	0.69	2026-10-09	3
sainsburys-ultimate-pork-sausage-rolls-taste-the-difference-270g	g	1323	317	20.0	9.4	22.6	1.7	1.6	10.9	0.90	2026-10-09	3
sainsburys-pork-cocktail-sausages-200g	g	1136	273	19.4	6.9	11.9	1.4	1.4	12.0	1.14	2026-10-09	3
sainsburys-pork-sausage-rolls-summer-edition-taste-the-difference-x4-188g	g	1516	364	24.6	12.0	25.6	1.6	1.4	9.5	0.72	2026-10-09	3
wall-s-cheese-onion-rolls-x4-220g	g	1284	307	17.3	9	28.3	2.3	2.3	8.5	0.8	2026-10-09	3
wall-s-pork-sausage-rolls-x10-550g	g	1388	332	19.3	8.3	30.6	1.9	1.9	8.5	1.5	2026-10-09	3
wall-s-snack-sausage-rolls-x10-270g	g	1368	328	18.9	8.4	29.2		1.8	9.3	1.5	2026-10-09	3
belazu-135g-semi-dried-slow-roasted-puglian-balsamic-tomatoes	g	1266	306	25.8	2.4	13.8	11.2	2.7	2.6	1.2	2026-10-09	3
belazu-140g-halkidiki-lemon-coriander-colossal-olives	g	962	234	24.2	2.5	1.2	<0.5	2.9	1.8	2.5	2026-10-09	3
olly-s-200g-chimichurri-halkidiki-olives	g	681	166	16.8	2.4	<0.5	<0.5	4.5	1.3	3.6	2026-10-09	3
olly-s-200g-smoky-red-pepper-halkidiki-volos-olives	g	905	220	22.3	2.9	1.5	1.2	4	1.4	2.8	2026-10-09	3
sainsburys-160g-mediterranean-chargrilled-vegetables-taste-the-difference	g	391	94	7.3	0.6	5.4	5.2	1.5	1.0	0.67	2026-10-09	3
sainsburys-160g-spanish-olives-pickles-taste-the-difference	g	548	133	12.6	1.7	3.1	2.2	1.8	1.0	2.26	2026-10-09	3
sainsburys-chargrilled-italian-artichokes-taste-the-difference-140g	g	792	192	17.0	1.3	5.9	0.9	3.8	1.9	1.47	2026-10-09	3
sainsburys-falafels-summer-edition-taste-the-difference-144g	g	1048	252	14.8	1.2	19.9	1.9	5.5	7.0	1.14	2026-10-09	3
sainsburys-garlic-herb-green-olives-265g	g	558	136	13.0	2.0	2.0	<0.5	2.8	1.2	3.17	2026-10-09	3
sainsburys-halved-kalamata-olives-inspired-to-cook-100g	g	1009	245	25.0	2.7	2.3	<0.5	2.5	1.5	3.65	2026-10-09	3
sainsburys-king-prawns-sunblush-tomatoes-pesto-taste-the-difference-150g	g	582	140	8.8	1.3	2.1	1.9	0.8	12.6	2.40	2026-10-09	3
sainsburys-mixed-olives-greek-feta-285g	g	1002	243	23.9	4.3	1.9	<0.5	2.6	3.8	2.41	2026-10-09	3
sainsburys-pimento-stuffed-olives-with-spanish-cheese-160g	g	1094	265	25.9	6.5	2.0	<0.5	1.7	5.3	2.15	2026-10-09	3
sainsburys-pugliese-burrata-with-sunsoaked-tomatoes-taste-the-difference-340g	g	1033	249	21.1	13.2	2.5	<0.5	<0.5	12.2	0.45	2026-10-09	3
sainsburys-red-yellow-chargrilled-peppers-inspired-to-cook-115g	g	397	96	8.8	0.7	2.8	2.4	1.4	0.8	0.70	2026-10-09	3
sainsburys-sliced-gherkins-inspired-to-cook-110g	g	330	79	5.0	0.4	7.5	6.7	0.9	0.5	1.41	2026-10-09	3
sainsburys-spanish-tortilla-with-flaked-piment-n-taste-the-difference-300g	g	608	146	8.3	1.4	11.5	1.8	1.7	5.4	0.89	2026-10-09	3
sainsburys-sundried-tomatoes-inspired-to-cook-100g	g	812	196	14.9	1.5	8.6	7.2	5.7	4.1	3.02	2026-10-09	3
the-cultured-collective-fennel-apple-dill-sauerkraut-235g	g	127	30	<0.1	<0.1	3.5	2.7	3.1	1.4	2.5	2026-10-09	3
unearthed-120g-italian-style-selection-platter	g	1185	285	22	10	1.9	0.5	0.8	21	3.6	2026-10-09	3
unearthed-130g-mediterranean-mixed-olives	g	989	241	25	3.3	1.7	0.5	2.4	1	2.6	2026-10-09	3
unearthed-140g-nocellara-kalamata-olives	g	947	230	23	3.4	2.2	0.5	2.4	1.4	3	2026-10-09	3
unearthed-green-olives-gouda-cheese-330g	g	780	189	17	4.7	1.9	0.5	2.6	5.6	2.8	2026-10-09	3
unearthed-rosemary-black-pepper-olives-342g	g	747	181	18	2.3	1.7	0.5	3.1	1.3	2.7	2026-10-09	3
unearthed-spanish-potato-tortilla-250g	g	608	145	7.1	1.2	15	1.6	1.8	5.2	0.8	2026-10-09	3
unearthed-spanish-spinach-tortilla-500g	g	577	138	7.1	1.2	13	1.2	1.9	5.1	0.8	2026-10-09	3
unearthed-stuffed-green-peppers-150g	g	633	153	14	8.2	2.9	0.5	2.1	2.9	1.9	2026-10-09	3
vadasz-hot-chunky-kimchi-400g	g	70	17	0.5	<0.5	2.2	0.5	1.2	0.8	2	2026-10-09	3
vadasz-super-beet-kimchi-400g	g:as drained	90	22	<0.5	<0.5	1.7	<0.5	4	1	2.4	2026-10-09	3
sainsburys-garlic-herb-green-olives-160g	g	678	164	16.2	2.5	2.1	<0.5	2.3	1.3	2.72	2026-10-09	3
sainsburys-mixed-olives-greek-feta-160g	g	1115	271	27.1	4.3	2.0	<0.5	2.4	3.6	2.28	2026-10-09	3
sainsburys-sausage-rolls-x9-270g	g	1322	317	19.1	8.8	26.8	1.7	1.5	8.8	0.73	2026-10-09	3
sainsburys-sausage-rolls-x6-360g	g	1309	314	17.9	7.9	27.5	2.3	2.2	9.6	0.76	2026-10-09	3
wall-s-120g-high-protein-sausage-roll	g	1057	252	10.2	4.6	25.7	2.3	2.1	13.3	0.8	2026-10-09	3
sainsburys-marinated-anchovies-taste-the-difference-145g	g	824	198	13.1	1.4	0.8	<0.5	<0.5	19.2	2.93	2026-10-09	3
vadasz-raw-kimchi-400g	g	63	15	<0.5	<0.5	1	0.5	1.8	1.1	2.1	2026-10-09	3
actimel-8-x-100g-simple-immune-support-natural-yoghurt-drink	g	193	46	1.6	1	4.2	4.2	<0.1	3.7	<0.5	2026-10-09	3
actimel-kids-strawberry-banana-yoghurt-drink-4x100g	g	262	62	1.4	0.9	8.9			3.3	<0.5	2026-10-09	3
actimel-original-0-added-sugar-fat-free-yogurt-drink-8x100g	g	115	27	<0.5	<0.1	3	3	<0.5	2.7	<0.5	2026-10-09	3
actimel-strawberry-0-added-sugar-fat-free-yogurt-drink-8x100g	g	116	27	<0.5	<0.1	3.2	3	<0.5	2.6	<0.5	2026-10-09	3
actimel-triple-action-strawberry-pomegranate-yoghurt-drink-8-x-100g	g	309	73	1.4	1	11	11	1	2.8	<0.5	2026-10-09	3
activia-280ml-kefir-mango-gut-health-fruit-yoghurt-drink	g	306	73	3.1	2	8.1	8		3.1	<0.5	2026-10-09	3
activia-8-x-115g-rhubarb-mixed-fruit-8-x-115g-low-gut-health-yoghurt	g	381	91	2.8	1.9	12	12	<0.5	3.8	<0.5	2026-10-09	3
activia-8-x-115g-vanilla-peach-passion-berries-multipack-gut-health-yoghurt	g	381	91	2.8	1.9	12	12	<0.5	3.8	<0.5	2026-10-09	3
activia-fibre-walnut-oat-gut-health-breakfast-yoghurt-multipack-4-x-115g	g	418	100	3.1	1.7	13		1.5	4.1	<0.5	2026-10-09	3
activia-fusions-prune-gut-health-fruit-yoghurt-multipack-4-x-120g	g	419	99	2.7		15.1			3.5		2026-10-09	3
activia-gut-health-400g-natural-high-protein-probiotic-yoghurt	g	299	71	3.5	2.3	5.3	5.3	<0.1	4.7	<0.5	2026-10-09	3
activia-peach-fat-free-no-added-sugar-gut-health-fruit-yoghurt-multipack-4-x-115g	g	206	49	<0.5	<0.1	7.2			4.7	<0.5	2026-10-09	3
activia-strawberry-gut-health-fruit-yoghurt-multipack-4-x-115g	g	379	90	2.8	1.9	12			3.9	<0.5	2026-10-09	3
aero-creations-milk-chocolate-mousse-4x57g	g	876	207	11.6		18.8		2.3	5.6	<0.5	2026-10-09	3
alpro-150g-lemon-cheesecake-flavour-dessert	g	299	71	2.1	<0.5	8.7	8.4	0.8	3.7	<0.5	2026-10-09	3
alpro-kids-strawberry-soya-dairy-free-yoghurt-alternatives-4-x-115g	g	265	63	2	<0.5	7	6.6	1	3.6	<0.5	2026-10-09	3
arla-protein-200g-raspberry-yogurt	g	302	71	<0.5	<0.5	6.4	6		10	<0.5	2026-10-09	3
arla-protein-passionfruit-papaya-yogurt-200g	g	305	72	<0.5	<0.5	6.6	6.3		10	<0.5	2026-10-09	3
arla-skyr-natural-icelandic-style-yogurt-450g	g	255	60	<0.2	<0.1	4	4	<0.1	10	<0.5	2026-10-09	3
arla-skyr-vanilla-icelandic-style-yogurt-450g	g	309	73	<0.5	<0.5	8.6	7.5	<0.1	8.6	<0.5	2026-10-09	3
benecol-original-no-added-sugar-yogurt-drink-6x67-5g	g	241	57	1.9	<0.5	7.1	6.9		2.8	<0.5	2026-10-09	3
benecol-peach-yogurt-4x115g	g	299	71	1.5	<0.5	10	8.9		3.8	<0.5	2026-10-09	3
benecol-strawberry-yogurt-4x115g	g	297	70	1.5	<0.5	9.7	8.7		3.9	<0.5	2026-10-09	3
benecol-yogurt-drink-strawberry-6x67-5g	g	220	52	2	<0.5	5.4	5.4		2.9	<0.5	2026-10-09	3
bio-me-280ml-vanilla-matcha-energise-kefir-yoghurt-drink	ml	275	71	3	2.3	6	5.8		3.4	<0.5	2026-10-09	3
bio-me-kefir-live-yoghurt-original-350g	g	330	79	3	2.6	7	7	2	5	<0.5	2026-10-09	3
biotiful-gut-health-450g-greek-style-recipe-kefir	g	330	330	3	1.9	3.9			9	<0.5	2026-10-09	3
biotiful-gut-health-kefir-drink-honey-ginger-250ml	ml	270	64	2.6	1.8	6.9			3.3	<0.5	2026-10-09	3
biotiful-gut-health-kefir-natural-yogurt-original-1kg	g	317	75	2	1.4	7.4			6	<0.5	2026-10-09	3
biotiful-gut-health-kefir-yogurt-madagascan-vanilla-350g	g	313	75	1.8	1.1	9.1			5.3	<0.5	2026-10-09	3
bluey-85g-strawberry-fromage-frais-yogurt	g	325	78	3.1	2.2	7.2	6.5			<0.5	2026-10-09	3
bonne-maman-450g-pear-vanilla-yoghurt	g	478	113	3.2	1.9	17.7	16.7	0.6	3.2	<0.5	2026-10-09	3
bonne-maman-yoghurt-with-a-rhubarb-layer-4x115g	g	441	105	3.3	2	15.2	14.5	0.6	3.4	<0.5	2026-10-09	3
cadbury-dairy-milk-4-x-75g-mini-eggs-dessert	g	1151	275	12.7	7.2	35.8	29.6	0.8	4	<0.5	2026-10-09	3
danone-skyr-450g-high-protein-0-fat-natural-yogurt	g	216	51	<0.5	<0.5	3.4	3.4		9	<0.5	2026-10-09	3
fage-fruits-coconut-thick-smooth-strained-yoghurt-380g	g	483	116	5.2	4	9.8	9.2		7.3	<0.5	2026-10-09	3
fage-fruits-strawberry-strained-yoghurt-380g	g	447	106	4	2.9	10.3	9.2		7.3	<0.5	2026-10-09	3
fage-total-150g-0-fat-free-greek-recipe-strained-honey-yoghurt	g	476	112	<0.1		19.7		<0.1	8.3		2026-10-09	3
fage-total-150g-0-fat-natural-fat-free-greek-recipe-strained-yoghurt	g	230	54	<0.1	<0.1	3	3		10.3	<0.5	2026-10-09	4
fage-total-5-fat-natural-greek-recipe-strained-yoghurt-450g	g	389	93	5	3.6	3	3		9	<0.5	2026-10-09	4
fage-trublend-150g-blueberry-yoghurt	g	316	76	1.6	1	5	4.3		8	<0.5	2026-10-09	4
for-goodness-shakes-high-protein-chocolate-flavour-shake-471ml	ml	280	66	0.5	<0.5	5		0.5	10.6	<0.5	2026-10-09	4
frubes-kids-strawberry-yoghurt-tubes-9x37g	g	370	88	2.7	1.8	11	9.9		3.8	<0.5	2026-10-09	4
graham-s-protein-25g-high-protein-strawberry-yogurt-200g	g	348	83	<0.5		7.5			12.4	<0.5	2026-10-09	4
lancashire-farm-125g-greek-style-strawberry-yoghurt	g	524	126	7.9	4.9	10.7	9.9	0.5	2.9	<0.5	2026-10-09	4
lancashire-farm-greek-style-fat-free-yogurt-1kg	g	243	57	<0.5	<0.5	5.3	4.2	0.5	8.1	<0.5	2026-10-09	4
sainsburys-kitchen-deli-basil-pesto-chicken-avocado-wrap	g	950	227	11.9	2.9	18.8	1.7	1.7	10.4	0.81	2026-10-09	4
sainsburys-90g-free-range-egg-pot	?	589	141	9.1	2.9	1.4	<0.5	<0.5	13.3	0.20	2026-10-09	4
sainsburys-seafood-cocktail-deli-filler-220g	g	684	164	11.9	0.9	9.2	3.9	<0.5	4.9	1.15	2026-10-09	4
sainsburys-tuna-sweetcorn-deli-filler-385g	g	758	182	13.2	1.1	7.2	2.1	<0.5	8.5	0.78	2026-10-09	4
sainsburys-cheese-onion-deli-filler-220g	g	1171	283	25.3	8.6	4.3	0.6	<0.5	9.2	1.01	2026-10-09	4
sainsburys-pesto-parmesan-pasta-taste-the-difference-185g	g	858	205	10.0	2.6	21.6	1.2	1.2	6.5	0.90	2026-10-09	4
sainsburys-tangy-tomato-basil-pasta-470g	g	613	146	4.0	0.3	22.7	4.6	1.0	4.1	0.92	2026-10-09	4
light-free-rasberry-greek-style-0-added-sugar-fat-free-yogurt-4x115g	g	212	212	<0.5	<0.1	7.5	6.5	1.1	4.3	<0.5	2026-10-09	4
lindahls-150g-protein-immunity-strawberry-flavour-yoghurt	g	257	61	<0.5		3			12	<0.5	2026-10-09	4
m-ller-bliss-mascarpone-white-chocolate-raspberry-amaretto-yogurt-4-x-100g	g	503	120	4.8	2.7	15.3	13.4		3.3	<0.5	2026-10-09	4
m-ller-corner-124g-flipz-yoghurt	g	568	136	3.4	1.9	19.3	15.7		5.1	<0.5	2026-10-09	4
m-ller-corner-124g-oreo-yoghurt	g	529	125	3	1.3	19	15.5		4.9	<0.5	2026-10-09	4
m-ller-corner-chocolate-digestive-strawberry-shortcake-yogurts-6x124g	g	623	148	5.6	3.1	19.3	15.7		4.5	<0.5	2026-10-09	4
m-ller-corner-strawberry-peach-apricot-yogurts-6x136g	g	440	105	3.9	2.5	12.4	11.9		4.3	<0.5	2026-10-09	4
m-ller-light-170g-low-fat-greek-style-yogurt-mango-passion-fruit-compote-with-granola	g	484	115	2	0.5	16.2	10.9		6.1	<0.5	2026-10-09	4
m-ller-light-greek-style-coconut-with-a-hint-of-vanilla-yogurt-4x115g	g	266	63	0.5	<0.5	7.5	6.7		6.3	<0.5	2026-10-09	4
m-ller-light-greek-style-sublime-strawberry-yogurt-4x115g	g	262	62	<0.5	<0.5	7.8	7.2		6.4	<0.5	2026-10-09	4
m-ller-myprotein-210g-strawberry-protein-yoghurt	g	289	68	<0.5	<0.5	5.7	3.1		9.6	<0.5	2026-10-09	4
m-ller-myprotein-high-protein-strawberry-yogurt-with-granola	g	514	121	1.5	<0.5	14.7	9.5		11.2	<0.5	2026-10-09	4
m-ller-rice-high-protein-vanilla-dessert-180g	g	426	100	2.3	1.4	12.1	5.9		7.7	<0.5	2026-10-09	4
m-ller-x-myprotein-140g-strawberries-cream-mixers-yogurt	g	403	95	1.9	1.2	7.5	2.9		11	<0.5	2026-10-09	4
milkybar-white-chocolate-mousse-4x55g	g	534	127	4		17.6			4.9	<0.5	2026-10-09	4
muller-corner-136g-tropical-fruits-yogurt-limited-edition	g	460	109	2	1	18.3	17.4		3.8	<0.5	2026-10-09	4
muller-light-citrus-fat-free-yogurts-6x140g	g	242	57	0.5	<0.5	7.8	7.2		5.5	<0.5	2026-10-09	4
munch-bunch-squashums-yogurt-strawberry-5x60g	g	318	76	2.7		9.2			2.9	<0.5	2026-10-09	4
nomadic-169g-strawberry-yogurt-oat-clusters	g	748	178	6	1.2	25	11.9	2.1	4.8	<0.5	2026-10-09	4
odysea-500g-real-greek-10-fat-yoghurt	g	540	130	10	7.5	3.5	3.5	<0.1	6.5	<0.5	2026-10-09	4
onken-fat-free-strawberry-yogurt-450g	g	315	74	<0.5	<0.5	12.3	11.1		4.6	<0.5	2026-10-09	4
onken-kids-4-x-raspberry-banana-yogurt-90g	g	334	80	3.1	1.8	7.8	7.6		4.4	<0.5	2026-10-09	4
onken-natural-set-yogurt-450g	g	298	71	3.7	2.4	5.6	5.6		3.9		2026-10-09	4
oykos-peach-luxury-greek-style-yogurt-4x110g	g	541	130	7.8	5	12	12	<0.5	2.6	<0.5	2026-10-09	4
paw-patrol-kids-strawberry-yoghurt-pots-6x45g	g	362	86	2.4	1.6	9.9	9.4		5.3	<0.5	2026-10-09	4
petits-filous-4-x-vanilla-flavour-greek-style-kids-yoghurt-pouch-85g	g	285	68	2.6	1.8	7	6.3		3.2	<0.5	2026-10-09	4
petits-filous-kids-strawberry-apricot-yoghurt-6x47g	g	356	85	2.4	1.6	9.5	8.9		5.4	<0.5	2026-10-09	4
petits-filous-kids-strawberry-yoghurt-drink-4x100g	g	266	63	0.8	0.5	9.9	9.9		3	<0.5	2026-10-09	4
piatnica-vanilla-fromage-frais-150g	g	577	138	6.3	4.4	13	13		7.2	<0.5	2026-10-09	4
rachel-s-organic-greek-style-honey-yogurt-450g	g	517	124	7.1	4.5	12	11.3		3.1	<0.5	2026-10-09	4
rachel-s-organic-greek-style-yogurt-rhubarb-450g	g	533	128	7.1	4.4	12.7	12.2		3.1	<0.5	2026-10-09	4
sainsburys-140g-eton-mess-yogurt-taste-the-difference	g	639	152	4.9	3.2	23.1	20.2	0.6	3.5	0.09	2026-10-09	4
sainsburys-144g-lemon-meringue-yogurt-taste-the-difference	g	768	183	6.9	4.3	26.2	21.7	<0.5	3.8	0.21	2026-10-09	4
sainsburys-160g-high-protein-vanilla-yoghurt	g	362	85	<0.5	<0.1	9.6	8.0	<0.5	10.6	0.06	2026-10-09	4
sainsburys-350g-berry-almond-kefir-overnight-oats	g	533	127	4.0	1.2	16.4	7.5	5.6	3.7	0.04	2026-10-09	4
sainsburys-4-x-125g-selection-pack-yogurt-taste-the-difference	g	516	123	6.8	4.6	12.9	10.9	<0.5	2.7	0.07	2026-10-09	4
sainsburys-authentic-fat-free-greek-yogurt-taste-the-difference-500g	g:serving	278	66	<0.5	<0.1	5.7	4.0	<0.5	9.6	0.20	2026-10-09	4
sainsburys-cholesterol-lowering-drink-original-6x100g	g:reference intake			2	1	1	3		5	1	2026-10-09	4
sainsburys-fab-creamy-hazelnut-yogurt-150g	g	422	100	2.0	0.9	14.9	12.5	<0.5	5.3	0.11	2026-10-09	4
sainsburys-fat-free-natural-yogurt-500g	g:reference intake			<1	1	2	7		10	3	2026-10-09	4
sainsburys-fruit-fool-lemon-114g	g	794	190	12.2	8.0	17.3	14.3	<0.5	2.9	0.06	2026-10-09	4
sainsburys-greek-style-honey-yogurt-450g	g	505	121	6.2	4.3	12.1	11.1	<0.5	4.2	0.08	2026-10-09	4
sainsburys-greek-style-natural-yogurt-1kg	g:serving	423	102	7.6	5.1	4.2	4.2	<0.5	4.0	0.10	2026-10-09	4
sainsburys-kefir-plain-drinking-yogurt-500ml	ml	251	60	2.6	1.7	4.0	4.0	3.0	3.7	0.09	2026-10-09	4
sainsburys-mixed-yellow-fruit-yogurt-6x125g	g	349	83	1.2	0.8	13.9	12.7	<0.5	4.0	0.11	2026-10-09	4
sainsburys-natural-yogurt-500g	g:serving	340	81	3.8	2.5	6.6	6.6	<0.5	5.1	0.18	2026-10-09	4
sainsburys-rhubarb-custard-yogurt-summer-edition-taste-the-difference-150g	g	567	136	7.2	4.9	14.6	12.8	<0.5	3.0	0.06	2026-10-09	4
sainsburys-west-country-creamy-fudge-yogurt-taste-the-difference-150g	g	607	145	7.4	4.8	16.6	16.6	<0.5	2.8	0.11	2026-10-09	4
sainsburys-west-country-spanish-honey-ginger-yogurt-taste-the-difference-150g	g	597	143	7.7	5.1	15.0	13.8	<0.5	3.4	0.07	2026-10-09	4
siggi-s-skyr-450g-natural-5-fat-icelandic-style-yogurt	g	399	95	5	3.3	3.9	3.9		8.8	<0.5	2026-10-09	4
ski-smooth-strawberry-raspberry-yogurt-4x120g	g	360	86	2.8		11.7			3.4	<0.5	2026-10-09	4
strings-things-yollies-yogurt-lollies-strawberry-flavour-4x25g	g	709	169	4.8		27		1.5	5.5	<0.5	2026-10-09	4
the-collective-gourmet-raspberry-greek-style-yoghurt-425g	g	531	127	4.9	3	14.5	13.1		4.9	<0.5	2026-10-09	4
the-collective-great-dairy-90g-blueberry-oats-suckies-tummy-goodness-kids-yoghurt	g	287	73	2.2	1.5	8.8	6.1	2.5	3.4	<0.5	2026-10-09	4
the-collective-suckies-peach-apricot-kids-yoghurt-pouch-90g	g:pouch	324	77	2.8	2	9.3	7.8		3.6	<0.5	2026-10-09	4
the-collective-suckies-strawberry-kids-yoghurt-pouch-90g	g:pouch	331	79	2.9	1.9	9	8		3.7	<0.5	2026-10-09	4
the-estate-dairy-125g-strawberry-rhubarb-compote-greek-style-yogurt	g	591	142	7.3	5.3	11.7	9.4		7.6	<0.5	2026-10-09	4
tims-dairy-greek-style-raspberry-bio-live-yogurt-450g	g	583	140	8.5	5.3	11.3	7.5	<0.5	5	<0.5	2026-10-09	4
wildlife-choobs-kids-strawberry-raspberry-apricot-yoghurt-tubes-6x37g	g	370	88	2.7	1.8	11	9.9		3.8	<0.5	2026-10-09	4
wildlife-kids-strawberry-peach-yoghurt-pots-18x45g	g	374	89	2.4	1.6	10.6	10	<0.5	5.3	<0.5	2026-10-09	4
yakult-original-8x65ml	ml	280	66	<0.1	<0.1	15.4	13.6		1.3	<0.5	2026-10-09	4
yeo-valley-organic-greek-style-natural-yogurt-150g	g	481	115	8.3	5.5	4.9	4.9		4.5		2026-10-09	4
yeo-valley-organic-kefir-mango-passion-fruit-yogurt-pack-4x100g	g	341	81	2	1.3	11.6	9.7		4	<0.5	2026-10-09	4
yeo-valley-organic-kefir-raspberry-yogurt-pack-4x100g	g	333	79	1.9	1.2	11.3	9.8		4.2	<0.5	2026-10-09	4
actimel-multifruit-cultured-yogurt-drink-12x100g	g	288	68	1.4	1	9.7	9.5	1	2.9	<0.5	2026-10-09	4
actimel-strawberry-blueberry-cultured-yogurt-drink-12x100g	g	300	71	1.4	1	10	9.9	1.1	2.9	<0.5	2026-10-09	4
activia-8-x-115g-strawberry-mixed-fruit-multipack-gut-health-yoghurt	g	370	370	2.9	2	11.7	11.7		3.8	<0.5	2026-10-09	4
m-ller-light-red-fruits-fat-free-yogurts-6x140g	g	218	51	0.5	<0.5	7.1	6.4		4.9	<0.5	2026-10-09	4
yeo-valley-organic-kefir-mango-passion-fruit-500ml	ml	278	66	1.6	1	9.2	7.7		3.5	<0.5	2026-10-09	4
muller-light-fat-free-vanilla-yogurt-with-chocolate-sprinkles-160g	g	228	54	0.5	<0.5	7.4	7.1		4.3	<0.5	2026-10-09	4
little-yeos-6-x-45g-greek-style-organic-natural-yogurts	g	481	115	8.3	5.5	4.9	4.9		4.5		2026-10-09	4
rachel-s-organic-greek-style-coconut-yogurt-450g	g	560	134	8.7	5.3	10.7	9.9		3	<0.5	2026-10-09	4
yeo-valley-greek-recipe-0-strain-natural-yogurt-850g	g	241	57	0.5	<0.5	3.5	3.5		10		2026-10-09	4
yeo-valley-greek-recipe-5-strain-natural-yogurt-850g	g	398	95	5	3.4	3.5	3.5		9		2026-10-09	4
yeo-valley-organic-200g-mango-greek-yogurt	g	483	115	4.6	2.9	9.8	7.5		8.7		2026-10-09	4
yeo-valley-organic-350g-strawberry-kefir-yoghurt	g	332	79	1.9	1.3	11.1	9.5		4.2	<0.5	2026-10-09	4
yeo-valley-organic-450g-mediterranean-lemon-greek-style-yogurt	g	512	123	7.4	4.8	9.9	8.3		4.1		2026-10-09	4
yeo-valley-organic-450g-vanilla-whole-milk-yogurt	g	395	94	3.4	2.3	11.8	10.7		3.9		2026-10-09	4
yeo-valley-organic-greek-style-natural-yogurt-450g	g	481	115	8.3	5.5	4.9	4.9		4.5		2026-10-09	4
yeo-valley-organic-greek-style-natural-yogurt-950g	g	481	115	8.3	5.5	4.9	4.9		4.5		2026-10-09	4
yeo-valley-organic-kefir-mango-passionfruit-yogurt-350g	g	341	81	2	1.3	11.6	9.7		4	<0.5	2026-10-09	4
yeo-valley-organic-kefir-natural-yogurt-950g	g	268	64	2.1	1.4	5.4	5.4		4.7		2026-10-09	4
yeo-valley-organic-little-yeos-strawberry-raspberry-fromage-frais-6x45g	g	400	96	4.4	2.9	10	8.2		4		2026-10-09	4
yeo-valley-organic-natural-yogurt-150g	g	298	72	3.8	2.5	4.9	4.9		4.2		2026-10-09	4
yeo-valley-organic-raspberry-yogurt-450g	g	417	99	4	2.8	11.1	11.1		4.7		2026-10-09	4
yeo-valley-organic-yogurt-greek-style-with-honey-4x100g	g	559	134	6.7	4.4	14.9	13.4		3.8		2026-10-09	4
yeo-valley-organic-strawberry-yogurt-450g	g	410	98	4	2.8	10.9	10.7		4.5		2026-10-09	4
lindahls-150g-protein-immunity-banana-flavour-yoghurt	g	270	60	<0.5		3			12	<0.5	2026-10-09	4
lindahls-kvarg-raspberry-high-protein-yogurt-150g	g	240	56	<0.5		4.1			10	<0.5	2026-10-09	4
lindahls-kvarg-vanilla-high-protein-yogurt-150g	g	230	54	<0.5		3.5		<0.1	10	<0.5	2026-10-09	4
biotiful-gut-health-kefir-protein-yogurt-original-250g	g	278	66	<0.5	<0.5	3.5			12	<0.5	2026-10-09	4
getpro-15g-blueberry-protein-yoghurt-160g	g	229	54	<0.5	<0.5	3.7		<0.5	9.4	<0.5	2026-10-09	4
m-ller-corner-originals-rhubarb-crumble-yogurt	g	549	131	3.1	1.1	20.8	16.4		4	<0.5	2026-10-09	4
krasnystaw-420g-kefir	?	236	56	2		4.7			4.8	<0.5	2026-10-09	4
lancashire-farm-virtually-fat-free-natural-yogurt-1kg	g	205	48	<0.5	<0.5	7.3	4		5.1	<0.5	2026-10-09	4
zott-jogobella-400g	g	366	87	2.7	1.8	11	10.4		3.5	<0.5	2026-10-09	4
yop-strawberry-yoghurt-drink-825g	g	277	65	0.8	0.5	10.4	10.4		3	<0.5	2026-10-09	4
pro-mlk-chocolate-protein-shake-330ml	ml	265	62	0.5	<0.5	6.6	6.2		7.8	<0.5	2026-10-09	4
the-coconut-collab-500ml-natural-coconut-kefir-drink	ml	356	85	6.7	6.2	4.7	1.4	2.1	0.7	<0.5	2026-10-09	4
fruit-bowl-90g-flakes-strawberry-yoghurt	g	1900	453	19	17	69	62	3.9	1.3	<0.5	2026-10-09	4
leon-waffle-fries-550g	g:as consumed	1017	242	7.5	0.9	38.4	0.7	3.4	3.6	1.1	2026-10-09	4
mccain-crispy-skin-on-fries-800g	g:frozen	570	136								2026-10-09	4
mccain-gastro-triple-cooked-chips-600g	g:frozen	776	186								2026-10-09	4
mccain-naked-oven-chips-straight-1-7kg	g:frozen	549	130								2026-10-09	4
sainsburys-500g-bubble-squeak-bites	g	742	178	10.3	0.9	17.5	2.1	3.4	2.2	0.49	2026-10-09	4
sainsburys-battered-onion-rings-800g	g	837	200	7.8	0.8	28.7	5.5	2.2	2.6	0.50	2026-10-09	4
sainsburys-chunky-chips-taste-the-difference-1-2kg	g	652	155	3.8	0.4	26.4	<0.5	2.3	2.6	0.56	2026-10-09	4
sainsburys-extra-crispy-crinkle-cut-chips-900g	g	979	233	8.9	1.1	33.8	<0.5	3.1	3.0	0.80	2026-10-09	4
sainsburys-french-fries-1-5kg	g	906	215	5.8	0.7	36.0	<0.5	3.3	3.1	0.13	2026-10-09	4
sainsburys-hash-brown-bites-700g	g	766	183	8.6	0.9	22.6	<0.5	2.8	2.5	0.72	2026-10-09	4
sainsburys-hot-honey-wedges-750g	g	777	185	5.3	0.6	29.7	2.3	3.2	3.0	0.76	2026-10-09	4
sainsburys-potato-waffles-x12-680g	g	962	230	11.7	1.3	26.8	<0.5	3.3	2.7	0.27	2026-10-09	4
sainsburys-seasoned-curly-fries-700g	g	991	236	9.1	0.9	32.9	0.5	4.2	3.6	0.34	2026-10-09	4
sainsburys-super-crispy-skin-on-chips-900g	g	902	215	6.7	0.8	33.7	<0.5	3.6	3.0	0.65	2026-10-09	4
sainsburys-triple-cooked-chips-taste-the-difference-750g	g	721	172	6.5	2.0	24.3	<0.5	2.8	2.6	0.24	2026-10-09	4
strong-roots-crispy-crinkle-fries-750g	g	625	148	3.8	<0.5	25.6	<0.5	1.7	2.2	<0.5	2026-10-09	4
mccain-quick-chips-straight-4x100g	g:frozen	629	150								2026-10-09	4
birds-eye-potato-waffles-fries-500g	?	735	175	6.2	0.7	27	<0.1	1.4	2.2	0.7	2026-10-09	4
mccain-home-chips-straight-1-6kg	g:frozen			5	0.6	21	0.5	1.8	2.3	<0.5	2026-10-09	4
mccain-home-chips-straight-1kg	g:frozen			5	0.6	21	0.5	1.8	2.3	<0.5	2026-10-09	4
mccain-home-chips-crinkle-1kg	g:frozen			6	0.7	21	0.6	2	1.9	<0.5	2026-10-09	4
mccain-potato-smiles-454g	g:frozen	824	197								2026-10-09	4
birds-eye-900g-crispy-straight-cut-chips	?	644	153	5.2	0.8	23	<0.1	2.5	2.2	0.7	2026-10-09	4
mccain-hash-browns-625g	g:frozen	687	164								2026-10-09	4
sainsburys-lightly-spiced-wedges-900g	g	655	156	4.4	0.5	25.0	<0.5	3.5	2.3	0.47	2026-10-09	4
strong-roots-oven-baked-sweet-potato-500g	g	655	156	6.2	0.6	21	12.8	4.1	2.1	<0.5	2026-10-09	4
lee-kum-kee-6-x-char-siu-pork-bao-bun-270g	g	878	208	3.5	1.1	35	9.1		8.3	1.1	2026-10-09	4
pret-all-butter-croissants-x6-330g	g:once baked	1690	405	24	15	38	3.2	0.8	8.7	0.8	2026-10-09	4
sainsburys-2-x-apple-strudels-600g	g	964	231	11.1	5.5	27.9	11.9	3.2	3.0	0.22	2026-10-09	4
sainsburys-frozen-all-butter-croissants-x6-300g	g	1765	422	23.2	14.9	43.0	5.8	1.5	9.5	0.73	2026-10-09	4
sainsburys-hot-chocolate-fudge-cake-450g	g	1463	350	16.7	8.6	42.6	28.0	3.7	5.3	0.47	2026-10-09	4
sainsburys-mandarin-cheesecake-500g	g	1123	267	10.1	5.5	39.2	26.0	<0.5	4.7	0.25	2026-10-09	4
sainsburys-strawberry-gateau-375g	g	889	212	10.1	7.0	27.4	19.4	1.1	2.4	0.26	2026-10-09	4
kirsty-s-2-x-90g-sicilian-lemon-cheesecakes	g	1469	352	23.7		32.3		0.6	1.4	<0.5	2026-10-09	4
almondy-almond-tarta-with-daim-400g-dessert-serves-6	g	1776	424	22	9	44	36		10	<0.5	2026-10-09	4
crave-sugared-ring-dodoughs-215g	g	1329	316	12.5		47.2	19.9	1.3	3.2	1.1	2026-10-09	4
sainsburys-2-x-woodland-fruit-strudels-600g	g	1015	242	11.4	5.6	30.6	12.8	2.3	3.3	0.29	2026-10-09	4
lee-kum-kee-6-x-bao-bun-creamy-custard-270g	g	912	215	3.1	1.9	42	12		4.8	<0.5	2026-10-09	4
sainsburys-toffee-pecan-roulade-dessert-taste-the-difference-420g-serves-6	g	1557	371	14.1	7.7	55.8	46.6	0.9	4.7	0.11	2026-10-09	4
birds-eye-32-x-omega-3-breaded-fish-fingers-896g	?	872	208	9.1	0.8	19	0.8	1	12	0.7	2026-10-09	4
birds-eye-captain-discoveries-280g-lightly-dusted-fish-fillets-with-lemon-cracked-black-pepper	?	781	187	9.5	0.7	12	0.5	0.6	13	1	2026-10-09	5
leon-chunky-fish-fingers-lightly-battered-x6-390g	g:cooked	806	192	8.5	0.8	16.2	<0.5	0.8	12.3	0.7	2026-10-09	5
sainsburys-2-x-beer-battered-hake-fillets-taste-the-difference-300g	g	899	215	10.3	0.9	15.4	<0.5	1.2	14.4	0.87	2026-10-09	5
sainsburys-250g-large-atlantic-cold-water-prawns-taste-the-difference	g:defrosted	244	57	<0.5	<0.1	<0.5	<0.5	<0.5	13.6	1.40	2026-10-09	5
yo-salmon-prawn-deluxe-sushi-platter-36-pieces	g	594	141	2.2	<0.5	24					2026-10-09	5
yo-sushi-mixed-rolls-sharer-20-pieces	g	703	167	5.3	1.3	24	4.1	1.4	5.4	1.3	2026-10-09	5
yo-sushi-salmon-prawn-deluxe-selection-36-pieces	g	742	176	6	1.2	25	4.5	<0.5	5.6	1.5	2026-10-09	5
lucozade-energy-drink-orange-500ml	ml	148	35								2026-10-09	5
the-jolly-hog-proper-sausage-roll-with-british-pork-all-butter-pastry-115g	g	2	332	22	8.3	24	2.8	2.2	11	1.8	2026-10-09	5
biotiful-gut-health-450g-greek-style-recipe-kefir	g	330	79	3	1.9	3.9			9	<0.5	2026-10-09	5
light-free-rasberry-greek-style-0-added-sugar-fat-free-yogurt-4x115g	g			<0.5	<0.1	7.5	6.5	1.1	4.3	<0.5	2026-10-09	5
sainsburys-cholesterol-lowering-drink-original-6x100g	g	149	36	1.1	0.2	3.4	3.0	<0.5	2.7	0.07	2026-10-09	5
sainsburys-fat-free-natural-yogurt-500g	g	205	48	<0.5	0.2	6.4	6.4	<0.5	5.0	0.18	2026-10-09	5
activia-8-x-115g-strawberry-mixed-fruit-multipack-gut-health-yoghurt	g	370	89	2.9	2	11.7	11.7		3.8	<0.5	2026-10-09	5
sainsburys-8-x-chunky-hake-fish-fingers-taste-the-difference-480g	g:cooked	887	211	8.1	0.7	20.2	0.9	0.9	14.0	0.67	2026-10-09	5
sainsburys-battered-cod-x4-500g	g:cooked	1058	253	14.2	1.0	19.3	<0.5	0.5	11.8	0.90	2026-10-09	5
sainsburys-breaded-cod-fillet-fish-fingers-x10-300g	g:cooked	771	184	6.7	0.7	17.4	0.8	1.0	12.9	0.58	2026-10-09	5
sainsburys-breaded-plaice-fillets-x2-260g	g:cooked	1016	242	10.8	1.0	22.3	1.5	0.7	13.6	0.81	2026-10-09	5
sainsburys-chunky-battered-haddock-x4-500g	g:cooked	922	221	12.6	0.9	13.9	1.0	<0.5	12.8	0.73	2026-10-09	5
sainsburys-chunky-breaded-haddock-x4-500g	g:cooked	751	179	6.5	0.5	20.2	1.3	1.7	9.0	0.51	2026-10-09	5
sainsburys-lemon-herb-dusted-sole-265g	g:cooked	800	191	7.9	0.6	16.0	0.6	1.0	13.5	0.42	2026-10-09	5
sainsburys-taste-the-difference-4-melting-middle-smoked-haddock-fishcakes-580g	g:cooked	848	203	10.4	3.6	18.9	1.3	0.8	8.0	0.63	2026-10-09	5
young-s-2-x-breaded-cod-fillets-200g	g:oven baked	938	224	11.9		17.6		1	11.2	1.3	2026-10-09	5
young-s-370g-golden-scampi	g:oven baked	898	214	8.2		24.9		1.3	9.4	1.3	2026-10-09	5
young-s-chip-shop-extra-large-beer-batter-fish-fillet-x2-300g	g:oven baked	944	226	12.9		15.2		0.8	11.8	1.2	2026-10-09	5
young-s-chip-shop-large-haddock-fillets-440g	g:oven baked	915	219	12.4		14.7		0.8	11.8	0.9	2026-10-09	5
young-s-chip-shop-succulent-jumbo-fish-x2-480g	g:oven baked	751	179	7.4		15.7		0.7	12.1	0.8	2026-10-09	5
young-s-fish-in-butter-sauce-560g	g:microwaved	363	86	2.4		5.2		<0.5	10.8	0.8	2026-10-09	5
young-s-flipper-dippers-x10-250g	g:grilled	875	208	8.1		24.2		1.4	8.9	0.9	2026-10-09	5
young-s-gastro-frozen-wholetail-scampi-230g	g:oven baked	845	201	7.3		23.3		0.9	10.1	1.1	2026-10-09	5
young-s-gastro-signature-breaded-lemon-pepper-fish-fillets-x2-270g	g:oven baked	895	214	10.3		17.7		1.2	12	0.9	2026-10-09	5
young-s-gastro-wholetail-scampi-220g	g:oven baked	858	204	7.4		23.1		0.5	11	1.1	2026-10-09	5
young-s-simply-breaded-4-large-haddock-fillets-440g	g:oven baked	854	204	9.1		17.6		1.1	12.3	1	2026-10-09	5
sainsburys-breaded-chunky-cod-loins-taste-the-difference-x2-300g	g:cooked	760	181	6.3	0.4	16.6	0.7	<0.5	14.3	0.58	2026-10-09	5
sainsburys-chunky-cod-fish-fingers-taste-the-difference-x8-480g	g:cooked	829	197	7.2	0.5	17.7	0.8	<0.5	15.5	0.69	2026-10-09	5
sainsburys-cod-steaks-520g	g	464	109	<0.5	<0.1	<0.5	<0.5	<0.5	26.6	0.34	2026-10-09	5
sainsburys-frozen-basa-fillets-asc-500g	g:oven cooked	399	94	1.2	0.5	<0.5	<0.5		20.7	0.07	2026-10-09	5
sainsburys-frozen-cooked-peeled-jumbo-king-prawns-asc-taste-the-difference-225g	g:defrosted	314	74	<0.5	<0.1	1.2	<0.5	<0.5	16.8	1.50	2026-10-09	5
sainsburys-frozen-large-cooked-peeled-king-prawns-asc-180g	g:defrosted	269	63	<0.5	<0.1	<0.5	<0.5	<0.5	14.8	1.50	2026-10-09	5
sainsburys-frozen-raw-peeled-jumbo-king-prawns-asc-taste-the-difference-225g	g:pan fried	424	100	1.2	0.2	<0.5	<0.5	<0.5	21.8	0.24	2026-10-09	5
sainsburys-frozen-raw-shell-on-jumbo-king-prawns-asc-taste-the-difference-600g	g:edible portion pan fried	453	107	0.6	0.2	<0.5	<0.5		25.0	0.41	2026-10-09	5
sainsburys-haddock-fillet-portion-360g	g	429	101	0.5	0.1	<0.5	<0.5	<0.5	23.8	0.14	2026-10-09	5
sainsburys-omega-3-fish-fingers-x30-900g	g	768	183	6.9	0.7	17.5	0.9	1.0	12.2	0.59	2026-10-09	5
sainsburys-salmon-fillets-360g	g	568	135	3.4	0.6	<0.5	<0.5	<0.5	25.6	0.08	2026-10-09	5
sainsburys-skinless-boneless-cod-fillets-360g	g	398	94	<0.5	<0.1	<0.5	<0.5	<0.5	22.3	0.27	2026-10-09	5
stamford-street-co-6-x-white-fish-steaks-520g	g:cooked	344	81	0.7	0.2	<0.5	<0.5		18.5	0.25	2026-10-09	5
stamford-street-co-white-fish-fillets-520g	g	336	79	0.7	0.2	<0.5	<0.5		18.1	0.23	2026-10-09	5
young-s-gastro-basa-fillets-lemon-herb-battered-310g	g:oven baked	775	185	9.3		10.6		1.1	14.2	0.7	2026-10-09	5
whitby-gluten-free-wholetail-scampi-200g	g:ovencooked scampi	922	220	8.3	0.6	26.5	<0.5	2.6	8.5	1.9	2026-10-09	5
sainsburys-tempura-prawns-x12-156g	g:cooked	1211	289	15.1	2.3	28.7	0.6	0.7	9.4	0.91	2026-10-09	5
young-s-360g-gastro-alaska-pollock-spinach-cheese-potato-gratin	g:oven baked	577	138	6.5		11.8		1	7.5	<0.5	2026-10-09	5
young-s-admirals-pie-300g	g:oven baked	487	116	4.4		13.7		1	4.9	0.6	2026-10-09	5
young-s-salmon-fillet-dinner-380g	g:microwaved	470	112	2.9		13.2		1.9	7.2	<0.5	2026-10-09	5
sainsburys-four-berry-medley-frozen-fruit-1kg	g	158	38	<0.5	<0.1	6.0	6.0	3.9	0.8	<0.01	2026-10-09	5
sainsburys-cheese-garlic-slices-x6-200g	g:as consumed	1747	419	24.4	11.2	37.8	2.1	2.4	10.9	1.12	2026-10-09	5
the-northern-dough-co-4-x-garlic-ciabatta-squares-230g	g	1293	309	13.8	2.1	35.6	2.1	4.7	8.3	0.9	2026-10-09	5
sainsburys-garlic-baguette-x2-338g	g	1656	396	20.0	6.0	45.2	2.5	1.5	8.0	0.85	2026-10-09	5
ben-jerry-s-427ml-sundae-cookie-vermont-ster-chocolate-chip-ice-cream-tub	g:unprepared	1242	296	16	8.2	32	27	1.6	4.1	<0.5	2026-10-09	5
ben-jerry-s-465ml-churrifically-churros-y-ice-cream-tub	g:unprepared	1053	251	13	8.9	29	26	0.6	3.9	0.5	2026-10-09	5
ben-jerry-s-465ml-non-dairy-bohemian-raspberry-vegan-ice-cream-tub	g:unprepared	885	212	7.2	5.5	35	22	0.9	1.4	<0.5	2026-10-09	5
ben-jerry-s-465ml-strawberry-doughnut-eee-ice-cream-tub	g:unprepared	929	221	11	7.5	27	26	0.5	3.2	<0.5	2026-10-09	5
ben-jerry-s-chocolate-chip-cookie-dough-ice-cream-chunks-170g	g:unprepared	1809	432	15	6.9	68	40		4.2	<0.5	2026-10-09	5
ben-jerry-s-cookie-dough-s-wich-up-vanilla-ice-cream-tub-465-ml	g:unprepared	1215	290	16	9.1	31	25		4.2	<0.5	2026-10-09	5
ben-jerry-s-sundae-ice-cream-tub-brookies-cream-427ml	g:unprepared	1195	286	15	9	31	25	1.2	4.1	0.5	2026-10-09	5
ben-jerry-s-vegan-ice-cream-tub-non-dairy-chocolate-fudge-brownie-465ml	g:unprepared	829	199	7.2	4.8	30	19	2.2	2.3	<0.5	2026-10-09	5
cadbury-crunchie-blast-ice-cream-4x90ml	ml	960	230	14	9.5	23	21.5	0.5	2.8	<0.5	2026-10-09	5
cadbury-dairy-milk-caramel-ice-cream-4x90ml	ml	1063	254	14	9	29	24.8	0.5	2.8	<0.5	2026-10-09	5
cadbury-dairy-milk-mint-ice-cream-4-x-90ml	ml	1125	270	17	12	26	24.5	0.6	2.9	<0.5	2026-10-09	5
cadbury-ice-cream-flake-125ml	ml	819	196	10.2	7.4	23.4	16.6	<0.5	2.5	<0.5	2026-10-09	5
calippo-orange-ice-lolly-105ml	g:unprepared	413	99	0.5	<0.5	23	17	1	0.5	<0.5	2026-10-09	5
carte-d-or-200ml-mini-indulgence-eton-mess-ice-cream-tub	g:unprepared	766	183	6.8	6.2	28	25	0.5	2.3	<0.5	2026-10-09	5
carte-d-or-900ml-delightful-strawberry-ice-cream-tub	g:unprepared	689	164	5.3	4.7	26	23	0.5	2.5	<0.5	2026-10-09	5
carte-d-or-900ml-madagascan-vanilla-light-ice-cream-tub	g:unprepared	596	143	4.3	3.9	21	17	4.1	2.3	<0.5	2026-10-09	5
carte-d-or-refreshing-mint-choc-chip-ice-cream-dessert-tub-900ml	g:unprepared	982	235	9.5	7.7	33	28	1.2	2.8	<0.5	2026-10-09	5
cornetto-4-x-140ml-soft-strawberry-vanilla-ice-cream-cones	g:unprepared	1111	266	11	9.5	36	27	2.8	2.7	<0.5	2026-10-09	5
cornetto-classico-6-x-90ml-ice-cream-cones	g:unprepared	1132	272	15	12	30	17	1.2	2.7	<0.5	2026-10-09	5
cornetto-max-4-x-90ml-hazelnut-chocolate-ice-cream-cones	g:unprepared	1461	349	19	12	41	26	2	3.8	<0.5	2026-10-09	5
cornetto-mint-ice-cream-cones-6x90ml	g:unprepared	1261	301	16	14	35	23	1.5	2.6	<0.5	2026-10-09	5
cornetto-vegan-gluten-free-ice-cream-cones-4x90ml	g:unprepared	1318	315	16	12	41	27	1.2	1.7	<0.5	2026-10-09	5
del-monte-mango-coconut-swirl-3-x-90ml	g	457	109	2.7	2.3	19	13	1.6	1.3	<0.5	2026-10-09	5
del-monte-strawberry-fruit-splits-4-x-73ml	ml	469	111	2.9	2.5	19	14	1.7	1.5	<0.5	2026-10-09	5
feast-4-x-90ml-caramel-ice-cream-sticks	g:unprepared	1399	334	21	17	32	27	0.7	2.6	<0.5	2026-10-09	5
ferrero-rocher-3-x-90ml-ice-cream-sticks	g	1685	405	28.5	16.4	32	29.1		5.2	<0.5	2026-10-09	5
guinness-460ml-jude-s-chocolate-guinness-cake	ml	592	141	6.7	4	17	15		3	<0.5	2026-10-09	5
haagen-dazs-346g-tiramisu-ice-cream	g	1084	260	15.1	9.9	26.7	23.1	<0.5	4	<0.5	2026-10-09	5
haagen-dazs-caramel-biscuit-cream-frozen-dessert-tub-400g	g	1097	263	15.6	10.2	25.9	20.2	<0.5	4.5	<0.5	2026-10-09	5
haagen-dazs-cracking-macadamia-nut-brittle-ice-cream-bars-3-x-80ml	g	1429	342	20.4	12.9	34.8	30	1.1	4.1	<0.5	2026-10-09	5
haagen-dazs-dulce-de-leche-ice-cream-460ml	g	1079	258	14.7	10.1	27.1	26.8	<0.1	4.4	<0.5	2026-10-09	5
haagen-dazs-pistachio-cream-ice-cream-limited-edition-347g	g	1164	279	18.1	9.8	23.7	21.7	0.7	5	<0.5	2026-10-09	5
haagen-dazs-strawberries-cream-ice-cream-460ml	g	1000	240	15	10	21.9	21.8	<0.5	4	<0.5	2026-10-09	5
haagen-dazs-vanilla-collection-mini-frozen-dessert-ice-cream-tub-4x95ml	g	1050	251	17	10.4	20	18.8	<0.1	4.3	<0.5	2026-10-09	5
hackney-gelato-pistachio-420ml	g	846	202	9.9	4.6	23.9	19.6		4.4	<0.5	2026-10-09	5
halo-top-ice-cream-chocolate-chip-cookie-dough-460ml	g	565	135	4.1	2.7	24	15		4.3	<0.5	2026-10-09	5
hidden-fruits-150g-freshly-frozen-british-raspberries-in-belgian-white-milk-chocolate	g	1628	389	25.1		35.6			4.6	<0.5	2026-10-09	5
jude-s-flat-white-coffee-ice-cream-460ml	ml	522	125	6.6	3.9	12.9	12.9		3	<0.5	2026-10-09	5
jude-s-madagascan-vanilla-ice-cream-460ml	ml	510	122	5.5	4.9	16	11		0.7	<0.5	2026-10-09	5
jude-s-mint-chocolate-ice-cream-460ml	ml	636	152	6.6	5.4	21	15		0.9	<0.5	2026-10-09	5
jude-s-triple-chocolate-minis-6-x-50ml	g	993	238	16	10	21	18		2.4	<0.5	2026-10-09	5
jude-s-vegan-minis-salted-caramel-6x50ml	ml	940	226	14	11	21	16		0.9	<0.5	2026-10-09	5
kelly-s-cornish-ice-cream-honeycomb-crunch-950ml	g	966	231	10.9	7	29.5	22.7	<0.5	3.4	<0.5	2026-10-09	5
kelly-s-mint-choc-chip-950ml	g	915	219	13	8.3	23	19.2	0.7	2.1	<0.5	2026-10-09	5
kinder-bueno-white-ice-cream-cones-4-x-90ml	g	1474	353	20.1	10	35.9	27.1		6.4	<0.5	2026-10-09	5
kulfi-ice-1l-original-malai-flavour-kulfi-ice-cream-with-real-almonds-pistachios	g	691	165	6.9	4.6	21.8	18.2	0.5	3.6	<0.5	2026-10-09	5
kulfi-ice-pistachio-flavoured-kulfi-milk-ice-lollies-with-real-pistachios-5x70ml	g	798	190	8.8	5.1	23.5	17.6	0.8	3.9	<0.5	2026-10-09	5
little-moons-brown-butter-caramel-mochi-ice-cream-6-x-30g	g	943	224	5.4	3.7	41	25		2.6	<0.5	2026-10-09	5
little-moons-mini-moons-168g-malted-chocolate-cheesecake-frozen-snack	g	1311	312	11.6	7.3	49	23		2.8	<0.5	2026-10-09	5
little-moons-mini-moons-168g-salted-caramel-cheesecake-frozen-snack	g	1316	313	12	7.9	48	25		2.5	<0.5	2026-10-09	5
lotus-320ml-biscoff-ice-cream-sandwiches	g	1236	295	14	9.2	37	23	0.5	3.8	0.5	2026-10-09	5
mackie-s-of-scotland-ice-cream-honeycomb-1l	g:serving	841	201	10.3	6.4	23.8	22		3.8	<0.5	2026-10-09	5
mackie-s-of-scotland-raspberry-ripple-real-dairy-ice-cream-1l	g:serving	775	185	9.1	5.6	22.7	21.3		3.6	<0.5	2026-10-09	5
magnum-12-x-17ml-bonbon-gold-caramel-billionaire-ice-cream-frozen-snack	g:unprepared	1489	356	20	12	39	33	0.5	5.2	0.5	2026-10-09	5
magnum-12-x-17ml-bonbon-white-chocolate-cookies-ice-cream-frozen-snack	g:unprepared	1729	413	27	13	36	31	1.2	5.2	<0.5	2026-10-09	5
magnum-3-x-85ml-utopia-double-hazelnut-ice-cream-sticks	g:unprepared	1458	348	20	12	37	29	0.8	4.6	0.5	2026-10-09	5
magnum-3-x-90ml-collection-pink-lemonade-ice-cream-sticks	g:unprepared	1296	310	17	12	34	28	0.5	3.8	<0.5	2026-10-09	5
magnum-3-x-90ml-collection-vegan-classic-ice-cream-sticks	g:unprepared	1405	336	21	14	34	28	1.8	1.7	<0.5	2026-10-09	5
magnum-6-x-55ml-mini-mint-ice-cream-sticks	g:unprepared	1308	313	20	13	29	25	1.5	3.3	<0.5	2026-10-09	5
magnum-almond-ice-cream-sticks-3x100ml	g:unprepared	1399	335	21	13	31	26		4.8	<0.5	2026-10-09	5
magnum-classic-6-x-100ml-ice-cream-sticks	g:unprepared	1287	309	19	13	31	27	1.4	3.3	<0.5	2026-10-09	5
magnum-double-raspberry-ice-cream-sticks-3x85ml	g:unprepared	1354	324	19	13	35	27		3.1	<0.5	2026-10-09	5
magnum-mini-double-caramel-almond-gold-caramel-billionaire-ice-cream-sticks-6x55ml	g	1431	343	19	12	37	31	1.8	4.1	<0.5	2026-10-09	5
magnum-salted-caramel-ice-cream-sticks-3x100ml	g:unprepared	1287	309	19	13	30	27		3.3	0.5	2026-10-09	5
magnum-signature-3-x-90ml-pistachio-ice-cream-sticks	g:unprepared	1401	335	21	14	32	26	0.7	4.3	<0.5	2026-10-09	5
magnum-white-chocolate-ice-cream-sticks-3x100ml	g:unprepared	1279	307	19	13	30	25	0.5	4.2	<0.5	2026-10-09	5
maltesers-ice-cream-bar-x4-200ml	ml	1054	253	16	12	24	22		2.8	<0.5	2026-10-09	5
mars-ice-cream-bar-74ml	ml	1114	266	14	8.4	32	25		3	<0.5	2026-10-09	5
morelli-honeycomb-ice-cream-950ml	g	981	233	13.2	8.2	27	24.4		3.4	<0.5	2026-10-09	5
nuii-dark-chocolate-nordic-berry-3x90ml	g	1492	358	23	14	32	26	3.2	3.8	<0.5	2026-10-09	5
nuii-peanut-butter-canadian-maple-syrup-x3-270ml	g	1523	365	22	12	37	31	1	4.7	<0.5	2026-10-09	5
nutella-chocolate-hazelnut-ice-cream-tub-470ml	g	1435	344	23	9.7	29.8	29		4.1	<0.5	2026-10-09	5
oreo-ice-cream-with-oreo-cookie-pieces-425ml	g	989	236	11	8	30	19	1	4	<0.5	2026-10-09	5
oreo-ice-cream-with-oreo-cookie-pieces-x4-360ml	g	1405	336	20	12	36	26	0.9	3.6	<0.5	2026-10-09	5
r-whites-4-x-75g-premium-lemonade-ice-lollies	g	335	79	<0.1	<0.1	19.7	17.4		<0.1	<0.5	2026-10-09	5
reese-s-peanut-butter-milk-chocolate-ice-cream-310g	g	1229	295	20	12	22	20		6.1	0.8	2026-10-09	5
rowntree-s-4-x-65ml-fruit-pastilles-berries-ice-lollies	ml	387	91	<0.5		21.9		1.2	<0.5	<0.5	2026-10-09	5
rowntree-s-fruit-stack-4x70ml	ml	336	79	0.5		19			0.5	<0.5	2026-10-09	5
rowntrees-watermelon-ice-lollies-4x73ml	ml	348	82	0.5		19			0.5	<0.5	2026-10-09	5
sainsburys-10-x-28ml-salted-caramel-billionaire-s-ice-cream-bites-taste-the-difference	g:typical analysis	1474	353	19.4	15.7	41.0	33.5	<0.5	3.5	0.30	2026-10-09	5
sainsburys-3-x-110ml-milk-chocolate-almond-ice-creams	g	1250	300	19.0	12.5	27.3	25.5	1.9	3.9	0.12	2026-10-09	5
sainsburys-3-x-85ml-double-dipped-ice-cream-sticks-taste-the-difference	g	1375	330	20.5	14.9	33.6	31.8	1.0	2.3	0.06	2026-10-09	5
sainsburys-4-x-140ml-soft-serve-blueberry-cheesecake-ice-cream-cones-taste-the-difference	g	1052	251	10.9	9.2	35.5	23.4	<0.5	2.6	0.11	2026-10-09	5
sainsburys-480ml-lemon-cheesecake-ice-cream-taste-the-difference	g	1014	243	15.9	10.3	21.2	19.0	<0.5	3.8	0.13	2026-10-09	5
sainsburys-480ml-strawberry-elderflower-sorbet-taste-the-difference	g	444	105	<0.5	<0.1	24.9	21.3	<0.5	<0.5	0.02	2026-10-09	5
sainsburys-belgian-chocolate-ice-cream-taste-the-difference-480ml	g	1124	270	18.9	13.7	19.4	19.1	1.9	4.6	0.11	2026-10-09	5
sainsburys-chocolate-nut-cones-4x110ml	g	1209	288	12.3	8.6	39.9	23.4	1.9	3.6	0.06	2026-10-09	5
sainsburys-dark-choc-ices-8-x-70ml	g	1184	284	18.4	14.9	26.1	22.8	1.3	2.9	0.07	2026-10-09	5
sainsburys-fruit-juice-ice-cream-splits-6x73ml	g	435	103	3.2	2.3	16.9	13.5	<0.5	1.6	0.05	2026-10-09	5
sainsburys-iced-coffee-ice-cream-taste-the-difference-480ml	g	903	216	12.5	8.3	21.9	19.6	<0.5	3.7	0.09	2026-10-09	5
sainsburys-milk-choc-ices-8-x-70ml	g	1327	319	22.8	19.9	25.4	22.4	1.2	2.4	0.12	2026-10-09	5
sainsburys-mint-chocolate-cones-4x110ml	g	1143	272	10.5	7.8	40.8	24.5	1.2	3.1	0.13	2026-10-09	5
sainsburys-pineapple-coconut-lime-lollies-taste-the-difference-x4	g	422	100	2.3	2.0	18.7	18.7	0.6	0.7	0.10	2026-10-09	5
sainsburys-raspberry-ripple-soft-scoop-2l	g	690	164	5.4	4.6	25.8	18.6	<0.5	2.8	0.15	2026-10-09	5
sainsburys-strawberries-clotted-cream-ice-cream-taste-the-difference-480ml	g	739	177	10.5	6.9	16.9	15.7	<0.5	3.5	0.08	2026-10-09	5
sainsburys-strawberry-vanilla-cones-4x110ml	g	1093	260	9.9	7.9	39.5	22.8	1.0	2.7	0.11	2026-10-09	5
sainsburys-triple-chocolate-ice-cream-900ml	g	646	154	5.2	4.1	22.5	17.9	2.5	3.0	0.14	2026-10-09	5
sainsburys-valencia-orange-lollies-taste-the-difference-x4	g	349	82	<0.5	<0.1	19.7	18.5	<0.5	<0.5	0.06	2026-10-09	5
sainsburys-vanilla-ice-cream-900ml	g	630	150	5.2	4.6	23.3	16.9	0.6	2.1	0.08	2026-10-09	5
snickers-ice-cream-4x53ml	ml	1409	337	19.6	10.4	33.2	24.9		6.5	<0.5	2026-10-09	5
solero-12-x-16ml-bonbon-exotic-ice-cream-frozen-snack	g:unprepared	1333	319	18	13	36	31	0.5	2.5	<0.5	2026-10-09	5
solero-3-x-90ml-berry-bliss-ice-cream-lollies	g:unprepared	595	142	3.1	2.7	25	18	2.1	1.7	<0.5	2026-10-09	5
solero-6-x-50ml-mini-exotic-berry-bliss-ice-cream-lollies	g	607	144	3.4	2.8	25	18	2	1.7	<0.5	2026-10-09	5
stamford-street-co-fruit-flavour-lollies-8x35ml	g	339	80	<0.5	<0.1	19.2	14.9	1.0	<0.5	<0.01	2026-10-09	5
tango-eezy-freezzy-2-in-1-pops-8-x-75ml	ml	45	11	<0.1	<0.1	2.7	2.7		<0.1	<0.5	2026-10-09	5
trufru-nature-s-raspberries-in-white-dark-chocolate-200g	g	1237	296	18	11	28	27	3.9	3.2	<0.5	2026-10-09	5
twister-6-x-50ml-mini-pineapple-ice-cream-lollies	g:unprepared	409	98	0.6	0.5	21	16	1.1	0.5	<0.5	2026-10-09	5
twix-chocolate-caramel-ice-cream-x4	ml	1201	287	14	9	36	29		2.8	<0.5	2026-10-09	5
wall-s-1-8l-soft-scoop-vanilla-ice-cream-tub	g:unprepared	749	180	6.3	5.7	28	17	0.5	1.8	<0.5	2026-10-09	5
wall-s-soft-scoop-vanilla-light-reduced-fat-ice-cream-dessert-tub-1-8l	g:unprepared	680	163	4.3	3.9	28	14	0.5	2	<0.5	2026-10-09	5
haagen-dazs-vanilla-ice-cream-frozen-dessert-tub-460ml	g	1041	250	16.9	11.3	19.9	19.9	<0.1	4.3	<0.5	2026-10-09	5
cadbury-dairy-milk-minis-ice-creams-6-x-50ml	ml	1092	262	17	12	23	21	0.5	3	<0.5	2026-10-09	5
calippo-5-x-80ml-mini-orange-lemon-lime-ice-lollies	g	413	104	0.5	<0.5	23	17	1	0.5	<0.5	2026-10-09	5
haagen-dazs-caramel-collection-mini-frozen-dessert-ice-cream-tub-4x95ml	g	1182	282	17.2	10.8	27.8	23.5	<0.1	4.1	0.6	2026-10-09	5
haagen-dazs-pralines-cream-ice-cream-460ml	g	1099	263	14.9	9.1	28.1	27.6	<0.5	4	<0.5	2026-10-09	5
sainsburys-8-x-55ml-mini-chocolate-ice-creams	g	1410	338	21.6	13.7	31.2	26.8	<0.5	4.6	0.11	2026-10-09	5
haagen-dazs-salted-caramel-ice-cream-frozen-dessert-tub-460ml	g	1092	261	14.7	9.8	28.1	25.3	<0.5	4	0.6	2026-10-09	5
sainsburys-mango-passionfruit-sorbet-taste-the-difference-500ml	g	451	106	<0.5	<0.1	24.8	21.1	<0.5	<0.5	0.03	2026-10-09	5
sainsburys-sorbet-lemon-500ml	g	497	117	<0.5	0.2	27.8	23.1	<0.5	<0.5	0.02	2026-10-09	5
sainsburys-tropical-yoghurt-ice-lollies-taste-the-difference-4-x-73ml	g	450	106	0.8	0.3	23.3	18.1	<0.5	1.3	0.08	2026-10-09	5
halo-top-ice-cream-peanut-butter-cup-460ml	g	543	131	4.8	2.1	18	13		4.8	0.5	2026-10-09	5
magnum-mini-classic-almond-white-chocolate-ice-cream-sticks-6x55ml	g	1370	328	20	14	32	28		3.4		2026-10-09	5
bernard-matthews-350g-frozen-chicken-dinosaurs-crispy-fun-meals-for-kids	g:oven cooked	1193	286	16.8	2.7	20.4	0.9	1.9	12.3	0.8	2026-10-09	5
chucks-2-x-crispy-chicken-fillet-burgers-230g	g:air fred	1056	253	14	2.1	13.9	0.7	0.5	17.4	1.2	2026-10-09	5
j-james-family-new-zealand-lamb-chops-700g	g:edible portion grilled	1184	284	17.4	8.9	0.7	<0.5	<0.5	31.1	0.53	2026-10-09	5
leon-chicken-thigh-burgers-460g	g	1069	256	14.1	2.2	13.8	1.7	3.1	17	1	2026-10-09	5
leon-korean-style-chicken-nuggets-300g	g	1022	244	12.6	1.9	19.7	1.2	1	12.5	1.3	2026-10-09	5
oliver-james-slow-cooked-bbq-pork-ribs-340g	g:cooked	1097	263	15	6.2	15.6	14.9	0.6	16.5	0.7	2026-10-09	5
oliver-james-slow-cooked-lamb-shanks-with-a-mint-gravy-750g	g:cooked	679	163	9.1	3.5	3.5	3.1	<0.5	16.7	1	2026-10-09	5
richmond-thick-frozen-pork-sausages-x12-516g	g:of sausage	1030	248	18	6.6	11	1.2	1.5	10	1.9	2026-10-09	5
richmond-thin-frozen-pork-sausages-x16-444g	g:of sausage	1030	248	18	6.6	10	1.2	2.1	10	1.9	2026-10-09	5
sainsburys-1-5kg-british-plain-chicken-thighs	g:edible portion oven cook	915	219	13.9	4.2	<0.5	<0.5	<0.5	23.3	0.20	2026-10-09	5
sainsburys-aberdeen-angus-quarter-pounders-taste-the-difference-x4-454g	g:cooked	1049	251	15.9	7.0	3.3	<0.5	<0.5	23.6	0.75	2026-10-09	5
sainsburys-battered-chicken-dippers-x44-1kg	g:cooked	1037	248	12.5	2.2	18.7	0.7	1.3	14.5	0.78	2026-10-09	5
sainsburys-beef-quarter-pounders-x4-454g	g:cooked	918	220	13.1	6.0	4.3	<0.5	1.3	20.6	0.76	2026-10-09	5
sainsburys-breaded-chicken-breast-strips-400g	g:cooked	1066	255	12.4	1.3	16.6	0.7	1.6	18.6	0.71	2026-10-09	5
sainsburys-breaded-garlic-chicken-kyivs-490g	g:cooked	1150	276	17.9	4.9	15.1	0.9	0.6	13.3	0.41	2026-10-09	5
sainsburys-british-skinless-chicken-fillets-1kg	g:cooked	569	135	1.8	0.6	<0.5	<0.5	<0.5	29.4	0.13	2026-10-09	5
sainsburys-chicken-dippers-x20-450g	g:cooked	1037	248	12.5	2.2	18.7	0.7	1.3	14.5	0.78	2026-10-09	5
sainsburys-frozen-chicken-goujons-475g	g:cooked	1127	270	15.0	2.4	18.7	0.7	0.9	14.5	0.40	2026-10-09	5
sainsburys-gammon-joint-600g	g:cooked	521	123	2.6	0.9	6.4	6.4	<0.5	18.6	2.16	2026-10-09	5
sainsburys-new-zealand-lamb-mince-500g	g:pan fried	1279	308	25.0	10.8	<0.5	<0.5	<0.5	20.8	0.30	2026-10-09	5
sainsburys-pork-sausagemeat-400g	g:cooked	956	229	14.3	5.0	9.4	0.8	1.2	15.2	1.42	2026-10-09	5
sainsburys-southern-fried-breaded-chicken-pops-500g	g:cooked	1246	299	17.9	2.7	18.4	0.7	1.8	15.1	0.85	2026-10-09	5
sainsburys-southern-fried-chicken-mini-fillets-300g	g:cooked	873	208	8.2	0.8	13.9	<0.5	0.9	19.2	0.83	2026-10-09	5
sainsburys-southern-fried-fillet-burgers-210g	g:cooked	837	200	8.3	1.0	13.2	0.5	0.8	17.6	0.87	2026-10-09	5
sainsburys-thick-pork-sausages-x20-900g	g:cooked	1123	269	17.8	6.2	10.7	0.5	1.0	16.1	1.33	2026-10-09	5
sainsburys-wild-garlic-chicken-kyiv-taste-the-difference-x2-350g	g:cooked	963	230	12.8	4.6	12.2	1.5	1.0	16.1	0.52	2026-10-09	5
stamford-street-co-beef-burgers-x8-397g	g:cooked	952	228	13.2	6.1	11.9	1.5	0.8	15.1	0.72	2026-10-09	5
stamford-street-co-frozen-breaded-british-chicken-burgers-456g	g:cooked	1024	245	13.4	2.1	19.6	1.1	1.9	10.6	0.41	2026-10-09	5
stamford-street-co-frozen-breaded-british-chicken-nuggets-320g	g:cooked	1067	255	13.0	1.9	22.9	1.3	2.2	10.6	0.45	2026-10-09	5
tahira-chicken-grills-peri-peri-4x65	g	987	237	14.8	4.9	13.4	1.9		12.1	2.1	2026-10-09	5
taste-inc-750g-skinless-chicken-fillets	g:ovenbaked	424	100	1.5		<0.5		0.8	21.2	1.5	2026-10-09	5
taste-inc-skinless-chicken-fillets-1kg	g:ovenbaked	535	126	1.5		0.7		0.5	27.3	0.7	2026-10-09	5
bibigo-250g-korean-style-crunchy-glazed-chicken-sobaba-soy-honey	g	1312	312	17	3.4	25	9.7	1	16	1.5	2026-10-09	5
sainsburys-chicken-breast-nuggets-450g	g:cooked	1041	249	13.9	2.2	17.3	0.9	1.6	12.9	0.38	2026-10-09	5
sainsburys-spicy-bean-burgers-x4-454g	g:cooked	951	228	11.5	0.9	22.4	4.5	5.7	5.8	0.88	2026-10-09	5
itsu-300g-garlic-chilli-tumbled-edamame	g:per	418	101	4.6	0.7	5	3.7	9.1	5.2	2	2026-10-09	5
itsu-4-x-hoisin-duck-jumbo-spring-rolls-300g	g:per	997	238	9.2	1.8	30	7.8	2.3	7.8	1.2	2026-10-09	5
itsu-korean-style-crispy-chicken-340g	g:chicken	1136	271	14	2.6	23	1	0.7	13	1.3	2026-10-09	5
quorn-2-x-lemon-pepper-schnitzels-220g	g	895	214	9.4	0.9	20	1.1	3.5	10	1	2026-10-09	5
rustlers-349g-loaded-bbq-popcorn-chicken-wedges	g	785	188	9	2.6	19.1	2.4	1.6	6.9	0.7	2026-10-09	5
rustlers-590g-crispy-southern-fried-chicken-feast-box	g	959	229	10.2	1.5	25.3	0.7	2.8	7.7	0.8	2026-10-09	5
sainsburys-chicken-yakitori-skewers-x10-180g	g:cooked	661	156	2.4	0.7	7.7	7.5	1.0	25.6	0.67	2026-10-09	5
sainsburys-fried-chicken-gochujang-sauce-210g	g:cooked	970	231	8.1	3.6	28.1	9.2	0.9	10.8	1.48	2026-10-09	5
sainsburys-lincolnshire-mini-sausage-rolls-x40-800g	g:cooked	1414	339	18.8	9.3	31.8	1.8	2.5	9.3	1.06	2026-10-09	5
sainsburys-vegetable-spring-rolls-x16-288g	g:cooked	1082	258	12.3	2.8	30.5	3.6	2.2	5.4	0.60	2026-10-09	5
schar-gluten-free-white-rolls-6x58g	g	1023	243	4.1	0.9	45	1.6	6.9	2.9	1.3	2026-10-09	5
genius-2-x-gluten-free-sausage-rolls	g	1327	319	23	11	19	1.9	4.4	7.7	1.3	2026-10-09	5
sainsburys-free-from-12-x-indian-inspired-snack-selection-240g	g:cooked	1313	316	21.6	3.6	22.8	7.0	6.3	4.4	0.87	2026-10-09	5
sainsburys-free-from-10-x-tempura-prawns-130g	g	1471	353	22.5	3.3	26.5	0.7	2.9	9.7	0.89	2026-10-09	5
chucks-225g-hot-spicy-chicken-chunks	g:air fried	1073	257	14.5	2	15	1.3	<0.5	16.6	0.9	2026-10-09	5
chucks-300g-crispy-chicken-nuggets	g:air fried	956	229	12.9	2.1	13.1	0.5	1.8	14.2	0.9	2026-10-09	5
sainsburys-free-from-southern-fried-chicken-mini-fillets-250g	g:cooked	801	191	6.7	0.7	11.9	<0.5	1.3	20.0	0.87	2026-10-09	5
white-rabbit-175g-margherita-gluten-free-sourdough-pizzetta	g	1025	244	10.1	4.3	31.3	2.7	1.7	6.6	1.7	2026-10-09	5
sainsburys-free-from-macaroni-cheese-300g	g:cooked	750	179	9.4	6.1	17.6	1.6	0.6	5.7	0.67	2026-10-09	5
ramona-s-original-falafel-500g	g	967	232	9.8	0.8	21.7	4	9.5	9.4	1.5	2026-10-09	5
itsu-12-x-chicken-gyoza-dinner-dumplings-240g	g:per	653	155	4.4	1.2	20	2.5	1.7	8.2	0.8	2026-10-09	5
sainsburys-free-from-mozzarella-sticks-180g	g:cooked	1381	331	19.9	7.9	22.2	1.0	1.1	15.2	1.12	2026-10-09	5
chicago-town-2-x-subs-ham-pineapple-pizzas-250g	g	959	228	7.9	2.3	29	5	2.1	8.6	1	2026-10-09	5
chicago-town-630g-takeaway-cheesy-stuffed-crust-cheese-pizza	g	1165	278	11	6.7	32	1.3	1.7	11	1.1	2026-10-09	5
chicago-town-deep-dish-2-x-bbq-chicken-pizzas-320g	g	991	236	7.1	2.3	33	5.5	2.3	8.8	0.7	2026-10-09	5
crosta-mollica-2-x-215g-salami-napoli-sourdough-pizzetta	g	1046	249	8	3.1	33.9	2.6	1.9	9.4	1.7	2026-10-09	5
crosta-mollica-margherita-sourdough-pizza-tomato-mozzarella-sicilian-oregano-436g	g	1005	239	8.4	3.5	29.3	2.4	2.2	10.5	1.3	2026-10-09	5
crosta-mollica-stromboli-sourdough-pizza-447g	g	1101	262	10.5	4.2	29.3	2.3	1.5	11.9	1.6	2026-10-09	5
dr-oetker-340g-ristorante-quattro-formaggi-cheese-pizza	g	1077	257	13	5.6	24	2.8	1.6	11	1	2026-10-09	5
dr-oetker-355g-ristorante-pollo-chicken-pizza	g	897	214	7.8	2.7	26	3.2	2.4	8.8	1	2026-10-09	5
dr-oetker-425g-suprema-la-romana-salami-mozzarella-with-sourdough-pizza	g	986	234	8	3.3	28	4	2	11	1.4	2026-10-09	5
goodfella-s-2-x-pepperoni-and-cheese-pizza-pockets-250g	g	1060	252	8.3	3.2	33	3.1	2.7	10	1	2026-10-09	5
goodfella-s-409g-meat-feast-house-deep-pan-pizza	g	1026	244	8.7	3.9	31	1.9	2	9.5	1	2026-10-09	5
goodfella-s-534g-new-york-style-ultimate-four-cheese-takeaway-pizza	g	1089	260	12	5.7	26	1	2	11	1	2026-10-09	5
goodfella-s-deep-pan-baked-pepperoni-pizza-411g	g	1019	242	8.6	3.7	32	1.9	1.5	8.5	0.9	2026-10-09	5
goodfella-s-new-york-style-hot-spicy-meat-feast-571g	g	1035	247	11	3.8	26	1.4	2.2	9.9	0.8	2026-10-09	5
goodfella-s-stonebaked-thin-chicken-pizza-365g	g	915	218	7.8	3	25	1.4	1.8	11	0.8	2026-10-09	5
goodfella-s-stonebaked-thin-pepperoni-pizza-332g	g	1053	251	11	4.6	27	1.3	2.1	10	0.9	2026-10-09	5
goodfellas-334g-stonebaked-thin-margherita-three-cheese-pizza	g	1021	243	9.7	5	26	1.2	2	12	0.7	2026-10-09	5
sainsburys-deep-pan-meat-feast-pizza-379g	g:cooked	1046	248	7.1	2.9	33.9	4.0	1.8	11.3	0.98	2026-10-09	5
sainsburys-double-pepperoni-thin-pizza-339g	g	1127	268	9.9	4.0	32.7	2.7	2.0	11.1	1.18	2026-10-09	5
sainsburys-mozzarella-marinated-cherry-tomato-wood-fired-pizza-taste-the-difference-400g	g	966	230	7.5	3.8	30.0	2.5	1.5	9.9	0.86	2026-10-09	5
sainsburys-spicy-salami-nduja-hot-honey-wood-fired-pizza-taste-the-difference-395g	g	1096	261	8.9	4.1	33.0	3.7	1.4	11.3	1.20	2026-10-09	5
sainsburys-takeaway-fully-loaded-meat-feast-pizza-567g	g:cooked	1167	279	12.9	5.1	28.6	3.6	1.9	11.1	1.23	2026-10-09	5
sainsburys-thin-bbq-chicken-pizza	g:cooked	937	222	4.6	2.0	33.7	5.0	2.1	10.4	0.85	2026-10-09	5
sainsburys-thin-crispy-hawaiian-pizza-385g	g:cooked	842	200	4.2	1.6	30.4	4.2	1.9	9.1	0.89	2026-10-09	5
sainsburys-vegetable-pizza-390g	g	912	217	6.9	2.2	29.7	3.4	2.0	8.0	0.90	2026-10-09	5
slicey-128g-margherita-sicilian-style-slice-thin-crust-air-fryer-pizza	g:when cooked according to	1353	323	14	5.4	36	2.1	2.4	12	1.4	2026-10-09	5
slicey-140g-diavola-spicy-sicilian-style-slice-thin-crust-air-fryer-pizza	g:when cooked according to	1271	304	15	4.8	30	2.6	2.4	11	1.4	2026-10-09	5
stamford-street-co-306g-cheese-tomato-pizza	g:cooked	1081	257	8.2	4.0	33.8	2.6	2.2	10.9	0.99	2026-10-09	5
chicago-town-630g-takeaway-large-tomato-stuffed-crust-cheese-pizza	g	1100	262	9.5	5.6	33	1.8	1.9	10	1	2026-10-09	5
chicago-town-deep-dish-four-cheese-pizzas-x2-310g	g	1115	265	10	4.2	33	4.2	2.3	9.9	0.8	2026-10-09	5
chicago-town-deep-dish-pepperoni-pizzas-x2-320g	g	1110	265	11	3.8	31	4.1	2.3	9.8	0.9	2026-10-09	5
chicago-town-sub-meat-supreme-pizzas-x2-250g	g	954	227	8.4	2.7	28	3.1	2.2	9.3	1.2	2026-10-09	5
dr-oetker-ristorante-hawaii-pizza-355g	g	891	212	7.8	2.7	25	5.7	2.2	9	1	2026-10-09	5
sainsburys-takeaway-fully-loaded-american-hot-pizza-553g	g:cooked	1123	268	12.1	4.6	28.8	3.7	2.2	9.9	0.89	2026-10-09	5
sch-r-gluten-free-pizza-margherita-with-sourdough-300g	g	992	236	8.8	4.4	31	1.9	4	6.7	1.1	2026-10-09	5
white-rabbit-357g-sourdough-salame-piccante-pizza	g	1064	254	11.1	4.6	31.1	2.6	1.4	6.6	1.5	2026-10-09	5
white-rabbit-389g-sourdough-prosciutto-ham-mushroom-pizza	g	911	217	9.1	3.5	26.9	2.1	1.4	6.1	1.6	2026-10-09	5
aunt-bessie-s-meat-free-toad-in-the-hole-190g	g	820	197	11	2	16	1.4	3.6	6.6	0.8	2026-10-09	5
birds-eye-shortcrust-chicken-pies-x4-620g	g	1111	265	13	5.7	29	0.9	1.6	7.3	0.6	2026-10-09	5
birds-eye-steamfresh-mushroom-tagliatelle-with-a-creamy-sauce-meal-for-1-400g	g	531	126	3.6	1.1	18	1.6	2.3	4.3	0.5	2026-10-09	5
humza-punjabi-samosa-500g	g	1082	258	14.9	2.6	30.2	0.9		4.2	1.1	2026-10-09	5
itsu-12-x-hoisin-duck-gyoza-dinner-dumplings-280g	g:gyoza	655	155	2.7	1.2	23	6.5	3.6	7.5	0.9	2026-10-09	5
itsu-12-x-korean-bbq-beef-gyoza-dinner-dumplings-240g	g:per	802	191	7.8	3.3	18	4.2	2.8	11	1.1	2026-10-09	5
itsu-12-x-spicy-chicken-gyoza-dinner-dumplings-240g	g:per	664	158	4.8	1	20	2.3	2.4	7.6	1.2	2026-10-09	5
itsu-6-x-chicken-dim-sum-168g	g:per	782	187	8.9	2.4	16	2.2	2.2	9.6	1.5	2026-10-09	5
itsu-6-x-prawn-dim-sum-168g	g:per	631	149	3.3	<0.5	25	1.7	1.4	4.6	1	2026-10-09	5
itsu-6-x-thai-prawn-soup-dumplings-168g	g:per	563	134	3.3	0.5	18	2.4	2.2	7.2	1	2026-10-09	5
itsu-8-x-hoisin-duck-bao-buns-256g	g:per	938	222	4.5	0.7	36	8.1	2.7	7.8	0.9	2026-10-09	5
itsu-vegetable-tempura-fries-350g	g:per	668	160	9	1.7	16	3.8	2.9	1.9	<0.5	2026-10-09	5
kitchen-joy-thai-cube-320g-spicy-sesame-chicken-aromatic-chilli-with-noodles	g:microwaved	554	132	3.2		18		2	6.7	1.1	2026-10-09	5
kitchen-joy-thai-cube-320g-vegetable-pad-thai	g	663	158	4.9		24		1.2	4.2	1	2026-10-09	5
kitchen-joy-thai-cube-350g-thai-green-chicken-lemongrass-coconut-curry-with-jasmine-rice	g	621	147	4		21		1.5	6.3	0.7	2026-10-09	5
little-dish-batch-cooked-250g-spaghetti-meatballs	g:microwaved	456	109	3.9	0.9	12.4	2.5	2.7	4.7	<0.5	2026-10-09	5
little-dish-cottage-pie-frozen-kids-meal-250g	g:microwaved	452	108	4	1.4	12.6	2	2.2	4.4	<0.5	2026-10-09	5
oliver-james-slow-cooked-coq-au-vin-340g	g:cooked	474	113	5	1.3	3.8	3	0.6	13.6	1	2026-10-09	5
richmond-250g-toad-in-the-hole-with-a-crispy-yorkshire-pudding	g	825	197	8.5	3.2	17.9	2	1.8	11.1	1.1	2026-10-09	5
richmond-400g-sausage-mac-cheese-with-a-smoky-bbq-sauce	g	784	187	6.3	3.1	24.1	4.8	2	7.4	0.8	2026-10-09	5
sainsburys-2-x-chicken-ham-hock-pies-taste-the-difference-400g	g:cooked	1195	287	17.6	8.1	21.2	1.7	1.1	10.4	0.62	2026-10-09	5
sainsburys-2-x-piri-piri-pea-bakes-250g	g:cooked	798	191	7.8	0.5	19.8	2.0	6.9	6.9	0.73	2026-10-09	5
sainsburys-205g-mushroom-poppers	g:cooked	807	193	7.3	0.4	24.9	2.8	3.2	5.2	0.65	2026-10-09	5
sainsburys-400g-chicken-kyiv-bake-topped-with-sliced-potatoes-taste-the-difference	g:cooked	641	154	8.7	3.6	11.2	1.8	1.0	7.1	0.49	2026-10-09	5
sainsburys-be-good-to-yourself-cottage-pie-ready-meal-for-1-350g	g:cooked	298	71	1.3	0.5	10.6	1.7	1.6	3.4	0.40	2026-10-09	5
sainsburys-butter-chicken-with-rice-400g	g:cooked	617	147	4.9	1.8	19.5	2.3	0.9	5.8	0.44	2026-10-09	5
sainsburys-calorie-counted-chicken-tikka-masala-with-rice-350g	g:cooked	439	104	1.2	0.6	17.6	2.8	0.7	5.4	0.35	2026-10-09	5
sainsburys-chicken-hotpot-dinner-ready-meal-for-1-400g	g:cooked	341	81	2.6	0.7	7.2	2.1	1.1	6.6	0.41	2026-10-09	5
sainsburys-chicken-korma-pilau-rice-ready-meal-for-1-400g	g:cooked	633	151	5.4	2.4	18.4	2.3	1.6	6.3	0.51	2026-10-09	5
sainsburys-chicken-tikka-masala-pilau-rice-ready-meal-for-1-400g	g:cooked	585	139	3.9	1.1	19.0	3.3	0.9	6.5	0.49	2026-10-09	5
sainsburys-chinese-style-chicken-curry-with-egg-fried-rice-400g	g:cooked	678	162	7.2	1.6	15.9	3.0	1.4	7.6	0.52	2026-10-09	5
sainsburys-cottage-pie-taste-the-difference-ready-meal-for-1-400g	g:cooked	484	116	5.9	2.2	10.4	1.7	1.5	4.5	0.50	2026-10-09	5
sainsburys-free-from-beef-lasagne-300g	g:cooked	638	152	7.3	3.3	16.2	2.8	1.0	5.0	0.71	2026-10-09	5
sainsburys-liver-bacon-dinner-ready-meal-for-1-400g	g:cooked	482	115	4.3	1.7	10.7	2.3	1.4	7.6	0.61	2026-10-09	5
sainsburys-roast-beef-dinner-ready-meal-for-1-400g	g:cooked	422	100	2.2	0.5	12.4	2.3	1.9	6.7	0.58	2026-10-09	5
sainsburys-shanghai-style-beef-noodles-400g	g:cooked	438	104	4.4	1.3	10.6	2.2	1.4	4.8	0.58	2026-10-09	5
sainsburys-sweet-sour-chicken-rice-ready-meal-for-1-400g	g:cooked	628	150	5.6	0.8	20.0	6.3	0.9	4.4	0.53	2026-10-09	5
stamford-street-co-beef-lasagne-ready-meal-for-1-400g	g:cooked	543	130	5.4	2.4	14.3	4.2	1.2	5.3	0.31	2026-10-09	5
stamford-street-co-chicken-curry-with-rice-ready-meal-for-1-400g	g:cooked	528	125	1.7	1.2	22.1	2.1	1.2	4.7	0.50	2026-10-09	5
stamford-street-co-cottage-pie-ready-meal-for-1-400g	g:cooked	361	86	3.0	1.3	10.8	1.2	1.1	3.4	0.45	2026-10-09	5
stamford-street-co-minced-beef-hotpot-ready-meal-for-1-400g	g:cooked	403	96	3.8	1.2	9.3	1.5	1.6	5.4	0.46	2026-10-09	5
stamford-street-co-spaghetti-bolognese-ready-meal-for-1-400g	g	426	101	1.8	0.8	14.6	2.6	1.3	5.9	0.40	2026-10-09	5
the-gym-kitchen-400g-meat-feast-pasta	g:microwaved	519	123			14.2		1.4	9	0.5	2026-10-09	5
the-gym-kitchen-550g-chipotle-chicken	g:microwaved	435	103			11.8		3.1	8.4	<0.5	2026-10-09	5
tuk-in-2-x-100g-samosas-chicken-tikka	g	2	291	17.6	2.7	25.9	1.3	2.9	8.6	1.1	2026-10-09	5
tuk-in-2-x-180g-chicken-tikka-masala-curry-in-a-naan	g	915	218	8.4		26.7		1.5	9.5	0.9	2026-10-09	5
uppercrust-bakehouse-chicken-asparagus-pie-680g	g:oven baked	1130	270	14	6.5	24	0.6	1	9.3	0.8	2026-10-09	5
yutaka-vegan-tofu-gyoza-x20-440g	g:uncooked	833	199	6.9	1.2	25	1.6	2.4	6.8	6.3	2026-10-09	5
sainsburys-beef-lasagne-taste-the-difference-ready-meal-for-1-400g	g:cooked	582	139	6.6	3.1	11.5	2.8	1.2	7.8	0.60	2026-10-09	5
sainsburys-roast-chicken-dinner-ready-meal-for-1-400g	g:cooked	413	98	2.3	0.6	9.3	1.6	1.5	9.3	0.40	2026-10-09	5
sainsburys-roast-lamb-dinner-ready-meal-for-1-400g	g:cooked	363	86	2.1	0.6	11.8	2.1	1.8	4.1	0.34	2026-10-09	5
sainsburys-steak-family-pie-700g	g:cooked	1048	250	12.1	5.4	24.5	2.8	1.4	10.2	0.68	2026-10-09	5
ice-kitchen-thai-green-curry-paste-2-x-77g	g	480	114	5.1	4.4	16.9	8.5	1.2	2.2	4.6	2026-10-09	5
ice-kitchen-thai-red-curry-paste-2-x-77g	g	428	102	4.4	3.2	17	7.9	2.3	2.2	4.6	2026-10-09	5
kirsty-s-325g-vegetable-lasagne	g	342	81	3.2		10.5		1.4	1.8	0.5	2026-10-09	5
linda-mccartney-s-vegetarian-cheese-leek-plaits-x2-340g	g:oven cooked as per insta	1210	290	18		25		3.3	6.5	1.1	2026-10-09	5
plant-pioneers-300g-southern-fried-no-chicken-nuggets	g:cooked	902	216	9.9	0.9	16.8	1.4	7.6	11.2	0.93	2026-10-09	5
sainsburys-golden-vegetable-rice-380g	g:cooked	466	110	1.4	0.2	20.8	2.2	1.8	2.7	0.53	2026-10-09	5
aunt-bessie-s-roast-potatoes-1-1kg	g	564	135	5.6	1.5	18	0.5	2.3	1.9	<0.5	2026-10-09	5
birds-eye-petits-pois-545g	g	285	68	0.7	<0.5	7.5	4.9	6	4.9	<0.5	2026-10-09	5
sainsburys-600g-cheddar-mashed-potato-taste-the-difference	g:cooked	670	160	8.6	5.7	14.7	<0.5	1.6	5.2	0.74	2026-10-09	5
sainsburys-broad-beans-650g	g:cooked	255	61	0.8	<0.1	5.6	0.9	5.4	5.1	0.05	2026-10-09	5
sainsburys-chunky-roast-potatoes-with-beef-dripping-taste-the-difference-1kg	g:cooked	528	125	3.2	1.2	21.2	<0.5	2.0	1.9	0.18	2026-10-09	5
sainsburys-mashed-potato-900g	g	398	94	1.6	0.7	16.9	<0.5	1.9	2.2	0.68	2026-10-09	5
sainsburys-roast-potatoes-900g	g:cooked	687	163	4.7	1.4	26.0	<0.5	2.8	2.8	0.14	2026-10-09	5
sainsburys-stir-fry-vegetables-500g	g:cooked	248	59	2.5	0.3	6.3	4.5	2.5	1.7	0.05	2026-10-09	5
aunt-bessie-s-mini-roast-potatoes-700g	g	488	116	3.1	<0.5	19	0.5	2.3	1.9	<0.5	2026-10-09	5
like-2-x-beef-burger-200g	g:uncooked	863	207	12	3	4.2	0.7	3.1	19	1	2026-10-09	5
linda-mccartney-s-vegetarian-chicken-roast-400g	g:oven cooked	753	181	11		3.5		5.6	15	0.8	2026-10-09	5
linda-mccartney-southern-style-chicken-fillets-x2-210g	g:oven cooked	851	203	8.7		15		4.7	14	0.8	2026-10-09	5
plant-pioneers-no-chicken-kyivs-x2-280g	g:cooked	992	238	15.6	3.4	18.2	1.3	3.2	4.8	0.75	2026-10-09	5
plant-pioneers-sweet-potato-avocado-burgers-227g	g:cooked	759	183	11.6	0.9	14.1	3.0	4.7	3.1	1.11	2026-10-09	5
quorn-garlic-herb-fillets-x2-200g	g:as oven cooked	688	164	5.3	0.6	13	<0.1	5.6	13	1	2026-10-09	5
richmond-frozen-meat-free-vegan-sausages-x12-456g	g:of sausage	609	145	5.6	4.2	14.1	0.5	3.2	8	1.7	2026-10-09	5
sainsburys-cauliflower-cheese-grills-x4-397g	g	912	218	10.2	2.2	24.3	1.8	2.7	5.9	0.82	2026-10-09	5
sainsburys-vegetable-quarter-pounders-454g	g:cooked	871	207	7.1	0.5	28.7	4.3	3.5	5.5	0.85	2026-10-09	5
this-isn-t-chicken-plant-based-pieces-250g	g	586	140	3.5		1.8		6.4	22	0.8	2026-10-09	5
aunt-bessie-s-10-x-sage-onion-stuffing-balls-260g	g	1002	238	5.7	2.2	40	1.8	3.9	4.7	1.3	2026-10-09	5
aunt-bessie-s-carvery-style-yorkshires-x4-220g	g	1067	254	8.8	1.6	38	2.2	1.1	5.1	0.6	2026-10-09	5
aunt-bessie-s-glorious-golden-yorkshire-puddings-x10-190g	g	1185	282	11	1.1	40	1.7	1.2	5.2	0.7	2026-10-09	5
sainsburys-yorkshire-puddings-x12-220g	g	1109	264	8.6	0.6	37.4	2.5	3.1	7.8	0.46	2026-10-09	5
alara-fruits-seeds-muesli-organic-650g	g	1714	407	10.2	1.3	63	15	10	11	<0.5	2026-10-09	5
alpen-no-added-sugar-muesli-breakfast-cereal-550g	g	1560	370	5.5		65		8	11	<0.5	2026-10-09	5
alpen-original-muesli-breakfast-cereal-550g	g	1575	373	5.5		66		7.7	11	<0.5	2026-10-09	5
ambrosia-ready-to-eat-porridge-oat-cereal-pot-original-210g	g	388	92	2.7	1.2	12.3	6.2	1.1	4.1	<0.5	2026-10-09	5
bio-me-350g-overnight-oats-cocoa	g	1659	397	13	2	50	7.4	10	15	<0.5	2026-10-09	5
bio-me-65g-peanut-butter-protein-porridge-pot	g:serving made up as direc	600	144	4.5	0.8	17	6.1	2.9	7.3	<0.5	2026-10-09	5
bio-me-cocoa-hazelnut-granola-360g	g	1659	397	13	2.4	47	9.9	16	15	<0.5	2026-10-09	5
bio-me-porridge-apple-cinnamon-65g	g:serving made up as direc	545	130	3.6	<0.5	18	7.6	3	5	<0.5	2026-10-09	5
bio-me-super-seedy-nutty-gut-loving-granola-360g	g	1676	401	15	2.1	48	9.7	15	11	<0.5	2026-10-09	5
fuel-10k-high-protein-chocolate-porridge-oat-cereal-pot-70g	g:as prepared	480	114	1.8	0.5	17.4	6.7	2.1	5.9	<0.5	2026-10-09	5
fuel-10k-super-berry-protein-granola-breakfast-cereal-400g	g	1816	432	12	1.7	61.8	18.1	6.4	15.9	<0.5	2026-10-09	5
fuel10k-210g-golden-syrup-ready-to-eat-on-the-go-protein-porridge-oat-cereal-pot	g	417	99	1	<0.5	15.1	7.9	1.8	6.4	<0.5	2026-10-09	5
fuel10k-chocolate-multigrain-flakes-high-protein-breakfast-cereal-350g	g	1644	389	4	1.4	60	16	6.4	25	<0.5	2026-10-09	5
honey-monster-wheat-puffs-520g	g	1513	357	1.8		74		8.4	7.1	<0.5	2026-10-09	5
jordans-country-crisp-breakfast-cereal-with-honey-nuts-450g	g	1909	455	18	2	61.1	21.8	5.5	9.4	<0.5	2026-10-09	5
jordans-country-crisp-raspberry-breakfast-cereal-450g	g	1821	433	13.2	1.8	66.3	20	6.1	9.2	<0.5	2026-10-09	5
jordans-crunchy-oat-fruit-nut-granola-breakfast-cereal-750g	g	1742	414	11	2.7	65	24	6.1	10	<0.5	2026-10-09	5
jordans-crunchy-oat-raisin-almond-granola-breakfast-cereal-750g	g	1751	416	12	1.5	64	21	6.2	11	<0.5	2026-10-09	5
jordans-no-added-sugar-apple-berry-granola-breakfast-cereal-425g	g	1783	427	18	3.5	49	9.8		8.5	<0.5	2026-10-09	5
jordans-no-added-sugar-triple-nut-granola-breakfast-cereal-425g	g	1837	440	20	3.7	47	9.5		9	<0.5	2026-10-09	5
jordans-protein-boost-granola-red-berry-400g	g	1810	431	13	1.9	57	19	7.3	17	<0.5	2026-10-09	5
jordans-super-berry-granola-breakfast-cereal-500g	g	1768	420	12	1.6	64	18	6.7	11	<0.5	2026-10-09	5
jordans-super-nutty-granola-breakfast-cereal-500g	g	1897	452	18.2	2.1	56.1	15.2	6.7	12.7	<0.5	2026-10-09	5
walkers-monster-munch-roast-beef-grab-bag-crisps-40g	g	82410	19710	1014	1	23.6	1.3	0.7	2.8	0.7	2026-10-09	5
kellogg-s-all-bran-fibre-plus-breakfast-cereal-500g	g	1315	313	2.8	0.5	47	15	26	12	0.9	2026-10-09	5
kellogg-s-bran-flakes-cereal-500g	g	1509	358	2.2	<0.5	65	14	17	11	0.7	2026-10-09	5
kellogg-s-coco-pops-mega-pops-chocolate-breakfast-cereal-365g	g	1612	382	4.2	2	73	21	8.3	8.8	<0.5	2026-10-09	5
kellogg-s-crunchy-nut-breakfast-cereal-460g	g	1683	398	4.5	0.7	82	35	2.5	6	0.8	2026-10-09	5
kellogg-s-crunchy-nut-hazelnut-chocolate-granola-380g	g	2026	484	23	9.5	58	24	6	8.3	0.8	2026-10-09	5
kellogg-s-crunchy-nut-original-breakfast-cereal-300g	g	1683	398	4.5	0.7	82	35	2.5	6	0.8	2026-10-09	5
kellogg-s-honey-pops-breakfast-cereal-330g	g	1626	384	1.5	<0.5	85	22	4.6	5.2	<0.5	2026-10-09	5
kellogg-s-krave-chocolate-hazelnut-cereal-410g	?	1915	456	16	4.5	69	26	3.6	7.1	0.94	2026-10-09	5
kellogg-s-special-k-360g-crunchy-golden-clusters-breakfast-cereal	g	1655	394	12	1	57	18	13	8.1	0.7	2026-10-09	5
kellogg-s-special-k-red-berries-breakfast-cereal-500g	g	1652	390	1.4	<0.5	83	16	6.6	8	0.8	2026-10-09	5
linwoods-300g-original-energy-overnight-oats	g	1640	390	10		53		8.8	17	<0.5	2026-10-09	5
lizi-s-granola-original-nuts-seeds-400g	g	1997	477	21.4	4.1	55.2	7.3	8.7	11.6	<0.5	2026-10-09	5
lizi-s-low-sugar-granola-400g	g	2060	493	25.5	3.6	48.5	3.3	8	13.4	<0.5	2026-10-09	5
mornflake-oatbran-800g	g	1526	364	7.6	1.3	48.2	1.5	19.4	16	<0.5	2026-10-09	5
nestle-cheerios-honey-cereal-370g	g	1596	378	3.9		72		8.7	9.3	0.7	2026-10-09	5
nestle-cheerios-multigrain-cereal-500g	g	1605	380	4.8		69.8		9.2	9.9	0.8	2026-10-09	5
nestle-curiously-cinnamon-cereal-375g	g	1743	414	9.4	1.1	73.5	25	5.7	5.9	0.9	2026-10-09	5
nestle-kitkat-milk-chocolate-cereal-330g	g	1769	420	10.9		69		6.5	7.9	<0.5	2026-10-09	5
nestle-nesquik-310g-strawberry-flavoured-breakfast-cereal	g	1607	380	2.9		76.5		7.1	8.2	<0.5	2026-10-09	5
nestle-shredded-wheat-450g-bitesize-apricot-wheats-breakfast-cereal	g	1467	347	1.4	<0.5	71.3	16.5	8.3	8	<0.5	2026-10-09	5
nestle-shredded-wheat-450g-bitesize-raisin-wheats-breakfast-cereal	g	1432	339	1.7		68.3		10.3	9.2	<0.5	2026-10-09	5
nestle-shredded-wheat-bitesize-red-berry-wheats-cereal-450g	g	1482	350	1.4	<0.5	72.4	16.2	8.1	7.9	<0.5	2026-10-09	5
nestle-shreddies-coco-chocolate-cereal-600g	g	1561	369	2.4	0.8	72.3	22.2	9.8	9.7	0.7	2026-10-09	5
nestle-shreddies-original-cereal-630g	g	1540	364	1.8	<0.5	70.4	12.5	12	10.8	0.8	2026-10-09	5
quaker-400g-chocolate-brownie-salted-caramel-protein-granola	g	1733	415	17	2.8	35	7	20	21	<0.5	2026-10-09	5
quaker-golden-syrup-porridge-big-pot-76g	g	1577	374	5.7	1.1	64	21	6.3	13	0.5	2026-10-09	5
quaker-jumbo-porridge-oats-1kg	g	1565	374	8	1.5	60	1.1	9	11	<0.1	2026-10-09	5
quaker-oat-so-simple-22-x-27g-original-big-pack-porridge-sachets	g	1557	370	7.7	1.3	59	1	9	11	<0.1	2026-10-09	5
quaker-oat-so-simple-apple-blueberry-porridge-sachets-10x36g	g	1513	378	6.2	1.2	68	21	7.2	8.6	<0.5	2026-10-09	5
quaker-oat-so-simple-big-bowl-original-porridge-sachets-6x38-5g	g	1557	370	7.7	1.3	59	1	9	11	<0.1	2026-10-09	5
quaker-oat-so-simple-caramelised-biscuit-porridge-sachets-10x33-4g	g	1582	375	6.5	1.2	67	16	7.5	8.9	0.6	2026-10-09	5
quaker-oat-so-simple-golden-syrup-porridge-pot-57g	g	1577	374	5.7	1.1	64	21	6.3	13	0.5	2026-10-09	5
quaker-oat-so-simple-golden-syrup-porridge-sachets-20x36g	g	1584	376	6.5	1.2	67	18	7.3	9	0.6	2026-10-09	5
quaker-oat-so-simple-original-porridge-pot-45g	g	1578	374	5.8	1.2	62.4	21.2	6.4	15	<0.5	2026-10-09	5
quaker-oat-so-simple-protein-original-porridge-pot-49g	g	1542	365	5.4	0.8	52	12	6.6	24	<0.5	2026-10-09	5
quaker-oat-so-simple-sultanas-raisins-porridge-sachets-10x38-5g	g	1554	371	5.7	0.9	68	26	6.9	8.3	<0.5	2026-10-09	5
quaker-oat-so-simple-sweet-cinnamon-porridge-pot-57g	g	1585	375	5.8	1.1	64	21	6.6	13	<0.5	2026-10-09	5
quaker-oats-58g-high-protein-peanut-butter-porridge-pot	g	1572	372	5.7	1.1	56	16	6.1	21	0.7	2026-10-09	5
quaker-oats-8-x-44g-high-protein-chocolate-brownie-porridge-sachets	g	1610	382	7.2	2	55	15	6.9	21	0.7	2026-10-09	5
quaker-oats-fruit-with-summer-fruits-porridge-sachets-x8-264g	g	1563	371	7.2	1.3	62	6	8.9	10	<0.5	2026-10-09	5
quaker-oats-so-simple-hazelnut-chocolate-porridge-sachets-10x36g	g	1613	383	7.9	2.2	65	19	8.1	9.2	<0.5	2026-10-09	5
quaker-rolled-porridge-oats-500g	g	1565	374	8	1.5	60	1.1	9	11	<0.1	2026-10-09	5
sainsburys-375g-high-protein-caramel-flavour-crunch-breakfast-cereal	g	1600	378	2.7	0.5	62.0	13.0	6.9	23.0	0.28	2026-10-09	5
sainsburys-400g-spiced-mixed-nuts-seeds-with-apple-granola	g	1849	440	15.8	2.2	58.8	6.8	6.7	12.4	0.02	2026-10-09	5
sainsburys-57g-golden-syrup-flavour-porridge-pot	g:cooked	395	93	1.2	0.2	16.4	6.4	1.5	3.5	0.05	2026-10-09	5
sainsburys-apple-blueberry-porridge-8-x-36g-288g	g	1604	380	6.0	1.0	70.2	19.4	5.9	8.2	0.03	2026-10-09	5
sainsburys-choco-hazelnut-squares-cereal-375g	g	1866	444	15.4	3.2	67.2	22.0	5.2	6.6	0.41	2026-10-09	5
sainsburys-choco-rice-pops-375g	g	1642	387	1.9	0.9	83.8	15.6	2.8	7.3	0.46	2026-10-09	5
sainsburys-chocolate-flakes-clusters-with-milk-chocolate-chunks-500g	g	1816	432	12.5	3.3	67.0	17.8	7.1	9.3	0.43	2026-10-09	5
sainsburys-chocolate-protein-porridge-pot	g	462	109	1.5	0.4	17.1	5.5	1.5	6.1	0.04	2026-10-09	5
sainsburys-free-from-350g-chocolate-hazelnut-raspberry-granola	g	1699	404	10.9	1.8	57.5	10.4	12.3	12.9	0.02	2026-10-09	5
sainsburys-free-from-golden-syrup-porridge-pot-55g	g	418	99	1.3	0.7	17.9	4.9	1.6	3.2	0.06	2026-10-09	5
sainsburys-frosted-malties-500g	g	1561	369	1.5	0.3	75.0	20.4	9.2	9.2	0.23	2026-10-09	5
sainsburys-fruit-nut-granola-taste-the-difference-500g	g	1865	444	15.3	4.3	63.9	21.0	5.6	9.9	0.22	2026-10-09	5
sainsburys-fruit-nut-seed-muesli-750g	g	1604	381	10.2	2.3	57.6	18.7	7.7	10.9	0.03	2026-10-09	5
sainsburys-granola-raisin-nut-honey-1kg	g	1756	417	11.2	2.6	66.3	21.4	6.3	9.7	0.03	2026-10-09	5
sainsburys-granola-tropical-1kg	g	1787	425	12.8	3.0	66.2	22.9	5.8	8.3	0.03	2026-10-09	5
sainsburys-granola-with-pomegranate-goji-berry-strawberry-400g	g	1817	433	14.8	1.4	61.0	5.2	7.2	10.3	0.03	2026-10-09	5
sainsburys-high-protein-berry-granola-375g	g	1845	439	12.9	1.4	54.0	13.1	6.7	23.3	0.01	2026-10-09	5
sainsburys-high-protein-chocolate-nut-granola-400g	g:typical analysis	1929	460	17.2	2.5	48.6	12.8	6.3	24.4	0.01	2026-10-09	5
sainsburys-honey-nut-clusters-500g	g	1828	435	12.9	1.6	68.3	18.4	4.6	9.0	0.94	2026-10-09	5
sainsburys-low-sugar-berry-granola	g	1805	430	14.0	1.6	62.1	4.5	7.2	10.2	0.02	2026-10-09	5
sainsburys-maple-nut-crisp-500g	g:typical analysis	1854	441	14.8	1.8	65.1	18.2	5.8	9.1	0.03	2026-10-09	5
sainsburys-multigrain-hoops-cereal-375g	g	1606	380	2.4	0.5	75.5	16.8	8.8	9.5	0.43	2026-10-09	5
sainsburys-nut-flakes-clusters-with-almonds-hazelnuts-pecans-500g	g	1820	433	13.4	2.0	64.0	12.7	7.6	10.3	0.33	2026-10-09	5
sainsburys-nutty-muesli-750g	g:typical analysis	1649	392	11.3	2.4	57.9	15.7	7.7	10.9	0.04	2026-10-09	5
sainsburys-porridge-golden-syrup-8x36g	g	1607	381	6.3	1.1	70.0	22.1	5.9	8.1	0.03	2026-10-09	5
sainsburys-porridge-pot-original-50g	g:cooked	350	83	1.2	0.2	13.0	3.1	1.9	4.1	0.07	2026-10-09	5
sainsburys-raisin-nut-honey-granola-70g	g	1756	417	11.2	2.6	66.3	21.4	6.3	9.7	0.03	2026-10-09	5
sainsburys-rice-pops-375g	g	1647	388	1.0	0.4	86.4	4.0	1.2	7.7	0.40	2026-10-09	5
sainsburys-special-flakes-500g	g	1565	369	0.8	0.2	80.5	11.9	5.1	7.4	0.28	2026-10-09	5
sainsburys-strawberry-crisp-500g	g	1843	438	13.5	2.7	67.9	19.6	5.6	8.6	0.03	2026-10-09	5
sainsburys-tiramisu-flavour-granola-taste-the-difference-500g	g	1817	432	12.3	2.7	67.5	19.2	6.3	9.6	0.03	2026-10-09	5
sainsburys-wheat-biscuits-x24	g	1501	355	1.5	0.3	70.0	4.2	10.5	10.1	0.25	2026-10-09	5
sainsburys-wholegrain-bran-flakes-750g	g	1463	347	2.6	0.9	60.8	8.1	15.7	12.2	0.53	2026-10-09	5
sainsburys-wholegrain-malties-cereal-750g	g	1545	365	1.7	0.4	72.0	9.3	9.5	10.7	0.28	2026-10-09	5
scott-s-porage-original-porridge-oats-1kg	g:serving	1565	374	8	1.5	60	1	9	11	<0.1	2026-10-09	5
stamford-street-co-muesli-1kg	g	1488	353	4.5	0.8	62.3	4.9	9.0	11.2	0.03	2026-10-09	5
surreal-240g-high-protein-low-sugar-cinnamon-hoops-breakfast-cereal	g	1509	357	1.6	<0.5	46.3		15.3	31.8	0.9	2026-10-09	5
surreal-300g-chocolate-hazelnut-high-protein-low-sugar-granola	g	1738	416	15	3	44		18	21	0.5	2026-10-09	5
surreal-300g-peanut-butter-high-protein-low-sugar-granola-breakfast-cereal	g	1877	450	21	2.9	35		15	25	0.5	2026-10-09	5
the-paleo-foods-co-pecan-almond-grain-free-granola-285g	g	2653	634	53	20.8	19.9	9.4	11.3	15.3	<0.5	2026-10-09	5
weetabix-24-banana-flavour-cereal-pack	g	1527	361	1.9	<0.5	70	13	10	11	<0.5	2026-10-09	5
weetabix-24-oatibix-cereal	g	1641	390	8	1.3	63	4.5	8.8	12	<0.5	2026-10-09	5
weetabix-450g-disney-stitch-choco-crunch-breakfast-cereal	g	1588	375	2.8	0.7	64	22	7.1	20	<0.5	2026-10-09	5
weetabix-500g-crispy-minis-fruit-nut-breakfast-cereal	g	1581	374	3.9	0.7	69	18	9.6	11	<0.5	2026-10-09	5
weetabix-72-x-original-cereal	g	1497	354	2	0.6	68	4.2	10	11	<0.5	2026-10-09	5
deliciously-ella-380g-nutty-granola-breakfast-cereal	g	1944	465	18	2.6	61	16	8.2	12	<0.5	2026-10-09	5
sainsburys-free-from-oats-450g	g	1455	345	3.8	0.7	58.5	2.2	13.4	12.5	0.08	2026-10-09	5
nature-s-path-gluten-free-mesa-sunrise-355g	g	1673	400	3.3	0.5	80	13	10	10	1	2026-10-09	5
nestle-go-free-gluten-free-honey-nut-flakes-cereal-350g	g	1675	396	4.4	1	79	26.7	5.1	7.6	1	2026-10-09	5
sainsburys-cornflakes-so-organic-375g	g	1617	381	0.7	<0.1	84.7	2.1	2.3	7.8	0.80	2026-10-09	5
sainsburys-porridge-oats-so-organic-750g	g	1525	362	6.6	1.3	59.9	0.9	9.6	11.0	<0.01	2026-10-09	5
ambrosia-ready-to-eat-porridge-oat-cereal-pot-golden-syrup-210g	g	420	100	2.7	1.2	14	6.8	1.4	4.2	<0.5	2026-10-09	5
kellogg-s-all-bran-breakfast-cereal-750g	g	1400	334	3.5	0.7	48	18	27	14	0.9	2026-10-09	5
kellogg-s-frosties-breakfast-cereal-470g	g	1594	375	0.6	<0.5	87	37	2	4.5	0.9	2026-10-09	5
kellogg-s-rice-krispies-multigrain-shapes-breakfast-cereal-350g	g	1680	397	2.9	0.5	82	15	7.5	7	<0.5	2026-10-09	5
nestle-shredded-wheat-bitesize-cereal-370g	g	1535	363	2.3		66.1		14.2	12.5	<0.5	2026-10-09	5
sainsburys-scottish-porridge-oats-1-5kg	g	1525	362	6.6	1.3	59.9	0.9	9.6	11.0	<0.01	2026-10-09	5
weetabix-24-original-cereal-pack	g	1497	354	2	0.6	68	4.2	10	11	<0.5	2026-10-09	5
nestle-shredded-wheat-bitesize-cereal-720g	g	1535	363	2.3		66.1		14.2	12.5	<0.5	2026-10-09	5
bio-me-58g-porridge-cocoa	g:serving made up as direc	560	134	5	2.1	17	4.9	2.9	3.8	<0.5	2026-10-09	5
freee-gluten-free-organic-cinnamon-hoops-300g	g	1650	389	1.4	<0.5	88	17	1.9	4.9	0.7	2026-10-09	5
kallo-organic-puffed-rice-cereal-gluten-free-225g	g	1594	376	2	0.5	81	0.7	3	7		2026-10-09	5
moma-cranberry-raisin-gluten-free-jumbo-oat-porridge-pot-70g	g	1522	361	4.3	0.8	63.7	25.9	6.5	14	<0.5	2026-10-09	5
quaker-oat-so-simple-gluten-free-porridge-10x35g	g	1515	359	6	1.4	60	1.8	9.3	12	<0.5	2026-10-09	5
surreal-300g-high-protein-chocolate-overnight-oats	g	1541	366	6.1	2.3	46.6	4.2	9.8	26.7	1.3	2026-10-09	5
deliciously-ella-3-x-50g-apple-raisin-cinnamon-multipack-oat-bars	g	1787	426	17.4	9.5	59.3	29	4.9	5.6	<0.5	2026-10-09	5
nature-valley-protein-peanut-chocolate-cereal-biscuit-snack-bars-4x42g	g	2038	489	28.3	7.4	27.5	17.2	11	25.6	1	2026-10-09	5
sainsburys-free-from-fruity-muesli-450g	g:without milk	1635	390	12.6	1.8	50.2	17.5	9.5	14.1	0.05	2026-10-09	5
dorset-cereals-500g-fantastically-fruity-breakfast-muesli	g	1525	361	4	1.4	69	22	7.6	8.5	<0.5	2026-10-09	5
dorset-cereals-500g-gloriously-nutty-muesli	g	1690	403	13	1.6	55	8.3	9.8	11.6	<0.5	2026-10-09	5
dorset-cereals-nutty-granola-breakfast-cereal-450g	g	2071	496	26.4	3.8	49.3	12.1	7.4	11.6	<0.5	2026-10-09	5
kellogg-s-375g-krave-caramelised-biscuit-flavour-breakfast-cereal	g	1806	429	14	3.5	70	22	2.9	7.4	1	2026-10-09	5
kellogg-s-420g-crunchy-nut-crunchies-caramelised-biscuit-breakfast-cereal	g	1618	382	2.5	0.6	79	23	7.3	7.3	<0.5	2026-10-09	5
kellogg-s-bluey-breakfast-cereal-350g	g	1980	397	2.9	0.5	82	15	7.5	7	<0.5	2026-10-09	5
kellogg-s-coco-pops-430g-chocos-white-chocolate-breakfast-cereal	g	1647	388	1.3	<0.5	85	21	3.3	7.5	<0.5	2026-10-09	5
kellogg-s-frosties-breakfast-cereal-925g	g	1594	375	0.6	<0.5	87	37	2	4.5	0.9	2026-10-09	5
kellogg-s-fruit-n-fibre-original-breakfast-cereal-700g	g	1603	380	6	3.5	69	24	9	8	1	2026-10-09	5
kellogg-s-special-k-330g-red-berries-breakfast-cereal	g	1652	390	1.4	<0.5	83	16	6.6	8	0.8	2026-10-09	5
kellogg-s-special-k-crunchy-oat-granola-mixed-berries-350g	g	1895	451	14	1.9	67	11	10	9.3	<0.5	2026-10-09	5
kellogg-s-variety-packs-x8-196g	g	1642	388	1.9	0.6	83	15	4.8	7.2	0.7	2026-10-09	5
nestle-cheerios-multigrain-cereal-800g	g	1605	380	4.8		69.8		9.2	9.9	0.8	2026-10-09	5
nestle-shreddies-original-cereal-1-1kg	g	1540	364	1.8	<0.5	70.4	12.5	12	10.8	0.8	2026-10-09	5
flahavan-s-organic-jumbo-oats-1kg	g	1566	371	5.8		64		8.3	11	<0.5	2026-10-09	5
nakd-cocoa-hazelnut-protein-bars-3x45g	g	1765	424	22	3.5	33		16	16	<0.5	2026-10-09	5
belvita-5-x-50-6g-yogurt-crunch-multipack-cereal-biscuit-snack-bars	g	1934	460	16	5.1	69	27		7.5		2026-10-09	5
belvita-soft-bakes-5-x-50g-strawberry-filled-cereal-multipack-snack-bars	g	1541	367	10	1	63	18		4.9		2026-10-09	5
mcvitie-s-family-circle-400g-biscuit	g	2046	488	21.9	11.2	65.4	26.2	3	5.9	0.8	2026-10-09	5
trek-cocoa-oat-protein-flapjack-50g	g	1899	454	22	10	44	28	3.9	18	0.8	2026-10-09	5
belvita-5-x-45g-honey-nut-with-chocolate-chips-multipack-cereal-snack-bars	g	1878	447	15	1.8	65	22		7.7		2026-10-09	5
belvita-5-x-50g-soft-bakes-multipack-blueberry-cereal-snack-bars	g	1630	388	12	1.1	63	21		5.4		2026-10-09	5
belvita-5-x-50g-soft-bakes-multipack-golden-oats-cereal-snack-bars	g	1630	388	13	1.2	61	18		5.6		2026-10-09	5
belvita-duo-crunch-strawberry-yogurt-cereal-snack-bar-50-6g	g	1894	450	14	3	70	25		7.1		2026-10-09	5
belvita-soft-bakes-5-x-50g-chocolate-hazelnut-flavour-cereal-multipack-snack-bars	g	1670	398	14	1.9	61	22		5.3		2026-10-09	5
cadbury-bournville-brunch-4-x-28g-oats-dark-chocolate-chip-multipack-cereal-bars	g	1798	429	17	7.8	64	27		5.8		2026-10-09	5
cadbury-brunch-4-x-26g-light-honey-oat-multipack-chocolate-cereal-bars	g	1503	358	8.9	4	59	15		6.7		2026-10-09	5
cadbury-brunch-4-x-28g-oats-chocolate-chip-multipack-cereal-bars	g	1794	428	16	8.5	65	28		6.2		2026-10-09	5
cadbury-brunch-4-x-peanut-multipack-cereal-bars-112g	g	1869	446	20	8.5	60	25		8.1		2026-10-09	5
deliciously-ella-50g-cacao-almond-energy-snack-bar	g	1697	679	20	4.1	45	42	9.5	9.8	<0.5	2026-10-09	5
fibre-one-90-calorie-birthday-cake-bar-snack-4x24g	g	1510	361	11.7		50		21.1	3.4	1	2026-10-09	5
go-ahead-apple-crispy-fruit-slices-snack-bars-multipack-4x43-6g	g	1565	372	7.1	0.7	71.1	25.6	6.5	5.3	0.5	2026-10-09	5
go-ahead-forest-fruit-crispy-fruit-slices-multipack-snack-bars-4x44g	g	1564	371	7.1	0.7	71.1	25.4	6.5	5.3	0.5	2026-10-09	5
go-ahead-fruit-oat-bakes-6-x-25g-strawberry-multipack-snack-bars	g	1542	366	8.6	0.8	69.7	21.1	4.9	3.3	0.7	2026-10-09	5
go-ahead-yogurt-breaks-4-x-35-5g-forest-fruit-multipack-snack-bars	g	1680	399	10.3	4.4	72	35.2	3.8	5.1	0.6	2026-10-09	5
goodies-5-x-20g-date-nuts-multipack-kids-snack-fruit-bars	g	1395	332	7.2	1.1	57	45	11	3.7	<0.5	2026-10-09	5
goodies-6-x-23g-mandarin-apple-multipack-kids-snack-oat-bars	g	1708	408	15	2	54	22	13	7.7	<0.5	2026-10-09	5
graze-3-x-45g-hazelnut-dark-chocolate-multipack-oat-brownies	g	1550	372	18	3.7	39	13	18	5.9	<0.5	2026-10-10	5
graze-3-x-45g-pistachio-white-chocolate-multipack-oat-blondies	g	1491	357	15	3.2	41	14	16	5.6	<0.5	2026-10-10	5
graze-oat-boosts-3-x-40g-banana-bread-flapjacks	g	1591	382	19	3.2	41	12	14	5	<0.5	2026-10-10	5
graze-oat-boosts-3-x-40g-cocoa-vanilla-flapjacks	g	1607	386	22	4	33	8.9	17	6.3	<0.5	2026-10-10	5
graze-oat-boosts-3-x-40g-lemon-blueberry-flapjacks	g	1784	428	21	3.6	46	13	16	6	<0.5	2026-10-10	5
grenade-chocolate-chip-salted-caramel-flavour-35g	g	1544	370	16	9	33	2.2	4	34	0.6	2026-10-10	5
jordans-frusli-juicy-red-berry-chewy-oat-cereal-snack-bars-6-x-25g	g	1653	391	6.8	0.9	75	30	4.3	5.3	<0.5	2026-10-10	5
kellogg-s-4-x-45g-nutri-grain-bakes-raisin-snack-bars	g	1539	365	7.9	0.9	66	36	4.3	5.3	<0.5	2026-10-10	5
kellogg-s-bluey-4-x-25g-chocolate-multigrain-multipack-snack-bars	g	1685	400	5.5	2	73	15	16	6.6	<0.5	2026-10-10	5
kellogg-s-coco-pops-4-x-20g-chocolate-cereal-milk-multipack-snack-bars	g	1729	411	11	8	70	26	4.4	5.7	0.5	2026-10-10	5
kellogg-s-nutri-grain-strawberry-snack-bar-6x37g	?			8.3	3.0	67	33	3.8	4.2	0.55	2026-10-10	5
kellogg-s-pop-tarts-strawberry-sensation-breakfast-pastry-snack-8x48g	g	1686	400	9.9	4.9	73	37	2	3.7	0.9	2026-10-10	5
kellogg-s-rice-krispies-squares-30-x-28g-marshmallow-snack-bars	g	1794	426	12	7	76	32	0.9	3	0.8	2026-10-10	5
kellogg-s-rice-krispies-squares-30-x-36g-totally-chocolatey-snack-bars	g	1831	435	15	8.9	70	38	1.6	5.1	0.6	2026-10-10	5
kellogg-s-rice-krispies-squares-4-x-36g-caramel-chocolate-multipack-snack-bars	g	1839	436	12	9.2	77	39	2	4.1	0.7	2026-10-10	5
kellogg-s-rice-krispies-squares-4-x-36g-totally-chocolatey-snack-bars	g	1831	435	15	8.9	70	38	1.6	5.1	0.6	2026-10-10	5
kellogg-s-rice-krispies-squares-8-x-36g-totally-chocolatey-snack-bars	g	1831	435	15	8.9	70	38	1.6	5.1	0.6	2026-10-10	5
kellogg-s-special-k-dark-chocolate-bars-6x21-5g	g	1672	397	9.2	4.7	67	28	9.6	6.8	0.6	2026-10-10	5
kind-40g-milk-white-chocolate-nut	g	2213	533	37	8.2	27	19	12	17	<0.5	2026-10-10	5
kind-protein-dark-chocolate-nut-50g	g	2079	497	34	8.2	25	16	9.8	23	0.7	2026-10-10	5
nakd-blueberry-muffin-big-bar-45g	g	1555	370	12	1.7	55		8.4	6.4	<0.5	2026-10-10	5
nature-valley-4-x-36g-protein-fibre-chocolate-orange-flavour-bars	g	1928	464	27.1	3.6	27.1	13.1	18	19.6	<0.5	2026-10-10	5
nature-valley-5-x-42g-crunchy-fibre-apple-cinnamon-flavour-bars	g	1947	464	17.9	1.7	61.6	22.3	7.5	8	<0.5	2026-10-10	5
nature-valley-60g-salted-caramel-nut-protein-bar	g	2063	497	29.7	6.8	26.6	15.7	10.2	26	0.8	2026-10-10	5
nature-valley-crunchy-oats-honey-cereal-bar-42g	g	1960	467	18.1	2.2	64.3	26.8	6.4	8.7	0.9	2026-10-10	5
nature-valley-crunchy-oats-honey-family-pack-cereal-biscuit-snack-bars	g	1960	467	18.1	2.2	64.3	26.8	6.4	8.7	0.9	2026-10-10	5
nature-valley-crunchy-variety-pack-cereal-biscuit-snack-bars-10x42g	g	1951	465	17.8	2.2	64.3	26.8	6.4	8.7	0.8	2026-10-10	5
nature-valley-sweet-salty-dark-chocolate-nut-cereal-bars-4x40g	g	1940	464	22.9	8.8	50	23.3	10.1	9.5	1	2026-10-10	5
pip-nut-3-x-46g-dark-chocolate-peanut-protein-bars	g	1982	478	26	6.8	34	23	5.1	21	1.4	2026-10-10	5
pip-nut-46g-peanut-butter-protein-bar	g	2024	485	28	9	32	19	5.1	24	1	2026-10-10	5
pip-nut-original-almond-butter-stuffed-oat-bars-3-x-45g	g	2072	497	28	6	46	22	6.6	13	<0.5	2026-10-10	5
sainsburys-5-salted-caramel-cereal-bars-95g	g	1439	343	6.7	2.6	51.7	13.8	24.3	6.9	0.20	2026-10-10	5
sainsburys-raspberry-white-chocolate-cereal-bars-x5-95g	g	1533	365	7.5	3.1	58.2	18.5	19.0	6.7	0.18	2026-10-10	5
skinny-5-x-19g-salted-caramel-crunch-light-cereal-bars	g	1377	328	4.2	1.6	55	14	27	4.5	0.5	2026-10-10	5
skinny-whip-5-x-20g-chocolate-hazelnut-multipack-bars	g	1424	340	7.5	6.6	53.6	30.6	24.3	2.3	<0.5	2026-10-10	5
skinny-whip-mint-dark-chocolate-5x20g	g	1513	361	7.8	6.8	59	49	23	1.7	<0.5	2026-10-10	5
stoats-blueberry-honey-porridge-oat-bars-4x42g	g	1778	427	20	3.9	50	13	15	8	<0.5	2026-10-10	5
trek-biscoff-protein-flapjack-3-x-50g	g	1927	460	21	8.8	45	24	4.4	20	0.8	2026-10-10	5
trek-high-protein-biscoff-3-x-44g	g	1814	435	21	9.1	25	16	16	28	0.9	2026-10-10	5
trek-high-protein-low-sugar-choc-caramel-flavour-3-x-44g	g	1499	361	16	9.8	16	4	28	27	1.2	2026-10-10	5
trek-salted-caramel-protein-flapjacks-3x50g	g	1875	447	20	9.6	46	23	3.7	19	1.2	2026-10-10	5
trek-white-choc-raspberry-protein-flapjacks-3-x-50g	g	1962	468	21	9.4	49	24	3.6	19	0.6	2026-10-10	5
tribe-wildfarmed-blueberry-almond-butter-flapjack-bars-3-x-50g	g	1912	456	19.4	1.6	61.1	21.7	5.8	6.4	<0.5	2026-10-10	5
deliciously-ella-3-x-50g-raisin-chocolate-topped-multipack-oat-bars	g	1962	469	23	13	58	27	5.4	6.2	<0.5	2026-10-10	5
deliciously-ella-3-x-50g-cacao-almond-multipack-oat-bars	g	1820	435	19.1	9.7	55.8	25.6	5.1	7.4	<0.5	2026-10-10	5
deliciously-ella-3-x-50g-hazelnut-pecan-maple-multipack-oat-bars	g	2040	488	25.9	8.4	53.8	18.3	5.2	7.3	<0.5	2026-10-10	5
deliciously-ella-3-x-50g-mixed-berry-multipack-oat-bars	g	1809	432	16	9.7	62	25	7.3	6.9	<0.5	2026-10-10	5
eat-natural-protein-peanuts-dark-chocolate-fruit-nut-cereal-bars-3x40g	g	2294	551	36.3	14.1	33.4	24.9	5.9	19.5	<0.5	2026-10-10	5
nairn-s-belgian-chocolate-chunk-crunchy-oat-bars-x8-160g	g	1945	464	19.1	8.2	62.7	15.1	6.4	7.1	1.1	2026-10-10	5
kind-dark-chocolate-nuts-sea-salt-40g	g	2252	543	38	6.7	27	16	15	17	0.8	2026-10-10	5
organix-6-x-23g-apple-orange-oaty-bars-toddler-multipack-snacks	g	1723	411	15	1.9	55	20	13	7.6	<0.5	2026-10-10	5
organix-6-x-23g-carrot-cake-oaty-bars-toddler-multipack-snacks	g	1717	410	15	1.9	55	21	12	7.9	<0.5	2026-10-10	5
organix-6-x-23g-strawberry-apple-oaty-bars-toddler-multipack-snacks	g	1704	407	15	1.9	54	20	13	7.7	<0.5	2026-10-10	5
barebells-40g-caramel-choco-soft-protein-bar	g	1529	367	16	7.4	32	3.8	12	29	0.9	2026-10-10	5
eat-natural-protein-peanuts-orange-dark-chocolate-fruit-nut-cereal-bars-3x40g	g	2076	830								2026-10-10	5
grenade-oreo-protein-bar-35g	g	1624	389	17	9.3	34	1.7	2	35	0.6	2026-10-10	5
nakd-3-x-45g-cherry-fruit-nut-protein-bars	g	1688	404	18	2.8	39		16	14	<0.5	2026-10-10	5
nakd-peanut-butter-protein-bar-45g	g	1755	421	21	3.5	34		15	17	<0.5	2026-10-10	5
pip-nut-3-x-46g-peanut-butter-multipack-protein-bars	g	2024	485	28	9	32	19	5.1	24	1	2026-10-10	5
deliciously-ella-3-x-50g-peanut-butter-on-the-go-multipack-breakfast-bakes	g	1876	448	24	6.5	44	17	8.5	12	0.6	2026-10-10	5
deliciously-ella-50g-apple-raisin-oat-bar	g	1787	426	17.4	9.5	59.3	29	4.9	5.6	<0.5	2026-10-10	5
eat-natural-4-x-25g-apple-multipack-soft-fruit-bars	g	1448	343	4.9	0.6	67	55	8.6	3.7	<0.5	2026-10-10	5
eat-natural-almond-apricot-with-a-yoghurt-coating-fruit-nut-bars-40g	g	1985	476								2026-10-10	5
eat-natural-protein-3-x-40g-maple-syrup-pecans-peanuts-multipack-bars	g	2341	564	42.2	5.4	22.4	11.2	7.1	20.1	<0.5	2026-10-10	5
kind-40g-caramel-chocolate-peanut-cereal-bar	g	2356	564	42	6.2	22	9.8	13	19	0.6	2026-10-10	5
kind-caramel-nut-protein-bars-3-x-42g	g	2132		33	7.4	22	15	14	25	<0.5	2026-10-10	5
kind-peanut-butter-dark-chocolate-cereal-bars-multipack-3x30g	g	2101	502	33	8.7	41	23	6.3	19	<0.5	2026-10-10	5
kind-protein-crunchy-peanut-butter-snack-bar-50g	g	2124	511	33	7.9	23	15	13	24	0.7	2026-10-10	5
kind-protein-dark-chocolate-nut-snack-bars-multipack-3x42g	g	2228	535	34	7.6	31	17	6.5	23	0.5	2026-10-10	5
nairn-s-honey-crunchy-oat-bars-x8-160g	g	1942	463	19.1	7.6	61.3	8	7.5	7.7	0.7	2026-10-10	5
nakd-45g-cherry-protein-bar	g	1688	404	18	2.8	39		16	14	<0.5	2026-10-10	5
nakd-bakewell-tart-raw-fruit-nut-bar-4x35g	g	1666	398	16	2.9	52		7.7	7.9	<0.5	2026-10-10	5
nakd-blueberry-muffin-fruit-nut-bars-4x35g	g	1547	368	11	1.7	56		9.5	6.6	<0.5	2026-10-10	5
nakd-cocoa-orange-fruit-nut-bars-4x35g	g	1650	394	16	3.1	51		8.6	8.7	<0.5	2026-10-10	5
nakd-strawberry-raspberry-fruit-fibre-bars-3x44g	g	1627	389	16	2.6	42		14	11	<0.5	2026-10-10	5
nature-valley-protein-salted-caramel-nut-cereal-bars-4x42g	g	2067	496	29.5	7.1	26.3	16.1	10.8	26	0.9	2026-10-10	5
trek-peanut-butter-protein-flapjack-50g	g	2037	487	25	10	46	23	3	18	1	2026-10-10	5
freee-organic-4-x-35g-gluten-free-coconut-chocolate-oat-bars	g	1752	420	21	11	44	22	14	7	<0.5	2026-10-10	5
nakd-peanut-butter-protein-bars-3x45g	g	1755	421	21	3.5	34		15	17	<0.5	2026-10-10	5
kind-caramel-almond-sea-salt-40g	g	2211	534	40	7.9	19	14	17	16	0.8	2026-10-10	5
goodies-20g-banana-date-kids-snack-fruit-bites	g	1304	308	0.9	<0.5	68	55	10	2.4	<0.51	2026-10-10	5
goodies-5-x-20g-strawberry-date-multipack-kids-snack-fruit-bars	g	1310	310	3.2	<0.5	63	50	12	2.1	<0.5	2026-10-10	5
ainsley-harriott-400g-rustic-tuscan-bean-soup	g:as consumed	195	47	1.1	<0.5	5.7	0.6	2.5	2.2	0.7	2026-10-10	5
alva-sardines-in-brine-120g	g:drained	818	196	12	4.3	<0.1	<0.1		22	1	2026-10-10	5
alva-sardines-in-tomato-sauce-120g	g	588	140	6.7	2.3	0.8	0.7		19	1	2026-10-10	5
batchelors-bigga-dried-peas-selected-marrowfats-250g	g:for product cooked witho	394	93	0.5	<0.5	13.7	0.5	4.1	7.1	1	2026-10-10	5
batchelors-chip-shop-style-mushy-peas-300g	g:can serving	369	87	<0.5		13.1		3.9	5.9	0.5	2026-10-10	5
batchelors-smash-instant-mashed-potato-the-original-360g	g:as prepared	226	53	0.5	<0.5	11.3	0.5	1.2	1.2	<0.5	2026-10-10	5
baxters-440g-red-cabbage-190	g:drained	166	39	0.5	<0.5	7.6	7.6	2.2	0.7	0.8	2026-10-10	5
baxters-carrot-coriander-soup-400g	g	168	40	1.8	0.6	4.7	4.3	1	0.9	0.8	2026-10-10	5
baxters-favourites-royal-game-400g	g	160	38	<0.5	<0.5	6.3	0.9	0.5	2.2	0.7	2026-10-10	5
baxters-kimchi-korean-inspired-cabbage-with-chilli-pepper-300g	g	176	42	0.6	<0.5	5.4	5.4	3.4	2	2	2026-10-10	5
baxters-vegetarian-country-garden-soup-400g	g	150	35	0.7	<0.5	5.9	1.4	1.2	0.9	0.6	2026-10-10	5
baxters-vegetarian-spicy-parsnip-soup-400g	g	210	50	2.4	1	5.7	2.7	1.7	1.3	0.8	2026-10-10	5
bold-bean-co-390g-rich-tomato-baked-beans	g	344	82	1.3	<0.5	11.8	4	3.5	4	0.8	2026-10-10	5
bold-bean-co-570g-queen-white-beans	g:beans  stock	340	81	<0.1	<0.1	12	0.6	6.1	5.3	0.8	2026-10-10	5
bold-bean-co-queen-butter-beans-570g	g:beans  stock	418	99	0.8	<0.1	15	<0.1	6.1	5.4	0.8	2026-10-10	5
branston-baked-beans-220g	g	370	87	<0.5	<0.5	16.1	5.9	5.5	4.8	0.8	2026-10-10	5
branston-baked-beans-in-a-rich-tasty-tomato-sauce-6x410g	g	359	85	0.6	<0.5	12.5	4.7	5.9	4.6	0.6	2026-10-10	5
branston-reduced-sugar-salt-baked-beans-410g	g	347	82	<0.5	<0.5	12.8	3	5	4.6	0.5	2026-10-10	5
branston-spaghetti-loops-in-a-rich-thick-tomatoey-sauce-395g	g	249	59	<0.5	<0.5	11.9	4.1	1	1.6	<0.5	2026-10-10	5
campbell-s-condensed-cream-of-chicken-soup-295g	g	399	96	6.2		7.5		<0.5	2.3	0.9	2026-10-10	5
campbell-s-condensed-cream-of-tomato-soup-295g	g	485	116	6.9		11.5		1.9	1.2	1	2026-10-10	5
cirio-500g-passata-sieved-italian-tomatoes	g	147	35	<0.5	<0.1	6.3	4.4	1.1	1.2	<0.5	2026-10-10	5
cirio-chopped-tomatoes-4x400g	g	107	25	<0.5	<0.1	5	4.3	1.6	1	<0.5	2026-10-10	5
crosse-blackwell-400g-broccoli-stilton-soup	g	231	55	2.6	1.3	5.7	1.1	0.6	1.9	0.5	2026-10-10	5
crosse-blackwell-400g-roast-chicken-vegetable-soup	g	213	51	1	0.5	6.5	1.6	1.2	3.3	0.5	2026-10-10	5
crosse-blackwell-ltd-spicy-parsnip-carrot-400g	g	205	49	2.6	1.5	5.4	1.7	0.9	0.6	0.5	2026-10-10	5
crosse-blackwell-mixed-bean-chilli-soup-400g	g	284	68	0.9	<0.5	9.9	2.5	3.1	3.4	0.5	2026-10-10	5
del-monte-apricots-in-light-syrup-420	g:net content	265	60	<0.1	<0.1	14	12	0.6	<0.5	<0.5	2026-10-10	5
del-monte-fruit-cocktail-in-light-syrup-420g	g:net content	257	61	<0.1	<0.1	14	10	0.7	<0.5	<0.5	2026-10-10	5
del-monte-peach-slices-in-light-syrup-227g	g:net content	272	64	<0.1	<0.1	15	11	0.8	<0.5	<0.5	2026-10-10	5
del-monte-pear-halves-in-syrup-420g-230g-drained	g:net content	256	60	<0.1	<0.1	14	8	1.1	<0.5	<0.5	2026-10-10	5
del-monte-prunes-in-juice-410g	g:net content	457	108	<0.1	<0.1	25	18	0.7	0.6	<0.5	2026-10-10	5
del-monte-sliced-pineapple-in-juice-435g-260g-drained	g	269	63	<0.1	<0.1	14	12	0.6	<0.5	<0.1	2026-10-10	5
dino-s-famous-4-x-90g-beechwood-smoked-spicy-pork-hot-dogs	g	950	228	18	6.6	2.2	0.7		14	2.1	2026-10-10	5
dole-tropical-gold-pineapple-chunks-in-100-pineapple-juice-432g	g	243	58	<0.1	<0.1	13	12	1	<0.1	<0.1	2026-10-10	5
dole-tropical-gold-premium-pineapple-chunks-in-juice-227g	g	256	61	<0.1	<0.1	14	12		0.5	<0.1	2026-10-10	5
ella-s-kitchen-organic-the-purple-one-smoothie-multipack-baby-food-pouch-6-months-5x90g	g	281	66	0.5	<0.5	14.5	12.8	1.7	0.7	<0.5	2026-10-10	5
epicure-mediterranean-peach-halves-in-syrup-540g	g	301	71	<0.5	<0.5	16.5	15.7		0.5	<0.5	2026-10-10	5
foresight-pease-pudding-220g	g	397	94	0.7	<0.5	15.9	0.5	1.7	6		2026-10-10	5
fray-bentos-chicken-mushroom-425g	g	696	166	9.8	3.8	13.3	0.6	0.6	6	0.7	2026-10-10	5
fray-bentos-meatballs-in-tomato-sauce-380g	g	365	87	2.6	1	11.1	2.3	0.6	4.4	0.8	2026-10-10	5
fray-bentos-minced-beef-onion-pies-425g	g	669	160	8.3	4.1	14.9	1	2.5	5.2	0.6	2026-10-10	5
fray-bentos-steak-kidney-pie-425g	g	612	146	7.1	3.4	13.4	0.8	1.7	6.4	0.7	2026-10-10	5
frinsa-160g-albacore-tuna-steak-in-brine	g:drained	600	142	2.9	1	<0.1	<0.1		29	1	2026-10-10	5
frinsa-160g-salmon-in-brine	g:drained	934	224	14.9	1.9	<0.1	<0.1		22.5	1	2026-10-10	5
frinsa-carbs-100g-basmati-wild-rice-mix	g	431	102	0.55	0.55	22.3	0.55		2.6	1	2026-10-10	5
frinsa-solo-280g-chicken-breast-carbs-mix-pack-basmati-wild-rice	g:drained	563	133	1.5	0.5	<0.1	<0.1		30	1	2026-10-10	5
fullgreen-riced-cauliflower-broccoli-200g	g:serving	105	25	0.5	<0.1	4	1	3	1.5	<0.5	2026-10-10	5
garner-s-pickled-shallots-300g-160g	g:drained	410	97	0.5		21.6		2.5	1	1.8	2026-10-10	5
garner-s-spiced-pickled-cabbage-454g-190g	g:drained	297	70	0.5		15		2.2	1	1.9	2026-10-10	5
graal-170g-mackerel-fillets-in-oil-caned-fish	g:of product	2015	489	50	7	<0.1	<0.1		9.6	0.6	2026-10-10	5
grant-s-irish-stew-392g	g	334	79	2.2	0.9	9	2.2	1.3	5.2	0.9	2026-10-10	5
green-giant-4-x-198g-salt-free-canned-sweet-corn-4-x-165g	g	321	77	1.2	<0.5	12.6	6.2	3	2.4	<0.1	2026-10-10	5
green-giant-original-sweet-corn-3x340g-3x285g	g	321	77	1.2	<0.5	12.6	6.2	3	2.4	<0.5	2026-10-10	5
green-giant-whole-hearts-of-palm-410g-220g	g	113	27	<0.5	<0.1	2.9	1.1	2.4	2.4	0.9	2026-10-10	5
heinz-200g-spaghetti	g	263	62	<0.5		12.9	3.5	0.8	1.7	<0.5	2026-10-10	5
heinz-390g-baked-beanz-pizza	g	387	92	1.6	0.5	13.8	5.2	3.8	5.2	0.7	2026-10-10	5
green-giant-salad-crisp-sweet-corn-160g-140g	g	321	77	1.2	<0.5	12.6	6.2	3	2.4	<0.5	2026-10-10	5
heinz-400g-spaghetti	g	255	60	<0.5		12.5	3.5	0.8	1.6	<0.5	2026-10-10	5
heinz-baked-beans-and-vegan-sausages-415g	g	392	93	2.1	<0.5	12.1	4.4	3.3	5.7	0.7	2026-10-10	5
heinz-baked-beans-fiery-chilli-390g	g	357	84	<0.5	<0.5	15.5	6.5	3.8	4.8	0.5	2026-10-10	5
heinz-baked-beans-in-a-rich-tomato-sauce-6x200g	g	338	81	<0.5	<0.5	15.5	4.3	3.9	4.8	0.6	2026-10-10	5
heinz-baked-beans-no-added-sugar-in-a-rich-tomato-sauce-great-value-pack-4x200g	g	276	65	<0.5	<0.5	9.5	1.9	3.6	4.6	<0.5	2026-10-10	5
heinz-baked-beans-no-added-sugar-snap-pots-4-x-200g	g	278	66	<0.5	<0.5	9.7	1.8	3.5	4.5	<0.5	2026-10-10	5
heinz-baked-beans-richmond-pork-sausages-415g	g	388	93	2.1	0.7	13.3	4.4	3.2	5.1	0.8	2026-10-10	5
heinz-beef-vegetable-chunky-big-soup-400g	g	222	53	0.9	<0.5	7.5	1.9	0.9	3.3	0.6	2026-10-10	5
heinz-broccoli-stilton-soup-400g	g	218	46	2.9	1	3.4	1.1	0.6	1.4	0.5	2026-10-10	5
heinz-chicken-broth-soup-400g	g	142	34	<0.5	<0.5	6.3	0.9	1.1	1.6	0.6	2026-10-10	5
heinz-chicken-noodle-soup-400g	g	138	32	<0.5	<0.5	6.1	1.2	<0.5	1.3	0.6	2026-10-10	5
heinz-chunky-vegetable-big-soup-400g	g	252	60	1	<0.5	10	3.6	1.9	1.7	0.6	2026-10-10	5
heinz-classic-cream-of-chicken-soup-4x400g	g	221	53	3	<0.5	4.9	1.2	<0.5	1.6	0.6	2026-10-10	5
heinz-classic-scotch-broth-tinned-soup-400g	g	166	39	0.6	<0.5	6.7	0.6	0.7	1.4	0.6	2026-10-10	5
heinz-cream-of-tomato-soup-400g	g	215	51	2.1	<0.5	6.8	4.8	0.6	0.8	0.5	2026-10-10	5
heinz-five-mixed-beans-415g	g	366	87	<0.5	<0.5	13.6	4.7	4.3	5.4	0.6	2026-10-10	5
heinz-lamb-vegetable-chunky-big-soup-400g	g	254	61	1.3	0.5	8.7	2.6	1.3	2.8	0.6	2026-10-10	5
heinz-limited-edition-cream-of-tomato-soup-with-a-hint-of-basil-400g	g	242	58	3	<0.5	6.6	4.8	<0.5	0.9	0.6	2026-10-10	5
heinz-macaroni-cheese-400g	g	358	86	2.9	1	11	1.5	<0.5	3.7	0.7	2026-10-10	5
heinz-mulligatawny-soup-400g	g	246	58	1.9	<0.5	8.3	4.4	0.6	2	0.6	2026-10-10	5
heinz-no-added-sugar-baked-beans-in-a-rich-tomato-sauce-4-x-415g	g	277	66	<0.5	<0.5	9.5	1.9	3.6	4.6	<0.5	2026-10-10	5
heinz-no-added-sugar-baked-beans-in-a-rich-tomato-sauce-6-x-415g	g	277	66	<0.5	<0.5	9.5	1.9	3.6	4.6	<0.5	2026-10-10	5
heinz-oxtail-soup-400g	g	187	45	0.6	<0.5	7.4	2.4	<0.5	2.2	0.6	2026-10-10	5
heinz-plant-based-vegan-creamy-tomato-soup-400g	g	213	51	1.9	<0.5	7.3	4	0.6	0.7	0.6	2026-10-10	5
heinz-spaghetti-bolognese-400g	g	327	78	1.9	1.9	12.5	2.8	0.6	2.7	0.8	2026-10-10	5
heinz-spaghetti-in-a-rich-tomato-sauce-with-richmond-pork-sausages-200g	g	349	83	2.4	0.7	13.3	4.5	0.9	3	0.7	2026-10-10	5
heinz-spaghetti-in-tomato-sauce-4x400g	g	251	59	<0.5	<0.5	12.6	3.9	0.6	1.8	<0.5	2026-10-10	5
heinz-steak-potato-chunky-big-soup-400g	g	216	51	0.8	<0.5	7.6	2.2	0.6	3.1	0.6	2026-10-10	5
hunger-breaks-all-day-breakfast-395g	g	470	112	4	1.4	12.4	3.4	2.8	5.2	0.9	2026-10-10	5
idahoan-perfect-mash-butter-herb-109g	g:as prepared	306	73	1.8	1.2	12	1.9		1.6	0.6	2026-10-10	5
idahoan-perfect-mash-buttery-183g	g:as prepared	302	72	1.8	1.2	12	0.8		1.4	0.5	2026-10-10	5
john-west-115g-atlantic-salmon-fillet-in-olive-oil	g:of drained product	787	188	10	1.9	<0.1	<0.1	<0.1	23	0.9	2026-10-10	5
john-west-115g-atlantic-salmon-fillet-mediterranean-style-in-olive-oil	g:of drained product	787	188	11	1.9	<0.1	<0.1	<0.1	21	1.1	2026-10-10	5
john-west-125g-msc-tuna-chunks-in-sunflower-oil-95g-drained	g:drained	980	235	15		<0.1			25	0.9	2026-10-10	5
john-west-300g-msc-stir-serve-in-soy-ginger-honey-sauce-tuna	g	563	134	5.5	0.7	7	4.9	<0.5	14	1	2026-10-10	5
john-west-85g-specialities-in-sunflower-oil-wood-smoked-mussels	g:drained product	817	196	12.2		1.5		<0.1	19.9	1	2026-10-10	5
john-west-basil-no-drain-tuna-infusions-80g	g	966	232	15		<0.5			24	1	2026-10-10	5
john-west-herring-fillets-in-tomato-sauce-160g	g:drained product	779	187	12.8		5.1			12.6	1.2	2026-10-10	5
john-west-lemon-thyme-no-drain-tuna-infusions-80g	g	927	222	13.9		<0.5			24.1	1	2026-10-10	5
john-west-light-lunch-mediterranean-style-tuna-salad-220g	g	413	98	2.3		11		1.4	7.6	0.8	2026-10-10	5
john-west-natural-protein-220g-tuna-salad-with-quinoa-legumes-vegetables	g	677	162	8.2	1.3	7.3	1.2	3.6	13	1	2026-10-10	5
john-west-no-drain-fridge-pot-tuna-steak-with-a-little-brine-110g	g	509	120	0.9		<0.1			28	0.9	2026-10-10	5
john-west-no-drain-fridge-pot-tuna-steak-with-a-little-olive-oil-3x110g	g	701	167	5.5		<0.1			29	1	2026-10-10	5
john-west-no-drain-fridge-pot-tuna-steak-with-a-little-spring-water-3x110g	g	509	120	0.9		<0.1			28	0.8	2026-10-10	5
john-west-no-drain-fridge-pot-tuna-steak-with-a-little-sunflower-oil-3x110g	g	701	167	5.5		<0.1			29	1	2026-10-10	5
john-west-no-drain-tuna-chunks-with-a-little-spring-water-msc-3x100g	g	492	116	0.9		<0.1			27	0.8	2026-10-10	5
john-west-on-the-go-honey-ginger-super-tuna-salad-220g	g	594	142	4.8		13		3.2	10	0.8	2026-10-10	5
john-west-sardines-in-tomato-sauce-120g	g	685	164	10		1.5		<0.1	17	1	2026-10-10	5
john-west-soft-cod-roe-100g	g:per drained	352	84	4		<0.1			12	<0.5	2026-10-10	5
john-west-sweet-chilli-no-drain-tuna-infusions-80g	g	924	221	11		8.3			22	0.9	2026-10-10	5
john-west-tuna-chunks-in-spring-water-4x125g-102g-drained	g:drained	451	106	0.7		<0.1			25	0.8	2026-10-10	5
john-west-tuna-steak-no-drain-with-brine-3x60g	g:drained product	480	113	0.8		<0.1			26.6	1	2026-10-10	5
john-west-tuna-steak-with-sunflower-oil-3x60g	g:drained product	832	199	10.9		<0.1			25.2	1	2026-10-10	5
john-west-wild-pacific-pink-salmon-213g	g	548	131	5.4		<0.1			20.4	0.9	2026-10-10	5
karyatis-sun-dried-tomatoes-280g	g:drained	615	149	11.4	1.3	5.7	4.7		2.4	2.9	2026-10-10	5
la-doria-ratatouille-390g	g	175	42	1.8	<0.5	4.2	3.9	2.7	0.9	0.5	2026-10-10	5
laila-chickpeas-1kg	g	1495	355	5.4	0.5	50	2.6	11	21	<0.5	2026-10-10	5
laila-mung-dal-yellow-1kg	g	1362	322	1.1	<0.5	46	1.5	10	27	<0.5	2026-10-10	5
laila-red-split-lentils-5kg	g	1512	358	1.8	<0.5	51	1.3	17	26	<0.5	2026-10-10	5
merchant-gourmet-5-bean-medley-240g	g	560	133	1.6	<0.5	18	1.3	7	8.2	0.7	2026-10-10	5
merchant-gourmet-jumbo-chickpeas-240g	g	618	147	3.5	0.5	18	1.3	5.7	8	0.6	2026-10-10	5
merchant-gourmet-moreish-mediterranean-style-grains-with-tomato-olive-250g	g	582	139	4.4	0.7	17	1.4	6.4	4.5	1.2	2026-10-10	5
merchant-gourmet-sabarot-puy-lentils-300g	g:boiled	391	92	0.7	<0.5	15	<0.5	7.4	7.8	<0.5	2026-10-10	5
merchant-gourmet-thai-green-lentil-curry-280g	g	415	99	2.5	2.2	12	1.2	3.1	5.4	0.7	2026-10-10	5
minerva-skinless-boneless-salmon-in-brine-120g	g:drained	923	222	12	2.2	<0.1	<0.1		21	0.5	2026-10-10	5
minerva-tuna-salad-with-couscous-160g	g	651	155	5.7	0.7	14.9	1.9		11	0.9	2026-10-10	5
morinaga-mori-nu-307g-firm-silken-tofu	g:per	247	59	2.5	0.5	1.2	0.8		7.4	<0.5	2026-10-10	5
mrs-elswood-haimisha-gherkins-670g-360g	g	50	12	0.5	<0.5	2.5	1.1		0.9	1.9	2026-10-10	5
mutti-cherry-tomatoes-400g	g	117	28		<0.51	4.4	3.4		1.2	<0.5	2026-10-10	5
mutti-finely-chopped-tomatoes-with-garlic-400g	g	110	26	<0.5	<0.51	3.9	2.8		1.2	<0.5	2026-10-10	5
mutti-san-marzano-peeled-tomatoes-p-d-o-400g	g	92	22	0.55	<0.51	3.6	2.9		1.1	<0.5	2026-10-10	5
napolina-butter-beans-400g-240g	g:drained	461	109	0.5	<0.1	15.6	<0.1	6.8	7.2	<0.5	2026-10-10	5
napolina-chopped-tomatoes-227g	g	99	23	<0.5	<0.1	3.6	3.6	1	1.3	<0.5	2026-10-10	5
napolina-lentils-in-water-400g	g:drained	362	86	0.7	<0.5	10	<0.5	7.8	6.1	<0.5	2026-10-10	5
nature-s-finest-4-x-113g-multipack-tropical-fruits-in-juice	g:per	206	49	0.5	<0.5	13	13	1	<0.1		2026-10-10	5
nature-s-finest-400g-tropical-fruits-in-juice-pot	g	206	49	0.5	<0.5	13	13	1	<0.1	<0.5	2026-10-10	5
nature-s-finest-mandarin-in-juice-390g	g:per	268	64	0.5	<0.5	14.4	12.8	0.5	0.5		2026-10-10	5
nature-s-finest-mandarin-in-juice-700g	g	268	64	0.5	<0.5	14.4	12.8	0.5	0.5		2026-10-10	5
nature-s-finest-peach-in-juice-400g	g	230	55	0.5	<0.5	12.1	12.1	0.5	0.5		2026-10-10	5
odysea-200g-seafood-salad	g:drained	662	158	8.4	1.1	1.4	<0.5		19	1.1	2026-10-10	5
odysea-290g-big-kalamata-halkidiki-pitted-olives-160g	g:drained	741	180	18	2.4	2.5	<0.1		1.5	3.5	2026-10-10	5
odysea-baked-gigantes-beans-in-tomato-sauce-olive-oil-310g	g	693	167	8.2	1.2	14.1	4.1		5.8	1.3	2026-10-10	5
nature-s-finest-peach-in-juice-700g	g	230	55	0.5	<0.5	12.1	12.1	0.5	0.5		2026-10-10	5
odysea-gherkin-stuffed-olives-290g-150g	g:drained	230	56	5.1	1	0.5	0.5		1.3	3	2026-10-10	5
odysea-greek-big-kalamata-pitted-olives-290g-165g	g:drained	1147	273	29	3.5	0.8	0.5		2.1	3.5	2026-10-10	5
odysea-roasted-red-pepper-feta-meze-220g	g	634	153	10.8	4.3	7.3	6.9		5.6	1.6	2026-10-10	5
odysea-stuffed-vine-leaves-310g	g	515	123	6.4	0.9	13.5	3.1		2	1.4	2026-10-10	5
opies-cocktail-cherries-maraschino-flavour-225g-125g	g:as drained	848	200	0.5	<0.5	48	48		<0.5	<0.5	2026-10-10	5
opies-cocktail-onions-with-spirit-vinegar-227g-120g	g:as drained	98	23	<0.1	<0.1	5.6	4.5		0.6	2	2026-10-10	5
opies-sliced-lemons-in-lemon-juice-350g-170g	g:as drained	139	33	<0.5	<0.1	6.3	0.9		<0.5	<0.5	2026-10-10	5
ortiz-el-velero-white-tuna-in-olive-oil-112g	g	1262	302		4	<0.1	<0.1		25.6	1.7	2026-10-10	5
parmentier-sardines-with-chilli-in-olive-oil-135g	g:per drained	946	227	15		<0.1			23	1.2	2026-10-10	5
pek-chopped-pork-300g	g	1058	255	21	7.9	0.5	0.5		16	2.4	2026-10-10	5
princes-227g-pineapple-chunks-in-juice-canned-fruit	g	222	52	<0.5	<0.1	12.2	10	1	<0.5	<0.5	2026-10-10	5
princes-392g-korean-sweet-chilli-chicken-curry	g	326	77	1.9	<0.5	5.2	3.9	0.9	9.4	0.8	2026-10-10	5
princes-432g-pineapple-chunks-in-juice-canned-fruit	g	222	52	<0.5	<0.1	12.2	10	1	<0.5	<0.5	2026-10-10	5
princes-4x145g-in-brine-tuna-chunks-4x102g-drained	g:drained	418	99	0.5	<0.5	<0.5	<0.1	<0.5	23.5	1.1	2026-10-10	5
princes-chicken-in-white-sauce-392g	g	557	134	8.1	2.4	4.5	0.8	0.5	10.4	0.8	2026-10-10	5
