clonakilty-black-pudding-200g	g	1243	/298			18.8		6	11.5	1.9	2026-10-09
denhay-dry-cured-smoked-back-bacon-200g	g	999	240	17		0.5		0.6	21	2.6	2026-10-09
finnebrogue-naked-pork-chipolatas-x12-340g	g	941	227	18		<0.5		1.5	15.6	1.4	2026-10-09
finnebrogue-naked-smoked-streaky-bacon-rashers-x12-200g	g	1097	264	19		0.8		<0.5	23	2.8	2026-10-09
heck-97-pork-gluten-free-chipolata-sausages-pack-x10-340g	g	1025	246	18		<0.1			22	1.4	2026-10-09
highland-game-300g-cumberland-venison-sausages	g	776	186	10.8		6.1			15.5	1.5	2026-10-09
mattessons-unsmoked-turkey-rashers-x6-150g	g	493	117	2.1		1.2			23.2	2.2	2026-10-09
oakpark-naturally-smoked-turkey-breast-rashers-x6-150g	g	418	99	1.2		0.5		0.5	22	1.9	2026-10-09
oakpark-unsmoked-lean-bacon-medallions-x6-170g	g	566	135	5.5		0.9		0.5	20.2	2.6	2026-10-09
porky-whites-traditional-sausages-400g	g	838	201	14		3.9		1.3	16	1.5	2026-10-09
richmond-ready-baked-pork-sausages-x6-264g	g	906	217	12		15		1.9	11	1.9	2026-10-09
richmond-thick-pork-sausages-x8-410g	g	1106	266	19		13		1.7	10	1.9	2026-10-09
sainsburys-6-x-british-hot-honey-pork-sausages-400g	g	1084	261	19.6	7.5	4.8	3.7	1.7	15.5	1.00	2026-10-09
sainsburys-british-pork-chipolatas-taste-the-difference-x20-625g	g	1151	277	21.1	8.2	2.1	0.7	<0.5	19.5	1.28	2026-10-09
sainsburys-butcher-s-choice-british-fresh-beef-sausages-x8-454g	g	971	233	14.4	6.2	13.2	0.7	1.1	12.1	1.40	2026-10-09
sainsburys-chorizo-style-sausages-taste-the-difference-x6-400g	g	1108	267	21.5	7.7	2.6	0.9	1.4	15.1	1.25	2026-10-09
sainsburys-pork-sausages-taste-the-difference-x10-667g	g	1151	277	21.1	8.2	2.1	0.7	<0.5	19.5	1.28	2026-10-09
sainsburys-smoked-air-dried-sweet-cured-back-bacon-rashers-taste-the-difference-x6-220g	g	1155	276	15.8	5.6	3.5	3.5	<0.5	29.8	2.80	2026-10-09
sainsburys-smoked-reduced-salt-back-bacon-rashers-x8-250g	g	1163	280	19.5	7.1	1.3	0.8	0.6	24.4	2.26	2026-10-09
sainsburys-thick-cut-back-bacon-rashers-air-dried-smoked-taste-the-difference-x6-300g	g	1103	264	14.7	5.3	1.0	<0.5	0.6	31.7	3.40	2026-10-09
sainsburys-traditional-style-old-english-pork-sausages-taste-the-difference-454g	g	1420	343	29.8	11.9	<0.5	<0.5	1.0	17.7	1.52	2026-10-09
sainsburys-unsmoked-air-dried-thick-cut-back-bacon-rashers-taste-the-difference-x6-300g	g	1207	289	16.4	5.7	1.2	<0.5	0.7	33.8	3.50	2026-10-09
simon-howie-the-wee-black-pudding-200g	g	1340	320	24.6		17.1			7.2	2.1	2026-10-09
stamford-street-co-back-bacon-1kg	g	1219	293	19.8	6.6	1.0	<0.5	0.6	27.3	3.95	2026-10-09
tarczynski-geesowska-sausage-300g	g	1299	313	25		1			21	3.2	2026-10-09
the-jolly-hog-12-x-british-smoked-streaky-bacon-rashers-180g	g	1114	268	21.3		0.55		0.55	18.7	3.6	2026-10-09
the-jolly-hog-6-x-british-double-smoked-back-bacon-rashers-200g	g	1111	266	16		0.8		0.5	31	4	2026-10-09
heck-97-pork-gluten-free-sausages-x6-400g	g	1025	246	18		<0.1			22	1.4	2026-10-09
aunty-noray-s-merguez-sausages-280g	g	928	223			4.1			15	2.1	2026-10-09
sokolow-garlic-sausage-400g	g	987	238	19		4.7			12	3	2026-10-09
heck-simply-chicken-gluten-free-chipolata-sausages-x10-340g	g	546	130	2.9		5.6			20	1.7	2026-10-09
bastides-salaisons-superior-dry-sausage-with-walnuts-120g	g	1872	452			<0.5			29	4	2026-10-09
herta-frankfurter-hot-dogs-x4-140g	g	1116	270	23.5		1.2		0.5	11.8	1.7	2026-10-09	2
montagne-noire-dry-cured-sausage-200g	g	1917	462	36		5.4			29	4.6	2026-10-09	2
premier-deli-18-x-pork-breakfast-sausage-slices-125g	g			10.3		2.9		0.5	15.6	1.2	2026-10-09	2
sainsburys-german-bratwurst-sausages-inspired-to-cook-x6-540g	g	1238	299	26.7	10.7	0.9	0.7	1.0	13.4	1.63	2026-10-09	2
sainsburys-discovery-270g-hot-smoked-bbq-jalape-o-cheddar-hot-links-taste-the-difference	g	1350	325	26.0	10.3	4.4	1.4	1.1	17.9	1.60	2026-10-09	2
sainsburys-british-pork-chipolata-sausages-taste-the-difference-x12-375g	g	1151	277	21.1	8.2	2.1	0.7	<0.5	19.5	1.28	2026-10-09	2
sainsburys-butcher-s-choice-british-pork-british-bacon-pigs-in-blankets-x12-260g	g	1037	249	17.0	5.7	11.0	1.2	<0.5	13.0	1.95	2026-10-09	2
sainsburys-butcher-s-choice-british-pork-sausagemeat-400g	g	997	239	15.0	5.3	12.0	2.7	<0.5	14.0	1.45	2026-10-09	2
clonakilty-black-pudding-200g	g	1243	298	19.6	7.8	18.8	1.1	6	11.5	1.9	2026-10-09	2
aunty-noray-s-merguez-sausages-280g	?	928	223	16		4.1			15	2.1	2026-10-09	2
bastides-salaisons-superior-dry-sausage-with-walnuts-120g	g	1872	452	39	13	<0.5	<0.5		29	4	2026-10-09	2
sainsburys-butcher-s-choice-lincolnshire-british-pork-sausage-x8-454g	g?	1023	246	17.0	5.9	8.4	1.3	1.6	14.0	1.53	2026-10-09	2
sainsburys-reduced-fat-unsmoked-bacon-medallions-x8-200g	g?	788	187	4.8	1.8	1.0	0.7	0.6	34.6	3.43	2026-10-09	2
sainsburys-smoked-air-dried-streaky-bacon-rashers-taste-the-difference-x14-220g	g?	1402	337	23.1	8.5	1.0	<0.5	0.6	31.0	4.50	2026-10-09	2
sainsburys-smoked-thick-cut-back-bacon-rashers-x6-300g	g?	971	233	13.8	5.4	1.0	<0.5	0.6	25.8	3.85	2026-10-09	2
sainsburys-unsmoked-air-dried-streaky-bacon-rashers-taste-the-difference-x14-220g	g?	1374	330	23.5	5.0	1.0	<0.5	0.6	28.4	3.95	2026-10-09	2
sainsburys-unsmoked-streaky-bacon-rashers-x14-300g	g?	1514	365	27.7	11.2	1.0	<0.5	0.6	27.5	4.78	2026-10-09	2
stamford-street-co-unsmoked-back-bacon-rashers-300g	?	1224	294	21.5	8.6	<0.5	<0.5	<0.5	24.7	3.93	2026-10-09	2
sainsburys-british-pork-apple-sausages-taste-the-difference-x6-400g	g?	1059	255	19.0	6.8	7.3	6.0	1.0	13.2	1.03	2026-10-09	2
cauldron-lincolnshire-vegetarian-sausages-x6-276g	g?	736	176	6.8	0.6	7.9	0.5	2.9	19	1.4	2026-10-09	2
richmond-vegan-vegetarian-back-bacon-rashers-x6-120g	?	620	149	8.7	0.7	3.2	1.8	5.7	15	2.3	2026-10-09	2
this-isn-t-bacon-rashers-120g	g?			0.6		4.8		6.7	20.1	2	2026-10-09	2
oakpark-smoked-lean-bacon-lardons-130g	g?	545	130	6.2	2.5	1.9	1.5	0.5	16.5	2.6	2026-10-09	2
sainsburys-smoked-air-dried-dry-cured-thinly-sliced-pancetta-taste-the-difference-180g	g?	1407	338	23.2	7.7	1.0	<0.5	0.6	31.0	4.20	2026-10-09	2
sainsburys-8-x-british-turkey-sausages-454g	g?	611	145	4.6	1.3	7.9	<0.5	0.9	17.6	1.18	2026-10-09	2
sainsburys-1-75kg-medium-aberdeen-angus-topside-of-beef-taste-the-difference	g?	908	217	10.2	4.5	<0.5	<0.5	<0.5	31.1	0.15	2026-10-09	2
sainsburys-2-2kg-large-aberdeen-angus-beef-rump-joint-taste-the-difference	g?	808	192	7.8	3.5	0.8	0.8	<0.5	29.7	0.16	2026-10-09	2
sainsburys-2-dry-aged-aberdeen-angus-beef-burgers-taste-the-difference-340g	g?	1044	250	15.7	6.8	3.7	0.7	<0.5	23.6	0.88	2026-10-09	2
sainsburys-21-day-matured-british-or-irish-thick-cut-sirloin-steak-400g	g?	891	213	11.4	4.9	<0.5	<0.5	<0.5	27.6	0.20	2026-10-09	2
sainsburys-30-days-matured-british-beef-picanha-steak-taste-the-difference-225g	g?	724	173	9.1	3.3	<0.5	<0.5	<0.5	22.6	0.14	2026-10-09	2
sainsburys-30-days-matured-silverside-british-beef-slow-roasting-joint-taste-the-difference-approx-1-4kg	g?	725	173	7.4	2.9	<0.5	<0.5	<0.5	26.4	0.17	2026-10-09	2
sainsburys-4-extra-thin-lightly-seasoned-smash-burgers-taste-the-difference-340g	g?	1119	269	17.6	7.6	5.9	<0.5	0.9	21.2	1.30	2026-10-09	2
sainsburys-4-x-225g-aberdeen-angus-sirloin-steaks-taste-the-difference	g?	794	189	8.7	4.4	<0.5	<0.5	<0.5	27.7	0.18	2026-10-09	2
sainsburys-500g-10-fat-high-fibre-beef-mince	g?	1042	249	11.0	4.6	7.7	0.9	6.2	26.7	0.24	2026-10-09	2
sainsburys-750g-aberdeen-angus-silverside-diced-beef-taste-the-difference	g?	749	178	5.2	2.0	<0.5	<0.5	<0.5	32.6	0.11	2026-10-09	2
sainsburys-aberdeen-angus-oxtail-taste-the-difference-approx-1kg	g?	1089	261	17.5	6.3	<0.5	<0.5	<0.5	25.9	0.22	2026-10-09	2
sainsburys-approx-2-0kg-aberdeen-angus-bone-in-rib-taste-the-difference	g?	1005	240	13.4	7.0	0.9	<0.5	<0.5	29.0	0.29	2026-10-09	2
sainsburys-beef-skirt	g?	903	215	7.3	3.2	<0.5	<0.5	<0.5	36.7	0.22	2026-10-09	2
sainsburys-british-beef-thick-cut-fillet-steak-taste-the-difference-x1-approx-250g	g?	588	140	4.8	2.0	<0.5	<0.5	<0.5	24.1	0.15	2026-10-09	2
sainsburys-british-or-irish-10-fat-24-meatballs-700g	g?	842	201	10.3	4.5	3.7	<0.5	<0.5	23.4	1.00	2026-10-09	2
sainsburys-british-or-irish-21-day-matured-extra-lean-beef-escalope-300g	g?	752	178	3.6	1.5	<0.5	<0.5	<0.5	36.4	0.15	2026-10-09	2
sainsburys-british-or-irish-25-fat-beef-mince-500g	g?	1292	311	23.4	10.0	<0.5	<0.5		25.0	0.20	2026-10-09	2
sainsburys-british-or-irish-beef-brisket-approx-1-7kg	g?	1008	241	12.1	4.3	1.1	<0.5	<0.5	31.9	0.20	2026-10-09	2
sainsburys-discovery-360g-35-day-salt-dry-aged-thick-cut-aberdeen-angus-sirloin-steak-taste-the-difference	g?	1315	317	26.1	11.5	0.6	0.6	<0.5	20.1	0.27	2026-10-09	2
sainsburys-discovery-approx-700g-35-day-salt-dry-aged-aberdeen-angus-cote-de-boeuf-steak-taste-the-difference	g?	1084	261	19.1	9.3	<0.5	<0.5	<0.5	21.6	1.49	2026-10-09	2
sainsburys-discovery-wagyu-rump-steak-taste-the-difference-250g	g?	1052	253	17.7	6.3	<0.5	<0.5	<0.5	22.8	0.11	2026-10-09	2
sainsburys-quick-cook-extra-thin-british-or-irish-beef-200g	g?	837	199	7.9	3.1	0.8	<0.5	<0.5	31.3	0.33	2026-10-09	2
rustlers-145g-double-smash-burger-with-cheese-smash-sauce	g?	1041	249	10	3.5	25.1	3.2		13.6	1	2026-10-09	2
sainsburys-30-days-matured-british-beef-ribeye-steak-so-organic-225g	g?	1085	261	18.5	9.6	<0.5	<0.5	<0.5	23.4	0.25	2026-10-09	2
sainsburys-30-days-matured-british-beef-sirloin-steak-so-organic-225g	g?	865	207	11.7	5.7	0.9	<0.5	<0.5	24.5	0.30	2026-10-09	2
sainsburys-organic-british-beef-mince-5-fat-500g	g?	702	167	4.7	2.1	<0.5	<0.5	<0.5	31.0	0.23	2026-10-09	2
birds-eye-classic-beef-burgers-with-onion-227g	?	1176	283	23	7.8	5.1	0.9	0.5	14	0.8	2026-10-09	2
stamford-street-co-corned-beef-slices-100g	g?	832	199	10.3	5.0	0.6	0.6	<0.5	25.8	1.49	2026-10-09	2
sainsburys-480g-slow-cooked-beef-brisket-joint	g?	769	183	5.1	1.7	1.5	1.1	0.9	32.3	0.67	2026-10-09	2
sainsburys-discovery-320g-slow-cooked-hot-smoked-bbq-aberdeen-angus-beef-brisket-taste-the-difference	g?	1377	331	24.4	11.6	8.7	8.4	<0.5	19.2	1.73	2026-10-09	2
sainsburys-just-cook-300g-21-day-matured-beef-steaks-with-bearnaise-butter	g?	752	179	8.9	4.1	<0.5	<0.5	<0.5	24.6	0.28	2026-10-09	2
sainsburys-ready-to-cook-british-beef-steaks-with-red-wine-caramelised-shallot-butter-x2-300g	g?	845	202	10.9	4.9	<0.5	<0.5	0.6	25.4	0.20	2026-10-09	2
sainsburys-30-days-matured-british-beef-fillet-steak-taste-the-difference-170g	g?	588	140	4.8	2.0	<0.5	<0.5	<0.5	24.1	0.15	2026-10-09	2
sainsburys-30-days-matured-british-beef-rump-steak-taste-the-difference-225g	g?	720	172	8.5	3.2	<0.5	<0.5	<0.5	23.7	0.16	2026-10-09	2
sainsburys-4-british-beef-steak-burgers-taste-the-difference-680g	g?	967	232	14.0	6.0	2.1	<0.5	1.5	23.6	1.00	2026-10-09	2
sainsburys-beef-mince-12-fat-taste-the-difference-500g	g?	879	210	11.9	5.7	<0.5	<0.5	<0.5	25.8	0.18	2026-10-09	2
sainsburys-british-or-irish-21-day-matured-extra-lean-beef-roasting-joint-500g	g?	749	178	4.6	1.9	<0.5	<0.5	<0.5	33.5	0.10	2026-10-09	2
sainsburys-british-or-irish-21-day-matured-rump-steak-225g	g?	816	196	11.9	5.0	<0.5	<0.5	<0.5	22.1	0.18	2026-10-09	2
sainsburys-british-or-irish-21-day-matured-thin-cut-sirloin-steak-155g	g?	891	213	11.4	4.9	<0.5	<0.5	<0.5	27.6	0.20	2026-10-09	2
sainsburys-british-or-irish-5-fat-beef-mince-750g	g?	707	168	4.7	2.1	<0.5	<0.5	<0.5	31.0	0.23	2026-10-09	2
sainsburys-british-or-irish-extra-lean-casserole-steak-500g	g?	750	178	4.3	1.6	0.8	<0.5	<0.5	33.9	0.18	2026-10-09	2
sainsburys-1kg-aberdeen-angus-silverside-diced-beef-taste-the-difference	g?	749	178	5.2	2.0	<0.5	<0.5	<0.5	32.6	0.11	2026-10-09	2
sainsburys-4-x-245g-aberdeen-angus-thick-cut-fillet-steaks-taste-the-difference	g?	588	140	4.8	2.0	<0.5	<0.5	<0.5	24.1	0.15	2026-10-09	2
sainsburys-aberdeen-angus-cote-de-boeuf-taste-the-difference-approx-800g	g?	1185	284	18.1	7.6	0.7	0.7	<0.5	29.6	0.10	2026-10-09	2
birds-eye-chicken-shop-2-x-sizzler-breaded-chicken-fillet-burgers-227g	?	917	219	9	0.9	19	0.7	0.8	15	1.2	2026-10-09	2
sm-rg-sbord-the-original-swedish-meatballs-400g	g	1047	251	15.3	6.7	12.5	2.2		14.7	2.3	2026-10-09	3
jahan-premium-peri-peri-chicken-fillet-strips-500g	g	885	210	6.8	0.8	20.5	1.4		16.2	0.9	2026-10-09	3
aunty-noray-s-merguez-sausages-280g	?	928	223	16		4.1			15	2.1	2026-10-09	3
premier-deli-18-x-pork-breakfast-sausage-slices-125g	g	697	167	10.3	3.9	2.9	0.9	0.5	15.6	1.2	2026-10-09	3
sainsburys-butcher-s-choice-lincolnshire-british-pork-sausage-x8-454g	g:grilled	1023	246	17.0	5.9	8.4	1.3	1.6	14.0	1.53	2026-10-09	3
sainsburys-reduced-fat-unsmoked-bacon-medallions-x8-200g	g:grilled	788	187	4.8	1.8	1.0	0.7	0.6	34.6	3.43	2026-10-09	3
sainsburys-smoked-air-dried-streaky-bacon-rashers-taste-the-difference-x14-220g	g:grilled	1402	337	23.1	8.5	1.0	<0.5	0.6	31.0	4.50	2026-10-09	3
sainsburys-smoked-thick-cut-back-bacon-rashers-x6-300g	g:grilled	971	233	13.8	5.4	1.0	<0.5	0.6	25.8	3.85	2026-10-09	3
sainsburys-unsmoked-streaky-bacon-rashers-x14-300g	g:grilled	1514	365	27.7	11.2	1.0	<0.5	0.6	27.5	4.78	2026-10-09	3
sainsburys-unsmoked-air-dried-streaky-bacon-rashers-taste-the-difference-x14-220g	g:grilled	1374	330	23.5	5.0	1.0	<0.5	0.6	28.4	3.95	2026-10-09	3
stamford-street-co-unsmoked-back-bacon-rashers-300g	?	1224	294	21.5	8.6	<0.5	<0.5	<0.5	24.7	3.93	2026-10-09	3
sainsburys-british-pork-apple-sausages-taste-the-difference-x6-400g	g:grilled	1059	255	19.0	6.8	7.3	6.0	1.0	13.2	1.03	2026-10-09	3
cauldron-lincolnshire-vegetarian-sausages-x6-276g	g:as hob cooked	736	176	6.8	0.6	7.9	0.5	2.9	19	1.4	2026-10-09	3
richmond-vegan-vegetarian-back-bacon-rashers-x6-120g	?	620	149	8.7	0.7	3.2	1.8	5.7	15	2.3	2026-10-09	3
this-isn-t-bacon-rashers-120g	g	501	120	0.6		4.8		6.7	20.1	2	2026-10-09	3
oakpark-smoked-lean-bacon-lardons-130g	g	545	130	6.2	2.5	1.9	1.5	0.5	16.5	2.6	2026-10-09	3
sainsburys-smoked-air-dried-dry-cured-thinly-sliced-pancetta-taste-the-difference-180g	g:grilled	1407	338	23.2	7.7	1.0	<0.5	0.6	31.0	4.20	2026-10-09	3
sainsburys-8-x-british-turkey-sausages-454g	g	611	145	4.6	1.3	7.9	<0.5	0.9	17.6	1.18	2026-10-09	3
sainsburys-1-75kg-medium-aberdeen-angus-topside-of-beef-taste-the-difference	g	908	217	10.2	4.5	<0.5	<0.5	<0.5	31.1	0.15	2026-10-09	3
sainsburys-2-2kg-large-aberdeen-angus-beef-rump-joint-taste-the-difference	g	808	192	7.8	3.5	0.8	0.8	<0.5	29.7	0.16	2026-10-09	3
sainsburys-2-dry-aged-aberdeen-angus-beef-burgers-taste-the-difference-340g	g	1044	250	15.7	6.8	3.7	0.7	<0.5	23.6	0.88	2026-10-09	3
sainsburys-21-day-matured-british-or-irish-thick-cut-sirloin-steak-400g	g	891	213	11.4	4.9	<0.5	<0.5	<0.5	27.6	0.20	2026-10-09	3
sainsburys-30-days-matured-british-beef-picanha-steak-taste-the-difference-225g	g	724	173	9.1	3.3	<0.5	<0.5	<0.5	22.6	0.14	2026-10-09	3
sainsburys-30-days-matured-silverside-british-beef-slow-roasting-joint-taste-the-difference-approx-1-4kg	g	725	173	7.4	2.9	<0.5	<0.5	<0.5	26.4	0.17	2026-10-09	3
sainsburys-4-extra-thin-lightly-seasoned-smash-burgers-taste-the-difference-340g	g	1119	269	17.6	7.6	5.9	<0.5	0.9	21.2	1.30	2026-10-09	3
sainsburys-4-x-225g-aberdeen-angus-sirloin-steaks-taste-the-difference	g	794	189	8.7	4.4	<0.5	<0.5	<0.5	27.7	0.18	2026-10-09	3
sainsburys-500g-10-fat-high-fibre-beef-mince	g	1042	249	11.0	4.6	7.7	0.9	6.2	26.7	0.24	2026-10-09	3
sainsburys-750g-aberdeen-angus-silverside-diced-beef-taste-the-difference	g	749	178	5.2	2.0	<0.5	<0.5	<0.5	32.6	0.11	2026-10-09	3
sainsburys-aberdeen-angus-oxtail-taste-the-difference-approx-1kg	g	1089	261	17.5	6.3	<0.5	<0.5	<0.5	25.9	0.22	2026-10-09	3
sainsburys-approx-2-0kg-aberdeen-angus-bone-in-rib-taste-the-difference	g	1005	240	13.4	7.0	0.9	<0.5	<0.5	29.0	0.29	2026-10-09	3
sainsburys-beef-skirt	g	903	215	7.3	3.2	<0.5	<0.5	<0.5	36.7	0.22	2026-10-09	3
sainsburys-british-beef-thick-cut-fillet-steak-taste-the-difference-x1-approx-250g	g	588	140	4.8	2.0	<0.5	<0.5	<0.5	24.1	0.15	2026-10-09	3
sainsburys-british-or-irish-10-fat-24-meatballs-700g	g	842	201	10.3	4.5	3.7	<0.5	<0.5	23.4	1.00	2026-10-09	3
sainsburys-british-or-irish-21-day-matured-extra-lean-beef-escalope-300g	g	752	178	3.6	1.5	<0.5	<0.5	<0.5	36.4	0.15	2026-10-09	3
sainsburys-british-or-irish-25-fat-beef-mince-500g	g	1292	311	23.4	10.0	<0.5	<0.5		25.0	0.20	2026-10-09	3
sainsburys-british-or-irish-beef-brisket-approx-1-7kg	g	1008	241	12.1	4.3	1.1	<0.5	<0.5	31.9	0.20	2026-10-09	3
sainsburys-discovery-360g-35-day-salt-dry-aged-thick-cut-aberdeen-angus-sirloin-steak-taste-the-difference	g	1315	317	26.1	11.5	0.6	0.6	<0.5	20.1	0.27	2026-10-09	3
sainsburys-discovery-approx-700g-35-day-salt-dry-aged-aberdeen-angus-cote-de-boeuf-steak-taste-the-difference	g	1084	261	19.1	9.3	<0.5	<0.5	<0.5	21.6	1.49	2026-10-09	3
sainsburys-discovery-wagyu-rump-steak-taste-the-difference-250g	g	1052	253	17.7	6.3	<0.5	<0.5	<0.5	22.8	0.11	2026-10-09	3
sainsburys-quick-cook-extra-thin-british-or-irish-beef-200g	g	837	199	7.9	3.1	0.8	<0.5	<0.5	31.3	0.33	2026-10-09	3
rustlers-145g-double-smash-burger-with-cheese-smash-sauce	g	1041	249	10	3.5	25.1	3.2		13.6	1	2026-10-09	3
sainsburys-30-days-matured-british-beef-ribeye-steak-so-organic-225g	g	1085	261	18.5	9.6	<0.5	<0.5	<0.5	23.4	0.25	2026-10-09	3
sainsburys-organic-british-beef-mince-5-fat-500g	g	702	167	4.7	2.1	<0.5	<0.5	<0.5	31.0	0.23	2026-10-09	3
sainsburys-30-days-matured-british-beef-sirloin-steak-so-organic-225g	g	865	207	11.7	5.7	0.9	<0.5	<0.5	24.5	0.30	2026-10-09	3
stamford-street-co-corned-beef-slices-100g	g	832	199	10.3	5.0	0.6	0.6	<0.5	25.8	1.49	2026-10-09	3
sainsburys-480g-slow-cooked-beef-brisket-joint	g:oven cooked	769	183	5.1	1.7	1.5	1.1	0.9	32.3	0.67	2026-10-09	3
sainsburys-discovery-320g-slow-cooked-hot-smoked-bbq-aberdeen-angus-beef-brisket-taste-the-difference	g	1377	331	24.4	11.6	8.7	8.4	<0.5	19.2	1.73	2026-10-09	3
sainsburys-just-cook-300g-21-day-matured-beef-steaks-with-bearnaise-butter	g	752	179	8.9	4.1	<0.5	<0.5	<0.5	24.6	0.28	2026-10-09	3
sainsburys-ready-to-cook-british-beef-steaks-with-red-wine-caramelised-shallot-butter-x2-300g	g	845	202	10.9	4.9	<0.5	<0.5	0.6	25.4	0.20	2026-10-09	3
sainsburys-30-days-matured-british-beef-fillet-steak-taste-the-difference-170g	g	588	140	4.8	2.0	<0.5	<0.5	<0.5	24.1	0.15	2026-10-09	3
sainsburys-30-days-matured-british-beef-rump-steak-taste-the-difference-225g	g	720	172	8.5	3.2	<0.5	<0.5	<0.5	23.7	0.16	2026-10-09	3
sainsburys-4-british-beef-steak-burgers-taste-the-difference-680g	g	967	232	14.0	6.0	2.1	<0.5	1.5	23.6	1.00	2026-10-09	3
sainsburys-beef-mince-12-fat-taste-the-difference-500g	g	879	210	11.9	5.7	<0.5	<0.5	<0.5	25.8	0.18	2026-10-09	3
sainsburys-british-or-irish-21-day-matured-extra-lean-beef-roasting-joint-500g	g	749	178	4.6	1.9	<0.5	<0.5	<0.5	33.5	0.10	2026-10-09	3
sainsburys-british-or-irish-21-day-matured-rump-steak-225g	g	816	196	11.9	5.0	<0.5	<0.5	<0.5	22.1	0.18	2026-10-09	3
sainsburys-british-or-irish-21-day-matured-thin-cut-sirloin-steak-155g	g	891	213	11.4	4.9	<0.5	<0.5	<0.5	27.6	0.20	2026-10-09	3
sainsburys-british-or-irish-5-fat-beef-mince-750g	g	707	168	4.7	2.1	<0.5	<0.5	<0.5	31.0	0.23	2026-10-09	3
sainsburys-british-or-irish-extra-lean-casserole-steak-500g	g	750	178	4.3	1.6	0.8	<0.5	<0.5	33.9	0.18	2026-10-09	3
sainsburys-1kg-aberdeen-angus-silverside-diced-beef-taste-the-difference	g	749	178	5.2	2.0	<0.5	<0.5	<0.5	32.6	0.11	2026-10-09	3
sainsburys-4-x-245g-aberdeen-angus-thick-cut-fillet-steaks-taste-the-difference	g	588	140	4.8	2.0	<0.5	<0.5	<0.5	24.1	0.15	2026-10-09	3
sainsburys-aberdeen-angus-cote-de-boeuf-taste-the-difference-approx-800g	g	1185	284	18.1	7.6	0.7	0.7	<0.5	29.6	0.10	2026-10-09	3
birds-eye-chicken-shop-2-x-sizzler-breaded-chicken-fillet-burgers-227g	?	917	219	9	0.9	19	0.7	0.8	15	1.2	2026-10-09	3
heck-500g-simply-chicken-gluten-free-mince	g:panfried	509	121	2.9	0.8	4.3	<0.1		19	1.4	2026-10-09	3
sainsburys-1-125kg-british-spatchcock-chicken	g:edible portion	718	171	8.1	2.4	<0.5	<0.5	<0.5	24.5	0.21	2026-10-09	3
sainsburys-12-x-british-chicken-meatballs-350g	g	612	145	4.0	1.1	4.8	<0.5	<0.5	22.5	0.75	2026-10-09	3
sainsburys-2kg-british-chicken-drumsticks	g	625	149	5.4	1.4	<0.5	<0.5	<0.5	24.8	0.25	2026-10-09	3
sainsburys-360g-smoky-bacon-flavour-fries-with-maple	g:with drizzle	1196	286	15.5	2.1	21.8	7.5	1.1	14.3	0.67	2026-10-09	3
sainsburys-640g-british-diced-chicken-breasts	g	638	151	3.3	0.8	<0.5	<0.5	<0.5	30.3	0.18	2026-10-09	3
sainsburys-breaded-chicken-goujons-1kg	g	1177	282	16.0	2.4	16.3	2.4	<0.5	18.0	0.69	2026-10-09	3
sainsburys-breaded-fresh-british-chicken-goujons-270g	g	1177	282	16.0	2.4	16.3	2.4	<0.5	18.0	0.69	2026-10-09	3
sainsburys-british-fresh-chicken-breast-pieces-in-a-salt-chilli-breadcrumb-coating-250g	g	1239	296	16.0	1.5	21.4	2.5	1.5	16.0	0.73	2026-10-09	3
sainsburys-buttermilk-british-chicken-mini-fillets-305g	g	880	210	8.7	0.9	15.1	1.8	2.3	16.6	0.60	2026-10-09	3
sainsburys-free-from-breaded-mini-fillets-305g	g	911	217	9.1	1.0	14.8	<0.5	1.0	18.5	0.54	2026-10-09	3
sainsburys-garlic-herb-mini-chicken-kyivs-390g	g	978	234	12.8	3.0	13.9	<0.5	1.1	15.2	0.52	2026-10-09	3
sainsburys-lightly-dusted-chicken-mini-fillets-305g	g	1021	244	11.5	1.2	13.6	0.8	0.7	21.1	0.55	2026-10-09	3
sainsburys-roast-british-cooked-chicken-thighs-450g	g:edible portion	780	187	10.9	2.9	<0.5	<0.5	1.4	21.2	0.53	2026-10-09	3
sainsburys-smoky-breaded-british-chicken-schnitzel-with-a-honey-habanero-butter-taste-the-difference-x2-350g	g	950	227	11.8	2.8	13.8	1.8	1.1	15.8	0.65	2026-10-09	3
sainsburys-southern-fried-breaded-fresh-british-chicken-steaks-x4-500g	g	803	192	8.7	1.2	13.9	0.7	1.3	13.9	0.75	2026-10-09	3
sainsburys-wild-garlic-kyiv-taste-the-difference-x2-385g	g	1005	240	13.5	5.5	12.7	0.8	<0.5	16.9	0.62	2026-10-09	3
stamford-street-co-british-chicken-kyivs-with-garlic-butter-x2-240g	g	1139	274	19.2	7.1	11.3	1.1	2.2	12.9	0.60	2026-10-09	3
the-house-of-chicken-buttermilk-british-chicken-breast-burgers-x2-300g	g:as consumed	846	202	8.2	1	12.3	0.9	1.2	19	0.6	2026-10-09	3
sainsburys-sides-breaded-chicken-pops-250g	g	1041	249	12.6	1.9	18.5	1.5	1.5	14.7	0.62	2026-10-09	3
sokolow-1kg-best-section-poultry-frankfurters	g:of product	867	209	17	9	3	0.5		11	2.1	2026-10-09	3
tariq-halal-chicken-thighs-1kg	g	972	234	19.3	5.5	2.1	<0.1		15	<0.5	2026-10-09	3
tariq-halal-skinless-chicken-drumsticks-1kg	g	388	92	2	0.6	1	<0.5		18.3	<0.5	2026-10-09	3
birds-eye-2-x-peri-peri-chicken-breast-steaks-174g	?	734	176	10	2.7	5.4	0.5	0.5	16	0.9	2026-10-09	3
birds-eye-250g-memphis-bbq-marinated-chicken-thigh-fillets	?	830	199	13	3.9	4.5	2.6	0.5	16	0.7	2026-10-09	3
birds-eye-chicken-shop-300g-korean-style-spicy-chicken-tenders	?	957	228	11	1	15	0.9	0.7	17	0.7	2026-10-09	3
birds-eye-chicken-shop-hickory-bbq-chicken-wings-375g	?	881	211	13	3.8	3.2	1.3	0.7	20	0.5	2026-10-09	3
sainsburys-southern-fried-chicken-steak-380g	g	1031	247	14.7	2.4	13.7	<0.5	1.0	14.5	0.91	2026-10-09	3
birds-eye-southern-fried-chicken-grills-x4-360g	?	1123	268	14	1.7	21	1.2	1.2	14	0.9	2026-10-09	3
birds-eye-chicken-nuggets-with-golden-wholegrain-x24-379g	?	1125	269	14	1.6	21	0.5	1.5	14	0.9	2026-10-09	3
sainsburys-free-from-chicken-kyivs-x2-260g	g	1091	262	18.2	4.4	11.0	<0.5	0.8	13.2	0.48	2026-10-09	3
sainsburys-free-from-chicken-dippers-400g	g	1097	263	15.1	2.4	16.9	<0.5	1.4	14.1	0.79	2026-10-09	3
sainsburys-cajun-british-chicken-grills-ready-to-eat-180g	g	595	141	3.3	0.7	4.6	1.1	<0.5	23.1	0.48	2026-10-09	3
sainsburys-chargrilled-shredded-british-chicken-breast-160g-ready-to-eat	g	500	118	1.6	0.4	0.6	<0.5	<0.5	25.4	0.54	2026-10-09	3
sainsburys-lime-chilli-chicken-breast-chunks-80g	g	586	138	0.9	0.3	5.6	1.9	<0.5	26.8	0.66	2026-10-09	3
sainsburys-roast-british-chicken-breast-sliced-360g-ready-to-eat	g	498	118	1.8	0.5	5.1	<0.5	<0.5	20.4	0.48	2026-10-09	3
sainsburys-sweet-chilli-cooked-british-chicken-wings-525g	g	911	218	11.6	3.1	7.1	5.6	0.8	20.9	0.47	2026-10-09	3
sainsburys-sweet-smoky-cooked-british-chicken-drumsticks-430g	g:edible portion	618	147	5.1	1.4	7.6	2.7	<0.5	17.7	0.67	2026-10-09	3
stamford-street-co-cooked-chicken-breast-360g	g	498	118	2.0	0.6	<0.5	<0.5	<0.5	24.7	0.52	2026-10-09	3
najma-halal-sliced-chicken-breast-150g	g	600	144	7.8	2	1.7	0.5	2.3	16	1.9	2026-10-09	3
gressingham-corn-fed-poussin-500g-serves-2	g:cooked as per instructio	964	232	15	4.4	0.6	0.5	0.5	23	<0.5	2026-10-09	3
sainsbury-s-just-cook-330g-mango-coconut-chilli-chicken-breast-grills	g	726	171	2.2	0.7	3.5	3.5	0.6	34.1	0.48	2026-10-09	3
sainsburys-british-sweet-chilli-chicken-thighs-700g	g	860	206	12.1	3.2	2.8	2.8	1.0	21.0	0.56	2026-10-09	3
sainsburys-just-cook-315g-smoky-cajun-chicken-breast-sizzlers	g	779	185	4.6	0.8	3.9	3.9	1.2	31.4	0.92	2026-10-09	3
sainsburys-just-cook-british-chicken-breast-with-cheese-leek-380g	g	791	189	9.6	3.0	4.3	0.9	0.9	20.9	0.75	2026-10-09	3
sainsburys-just-cook-chicken-breasts-layered-with-garlic-butter-370g	g	720	171	7.0	2.6	3.9	<0.5	<0.5	23.2	0.47	2026-10-09	3
sainsburys-just-cook-italian-style-chicken-breasts-with-tomato-mozzarella-basil-415g	g	576	137	3.0	1.0	4.6	2.0	0.5	22.6	0.57	2026-10-09	3
sainsburys-lemon-herb-british-chicken-breast-mini-fillets-320g	g	717	171	5.8	0.7	<0.5	<0.5	1.2	28.8	0.55	2026-10-09	3
sainsburys-rotisserie-spatchcock-1197g	g	787	188	9.4	2.5	1.9	1.7	<0.5	23.8	0.76	2026-10-09	3
sainsburys-just-cook-hunters-chicken-breasts-430g	g	692	164	4.4	1.9	8.8	8.3	<0.5	22.3	0.65	2026-10-09	3
sainsburys-1kg-british-fresh-chicken-skin-on-drumsticks	g	625	149	5.4	1.4	<0.5	<0.5	<0.5	24.8	0.25	2026-10-09	3
sainsburys-1kg-british-fresh-skin-on-chicken-legs	g	763	182	9.3	2.4	<0.5	<0.5	<0.5	24.5	0.21	2026-10-09	3
sainsburys-320g-british-fresh-chicken-breast-mini-fillets	g	600	142	2.2	0.4	<0.5	<0.5	<0.5	30.6	0.12	2026-10-09	3
sainsburys-slow-cooked-chicken-breasts-470g	g	529	126	4.0	1.6	1.6	1.6	1.9	19.9	0.73	2026-10-09	3
sainsburys-400g-british-fresh-diced-chicken-breast	g	638	151	3.3	0.8	<0.5	<0.5	<0.5	30.3	0.18	2026-10-09	3
sainsburys-640g-british-fresh-skinless-boneless-chicken-thigh-fillets	g	703	168	7.6	2.1	<0.5	<0.5	<0.5	24.8	0.18	2026-10-09	3
sainsburys-fresh-british-chicken-breast-fillet-garlic-kyiv-x2-390g	g	869	207	10.0	3.5	12.3	2.4	1.0	16.6	0.55	2026-10-09	3
mr-crumb-225g-sage-onion-stuffing-tray	g	1037	248	11.4		30.1		2.7	4.8	1.5	2026-10-09	3
castle-maclellan-chicken-liver-parfait-with-scottish-heather-honey-100g	g	1367	332	31.2	15.1	6.2	2.8		6.2	1.6	2026-10-09	3
deli-express-british-roast-cooked-turkey-slices-x4-150g	g	443	105	1.3	0.4	<0.5	<0.5	<0.5	23.1	1.81	2026-10-09	3
duda-300g-poultry-pork-pate	?	1004	243	21	7.5	2.8	0.6		10	1.9	2026-10-09	3
goikoa-chorizo-de-navarra-200g	g	2087	499	44	17	1	0.7	0.5	25	3.2	2026-10-09	3
ib-rica-50g-jam-n-ib-rico-cebo-de-campo	g	984	235	12	6	0.8	0.5	1	31	3.1	2026-10-09	3
madeo-calabrini-hot-salami-snack-70g	g	1735	418	33	13	0.9	<0.1		30	4	2026-10-09	3
mattessons-4-x-beechwood-smoked-gourmet-hot-dogs-280g	g	1175	284	24	9.5	2.5	1.6		14	2	2026-10-09	3
pajariel-chorizo-de-leon-180g	g	1684	406	32	10	1.4	1.4	0.5	28	3.8	2026-10-09	3
peperami-chorizo-5x20g	g	2055	496	44	18	0.5	0.5		25	4.2	2026-10-09	3
peperami-original-salami-lunchbox-minis-10x10g	g	1662	400	31	13	5.5	1.8		26	4.1	2026-10-09	3
premier-deli-6-x-pork-lunch-tongue-slices-120g	g	804	193	11.8	4.5	0.5	0.5	0.5	21.3	3	2026-10-09	3
premier-deli-ox-tongue-125g	g	793	191	13.2	5.8	1.2	1.2		16.5	2.8	2026-10-09	3
sainsburys-100g-salami-dip-snack-platter-taste-the-difference	g	1015	245	22.1	14.1	5.1	2.6	<0.5	6.5	0.93	2026-10-09	3
sainsburys-12-cooked-ham-slices-240g	g	454	108	2.2	0.8	0.6	0.6	<0.5	21.1	1.63	2026-10-09	3
sainsburys-120g-wiltshire-cured-smoked-ham-taste-the-difference	g	519	123	3.6	1.4	<0.5	<0.5	<0.5	22.6	2.98	2026-10-09	3
sainsburys-16-cooked-ham-slices-375g	g	454	108	2.2	0.8	0.6	0.6	<0.5	21.1	1.63	2026-10-09	3
sainsburys-225g-wiltshire-cured-finely-sliced-ham-taste-the-difference	g	487	115	2.4	0.9	<0.5	<0.5	<0.5	23.2	2.82	2026-10-09	3
sainsburys-50g-high-protein-ready-to-eat-mini-chorizo-bites	g	1871	451	38.3	13.5	0.7	0.7	<0.5	26.0	3.25	2026-10-09	3
sainsburys-6-smoked-ham-slices-120g	g	485	115	2.2	0.8	<0.5	<0.5	<0.5	23.0	1.61	2026-10-09	3
sainsburys-70g-high-protein-fuet-salami-sticks	g	2099	506	42.6	14.9	5.1	4.2	<0.5	25.7	5.10	2026-10-09	3
sainsburys-8-honey-roast-wafer-thin-ham-slices-120g	g	491	116	2.7	1.1	2.0	3.2	<0.5	20.7	1.58	2026-10-09	3
sainsburys-80g-salami-cremona-taste-the-difference	g	1604	386	30.2	11.5	1.9	<0.5	<0.5	26.7	3.67	2026-10-09	3
sainsburys-90g-ready-to-eat-sweet-smoky-mini-fillet-pieces	g	539	127	1.4	0.4	6.5	6.1	1.4	21.5	0.63	2026-10-09	3
sainsburys-air-dried-english-honey-roast-wafer-thin-lean-cooked-british-ham-taste-the-difference-120g	g	535	127	2.0	0.7	<0.5	<0.5	<0.5	26.7	2.28	2026-10-09	3
sainsburys-ardennes-spreadable-pate-175g	g	1091	264	22.9	8.9	2.5	1.7	<0.5	11.9	1.77	2026-10-09	3
sainsburys-british-butter-roast-chicken-150g	g	452	107	1.5	0.5	<0.5	<0.5	<0.5	23.1	0.96	2026-10-09	3
sainsburys-british-corned-beef-slices-100g	g	946	227	13.6	5.3	0.9	<0.5	0.9	24.7	1.40	2026-10-09	3
sainsburys-british-honey-roast-thick-cut-ham-150g	g	659	157	7.3	2.8	3.2	3.2	<0.5	19.7	1.88	2026-10-09	3
sainsburys-british-wafer-thin-cooked-chicken-slices-400g	g	508	121	4.1	1.2	1.7	<0.5	<0.5	19.2	1.23	2026-10-09	3
sainsburys-british-wafer-thin-honey-cured-ham-slices-150g	g	433	103	1.7	0.6	2.8	2.8	<0.5	18.8	1.50	2026-10-09	3
sainsburys-brussels-garlic-pate-170g	g	1195	289	25.9	10.2	4.0	1.8	<0.5	9.8	1.68	2026-10-09	3
sainsburys-chargrilled-british-chicken-breast-slices-360g	g	500	118	1.6	0.4	0.6	<0.5	<0.5	25.4	0.54	2026-10-09	3
sainsburys-chorizo-ring-mild-225g	g	1962	474	40.9	15.1	<0.5	<0.5	0.6	25.7	3.12	2026-10-09	3
sainsburys-garlic-herb-cooked-british-chicken-breast-slices-180g	g	544	129	2.5	0.6	0.6	0.6	0.6	25.7	0.46	2026-10-09	3
sainsburys-german-pizza-pepperoni-slices-x32-100g	g	1846	446	40.9	15.8	3.9	<0.5	<0.5	15.5	2.91	2026-10-09	3
sainsburys-german-salami-slices-x17-170g	g	1376	331	25.8	10.2	1.7	<0.5	<0.5	22.8	3.33	2026-10-09	3
sainsburys-gran-cotto-taste-the-difference-110g	g	940	226	15.9	5.7	<0.5	<0.5	<0.5	19.9	1.79	2026-10-09	3
sainsburys-honey-roast-yorkshire-cured-british-ham-slices-taste-the-difference-x7-225g	g	512	121	2.5	0.9	<0.5	<0.5	<0.5	24.3	1.69	2026-10-09	3
sainsburys-italian-milano-salami-slices-86g	g	1605	386	29.5	10.7	5.5	<0.5	<0.5	24.5	3.51	2026-10-09	3
sainsburys-italian-parma-ham-24-month-matured-taste-the-difference-70g	g	1048	251	15.5	6.0	<0.5	<0.5	<0.5	27.2	4.61	2026-10-09	3
sainsburys-italian-prosciutto-cotto-slices-x4-100g	g	527	125	4.5	1.6	<0.5	<0.5	<0.5	20.5	2.13	2026-10-09	3
sainsburys-lightly-seasoned-cooked-british-beef-brisket-pastrami-taste-the-difference-120g	g	596	142	4.6	1.8	1.3	1.1	<0.5	23.7	1.63	2026-10-09	3
sainsburys-peppered-german-salami-slices-x17-170g	g	1366	329	25.5	10.1	1.8	<0.5	<0.5	22.8	3.44	2026-10-09	3
sainsburys-reduced-fat-brussels-spreadable-pate-175g	g	664	160	11.3	4.6	3.8	2.3	<0.5	10.7	1.68	2026-10-09	3
sainsburys-roast-pork-loin-slices-taste-the-difference	g	554	131	1.9	0.7	0.6	0.6	<0.5	27.9	0.48	2026-10-09	3
sainsburys-sage-onion-cooked-british-chicken-breast-slices-180g	g	518	123	2.8	0.5	4.6	0.6	<0.5	19.8	0.66	2026-10-09	3
sainsburys-selection-charcuterie-platter-selection-slices-x37-200g	g	1606	387	29.5	10.7	5.5	<0.5	<0.5	24.5	3.51	2026-10-09	3
sainsburys-serrano-ham-100g	g	891	212	9.2	3.3	0.7	0.7	<0.5	31.7	5.00	2026-10-09	3
sainsburys-smooth-duck-orange-pate-taste-the-difference-150g	g	1109	267	20.8	8.9	12.4	5.0	1.0	7.1	1.10	2026-10-09	3
sainsburys-sweet-smokey-bbq-sliced-british-chicken-breast-180g	g	546	129	2.3	0.6	5.7	2.9	<0.5	21.4	0.57	2026-10-09	3
sainsburys-valencia-orange-cranberry-topped-ham-taste-the-difference-120g	g	537	127	2.9	1.2	1.7	0.9	<0.5	23.6	1.93	2026-10-09	3
sainsburys-wafer-thin-salt-beef-slices-taste-the-difference-x9-110g	g	564	134	4.9	1.8	0.9	<0.5	<0.5	21.6	2.03	2026-10-09	3
stamford-street-co-tikka-style-cooked-chicken-breast-240g	g	446	106	1.8	0.5	1.6	1.5	1.0	20.2	0.68	2026-10-09	3
tarczynski-mild-smoky-kabanos-105g	g	2140	517	44	17	5.2	1.9	2	24	2.7	2026-10-09	3
taste-original-120g-bbq-chicken-skewers	g	850	203	10.4	1.6	9	4.5	1.9	17.5	1.1	2026-10-09	3
the-jolly-hog-british-black-treacle-smoked-ham-100g	g	551	131	3.2	1.1	2	2	<0.1	24	2.4	2026-10-09	3
sainsburys-4-breaded-thick-cut-ham-slices-120g	g	470	111	1.8	0.6	2.0	0.9	<0.5	21.8	1.57	2026-10-09	3
sainsburys-italian-antipasto-selection-120g	g	934	223	12.1	4.5	<0.5	<0.5	<0.5	27.9	4.65	2026-10-09	3
sainsburys-spanish-tapas-selection-120g	g	891	212	9.2	3.3	0.7	0.7	<0.5	31.7	5.00	2026-10-09	3
fridge-raiders-5x-22-5g-slow-roasted-chicken-snack-bites	g	794	190	10	2.5	3.2	1.1		21	1.6	2026-10-09	3
sainsburys-italian-parma-ham-slices-x6-80g	g	1169	281	19.1	6.4	<0.5	<0.5	<0.5	27.1	5.80	2026-10-09	3
homecooks-390g-chargrilled-chicken-shawarma	g	483	115	3.1	0.7	13	5		12	0.5	2026-10-09	3
fridge-raiders-45g-slow-roasted-chicken-snack-bites	g	874	209	11	4.4	5.6	0.9		21	1.5	2026-10-09	3
fridge-raiders-southern-style-chicken-snack-bites-70g	g	923	221	14	3.8	4.2	1.1		19	1.3	2026-10-09	3
peperami-22-5g-original-salami	g	2056	497	44	18	2.2	2		23	3.9	2026-10-09	3
fridge-raiders-frank-s-red-hot-70g-original-chicken-snack-bites	g	806	193	11.2	2.3	4.5	0.7		18.3	2.2	2026-10-09	3
taste-original-chicken-satay-skewers-mini-bags-x5-32g	g	1032	248	18.1	3	2.7	2.6	0.6	18.3	1.5	2026-10-09	3
fridge-raiders-smoky-bbq-chicken-snack-bites-3x22-5g	g	813	194	9.9	2.1	6.7	2.2		19	1	2026-10-09	3
fridge-raiders-variety-pack-chicken-snack-bites-7x22-5g	g	696	166	9.2	2.2	4.2	0.9		17	1.3	2026-10-09	3
najma-sliced-turkey-breast-150g	g	550	131	5	1	0.7	0.7	0.5	20	2.1	2026-10-09	3
sokolow-best-silesia-sausage-340g	g:of product	1040	251	21	8.4	1.7	0.55		13	3	2026-10-09	3
sainsburys-90g-high-protein-ready-to-eat-chilli-coriander-king-prawns	g	393	93	2.9	0.4	0.6	<0.5	<0.5	16.1	1.47	2026-10-09	3
krakus-podwawelska-sausage-520g	g	992	239	19	7.5	2	0.6		15	2.1	2026-10-09	3
sainsburys-tuna-pate-100g	g	624	149	6.8	4.5	5.5	2.0	<0.5	16.1	0.92	2026-10-09	3
sainsburys-50g-protein-ready-to-eat-snacking-fish	g	437	104	2.3	0.2	12.1	5.5	<0.5	8.6	1.78	2026-10-09	3
sainsburys-80g-high-protein-ready-to-eat-sweet-chilli-salmon-chunk	g	1188	284	15.2	2.6	7.6	5.4	<0.5	29.2	1.81	2026-10-09	3
sainsburys-12-breaded-cooked-ham-slices-240g	g	473	112	1.8	0.6	2.0	0.9	<0.5	21.8	1.57	2026-10-09	3
sainsburys-6-honey-roast-ham-slices-120g	g	510	121	2.7	1.1	3.2	3.2	<0.5	20.7	1.58	2026-10-09	3
sainsburys-breaded-yorkshire-cured-cooked-british-ham-slices-taste-the-difference-x4-120g	g	490	116	2.3	0.9	1.7	<0.5	<0.5	22.1	1.98	2026-10-09	3
sainsburys-brussels-pate-170g	g	1156	279	24.8	9.6	4.7	1.7	<0.5	9.3	1.74	2026-10-09	3
sainsburys-spanish-chorizo-ring-225g	g	2027	490	42.7	15.8	<0.5	<0.5	0.8	25.5	3.10	2026-10-09	3
sainsburys-inspired-to-cook-italian-beechwood-smoked-diced-pancetta-200g	g	1360	328	28.4	10.6	0.9	<0.5	<0.5	17.0	4.25	2026-10-09	3
peperami-hot-salami-5x20g	g	2056	497	44	18	3.2	2.4		22	4	2026-10-09	3
berlinki-85g-chilli-kabanos	g:of product	1788	431	35	14	6	2		23	3.8	2026-10-09	3
gressingham-duck-livers-300g	g	574	137	5.5	1.9	1.4	0.5	0.5	20	<0.5	2026-10-09	3
gressingham-aromatic-whole-crispy-duck-1-2kg	g	947	226	11	3.3	16	3	0.6	17	0.6	2026-10-09	3
gressingham-crispy-aromatic-half-duck-540g	g	968	231	9.3	2.4	20	7.1	0.9	16	0.8	2026-10-09	3
sainsburys-british-duck-breast-fillets-x2-397g	g	804	192	8.7	2.6	<0.5	<0.5	0.6	28.0	0.25	2026-10-09	3
gressingham-duck-breast-portions-250g	g	908	219	17	5	0.7	0.5	0.5	16	<0.5	2026-10-09	3
fish-said-fred-2-x-coho-salmon-fillets-250g	g:pan fried	971	233	15.2	2.7	<0.5	<0.5	0.5	24.1	<0.5	2026-10-09	3
harbour-salmon-co-salmon-fillet-infusions-lemon-herb-220g	g:oven cooked	914	218	12.2	2.1	5.5	0.8	0.5	21.7	0.7	2026-10-09	3
leap-wild-400g-sockeye-salmon	g:as consumed pan fried	679	162	6.9	1.2	<0.5	<0.5	0.5	24.9	<0.5	2026-10-09	3
new-england-seafood-wild-cod-fillets-x2-220g	g:as consumed	401	95	<0.5	<0.5	<0.5	<0.5	0.7	22.9	<0.5	2026-10-09	3
sainsburys-2-lightly-dusted-yellowfin-sole-fillets-taste-the-difference-265g	g	723	172	7.5	0.7	12.8	1.1	<0.5	13.3	0.77	2026-10-09	3
sainsburys-6-x-boneless-scottish-salmon-fillets-720g	g	961	231	15.3	2.6	<0.5	<0.5	<0.5	23.0	0.30	2026-10-09	3
sainsburys-chunky-battered-cod-x4-500g	g	807	193	9.2	0.6	16.0	0.8	0.7	11.1	0.73	2026-10-09	3
sainsburys-kiln-smoked-british-kipper-fillets-taste-the-difference-240g	g:grilled	932	224	15.7	4.6	3.4	<0.5	<0.5	17.0	2.05	2026-10-09	3
sainsburys-large-king-prawns-asc-taste-the-difference-300g	g	314	74	<0.5	<0.1	<0.5	<0.5	<0.5	17.9	1.50	2026-10-09	3
sainsburys-sea-bass-fillets-asc-x4-360g	g	810	194	9.8	2.1	<0.5	<0.5	0.7	25.9	0.25	2026-10-09	3
sainsburys-skin-on-msc-haddock-loins-taste-the-difference-270g	g:pan fried	462	109	2.0	0.4	<0.5	<0.5	<0.5	22.4	0.24	2026-10-09	3
sound-seafood-hot-smoked-herring-fillets-200g	g:as consumed	1294	311	21.9	5.5	7.2	0.5	0.5	20.9	3.4	2026-10-09	3
stamford-street-co-cold-water-prawns-200g	g	256	60	<0.5	<0.1	<0.5	<0.5	<0.5	14.2	1.40	2026-10-09	3
the-real-seafood-co-king-prawn-cocktail-170g	g	945	228	19.5	1.6	4.5	2.3	0.5	8.7	1	2026-10-09	3
harbour-salmon-co-100g-sweet-cured-smoked-salmon	g	902	216	12.3	2.1	2.8	2.6	0.5	23.5	2.7	2026-10-09	3
harbour-salmon-co-smoked-salmon-with-lemon-pepper-100g	g:as consumed	749	179	8.9	1.6	1	0.5	0.5	23.9	3.8	2026-10-09	3
sainsburys-140g-boneless-smoked-mackerel-taste-the-difference	g	1308	315	23.7	5.1	4.1	<0.5	<0.5	21.0	2.19	2026-10-09	3
sainsburys-80g-honey-roast-scottish-salmon-flakes	g	838	200	10.4	2.0	3.2	3.2	<0.5	23.3	1.06	2026-10-09	3
sainsburys-scottish-smoked-salmon-maple-terrine-taste-the-difference-375g	?	973	234	18.8	9.2	5.1	3.3	<0.5	11.0	2.07	2026-10-09	3
sainsburys-skin-on-boneless-smoked-msc-haddock-fillets-240g	g	404	96	1.4	0.3	<0.5	<0.5	<0.5	20.3	1.22	2026-10-09	3
stamford-street-co-scottish-smoked-salmon-100g	g	778	186	9.5	1.4	0.9	<0.5		24.0	3.37	2026-10-09	3
sainsburys-approx-230g-ready-to-eat-british-hot-smoked-peppered-mackerel-fillets	g	1280	307	20.7	5.3	10.3	<0.5	<0.5	19.7	1.97	2026-10-09	3
sainsburys-hebridean-kiln-dried-thick-sliced-asc-scottish-smoked-salmon-taste-the-difference-100g-ready-to-eat	g	851	204	11.1	2.1	1.4	0.6	<0.5	24.3	3.30	2026-10-09	3
sainsburys-sweet-chilli-asc-scottish-salmon-portions-x2-180g-ready-to-eat	g	1029	247	15.1	2.7	3.6	3.2	<0.5	23.9	1.35	2026-10-09	3
sainsburys-2-british-mackerel-fillets-180g	g:pan fried	1069	257	18.8	5.7	5.0	<0.5	<0.5	16.7	0.38	2026-10-09	3
sainsburys-basa-fillets-asc-250g	g	373	88	0.8	0.3	<0.5	<0.5	0.5	19.8	0.04	2026-10-09	3
sainsburys-coldwater-msc-prawn-cocktail-taste-the-difference-170g	g	1321	320	29.8	3.2	2.8	1.8	<0.5	9.8	1.13	2026-10-09	3
sainsburys-large-king-prawns-asc-300g	g	266	63	<0.5	<0.1	<0.5	<0.5	<0.5	14.8	1.50	2026-10-09	3
the-good-tide-seafood-co-white-and-brown-crab-100g	g	448	107	3.8	0.8	2.1	<0.5	0.5	16	1.2	2026-10-09	3
sainsburys-150g-paprika-garlic-king-prawns	g	490	117	4.8	0.5	0.9	<0.5	<0.5	17.5	1.25	2026-10-09	3
sainsburys-240g-ultimate-prawn-cocktail-taste-the-difference	g	1406	340	32.4	3.7	2.1	2.0	<0.5	10.1	1.38	2026-10-09	3
sainsburys-breaded-msc-haddock-fillets-x2-300g	g	959	228	9.2	0.8	22.0	0.6	1.3	13.7	0.97	2026-10-09	3
sainsburys-lightly-dusted-basa-fillets-asc-x2-265g	g	718	171	8.0	1.0	10.9	0.9	<0.5	13.9	0.70	2026-10-09	3
sainsburys-msc-seafood-sticks-x16-250g	g	450	107	2.5	0.2	12.8	7.5	<0.5	8.2	2.13	2026-10-09	3
sainsburys-lightly-dusted-msc-plaice-fillets-x2-265g	g	920	220	10.9	0.9	18.2	0.5	1.3	11.6	1.01	2026-10-09	3
sainsburys-patagonian-scallops-king-prawns-gratins-taste-the-difference-x2-240g	g	757	182	12.9	8.5	4.0	1.1	<0.5	12.3	1.26	2026-10-09	3
sainsburys-sweetcure-hot-smoked-jack-mackerel-fillet-strips-180g	g	782	186	6.9	2.2	5.4	4.5	<0.5	25.6	2.07	2026-10-09	3
the-real-seafood-co-150g-emperor-king-prawns	g	242	57	0.5	<0.5	0.5	0.5	0.5	14	1.5	2026-10-09	3
sainsburys-420g-assemble-at-home-salmon-blinis-taste-the-difference	?	830	197	6.6	2.8	24.3	3.1	1.8	9.3	2.00	2026-10-09	3
sainsburys-king-prawns-asc-in-garlic-parsley-asc-150g	g	398	95	3.0	0.4	1.1	<0.5	<0.5	15.8	1.33	2026-10-09	3
sainsburys-fishcakes-melting-middle-msc-cod-parsley-sauce-fishcakes-taste-the-difference-x2-290g	g	787	188	8.0	2.0	18.4	0.9	1.5	9.8	0.54	2026-10-09	3
sainsburys-skin-on-asc-scottish-salmon-fillets-so-organic-x2-240g	g:pan fried	991	238	15.5	3.5	<0.5	<0.5	<0.5	24.1	0.39	2026-10-09	3
birds-eye-20-x-battered-fish-nuggets-490g	?	1063	254	13	1.1	24	0.6	0.7	9.9	0.8	2026-10-09	3
birds-eye-4-x-breaded-cod-fish-cakes-198g	?	793	189	8.5	0.6	18	0.7	1	9.7	0.9	2026-10-09	3
birds-eye-battered-fish-fillets-x4-400g	?	979	234	13	1.2	18	0.5	0.6	10	1.2	2026-10-09	3
birds-eye-breaded-haddock-fillets-x4-400g	?	838	199	7.3	0.6	21	0.7	0.8	12	0.8	2026-10-09	3
sainsburys-frozen-cooked-seafood-selection-300g	g:defrosted	344	81	1.1	0.2	1.4	<0.5	<0.5	16.2	0.78	2026-10-09	3
sainsburys-salmon-pate-100g	g	848	204	14.3	7.8	5.9	3.5	0.7	12.6	1.63	2026-10-09	3
sainsburys-380g-parsley-cream-sauce-cod-fillets	g	753	181	11.9	6.8	6.0	0.8	<0.5	12.4	0.74	2026-10-09	3
sainsburys-scottish-msc-mussels-in-garlic-butter-500g-serves-x2	g	331	79	2.5	1.2	5.8	<0.5	<0.5	7.9	1.32	2026-10-09	3
sainsburys-asc-scottish-mild-smoked-salmon-100g-ready-to-eat	g	772	185	9.7	1.8	0.7	<0.5	<0.5	23.6	3.78	2026-10-09	3
sainsburys-large-king-prawns-asc-150g	g	263	62	<0.5	<0.1	<0.5	<0.5	<0.5	14.6	1.50	2026-10-09	3
sainsburys-skin-on-asc-scottish-salmon-fillets-x4-480g	g	965	232	15.3	2.6	<0.5	<0.5	<0.5	23.0	0.27	2026-10-09	3
highland-game-venison-grillsteaks-300g	g	550	131	5.5	2.5	3.4	<0.5	0.5	17	1.5	2026-10-09	3
the-lions-kingdom-240g-ostrich-grill-steak	g	607	145	4.7	1.6	3.4	0.5	0.5	22.1	0.9	2026-10-09	3
the-lions-kingdom-antelope-burgers-240g	g	588	141	3.5	1.9	8.1	2.6	0.5	18.9	0.7	2026-10-09	4
sainsburys-dry-cured-gammon-steaks-unsmoked-taste-the-difference-400g	g	897	214	9.3	3.1	0.6	<0.5		31.9	3.61	2026-10-09	4
sainsburys-smoked-medium-british-gammon-joint-approx-1-4kg	g	919	221	15.1	5.0	<0.5	<0.5	<0.5	20.6	2.43	2026-10-09	4
sainsburys-unsmoked-medium-british-gammon-joint-approx-1-4kg	g	786	188	11.8	4.3	<0.5	<0.5	<0.5	20.1	3.26	2026-10-09	4
sainsburys-wiltshire-cured-smoked-gammon-joint-taste-the-difference	g	885	211	10.0	3.6	<0.5	<0.5	<0.5	30.0	2.23	2026-10-09	4
stamford-street-co-unsmoked-gammon-steaks-x2-300g	g:grilled	685	164	8.3	2.9	0.5	<0.5	<0.5	21.5	3.07	2026-10-09	4
sainsburys-just-cook-seville-orange-british-gammon-joint-470g	g	1019	244	14.5	5.6	5.7	5.7	<0.5	22.7	1.76	2026-10-09	4
sainsburys-slow-cooked-british-gammon-shanks-with-maple-black-pepper-orange-sauce-x2-680g-serves-2	g:edible portion	797	189	5.1	1.9	10.6	10.6	<0.5	25.2	1.69	2026-10-09	4
sainsburys-discovery-615g-slow-cooked-braised-beef-cheeks-taste-the-difference	g	664	158	6.6	2.3	4.1	2.4	1.0	20.1	0.99	2026-10-09	4
sainsburys-discovery-732g-slow-cooked-hill-lamb-osso-buco-taste-the-difference	g:edible portion	706	169	11.0	3.3	2.4	1.3	<0.5	15.0	0.62	2026-10-09	4
sainsburys-slow-cook-hot-honey-korean-beef-taste-the-difference-500g	g	1073	257	14.7	6.6	18.0	16.5	1.0	12.7	1.00	2026-10-09	4
sainsburys-slow-cooked-british-beef-bourguignon-taste-the-difference-545g-serves-2	g	760	182	11.0	4.6	4.4	2.8	1.1	15.8	1.07	2026-10-09	4
sainsburys-slow-cooked-chicken-shawarma-480g	g	644	154	7.0	2.1	3.0	1.3	0.9	19.2	0.53	2026-10-09	4
sainsburys-slow-cooked-peri-peri-lemon-herb-chicken-legs-510g	g	812	194	10.5	2.5	3.2	1.8	0.8	21.4	0.92	2026-10-09	4
sainsburys-slow-cooked-texan-style-bbq-british-beef-brisket-400g	g	718	170	4.5	1.6	11.0	10.6	1.1	21.0	0.64	2026-10-09	4
sainsburys-slow-cooked-400g-beef-birria	g	867	208	13.8	6.2	1.4	0.9	0.7	19.4	0.55	2026-10-09	4
sainsburys-slow-cook-lamb-shanks-with-mint-680g-serves-2	g:edible portion oven cook	673	161	7.6	2.9	3.4	2.1	<0.5	19.4	0.42	2026-10-09	4
sainsburys-slow-cooked-british-pulled-pork-with-smokey-bbq-sauce-569g-serves-2	g	1173	281	16.3	6.7	11.0	10.4	<0.5	22.3	0.83	2026-10-09	4
sainsburys-just-cook-440g-chinese-style-pork-loin-steaks	g	1042	249	13.5	5.4	3.6	2.1	<0.5	28.3	0.90	2026-10-09	4
sainsburys-1-8kg-welsh-hill-lamb-shanks-taste-the-difference	g	846	202	9.5	3.7	<0.5	<0.5	0.8	28.7	0.17	2026-10-09	4
sainsburys-2kg-medium-welsh-hill-lamb-leg-taste-the-difference	g:edible portion	771	184	9.5	4.0	<0.5	<0.5	0.5	24.4	0.16	2026-10-09	4
sainsburys-british-or-new-zealand-diced-lamb-shoulder-400g	g	1037	248	14.5	6.2	0.8	0.8	<0.5	28.6	0.26	2026-10-09	4
sainsburys-british-or-new-zealand-lamb-breast-approx-775g	g	1493	361	32.7	16.9	<0.5	<0.5	<0.5	16.7	1.07	2026-10-09	4
sainsburys-british-or-new-zealand-lean-lamb-leg-steaks-approx-265g	g	658	157	6.6	2.6	<0.5	<0.5	<0.5	23.8	0.25	2026-10-09	4
sainsburys-quick-cook-extra-thin-british-lamb-steaks-200g	g	1545	373	30.6	14.3	<0.5	<0.5	<0.5	24.0	0.29	2026-10-09	4
sainsburys-welsh-hill-lamb-cushion-taste-the-difference-approx-1-5kg	g	1111	267	17.5	7.8	<0.5	<0.5	<0.5	27.0	0.14	2026-10-09	4
sainsburys-welsh-hill-lamb-neck-fillets-taste-the-difference-approx-350g	g	908	218	14.2	6.2	<0.5	<0.5	<0.5	22.1	0.14	2026-10-09	4
sainsburys-welsh-hill-lamb-scrag-end-taste-the-difference-approx-550g	g	981	235	15.5	7.1	<0.5	<0.5	<0.5	23.7	0.15	2026-10-09	4
sainsburys-welsh-hill-thick-cut-lamb-steak-taste-the-difference-approx-600g	g	761	182	9.6	3.9	<0.5	<0.5	<0.5	23.4	0.13	2026-10-09	4
sainsburys-20-fat-british-lamb-mince-so-organic-400g	g	1109	267	19.1	9.0	<0.5	<0.5	0.6	23.3	0.18	2026-10-09	4
sainsburys-british-or-new-zealand-lamb-mint-kebabs-360g	g	996	239	16.0	7.6	7.3	4.5	<0.5	16.1	0.67	2026-10-09	4
sainsburys-just-cook-minted-lamb-rump-steaks-300g	g	1088	261	16.4	7.5	3.7	2.5	0.7	24.3	0.66	2026-10-09	4
sainsburys-british-or-new-zealand-extra-lean-diced-lamb-300g	g	825	196	6.9	2.5	0.8	0.8	0.5	32.6	0.24	2026-10-09	4
sainsburys-british-or-new-zealand-lamb-chops-340g	g	1223	294	21.6	10.3	<0.5	<0.5	<0.5	24.4	0.33	2026-10-09	4
sainsburys-british-or-new-zealand-lamb-neck-fillet-approx-263g	g	1142	274	17.5	8.9	<0.5	<0.5	<0.5	28.6	0.15	2026-10-09	4
sainsburys-2-25kg-large-welsh-hill-lamb-leg-taste-the-difference	g:edible portion	771	184	9.5	4.0	<0.5	<0.5	0.5	24.4	0.16	2026-10-09	4
sainsburys-welsh-hill-lamb-chops-taste-the-difference-approx-1kg	g	1237	297	20.7	9.6	<0.5	<0.5	0.6	27.2	0.23	2026-10-09	4
sainsburys-welsh-hill-rolled-lamb-belly-taste-the-difference-approx-900g	g	1652	399	36.0	16.8	<0.5	<0.5	<0.5	18.2	0.16	2026-10-09	4
sainsburys-british-cooked-roast-beef-slices-x3-85g	g	527	125	3.0	1.3	<0.5	<0.5	<0.5	24.0	0.91	2026-10-09	4
beyond-steak-plant-based-pieces-160g	g	766	182	6.3	0.7	5.2	1	3	24	1	2026-10-09	4
birds-eye-classic-beef-burgers-with-onion-227g	?	1176	1176	23	7.8	5.1	0.9	0.5	14	0.8	2026-10-09	4
bastides-salaisons-petits-chorizo-s-cocktail-chorizo-80g	g	2022	2022	37.9	13.9	1	0.9		32.2	4.9	2026-10-09	4
sainsburys-tempura-prawns-x10-150g	g:reference intake			27	21	8	1		15	14	2026-10-09	4
birds-eye-8-x-breaded-haddock-fish-fingers-240g	?	848	848	8.5	0.6	17	0.9	0.8	14	0.6	2026-10-09	4
linda-mccartney-260g-vegan-shredded-hoisin-duck	g	713	170	7.1		1.6		3.7	23	1.3	2026-10-09	4
quorn-200g-meat-free-pieces	g	405	97	1.6	<0.5	4.2	<0.5	5	14	0.7	2026-10-09	4
the-tofoo-co-300g-tempura-crispy-tofu	g:as consumed	1156	277	17.2	1.6	17.4	1.2	1.2	13.8	0.6	2026-10-09	4
the-tofoo-co-400g-smoked-xl-tofu	g	617	148	9.5	1.6	1.6	0.5	1.1	14.7	0.6	2026-10-09	4
this-isn-t-200g-plant-based-vegan-mushroom-tofu	g	668	668	6.7		2.8		6	19	1	2026-10-09	4
this-isn-t-95g-plant-based-honey-roast-ham-slices	g	657	158	6.1		5.1		1.4	21	1.5	2026-10-09	4
this-isn-t-chicken-deli-pieces-120g	g	712	169	5.3		2.7		0.5	28	1.1	2026-10-09	4
tofoo-co-300g-organic-silken-tofu	g	215	51	2.7	0.5	1.7	0.8	<0.5	5.2	<0.1	2026-10-09	4
gosh-beetroot-falafel-with-red-pepper-chilli-171g	g	805	193	7.3	0.5	21.2	4.5	8.9	6.1	1.1	2026-10-09	4
beyond-meat-plant-based-burger-patties-x2-226g	g	820	196	12	2.9	5.6	0.6	1.2	16	0.8	2026-10-09	4
ginsters-vegan-quorn-pasty-180g	g	1012	242	13.2	6.4	23.1	2	2.7	6.4	0.7	2026-10-09	4
pukka-vegan-no-steak-slice-170g	g:amount	1073	256	12.9	6	26.7	2.6	2.2	7.3	1	2026-10-09	4
this-is-160g-super-superfood-multigrain-breaded-pieces	g	889	889	8.8		18		4.2	15	1.3	2026-10-09	4
sainsburys-veg-forward-2-mediterranean-style-veg-burgers-227g	g	909	218	11.4	1.7	11.3	5.6	8.4	13.3	0.99	2026-10-09	4
squeaky-bean-120g-bbq-pulled-pork-style-shreds	g	1054	251	10	1.1	12	3.6	1.4	25	1.9	2026-10-09	4
quorn-70g-roasted-protein-bites	g	974	233	12	1.1	7.1	0.7	3.7	23	1.5	2026-10-09	4
cauldron-butternut-red-chilli-bites-175g	g	830	198	7.8	1.1	23	5.8	6.1	6	0.8	2026-10-09	4
quorn-garlic-herb-bites-180g	g	1090	262	15	1.5	18	<0.1	5	12	1.4	2026-10-09	4
squeaky-bean-applewood-smoked-ham-style-slices-80g	g	953	227	10	1.1	9.1	4.2	1.8	24	1.5	2026-10-09	4
the-tofoo-co-tofu-dippers-160g	g:as consumed	1203	288	17.4	1.7	14.6	1.8	3	16.8	1	2026-10-09	4
gosh-mediterranean-falafel-with-chickpeas-hint-of-basil-171g	g	1087	261	14.3	0.9	22	1.5	7.3	7.3	1.2	2026-10-09	4
juicy-marbles-thick-cut-filet-2x113g	g	652	156	7	0.8	2.4	1.3	5.9	18	0.8	2026-10-09	4
plant-pioneers-veggie-burgers-225g	g	586	140	3.0	0.5	19.2	2.6	6.5	5.7	1.02	2026-10-09	4
quorn-cocktail-sausages-x14-140g	g	873	209	12	1	12	1.8	3.2	13	1.4	2026-10-09	4
quorn-roast-mini-fillets-138g	g	417	100	2.3	0.5	4.4	<0.5	4.9	13	0.7	2026-10-09	4
quorn-vegan-chicken-free-slices-100g	g	393	94	2.3	0.6	4.1	0.5	6.2	11	1.3	2026-10-09	4
quorn-vegetarian-chicken-slices-170g	g	481	115	2.6	1.3	3	0.5	6.9	16	1	2026-10-09	4
quorn-vegetarian-peppered-steaks-196g	g:as ovencooked	637	153	6.4	2	7.5	2.3	5.4	13	1.1	2026-10-09	4
sainsburys-plant-pioneers-chorizo-style-shroomdogs-280g	g	677	162	6.3	2.8	16.5	1.6	5.5	7.0	1.06	2026-10-09	4
squeaky-bean-crispy-bacon-style-strips-50g	g	1434	344	18.6	1.3	13	4.1	8.2	27	4.8	2026-10-09	4
the-tofoo-co-naked-organic-tofu-450g	g	604	145	7.8	1.2	1.1	<0.5	1.9	16.5	<0.5	2026-10-09	4
the-tofoo-co-teriyaki-tofu-280g	g	655	156	7.8	1.3	5.9	2.3	0.5	15.6	0.6	2026-10-09	4
this-isn-t-bacon-plant-based-lardons-120g	g	737	176	5.2		4.8		6.2	24	3.8	2026-10-09	4
this-isn-t-chicken-plant-based-pieces-170g	g	586	140	3.5		1.8		6.4	22	0.8	2026-10-09	4
tiba-tempeh-200g-original	g	724	173	8	1.5	1.1	<0.5	6.7	22	<0.5	2026-10-09	4
vivera-plant-salmon-fillet-200g	g	836	200	11	1	8.4	0.6	3.1	14	1.2	2026-10-09	4
quorn-vegetarian-sausage-rolls-x3-210g	g	1151	276	15	6.7	21	2.9	3.3	12	1	2026-10-09	4
the-tofoo-co-naked-organic-tofu-280g	g	604	145	7.8	1.2	1.1	<0.5	1.9	16.5	<0.5	2026-10-09	4
vivera-plant-greek-kebab-175g	g	646	155	8.4	0.8	2	<0.5	4.6	16	1.1	2026-10-09	4
plant-pioneers-vegan-meat-free-lasagne-400g	g:reference intake			4	5	5	2		8	8	2026-10-09	4
birds-eye-green-cuisine-vegan-fishless-fingers-x12-336g	?	1073	257	13	1	26	1.7	2	7.9	1.3	2026-10-09	4
linda-mccartney-2-x-vegan-smash-burgers-170g	g	812	195	11		4		4.1	18	1.2	2026-10-09	4
linda-mccartney-quarter-pounder-burger-x2-227g	g:grilled as per instructi	1053	253	15	1.1	5.3	0.6	7.3	21	1.3	2026-10-09	4
linda-mccartney-s-vegetarian-tomato-basil-meatballs-292g	g:oven cooked as per instu	912	219	13		9		5.7	13	1	2026-10-09	4
plant-pioneers-2-x-cauliflower-leek-smoky-melts-280g	g	767	184	10.6	4.0	16.3	2.2	5.8	3.0	0.75	2026-10-09	4
plant-pioneers-meat-free-chicken-style-pieces-300g	g	730	176	9.3	1.8	4.0	1.2	8.9	14.4	1.07	2026-10-09	4
plant-pioneers-no-beef-burgers-x8-454g	g	663	158	6.1	0.5	5.8	3.3	5.8	17.1	1.07	2026-10-09	4
quorn-30-x-vegetarian-crispy-nuggets-594g	g:as oven cooked	795	190	8.3	0.8	17	1.9	4.5	9.4	1.2	2026-10-09	4
quorn-400g-vegetarian-roast	g:as oven cooked	505	121	4.6	0.5	3.4	0.9	4.1	14	1	2026-10-09	4
quorn-takeaway-2-x-crunchy-fillet-burgers-190g	g:as oven cooked	761	182	8.5	0.9	12	0.7	4.6	12	1.2	2026-10-09	4
quorn-vegetarian-chicken-style-crispy-fillets-200g	g:as oven cooked	655	156	6.1	0.6	13	<0.5	3.7	10	0.9	2026-10-09	4
quorn-vegetarian-sausages-336g	g:as pan fried	827	198	11	1.4	11	1.5	5.5	11	1.2	2026-10-09	4
quorn-vegetarian-swedish-style-balls-300g	g:hob cooked	637	152	5.3	1.7	9.1	<0.5	4.3	15	1.4	2026-10-09	4
strong-roots-the-pumpkin-spinach-burger-x4-300g	g	752	179	7.5	0.9	24.2	1.1	1.9	2.7	1	2026-10-09	4
quorn-vegetarian-chicken-style-pieces-300g	g	405	97	1.6	<0.5	4.2	<0.5	5	14	0.7	2026-10-09	4
sainsburys-5-fat-outdoor-bred-british-pork-mince-taste-the-difference-500g	g:pan fried	672	159	3.4	1.2	1.4	<0.5	<0.5	30.5	0.16	2026-10-09	4
sainsburys-british-10-fat-pork-mince-750g	g:pan fried	963	231	13.5	5.0	0.6	<0.5	<0.5	26.4	0.15	2026-10-09	4
sainsburys-british-fresh-outdoor-bred-pork-loin-steaks-taste-the-difference-x2-400g	g:pan and oven cooked	1189	285	17.6	8.2	<0.5	<0.5	<0.5	31.1	0.08	2026-10-09	4
sainsburys-british-pork-boneless-belly-joint-approx-700g	g:oven cooked	1263	303	19.9	6.9	0.6	<0.5	0.8	30.0	0.60	2026-10-09	4
sainsburys-british-pork-rib-rack-500g	g:edible portion oven cook	1200	288	19.7	7.3	<0.5	<0.5	0.9	26.9	0.21	2026-10-09	4
sainsburys-extra-lean-british-pork-stir-fry-300g	g	739	175	5.0	1.4	<0.5	<0.5	<0.5	32.4	0.13	2026-10-09	4
sainsburys-outdoor-bred-british-pork-loin-joint-taste-the-difference-1kg	g:oven cooked	920	220	10.4	3.8	1.0	<0.5	1.0	30.0	0.13	2026-10-09	4
sainsburys-70g-high-protein-spicy-pork-chorizo-bites	g	921	221	13.9	5.2	4.2	0.8	1.1	19.2	1.35	2026-10-09	4
sainsburys-discovery-360g-slow-cooked-hot-smoked-bbq-gammon-shanks-taste-the-difference	g:edible portion	808	192	5.1	1.8	9.3	8.7	<0.5	27.1	1.78	2026-10-09	4
sainsburys-discovery-750g-slow-cooked-hot-smoked-bbq-st-louis-style-pork-ribs-taste-the-difference	g:edible portion	1222	293	17.9	6.9	6.8	5.8	<0.5	26.1	1.11	2026-10-09	4
sainsburys-ready-to-cook-british-pork-fillet-medallions-with-a-creamy-mushroom-sauce-taste-the-difference-450g	g:pan dried	714	169	4.8	1.8	2.5	<0.5	<0.5	28.9	0.40	2026-10-09	4
sainsburys-slow-cooked-pork-sweet-spicy-rib-rack-646g	g	1071	256	13.9	5.2	8.3	7.3	<0.5	24.2	0.61	2026-10-09	4
sainsburys-british-fresh-pork-crackling-leg-joint-1kg-1-8kg	g	990	237	12.6	4.8	1.1	<0.5	<0.5	29.7	0.25	2026-10-09	4
sainsburys-british-pork-chops-x4-700g	g:edible portion oven cook	1406	338	25.6	8.3	1.3	<0.5	0.8	25.3	0.10	2026-10-09	4
sainsburys-british-pork-loin-steaks-x4-480g	g:pan fried	914	219	11.4	4.3	1.1	<0.5	0.8	27.5	0.40	2026-10-09	4
sainsburys-british-pork-shoulder-joint-approx-1-45kg	g:oven cooked for pulled p	1209	290	19.0	6.4	0.6	<0.5	0.6	28.9	0.10	2026-10-09	4
sainsburys-outdoor-bred-british-pork-cutlets-taste-the-difference-x2-550g	g:edible portion pan and o	1119	269	17.9	6.5	0.6	<0.5	<0.5	26.0	0.10	2026-10-09	4
sainsburys-british-2-fat-turkey-breast-mince-250g	g	575	136	1.2	0.4	<0.5	<0.5	<0.5	31.0	0.20	2026-10-09	4
sainsburys-fresh-british-turkey-breast-mini-fillets-400g	g	658	155	2.2	0.5	<0.5	<0.5	<0.5	33.5	0.23	2026-10-09	4
sainsburys-turkey-burgers-x2-227g	g	626	149	5.5	1.7	3.4	0.6	2.0	20.5	0.72	2026-10-09	4
sainsburys-7-fat-fresh-british-turkey-mince-500g	g	614	146	5.4	1.2	2.2	<0.5	<0.5	21.9	0.37	2026-10-09	4
promise-gluten-free-wholesome-brown-loaf-480g	g	956	227	4.2	<0.5	39.8	1.5	10.7	2.1	0.9	2026-10-09	4
bio-me-350g-gluten-free-super-nutty-granola	g	1682	402	12	2	55	9.9	15	11	<0.5	2026-10-09	4
sch-r-gluten-free-foldable-flatbreads-225g	?	1212	289	8.9	0.7	45	3.9	8.1	3.1	1.4	2026-10-09	4
birds-eye-classic-beef-burgers-with-onion-227g	g	1176	283	23	7.8	5.1	0.9	0.5	14	0.8	2026-10-09	5
bastides-salaisons-petits-chorizo-s-cocktail-chorizo-80g	g	2022	487	37.9	13.9	1	0.9		32.2	4.9	2026-10-09	5
sainsburys-tempura-prawns-x10-150g	g:cooked	1195	287	19.2	4.2	20.1	1.1	1.7	7.5	0.86	2026-10-09	5
birds-eye-8-x-breaded-haddock-fish-fingers-240g	g	848	202	8.5	0.6	17	0.9	0.8	14	0.6	2026-10-09	5
this-is-160g-super-superfood-multigrain-breaded-pieces	g	889	213	8.8		18		4.2	15	1.3	2026-10-09	5
this-isn-t-200g-plant-based-vegan-mushroom-tofu	g	668	160	6.7		2.8		6	19	1	2026-10-09	5
plant-pioneers-vegan-meat-free-lasagne-400g	g:cooked	422	100	2.5	1.0	14.1	2.2	2.3	4.2	0.45	2026-10-09	5
promise-gluten-free-handcrafted-sourdough-soft-white-rolls-260g	g	987	236	9	2.7	31.1	3	12.2	1.5	1	2026-10-09	5
sainsburys-free-from-casarecce-taste-the-difference-500g	g:cooked	758	179	1.4	0.5	37.1	<0.5	1.2	3.9	<0.01	2026-10-09	5
sainsburys-free-from-1kg-gluten-free-self-raising-flour	g	1427	336	<0.5	<0.1	78.6	<0.5	0.9	4.3	0.98	2026-10-09	5
alpro-1l-organic-oat-no-sugars-long-life-dairy-free-drink	ml	144	34	1.4	<0.5	5.2	<0.1	<0.1	<0.5	<0.5	2026-10-09	5
oatly-no-sugars-long-life-oat-drink-1l	ml	185	44	1.5	<0.5	6.3	<0.1	0.7	1	<0.5	2026-10-09	5
plenish-1l-long-life-dairy-free-organic-barista-almond-drink	ml	133	32	2.1	<0.5	1.7	1.3	0.7	1.2	<0.5	2026-10-09	5
rude-health-organic-brown-rice-1l	ml	272	64	1	<0.5	13	5	0.5	0.5	<0.5	2026-10-09	5
califia-farms-organic-oat-barista-blend-1l	ml	214	51	2.6	<0.5	5.8		0.5	0.9	<0.5	2026-10-09	5
alpro-kids-oat-chocolate-long-life-dairy-free-drink-200ml	ml	202	48	1.6	<0.5	5.9	4.5	1	2.2	<0.5	2026-10-09	5
sainsburys-free-from-150g-tiramisu-crispy-squares-with-a-coffee-flavour-topping-taste-the-difference	g	2003	477	19.6	8.2	72.2	54.0	0.7	2.6	0.27	2026-10-09	5
sainsburys-free-from-chocolate-brownies-x4	g	2045	490	29.2	10.1	50.2	31.3	3.0	5.1	0.13	2026-10-09	5
sproud-unsweetened-1l	ml	100	20	1.9	<0.5	<0.1	<0.1		1.5	<0.5	2026-10-09	5
hipp-organic-3-growing-up-baby-milk-ready-to-feed-liquid-formula-from-12th-months-200ml	ml:feed	251	60	3.3		6.2		<0.5	1.4		2026-10-09	5
james-white-turmeric-juice-zinger-intense-golden-70ml	ml	182	42	<0.1	0	10	9.5		<0.1	<0.1	2026-10-09	5
organix-40g-7-months-original-baby-rice-cakes-snacks	g	1445	340	0.5	<0.5	77	0.5	3	6	<0.5	2026-10-09	5
organix-oat-raisin-mini-flapjack-bites-12-months-4x20g	g	1721	411	15	1.9	55	22	13	7.7	<0.5	2026-10-09	5
sainsburys-unfiltered-extra-virgin-olive-oil-so-organic-500ml	g	3382	823	91.4	13.1	<0.5	<0.5	<0.5	<0.5	<0.01	2026-10-09	5
sainsburys-self-raising-white-flour-so-organic-1kg	g	1437	339	1.6	0.3	68.4	<0.5	4.1	10.7	1.03	2026-10-09	5
sainsburys-free-from-victoria-sponge-taste-the-difference-354g	g	1601	381	15.5	5.3	56.6	28.6	1.1	3.4	0.29	2026-10-09	5
barebells-peanut-butter-protein-bar-55g	g	1504	360	13	6	32	2.6	3.6	37	<0.5	2026-10-09	5
barebells-protein-bar-hazelnut-nougat-55g	g	1562	374	16	6.5	29	2.6	5.3	36	<0.5	2026-10-09	5
bio-me-daily-boost-3-x-40g-fibre-protein-blueberry-flapjacks-bars	g	1515	362	10	1.4	35	15.8	20	23	0.6	2026-10-09	5
bounce-hazelnut-praline-protein-ball-40g	g	1889	454	24.7	5.4	29.8	24.3	9.2	23.3	0.7	2026-10-09	5
ehp-labs-400g-oxyshred-juicy-strawberry-gummies	?	167	40			8				?	2026-10-09	5
fourfive-plus-energy-focus-red-berry-flavour-electrolyte-sachets-x7	?	2	1	<0.1	<0.1	<0.1	<0.1		<0.1	0.7	2026-10-09	5
fulfil-white-chocolate-cookies-cream-flavour-vitamin-protein-bar-55g	g	1501	359	14	6.9	34	3	7.2	33	<0.5	2026-10-09	5
grenade-caramel-chaos-caramel-flavour-60g	g	1437	344	13	5.7	29	2.5	5.1	36	<0.5	2026-10-09	5
grenade-chocolate-chip-salted-caramel-flavour-4x60g	g	1544	370	16	9	33	2.2	4	34	0.6	2026-10-09	5
grenade-lemon-cheesecake-flavour-protein-bar-60g	g	1632	391	18	10	35	3.1	2.6	34	<0.5	2026-10-09	5
grenade-oreo-white-4x60g	g	1616	387	17	9.6	33	2.1	1.5	34	0.7	2026-10-09	5
grenade-white-chocolate-cookie-flavour-60g	g	1496	358	14	5.9	30	2.8	3.9	38	0.5	2026-10-09	5
huel-chocolate-fudge-brownie-complete-nutrition-bar-55g	g	1456	348	14	5.7	31	3.1	14	26	<0.5	2026-10-09	5
mars-hi-protein-low-sugar-bar-57g	g	1472	352	14	7.4	38	3.3		32	0.7	2026-10-09	5
misfits-caramel-fudge-flavour-plant-based-protein-bar-50g	g	1467	352	13	5.7	38	1.3	9.7	29	0.8	2026-10-09	5
muscle-moose-big-protein-flapjack-golden-syrup-100g	g	1896	453	23	6.5	44	16	4	15	0.6	2026-10-09	5
myprotein-525g-snickers-hi-protein-flavour-impact-isolate-whey-protein	g	1467	346	2.2	1.2	14	11	3.6	66	1.5	2026-10-09	5
myprotein-clear-whey-protein-orange-mango-flavour-10-servings	g	1425	335	0.5	<0.5	5.8	1		77	0.6	2026-10-09	5
myprotein-clear-whey-protein-vimto-raspberry-orange-passionfruit-flavour-250g	g	1443	340	<0.1	<0.1	3.7	0.8		81	<0.5	2026-10-09	5
myprotein-hazelnut-wafer-flavour-whipped-soft-dough-bar-65g	g	1692	404	17	8.9	39	10	3	25	1	2026-10-09	5
myprotein-layered-chocolate-peanut-pretzel-flavour-60g	g	1470	351	10	5.4	34	2.7	11	33	<0.5	2026-10-09	5
myprotein-snickers-hi-protein-flavour-white-impact-whey-isolate-500g	g	1497	353	1	0.6	15	11	0.5	71	1.7	2026-10-09	5
myvegan-impact-vegan-protein-chocolate-flavour-500g	g	1523	360	2.5	0.5	11	<0.1	4.5	71	0.7	2026-10-09	5
optimum-nutrition-100-gold-standard-whey-cookies-cream-480g	g	1559	373	4.2	1.4	9.7	3.7		74	0.6	2026-10-09	5
optimum-nutrition-780g-delicious-strawberry-gold-standard-100-whey-protein	g	1558	372	4	1.8	5.4	4		79	0.7	2026-10-09	5
optimum-nutrition-clear-whey-protein-isolate-collagen-powder-summer-fruit-ice-tea-240g	g	1467	351	<0.5	<0.5	2.8	<0.5		85	0.6	2026-10-09	5
optimum-nutrition-gold-standard-100-plant-protein-powder-french-vanilla-creme-flavour-21-servings-684g	g	1676	401	7.2	1.4	7.4	1.9	5.3	74	1.7	2026-10-09	5
optimum-nutrition-gold-standard-pre-workout-energy-shot-lemon-lime-flavour-single-serve-60ml	?										2026-10-09	5
optimum-nutrition-gold-standard-pre-workout-powder-watermelon-flavour-30-servings-330g	?										2026-10-09	5
optimum-nutrition-gold-standard-whey-protein-powder-vanilla-ice-cream-flavour-15-servings-450g	g	1584	378	3.3	2.1	5.5	4.2	<0.1	81.6	0.7	2026-10-09	5
optimum-nutrition-protein-bar-chocolate-brownie-crunch-flavour-single-serve-65g	g	1368	327	10	8.1	24	2.8	20	31	1.2	2026-10-09	5
optimum-nutrition-serious-mass-protein-powder-chocolate-flavour-8-servings-2-73kg	g	1571	376	2.1	1.2	74	3.2		15	<0.5	2026-10-09	5
phd-clear-whey-protein-collagen-blueberry-flavour-300g	g	1471	350	<0.1	<0.1	1.5	<0.1		83	1	2026-10-09	5
phd-dark-choc-raspberry-flavour-smart-bar-64g	g	1560	392	14	5.2	34	2.1		32	<0.5	2026-10-09	5
phd-diet-whey-protein-powder-belgian-chocolate-1kg	g	1608	384	8.3	4.1	12	2.8	5.2	62	1.2	2026-10-09	5
phd-plant-salted-caramel-smart-bar-64g	g	1745	423	23	11	32	1.1	24	32	<0.5	2026-10-09	5
phd-smart-protein-powder-plant-salted-caramel-500g	g:when mixed with water	1647	389	3.3	<0.1	5.1	<0.5	2.1	84	2.8	2026-10-09	5
rheal-superfoods-gut-feel-10-x-5g	g	1238	306	0.7	<0.5	71.8	40.2	28.4	4.8	<0.5	2026-10-09	5
sainsburys-pro-fit-clear-whey-powder-500g	ml	155	37	<0.5	<0.1	0.9	<0.5	<0.5	8.1	0.01	2026-10-09	5
phd-blueberry-flavour-caffeine-pre-workout-collagen-500g	?										2026-10-09	5
sci-mx-nutrition-pro-v-gain-vanilla-flavour-900g	g	1529	367	0.5	<0.5	1.9	<0.5	1.1	87	2.2	2026-10-09	5
science-in-sport-beta-fuel-orange-energy-gel-60ml	ml	1122	264	<0.1	<0.1	66	31		<0.1	<0.5	2026-10-09	5
science-in-sport-raspberry-lemon-electrolyte-beta-fuel-energy-gel-60ml	ml	1135	267	<0.1	<0.1	67	31		<0.1	0.9	2026-10-09	5
slimfast-meal-replacement-shake-powder-tin-chocolate-flavour-10-meals-375g	ml:as prepared	333	80	1.2	<0.5	11	6.9	1.7	5.3	<0.5	2026-10-09	5
tribe-banoffee-choc-chip-protein-flapjack-sports-bar	g	1671	399	14.8	2.8	46.4	17.3	12.5	13.8	<0.5	2026-10-09	5
tribe-protein-flapjack-raspberry-50g	g	1655	396	19	2.5	37	22	13	14	<0.5	2026-10-09	5
tribe-protein-focus-peanut-butter-choc-chip-60g	g	1672	400	16.3	3.3	39.3	11.5	13.1	17.4	0.5	2026-10-09	5
tribe-protein-superblend-vanilla-500g	g	1704	406	10	7.4	22	12	5.5	52	1.1	2026-10-09	5
alpro-meal-to-go-500ml-chocolate-banana-drink	ml	406	97	3.5	0.6	12	4	1.7	4	<0.5	2026-10-09	5
bear-fruit-treasures-tropical-5x20g	g	1147	272	0.7	<0.5	62		11	2.2	<0.5	2026-10-09	5
crosta-mollica-vegana-sourdough-pizza-broccoli-red-onion-mushroom-chickpea-502g	g	824	196	5.6	0.6	29.4	4.1	2.9	5.5	1	2026-10-09	5
huel-500ml-cookies-cream-drink-black-edition	ml	323	77			4.3	1.1	1.3	6.8	<0.5	2026-10-09	5
huel-lite-500ml-light-complete-meal-vanilla-matcha-drink	ml	159	38			1.9	0.5	1.2	5	<0.5	2026-10-09	5
kiddylicious-strawbery-beetroot-melty-tubes-baby-snacks-4x10g	g	1846	439	14	1.5	70	5.6	2.9	6.5	<0.5	2026-10-09	5
naturli-vegan-block-organic-200g	g	2784	665	75	39	0.5	0.5		0.5	1.2	2026-10-09	5
oddlygood-1l-hazelnut-flavour-oat-barista-drink	ml	259	62	3	<0.5	7.6	4.5		1.1	<0.5	2026-10-09	5
organix-6-x-23g-gruffalo-crumble-apple-oaty-bars-toddler-multipack-snacks	g	1720	411	15	1.9	55	20	13	7.6	<0.5	2026-10-09	5
sainsburys-1l-coconut-barista-drink	ml	139	33	1.4	0.8	3.9	3.3	<0.5	1.3	0.09	2026-10-09	5
sainsburys-apple-watermelon-strawberry-juice-drink-1l	ml	46	11	<0.5	<0.1	2.5	2.1	<0.5	<0.5	0.01	2026-10-09	5
betteryou-boost-b12-oral-spray-25ml	?										2026-10-09	5
blue-iron-liquid-food-supplement-with-added-vitamins-250ml	ml	260	61	<0.1	<0.1	15	11		<0.5	<0.1	2026-10-09	5
cawston-press-pressed-tomato-juice-1-litre	ml	62	15	0.55	<0.1	2.7			0.6	0.7	2026-10-09	5
coffee-mate-original-coffee-whitener-325g	ml	75	18	1		2		<0.5	<0.5	<0.5	2026-10-09	5
covonia-sugar-free-double-impact-cough-drops-30g	g	977	234	<0.1	<0.1	97	<0.5		<0.1	<0.5	2026-10-09	5
dina-baklawa-selection-200g	g	2088	500								2026-10-09	5
ella-s-kitchen-organic-sweet-potato-falafel-baby-food-pouch-6-months-100g	g	296	70	1.3	<0.5	10.9	4	2.9	2.7	<0.5	2026-10-09	5
heinz-apple-mango-baby-food-fruit-puree-pouch-6-months-100g	g	244	58	<0.5	<0.5	13	12	1.6	<0.5	<0.5	2026-10-09	5
heinz-baby-food-peach-apple-yoghurt-immunity-support-fruit-pouch-6-months-85g	g	302	72	0.7	0.6	13	10	1.4	2.6	<0.5	2026-10-09	5
heinz-peppa-pig-pasta-shapes-snap-pots-4x190g	g	272	64	<0.5	<0.5	13.2	4.2	0.6	1.8	<0.5	2026-10-09	5
jakemans-honey-lemon-soothing-menthol-lozenges-73g	g	1705	401	<0.5	<0.5	99.4	77.1				2026-10-09	5
kellogg-s-special-k-original-breakfast-cereal-440g	g	1660	392	1.3	<0.5	84	25	6	8	0.9	2026-10-09	5
kendamil-comfort-baby-milk-from-birth-to-12-months-800g	g	2129	509								2026-10-09	5
kendamil-follow-on-baby-milk-2-6-12-months-800g	g			28	9	56		2.1	10.3		2026-10-09	5
kendamil-organic-smooth-baby-rice-4-6-months-120g	g			1	<0.5	85		1.4	8.2		2026-10-09	5
kiddylicious-apple-oat-bedtime-blend-with-chamomile-pouch-baby-food-100g	g	255	60	<0.1	<0.1	14	12	<0.1	1	<0.1	2026-10-09	5
kiddylicious-blueberry-banana-oat-bedtime-blend-with-vanilla-pouch-baby-food-100g	g	348	82	<0.1	<0.1	19	13	1	1	<0.1	2026-10-09	5
kiddylicious-peach-banana-fruity-bakes-baby-snacks-6x22g	g	1590	378	10	1.2	64	32	4.1	5.7	<0.5	2026-10-09	5
kiddylicious-raspberry-beetroot-melty-buttons-9-months-6g	g	1759	417	8.7	1	77	6.3	4.9	5.3	<0.5	2026-10-09	5
kiddylicious-strawberry-banana-yoghurt-pouch-baby-food-100g	g	287	68	1.3	0.8	12	11	0.8	1.7	<0.5	2026-10-09	5
kiddylicious-strawberry-mini-wafers-baby-snacks-4x4g	g	1603	378	1.3	<0.5	84		2.3	6.4	<0.5	2026-10-09	5
lee-kum-kee-kung-pao-chicken-stir-fry-sauce-60g	g	686	162	1.5	<0.5	34	30		1.8	9.4	2026-10-09	5
little-freddie-organic-good-for-brains-strawberries-bananas-apples-baby-food-pouch-with-omega-3-6-months-90g	g	255	60	0.5	<0.5	12.7	9.1	0.9	0.7	<0.1	2026-10-09	5
organix-4-x-15g-12-months-cheese-onion-gruffalo-claws-toddler-snack-multipack	g	1870	444	13	2	69	4.2	4.2	10	<0.5	2026-10-09	5
real-lancashire-chorley-cakes	g	1742	415	14.8	7.7	64.6	40.3		4.3	<0.5	2026-10-09	5
sainsburys-25g-white-sauce-mix	g:cooked	308	73	2.1	1.3	9.6	4.6		3.6	0.60	2026-10-09	5
sainsburys-bramley-apple-pie-taste-the-difference-660g	g:cooked	1095	261	10.2	6.1	38.2	20.7	2.4	2.9	0.17	2026-10-09	5
sainsburys-cherry-bakewell-jaffa-cakes-150g	g	1654	392	9.7	5.8	72.7	52.4	1.4	2.8	0.18	2026-10-09	5
sainsburys-football-cupcakes-x9-457g	g	1976	473	25.9	5.8	56.6	43.6	0.5	2.9	0.16	2026-10-09	5
sainsburys-iced-fruit-cake-400g	g	1529	362	7.7	3.0	68.4	45.1	1.8	3.9	0.14	2026-10-09	5
sch-r-gluten-free-rich-tea-biscuits-3x42g	g	1889	449	14	7.8	77	13	2.6	2.4	0.8	2026-10-09	5
soreen-malt-lunchbox-loaves-snack-bars-family-pack-10-x-30g	g	1245	294	1.4	<0.5	60	17	4.6	8.4	0.6	2026-10-09	5
taj-crushed-ginger-400g	g	207	49	0.7	<0.1	6.4	3	<0.5	1.7	<0.5	2026-10-09	5
tilda-220g-3-years-kids-taste-travellers-japanese-katsu-curry-rice-meal-pouch	g	421	100	2.3	1.2	15.2	1.5	2.1	3.6	<0.5	2026-10-09	5
vitabiotics-ultra-vitamin-b-complex-high-potency-tablets-x60	?										2026-10-09	5
cerelac-baby-rice-cereal-with-milk-6-months-160g	g	1858	444							<0.5	2026-10-09	5
bolands-fig-roll-200g	g	1616	383	9.1	4.2	73	36.8	4.2	4.5	0.6	2026-10-09	5
cheezees-original-45g	g	2419	578	38.5	11.4	46.7	10.4	1	5.3	2	2026-10-09	5
e-wedel-milk-chocolate-with-raspberry-filling-100g	g	2021	483	26	13	59	57	1.5	3.5	<0.5	2026-10-09	5
freddie-s-farm-fruit-shapes-apple-5x20g	g	1048	248	1.1	<0.5	52.8	37.7	11.8	1.9	<0.5	2026-10-09	5
humza-frozen-vegetable-samosas-650g	g	878	210	7.5	2.2	32	2.5	3.5	4.5	1.4	2026-10-09	5
kendamil-goat-first-infant-baby-milk-1-from-birth-800g	g			27	10	56		1.8	10.4		2026-10-09	5
lisner-vegetable-salad-with-peas-500g	g	870	210	18	1.4	9.2	4.5		1.9	1.2	2026-10-09	5
lotte-pepero-almond-chocolate-32g	g	2027	484	21.8	10.5	62.4	24.2	5	12.2	<0.5	2026-10-09	5
lowicz-cascaval-cheese-300g	g	1288	310	23	16	1.7	<0.5		24	1.7	2026-10-09	5
morliny-berlinki-classic-250g	g	935		18	6.7	2.8	1		13	2.5	2026-10-09	5
royal-chicken-karahi-with-saffron-rice-400g	g	619	148	6.3	1.3	14.7	1.4	1.3	7.4	1.3	2026-10-09	5
sokolow-best-selection-sopocka-loin-400g	g	411	97	2.6	1	1	0.6		18	2.2	2026-10-09	5
takul-halal-kitchen-4-lamb-samosas	g	1153	276	15.1	2	23.7	3	3.9	9.5	1.5	2026-10-09	5
tariq-halal-halal-british-beef-gourmet-beef-burger	g	1116	269	21.1	8.9	4	1.2	0.5	15.7	1.2	2026-10-09	5
tropical-vibes-sorrel-ginger-300ml	ml	221	52	<0.1	<0.1	13	13	0.5	<0.1	<0.1	2026-10-09	5
yutaka-edamame-soybeans-in-pods-500g	g	583	140	6.6	0.9	4.6	2.8	6.8	12	<0.5	2026-10-09	5
all-things-butter-200g-salted-british-butter	g	3059	744	82.2	52.1	0.6	0.6		0.6	1.9	2026-10-09	5
benecol-buttery-spread-500g	g	2120	507	59	13	0.6	0.5		0.5	1	2026-10-09	5
britannia-beef-dripping-250g	g	3700	900	100		<0.1		<0.1	<0.1	<0.1	2026-10-09	5
clover-light-spread-alternative-to-butter-500g	g	1878	456	49.2	15.4	2	2		1.3	1.4	2026-10-09	5
country-life-400g-spreadable-spread	g	2452	596	66	27.8	<0.5	<0.5		<0.5	1.3	2026-10-09	5
flora-plant-butter-spreadable-butter-alternative-400g	g	2932	713	79	26	0.5	0.5		0.55	1.1	2026-10-09	5
isigny-sainte-mere-unpasteurised-salted-butter-250g	g	2980	725	80	58	0.5	0.5		0.7	2	2026-10-09	5
kerrygold-salted-pure-irish-butter-200g	g	3059	744	80	53	0.6	0.6		0.6	1.8	2026-10-09	5
pr-sident-250g-unsalted-french-block-butter	g:average values	3063	745	82	57	1	1		0.7	<0.5	2026-10-09	5
proactiv-light-alternative-to-spreadable-butter-450g	g	1296	314	35		0.55	0.55		0.55	1	2026-10-09	5
sainsburys-baking-block-250g	g	2775	675	75.0	28.0	<0.5	<0.5	<0.5	<0.5	1.13	2026-10-09	5
sainsburys-buttersoft-lighter-spreadable-500g	g	2168	527	57.9	23.7	0.7	<0.5	<0.5	0.6	0.90	2026-10-09	5
sainsburys-olive-spread-500g	g	1565	381	42.0	11.3	<0.5	<0.5	<0.5	<0.5	1.10	2026-10-09	5
sainsburys-truffle-parmesan-black-pepper-butter-taste-the-difference-90g	g	2928	712	76.5	44.3	2.8	<0.5	0.6	2.6	1.50	2026-10-09	5
the-estate-dairy-salted-cultured-butter-250g	g	3062	745	82	52		0.6		0.6	1.8	2026-10-09	5
willow-block-alternative-to-butter-200g	g	2606	634	70	25.7	0.5	0.5		<0.5	1.6	2026-10-09	5
sainsburys-british-butter-salted-250g	g	3062	745	82.2	52.1	0.6	0.6	<0.5	0.6	1.53	2026-10-09	5
stork-vegan-baking-block-250g	g	2589	630	70	26	0.5	0.5		0.5	1.5	2026-10-09	5
flora-lighter-spread-alternative-to-butter-450g	g	1036	252	28	5.7	0.5	0.5		0.5	1.2	2026-10-09	5
stork-baking-spread-alternative-to-butter-500g	g	2593	620	70	23	0.5	0.5		0.5	1.4	2026-10-09	5
flora-buttery-spread-alternative-to-butter-450g	g	2784	677	75	28	0.5	0.5		0.5	1.3	2026-10-09	5
lurpak-unsalted-spreadable-blend-of-butter-rapeseed-oil-400g	g	2793	679	75	35	0.6	0.6		0.5	<0.51	2026-10-09	5
benecol-light-spread-500g	g	1339	325		6.7	0.5	0.5		2.2	1	2026-10-09	5
sainsburys-british-butter-unsalted-so-organic-250g	g	3062	745	82.2	52.1	0.6	0.6	<0.5	0.6	0.02	2026-10-09	5
lurpak-lighter-spreadable-blend-of-butter-and-rapeseed-oil-750g	g	2084	507	56	20	<0.5	<0.5		<0.5	1	2026-10-09	5
lurpak-unsalted-butter-200g	g	3071	747	82	53	0.7	0.7		0.6	<0.51	2026-10-09	5
yeo-valley-organic-unsalted-butter-200g	g	3062	745	82	52	0.6	0.6		0.6		2026-10-09	5
anchor-salted-butter-200g	g	3059	744	82	52	0.6	0.6		0.6	1.7	2026-10-09	5
anchor-unsalted-butter-200g	g	3059	744	82	52	0.6	0.6		0.6	<0.5	2026-10-09	5
1912-golden-blue-artisan-cheese-150g	g	1700	410	35	23	<0.5	<0.5		23.7	2	2026-10-09	5
all-things-240g-low-fat-cottage-cheese	g	335	80	2	1.5	3.6	3.6		11	0.7	2026-10-09	5
all-things-450g-natural-cottage-cheese	g	431	103	6		3.6	5.1		10	0.7	2026-10-09	5
alterego-450g-low-fat-cottage-cheese	g	332	79	2.5	1.7	3.6	2.7		10.4	0.6	2026-10-09	5
applewood-185g-smoky-original-cheddar	g	1701	410	34.5	21.6	0.5	0.5	0.5	24.9	1.8	2026-10-09	5
arla-300g-cottage-cheese	g	299	71	1.6	1.1	4.2	4.2		10	0.5	2026-10-09	5
arla-500g-natural-cottage-cheese	g	426	102	5.4	3.2	3.1	2.9		10.3	<0.5	2026-10-09	5
attack-a-snak-pepperoni-cheese-wrap-kit-with-tomato-ketchup-83g	g	1275	304	13		35		0.9	13	1.5	2026-10-09	5
boursin-truffle-flavoured-soft-french-cream-cheese-150g	g:p	1613	391	38.5	25.5	3	2.5		8.5	1.2	2026-10-09	5
castelli-210g-mozzarella-cheese	g	935	225	17	12	1	1		17	0.6	2026-10-09	5
cathedral-city-125g-mature-spreadable-cheese	g	992	239	18.6	11.7	4.2	<0.5		13.6	1.9	2026-10-09	5
cathedral-city-kids-snack-nibbles-mild-lighter-cheddar-cheese-5x16g	g	1291	310	21.5		<0.5			29.1	1.8	2026-10-09	5
cathedral-city-slices-mature-cheddar-cheese-x12-250g	g	1725	416	34.9		<0.5			25.4	1.8	2026-10-09	5
cheesegeek-145g-devonshire-gold-reserve	g	1577	380	32.2	20.3	<0.5	<0.5		23.9	1.8	2026-10-09	5
dairylea-8-x-triangles-multipack-cheese-spread-125g	g	866	208	15	9.8	4.7	4.7		12		2026-10-09	5
dairylea-cheese-spread-270g	g	834	201	14	9.2	4.8	4.8		12		2026-10-09	5
dairylea-dunkers-6-x-41g-multipack-jumbo-tubes-cheese-snacks	g	1004	239	10	6	25	7	1.8	9.6	1.4	2026-10-09	5
dairylea-lunchers-2-x-65g-ham-n-cheese-twin-pack-snack	g	1215	290	13	6.1	26	2.4		16		2026-10-09	5
dairylea-snackers-64-2g-cheese-crackers-with-cadbury-dairy-milk-buttons	g	1681	402	20	10	40	14		14		2026-10-09	5
dairylea-strip-cheese-8-x-17-5g	g	1394	336	26	17	3.5	3.5		20		2026-10-09	5
everest-paneer-226g	g	1438	347	27.7	17.4	4.1	3.9	1.3	20.9	0.5	2026-10-09	5
galbani-italian-burrata-150g	g	1058	256	24	15	2	2		8	0.6	2026-10-09	5
graham-s-quark-naturally-fat-free-250g	g	276	65	<0.5		3.7			12.2	<0.5	2026-10-09	5
graham-s-the-family-dairy-cottage-cheese-onion-chive-300g	g	345	82	1.4		4.4			12.3	<0.5	2026-10-09	5
haute-fromagerie-cheese-selection-pack-400g	g	1388	334	26.4	18.7	4.2	3.5		20	1.7	2026-10-09	5
jarlsberg-cheese-slices-160g	g	1458	351	27	17	0.5	0.5		27	1.1	2026-10-09	5
kerrygold-180g-natural-cream-cheese	g	1410	337	33	19.8	4.3	4.3		5.6	0.9	2026-10-09	5
lancashire-farm-200g-paneer	g	1118	269	19	13	2.4	2.4		22	<0.5	2026-10-09	5
leerdammer-original-mild-nutty-cheese-slices-x8-160g	g	1460	352	27.5	18.5	<0.5	<0.5		26	1.5	2026-10-09	5
marmite-185g-cheddar-cheese-bar	g	1587	383	30.2	19.7	3.4	0.5	<0.5	24	2.2	2026-10-09	5
midas-grilling-cheese-200g	g	1235	298	24	14.8	1.4	1.2	<0.1	19	2.8	2026-10-09	5
mini-babybel-light-cheese-snacks-12x20g	g	869	208	12	8	<0.5	<0.5		25	1.8	2026-10-09	5
odysea-200g-100-sheep-s-milk-feta-cheese	g	1172	283	24.2	15	1	<0.51		15.9	2.3	2026-10-09	5
philadelphia-165g-mexican-style-soft-cheese	g	544	131	9.1	6.1	5	4.7		6.4		2026-10-09	5
pilgrims-choice-150g-garlic-chive-cheddar-sandwich-slices	g	1682	404	33	20.2	3.1	2.2	0.6	22.4	1.5	2026-10-09	5
pr-sident-crispy-bakes-with-brie-cheese-150g	g	1130	270	14	9	21	2		15	1.5	2026-10-09	5
primula-cheese-original-140g	g	877	211	14.4	8.7	8.4	3.5		11.9	2.7	2026-10-09	5
primula-cheese-with-prawns-140g	g	852	204	13.6	8.5	7.6	2.1		12.9	2.8	2026-10-09	5
sainsburys-2-x-miso-toastie-cheese-slice-melts-140g	g	1361	328	24.4	14.6	7.2	4.3	0.8	19.4	2.52	2026-10-09	5
sainsburys-200g-cave-aged-goats-cheese-taste-the-difference	g	1599	386	32.0	22.1	0.8	<0.5	1.5	22.9	1.65	2026-10-09	5
sainsburys-barber-s-cheddar-rarebit-bake-taste-the-difference-150g	g:cooked	1250	302	25.3	16.5	3.9	3.6	2.0	13.6	1.87	2026-10-09	5
sainsburys-british-cheeseboard-selection-taste-the-difference-155g	g	1613	389	32.9	20.6	<0.5	<0.5	<0.5	23.1	1.79	2026-10-09	5
sainsburys-british-mild-cheddar-220g	g	1725	416	34.9	21.7	<0.5	<0.5	<0.5	25.4	1.81	2026-10-09	5
sainsburys-cheese-selection-taste-the-difference-285g	g	1730	417	34.4	21.7	1.4	<0.5	1.0	25.0	1.80	2026-10-09	5
sainsburys-cypriot-halloumi-taste-the-difference-250g	g	1355	327	26.1	19.7	1.8	1.8	<0.5	21.1	2.63	2026-10-09	5
sainsburys-double-gloucester-cheese-250g	g	1712	413	35.0	21.9	<0.5	<0.5	<0.5	24.4	1.68	2026-10-09	5
sainsburys-edam-cheese-slices-250g	g	1298	312	23.2	16.1	<0.5	<0.5	<0.5	25.7	1.60	2026-10-09	5
sainsburys-extra-mature-cheddar-220g	g	1725	416	34.9	21.7	<0.5	<0.5	<0.5	25.4	1.81	2026-10-09	5
sainsburys-gouda-cheese-slices-250g	g	1441	347	27.9	19.4	<0.5	<0.5	<0.5	23.9	1.40	2026-10-09	5
sainsburys-grated-red-leicester-cheese-250g	g	1685	406	32.3	21.0	6.4	<0.5	<0.5	22.4	1.71	2026-10-09	5
sainsburys-lancashire-cheese-250g	g	1581	381	31.8	21.1	<0.5	<0.5	0	23.7	1.26	2026-10-09	5
sainsburys-lighter-cypriot-cheese-225g	g	1079	259	17.3	12.8	2.1	2.1	<0.5	23.7	2.48	2026-10-09	5
sainsburys-mature-british-cheddar-sticks-10x20g	g	1725	416	34.9	21.7	<0.5	<0.5	<0.5	25.4	1.81	2026-10-09	5
sainsburys-mozzarella-slices-250g	g	1239	298	21.3	14.7	1.0	1.0	<0.5	25.5	1.28	2026-10-09	5
sainsburys-pecorino-romano-cheese-170g	g	1663	401	33.0	23.6	<0.5	<0.5	<0.5	26.0	4.80	2026-10-09	5
sainsburys-reduced-fat-cheesy-slices-200g	g	765	182	7.8	4.3	12.0	7.3	<0.5	16.0	1.60	2026-10-09	5
sainsburys-shropshire-red-chorizo-bake-taste-the-difference-150g	g:cooked	1168	282	23.0	14.6	7.7	2.7	1.2	10.4	1.16	2026-10-09	5
sainsburys-vintage-gouda-taste-the-difference-180g	g	1564	377	30.6	20.3	<0.5	<0.5	<0.5	25.3	2.31	2026-10-09	5
sainsburys-wensleydale-cheese-250g	g	1581	381	31.8	19.7	<0.5	<0.5	<0.5	23.7	1.10	2026-10-09	5
sainsburys-white-soft-cheese-300g	g	1052	255	24.5	19.0	3.1	3.1	1.6	4.7	0.50	2026-10-09	5
seriously-spreadable-cheese-lighter-125g	g	932	224	14		8.9			15.3	2.2	2026-10-09	5
stamford-street-co-250g-waste-not-want-not-grated-cheese	g	1723	415	34.2	21.3	2.0	<0.5	<0.5	24.9	1.77	2026-10-09	5
stamford-street-co-mature-white-cheddar-400g	g	1725	416	34.9	21.7	<0.5	<0.5	<0.5	25.4	1.81	2026-10-09	5
strings-things-munch-mix-cheddar-cheese-crunchy-crackers-90g	g	1738	417	27		27		1	18	1.6	2026-10-09	5
the-laughing-cow-lightest-cheese-triangles-x8-120g	g	491	116	2	1.3	11	6.5		13.5	1.6	2026-10-09	5
cathedral-city-extra-mature-cheddar-cheese-350g	g	1725	416	34.9		<0.5			25.4	1.8	2026-10-09	5
cathedral-city-grated-lighter-mature-cheddar-cheese-180g	g	1296	311	21.2		1.5			28.7	1.8	2026-10-09	5
cathedral-city-lighter-mature-cheddar-cheese-350g	g	1291	310	21.5		<0.5			29.1	1.8	2026-10-09	5
cathedral-city-mature-cheddar-cheese-350g	g	1725	416	34.9		<0.5			25.4	1.8	2026-10-09	5
cathedral-city-mild-cheddar-cheese-350g	g	1725	416	34.9	21.7	<0.5	<0.5		25.4	1.8	2026-10-09	5
dairylea-light-cheese-slices-8-x-18-75g	g	750	179	7.7	5.1	8.6	6.4		16		2026-10-09	5
mexicana-original-hot-cheese-slices-160g	g	1599	385	30.2	18.9	4.5	0.6		23.5	1.9	2026-10-09	5
pilgrims-choice-extra-mature-cheddar-cheese-550g	g	1725	416	34.9		<0.5		<0.1	25.4	1.8	2026-10-09	5
pilgrims-choice-mature-cheddar-cheese-350g	g	1725	416	34.9		<0.5		<0.1	25.4	1.8	2026-10-09	5
port-salut-french-creamy-cheese-slices-6x20g	g:p	1400	338	28	19	0.5	0.5		21.5	1.9	2026-10-09	5
sainsburys-british-extra-mature-grated-cheddar-cheese-250g	g	1723	415	34.2	21.3	2.0	<0.5	<0.5	24.9	1.77	2026-10-09	5
sainsburys-british-mature-grated-cheddar-cheese-250g	g	1723	415	34.2	21.3	2.0	<0.5	<0.5	24.9	1.77	2026-10-09	5
sainsburys-british-medium-grated-cheddar-cheese-250g	g	1724	416	34.2	21.3	2.1	<0.5	<0.5	24.9	1.77	2026-10-09	5
sainsburys-british-mild-cheddar-cheese-slices-240g	g	1725	416	34.9	21.7	<0.5	<0.5	<0.5	25.4	1.81	2026-10-09	5
sainsburys-grated-four-cheese-mix-250g	g	1547	373	29.2	18.3	5.3	<0.5	<0.5	22.2	1.64	2026-10-09	5
sainsburys-lighter-mature-cheese-400g	g	1306	314	22.1	13.8	0.8	<0.5	<0.5	27.9	1.80	2026-10-09	5
sainsburys-mature-grated-white-cheese-be-good-to-yourself-250g	g	1166	279	15.8	9.9	1.5	<0.5	<0.5	32.7	1.95	2026-10-09	5
stamford-street-co-mature-cheddar-cheese-600g	g	1725	416	34.9	21.7	<0.5	<0.5	<0.5	25.4	1.81	2026-10-09	5
stamford-street-co-mild-cheddar-900g	g	1725	416	34.9	21.7	<0.5	<0.5	<0.5	25.4	1.81	2026-10-09	5
castello-extra-creamy-brie-cheese-200g	g	1692	410	39	25	0.55	0.55		14	1.5	2026-10-09	5
sainsburys-somerset-brie-cheese-230g	g	1191	287	23.0	16.0	1.2	<0.5	2.1	17.8	1.57	2026-10-09	5
sainsburys-grated-mozzarella-cheese-250g	g	1320	317	22.5	14.5	7.1	1.9	<0.5	21.4	1.46	2026-10-09	5
violife-epic-cheddar-cheese-alternative-200g	g	1275	307	24	21	21	<0.5		1.3	2.2	2026-10-09	5
arla-lactofree-mature-cheddar-grated-cheese-200g	g	1718	414	34	21	1.7	0.5		25	1.8	2026-10-09	5
boursin-150g-garlic-herbs-vegan-alternative-to-cheese	g:p	1142	272	24	19	12	0.55	2.9	2	1.2	2026-10-09	5
pilgrims-choice-3-x-52g-cheddar-cheese-dip-dunk-with-roasted-red-pepper-dip	g	1207	291	23.2	13.7	2.8	1.5	0.7	16.9	1.7	2026-10-09	5
castello-danish-blue-cheese-150g	g	1415	341	29	18	0.55	0.55		20	3.3	2026-10-09	5
galbani-dolcelatte-italian-blue-cheese-150g	g	1467	354	31	22	1.8	0.5		17	1.5	2026-10-09	5
philadelphia-165g-sweet-chilli-soft-cream-cheese-tub	g	619	149	10	6.8	7.4	7.1	<0.5	6.6	0.7	2026-10-09	5
philadelphia-4-x-35g-light-soft-cheese-mini-tubs	g	604	145	10	6.9	5.1	5.1		7.2		2026-10-09	5
philadelphia-light-low-fat-soft-cream-cheese-165g	g	614	148	11	7.1	5.2	5.2	<0.5	7.4	0.7	2026-10-09	5
pie-d-angloys-cheese-200g	g:per	1345	325	29	21	0.5	0.5		16	1.3	2026-10-09	5
sainsburys-460g-cheese-selection	g	1422	343	29.1	18.2	<0.5	<0.5	<0.5	20.3	1.39	2026-10-09	5
sainsburys-barber-s-red-cruncher-cheese-taste-the-difference-350g	g	1670	403	33.6	21.1	<0.5	<0.5	<0.5	25.0	1.70	2026-10-09	5
sainsburys-cambozola-blue-cheese-175g	g	1758	426	40.6	25.7	1.3	<0.5		13.5	1.36	2026-10-09	5
sainsburys-doux-de-montagne-taste-the-difference-160g	g	1412	340	28.0	18.0	<0.5	<0.5	<0.5	22.0	1.75	2026-10-09	5
sainsburys-austrian-smoked-cheese-125g	g	1310	316	26.6	18.6	2.8	2.8	<0.5	16.4	1.70	2026-10-09	5
sainsburys-french-camembert-cheese-whole-250g	g	1109	267	20.6	13.6	1.7	<0.5	<0.5	18.6	1.46	2026-10-09	5
sainsburys-mature-blue-stilton-taste-the-difference-210g	g	1700	410	35.0	23.0	<0.5	<0.5	<0.5	23.7	1.97	2026-10-09	5
sainsburys-roquefort-blue-cheese-taste-the-difference-100g	g	1498	362	31.3	22.0	0.9	<0.5	<0.5	19.1	2.97	2026-10-09	5
sainsburys-spanish-manchego-cheese-taste-the-difference-170g	g	1798	434	36.2	24.5	2.9	<0.5	<0.5	24.1	1.70	2026-10-09	5
sainsburys-taleggio-cheese-taste-the-difference-200g	g	1338	323	26.9	18.5	<0.5	<0.5	<0.5	19.6	2.17	2026-10-09	5
sainsburys-wensleydale-cheese-with-cranberries-200g	g	1518	365	26.1	16.2	13.5	13.4	0.8	18.6	1.25	2026-10-09	5
philadelphia-original-soft-cream-cheese-165g	g	933	226	21	14	4.3	4.3		5.4		2026-10-09	5
mini-babybel-6-x-20g-happy-gut-cheese-snacks	g	1006	241	15	10	0.5	0.5		26	1.8	2026-10-09	5
strings-things-cheestrings-cheese-snack-x8-160g	g	1264	304	22.5		2.5			23	1.8	2026-10-09	5
strings-things-twisted-cheestrings-cheese-snack-x8-160g	g	1264	304	22.5		2.5			23	1.8	2026-10-09	5
sainsburys-125g-emmental-snacking-cheese-cubes	g	1535	369	27.7	19.3	2.9	<0.5	<0.5	27.1	1.33	2026-10-09	5
sainsburys-125g-wensleydale-cranberry-snacking-cheese-cubes	g	1541	371	26.9	18.5	13.6	13.6	0.8	18.1	1.26	2026-10-09	5
violife-mozzarella-flavour-grated-vegan-alternative-to-cheese-200g	g	1247	298	24	22	21	<0.1		<0.1	1.7	2026-10-09	5
sainsburys-270g-vintage-cheddar-so-organic	g	1725	416	34.9	21.7	<0.5	<0.5	<0.5	25.4	1.80	2026-10-09	5
sainsburys-mild-cheddar-cheese-so-organic-270g	g	1725	416	34.9	21.7	<0.5	<0.5	<0.5	25.4	1.80	2026-10-09	5
sainsburys-soft-cheese-so-organic-250g	g	1031	250	24.5	15.6	2.8	2.8	<0.5	4.5	0.50	2026-10-09	5
sainsburys-200g-barber-s-mature-cheddar-cheese-with-scotch-bonnet-chilli-cranberries-taste-the-difference	g:typical analysis	1621	390	28.8	18.7	11.5	11.5	2.2	20.1	1.34	2026-10-09	5
galbani-mozzarella-cheese-maxi-bag-250g	g	915	220	16	11	2	1		17	0.7	2026-10-09	5
sainsburys-grana-padano-riserva-cheese-taste-the-difference-150g	g	1634	393	29.0	18.0	<0.5	<0.5	<0.5	33.0	1.50	2026-10-09	5
sainsburys-mozzarella-cheese-150g	g:as drained	895	215	15.9	11.1	1.1	1.0	<0.5	16.9	0.72	2026-10-09	5
sainsburys-french-mild-brie-cheese-200g	g	1440	348	31.0	21.3	0.7	<0.5	<0.5	16.6	1.18	2026-10-09	5
piatnica-cottage-cheese-200g	g	406	97	5	3.5	2	1.5		11	0.7	2026-10-09	5
elmlea-double-alternative-to-cream-500ml	ml	1215	295	31	22	3.3	3		1.8	<0.5	2026-10-09	5
sainsburys-british-extra-thick-double-fresh-cream-300ml	ml	1921	467	50.5	31.4	1.6	1.6	<0.5	1.5	0.05	2026-10-09	5
sainsburys-british-single-fresh-cream-600ml	ml	800	194	19.1	12.2	2.2	2.2	<0.5	3.3	0.07	2026-10-09	5
sainsburys-fresh-soured-cream-150ml	ml	704	171	16.6	10.9	2.8	2.8	<0.5	2.3	0.06	2026-10-09	5
whippy-spray-cream-250g	g	1188	287	26	19	11	11		2.3	<0.5	2026-10-09	5
sainsburys-double-cream-600ml	ml	1921	467	50.5	31.4	1.6	1.6	<0.5	1.5	0.05	2026-10-09	5
oatly-creamy-oat-fraiche-chilled-200ml	g	773	186	15	5.9	9.5	3.3	0.9	2	<0.5	2026-10-09	5
sainsburys-double-cream-so-organic-300ml	ml	1921	467	50.5	31.4	1.6	1.6	<0.5	1.5	0.05	2026-10-09	5
elmlea-single-alternative-to-cream-270ml	ml	692	168	15	8.9	5.3	3.6		2.5	<0.5	2026-10-09	5
sainsburys-british-cr-me-fra-che-300ml	ml	1223	297	30.8	20.5	2.4	2.4		2.2	0.05	2026-10-09	5
sainsburys-roasted-red-pepper-houmous-200g	g	882	213	16.1	1.5	9.5	1.8	3.2	5.9	0.80	2026-10-09	5
sainsburys-500g-winter-berry-crumble-taste-the-difference-limited-edition	g:cooked	1215	289	9.8	6.9	45.8	20.3	1.8	3.5	0.20	2026-10-09	5
sainsburys-british-free-range-eggs-large-x6	g:cooked	595	143	9.6	2.7	<0.5	<0.5	<0.5	14.1	0.38	2026-10-09	5
sainsburys-free-range-british-eggs-medium-x15	g:cooked	595	143	9.6	2.7	<0.5	<0.5	<0.5	14.1	0.38	2026-10-09	5
cravendale-filtered-fresh-semi-skimmed-milk-2l-fresher-for-longer	ml	206	49	1.7	1	4.8	4.8		3.6	<0.5	2026-10-09	5
sainsburys-british-semi-skimmed-milk-1-13l-2-pint	ml	209	50	1.8	1.1	4.8	4.8	<0.5	3.6	0.11	2026-10-09	5
sainsburys-british-semi-skimmed-milk-so-organic-2-27l-4-pint	ml	209	50	1.8	1.1	4.8	4.8	<0.5	3.6	0.11	2026-10-09	5
sainsburys-british-whole-milk-1-13l-2-pint	ml	276	66	3.7	2.4	4.7	4.7	<0.5	3.5	0.11	2026-10-09	5
pizza-express-margherita-pizza-245g	g	1106	263	8.7	4	31.8	3.4	2.6	13.1	1	2026-10-09	5
sainsburys-west-country-lemon-curd-yogurt-taste-the-difference-150g	g	675	161	8.5	5.6	18.2	16.0	<0.5	3.0	0.07	2026-10-09	5
alpro-1l-vanilla-barista-dairy-alternative-drink	ml	192	46	2.4	<0.5	5.2		<0.5	0.7	<0.5	2026-10-09	5
oatly-1l-barista-ice-oat-drink-edition	ml	220	52	2.1	<0.5	7	3.4	0.8	1.1	<0.5	2026-10-09	5
oatly-oat-drink-barista-edition-chilled-1l	ml	257	61	3	<0.5	7.1	3.4	0.8	1.1	<0.5	2026-10-09	5
oatly-oat-drink-whole-chilled-500ml	ml	245	58	2.7	<0.5	6.9	3.4	0.9	1	<0.5	2026-10-09	5
rude-health-oat-with-calcium-1l	ml	201	48	2.2	<0.5	6	4.3	0.8	0.7	<0.5	2026-10-09	5
sainsburys-everyday-lactose-free-semi-skimmed-dairy-drink-1l	ml	172	41	1.7	1.0	3.3	3.3	<0.5	3.2	0.11	2026-10-09	5
the-coconut-collab-choc-pots-chocolate-dessert-4x45g	g	905	216	14	11	19	15	2.9	2.1	<0.5	2026-10-09	5
food-heaven-heavenly-whipped-200ml	ml:serving	804	194	16	16	12	12		<0.1	<0.5	2026-10-09	5
sainsburys-everyday-lactose-free-whole-dairy-drink-1l	g	252	60	3.8	2.5	3.4	3.4	<0.5	3.2	0.09	2026-10-09	5
califia-farms-1l-oat-pumpkin-spice-barista-blend-limited-edition	ml	200	48	2.1	<0.5	6.1	3.8	0.6	0.8	<0.5	2026-10-09	5
alpro-1l-barista-coconut-long-life-dairy-free-drink	ml	139	33	1.4	0.7	3.3	3.3	<0.5	1.5	<0.5	2026-10-09	5
arla-lactofree-organic-semi-skimmed-milk-drink-1-litre	ml	159	38	1.5	1	2.6	2.6		3.4	<0.5	2026-10-09	5
arla-lactofree-skimmed-milk-drink-1l	ml	124	29	0.5	<0.5	2.7	2.6		3.5	<0.5	2026-10-09	5
sainsburys-unsweetened-almond-drink-1l	ml	73	18	1.4	0.1	<0.5	<0.5	<0.5	0.6	0.10	2026-10-09	5
alpro-greek-style-plain-dairy-free-yoghurt-alternative-400g	g	272	65	3.3	0.6	2.2	2.2	1.3	5.6	<0.5	2026-10-09	5
st-helen-s-farm-goat-s-milk-natural-yogurt-450g	g	437	105	7.3	5	4.3	3.2		5.5	<0.5	2026-10-09	5
the-coconut-collab-raspberry-coconut-yoghurt-350g	g	391	93	4.6	4.2	11	6.7	2	0.7	<0.5	2026-10-09	5
biomel-dark-chocolate-dairy-free-coconut-probiotic-drink-125ml	ml	188	45	2.3	1.9	5.9	4.9	1.5	0.6	<0.5	2026-10-09	5
alpro-raspberry-cranberry-blackberry-yoghurt-alternative-4x125g	g	320	76	1.9	<0.5	9.7	9.2	1	3.6	<0.5	2026-10-09	5
alpro-vanilla-soya-plant-based-yoghurt-alternative-500g	g	279	66	2.1	<0.5	7.5	7.5	0.9	3.7	<0.5	2026-10-09	5
alpro-1l-barista-almond-long-life-dairy-free-drink	ml	102	25	1.2	<0.5	2.5	2.5	<0.5	0.5	<0.5	2026-10-09	5
alpro-750ml-barista-coconut-chilled-dairy-free-drink	ml	140	33	1.4	0.7	3.4	3.3	<0.5	1.5	<0.5	2026-10-09	5
alpro-smooth-chocolate-dessert-4x125g	g	349	83	2	0.6	12.7	10.1	1.2	3.1	<0.5	2026-10-09	5
alpro-velvet-vanilla-dessert-4x125g	g	369	87	1.8	<0.5	14	11	0.5	3.2	<0.5	2026-10-09	5
koko-unsweetened-coconut-uht-1l	ml	80	19	1.4	1.2	<0.5	<0.5	<0.5	1.2	<0.5	2026-10-09	5
plenish-1l-clean-protein-chilled-dairy-free-oat-drink	ml	167	40	1	<0.5	3.8	<0.1	0.5	4	<0.5	2026-10-09	5
plenish-1l-long-life-dairy-free-organic-oat-barista-drink	ml	195	46	0.9	<0.5	9.1	2.6	0.5	<0.5	<0.5	2026-10-09	5
alpro-soya-chocolate-chilled-drink-1l	ml	286	68	2.1	0.6	8	6.4	2.2	3.3	<0.5	2026-10-09	5
oatly-oat-drink-organic-chilled-1l	ml	203	48	1.5	<0.5	7.2	3.5	0.7	1.1	<0.5	2026-10-09	5
plenish-1l-chilled-dairy-free-oat-calcium-fibre-drink	ml	167	39	0.7	<0.5	7.6	2.6	0.7	0.7	<0.5	2026-10-09	5
rude-health-almond-high-calcium-chilled-drink-1l	ml	236	56	1.5	<0.5	10	4.7	0.5	0.5	<0.5	2026-10-09	5
alpro-1l-oat-no-sugar-chilled-dairy-free-drink	g	184	44	1.5	<0.5	6.4	<0.1	0.7	0.8	<0.5	2026-10-09	5
oatly-oat-drink-whole-chilled-1l	ml	245	58	2.7	<0.5	6.9	3.4	0.9	1	<0.5	2026-10-09	5
califia-farms-1l-ambient-oat-barista-blend	ml	226	54	2.9		5.8	2.8	0.8	0.8	<0.5	2026-10-09	5
swedish-glace-750ml-smooth-vanilla-non-dairy-vegan-ice-cream-tub	g:unprepared	876	210	11	6	24	24		3	<0.5	2026-10-09	5
alpro-1l-almond-original-long-life-dairy-free-drink	ml						2.4				2026-10-09	5
alpro-1l-soya-original-dairy-free-drink	ml	175	42	1.9	1.9	2.6	2.5	0.6	3.3	<0.5	2026-10-09	5
alpro-high-protein-chocolate-long-life-soya-dairy-alternative-drink-1l	ml	291	69	2.8	0.6	5.3	5	1.3	5	<0.5	2026-10-09	5
rude-health-coconut-drink-1l	ml	244	58	1.4	1.2	11	4.1	<0.5	0.5	<0.5	2026-10-09	5
alpro-hazelnut-long-life-drink-1l	ml	122	29	1.6	<0.5	3.2	3.2	<0.5	<0.5	<0.5	2026-10-09	5
sainsburys-sweetened-long-life-soya-drink-1l	ml	135	32	1.1	0.2	3.4	2.3	<0.5	2.0	0.07	2026-10-09	5
holy-moly-guacamole-jalapeno-red-pepper-150g	g	650	158	14	3.7	2	0.6	6.8	2.1	1	2026-10-09	5
holy-moly-minis-smashed-avocado-3x57g	g	646	157	14	3.8	2.1	0.5	6.4	2.2	0.7	2026-10-09	5
moorish-77g-salted-tortilla-chips-smoked-humous-snack-pack	g	1435	346	25.6	2.4	19.9	0.6	4.4	6.7	1.3	2026-10-09	5
moorish-smoked-humous-150g	g	997	241	19.2	1.9	8.7	0.7	5.1	5.8	1	2026-10-09	5
odysea-taramasalata-dip-200g	g	2210	537	56.3	4.5	4.6	0.5		2.3	0.6	2026-10-09	5
ramona-s-heavenly-jalapeno-houmous-500g	g	1086	262	20.7	1.7	10.3	0.7	4.9	6.2	1.1	2026-10-09	5
sabra-houmous-extra-350g	g	1546	368	32	3	13	0.5		7	1	2026-10-09	5
sainsburys-170g-cheese-fondue-caramelised-onion-hot-melting-dip-taste-the-difference	g:cooked	553	133	9.9	5.6	6.9	3.5	0.6	3.7	0.40	2026-10-09	5
sainsburys-180g-guacamole-dip-taste-the-difference	g	614	149	14.2	2.7	1.0	0.7	4.8	1.9	1.03	2026-10-09	5
sainsburys-250g-crumbled-falafel-loaded-houmous-taste-the-difference	g	1100	266	22.2	2.5	9.7	1.7	3.5	5.2	0.75	2026-10-09	5
sainsburys-250g-spicy-mexican-style-dip-taste-the-difference	g	1879	456	47.7	7.5	2.6	1.8	0.7	3.7	0.85	2026-10-09	5
sainsburys-300g-rich-potato-salad	g	542	130	7.6	0.6	13.7	2.6	1.4	1.1	0.54	2026-10-09	5
sainsburys-90g-pesto-pizza-dip-taste-the-difference	g	1743	423	44.8	6.7	2.0	1.2	<0.5	2.8	0.67	2026-10-09	5
sainsburys-cacio-e-pepe-dip-taste-the-difference-170g	g	2319	563	57.7	8.8	4.2	1.2	<0.5	6.5	1.25	2026-10-09	5
sainsburys-coleslaw-taste-the-difference-300g	g	826	200	18.5	1.5	6.8	4.9	1.4	1.0	0.87	2026-10-09	5
sainsburys-creamy-coleslaw-potato-salad-400g	g	542	130	7.6	0.6	13.7	2.6	1.4	1.1	0.54	2026-10-09	5
sainsburys-extra-smooth-houmous-taste-the-difference-170g	g	1264	305	25.4	2.8	10.6	0.7	3.4	6.8	0.61	2026-10-09	5
sainsburys-feta-dip-with-mint-oil-taste-the-difference-170g	g	1423	345	33.7	6.9	4.4	1.2	<0.5	5.7	1.44	2026-10-09	5
sainsburys-jalapeno-houmous-200g	g	916	221	16.8	1.6	10.4	1.0	3.6	5.2	0.75	2026-10-09	5
sainsburys-mini-houmous-snack-pots-be-good-to-yourself-3x60g	g	690	166	8.9	1.0	12.3	0.8	4.9	6.5	0.50	2026-10-09	5
sainsburys-roasted-garlic-aioli-limited-edition-taste-the-difference-170g	g	2842	691	74.0	5.3	4.7	2.2	<0.5	1.2	1.30	2026-10-09	5
sainsburys-deli-style-traditional-coleslaw-300g	g	668	162	14.9	1.1	5.1	4.5	1.5	1.1	0.60	2026-10-09	5
plant-pioneers-coleslaw-300g	g	629	152	13.4	1.0	6.1	5.0	1.5	1.0	0.63	2026-10-09	5
sainsburys-classic-houmous-so-organic-200g	g	1210	292	23.8	3.0	10.9	0.6	4.0	6.7	0.80	2026-10-09	5
sainsburys-guacamole-170g	g	636	154	14.2	3.2	4.0	1.2	2.5	1.3	0.50	2026-10-09	5
sainsburys-rich-taramasalata-200g	g	1917	465	46.3	3.1	8.6	1.7	<0.5	3.3	1.44	2026-10-09	5
sainsburys-200g-creamy-labneh-with-tomatoes-harissa-oil-dip-taste-the-difference	g	766	185	15.3	8.2	3.3	3.3	2.3	7.4	0.85	2026-10-09	5
sainsburys-tuna-sweetcorn-deli-filler-220g	g	758	182	13.2	1.1	7.2	2.1	<0.5	8.5	0.78	2026-10-09	5
sainsburys-200g-spanish-jam-n-croquetas-with-aioli-pecorino-taste-the-difference	g:per  pack	1201	288	18.2	4.9	19.2	2.3	1.3	11.2	1.54	2026-10-09	5
sainsburys-170g-italian-style-tomato-mozzarella-hot-melting-dip-taste-the-difference	g:cooked	362	86	3.5	1.7	8.1	5.7	1.1	5.1	0.44	2026-10-09	5
ramona-s-original-houmous-500g	g	1127	272	21.6	1.8	10.5	0.6	5	6.4	1	2026-10-09	5
bonne-maman-chocolate-pot-2-x-115g	g	640	153	7.1	2.4	17	15	1.7	4.4	<0.5	2026-10-09	5
cadbury-dairy-milk-chunks-desserts-75g	g	1220	282	14.7	8.3	34.5	29.6	1.5	4.7	<0.5	2026-10-09	5
english-cheesecake-company-180g-peanut-butter-reese-s-cheesecake-slices	g	1869	448	28.5	13.5	40.6	25.5	1.4	6.6	0.8	2026-10-09	5
english-cheesecake-company-lemon-mascarpone-cheesecake-slices-x2-180g	g	1357	326	21.1	10.1	29.9	17.7	0.6	3.7	<0.5	2026-10-09	5
g-2-x-72g-toffee-apple-hot-puds	g	1426	340	15	11	48	33	1.6	2.1	0.6	2026-10-09	5
g-2-x-81g-cinnamon-bun-hot-puds	g	1535	369	25	15	32	27	1.1	3.7	<0.5	2026-10-09	5
g-80g-salted-caramel-fond	g	1525	366	24	17	35	29	<0.5	2.5	0.7	2026-10-09	5
g-chocolate-fudge-cake-pots-dessert-2x-68g	g	1595	383	25	14	33	24	1.4	4.7	0.6	2026-10-09	5
g-jaffa-chocolate-cheesecake-2-x-86g	g	1492	358	23	15	33	26	1.1	3.2	<0.5	2026-10-09	5
g-spanish-lemon-cheesecake-2-x-85g	g	1425	341	20	12	38	26	<0.5	3.3	0.5	2026-10-09	5
g-wild-strawberry-clotted-cream-cheesecake-2-x-82g	g	1278	306	16	10	38	22	<0.5	2.6	<0.5	2026-10-09	5
kinder-chocofresh-5-x-20-5g-milk-chocolate-hazelnut-chilled-snack	g	2399	577	42.7	21.4	40.2	39.6		7.3	<0.5	2026-10-09	5
milkybar-milk-slice-4-x-26g	g	1637	391	20.1		45.5			6.5	<0.5	2026-10-09	5
oreo-cheesecakes-2-x-80g	g	1482	354	17	9.9	45	29		4.6	0.6	2026-10-09	5
sainsburys-100g-sicilian-lemon-mousse-taste-the-difference	g:per pot	1015	243	14.9	10.1	23.5	21.1	<0.5	3.7	0.09	2026-10-09	5
sainsburys-2-x-100g-blackcurrant-cheesecakes	g:per pot	899	214	8.4	3.6	31.1	19.3	0.8	3.1	0.20	2026-10-09	5
sainsburys-2-x-100g-strawberry-cheesecakes	g:per pot	948	226	9.4	3.7	32.0	16.9	<0.5	3.2	0.20	2026-10-09	5
sainsburys-2-x-90g-raspberry-cheesecakes	g	1564	375	23.4	11.7	36.1	21.0	0.9	4.6	0.19	2026-10-09	5
sainsburys-250g-winter-berry-crumble-taste-the-difference	g:cooked	1200	286	9.7	6.8	45.0	19.7	2.1	3.5	0.22	2026-10-09	5
sainsburys-300g-lemon-tart	g	1766	423	23.8	13.1	47.6	26.0	0.6	4.2	0.06	2026-10-09	5
sainsburys-400g-tiramisu-sponge-pudding-taste-the-difference	g:cooked	1859	446	29.4	19.6	41.1	25.1	1.6	3.5	0.25	2026-10-09	5
sainsburys-500g-lemon-mascarpone-cheesecake-taste-the-difference-limited-edition	g	1535	367	20.3	11.1	41.6	25.6	1.0	4.2	0.18	2026-10-09	5
sainsburys-6-x-macaron-selection-pack-taste-the-difference-72g	g	1921	459	22.9	8.4	54.4	50.6	1.8	8.0	0.13	2026-10-09	5
sainsburys-900g-party-size-sicilian-lemon-tart-taste-the-difference	g	1831	439	25.3	14.7	48.1	26.7	1.4	3.9	0.10	2026-10-09	5
sainsburys-amaretto-tiramisu-taste-the-difference-400g	g	1084	259	11.1	8.9	31.5	20.5	1.2	4.3	0.13	2026-10-09	5
sainsburys-belgian-chocolate-profiteroles-x12-220g	g	1522	367	27.9	16.5	22.3	14.8	2.1	5.5	0.18	2026-10-09	5
sainsburys-bread-butter-pudding-dessert-515g	g:cooked	1022	244	10.2	6.2	31.5	25.0	1.6	5.6	0.24	2026-10-09	5
sainsburys-chocolate-brownies-12-pieces	g	1791	428	20.3	12.2	54.8	42.6	1.7	5.5	0.32	2026-10-09	5
sainsburys-chocolate-sponge-pudding-taste-the-difference-400g	g:cooked	1721	412	23.0	13.3	44.3	29.9	3.0	5.4	0.32	2026-10-09	5
sainsburys-cream-rice-pudding-2x125g	g:cooked	786	188	9.9	7.6	21.9	8.7	<0.5	2.6	0.07	2026-10-09	5
sainsburys-discovery-2-x-110g-chocolate-hazelnut-melting-puddings-taste-the-difference	g:cooked	1828	439	26.9	14.5	41.0	29.3	3.7	6.1	0.28	2026-10-09	5
sainsburys-free-from-100g-syrup-sponge-taste-the-difference	g:cooked	1617	385	13.6	9.3	63.9	33.6	0.9	1.2	0.15	2026-10-09	5
sainsburys-jam-cream-scones-summer-edition-2x60g	g	1471	350	14.3	9.2	49.7	21.4	0.8	5.2	0.82	2026-10-09	5
sainsburys-loaded-165g-chocolate-pistachio-sticky-buns	g:cooked	1674	399	17.7	7.4	50.5	22.7	2.2	8.5	0.57	2026-10-09	5
sainsburys-loaded-200g-triple-choc-brownie-super-sundae	g	899	216	13.2	8.5	18.1	15.5	1.6	5.2	0.10	2026-10-09	5
sainsburys-loaded-340g-triple-choc-fudge-brownie	g:cooked	1832	438	24.3	9.3	49.3	39.0	1.4	5.0	0.11	2026-10-09	5
sainsburys-loaded-380g-cookies-n-cream-brownie	g	1880	450	24.7	10.1	50.8	39.0	1.4	5.4	0.12	2026-10-09	5
sainsburys-melting-middle-chocolate-puddings-2x135g	g:cooked	1574	377	22.1	11.2	39.9	24.9	2.3	3.5	0.22	2026-10-09	5
sainsburys-new-york-vanilla-cheesecake-500g	g	1583	380	24.4	12.7	34.9	19.6	1.1	4.8	0.23	2026-10-09	5
sainsburys-raspberry-jam-pudding-2x110g	g:cooked	1452	345	9.7	4.9	60.2	33.4	1.1	3.6	0.30	2026-10-09	5
sainsburys-rhubarb-crumble-2x120g	g:cooked	1122	267	8.4	4.7	42.6	19.6	3.9	3.2	0.20	2026-10-09	5
sainsburys-sticky-toffee-pudding-taste-the-difference-200g	g	1508	360	16.2	11.1	49.4	33.5	1.0	3.6	0.43	2026-10-09	5
sainsburys-strawberry-jam-cream-horns-98g	g	1641	393	22.6	14.7	41.8	18.8	1.4	4.8	0.38	2026-10-09	5
sainsburys-strawberry-trifles-2-x-125g	g	595	142	7.5	4.4	16.8	15.2	<0.5	1.7	0.16	2026-10-09	5
sainsburys-tiramisu-italian-dessert-500g	g	1055	252	10.7	8.0	30.9	18.8	1.3	4.2	0.34	2026-10-09	5
sainsburys-vanilla-cheesecake-slices-2x90g	g	1639	393	25.6	12.9	35.3	19.7	0.8	5.0	0.20	2026-10-09	5
stamford-street-co-2-x-95g-chocolate-sundaes	g	637	152	5.7	4.5	21.1	18.3	<0.5	3.7	0.16	2026-10-09	5
stamford-street-co-profiterole-desserts-2x80g	g	988	235	7.8	1.6	33.1	17.4	1.8	5.0	0.22	2026-10-09	5
the-gym-kitchen-banana-pancakes	g	918	217			31		1.1	12.4	1	2026-10-09	5
sainsburys-oat-apple-crumble-taste-the-difference-500g	g:cooked	1081	257	6.7	3.4	44.9	23.2	1.7	3.3	0.22	2026-10-09	5
sainsburys-bramley-apple-crumble-dessert-500g	g:cooked	1094	260	7.5	4.2	44.7	23.1	1.0	2.9	0.24	2026-10-09	5
sainsburys-hot-chocolate-fudge-cake-dessert-730g	g:cooked	1659	396	19.4	4.8	49.0	30.1	2.2	5.3	0.38	2026-10-09	5
cadbury-dairy-milk-buttons-dessert-75g	g	1207	288	15.5	8.7	32.2	29.2	1.2	4.5	<0.5	2026-10-09	5
arla-protein-salted-caramel-flavour-pudding-200g-8240408-p-44	g	307	73	1.5	1	7.7	4.6		10	0.5	2026-10-09	5
bonne-maman-clementine-lemon-mousse-dessert-2x70g	g	717	171	9.3	6.4	18.9	15.9	0.5	2.8	<0.5	2026-10-09	5
bonne-maman-salted-caramel-creme-dessert-2x90g	g	1012	243	16.4	10.2	21.8	16.9	0.5	2.1	<0.5	2026-10-09	5
cadbury-dairy-milk-345g-twirl-chocolate-pieces-sharing-dessert	g	1105	264	14.2	8	29	26.4	1.1	4.6	<0.5	2026-10-09	5
kinder-milk-slice-chilled-snack-cake-bar-multipack-3x28g	g	1754	421	27.9	16.6	34	29.5		7.9	0.7	2026-10-09	5
milkybar-smooth-creamy-white-chocolate-dessert-2-x-65g	g	630	150	7.9		18.4			4.4	<0.5	2026-10-09	5
muller-myprotein-chocolate-high-protein-mousse-dessert-200g	g:per	350	84	2.7	2	3.9	3.5		10.2	<0.5	2026-10-09	5
muller-myprotein-vanilla-high-protein-pudding-200g	g:per	356	84	1.8	1.2	6.7	4.4		10	<0.5	2026-10-09	5
sainsburys-belgian-chocolate-mousse-taste-the-difference-100g	g	1188	285	18.4	11.7	23.9	19.2	1.3	5.3	0.06	2026-10-09	5
lindahls-high-protein-pudding-chocolate-140g	g	324	75	<0.5		7.4			10	<0.5	2026-10-09	5
cadbury-dairy-milk-4-x-60g-creamy-milk-chocolate-dessert-pots	g	945	225								2026-10-09	5
sainsburys-discovery-2-x-95g-chocolate-hazelnut-cheesecake-slices-taste-the-difference	g	1587	380	22.6	11.8	35.4	21.3	2.5	7.6	0.48	2026-10-09	5
aero-4-x-58g-pistachio-chocolate-bubbly-mousse	g	544	129	3.9		17.9			5.1	<0.5	2026-10-09	5
ocean-isle-premium-crab-meat-100g	g:average	327	78	0.7		<0.5			17.5	0.5	2026-10-09	5
sainsburys-chunky-roast-potatoes-taste-the-difference-450g	g:cooked	557	132	3.3	1.0	22.0	2.8	2.3	2.4	0.77	2026-10-09	5
sainsburys-potato-dauphinoise-taste-the-difference-400g	g:cooked	549	131	6.0	3.7	14.1	2.4	1.0	4.7	0.57	2026-10-09	5
sainsburys-triple-cook-chips-taste-the-difference-400g	g:cooked	617	147	4.8	0.4	22.1	1.1	2.3	2.7	0.33	2026-10-09	5
innocent-7-x-fiery-ginger-immunity-shots-420ml	ml	161	38	<0.5	<0.5	8.2	7.7	1.3	0.5	<0.1	2026-10-09	5
innocent-kids-juicy-water-apples-mangoes-3-x-200ml	ml	117	28	<0.1	<0.1	6.1	6.1	<0.1	0.9	<0.1	2026-10-09	5
moju-12-x-fresh-root-ginger-shots-720ml	ml	201	47	0.5		9.9			0.8	<0.5	2026-10-09	5
moju-extra-strength-ginger-shot-60ml	ml	296	71	<0.1		17		6.8	<0.1	<0.1	2026-10-09	5
moju-ginger-shot-60ml	ml	201	47	0.5		9.9			0.8	<0.5	2026-10-09	5
moju-turmeric-dosing-bottle-shots-x7-420ml	ml	169	40	1.6		8.7			1.7	<0.5	2026-10-09	5
plenish-7-x-shots-high-fibre-shots-dosing-bottle-420ml	ml	243	58	<0.1	<0.1	9.7	7.1	8.3	0.7	<0.5	2026-10-09	5
sainsburys-7-collagen-daily-raw-shots-420ml	ml	110	26	<0.5	<0.1	2.8	2.6	<0.5	2.6	0.05	2026-10-09	5
sainsburys-triple-belgian-chocolate-milk-taste-the-difference-750ml	ml	478	114	3.6	2.4	15.7	13.6	0.6	4.3	0.14	2026-10-09	5
the-turmeric-co-420ml-raw-turmeric-original-shots	ml	97	23	0.5	<0.5	4.9	3.6		0.8	<0.5	2026-10-09	5
the-turmeric-co-raw-turmeric-xtra-ginger-420ml	ml	152	36	0.5	<0.5	8	6.7		1	<0.5	2026-10-09	5
starbucks-caramel-macchiato-flavoured-milk-iced-coffee-220ml	ml	253	60	1.3	0.8	9	8.7		2.9	<0.5	2026-10-09	5
yazoo-chocolate-milk-drink-400ml	ml	262	62	1.4	0.9	8.8	8.6		3.2	<0.5	2026-10-09	5
biotiful-gut-health-kefir-milk-drink-original-500ml	ml	245	59	2.9	2.1	4.6			3.5	<0.5	2026-10-09	5
barebells-protein-milkshake-strawberry-flavour-330ml	ml	235	56	1.4	0.9	3.5	3.5		7.3	<0.5	2026-10-09	5
huel-500ml-chocolate-flavour-ready-to-drink-complete-meal	ml	336	80			6.5	0.6	1.6	4	<0.5	2026-10-09	5
sainsburys-chocolate-milkshake-1l	ml	280	66	1.2	0.7	10.2	8.9	<0.5	3.6	0.11	2026-10-09	5
yazoo-strawberry-milk-drink-1l	ml	240	57	1.1	0.7	8.7	8.7		3	<0.5	2026-10-09	5
m-ller-frijj-strawberry-flavour-milkshake-330ml	ml	302	72	1.4	0.9	10.9	10.1		3.8	<0.5	2026-10-09	5
starbucks-frappuccino-caramel-250ml	ml	275	65	1.2	0.8	11	11		2.8	<0.5	2026-10-09	5
graham-s-the-family-dairy-protein-25g-peach-200g	g	351	84	<0.5		7.8			12.3	<0.5	2026-10-09	5
arla-protein-482ml-vanilla-flavoured-milk-shake	ml	216	51	0.9	0.6	4.9	4.7		5.7	<0.5	2026-10-09	5
for-goodness-shakes-chocolate-flavour-protein-330ml	ml	280	66	<0.5	<0.5	5			10.6	<0.5	2026-10-09	5
m-ller-myprotein-chocolate-high-protein-shake	ml	204	48	0.5	<0.5	5	5		6.5	<0.5	2026-10-09	5
muller-myprotein-chocolate-high-protein-complete-meal-shake	ml:per	421	101	4.5	1.4	7.3	4.3	1.7	6.9	<0.5	2026-10-09	5
ufit-strawberry-flavour-high-protein-milkshake-330ml	ml	190	45	<0.5	<0.5	3.4			7.6	<0.5	2026-10-09	5
biotiful-gut-health-kefir-milk-drink-cherry-500ml	ml			2.6	1.9	7.4			3.3	<0.5	2026-10-09	5
biotiful-gut-health-kefir-milk-drink-vanilla-1l	ml	249	60	2.6	1.8	5.9			3.1	<0.5	2026-10-09	5
getpro-300g-strawberry-raspberry-flavour-drinking-yoghurt	g	253	60	0.5	<0.5	5.5	5.2		8.4	<0.5	2026-10-09	5
jimmy-s-250ml-vietnamese-inspired-iced-coffee	ml:provide	297	71	2.8	1.9	8	7.9		3.4	<0.5	2026-10-09	5
nescafe-iced-coffee-espresso-concentrated-vanilla-flavour-500ml	ml:prepared	240	57	1.5		7.5		0.5	3.1	<0.5	2026-10-09	5
costa-coffee-classic-latte-iced-coffee-330ml	ml:per	205	49	1	0.7	7.2	5.7		2.7	<0.5	2026-10-09	5
jimmy-s-original-iced-coffee-380ml	ml	165	39	1.1	0.7	4.9	4.9		2.2	<0.5	2026-10-09	5
nescafe-iced-coffee-latte-multiserve-750ml	ml	153	36	1		4.4		0.7	2.1	<0.5	2026-10-10	5
starbucks-260ml-rich-black-concentrated-iced-coffee	ml:prepared	180	43	1.5		4.1		<0.5	3.1	<0.5	2026-10-10	5
starbucks-frappuccino-caramel-flavoured-milk-iced-coffee-no-added-sugar-250ml	ml	166	40	1.4	0.9	3.8	3.6		2.7	<0.5	2026-10-10	5
ufc-refresh-coconut-water-1l	ml	99	23	<0.1	<0.1	5.8	4.4	<0.1	<0.1	<0.5	2026-10-10	5
jimmy-s-strong-iced-coffee-250ml	ml	157	37	1	0.7	4.6	4.6		2.3	<0.5	2026-10-10	5
starbucks-220ml-matcha-latte-strawberry-flavour-iced-coffee	ml	138	33	0.55	<0.5	4.1	3.7		2.9	<0.5	2026-10-10	5
starbucks-multiserve-frappuccino-caramel-flavoured-milk-iced-coffee-700ml	ml	273	65	1.5	0.9	9.7	9.4		2.8	<0.5	2026-10-10	5
starbucks-oat-caramel-macchiato-iced-coffee-220ml	ml	178	42	1.1	<0.5	7.3	4.6		0.5	<0.5	2026-10-10	5
daily-dose-750ml-cold-pressed-apple-pomegranate-raspberry-lemon-juice	ml	166	39	<0.5	<0.5	9.5			<0.5	<0.5	2026-10-10	5
daily-dose-900ml-cold-pressed-orchard-apple-juice	ml	235	55	0.5	<0.5	12			0.6	<0.5	2026-10-10	5
innocent-coconut-water-1l	ml	59	14	<0.1	<0.1	3.2	2.5	<0.1	<0.5	<0.5	2026-10-10	5
innocent-plus-berry-set-go-raspberry-cherry-juice-with-vitamins-750ml	ml	180	43	<0.5	<0.5	10	9.8	<0.1	<0.5	<0.1	2026-10-10	5
innocent-plus-citrus-shield-orange-carrot-juice-with-vitamins-750ml	ml	171	40	<0.1		10			<0.1	<0.1	2026-10-10	5
innocent-pure-apple-juice-1-75l	ml	180	42	0.5		11		0.5	0.5	<0.5	2026-10-10	5
innocent-pure-orange-juice-smooth-1-75l	ml	149	35	0.5		7.8		0.7	0.7	<0.5	2026-10-10	5
innocent-pure-orange-juice-with-bits-900ml	ml	156	37	<0.1		7.8			0.8	<0.1	2026-10-10	5
mockingbird-raw-press-750ml-raw-activate-coconut-water-white-grape-passion-fruit-with-vitamins-blend	ml	190	45	<0.5	<0.1	9.5		2.7	<0.5	<0.5	2026-10-10	5
sainsburys-freshly-squeezed-orange-mango-taste-the-difference	ml	200	47	<0.5	<0.1	10.5	9.7	0.7	0.6	<0.01	2026-10-10	5
tropicana-1-8l-smooth-orange-juice	ml	172	40	<0.1	<0.1	9.3		<0.1	0.8	<0.1	2026-10-10	5
copella-apple-mango-fruit-juice-1-35l	ml	206	48	<0.1	<0.1	11.6		1	<0.1	<0.1	2026-10-10	5
copella-cloudy-apple-fruit-juice-1-35l	ml	197	46	<0.1	<0.1	10.7		0.7	<0.5	<0.1	2026-10-10	5
innocent-pure-orange-juice-smooth-1-35l	ml	154	36	<0.1		7.8			0.7	<0.1	2026-10-10	5
tropicana-pure-smooth-orange-fruit-juice-300ml	ml	172	40	<0.1	<0.1	9.3		<0.1	0.8	<0.1	2026-10-10	5
grace-coconut-water-1l	ml	94	22	<0.1	<0.1	5	5		<0.1	<0.5	2026-10-10	5
hip-pop-cbd-cherry-blackberry-kombucha-4-x-330ml	ml	67	16	<0.5	<0.5	2.9	2.6		<0.5	<0.5	2026-10-10	5
nexba-kombucha-mixed-berry-1l	ml	8				<0.1		<0.1	<0.1		2026-10-10	5
one-living-sugar-free-passion-fruit-kombucha-with-goji-4x250ml	ml	10	2	<0.1	<0.1	<0.5			<0.1	<0.1	2026-10-10	5
tropicana-1-5l-orange-mango-fruit-juice	ml	192	45	<0.1	<0.1	10		0.8	0.8	<0.1	2026-10-10	5
tropicana-original-orange-with-bits-fruit-juice-1-5l	ml	175	41	<0.1	<0.1	9.3		<0.5	0.8	<0.1	2026-10-10	5
tropicana-smooth-orange-fruit-juice-1-5l	ml	172	40	<0.1	<0.1	9.3		<0.1	0.8	<0.1	2026-10-10	5
vita-coco-500ml-extra-coconut-water	ml	100	24	0.5	0.5	4.8	4		<0.1	<0.5	2026-10-10	5
vita-coco-the-original-coconut-water-500ml	ml	77	18	<0.1	<0.1	4.5	4		<0.1	<0.5	2026-10-10	5
daily-dose-750ml-cold-pressed-ginger-zinger-juice	ml	139	33	0.5	<0.5	7.3			<0.5	<0.5	2026-10-10	5
ocean-spray-1l-no-added-sugar-chilled-cranberry-juice	ml	35	8			1.2	1.1				2026-10-10	5
sainsbury-s-pure-apple-juice-1l	ml	193	46	<0.5	<0.1	10.5	9.2	<0.5	<0.5	0.06	2026-10-10	5
sainsburys-100-pure-squeezed-orange-juice-with-bits-not-from-concentrate-1-75l	ml	164	39	<0.5	<0.1	8.4	8.1	<0.5	0.6	0.05	2026-10-10	5
sainsburys-100-pure-squeezed-pink-grapefruit-juice-not-from-concentrate-1l	ml	146	35	<0.5	<0.1	7.6	7.2	<0.5	<0.5	0.08	2026-10-10	5
sainsburys-1l-apple-ginger-juice	ml	183	43	<0.5	<0.1	9.7	9.7	<0.5	<0.5	<0.01	2026-10-10	5
sainsburys-apple-mango-juice-not-from-concentrate-1-75l	ml	219	52	<0.5	<0.1	12.1	11.5	<0.5	<0.5	<0.01	2026-10-10	5
sainsburys-cherry-juice-drink-1l	ml	71	17	<0.5	<0.1	3.7	2.6	<0.5	<0.5	<0.01	2026-10-10	5
sainsburys-freshly-squeezed-orange-juice-with-bits-taste-the-difference-1-5l	ml	226	53	<0.5	<0.1	11.4	9.2	<0.5	0.7	0.03	2026-10-10	5
sainsburys-orange-juice-so-organic-1l	ml	166	39	<0.5	<0.1	8.5	7.8	<0.5	0.7	0.05	2026-10-10	5
sainsburys-pure-orange-juice-with-juicy-bits-1l	ml	176	42	<0.5	<0.1	8.4	8.3	<0.5	0.7	0.10	2026-10-10	5
sainsburys-tropical-juice-drink-no-added-sugar-2l	ml	73	17	<0.5	<0.1	3.0	3.0	<0.5	<0.5	0.02	2026-10-10	5
tropicana-original-orange-with-juicy-bits-850ml	ml	175	41	<0.1	<0.1	9.3		<0.5	0.8	<0.1	2026-10-10	5
welch-s-purple-grape-juice-1l	ml	288	68	<0.1	<0.1	16	16	<0.1	<0.1	<0.1	2026-10-10	5
chocomel-chocolate-milk-drink-300ml	ml	292	69	1.6	1	10	9.8		3.4	<0.5	2026-10-10	5
huel-vanilla-black-edition-500ml	ml	321	77			4.4	1.1	1.2	6.8	<0.5	2026-10-10	5
m-ller-frijj-banana-flavour-milkshake-330ml	ml	301	71	1.4	0.9	10.8	10		3.8	<0.5	2026-10-10	5
nesquik-chocolate-flavoured-milkshake-powder-500g-tub	ml	272	65	1.9		8.1		<0.5	3.7	<0.5	2026-10-10	5
serge-peanut-punch-240ml	ml	500	120	4.9	1	14	11.6		5.3	<0.5	2026-10-10	5
shaken-udder-chocolush-milkshake-330ml	ml	315	75	2.2	1.5	9.7	9.3		3.7	<0.5	2026-10-10	5
shaken-udder-strawberry-dream-milkshake-750ml	ml	299	71	2.4	1.6	8.7	8.4		3.4	<0.5	2026-10-10	5
shaken-udder-vanilla-licious-milkshake-750ml	ml	281	67	1.5	1.1	9.6	9.2		3.5	<0.5	2026-10-10	5
starbucks-grande-caramel-macchiato-iced-coffee-330ml	ml	253	60	1.3	0.8	9	8.7		2.9	<0.5	2026-10-10	5
starbucks-protein-drink-with-coffee-caramel-hazelnut-flavour-330ml	ml	217	51	1	0.6	4.2	3.9		6.2	<0.5	2026-10-10	5
yazoo-banana-milk-drink-1l	ml	240	57	1.1	0.7	8.7	8.7		3	<0.5	2026-10-10	5
yazoo-strawberry-milk-drink-200ml	ml	190	46	1.2	0.9	4.6	4.6		3	<0.5	2026-10-10	5
nurishment-the-original-chocolate-flavoured-milk-400g	g	399	95	2.7	1.7	12.5	12.5		5	<0.5	2026-10-10	5
arctic-coffee-caffe-latte-1l	ml	230	55	1.3	1	7.8	7.5	0.5	2.9	<0.5	2026-10-10	5
rodd-s-250ml-iced-coffee-original-latte	ml	195	46	1.2		7		0.8	1.4	<0.5	2026-10-10	5
rodd-s-250ml-maple-sea-salt-oat-latte	ml	226	54	0.9		9.9		0.7	1.1	<0.5	2026-10-10	5
fuel10k-330ml-on-the-go-ready-to-drink-breakfast-high-protein-banana-milk-shake	ml	235	56	1.4	<0.5	5.7	4.8	1	4.6		2026-10-10	5
fuel10k-330ml-on-the-go-ready-to-drink-breakfast-high-protein-vanilla-milk-shake	ml	235	56	1.4	<0.5	5.7	4.8	1	4.6	<0.5	2026-10-10	5
shaken-udder-chocolate-protein-milkshake-330ml	ml	343	81	1.8	1.1	9.8	9.7		6.1	<0.5	2026-10-10	5
yfood-this-is-food-500ml-heavenly-hazelnut-ready-to-drink-complete-meal	ml	418	100								2026-10-10	5
innocent-250ml-pineapples-bananas-coconuts-smoothie	ml	245	58	0.7	0.6	12	11	1.1			2026-10-10	5
innocent-750ml-like-strawberry-cupcakes-creamy-smoothie	ml	204	48	0.9	0.8	9.6	9.3	0.9	<0.1	<0.1	2026-10-10	5
innocent-berry-energise-super-smoothie-strawberry-cherry-apple-guarana-with-vitamins-300ml	ml	224	53	<0.1	<0.1	11	10	1.4	1.5	<0.1	2026-10-10	5
innocent-cucumber-lemon-apple-spinach-smoothie-750ml	ml	186	44	<0.1	<0.1	9.6	9.6	1.2	0.7	<0.1	2026-10-10	5
innocent-kids-apples-blackcurrants-smoothies-4-x-150ml	ml	231	54	<0.1	<0.1	13	10	0.6	<0.1	<0.1	2026-10-10	5
innocent-kids-oranges-mangoes-pineapples-smoothies-10-x-150ml	ml	230	54	<0.1	<0.1	13	11	0.8	0.7	<0.1	2026-10-10	5
innocent-kids-strawberries-kiwis-apples-super-smoothies-with-vitamins-iron-4x150ml	ml	194	46	<0.1	<0.1	10	9.4	1	0.5	<0.5	2026-10-10	5
innocent-pineapples-bananas-coconuts-smoothie-750ml	ml	245	58	0.7	0.6	12	11	1.1	<0.5	<0.1	2026-10-10	5
innocent-tropical-focus-super-smoothie-guava-pineapple-with-vitamins-750ml	ml	186	44	<0.1	<0.1	10	10	1.1	<0.1	<0.1	2026-10-10	5
mockingbird-raw-press-750ml-raw-greens-kiwi-spinach-pear-banana-with-vitamins-smoothie	ml	181	43	<0.5	<0.1	9.6		2	0.6	<0.5	2026-10-10	5
naked-750ml-fibre-machine-supercharged-smoothie	ml	230	54	<0.1	<0.1	13		2.8	<0.5	<0.5	2026-10-10	5
naked-protein-machine-pineapple-mango-smoothie-300ml	ml	216	53	<0.5	<0.1	7.6		0.7	3.6	<0.5	2026-10-10	5
sainsburys-mango-passionfruit-smoothie-750ml	ml	199	47	<0.5	<0.1	11.3	11.0	0.8	<0.5	<0.01	2026-10-10	5
innocent-kids-strawberries-raspberries-apples-smoothies-4-x-150ml	ml:per	210	50	<0.1	<0.1	12	10	0.6	0.5	<0.1	2026-10-10	5
naked-300ml-rainbow-machine-super-smoothie	?	170	40	<0.1	<0.1	9.7		<0.1	<0.5	<0.1	2026-10-10	5
naked-gold-machine-passionfruit-mango-guava-super-smoothie-300ml	ml	193	45	<0.1	<0.1	11		<0.1	<0.5	<0.5	2026-10-10	5
naked-green-machine-super-smoothie-750ml	ml	176	41	<0.1	<0.1	10		<0.1	<0.5	<0.1	2026-10-10	5
vita-coco-4-x-330ml-the-original-coconut-water	ml	77	18	<0.1		4.5			<0.1	<0.5	2026-10-10	5
huel-500ml-strawberry-banana-drink-black-edition	ml	323	77			4.6	1	1.2	6.8	<0.5	2026-10-10	5
yfood-ready-to-drink-complete-meal-fresh-berry-500ml	ml	419	100								2026-10-10	5
clarence-court-mabel-pearman-s-burford-browns-10-x-medium-free-range-eggs	g	547	131	9	2.5	<0.1	<0.1	<0.1	12.6	<0.5	2026-10-10	5
freshlay-family-run-farms-golden-yolks-free-range-eggs-x10	g	547	131	9	2.5	0.5	0.5		12.6	<0.5	2026-10-10	5
sainsburys-free-range-golden-yolk-eggs-taste-the-difference-x12	g:as consumed	596	143	9.6	2.7	<0.5	<0.5	<0.5	14.1	0.38	2026-10-10	5
st-ewe-mixed-weight-rich-yolk-eggs-x6-288g	g	547	131	9	2.5				12.6	<0.5	2026-10-10	5
st-ewe-original-medium-eggs-x6	g	547	131	9	2.5				12.6	<0.5	2026-10-10	5
stamford-street-co-10-x-mixed-size-british-free-range-eggs-536g	g	595	143	9.6	2.7	<0.5	<0.5		14.1	0.38	2026-10-10	5
two-chicks-liquid-egg-white-500g	g	202	48	<0.1	<0.1	<0.1	<0.1		10.9	0.5	2026-10-10	5
purely-organic-free-range-eggs-x10-540g	g	547	131	9	2.5	0.5	0.5		12.6	<0.5	2026-10-10	5
borough-broth-400g-proper-beef-organic-bone-broth-gravy	g	180	43	1	<0.5	5.8	0.5	0.5	2.6	1.3	2026-10-10	5
little-dish-250g-tomato-5-veg-sauce	g	295	70	3.9		6.7		1.8	2.1	<0.5	2026-10-10	5
sainsburys-350g-bolognese-pasta-sauce-taste-the-difference	g	447	107	6.3	2.2	4.4	2.8	0.9	7.8	0.80	2026-10-10	5
sainsburys-chicken-stock-taste-the-difference-450g	g	105	25	<0.5	<0.1	<0.5	<0.5	<0.5	5.7	0.48	2026-10-10	5
borough-broth-400g-chicken-pho-organic-bone-broth	g	41	10	0.5	<0.5	0.9	0.7	0.5	1.5	0.8	2026-10-10	5
sainsburys-hollandaise-sauce-taste-the-difference-200g	g:cooked	1123	272	27.3	16.9	5.0	0.7	<0.5	1.4	0.96	2026-10-10	5
sunny-luna-130g-sundried-tomato-pesto-with-cashew-nuts-sauce	g	1090	260	23	3.5	8.1	4.3	2.1	3.3	1.3	2026-10-10	5
sainsburys-chicken-gravy-taste-the-difference-450g-serves-4	g	249	59	1.7	0.5	4.8	1.3	<0.5	5.9	0.65	2026-10-10	5
alvalle-original-gazpacho-1l	ml	187	45	2.6	<0.5	3.9	3.1	1.2	0.8	0.7	2026-10-10	5
bol-600g-sweet-potato-coconut-chilli-fibre-power-soup	g	240	57	1.5	0.6	6.2	1.7	3.5		0.6	2026-10-10	5
borough-broth-400g-chicken-ginger-turmeric-organic-bone-broth-soup	g	62	15	<0.5	<0.1	0.7	0.7	0.5	2.7	0.5	2026-10-10	5
cully-sully-a-hearty-chicken-vegetable-soup-400g	g	277	67	4.1	2.5	4.9	2.3	1.2	2	0.8	2026-10-10	5
cully-sully-moreish-mushroom-risotto-400g	g	335	80	3	<0.5	10.3	1.1	0.9	1.8	0.7	2026-10-10	5
new-covent-garden-soup-co-560g-sweet-potato-chilli-soup	g	197	47	0.9	0.7	8.7	3.4	0.8	0.6	0.5	2026-10-10	5
renourish-rebuild-500g-chicken-high-protein-collagen-bone-broth	g	91	21	<0.5	<0.5	0.5		<0.5	3.9	<0.5	2026-10-10	5
renourish-restore-500g-pea-leek-and-watercress-high-fibre-nutrient-dense-soup	g	162.1	38.7	1.6	<0.5	4.5		1.7	1.6	<0.5	2026-10-10	5
sainsburys-carrot-honey-roast-parsnip-soup-taste-the-difference-600g	g	140	33	1.2	0.8	4.9	3.4	0.7	<0.5	0.37	2026-10-10	5
sainsburys-masala-spiced-cauliflower-soup-taste-the-difference-600g	g:typical analysis	365	87	5.2	3.7	7.7	4.4	1.5	1.8	0.49	2026-10-10	5
sainsburys-petits-pois-ham-soup-taste-the-difference-600g	g:typical analysis	240	57	1.8	1.0	5.7	2.0	2.2	3.5	0.44	2026-10-10	5
tideford-organics-indian-lentil-spinach-dhal-560g	g	275	66	1.9	1.2	7.4	1.2	3	3.6	0.6	2026-10-10	5
yorkshire-provender-560g-cauliflower-cheese-kale-soup	g	274	66	4	2.6	4.6	0.9	0.6	2.7	0.6	2026-10-10	5
new-covent-garden-soup-co-560g-tomato-basil-soup	g	151	36	1.1	<0.5	5	4.7	1.2	0.9	0.5	2026-10-10	5
new-covent-garden-soup-co-classic-chicken-560g	g	230	55	1.4	0.7	6.6	1.6	0.8	3.5	0.6	2026-10-10	5
new-covent-garden-soup-co-vegetable-560g	g	156	37	0.7	<0.5	5.5	3	1.6	1.3	0.5	2026-10-10	5
new-covent-garden-food-co-300g-mexican-bean-with-rice-carrots-lunch-pot	g	326	77	0.9	<0.5	12	2.1	3.4	3.3	0.5	2026-10-10	5
yeo-valley-organic-400g-cauliflower-leek-cheddar-soup	g	206	50	2.4	1.5	4.1	1.5	0.9	2.4	0.5	2026-10-10	5
tideford-organics-560g-mexican-style-corn-red-pepper-soup	g	227	55	2.1	1	6.8	3	1.7	1.2	0.5	2026-10-10	5
sainsburys-leek-potato-barber-s-cheddar-soup-taste-the-difference-600g	g	290	69	4.0	2.5	5.3	2.3	0.7	2.7	0.57	2026-10-10	5
huel-lite-banana-500ml	ml	159	38			1.9	0.5	1.1	5	<0.5	2026-10-10	5
simplee-500ml-original-aloe-vera-immunity-wellness-drink	ml	46	11	<0.1	<0.1	2.8	2.8	<0.1	<0.1	<0.1	2026-10-10	5
royal-400g-chicken-panang-curry-with-jasmine-rice-vegetables	g	526	125	5.1	2.3	13	1.2	1.4	6.4	0.7	2026-10-10	5
califia-farms-1l-chilled-oat-barista-blend	ml	226	54	2.9	<0.5	5.8		0.8	0.8	<0.5	2026-10-10	5
maltesers-11-x-18g-chocolate-funsize-bags	g	2104	502	24	15	62	54		8.3	0.5	2026-10-10	5
bol-450g-thai-green-curry-power-pot	g	411	98	3.6	1.1	6.9	1.3	5.2		<0.5	2026-10-10	5
all-plants-250g-rich-sundried-tomato-basil-tortelloni	g:cooked	875	208	5.7	4	31	2	4.8	5.8	0.8	2026-10-10	5
biocol-skimmed-milk-1l	ml	156	37		<0.5	5.2	5.2		3.4	<0.5	2026-10-10	5
cornish-dairy-co-2l-cornwall-gold-milk	ml	322	77	5		4.5			3.4	<0.5	2026-10-10	5
graham-s-the-family-dairy-gold-top-with-cream-at-the-top-1l	ml	335	80	5		4.7			3.7	<0.5	2026-10-10	5
sainsbury-s-1l-fresher-for-longer-filtered-whole-milk	ml	276	66	3.7	2.4	4.7	4.7	<0.5	3.5	0.11	2026-10-10	5
sainsburys-british-semi-skimmed-milk-1-pint	ml	209	50	1.8	1.1	4.8	4.8	<0.5	3.6	0.11	2026-10-10	5
sainsburys-british-whole-milk-568ml-1-pint	ml	276	66	3.7	2.4	4.7	4.7	<0.5	3.5	0.11	2026-10-10	5
st-helen-s-farm-whole-goats-milk-1l	ml	254	61	3.5	2.4	4.3	4.3		2.8	<0.5	2026-10-10	5
the-estate-dairy-unhomogenised-organic-whole-milk-1l	ml	209	50	4.1	2.7	4.8	4.8		3.4	<0.5	2026-10-10	5
alpro-oat-growing-up-long-life-dairy-alternative-toddler-drink-1-years-1l	ml	252	60	3.3	<0.5	5.9	2.5	<0.5	1.8	<0.5	2026-10-10	5
arla-bob-skimmed-milk-tastes-like-semi-skimmed-1l	ml	175	41	<0.5	<0.5	4.9	4.9		4.5	<0.5	2026-10-10	5
cravendale-filtered-fresh-skimmed-milk-fresher-for-longer-2l	ml	156	37	<0.5	<0.5	4.9	4.9		3.6	<0.5	2026-10-10	5
cravendale-filtered-fresh-whole-milk-fresher-for-longer-3l	ml	271	65	3.6	2.3	4.7	4.7		3.4	<0.5	2026-10-10	5
sainsburys-british-semi-skimmed-milk-so-organic-568ml-1-pint	ml	209	50	1.8	1.1	4.8	4.8	<0.5	3.6	0.11	2026-10-10	5
sainsburys-whole-british-milk-so-organic-2-272l	ml	286	68	4.0	2.6	4.7	4.7	<0.5	3.4	0.11	2026-10-10	5
yeo-valley-organic-free-range-whole-milk-1l	ml	283	66	3.5	2.6	4.7	4.7		3.3	<0.5	2026-10-10	5
jus-rol-cinnamon-swirls-320g	g:uncooked	1683	401	15.4	6.9	57.8	40	1.8	4.6	0.8	2026-10-10	5
jus-rol-puff-pastry-ready-rolled-sheet-320g	g:uncooked	1512	362	20	9.9	35.7	<0.5	1.9	5.4	0.8	2026-10-10	5
sainsburys-milk-chocolate-chip-cookie-dough-300g	g:cooked	2035	486	22.3	9.6	64.6	31.0	3.1	5.1	0.56	2026-10-10	5
ginsters-130g-bbq-pulled-pork-cheddar-pastry-toastie	g	1398	335	18.6	10.7	30.7	4.2	1.7	10.3	0.7	2026-10-10	5
jus-rol-gluten-free-puff-pastry-sheet-280g	g	1423	341	19.6	9.1	36.8	1	4	2.5	1	2026-10-10	5
ginsters-130g-tomato-basil-mozzarella-pastry-toastie	g	1411	338	20.3	11.7	29	2.8	2	8.8	0.6	2026-10-10	5
ginsters-bbq-hunters-chicken-slice-170g	g	1100	263	14.5	6.7	23.1	2.6	1.8	9.2	0.8	2026-10-10	5
ginsters-chicken-bacon-pasty-180g	g	1058	254	14.8	7.2	20.9	1.4	2.9	7.8	1.2	2026-10-10	5
ginsters-cornish-pasty-x4-520g	g	1094	262	15.3	7.2	26	1.8	2.5	6.5	1	2026-10-10	5
higgidy-155g-extra-mature-cheddar-kimchi-quiche	g	1128	270	14.5	5.9	24.6	1.2	2.3	9.2	0.9	2026-10-10	5
higgidy-400g-barber-s-vintage-cheddar-caramelised-balsamic-onion-quiche	g	1142	274	15.7	6.1	23.6	3.1	2.2	8.5	0.8	2026-10-10	5
higgidy-beechwood-smoked-bacon-mature-cheddar-quiche-400g	g	1113	267	15.4	6	21.2	1.1	1.9	9.9	0.9	2026-10-10	5
higgidy-slow-braised-steak-craft-ale-pie-200g	g:as consumed	920	219	9.1	4.7	21.4	1.1	1.8	11.5	0.8	2026-10-10	5
higgidy-smoked-ham-hock-mature-cheddar-quiche	g	1106	265	15.1	5.5	21.8	0.9	1.8	9.7	0.9	2026-10-10	5
higgidy-spinach-red-pepper-greek-feta-quiche-400g	g	969	232	12.6	5.3	21	1.5	2.4	7.4	0.7	2026-10-10	5
juici-patties-chicken-patty-135g	g	1179	282	14.8	6.2	31	2.2		7.4	1	2026-10-10	5
pukka-140g-chicken-mushroom-slice	g:amount	1161	278	13.7	6.6	29.4	1.9	2.3	8.2	1.1	2026-10-10	5
pukka-210g-chicken-bacon-pie	g	1156	277	16.6	8.1	21.9	1.5	1.2	9.6	1.3	2026-10-10	5
pukka-215g-lamb-pea-mint-pie	g:amount	913	218	11.2	5.5	21.2	1.4	2.3	7.2	0.9	2026-10-10	5
pukka-pies-chicken-mushroom-pie-212g	g	875	209	11	5.2	19.9	1.3	1.2	7.1	1.1	2026-10-10	5
sainsburys-1-55kg-extra-large-chicken-leek-smoked-ham-hock-pie-taste-the-difference	g	892	214	12.7	7.7	11.5	<0.5	1.0	12.8	0.65	2026-10-10	5
sainsburys-100g-coconut-chicken-curry-pastries-taste-the-difference	g	1118	267	11.5	2.7	29.8	3.1	3.2	9.4	0.53	2026-10-10	5
sainsburys-200g-cheese-onion-pie	g:cooked	1127	270	15.9	8.2	23.0	1.3	1.3	8.1	0.79	2026-10-10	5
sainsburys-250g-portobello-mushroom-cheese-pie-taste-the-differemce	g:cooked	986	236	13.7	6.7	21.5	1.4	1.6	5.9	0.63	2026-10-10	5
sainsburys-bacon-cheese-quiche-400g	g:quiche	1130	271	17.1	8.0	20.3	2.3	0.6	8.6	0.65	2026-10-10	5
sainsburys-cheese-onion-pasties-x4-520g	g	1269	304	18.0	9.7	27.0	1.4	1.0	8.0	0.88	2026-10-10	5
sainsburys-chicken-bacon-puff-pastry-pie-200g	g	1157	277	17.3	7.3	20.1	1.4	1.3	9.6	0.55	2026-10-10	5
sainsburys-cornish-pasties-x4-520g	g	1173	281	16.5	7.9	25.8	1.5	1.2	6.7	0.67	2026-10-10	5
sainsburys-crustless-quiche-lorraine-340g	g	1151	276	17.7	8.1	19.1	2.2	0.6	9.9	0.70	2026-10-10	5
sainsburys-free-from-chicken-leek-ham-pie-taste-the-difference-200g	g	1049	251	13.8	6.2	22.5	1.0	2.0	8.3	0.67	2026-10-10	5
sainsburys-minced-beef-onion-puff-pastry-pie-150g	g:cooked	1166	279	13.9	6.5	28.9	2.3	2.2	8.4	0.66	2026-10-10	5
sainsburys-mushroom-farmhouse-cheddar-quiche-400g	g:quiche	998	239	14.6	6.5	20.3	2.8	1.2	6.0	0.47	2026-10-10	5
sainsburys-steak-puff-pastry-pie-150g	g:cooked	1189	284	14.2	6.7	30.0	2.2	1.9	8.1	0.65	2026-10-10	5
stamford-street-co-beef-vegetable-pasty-200g	g	1170	280	16.6	7.8	25.3	2.5	1.7	6.6	0.41	2026-10-10	5
ginsters-cornish-pasty-227g	g	1096	263	15.4	7.3	23.4	1.6	2.5	6.4	1	2026-10-10	5
sainsburys-cheese-onion-quiche-400g	g:per  quiche	1055	253	15.6	7.2	20.6	2.9	0.8	7.2	0.44	2026-10-10	5
sainsburys-steak-ale-puff-pastry-pie-500g	g	1209	289	16.2	7.0	25.0	1.0	1.0	10.4	0.42	2026-10-10	5
sainsburys-chicken-gravy-shortcrust-pastry-pie-500g	g	1230	295	17.3	6.5	24.5	0.8	0.7	9.9	0.55	2026-10-10	5
sainsburys-extra-mature-cheddar-caramelised-onion-quiche-taste-the-difference-400g	g:quiche	1174	282	18.2	9.4	22.3	5.2	1.0	6.7	0.62	2026-10-10	5
sainsburys-steak-gravy-puff-pastry-pie-500g	g	1115	267	14.9	6.5	22.4	1.0	1.2	10.2	0.55	2026-10-10	5
sainsburys-steak-slices-x2-300g	g	1011	241	11.4	5.5	26.5	2.1	1.2	7.6	0.59	2026-10-10	5
sainsburys-2-x-250g-marry-me-chicken-pies-taste-the-difference	g:cooked	1031	247	14.2	6.4	19.3	1.3	1.3	9.8	0.54	2026-10-10	5
sainsburys-cheese-onion-potato-pie-400g-serves-1	g:cooked	669	160	6.6	3.3	18.8	1.2	1.6	5.5	0.37	2026-10-10	5
sainsburys-chicken-selection-pack-230g	g	1086	260	14.2	2.6	20.7	6.5	1.0	11.7	0.91	2026-10-10	5
sainsburys-southern-fried-chicken-straws-x14-168g	g	1205	289	17.0	3.1	21.6	2.4	1.7	11.5	1.26	2026-10-10	5
higgidy-130g-crushed-sweetcorn-jalapeno-savoury-scone-bites	g	975	233	10.7	2.7	26.1	4.1	2	7.2	1.2	2026-10-10	5
higgidy-greek-feta-chargrilled-red-pepper-rolls-160g	g	1413	339	19.8	11.6	28.9	1.4	2.4	10	1.4	2026-10-10	5
pukka-pork-sausage-roll-130g	g:amount	1359	326	19.7	8.1	26.7	1.9	1.8	9.4	1.7	2026-10-10	5
sainsburys-mini-cheese-onion-rolls-x20-200g	g	1285	307	16.3	8.7	32.2	2.2	1.4	7.3	0.94	2026-10-10	5
sainsburys-mini-pork-pickle-pies-x6-300g	g	1578	378	23.6	8.8	32.1	3.4	1.4	8.7	0.87	2026-10-10	5
sainsburys-snack-pork-pies-x2-130g	g	1624	390	25.8	9.4	29.5	1.7	1.1	9.4	0.83	2026-10-10	5
sainsburys-large-melton-mowbray-pork-pie-454g	g	1524	367	27.3	9.9	19.8	1.4	1.6	9.7	0.85	2026-10-10	5
too-good-to-be-gluten-free-pork-pie-130g	g	1488	358	25	9.4	24	1.3	0.8	8.7	0.9	2026-10-10	5
sainsburys-free-from-170g-butternut-squash-spinach-quiche-taste-the-difference	g	991	237	14.0	6.9	21.2	2.4	1.9	5.7	0.62	2026-10-10	5
island-delight-lamb-pattie-halal-140g	g	1300	336	17.8	8.8	31	2.1		7	0.9	2026-10-10	5
crosta-mollica-458g-primavera-sourdough-pizza	g	978	233	9.4	3.4	28.2	2	2.7	7.6	2.1	2026-10-10	5
la-famiglia-rana-basil-pine-nut-pesto-250g	g:as consumed	1092	273	13	3.7	27	4	6.4	7.2	0.7	2026-10-10	5
pizza-express-115g-hot-honey-dough-balls	g:dough balls	1349	321	9.4	3.6	49.2	3.2	2.1	8.8	1	2026-10-10	5
pizza-express-quattro-carne-395g	g	1194	285	11.8	3.8	31.3	2.8	2.2	12.2	1.6	2026-10-10	5
sainsburys-150g-stir-in-tomato-chilli-pasta-sauce-taste-the-difference	g	853	206	18.5	6.4	4.8	4.7	3.2	3.7	1.76	2026-10-10	5
sainsburys-210g-mozzarella-basil-pesto-focaccia-taste-the-difference	g:cooked	1189	283	9.2	2.1	39.2	2.4	2.2	9.6	0.86	2026-10-10	5
sainsburys-310g-ultimate-garlic-mozzarella-flatbread-taste-the-difference	g:cooked	1142	272	9.4	4.8	34.1	1.9	1.8	11.8	1.02	2026-10-10	5
sainsburys-500g-spinach-ricotta-tortelloni-pasta	g:cooked	654	155	3.4	1.1	24.7	2.2	2.1	5.4	0.37	2026-10-10	5
sainsburys-583g-cheese-tomato-pizza-slab	g:cooked	1102	263	10.5	5.1	29.5	3.7	2.1	11.5	0.90	2026-10-10	5
sainsburys-670g-ultimate-crust-prosciutto-cotto-artichoke-olive-pizza-taste-the-difference	g:cooked	1081	257	9.6	4.1	28.7	2.9	2.3	12.9	1.48	2026-10-10	5
sainsburys-discovery-250g-tomato-burrata-ravioli-pasta-taste-the-difference	g:cooked	941	225	10.4	3.2	26.2	5.0	1.6	5.8	0.87	2026-10-10	5
the-northern-dough-co-155g-cheesy-garlic-fully-loaded-doughballs	g	1563	374	18.6	9.2	40.7	2.7	2.2	9.9	1	2026-10-10	5
white-rabbit-250g-prosciutto-mozzarella-gluten-free-filled-girasoli-pasta	g	989	235	7.4	2.2	31.1	4	2.3	10	1.3	2026-10-10	5
white-rabbit-410g-salami-sourdough-gluten-free-pizza	g	981	234	9.3	3.5	31.9	2.7	0.5	5.4	1.7	2026-10-10	5
cathedral-city-400g-bacon-macaroni-cheese	g:ovenbaked	748	178	7.6		19		1	8	0.7	2026-10-10	5
crosta-mollica-collezione-romana-546g-toscana-pizza	g	1050	250	10.8	4.1	27.5	4	2	9.8	1.7	2026-10-10	5
crosta-mollica-verdure-sourdough-pizza-grilled-vegetables-taggiasca-olives-basil-sauce-471g	g	779	186	6.1	1	26.8	3.1	2.7	4.5	1.3	2026-10-10	5
la-famiglia-rana-280g-spinach-mozzarella-filled-pan-fry-gnocchi	g	963	229	5.2	1.7	37	1.9	4.9	6	1.7	2026-10-10	5
la-famiglia-rana-butternut-squash-roasted-onion-sage-ravioli-250g	g:as consumed	916	219	10	4.6	25	7.3	4.9	5.6	0.5	2026-10-10	5
la-famiglia-rana-mushroom-ricotta-fresh-tortelloni-250g	g	967	230	9.6	3.8	27	2	3	7.4	0.7	2026-10-10	5
la-famiglia-rana-roast-chicken-250g	g:as consumed	868	207	7.8	3.5	21	3.7	5.2	11	1.3	2026-10-10	5
la-famiglia-rana-sundried-tomato-pecorino-cheese-fresh-sauce-200g	g	1062	257	23	7.7	6.1	5.5	1.7	5.5	1.2	2026-10-10	5
odysea-400g-rag-alla-bolognese-linguine-pasta	g	688	164	5.7	1.6	21	2.4	1.7	6.3	0.9	2026-10-10	5
pizza-express-450g-calabrese-pizza	g	1045	249	10.2	3.4	27.3	3.1	2	11	1.1	2026-10-10	5
pizza-express-margherita-speciale-452g	g	1100	262	11	3.8	27.5	2.7	2.5	12.1	1	2026-10-10	5
sainsburys-2-4kg-extra-large-beef-lasagne-taste-the-difference	g:cooked	658	157	7.1	3.4	12.8	2.6	1.3	9.8	0.60	2026-10-10	5
sainsburys-428g-pepperoni-pumpkin-pizza	g:cooked	1161	277	11.2	4.9	30.4	3.9	2.2	12.5	1.16	2026-10-10	5
sainsburys-basil-pesto-taste-the-difference-150g	g	1665	403	38.6	9.0	3.7	<0.5	1.3	9.6	1.25	2026-10-10	5
sainsburys-chicken-bacon-pasta-ready-meal-for-4-1-5kg	g:cooked	558	133	4.0	2.1	15.0	1.8	0.6	8.8	0.61	2026-10-10	5
sainsburys-four-cheese-sauce-taste-the-difference-350g-serves-2	g:cooked	539	130	9.3	5.7	6.3	1.8	<0.5	4.9	0.64	2026-10-10	5
sainsburys-fresh-pappardelle-taste-the-difference-300g	g	665	157	2.0	0.6	27.6	<0.5	1.3	6.5	0.11	2026-10-10	5
sainsburys-garlic-chicken-smoked-bacon-caesar-taste-the-difference-465g	g:cooked	977	232	8.0	3.6	26.5	3.1	1.8	12.7	1.01	2026-10-10	5
sainsburys-napoli-salami-roquito-pepper-wood-fired-pizza-taste-the-difference-213g	g:cooked	1073	255	8.3	3.5	31.5	3.5	2.7	12.3	1.23	2026-10-10	5
sainsburys-stonebaked-310g-spicy-beef-pizza	g:cooked	990	235	7.6	3.3	29.1	5.0	2.7	11.3	0.85	2026-10-10	5
sainsburys-wood-fired-four-cheese-caramelised-red-onion-taste-the-difference-475g	g	1057	252	10.4	5.2	28.0	4.9	1.3	10.9	0.92	2026-10-10	5
the-gym-kitchen-meat-feast-pasta-400g	g:microwaved	500	119			13		1.2	9.3	0.5	2026-10-10	5
sainsburys-295g-ham-pineapple-stonebaked-pizza	g:cooked	956	227	6.4	2.7	29.8	5.1	2.6	11.3	1.12	2026-10-10	5
sainsburys-chicken-bacon-tortelloni-300g	g:cooked	731	173	4.1	1.1	27.4	3.4	1.8	5.8	0.40	2026-10-10	5
sainsburys-fresh-egg-tagliatelle-500g	g	533	126	0.7	0.2	23.7	<0.5	1.6	5.4	0.03	2026-10-10	5
sainsburys-tomato-mozzarella-tortelloni-300g	g:cooked	742	176	3.4	1.4	29.2	3.8	2.2	6.0	0.29	2026-10-10	5
pizza-express-sloppy-guiseppe-pizza-305g	g	903	214	6	2.4	28.5	3.9	2.4	10.4	1	2026-10-10	5
sainsburys-classic-crust-bbq-chicken-pizza-540g	g:cooked	1019	242	6.5	2.7	32.5	7.8	1.8	12.3	1.13	2026-10-10	5
sainsburys-fresh-gnocchi-500g	g	679	160	<0.5	<0.1	34.3	0.6	2.7	3.3	0.29	2026-10-10	5
sainsburys-prosciutto-cappelletti-300g	g:cooked	787	187	4.2	1.5	27.4	<0.5	1.2	9.2	0.35	2026-10-10	5
sainsburys-smokey-chorizo-tortelloni-300g	g:cooked	797	189	5.0	1.5	29.3	2.7	2.1	5.7	0.30	2026-10-10	5
sainsburys-stuffed-crust-cheese-feast-pizza-599g	g:cooked	1198	285	11.5	4.6	29.6	3.0	2.5	14.6	1.13	2026-10-10	5
sainsburys-three-cheese-pasta-bake-ready-meal-for-2-750g	g:cooked	647	155	7.0	3.4	15.7	2.8	1.3	6.6	0.60	2026-10-10	5
sainsburys-butternut-squash-sage-ravioli-taste-the-difference-250g	g	864	206	7.8	3.1	26.2	2.5	2.8	6.4	0.62	2026-10-10	5
sainsburys-discovery-400g-creamy-burata-macaroni-taste-the-difference	g:cooked	703	168	7.7	4.1	16.7	2.3	1.5	7.2	1.01	2026-10-10	5
virtu-pierogi-dumplings-with-cottage-cheese-and-potatoes-400g	g	730	173	2.4	0.5	31	2		6.1	1.1	2026-10-10	5
pizza-express-american-pepperoni-pizza-250g	g	1122	267	8.9	3.7	33	3.7	2.4	12.5	1.1	2026-10-10	5
sainsburys-stonebaked-margherita-pizza-265g	g:cooked	1072	255	7.4	3.4	32.4	4.2	2.5	13.4	0.71	2026-10-10	5
sainsburys-black-truffle-grana-padano-ravioli-taste-the-difference-250g	g:cooked	766	182	6.2	3.8	23.4	1.4	2.5	6.9	0.75	2026-10-10	5
crosta-mollica-fiorentina-mushrooms-spinach-creamy-garlic-sourdough-pizza-453g	g	968	230	8.4	2.9	29	1.6	1.8	8.8	1.1	2026-10-10	5
crosta-mollica-regina-sourdough-pizza-prosciutto-ham-mushrooms-mozzarella-448g	g	959	229	7.7	2.8	29	1.6	1.8	10	1.3	2026-10-10	5
sainsburys-bbq-chicken-pasta-290g	g	677	161	4.7	0.5	22.8	5.0	1.4	6.1	0.47	2026-10-10	5
sainsburys-herby-pasta-spinach-pine-nut-400g	g	947	226	11.6	1.8	23.0	1.0	2.2	6.4	1.00	2026-10-10	5
sunny-luna-pumpkin-gnocchi-350g	g	793	187	0.8	<0.5	40	3.5	2.8	3.6	0.9	2026-10-10	5
sainsburys-130g-gruesome-green-doughballs	g:cooked	1214	289	9.9	4.9	39.0	2.6	1.6	10.2	1.11	2026-10-10	5
sainsburys-250g-ricotta-spinach-ravioli-pasta-taste-the-difference	g:cooked	803	191	6.1	2.1	27.1	5.1	2.0	5.9	0.84	2026-10-10	5
loyd-grossman-pasta-sauce-puttanesca-350g	g	266	64	3.4	<0.5	6.3	5.5	1.1	1.4	0.9	2026-10-10	5
sainsburys-conchiglioni-pasta-taste-the-difference-500g	g:cooked	753	178	0.9	0.3	34.6	1.2	2.1	6.8	<0.01	2026-10-10	5
crosta-mollica-collezione-romana-bosco-di-alba-483g	g	1032	246	10	3.9	30	1	1.3	8.3	1.3	2026-10-10	5
albert-bartlett-400g-cauliflower-cheese	g:oven cooked	672	162	11.5	7.7	7.2	1.5	2.3	6.1	1	2026-10-10	5
albert-bartlett-classic-fries-300g	g:oven cooked	780	186	6.4	0.6	27	<0.5	3.1	3.8	0.6	2026-10-10	5
bol-one-pot-meal-coconut-lentil-turmeric-daal-450g	g	336	86	1.9	1.3	12.7	1.6	4.8		<0.5	2026-10-10	5
cathedral-city-cottage-pie-meal-for-one-400g	g:ovenbaked	574	137	7.4		10		0.6	7.4	0.7	2026-10-10	5
cathedral-city-sausage-bean-bake-meal-for-one-400g	g:ovenbaked	683	163	8.5		13		2.1	7.4	0.8	2026-10-10	5
charlie-bigham-s-350g-singapore-king-prawn-laksa	g	729	175	9.6		16.4		1.5	5	1.1	2026-10-10	5
charlie-bigham-s-400g-cauliflower-paneer-masala-with-dahl-pilau-rice	g	615	147	7.4		14.6		2.3	4.5	0.6	2026-10-10	5
charlie-bigham-s-750g-goan-king-prawn-curry-pilau-rice	g	629	150	6.8		16.3		1	5.5	1.1	2026-10-10	5
charlie-bigham-s-chicken-jalfrezi-845g-serves-2	g	624	149	6.6		15.4		0.9	6.6	0.8	2026-10-10	5
charlie-bigham-s-chicken-tikka-for-1-403g	g	746	178	8.2		18.4		1.5	7	0.7	2026-10-10	5
charlie-bigham-s-cottage-pie-meals-325g	g	536	128	5.8		10.9		0.5	8.1	0.6	2026-10-10	5
charlie-bigham-s-lasagne-for-1-355g	g	656	157	8.6		12.2		0.7	7.3	0.6	2026-10-10	5
charlie-bigham-s-moussaka-340g	g	695	167	10.8		8.6		1.2	8.2	0.7	2026-10-10	5
charlie-bigham-s-roasted-vegetable-lasagne-690g	g	570	136	6.7		13.2		2.2	4.8	0.8	2026-10-10	5
charlie-bigham-s-spaghetti-bolognese-360g	g	541	129	4		15.4		1.6	7	0.8	2026-10-10	5
charlie-bigham-s-thai-green-curry-fragrant-rice-805g	g	648	154	5.7		18.7		0.9	6.6	0.5	2026-10-10	5
coco-di-mama-sourdough-baguette-sharing-platter-20-pieces	g	984	234	9.1		27.1			11.8	1.2	2026-10-10	5
la-famiglia-rana-814g-spicy-pork-nduja-fettuccine-pasta	g	645	154	7.5	2.2	15	1.9	2.1	7.6	1	2026-10-10	5
la-famiglia-rana-spaghetti-carbonara-814g	g	830	204	13	5.2	13	2.2	3.8	7.4	0.8	2026-10-10	5
little-dish-300g-big-cottage-pie	g	481	115	5.6	1.7	11	2.1	1.9	4.3	<0.5	2026-10-10	5
little-dish-chicken-veg-risotto-kid-s-meal-1-5-yrs-200g	g	515	123	5	1.7	12.6	2.4	2.1	5.9	<0.5	2026-10-10	5
little-dish-lasagnette-kid-s-meal-1-5-yrs-200g	g	461	110	4.4	1.4	13	2.8	1.9	3.9	<0.5	2026-10-10	5
little-dish-spaghetti-meatballs-kid-s-meal-1-5-yrs-200g	g	523	125	5.4	1.2	13.8	2.8	1.9	4.2	<0.5	2026-10-10	5
love-sum-8-dumplings-prawn-hargow-240g	g	727	173	6.2	0.7	22.1	1.5	<0.5	7.1	1.1	2026-10-10	5
myprotein-chilli-chipotle-beef-with-rice-325g	g	494	118	4.5		9.1		1.5	9.4	0.6	2026-10-10	5
myprotein-panang-chicken-with-rice-325g	g	432	102	2.5		9.9		0.8	9.8	0.7	2026-10-10	5
old-el-paso-400g-chilli-beef-burrito	g	785	187	6.4	2.4	23.1	2.2	4.5	7	0.6	2026-10-10	5
royal-chilli-chicken-rice-400g	g	606	144	5.5	1.1	19	1.5	0.6	4.2	<0.5	2026-10-10	5
rustlers-132g-creamy-mayonnaise-southern-fried-chicken-burger	g	1085	259	9.7	0.9	32	4.1		10.1	1.2	2026-10-10	5
rustlers-154g-chicken-muffin-with-cheese-tomato-ketchup	g	772	183	3.9	1.4	23.4	4.6		12.3	1.2	2026-10-10	5
rustlers-microwave-double-decker-burger-237g-serves-1	g	1104	264	15.3	6.4	16.4	2.1		14.1	1.3	2026-10-10	5
rustlers-simply-good-98g-bbq-burger	g	1078	258	9.6	3.3	29.5	4.7		12.2	0.8	2026-10-10	5
sainsburys-1-25kg-extra-large-cauliflower-cheese-taste-the-difference	g:cooked	449	108	6.9	4.0	5.1	2.0	1.2	5.8	0.60	2026-10-10	5
sainsburys-160g-onion-bhajis-taste-the-difference	g	972	233	12.9	1.2	23.8	3.4	4.2	3.4	0.89	2026-10-10	5
sainsburys-220g-green-vegetable-trio-taste-the-difference	g:cooked	420	101	4.0	2.3	7.9	4.8	6.6	5.0	0.20	2026-10-10	5
sainsburys-300g-chicken-wings-with-peperonata-taste-the-difference	g:edible portion with sauc	785	188	9.6	2.7	5.1	2.1	0.7	19.8	0.58	2026-10-10	5
sainsburys-365g-maple-roasting-vegetables-taste-the-difference	g:cooked	356	85	4.2	1.6	8.8	7.4	3.7	1.2	0.23	2026-10-10	5
sainsburys-400g-chilli-con-carne	g:cooked	501	119	2.6	1.0	16.4	2.4	3.2	5.8	0.65	2026-10-10	5
sainsburys-400g-high-protein-creamy-chicken-pesto-pasta	g:cooked	528	125	2.1	0.6	17.0	1.9	1.7	8.6	0.27	2026-10-10	5
sainsburys-400g-mashed-potato-taste-the-difference	g	559	134	7.1	5.0	14.9	<0.5		1.5	0.47	2026-10-10	5
sainsburys-700g-lasagne-taste-the-difference	g:cooked	637	152	7.6	3.6	10.8	2.3	<0.5	10.0	0.59	2026-10-10	5
sainsburys-all-day-breakfast-400g	g:cooked	656	157	7.8	2.3	11.5	2.7	2.1	9.0	0.83	2026-10-10	5
sainsburys-beef-lasagne-400g-serves-1-	g:energy	522	125	6.1	2.7	10.1	2.5	1.2	6.9	0.47	2026-10-10	5
sainsburys-bolognese-pasta-bake-melt-ready-meal-for-1-400g	g:cooked	563	134	4.8	2.1	15.5	2.2	1.4	6.6	0.42	2026-10-10	5
sainsburys-butternut-goats-cheese-lasagne-limited-edition-taste-the-difference-400g	g:cooked	452	108	4.8	1.9	11.1	5.1	2.5	3.9	0.51	2026-10-10	5
sainsburys-calorie-counted-spinach-ricotta-cannelloni-400g	g:cooked	404	96	2.4	1.0	14.0	3.2	1.5	3.9	0.37	2026-10-10	5
sainsburys-cauliflower-cheese-taste-the-difference-600g	g:cooked	456	110	6.9	4.0	5.2	2.1	1.6	5.8	0.61	2026-10-10	5
sainsburys-chicken-casserole-400g	g:cooked	474	113	3.0	1.4	14.0	2.2	1.1	6.9	0.84	2026-10-10	5
sainsburys-chicken-tikka-masala-jalfrezi-indian-takeaway-box-serves-2	g:cooked	1065	254	8.7	0.7	36.1	4.7	3.9	5.8	0.90	2026-10-10	5
sainsburys-chinese-chicken-curry-rice-ready-meal-for-1-400g	g:cooked	602	143	5.4	1.3	15.3	1.9	2.1	7.5	0.59	2026-10-10	5
sainsburys-chunky-chips-450g	g:cooked	672	160	4.7	0.4	24.8	<0.5	2.9	3.1	0.47	2026-10-10	5
sainsburys-corned-beef-hash-400g-serves-1	g:cooked	549	131	5.1	2.0	13.2	3.5	1.6	7.2	0.55	2026-10-10	5
sainsburys-discovery-142g-onion-bhajis-taste-the-difference	g:cooked	1212	292	18.9	1.7	19.5	3.8	6.8	7.5	1.03	2026-10-10	5
sainsburys-discovery-300g-pilau-rice-with-fried-onions-taste-the-difference	g:cooked	742	176	4.4	0.4	30.2	<0.5	1.2	3.2	0.66	2026-10-10	5
sainsburys-discovery-400g-chicken-korma-taste-the-difference	g:cooked	853	205	14.5	5.0	5.9	4.0	0.9	12.3	0.64	2026-10-10	5
sainsburys-discovery-400g-paneer-kadhai-taste-the-difference	g:cooked	704	169	12.7	5.1	5.6	4.0	1.6	7.5	0.61	2026-10-10	5
sainsburys-discovery-600g-pork-wagyu-beef-meatballs-taste-the-difference	g:cooked	884	213	15.6	3.9	8.9	2.9	1.4	8.4	0.69	2026-10-10	5
sainsburys-fish-pie-400g-serves-1	g:cooked	512	122	4.4	2.7	11.9	2.0	0.8	8.4	0.38	2026-10-10	5
sainsburys-green-vegetable-medley-taste-the-difference-250g	g:cooked	364	87	3.5	2.1	8.1	3.9	4.0	3.8	0.07	2026-10-10	5
sainsburys-indian-chapatti-x2-170g	g:cooked	1122	266	4.4	0.4	47.0	2.0	4.3	7.5	0.56	2026-10-10	5
sainsburys-indian-vegetable-biryani-with-basmati-rice-ready-meal-for-1-400g	g:cooked	537	128	5.3	0.4	16.6	3.4	2.3	2.4	0.39	2026-10-10	5
sainsburys-lamb-moussaka-taste-the-difference-800g-serves-2	g:cooked	540	129	6.7	2.6	10.4	3.0	1.0	6.3	0.74	2026-10-10	5
sainsburys-mushroom-mascarpone-lasagne-taste-the-difference-400g	g:cooked	556	133	5.5	2.3	14.9	2.7	1.7	5.0	0.52	2026-10-10	5
sainsburys-mushroom-wellington-taste-the-difference-500g	g	977	234	12.2	5.1	25.3	2.3	2.3	4.5	0.92	2026-10-10	5
sainsburys-potato-croquettes-220g	g:cooked	1035	247	11.8	1.0	30.7	1.1	2.7	3.2	0.43	2026-10-10	5
sainsburys-sausage-pasta-bake-ready-meal-for-1-400g	g:cooked	519	123	3.2	0.9	17.9	3.2	1.5	4.9	0.47	2026-10-10	5
sainsburys-slow-cooked-beef-hash-taste-the-difference-800g	g:cooked	513	122	3.1	0.6	13.6	2.2	1.7	9.1	0.33	2026-10-10	5
sainsburys-spaghetti-meatballs-ready-meal-for-1-400g	g:energy	505	120	4.4	1.4	14.0	2.7	1.9	5.3	0.60	2026-10-10	5
sainsburys-tomato-mozzarella-pasta-bake-ready-meal-for-1-400g	g:cooked	531	126	3.4	1.3	18.1	3.2	1.8	4.9	0.44	2026-10-10	5
sainsburys-vegetable-lasagne-ready-meal-for-1-400g	g:cooked	363	86	2.4	1.1	12.3	3.8	1.4	3.1	0.51	2026-10-10	5
sainsburys-yorkshire-puddings-x4-168g	g:oven baked	1112	264	6.6	0.7	38.9	1.4	3.1	10.7	0.53	2026-10-10	5
stamford-street-co-macaroni-cheese-400g	g:cooked	567	135	4.2	1.8	17.8	1.0	1.6	5.7	0.56	2026-10-10	5
the-gym-kitchen-250g-high-protein-chipotle-chicken-burrito	g:oven cooked	644	153			17		3	11	0.6	2026-10-10	5
the-gym-kitchen-400g-red-thai-chicken-curry	g:microwaved	420	100			12.3		1.6	7.9	<0.5	2026-10-10	5
the-gym-kitchen-500g-high-protein-chinese-chicken-curry-ready-meal	g:microwaved	431	102			10		1.2	11	<0.5	2026-10-10	5
the-gym-kitchen-salt-pepper-chicken-400g	g:microwaved	362	86			10		1.8	7.8	<0.5	2026-10-10	5
the-real-yorkshire-pudding-co-toad-in-the-hole-350g	g	1016	243	10.5	3.3	23.2	3.2	3.2	12.2	0.9	2026-10-10	5
wasabi-400g-black-pepper-garlic-chicken-with-rice	g:microwave	469	111	1.9	<0.5	17.5	5.2		6.6	0.7	2026-10-10	5
wasabi-400g-shiitake-rice-hoisin-plum-chicken-ready-meal	g:as consumed microwave	536	127	4.1	0.5	17.7	3.8		5.4	0.8	2026-10-10	5
wasabi-chicken-chilli-crisp-biang-biang-noodles-400g	g	710	169	6.3	0.8	20.1	1.8		9.4	0.9	2026-10-10	5
wasabi-home-bento-chicken-teriyaki-with-yakisoba-noodles-430g	g:as consumed	501	119	3.7	0.7	14.5	7.6		6.5	1	2026-10-10	5
wasabi-home-bento-teriyaki-chicken-pops-150g	g:as consumed	1294	310	17.2	1.4	21.4	6.7		17.9	1.8	2026-10-10	5
wasabi-korean-black-bean-chicken-with-rice-450g	g:as consumed microwave	470	112	2.8	<0.5	16.2	2.1		5.9	0.8	2026-10-10	5
yo-115g-teriyaki-chicken-onigiri	g	674	159	1.8	<0.5	31	4.6	0.5	4.7	1.1	2026-10-10	5
sainsburys-beef-dinner-400g-serves-1	g:cooked	441	105	2.1	0.5	12.8	2.8	2.1	7.6	0.39	2026-10-10	5
sainsburys-cottage-pie-400g-serves-1	g:cooked	409	97	2.9	1.6	11.9	1.5	1.4	5.3	0.32	2026-10-10	5
sainsburys-sausages-mash-400g-serves-1	g:cooked	501	120	5.4	2.2	12.7	2.2	1.3	4.5	0.65	2026-10-10	5
sainsburys-300g-crispy-ancho-chilli-potatoes-with-garlic-sauce-taste-the-difference	g:cooked	1059	255	18.0	1.6	19.4	1.3	2.6	2.4	0.39	2026-10-10	5
sainsburys-patatas-carbonara-sharing-plates-taste-the-difference-290g	g:cooked	908	218	12.5	3.8	17.5	<0.5	2.0	7.7	0.93	2026-10-10	5
charlie-bigham-s-cottage-pie-650g-serves-2	g	514	123	5.4		9.3		1.4	8.5	0.5	2026-10-10	5
