clonakilty-irish-pork-sausages-x8-227g	g	1356	327	27.4		10.8		1.1	8.7	1.9	2026-10-09
denhay-dry-cured-unsmoked-back-bacon-200g	g	926	222	15		0.5		0.7	21	2.6	2026-10-09
finnebrogue-naked-pork-sausages-x6-400g	g	941	227	18		<0.5		1.5	15.6	1.4	2026-10-09
finnebrogue-naked-unsmoked-back-bacon-rashers-x6-200g	g	1073	257	15.1		1		<0.5	29.4	3	2026-10-09
heck-97-smoky-pork-gluten-free-sausage-rashers-x6-300g	g	613	146	7.3		<0.1			20	1.3	2026-10-09
macsween-haggis-400g	g	1135	273	18.7		14.7			10	1.9	2026-10-09
morliny-100g-farmer-s-sausage-slices	g	572	136	5.2		<0.5			22	2.2	2026-10-09
oakpark-smoked-lean-bacon-medallions-x6-170g	g	604	144	6.2		1.1		0.5	21	2.6	2026-10-09
oakpark-unsmoked-turkey-breast-rashers-x6-150g	g	409	97	1		0.5		0.5	21	1.8	2026-10-09
powters-newmarket-sausages-x6-400g	g			13.2		6.1		1.2	14.4	1.7	2026-10-09
richmond-thick-pork-sausages-x12-615g	g	1106	266	19		13		1.7	10	1.9	2026-10-09
richmond-thin-pork-sausages-x12-340g	g	1106	266	19		13		1.7	10	1.9	2026-10-09
sainsburys-6-x-smoked-back-bacon-rashers-made-without-nitrites-200g	g	1056	252	13.0	4.8	0.9	0.7	<0.5	32.9	2.34	2026-10-09
sainsburys-british-pork-cocktail-sausages-taste-the-difference-x18-270g	g	1151	277	21.1	8.2	2.1	0.7	<0.5	19.5	1.28	2026-10-09
sainsburys-butcher-s-choice-british-pork-chipolata-sausages-x12-340g	g	997	239	15.0	5.3	12.0	2.7	<0.5	14.0	1.45	2026-10-09
sainsburys-crispy-unsmoked-british-bacon-rasher	g	1931	462	26.0	9.8	0.6	<0.5	<0.5	56.3	5.09	2026-10-09
sainsburys-reduced-fat-smoked-bacon-medallions-x8-200g	g	788	187	4.8	1.8	1.0	0.7	0.6	34.6	3.43	2026-10-09
sainsburys-smoked-air-dried-wiltshire-cured-back-bacon-rashers-taste-the-difference-x8-240g	g	1065	255	15.2	5.6	<0.5	<0.5	1.0	28.7	4.06	2026-10-09
sainsburys-smooth-pork-chipolatas-taste-the-difference-x12-375g	g	1189	286	22.4	7.9	4.0	1.2	0.7	16.9	1.49	2026-10-09
sainsburys-toulouse-inspired-sausages-taste-the-difference-x6-400g	g	1040	251	20.0	7.7	1.2	0.8	1.6	15.7	1.28	2026-10-09
sainsburys-traditional-style-sicilian-inspired-british-pork-sausages-taste-the-difference-x6-454g	g	1326	320	26.6	10.3	1.6	1.8	1.9	17.7	1.88	2026-10-09
sainsburys-unsmoked-bacon-loin-steaks-x2-250g	g	744	177	7.4	3.1	1.1	0.8	0.6	26.3	3.30	2026-10-09
sokol-w-best-selection-poultry-pork-sausages-600g	g	1121	271	23		2.5			13.4	2	2026-10-09
stamford-street-co-cooking-bacon-500g	g	892	214	13.1	6.3	1.0	<0.5	0.6	22.7	3.18	2026-10-09
tarczynski-ham-frankfurters-2x110g	g	1113	268	22		3.5			14	2.3	2026-10-09
the-jolly-hog-4-x-british-extra-thick-cut-black-treacle-back-bacon-rashers-200g	g	1117	267	16		2.3		0.5	29	3.1	2026-10-09
the-jolly-hog-6-x-british-unsmoked-back-bacon-rashers-200g	g	1111	266	16		0.8		0.5	31	4	2026-10-09
the-jolly-hog-6-x-british-caramelised-porker-sausages-with-caramelised-red-onions-400g	g	1266	305	22.7		11.4		2.6	12.4	1.1	2026-10-09
krakus-270g-hunters-sausage	g	1157	278	20		0.5			24	3.3	2026-10-09
tarczynski-classic-pork-kabanos-200g	g	1943	469			7.8			23	3.4	2026-10-09
richmond-8-x-roast-chicken-sausages-410g	g	678	162	8.2		7.9		1.8	13	1.2	2026-10-09
herta-chicken-frankfurter-hot-dogs-x10-350g	g	863	207	15		2.1		0.5	16	1.8	2026-10-09
herta-jumbo-frankfurter-hot-dogs-x4-360g	g	1133	274	25		0.5		0.5	12	1.6	2026-10-09	2
ponnath-200g-bavarian-frankfurters	g	1265	306	28		1			12	2.1	2026-10-09	2
premier-deli-8-x-liver-sausage-slices-100g	g			7.8		6.6		0.5	15.3	1.9	2026-10-09	2
mattessons-smoked-pork-sausage-original-160g	g	1233	298	26		1.5			15	1.9	2026-10-09	2
richmond-skinless-pork-sausages-x12-319g	g	997	240	17		11		1.2	9.2	1.9	2026-10-09	2
sainsburys-british-pork-cumberland-sausages-taste-the-difference-x6-400g	g	996	239	16.7	6.1	4.3	0.8	1.0	17.4	0.94	2026-10-09	2
sainsburys-butcher-s-choice-british-pork-sausage-x12-681g	g	997	239	15.0	5.3	12.0	2.7	<0.5	14.0	1.45	2026-10-09	2
sainsburys-butcher-s-choice-cumberland-british-pork-sausage-x12-681g	g	1046	251	17.0	5.7	9.4	1.4	<0.5	15.0	1.45	2026-10-09	2
powters-newmarket-sausages-x6-400g	g?			13.2	5.9	6.1	1.5	1.2	14.4	1.7	2026-10-09	2
tarczynski-classic-pork-kabanos-200g	g	1943	469	38	15	7.8	2.2		23	3.4	2026-10-09	2
sainsburys-cumberland-british-pork-chipolata-sausages-taste-the-difference-x12-375g	g?	1022	246	17.3	6.3	4.0	0.8	1.0	18.1	1.09	2026-10-09	2
sainsburys-smoked-16-back-bacon-rashers-2x250g	g?	1215	292	19.7	6.7	1.0	<0.5	0.6	27.3	3.76	2026-10-09	2
sainsburys-smoked-back-bacon-rashers-x10-300g	g?	1261	303	22.7	8.8	<0.5	<0.5	<0.5	24.3	3.73	2026-10-09	2
sainsburys-unsmoked-16-back-bacon-rashers-2x250g	g?	1215	292	19.7	6.7	1.0	<0.5	0.6	27.3	3.76	2026-10-09	2
sainsburys-unsmoked-air-dried-wiltshire-cured-back-bacon-rashers-taste-the-difference-x8-240g	g?	1006	241	13.6	4.5	<0.5	<0.5	1.0	28.8	4.00	2026-10-09	2
sainsburys-unsmoked-thick-cut-back-bacon-rashers-x6-300g	g?	971	233	13.8	5.4	1.0	<0.5	0.6	25.8	3.85	2026-10-09	2
the-bury-black-pudding-company-traditional-black-pudding-slices-x4-230g	g?	512	121	2.5	0.9	18.6	0.8	3.1	7.6	1.5	2026-10-09	2
richmond-12-x-meat-free-sausages-456g	g?	616	148	6	4.4	12	0.5	3.3	8.7	1.5	2026-10-09	2
la-vie-plant-based-bacon-smoked-rashers-x8-120g	?	906	218		1.3	7.9	1.2	3.3	14	2	2026-10-09	2
richmond-vegan-vegetarian-streaky-bacon-rashers-x8-120g	?	748	179	11	1	4.9	1.6	5.4	12	2.4	2026-10-09	2
this-isn-t-pork-plant-based-caramelised-onion-sausages-270g	g?			14		10		4.4	11	1.4	2026-10-09	2
sainsburys-british-pork-sage-onion-stuffing-balls-x12-360g	g?	1031	248	17.0	6.4	10.0	1.6	1.4	13.0	1.30	2026-10-09	2
sainsburys-smoked-bacon-lardons-250g	g?	1353	326	27.1	9.3	1.0	<0.5	0.6	19.3	3.60	2026-10-09	2
morliny-80g-sliced-krakowska-sausage-slices	g	887	212	11	4.1	<0.5	<0.1		28	3.4	2026-10-09	2
sainsburys-10-fat-mini-beef-meatballs-x20-350g	g?	842	201	10.3	4.5	3.7	<0.5	<0.5	23.4	1.00	2026-10-09	2
sainsburys-2-2kg-large-aberdeen-angus-topside-of-beef-taste-the-difference	g?	908	217	10.2	4.5	<0.5	<0.5	<0.5	31.1	0.15	2026-10-09	2
sainsburys-2-quarter-pounder-beef-burgers-227g	g?	1097	264	18.1	7.7	2.6	0.7	0.5	22.3	0.95	2026-10-09	2
sainsburys-30-days-matured-british-beef-fillet-steak-taste-the-difference-x2-approx-270g	g?	588	140	4.8	2.0	<0.5	<0.5	<0.5	24.1	0.15	2026-10-09	2
sainsburys-30-days-matured-british-beef-thick-cut-ribeye-steak-taste-the-difference-400g	g?	1037	249	17.5	7.9	<0.5	<0.5	<0.5	22.8	0.13	2026-10-09	2
sainsburys-340g-british-wagyu-beef-burger-taste-the-difference	g?	1244	299	22.1	8.0	1.3	<0.5	<0.5	23.9	0.86	2026-10-09	2
sainsburys-4-quarter-pounder-beef-steak-burgers-taste-the-difference-454g	g?	967	232	14.0	6.0	2.1	<0.5	1.5	23.6	1.00	2026-10-09	2
sainsburys-4-x-400g-aberdeen-angus-thick-cut-ribeye-steaks-taste-the-difference	g?	1036	249	17.5	7.9	<0.5	<0.5	<0.5	22.8	0.10	2026-10-09	2
sainsburys-880g-large-aberdeen-angus-chateaubriand-taste-the-difference	g?	593	140	1.3	0.7	<0.5	<0.5	<0.5	32.0	0.13	2026-10-09	2
sainsburys-aberdeen-angus-slow-roast-beef-joint-taste-the-difference-approx-1-75kg	g?	725	173	7.4	2.9	<0.5	<0.5	<0.5	26.4	0.17	2026-10-09	2
sainsburys-british-beef-mince-5-fat-taste-the-difference-500g	g?	673	160	4.8	2.1	<0.5	<0.5	<0.5	28.9	0.21	2026-10-09	2
sainsburys-british-beef-thick-cut-rump-steak-taste-the-difference-400g	g?	720	172	8.5	3.2	<0.5	<0.5	<0.5	23.7	0.16	2026-10-09	2
sainsburys-british-or-irish-21-day-matured-beef-fillet-steak-x2-approx-300g	g?	667	159	6.5	3.0	<0.5	<0.5	<0.5	25.1	0.18	2026-10-09	2
sainsburys-british-or-irish-21-day-matured-medium-fatted-beef-roasting-joint-approx-800g	g?	772	183	5.6	2.2	<0.5	<0.5	<0.5	33.0	0.18	2026-10-09	2
sainsburys-british-or-irish-5-fat-12-beef-meatballs-350g	g?	708	169	6.1	2.7	2.8	<0.5	<0.5	25.4	1.00	2026-10-09	2
sainsburys-british-or-irish-stir-fry-beef-350g	g?	665	158	6.0	2.3	<0.5	<0.5	<0.5	26.1	0.78	2026-10-09	2
sainsburys-discovery-approx-250g-30-day-matured-aberdeen-angus-fillet-steak-taste-the-difference	g?	829	198	9.0	4.1	0.8	0.8	<0.5	28.4	0.14	2026-10-09	2
sainsburys-discovery-wagyu-fillet-steak-taste-the-difference-200g	g?	963	231	15.3	6.3	<0.5	<0.5	<0.5	23.1	0.13	2026-10-09	2
sainsburys-discovery-wagyu-sirloin-steak-taste-the-difference-250g	g?	1504	363	32.4	10.8	<0.5	<0.5	<0.5	17.4	0.13	2026-10-09	2
sainsburys-steak-casserole-dumplings-taste-the-difference-serves-2-800g	g?	743	177	8.1	3.8	16.0	1.9	1.0	9.6	0.54	2026-10-09	2
sainsburys-beef-ranch-steaks-with-garlic-butter-taste-the-difference-300g	g?	841	201	9.5	5.1	<0.5	<0.5	<0.5	28.8	0.25	2026-10-09	2
sainsburys-yorkshire-pudding-with-british-beef-dripping-taste-the-difference-x4-192g	g?	1201	286	10.9	4.1	36.4	2.0	3.0	9.2	0.41	2026-10-09	2
sainsburys-30-days-matured-british-beef-roasting-joint-so-organic-approx-1-05kg	g?	721	171	3.7	1.8	<0.5	<0.5	<0.5	34.1	0.15	2026-10-09	2
sainsburys-british-diced-beef-so-organic-500g	g?	761	181	5.0	1.8	3.5	1.3	0.8	30.0	0.31	2026-10-09	2
sainsburys-2-beef-steak-caramelised-onion-burgers-taste-the-difference-340g	g?	1029	246	13.9	6.0	8.7	6.6	1.4	21.0	0.91	2026-10-09	2
sainsburys-5-fat-beef-mince-500g	g?	705	167	5.0	2.1	<0.5	<0.5	<0.5	30.4	0.20	2026-10-09	2
stamford-street-co-corned-beef-slices-250g	g?	832	199	10.3	5.0	0.6	0.6	<0.5	25.8	1.49	2026-10-09	2
sainsburys-discovery-320g-slow-cooked-hot-smoked-bbq-aberdeen-angus-beef-burnt-ends-taste-the-difference	g?	979	233	8.4	3.7	11.5	10.8	<0.5	27.8	2.10	2026-10-09	2
sainsburys-just-cook-300g-21-day-matured-beef-steaks-with-smoky-chipotle-melts	g?	706	168	6.3	3.0	0.6	0.6	<0.5	27.0	0.17	2026-10-09	2
sainsburys-just-cook-21-day-matured-beef-steaks-with-black-garlic-butter-300g	g?	919	220	11.2	4.7	<0.5	<0.5	0.8	28.9	0.32	2026-10-09	2
sainsburys-30-days-matured-british-beef-ribeye-steak-taste-the-difference-285g	g?	1037	249	17.5	7.9	<0.5	<0.5	<0.5	22.8	0.13	2026-10-09	2
sainsburys-30-days-matured-british-beef-sirloin-steak-taste-the-difference-225g	g?	794	189	8.7	4.4	<0.5	<0.5	<0.5	27.7	0.18	2026-10-09	2
sainsburys-4-quarter-pounder-british-beef-burgers-454g	g?	1097	264	18.1	7.7	2.6	0.7	<0.5	22.3	0.95	2026-10-09	2
sainsburys-british-or-irish-12-fat-beef-mince-500g	g?	862	206	11.8	5.4	<0.5	<0.5	<0.5	25.0	0.18	2026-10-09	2
sainsburys-british-or-irish-21-day-matured-fillet-steak-170g	g?	674	161	6.5	3.0	<0.5	<0.5	<0.5	25.1	0.18	2026-10-09	2
sainsburys-british-or-irish-21-day-matured-sirloin-steak-225g	g?	891	213	11.4	4.9	<0.5	<0.5	<0.5	27.6	0.20	2026-10-09	2
sainsburys-british-or-irish-5-fat-beef-mince-250g	g?	707	168	4.7	2.1	<0.5	<0.5	<0.5	31.0	0.23	2026-10-09	2
sainsburys-british-or-irish-beef-mince-1kg	g?	707	168	4.7	2.1	<0.5	<0.5	<0.5	31.0	0.23	2026-10-09	2
sainsburys-british-or-irish-extra-lean-diced-beef-250g	g?	712	169	5.2	1.8	1.1	0.7	0.6	29.1	0.21	2026-10-09	2
sainsburys-1-5kg-aberdeen-angus-silverside-diced-beef-taste-the-difference	g?	749	178	5.2	2.0	<0.5	<0.5	<0.5	32.6	0.11	2026-10-09	2
sainsburys-4-x-170g-aberdeen-angus-fillet-steaks-taste-the-difference	g?	587	140	4.8	2.0	<0.5	<0.5	<0.5	24.1	0.15	2026-10-09	2
sainsburys-4-x-285g-aberdeen-angus-ribeye-steaks-taste-the-difference	g?	1037	249	17.5	7.9	<0.5	<0.5	<0.5	22.8	0.13	2026-10-09	2
sainsburys-aberdeen-angus-slow-roast-beef-joint-taste-the-difference-approx-2-2kg	g?	725	173	7.4	2.9	<0.5	<0.5	<0.5	26.4	0.17	2026-10-09	2
heck-10-x-chicken-italia-sausages-660g	g?	496	118	2.7	0.9	3.4	<0.1		19	1.6	2026-10-09	2
heck-6-x-chicken-italia-gluten-free-sausage-rashers-300g	g?	513	121	2.9	0.9	3.9	0.7		20	1.6	2026-10-09	2
najma-halal-chicken-sausages-smoked-400g	g	747	181	12	3.3	2.1	<0.5	1.9	14.7	2.1	2026-10-09	3
powters-newmarket-sausages-x6-400g	g	887	213	13.2	5.9	6.1	1.5	1.2	14.4	1.7	2026-10-09	3
premier-deli-8-x-liver-sausage-slices-100g	g	661	158	7.8	3.1	6.6	1.8	0.5	15.3	1.9	2026-10-09	3
sainsburys-cumberland-british-pork-chipolata-sausages-taste-the-difference-x12-375g	g:grilled	1022	246	17.3	6.3	4.0	0.8	1.0	18.1	1.09	2026-10-09	3
sainsburys-smoked-16-back-bacon-rashers-2x250g	g:grilled	1215	292	19.7	6.7	1.0	<0.5	0.6	27.3	3.76	2026-10-09	3
sainsburys-smoked-back-bacon-rashers-x10-300g	g:grilled	1261	303	22.7	8.8	<0.5	<0.5	<0.5	24.3	3.73	2026-10-09	3
sainsburys-unsmoked-16-back-bacon-rashers-2x250g	g:grilled	1215	292	19.7	6.7	1.0	<0.5	0.6	27.3	3.76	2026-10-09	3
sainsburys-unsmoked-air-dried-wiltshire-cured-back-bacon-rashers-taste-the-difference-x8-240g	g:grilled	1006	241	13.6	4.5	<0.5	<0.5	1.0	28.8	4.00	2026-10-09	3
sainsburys-unsmoked-thick-cut-back-bacon-rashers-x6-300g	g:grilled	971	233	13.8	5.4	1.0	<0.5	0.6	25.8	3.85	2026-10-09	3
the-bury-black-pudding-company-traditional-black-pudding-slices-x4-230g	g	512	121	2.5	0.9	18.6	0.8	3.1	7.6	1.5	2026-10-09	3
richmond-12-x-meat-free-sausages-456g	g	616	148	6	4.4	12	0.5	3.3	8.7	1.5	2026-10-09	3
la-vie-plant-based-bacon-smoked-rashers-x8-120g	?	906	218		1.3	7.9	1.2	3.3	14	2	2026-10-09	3
richmond-vegan-vegetarian-streaky-bacon-rashers-x8-120g	?	748	179	11	1	4.9	1.6	5.4	12	2.4	2026-10-09	3
this-isn-t-pork-plant-based-caramelised-onion-sausages-270g	g	915	219	14		10		4.4	11	1.4	2026-10-09	3
sainsburys-british-pork-sage-onion-stuffing-balls-x12-360g	g:oven cooked	1031	248	17.0	6.4	10.0	1.6	1.4	13.0	1.30	2026-10-09	3
sainsburys-smoked-bacon-lardons-250g	g:pan fried	1353	326	27.1	9.3	1.0	<0.5	0.6	19.3	3.60	2026-10-09	3
sainsburys-10-fat-mini-beef-meatballs-x20-350g	g	842	201	10.3	4.5	3.7	<0.5	<0.5	23.4	1.00	2026-10-09	3
sainsburys-2-2kg-large-aberdeen-angus-topside-of-beef-taste-the-difference	g	908	217	10.2	4.5	<0.5	<0.5	<0.5	31.1	0.15	2026-10-09	3
sainsburys-2-quarter-pounder-beef-burgers-227g	g	1097	264	18.1	7.7	2.6	0.7	0.5	22.3	0.95	2026-10-09	3
sainsburys-30-days-matured-british-beef-fillet-steak-taste-the-difference-x2-approx-270g	g	588	140	4.8	2.0	<0.5	<0.5	<0.5	24.1	0.15	2026-10-09	3
sainsburys-30-days-matured-british-beef-thick-cut-ribeye-steak-taste-the-difference-400g	g	1037	249	17.5	7.9	<0.5	<0.5	<0.5	22.8	0.13	2026-10-09	3
sainsburys-340g-british-wagyu-beef-burger-taste-the-difference	g	1244	299	22.1	8.0	1.3	<0.5	<0.5	23.9	0.86	2026-10-09	3
sainsburys-4-quarter-pounder-beef-steak-burgers-taste-the-difference-454g	g	967	232	14.0	6.0	2.1	<0.5	1.5	23.6	1.00	2026-10-09	3
sainsburys-4-x-400g-aberdeen-angus-thick-cut-ribeye-steaks-taste-the-difference	g	1036	249	17.5	7.9	<0.5	<0.5	<0.5	22.8	0.10	2026-10-09	3
sainsburys-880g-large-aberdeen-angus-chateaubriand-taste-the-difference	g	593	140	1.3	0.7	<0.5	<0.5	<0.5	32.0	0.13	2026-10-09	3
sainsburys-aberdeen-angus-slow-roast-beef-joint-taste-the-difference-approx-1-75kg	g	725	173	7.4	2.9	<0.5	<0.5	<0.5	26.4	0.17	2026-10-09	3
sainsburys-british-beef-mince-5-fat-taste-the-difference-500g	g	673	160	4.8	2.1	<0.5	<0.5	<0.5	28.9	0.21	2026-10-09	3
sainsburys-british-beef-thick-cut-rump-steak-taste-the-difference-400g	g	720	172	8.5	3.2	<0.5	<0.5	<0.5	23.7	0.16	2026-10-09	3
sainsburys-british-or-irish-21-day-matured-beef-fillet-steak-x2-approx-300g	g	667	159	6.5	3.0	<0.5	<0.5	<0.5	25.1	0.18	2026-10-09	3
sainsburys-british-or-irish-21-day-matured-medium-fatted-beef-roasting-joint-approx-800g	g	772	183	5.6	2.2	<0.5	<0.5	<0.5	33.0	0.18	2026-10-09	3
sainsburys-british-or-irish-5-fat-12-beef-meatballs-350g	g	708	169	6.1	2.7	2.8	<0.5	<0.5	25.4	1.00	2026-10-09	3
sainsburys-british-or-irish-stir-fry-beef-350g	g	665	158	6.0	2.3	<0.5	<0.5	<0.5	26.1	0.78	2026-10-09	3
sainsburys-discovery-approx-250g-30-day-matured-aberdeen-angus-fillet-steak-taste-the-difference	g	829	198	9.0	4.1	0.8	0.8	<0.5	28.4	0.14	2026-10-09	3
sainsburys-discovery-wagyu-sirloin-steak-taste-the-difference-250g	g	1504	363	32.4	10.8	<0.5	<0.5	<0.5	17.4	0.13	2026-10-09	3
sainsburys-steak-casserole-dumplings-taste-the-difference-serves-2-800g	g	743	177	8.1	3.8	16.0	1.9	1.0	9.6	0.54	2026-10-09	3
sainsburys-beef-ranch-steaks-with-garlic-butter-taste-the-difference-300g	g	841	201	9.5	5.1	<0.5	<0.5	<0.5	28.8	0.25	2026-10-09	3
sainsburys-yorkshire-pudding-with-british-beef-dripping-taste-the-difference-x4-192g	g:oven baked	1201	286	10.9	4.1	36.4	2.0	3.0	9.2	0.41	2026-10-09	3
sainsburys-30-days-matured-british-beef-roasting-joint-so-organic-approx-1-05kg	g	721	171	3.7	1.8	<0.5	<0.5	<0.5	34.1	0.15	2026-10-09	3
sainsburys-british-diced-beef-so-organic-500g	g	761	181	5.0	1.8	3.5	1.3	0.8	30.0	0.31	2026-10-09	3
sainsburys-2-beef-steak-caramelised-onion-burgers-taste-the-difference-340g	g:grilled	1029	246	13.9	6.0	8.7	6.6	1.4	21.0	0.91	2026-10-09	3
sainsburys-discovery-wagyu-fillet-steak-taste-the-difference-200g	g	963	231	15.3	6.3	<0.5	<0.5	<0.5	23.1	0.13	2026-10-09	3
sainsburys-5-fat-beef-mince-500g	g:pan fried	705	167	5.0	2.1	<0.5	<0.5	<0.5	30.4	0.20	2026-10-09	3
stamford-street-co-corned-beef-slices-250g	g	832	199	10.3	5.0	0.6	0.6	<0.5	25.8	1.49	2026-10-09	3
sainsburys-discovery-320g-slow-cooked-hot-smoked-bbq-aberdeen-angus-beef-burnt-ends-taste-the-difference	g	979	233	8.4	3.7	11.5	10.8	<0.5	27.8	2.10	2026-10-09	3
sainsburys-just-cook-300g-21-day-matured-beef-steaks-with-smoky-chipotle-melts	g	706	168	6.3	3.0	0.6	0.6	<0.5	27.0	0.17	2026-10-09	3
sainsburys-just-cook-21-day-matured-beef-steaks-with-black-garlic-butter-300g	g	919	220	11.2	4.7	<0.5	<0.5	0.8	28.9	0.32	2026-10-09	3
sainsburys-30-days-matured-british-beef-ribeye-steak-taste-the-difference-285g	g	1037	249	17.5	7.9	<0.5	<0.5	<0.5	22.8	0.13	2026-10-09	3
sainsburys-30-days-matured-british-beef-sirloin-steak-taste-the-difference-225g	g	794	189	8.7	4.4	<0.5	<0.5	<0.5	27.7	0.18	2026-10-09	3
sainsburys-british-or-irish-12-fat-beef-mince-500g	g	862	206	11.8	5.4	<0.5	<0.5	<0.5	25.0	0.18	2026-10-09	3
sainsburys-british-or-irish-21-day-matured-fillet-steak-170g	g	674	161	6.5	3.0	<0.5	<0.5	<0.5	25.1	0.18	2026-10-09	3
sainsburys-british-or-irish-21-day-matured-sirloin-steak-225g	g	891	213	11.4	4.9	<0.5	<0.5	<0.5	27.6	0.20	2026-10-09	3
sainsburys-british-or-irish-5-fat-beef-mince-250g	g	707	168	4.7	2.1	<0.5	<0.5	<0.5	31.0	0.23	2026-10-09	3
sainsburys-british-or-irish-beef-mince-1kg	g	707	168	4.7	2.1	<0.5	<0.5	<0.5	31.0	0.23	2026-10-09	3
sainsburys-british-or-irish-extra-lean-diced-beef-250g	g	712	169	5.2	1.8	1.1	0.7	0.6	29.1	0.21	2026-10-09	3
sainsburys-4-quarter-pounder-british-beef-burgers-454g	g:grilled	1097	264	18.1	7.7	2.6	0.7	<0.5	22.3	0.95	2026-10-09	3
sainsburys-1-5kg-aberdeen-angus-silverside-diced-beef-taste-the-difference	g	749	178	5.2	2.0	<0.5	<0.5	<0.5	32.6	0.11	2026-10-09	3
sainsburys-4-x-170g-aberdeen-angus-fillet-steaks-taste-the-difference	g	587	140	4.8	2.0	<0.5	<0.5	<0.5	24.1	0.15	2026-10-09	3
sainsburys-4-x-285g-aberdeen-angus-ribeye-steaks-taste-the-difference	g	1037	249	17.5	7.9	<0.5	<0.5	<0.5	22.8	0.13	2026-10-09	3
sainsburys-aberdeen-angus-slow-roast-beef-joint-taste-the-difference-approx-2-2kg	g	725	173	7.4	2.9	<0.5	<0.5	<0.5	26.4	0.17	2026-10-09	3
heck-10-x-chicken-italia-sausages-660g	g:grilled	496	118	2.7	0.9	3.4	<0.1		19	1.6	2026-10-09	3
heck-6-x-chicken-italia-gluten-free-sausage-rashers-300g	g:panfried	513	121	2.9	0.9	3.9	0.7		20	1.6	2026-10-09	3
sainsburys-1-45kg-roast-in-the-bag-basted-garlic-parsley-whole-chicken	g	611	145	5.3	1.4	<0.5	<0.5	0.6	24.0	0.38	2026-10-09	3
sainsburys-1kg-british-chicken-breast-mini-fillets	g	600	142	2.2	0.4	<0.5	<0.5	<0.5	30.6	0.12	2026-10-09	3
sainsburys-2kg-british-fresh-chicken-skin-on-thighs	g	944	227	16.1	4.4	<0.5	<0.5	<0.5	20.5	0.20	2026-10-09	3
sainsburys-500g-british-6-fat-chicken-mince	g	705	168	5.9	1.7	1.9	<0.5	<0.5	26.7	0.21	2026-10-09	3
sainsburys-approx-590g-british-free-range-chicken-breast-fillets-taste-the-difference	g	630	149	1.9	0.8	<0.5	<0.5	<0.5	32.9	0.13	2026-10-09	3
sainsburys-breaded-firecracker-british-fresh-chicken-breast-mini-fillets-305g	g	1011	241	9.2	0.9	18.0	1.7	0.9	20.9	0.79	2026-10-09	3
sainsburys-breaded-fresh-british-chicken-goujons-540g	g	1177	282	16.0	2.4	16.3	2.4	<0.5	18.0	0.69	2026-10-09	3
sainsburys-british-fresh-chicken-livers-400g	g	593	141	6.0	2.2	0.8	<0.5	<0.5	20.9	0.26	2026-10-09	3
sainsburys-cheese-ham-chicken-kyivs-x2-260g	g	863	207	11.0	2.9	12.6	1.1	2.3	13.1	0.48	2026-10-09	3
sainsburys-fresh-breaded-british-chicken-steaks-x4-505g	g	1074	257	13.9	2.2	16.2	0.9	<0.5	16.7	0.76	2026-10-09	3
sainsburys-large-whole-chicken-2-0-2-5kg	g:edible portion	708	169	7.1	2.0	<0.5	<0.5	<0.5	26.0	0.21	2026-10-09	3
sainsburys-roast-british-cooked-chicken-drumsticks-430g	g:edible portion	641	152	5.5	1.5	1.5	<0.5	<0.5	24.3	0.52	2026-10-09	3
sainsburys-roast-in-the-bag-extra-tasty-whole-chicken-crown-700g	g	632	150	4.5	1.2	<0.5	<0.5	0.6	27.0	0.29	2026-10-09	3
sainsburys-southern-fried-breaded-fresh-british-chicken-goujons-270g	g	877	209	9.5	1.2	16.7	0.8	1.8	13.4	0.75	2026-10-09	3
sainsburys-southern-fried-chicken-drums-thighs-800g	g:edible portion	973	233	13.3	2.3	11.1	0.7	1.3	16.6	0.73	2026-10-09	3
stamford-street-co-breaded-chicken-steaks-x4-505g	g	1111	266	14.9	2.6	17.0	0.9	0.6	15.7	0.83	2026-10-09	3
tariq-halal-fresh-chicken-leg-quarters-with-tikka-glaze-1-1kg	g	800	192	11.6	2.8	2.3	0.6		18	<0.5	2026-10-09	3
the-house-of-chicken-korean-crispy-chicken-wings-550g	g:as consumed edible porti	940	225	13.8	2.7	9.7	3.5	0.9	15	0.8	2026-10-09	3
sainsburys-2-x-640g-breaded-chicken-sharing-selection-packs	g	1104	265	15.1	2.3	17.3	1.0	2.2	13.8	0.84	2026-10-09	3
tarczynski-2-x-90g-chicken-fillet-frankfurters	g	1004	242	19	6.5	4.3	0.9		13	2.1	2026-10-09	3
tariq-halal-farm-fresh-halal-whole-chicken-2kg	g	573	127	3.2	<0.5	2	0.5		22	<0.5	2026-10-09	3
birds-eye-2-x-chicken-quarter-pounders-burgers-227g	?	1176	282	18	1.8	18	0.5	0.5	12	0.9	2026-10-09	3
birds-eye-2-x-sweet-sticky-bbq-chicken-breast-steaks-174g	?	733	175	9.2	2.4	7.1	1.8	0.5	16	0.9	2026-10-09	3
birds-eye-250g-teriyaki-marinated-chicken-thigh-fillets	?	830	199	13	3.9	4.5	2.6	0.5	16	0.6	2026-10-09	3
birds-eye-chicken-shop-300g-sweet-chilli-chicken-tenders	?	1131	270	11	0.9	24	2.1	1.3	18	0.9	2026-10-09	3
birds-eye-garlic-herb-chicken-kievs-x2-204g	?	1020	244	13	3.6	20	0.5	1.5	11	0.7	2026-10-09	3
birds-eye-crispy-chicken-grills-in-tempura-batter-x4-340g	?	1075	257	14	2	19	0.5	1.6	13	1.1	2026-10-09	3
birds-eye-38-x-crispy-chicken-dippers-697g	?	1084	259	13	1.5	22	0.7	1	13	0.9	2026-10-09	3
birds-eye-chicken-shop-300g-buttermilk-chicken-tenders	?	972	232	11	1.1	16	0.8	0.5	17	0.9	2026-10-09	3
birds-eye-chicken-shop-385g-buffalo-hot-chicken-wings-limited-edition	g:edible portion including	883	211	11	2.3	5.6	3	0.8	22	1	2026-10-09	3
sainsburys-80g-ready-to-eat-texan-bbq-meatballs	g	613	146	4.1	1.2	8.1	3.8	1.7	18.1	0.87	2026-10-09	3
sainsburys-chargrilled-chicken-breast-chunks-80g	g	511	121	1.1	0.3	<0.5	<0.5	<0.5	27.4	0.48	2026-10-09	3
sainsburys-firecracker-cooked-british-chicken-wings-525g-ready-to-eat	g:edible portion	927	222	12.7	3.4	5.1	3.9	<0.5	21.7	0.38	2026-10-09	3
sainsburys-lime-chilli-cooked-british-chicken-mini-fillets-170g-ready-to-eat	g	586	138	0.9	0.3	5.6	1.9	<0.5	26.8	0.66	2026-10-09	3
sainsburys-roast-whole-cooked-british-chicken-894g-1112g	g	686	163	5.8	1.6	0.7	0.6	<0.5	27.0	0.54	2026-10-09	3
sainsburys-sweet-smoky-bbq-chicken-breast-chunks-80g	g	522	123	0.8	0.2	6.8	4.8	<0.5	22.2	0.65	2026-10-09	3
stamford-street-co-hot-spicy-cooked-chicken-breast-240g-ready-to-eat	g	509	120	1.6	0.4	3.5	2.6	0.7	22.7	0.54	2026-10-09	3
sainsburys-tikka-cooked-british-chicken-mini-fillets-170g-ready-to-eat	g	546	129	1.1	0.3	3.4	0.9	<0.5	26.4	0.36	2026-10-09	3
sainsburys-cooked-roast-british-chicken-breast-fillets-x2-240g	g	589	140	4.3	1.3	1.8	0.6	<0.5	23.4	0.65	2026-10-09	3
gressingham-spatchcock-poussin-with-salt-pepper-450g-serves-2	g:cooked as per instructio	884	212	13	6.2	0.5	0.5	0.5	23	0.6	2026-10-09	3
sainsbury-s-just-cook-350g-chimichurri-chicken-breast-sizzlers	g	763	182	6.8	1.1	1.4	0.6	1.1	28.1	0.59	2026-10-09	3
sainsburys-discovery-380g-hot-smoked-bbq-chicken-wings-taste-the-difference	g:edible portion	991	236	9.6	2.6	11.9	11.6	<0.5	25.5	2.14	2026-10-09	3
sainsburys-just-cook-550g-greek-style-butterfly-chicken-breast-with-feta-taste-the-difference	g	716	171	8.9	2.4	1.1	0.7	1.1	21.2	0.36	2026-10-09	3
sainsburys-just-cook-british-chicken-thigh-fillets-with-sticky-chinese-5-spice-380g	g	768	183	6.8	1.8	6.2	6.2	<0.5	24.2	0.56	2026-10-09	3
sainsburys-just-cook-chicken-breasts-with-cheese-bacon-310g	g	633	150	4.3	1.5	<0.5	<0.5	<0.5	27.9	0.40	2026-10-09	3
sainsburys-just-cook-sweet-chilli-chicken-breast-sizzlers-315g	g	732	173	3.7	0.7	2.5	2.5	0.8	32.1	0.48	2026-10-09	3
sainsburys-pork-stuffing-chicken-joint-500g	g	791	189	10.0	3.3	1.1	<0.5	1.2	23.3	0.54	2026-10-09	3
sainsburys-slow-cook-buffalo-british-chicken-wings-600g-serves-2	g	965	231	12.0	3.3	4.7	3.8	1.2	25.4	0.91	2026-10-09	3
sainsburys-slow-cooked-british-chicken-coq-au-vin-a-rich-red-wine-gravy-with-mushrooms-onions-bacon-620g-serves-x2	g:edible portion oven cook	709	170	10.2	2.6	2.6	1.6	0.7	16.6	0.56	2026-10-09	3
sainsburys-1-45kg-roast-in-the-bag-pork-sage-onion-stuffing-whole-chicken	g	746	178	9.1	2.7	1.0	<0.5	<0.5	23.1	0.39	2026-10-09	3
sainsburys-1kg-british-fresh-chicken-skin-on-thighs	g	944	227	16.1	4.4	<0.5	<0.5	<0.5	20.5	0.20	2026-10-09	3
sainsburys-1kg-british-fresh-skinless-boneless-chicken-breast-fillets	g	582	137	1.6	0.5	<0.5	<0.5	<0.5	30.6	0.14	2026-10-09	3
sainsburys-320g-british-fresh-chicken-thigh-fillets-skinless-boneless	g	703	168	7.6	2.1	<0.5	<0.5	<0.5	24.8	0.18	2026-10-09	3
sainsburys-640g-british-fresh-chicken-breast-mini-fillets	g	600	142	2.2	0.4	<0.5	<0.5	<0.5	30.6	0.12	2026-10-09	3
sainsburys-breaded-firecracker-british-fresh-chicken-breast-x2-350g	g	820	195	7.3	0.9	12.5	0.9	1.2	19.2	0.58	2026-10-09	3
sainsburys-southern-fried-fresh-british-chicken-breast-fillet-x2-315g	g	783	187	7.9	0.8	11.7	2.4	1.9	16.3	0.71	2026-10-09	3
argal-fuet-iberico-150g	g	1899	458	38	15	2	2	0.5	27	4	2026-10-09	3
bastides-salaisons-saucisson-sec-250g	g	1800	434	34	13	0.5	0.5	0.5	32	4.5	2026-10-09	3
castle-maclellan-duck-liver-parfait-with-tangy-orange-scottish-marmalade-100g	g	1270	306	25	11.2	11.7	8.8		7.9	1.3	2026-10-09	3
deli-express-honey-roast-ham-225g	g	513	122	4.8	1.8	<0.5	<0.5	<0.5	19.3	1.91	2026-10-09	3
finnebrogue-naked-deli-ham-slices-x5-100g	g	427	101	1.9	0.6	2.5	1.2	0.5	18.5	1.5	2026-10-09	3
goikoa-chorizo-extra-duroc-chorizo-ring-200g	g:of product	2037	492	43.2	15.7	0.85	0.85		25.9	3	2026-10-09	3
ib-rica-50g-jam-n-ib-rico-de-bellota	g	1269	303	17	5.2	1	0.6	1	36.5	3.9	2026-10-09	3
madeo-italian-spicy-pancetta-250g	g	2494	604	60	20	1.2	0.5	0.5	15	3.3	2026-10-09	3
mattessons-4-x-chilli-cheese-gourmet-hot-dogs-260g	g	1079	260	21	8.6	2.1	1.7		16	2	2026-10-09	3
peperami-chicken-bites-roasted-flavour-3-x-30g	g	761	182	11	2	3.3	0.5		18	1	2026-10-09	3
peperami-firestick-5x20g	g	2077	502	44	18	4.4	2.6		22	4	2026-10-09	3
premier-deli-18-x-pork-luncheon-meat-slices-250g	g	659	158	9.8	3.9	1.7	0.7	0.5	15.7	1.4	2026-10-09	3
premier-deli-cooked-ham-slices-x12-250g	g	362	86	1.6	0.6	1.8	0.5		16	1.6	2026-10-09	3
sainsburys-10-cooked-chicken-slices-115g	g	508	121	4.1	1.2	1.7	<0.5	<0.5	19.2	1.23	2026-10-09	3
sainsburys-12-honey-roast-ham-slices-240g	g	510	121	2.7	1.1	3.2	3.2	<0.5	20.7	1.58	2026-10-09	3
sainsburys-150g-italian-whole-salami-milano	g	1575	379	29.1	11.6	<0.5	<0.5	<0.5	28.7	4.20	2026-10-09	3
sainsburys-16-month-reserve-serrano-taste-the-difference-70g	g	1107	265	16.6	6.2	0.7	0.7	<0.5	28.2	4.75	2026-10-09	3
sainsburys-230g-chorizo-bites-with-hot-honey-glaze-taste-the-difference	g	1907	461	42.4	15.2	3.4	3.4	<0.5	16.5	2.57	2026-10-09	3
sainsburys-50g-high-protein-ready-to-eat-mini-salami-bites	g	2108	509	44.3	15.6	1.7	1.7	<0.5	25.9	3.43	2026-10-09	3
sainsburys-60g-high-protein-ready-to-eat-chorizo-cheddar-snack-combo	g	1360	326	21.2	7.5	1.0	<0.5	1.5	32.3	3.16	2026-10-09	3
sainsburys-air-dried-breaded-lean-cooked-british-ham-slices-taste-the-difference-x4-120g	g	532	126	2.5	0.9	1.0	<0.5	<0.5	24.9	2.21	2026-10-09	3
sainsburys-air-dried-oak-smoked-wafer-thin-cooked-british-ham-taste-the-difference-120g	g	549	130	2.8	1.0	<0.5	<0.5	<0.5	26.0	2.48	2026-10-09	3
sainsburys-breaded-british-yorkshire-cured-ham-slices-taste-the-difference-x7-225g	g	490	116	2.3	0.9	1.7	<0.5	<0.5	22.1	1.97	2026-10-09	3
sainsburys-british-cooked-beef-slices-x10-115g	g	446	106	2.3	0.9	1.4	0.8	<0.5	19.7	1.35	2026-10-09	3
sainsburys-70g-high-protein-ready-to-eat-chorizo-snack-sticks	g	2124	512	41.8	14.9	7.3	<0.5	<0.5	26.6	4.13	2026-10-09	3
sainsburys-8-wafer-thin-cooked-ham-slices-120g	g	454	108	2.2	0.8	0.6	0.6	<0.5	21.1	1.63	2026-10-09	3
sainsburys-90g-ready-to-eat-chargrilled-mini-fillet-pieces	g	512	121	1.2	0.4	<0.5	<0.5	<0.5	27.3	0.48	2026-10-09	3
sainsburys-british-drury-lane-ham-225g	g	558	133	5.8	2.1	<0.5	<0.5	<0.5	19.8	2.21	2026-10-09	3
sainsburys-british-roast-chicken-stuffing-100g-x4-slices	g	460	109	2.3	0.7	1.1	1.0	<0.5	21.0	1.07	2026-10-09	3
sainsburys-british-wafer-thin-cooked-ham-slices-150g	g	423	100	2.1	0.8	0.8	0.8	<0.5	19.6	1.61	2026-10-09	3
sainsburys-british-wafer-thin-honey-cured-ham-slices-400g	g	433	103	1.7	0.6	2.8	2.8	<0.5	18.8	1.50	2026-10-09	3
sainsburys-charcuterie-selection-taste-the-difference-200g	g	1473	355	28.2	10.7	2.3	<0.5	<0.5	22.9	3.58	2026-10-09	3
sainsburys-chargrilled-cooked-british-chicken-breast-mini-fillets-170g	g	511	121	1.1	0.3	<0.5	<0.5	<0.5	27.4	0.48	2026-10-09	3
sainsburys-coarse-ardennes-style-pate-taste-the-difference-150g	g	1076	259	20.5	8.8	6.9	2.1	0.7	11.5	1.65	2026-10-09	3
sainsburys-french-garlic-sausage-slices-x14-100g	g	1084	262	21.6	7.9	1.0	<0.5	<0.5	15.5	1.48	2026-10-09	3
sainsburys-german-bavarian-smoked-ham-slices-x5-100g	g	487	116	2.7	0.9	0.9	<0.5	0.8	21.5	2.11	2026-10-09	3
sainsburys-german-salami-cheese	g	1376	331	25.8	10.2	1.7	<0.5	<0.5	22.8	3.33	2026-10-09	3
sainsburys-german-salami-slices-x26-250g	g	1556	376	32.6	13.9	1.8	<0.5	<0.5	18.8	3.14	2026-10-09	3
sainsburys-honey-roast-ham-slices-x16-400g	g	510	121	2.7	1.1	3.2	3.2	<0.5	20.7	1.58	2026-10-09	3
sainsburys-inspire-to-cook-cooking-spanish-chorizo-190g	?	1887	457	43.1	17.3	<0.5	<0.5	1.9	15.8	2.83	2026-10-09	3
sainsburys-italian-milano-salami-slices-x10-53g	g	1605	386	29.5	10.7	5.5	<0.5	<0.5	24.5	3.51	2026-10-09	3
sainsburys-italian-pepperoni-100g	g	1513	364	28.5	10.4	0.7	<0.5	<0.5	26.1	4.40	2026-10-09	3
sainsburys-italian-prosciutto-crudo-x9-120g	g	934	223	12.1	4.5	<0.5	<0.5	<0.5	27.9	4.65	2026-10-09	3
sainsburys-navarra-chorizo-ring-taste-the-difference-225g	g	2148	519	46.0	17.4	0.8	0.8	2.0	24.5	3.08	2026-10-09	3
sainsburys-prosciutto-crudo-50g	g	934	223	12.1	4.5	<0.5	<0.5	<0.5	27.9	4.65	2026-10-09	3
sainsburys-roast-british-cooked-breast-chicken-slices-180g	g	498	118	1.8	0.5	5.1	<0.5	<0.5	20.4	0.48	2026-10-09	3
sainsburys-roast-turkey-breast-slices-x6-120g	g	422	99	0.6	0.3	0.5	0.5	<0.5	23.0	1.35	2026-10-09	3
sainsburys-salami-chorizo-gouda-cheese-slices-x15-120g	g	1529	369	31.3	10.7	2.8	<0.5	<0.5	18.8	3.97	2026-10-09	3
sainsburys-selection-continental-meat-cheese-215g	g	1564	377	29.4	10.7	<0.5	<0.5	<0.5	27.9	4.09	2026-10-09	3
sainsburys-smooth-brussels-style-pate-taste-the-difference-150g	g	954	230	17.5	8.3	10.4	4.5	1.2	7.1	1.26	2026-10-09	3
sainsburys-spanish-chorizo-slices-x34-170g	g	1355	326	24.6	8.7	3.4	1.8	1.0	22.3	4.23	2026-10-09	3
sainsburys-sweet-smoky-bbq-cooked-british-chicken-breast-mini-fillets-170g	g	522	123	0.8	0.2	6.8	4.8		22.2	0.65	2026-10-09	3
sainsburys-wafer-thin-brunswick-ham-slices-125g	g	515	122	3.9	1.5	<0.5	<0.5	<0.5	21.5	1.62	2026-10-09	3
stamford-street-co-cooked-ham-slices-400g	g	417	99	2.6	0.9	1.8	1.8	<0.5	17.1	1.61	2026-10-09	3
stamford-street-co-wafer-thin-cooked-ham-slices-150g	g	417	99	2.6	0.9	1.8	1.8	<0.5	17.1	1.61	2026-10-09	3
tarczynski-poultry-kabanos-exclusive-with-pork-2x125g	g	2204	532	45	17	3.4	1.3		27	2.1	2026-10-09	3
taste-original-chicken-satay-skewers-200g	g	1032	248	18.1	3	2.7	2.6	0.6	18.3	1.5	2026-10-09	3
the-jolly-hog-british-dry-cure-roasted-ham-100g	g	527	125	2.7	0.9	1.5	1.5	<0.1	24.6	2.4	2026-10-09	3
sainsburys-finely-sliced-yorkshire-dry-cured-cooked-british-ham-taste-the-difference-120g	g	472	112	1.9	0.6	0.8	0.8	<0.5	22.9	1.90	2026-10-09	3
sainsburys-italian-bresaola-taste-the-difference-x15-80g	g	673	159	2.0	0.8	0.8	<0.5	<0.5	34.4	3.07	2026-10-09	3
sainsburys-sweet-chilli-sliced-british-chicken-breast-180g	g	545	129	1.8	0.5	4.4	4.1	0.6	23.4	0.60	2026-10-09	3
sainsburys-brussels-spreadable-pate-175g	g	1153	279	24.8	9.6	4.1	1.7	<0.5	9.8	1.74	2026-10-09	3
peperami-original-salami-5x20g	g	2056	497	44	18	2.2	2		23	3.9	2026-10-09	3
homecooks-440g-grilled-chicken-teriyaki	g	449	108	3.6	0.6	11	5.2		8.3	0.9	2026-10-09	3
fridge-raiders-45g-southern-style-chicken-bites	g	923	221	14	3.8	4.2	1.1		19	1.3	2026-10-09	3
the-mad-butcher-chilli-pork-70g	g	1973	476	39	15	0.5	0.5		31.1	4.2	2026-10-09	3
fridge-raiders-frank-s-red-hot-45g-original-chicken-snack-bites	g	806	193	11.2	2.3	4.5	0.7		18.3	2.2	2026-10-09	3
sainsburys-1-65kg-cooked-chicken-wings-and-drumsticks-sharing-platter	g	904	217	12.4	3.1	5.8	4.9	0.5	20.1	0.56	2026-10-09	3
fridge-raiders-5-x-45g-bigger-bags-slow-roasted-chicken-snack-bites	g	874	209	11	2.1	5.6	0.9		21	1.5	2026-10-09	3
fridge-raiders-southern-style-chicken-snack-bites-3x22-5g	g	696	166	9.2	2.2	4.2	0.9		17	1.3	2026-10-09	3
mattessons-smoked-pork-sausage-reduced-fat-160g	g:contains	1002	241	18	7.4	4.2	1.6		16	2	2026-10-09	3
l-oasis-de-djerba-halal-turkey-salami-80g	g	1198	287	18	6.6	4.3	3.4	1.3	26.1	4.2	2026-10-09	3
najma-smoked-sliced-turkey-rashers-150g	g	848	203			1			16		2026-10-09	3
sokolow-doktorska-500g	g	847	204	16	5.5	6	0.5		9	2.3	2026-10-09	3
sainsburys-90g-high-protein-ready-to-eat-garlic-parsley-king-prawns	g	381	90	2.2	0.3	<0.5	<0.5	<0.5	17.3	1.42	2026-10-09	3
sainsburys-135g-hot-honey-chicken-taste-the-difference	g	520	123	1.6	0.5	3.7	3.7	<0.5	23.4	0.87	2026-10-09	3
sainsburys-80g-high-protein-ready-to-eat-honey-roast-salmon-chunk	g	1152	275	14.6	2.5	6.3	5.6	<0.5	29.7	1.76	2026-10-09	3
deli-express-british-breaded-cooked-ham-slices-x4-150g	g	452	108	3.9	1.4	1.1	<0.5	<0.5	17.0	1.82	2026-10-09	3
sainsburys-120g-wiltshire-cured-breaded-ham-taste-the-difference	g	478	113	2.8	1.0	<0.5	<0.5	<0.5	21.9	2.55	2026-10-09	3
sainsburys-8-british-roast-chicken-breast-slices-135g	g	475	112	1.3	0.4	<0.5	<0.5	<0.5	25.1	1.04	2026-10-09	3
sainsburys-british-cooked-ham-slices-x10-115g	g	426	101	2.1	0.8	0.8	0.8	<0.5	19.6	1.61	2026-10-09	3
sainsburys-chicken-liver-pate-170g	g	1243	301	28.0	11.1	4.0	1.7	<0.5	8.3	1.61	2026-10-09	3
sainsburys-wafer-thin-air-dried-british-ham-slices-taste-the-difference-120g	g	572	136	3.3	1.2	<0.5	<0.5	<0.5	26.1	2.35	2026-10-09	3
bodega-snacking-smoky-salami-64g	g	1585	380	24.3	12.3	20.8	2		19.3	2.4	2026-10-09	3
peperami-jerky-original-50g	g	1325	316	13	4.3	16.5	16		33	4.3	2026-10-09	3
berlinki-85g-classic-kabanos	g:of product	1788	431	35	14	6	2		23	3.8	2026-10-09	3
golden-lion-aromatic-half-crispy-duck-with-hoisin-sauce-pancakes-570g	g	993	237	11	2.9	20	7.2	0.7	15	0.8	2026-10-09	3
gressingham-bistro-style-duck-with-port-orange-530g	g	703	169	11	3.2	2.2	1.6	0.5	15	0.7	2026-10-09	4
gressingham-deliciously-simple-whole-duck-1-8kg	g	939	226	18	5.4	0.5	0.5	0.5	16	<0.5	2026-10-09	4
gressingham-duck-fat-250g	g	3384	892	99.2	30.9	0.5	0.5	0.5	0.5	0.5	2026-10-09	4
sainsburys-british-duck-legs-x2-480g	g	995	238	12.0	3.7	<0.5	<0.5	0.7	32.0	0.32	2026-10-09	4
goatsbridge-eat-trout-rainbow-trout-caviar-85g	g	725	725	3.8		5.9			28.4	3.4	2026-10-09	4
harbour-salmon-co-sweet-chilli-salmon-fillet-infusions-220g	g:oven cooked	978	235	15	2.5	2.8	1.3	0.5	21.1	<0.5	2026-10-09	4
mowi-scottish-salmon-fillets-230g	g:oven cooked	1006	241	15.5	2.7	0.5	0.5	0.5	25.1	<0.5	2026-10-09	4
ocean-isle-select-super-premium-white-crab-meat-100g	g	345	80	1		<0.1	<0.1		17	0.5	2026-10-09	4
sainsburys-2-x-beer-battered-hake-fillets-taste-the-difference-365g	g	883	211	11.0	1.1	13.6	0.7	1.0	13.8	0.68	2026-10-09	4
sainsburys-approx-165g-ready-to-eat-sweetcure-boneless-hot-smoked-mackerel-taste-the-difference	g	1082	260	16.9	4.8	3.7	2.3		23.0	2.62	2026-10-09	4
sainsburys-cod-loin-taste-the-difference-260g	g	397	93	<0.5	<0.1	<0.5	<0.5	<0.5	22.8	0.14	2026-10-09	4
sainsburys-large-atlantic-msc-coldwater-prawns-taste-the-difference-150g-ready-to-eat	g	244	57	<0.5	<0.1	<0.5	<0.5	<0.5	13.6	1.40	2026-10-09	4
sainsburys-raw-king-prawns-asc-165g	g:pan fried	474	112	1.4	0.3	<0.5	<0.5	<0.5	24.5	0.80	2026-10-09	4
sainsburys-seafood-selection-200g-ready-to-eat	g	356	84	1.2	0.3	1.3	<0.5	<0.5	16.8	1.04	2026-10-09	4
sainsburys-skinless-boneless-cod-fillets-x2-250g	g	384	91	<0.5	<0.1	<0.5	<0.5	<0.5	21.8	0.17	2026-10-09	4
sainsburys-yellowfin-tuna-taste-the-difference-240g	g	563	133	1.8	0.2	<0.5	<0.5	<0.5	29.1	0.10	2026-10-09	4
stamford-street-co-red-thai-style-salmon-fillets	g	891	214	13.8	2.2	2.0	1.1	<0.5	20.4	0.85	2026-10-09	4
vici-surimi-royal-msc-seafood-sticks-120g	g	367	87		<0.5	12	4		9.3	1.9	2026-10-09	4
harbour-salmon-co-prime-smoked-salmon-150g	g:as consumed	805	193	10.5	2	0.6	0.5	0.5	23.7	3.8	2026-10-09	4
leap-wild-msc-sockeye-smoked-salmon-100g	g:as consumed	559	133	3.6	0.7	<0.5	0.6	0.9	24.4	3.1	2026-10-09	4
sainsburys-200g-mild-scottish-smoked-salmon	g	772	185	9.7	1.8	0.7	<0.5	<0.5	23.6	3.78	2026-10-09	4
sainsburys-asc-oak-smoked-scottish-salmon-taste-the-difference-200g-ready-to-eat	g	739	176	8.3	1.6	1.0	0.6	<0.5	24.2	3.68	2026-10-09	4
sainsburys-scottish-smoked-salmon-trimmings-100g-ready-to-eat	g	741	177	8.4	1.6	1.0	<0.5	<0.5	24.1	4.20	2026-10-09	4
sainsburys-skin-on-msc-smoked-haddock-loins-taste-the-difference-250g	g:pan fried	430	102	1.1	0.2	<0.5	<0.5	<0.5	22.6	0.75	2026-10-09	4
mowi-scottish-smoked-salmon-slices-x4-100g	g	846	202	10.3	1.9	1.5	0.6	0.5	24.6	3.2	2026-10-09	4
sainsburys-asc-scottish-cherry-wood-smoked-salmon-taste-the-difference-100g-ready-to-eat	g	830	198	10.8	2.0	1.2	0.8	<0.5	23.9	2.63	2026-10-09	4
sainsburys-smoked-basa-fillets-asc-240g	g	412	97	1.3	0.5	<0.5	<0.5	0.6	20.9	0.87	2026-10-09	4
bradley-s-jellied-eel-pots-200g	g	369	89	8		<0.5			4.3		2026-10-09	4
sainsburys-2-skinless-scottish-salmon-fillets-220g	g	922	221	13.1	2.4	<0.5	<0.5	<0.5	25.4	0.31	2026-10-09	4
sainsburys-butterflied-asc-sea-bass-255g	g:pan fried	813	195	11.3	2.7	2.6	<0.5	0.7	20.3	0.34	2026-10-09	4
sainsburys-coldwater-prawn-cocktail-be-good-to-yourself-msc-170g	g	515	123	7.8	0.6	4.5	1.9	<0.5	8.8	1.02	2026-10-09	4
sainsburys-large-king-prawns-asc-taste-the-difference-150g	g	261	62	<0.5	<0.1	<0.5	<0.5	<0.5	14.7	1.50	2026-10-09	4
sainsburys-peeled-coldwater-prawns-msc-150g	g	241	57	<0.5	<0.1	<0.5	<0.5	<0.5	13.3	1.40	2026-10-09	4
harbour-salmon-co-185g-ginger-chilli-lime-roasted-salmon-fillets	g	901	216	14.1	2.4	1.6	1.6	<0.1	20.8	1.2	2026-10-09	4
sainsburys-2-x-beer-battered-msc-haddock-fillets-taste-the-difference-365g	g	1032	247	13.2	1.1	18.5	0.8	1.0	12.9	0.78	2026-10-09	4
sainsburys-battered-asc-king-prawns-with-a-sweet-chilli-sauce-200g	g	999	238	9.3	0.9	28.3	8.0	0.9	9.7	1.43	2026-10-09	4
sainsburys-fishcakes-scottish-salmon-x2-270g	g	901	215	11.3	1.7	16.5	1.0	1.5	11.2	0.60	2026-10-09	4
sainsburys-lightly-dusted-msc-cod-fillets-x2-255g	g	683	163	7.2	0.5	10.0	<0.5	<0.5	14.3	0.80	2026-10-09	4
sainsburys-msc-cod-fishcakes-x2-270g	g	724	173	7.4	1.1	17.2	1.5	0.8	9.0	0.60	2026-10-09	4
sainsburys-scottish-salmon-spinach-cheddar-en-croute-taste-the-difference-x2-380g	g	1242	298	17.8	10.5	23.8	2.7	0.8	10.2	0.59	2026-10-09	4
stamford-street-co-ready-to-cook-asc-salmon-fillet-infusions-ginger-chilli-lime-220g	?	788	189	11.8	2.1	1.5	<0.5		19.0	1.68	2026-10-09	4
the-real-seafood-co-170g-pil-pil-king-prawn-cocktail	g	891	215	18.5	1.5	3	0.8	0.7	8.8	1.5	2026-10-09	4
sainsburys-365g-beer-battered-msc-cod-fillets-taste-the-difference	g	1057	253	14.5	1.3	17.4	0.7	0.9	12.8	0.83	2026-10-09	4
sainsburys-free-from-melt-in-the-middle-smoked-haddock-fishcakes-taste-the-difference-x2	g	805	193	10.3	4.0	16.2	<0.5	1.3	8.1	0.86	2026-10-09	4
sainsburys-free-from-breaded-cod-x2-300g	g	955	228	11.7	0.9	18.7	<0.5	0.8	11.6	0.67	2026-10-09	4
sound-seafood-125g-scottish-mackerel-in-olive-oil	g:drained	1163	280	21.7	4.2	0.5	<0.5	0.5	21.7	<0.5	2026-10-09	4
birds-eye-20-x-omega-3-fish-fingers-560g	?	870	208	9.1	0.8	19	1	0.8	12	0.7	2026-10-09	4
birds-eye-6-chunky-fish-fingers-360g	?	858	858	7.4	0.6	22	0.7	0.8	12	0.7	2026-10-09	4
birds-eye-8-x-crispy-battered-fish-fingers-224g	?	961	961	12	1.2	19	0.7	0.9	11	1.1	2026-10-09	4
birds-eye-battered-haddock-fillets-x4-400g	?	1016	243	14	1.2	18	0.5	0.6	11	1.1	2026-10-09	4
birds-eye-captain-s-discoveries-2-x-lightly-dusted-lemon-parsley-sole-fish-fillets-280g	?	742	177	7.2	0.6	12	0.8	0.5	16	0.9	2026-10-09	4
birds-eye-2-x-breaded-gluten-free-fish-fillets-250g	?	983	983	13	1.1	17	0.6	1.1	12	0.8	2026-10-09	4
sainsburys-smoked-mackerel-pate-100g	?	1101	265	21.5	8.3	4.2	2.5	0.7	13.5	1.40	2026-10-09	4
sainsburys-msc-ready-to-cook-haddock-florentine-380g	g	695	166	9.6	5.6	4.4	0.6	<0.5	15.4	0.43	2026-10-09	4
sainsburys-fish-pie-mix-300g	g:poached in semi skimmed	547	130	4.9	1.0	<0.5	1.4	0.7	21.1	0.36	2026-10-09	4
sainsburys-2-scottish-loch-trout-fillets-taste-the-difference-240g	g:pan fried	927	222	14.1	2.6	<0.5	<0.5	<0.5	23.4	0.20	2026-10-09	4
sainsburys-sea-bass-fillets-asc-180g	g	810	194	9.8	2.1	<0.5	<0.5	0.7	25.9	0.25	2026-10-09	4
stamford-street-co-skin-on-asc-scottish-salmon-pieces-approx-420g	g:pan fried	839	201	12.3	2.3	<0.5	<0.5	<0.5	22.3	0.36	2026-10-09	4
sound-seafood-100g-cornish-sardines-fillets-in-olive-oil	?	835	200	12	3	<0.1	<0.1	<0.1	23	0.9	2026-10-09	4
highland-game-venison-steaks-250g	g	404	95	<0.5	<0.5	<0.5	<0.5		22.9	<0.5	2026-10-09	4
the-lions-kingdom-250g-antelope-fillet-steaks	g	480	115	0.7	<0.5	4.2	2.9	0.5	22.5	1.3	2026-10-09	4
sainsburys-british-thick-cut-roast-gammon-150g	g	603	144	7.8	2.9	1.2	1.2	<0.5	17.3	2.33	2026-10-09	4
sainsburys-reduced-fat-unsmoked-gammon-joint-800g	g:oven cooked	523	123	0.9	0.3	1.0	<0.5	0.6	27.5	2.40	2026-10-09	4
sainsburys-smoked-small-british-gammon-joint-approx-800g	g	919	221	15.1	5.0	<0.5	<0.5	<0.5	20.6	2.43	2026-10-09	4
sainsburys-unsmoked-small-british-gammon-joint-approx-800g	g:oven cooked	742	177	7.8	2.8	<0.5	<0.5	<0.5	26.3	2.46	2026-10-09	4
stamford-street-co-smoked-gammon-joint-approx-1-05kg	g:oven cooked	1008	242	18.0	5.9	0.7	0.7	<0.5	19.3	2.46	2026-10-09	4
just-cook-honey-gammon-joint-470g	g	888	212	9.4	3.6	6.8	6.8	<0.5	25.0	2.24	2026-10-09	4
sainsburys-slow-cooked-smoky-gammon-shanks-with-a-blossom-honey-wholegrain-mustard-glaze-taste-the-difference-x2-515g	g	637	151	4.2	1.5	6.8	6.8	<0.5	21.3	1.27	2026-10-09	4
sainsburys-coq-au-vin-taste-the-difference-660g	g	689	165	9.4	2.6	2.5	2.5	1.6	16.8	0.81	2026-10-09	4
sainsburys-discovery-635g-slow-cooked-coconut-chilli-chicken-taste-the-difference	g:edible portion	667	160	9.8	2.8	2.1	1.7	1.0	15.5	0.50	2026-10-09	4
sainsburys-piri-piri-spatchcock-british-chicken-1-26kg	g	801	192	11.4	2.9	1.1	<0.5	<0.5	21.2	0.48	2026-10-09	4
sainsburys-slow-cook-lamb-shank-rosemary-380g	g	706	169	8.8	3.4	2.2	0.9	<0.5	20.2	0.53	2026-10-09	4
sainsburys-slow-cooked-british-beef-stroganoff-with-a-rich-cream-brandy-sauce-530g-serves-2	g:oven cooked	562	134	6.0	2.4	2.4	1.3	0.8	17.2	0.89	2026-10-09	4
sainsburys-slow-cooked-expertly-butchered-british-beef-short-rib-on-the-bone-taste-the-difference-540g	g:edible portion oven cook	1117	269	20.2	8.6	2.0	1.1	0.6	19.4	0.48	2026-10-09	4
sainsburys-slow-cooked-shredded-lamb-shawarma-400g-serves-x2	g:oven cooked	886	212	13.0	4.9	2.3	1.0	0.6	21.3	0.50	2026-10-09	4
sainsburys-just-cook-mini-british-pork-roast-743g	g	964	231	14.3	5.9	2.3	<0.5	1.0	22.8	0.61	2026-10-09	4
sainsburys-slow-cooked-545g-beef-bourguignon-taste-the-difference	g	760	182	11.0	4.6	4.4	2.8	1.1	15.8	1.07	2026-10-09	4
sainsburys-slow-cooked-british-beef-casserole-with-rich-red-wine-gravy-mixed-vegetables-300g-serves-1	g:oven cooked	568	136	7.5	3.3	5.1	3.2	0.6	11.7	0.67	2026-10-09	4
sainsburys-just-cook-sage-apple-british-pork-loin-steaks-x2-400g	g	1072	257	15.6	7.3	1.4	1.4	<0.5	27.7	0.54	2026-10-09	4
sainsburys-1-3kg-large-welsh-hill-lamb-henry-taste-the-difference	g	1357	326	24.0	11.3	<0.5	<0.5	<0.5	27.2	0.24	2026-10-09	4
sainsburys-2-2kg-welsh-hill-lamb-shanks-taste-the-difference	g	846	202	9.5	3.7	<0.5	<0.5	0.8	28.7	0.17	2026-10-09	4
sainsburys-british-lamb-butterflied-leg	g:oven cooked	648	154	6.2	2.7	<0.5	<0.5	<0.5	23.9	0.15	2026-10-09	4
sainsburys-british-or-new-zealand-lamb-boneless-leg-approx-750g	g	901	215	11.1	4.9	<0.5	<0.5	<0.5	28.7	0.18	2026-10-09	4
sainsburys-british-or-new-zealand-lamb-chops-170g	g	1223	294	21.6	10.3	<0.5	<0.5	<0.5	24.4	0.33	2026-10-09	4
sainsburys-fat-lamb-mince-taste-the-difference-400g	g	1109	267	19.1	9.0	<0.5	<0.5	0.6	23.3	0.18	2026-10-09	4
sainsburys-spiced-welsh-hill-leg-of-lamb-taste-the-difference-1-28kg	g	835	199	9.7	4.0	2.3	1.9	0.6	25.5	0.56	2026-10-09	4
sainsburys-welsh-hill-lamb-cutlets-taste-the-difference-x4-265g	g	930	224	17.0	7.8	<0.5	<0.5	<0.5	17.3	0.25	2026-10-09	4
sainsburys-welsh-hill-lamb-noisettes-taste-the-difference-approx-550g	g	1311	316	25.7	11.6	<0.5	<0.5	<0.5	20.5	0.13	2026-10-09	4
sainsburys-welsh-hill-mini-shoulder-joint-taste-the-difference-450g	g	847	203	14.4	6.9	<0.5	<0.5	<0.5	17.8	0.23	2026-10-09	4
sainsburys-whole-shoulder-joint-lamb	g	983	237	19.1	9.5	<0.5	<0.5	<0.5	15.9	0.20	2026-10-09	4
sainsburys-so-organic-british-lamb-chops-approx-325g	g	1224	294	21.6	10.3	<0.5	<0.5	<0.5	24.4	0.33	2026-10-09	4
sainsburys-slow-cooked-500g-harissa-lamb-tagine-with-a-pomegranate-drizzle-taste-the-difference	g:oven cooked	839	201	10.1	3.8	13.2	11.1	1.6	13.4	0.63	2026-10-09	4
sainsburys-british-or-new-zealand-10-fat-lamb-mince-500g	g	800	191	8.9	4.0	<0.5	<0.5	<0.5	27.3	0.14	2026-10-09	4
sainsburys-british-or-new-zealand-half-lamb-shoulder-approx-925g	g	976	235	19.1	9.5	<0.5	<0.5	<0.5	15.9	0.20	2026-10-09	4
sainsburys-british-or-new-zealand-lamb-leg-steaks-300g	g	860	206	12.2	5.9	<0.5	<0.5	<0.5	23.5	0.18	2026-10-09	4
sainsburys-british-or-new-zealand-lamb-rump-steaks-300g	g	858	206	12.2	5.9	<0.5	<0.5	<0.5	23.5	0.18	2026-10-09	4
sainsburys-900g-medium-welsh-hill-lamb-henry-taste-the-difference	g	1357	326	24.0	11.3	<0.5	<0.5	<0.5	27.2	0.24	2026-10-09	4
sainsburys-welsh-hill-lamb-sweetbreads-taste-the-difference-approx-500g	g	793	190	10.8	3.6	5.2	<0.5	<0.5	17.7	0.69	2026-10-09	4
sainsburys-welsh-hill-thick-lamb-t-bone-steak-taste-the-difference-approx-550g	g	1052	252	15.0	6.5	<0.5	<0.5	0.6	28.9	0.20	2026-10-09	4
sainsburys-simply-seasoned-with-salt-pepper-cooked-british-roast-beef-top-sliced-taste-the-difference-x5-110g	g	648	154	4.4	1.7	1.5	<0.5	<0.5	27.1	0.68	2026-10-09	4
cauldron-200g-extra-firm-tofu	g	602	144	8	1.4	1.8	0.7	0.8	16	<0.5	2026-10-09	4
plant-pioneers-190g-southern-fried-no-chicken-goujons	g:oven cooked	1305	313	19.4	1.5	21.0	0.7	4.6	11.4	1.12	2026-10-09	4
quorn-230g-mince	g	431	103	1.7	<0.5	2.6	<0.5	6.9	16	<0.5	2026-10-09	4
the-tofoo-co-350g-straight-to-wok-soy-ginger	g:as consumed	882	211	11.1	1	11.4	4.9	1.2	17	0.7	2026-10-09	4
the-tofoo-co-stir-fry-280g	g	568	136	8	2	5	2.6	2.4	12.3	1.3	2026-10-09	4
this-is-220g-cracked-black-peppercorns-fillet-steak	g	857	857	8		3.3		3.5	28	1.1	2026-10-09	4
this-isn-t-226g-beef-burgers	g	849	203	12.7		5.3		5.3	14.2	0.9	2026-10-09	4
this-isn-t-95g-roast-chicken-slices	g	612	147	6.1		2.5		1.4	20	1.5	2026-10-09	4
tofoo-co-160g-organic-seitan-frankfurters-sausages	g	1005	240	12	1.6	5.1	2.7	1.9	27	1.2	2026-10-09	4
beyond-burger-2-x-100g-korean-bbq-flavour-plant-based-patties	g	903	217	14	3.5	3.7	<0.1	1.9	18	0.9	2026-10-09	4
gosh-sweet-potato-pakora-with-red-pepper-cumin-chilli-171g	g	912	219	10.9	0.7	19.9	4.5	8.1	6.1	1	2026-10-09	4
beyond-meat-burger-plant-based-patties-x2-226g	g	879	211	13	3.5	3.7	<0.1	1.9	18	0.8	2026-10-09	4
higgidy-marinated-tomato-broccoli-spinach-vegan-quiche-380g	g	856	205	9.6	2.1	23.3	3.2	3.5	4.6	0.9	2026-10-09	4
pukka-vegan-sausage-roll-130g	g:amount	1192	285	14.6	5.1	29	2	2.3	8.3	1.7	2026-10-09	4
sainsburys-veg-forward-200g-jalape-o-corn-bites	g	849	204	10.0	1.1	14.4	7.0	8.2	9.9	1.01	2026-10-09	4
this-isn-t-325g-roast-vegan-chicken-stuffing	g	840	201	13.5		5.2		5.1	14.2	1	2026-10-09	4
quorn-70g-sweet-chilli-protein-bites	g	957	229	11	1.1	8.1	2.3	3.8	22	1.4	2026-10-09	4
cauldron-falafels-200g	g	926	222	9.9	1	20	3.8	11	7.6	1.3	2026-10-09	4
sainsburys-marinated-tofu-so-organic-300g	?	430	103	5.0	0.8	3.5	0.7	<0.5	10.7	1.00	2026-10-09	4
squeaky-bean-tuna-style-flakes-120g	g	814	194	7.5	0.7	9.6	1.3	0.5	21	0.7	2026-10-09	4
this-isn-t-7-x-plant-based-vegan-picnic-eggs-140g	g	784	188	7		4.5		3.7	18	1	2026-10-09	4
gosh-moroccan-spiced-falafel-with-red-pepper-apricot-171g	g	1037	248	11.5	0.8	26.5	8.4	8	5.7	1.1	2026-10-09	4
la-vie-plant-based-ham-smoked-100g	?	490	116	2	0.7	4.8	<0.5	1.9	19	1.8	2026-10-09	4
pukka-vegan-chicken-mushroom-pie-210g	g:amount	827	198	8.6	4.2	22.4	0.8	1.2	6.5	0.9	2026-10-09	5
quorn-cocktail-sausages-x24-240g	g	873	209	12	1	12	1.8	3.2	13	1.4	2026-10-09	5
quorn-sweet-chilli-bites-180g	g	970	232	10	1.1	22	3.9	4	12	1.5	2026-10-09	5
quorn-vegan-pepperoni-100g	g	968	235	17	7.1	4.2	0.7	9.3	11	2	2026-10-09	5
quorn-vegetarian-ham-slices-170g	g	515	123	2.7	1.2	5.2	0.8	5.4	17	0.9	2026-10-09	5
goatsbridge-eat-trout-rainbow-trout-caviar-85g	g	725	172	3.8		5.9			28.4	3.4	2026-10-09	5
birds-eye-6-chunky-fish-fingers-360g	g	858	204	7.4	0.6	22	0.7	0.8	12	0.7	2026-10-09	5
birds-eye-8-x-crispy-battered-fish-fingers-224g	g	961	230	12	1.2	19	0.7	0.9	11	1.1	2026-10-09	5
birds-eye-2-x-breaded-gluten-free-fish-fillets-250g	g	983	235	13	1.1	17	0.6	1.1	12	0.8	2026-10-09	5
this-is-220g-cracked-black-peppercorns-fillet-steak	g	857	205	8		3.3		3.5	28	1.1	2026-10-09	5
quorn-vegetarian-spinach-red-pepper-slices-100g	g	587	141	5.9	1.4	4.3	2.3	6.4	15	1.1	2026-10-09	5
squeaky-bean-chargrilled-cajun-mini-fillets-120g	g	860	205	7.7	0.9	9.4	3.4	3.1	22	0.9	2026-10-09	5
squeaky-bean-ready-to-eat-chicken-style-pieces-sweet-smokey-bbq-130g	g	939	224	9.3	1.1	13	6.4	2.4	20	1.3	2026-10-09	5
the-tofoo-co-original-seitan-225g	g	682	162	6.9	1.2	2.7	<0.5	<0.5	22.5	1.5	2026-10-09	5
the-vegetarian-butcher-impeckable-vegan-chicken-fillet-180g	g	630	150	7.2	0.8	3.3	0.5	4.8	16	0.9	2026-10-09	5
this-isn-t-beef-plant-based-mince-250g	g	904	216	13.3		2.8		8.3	17.2	1	2026-10-09	5
this-isn-t-chicken-thighs-220g	g	689	165	6.9		1.3		9.1	20	1	2026-10-09	5
tiba-tempeh-220g-smoky	g	708	169	8.8	1.2	1.9	<0.5	5.2	20	1.2	2026-10-09	5
cauldron-vegan-marinated-tofu-pieces-160g	g	728	175	13	1.6	1.4	0.7	<0.5	14	1.2	2026-10-09	5
richmond-vegan-vegetarian-chargrilled-no-chicken-pieces-165g	g:of nochicken pieces	600	143	4.6	<0.5	3	0.5	5.8	20	1.5	2026-10-09	5
the-tofoo-co-smoked-organic-tofu-225g	g	609	146	7.7	1.2	1.9	<0.5	0.8	16.9	0.5	2026-10-09	5
the-tofoo-co-280g-spicy-organic-tofu	g	611	147	9.2	1.4	2	0.8	0.6	14.3	<0.5	2026-10-09	5
plant-pioneer-no-pork-sausage-rolls-400g	g:cooked	1213	290	14.4	6.3	27.6	2.0	2.6	11.2	0.96	2026-10-09	5
birds-eye-green-cuisine-vegan-veggie-fingers-x10-284g	g	773	185	8.1	0.6	23	2.4	2.6	3.6	0.9	2026-10-09	5
linda-mccartney-2-x-vegan-vegetable-burgers-200g	g	754	181	11		17		2.1	3.6	<0.5	2026-10-09	5
linda-mccartney-rosemary-vegetarian-sausages-x6-270g	g:grilled	602	143	3.4		6.9		6.4	18	1.6	2026-10-09	5
linda-mccartney-vegetarian-mince-500g	g:fried	688	164	4.7		9.9		2.3	19	0.9	2026-10-09	5
plant-pioneers-2-x-no-chicken-breasts-180g	g:cooked	704	169	10.0	3.7	10.6	0.6	7.9	5.3	1.22	2026-10-09	5
plant-pioneers-meat-free-meatballs-380g	g:cooked	595	142	5.5	0.4	6.0	2.8	5.2	14.6	0.99	2026-10-09	5
quorn-15-x-vegetarian-sausages-630g	g:as pan fried	827	198	11	1.4	11	1.5	5.5	11	1.2	2026-10-09	5
quorn-38-x-swedish-style-balls-634g	g:as hob cooked	637	152	5.3	1.7	9.1	<0.5	4.3	15	1.4	2026-10-09	5
quorn-630g-vegetarian-mince	g:as pan fried	431	103	1.7	<0.5	2.6	<0.5	6.9	16	<0.5	2026-10-09	5
quorn-vegan-pieces-280g	g	395	94	1.4	0.5	2.1	<0.5	6.9	15	<0.5	2026-10-09	5
quorn-vegetarian-chicken-style-nuggets-300g	g:as oven cooked	795	190	8.3	0.8	17	1.9	4.5	9.4	1.2	2026-10-09	5
quorn-vegetarian-southern-style-bites-300g	g:as oven cooked	807	193	7.1	1.9	20	<0.5	6.5	8.6	1.3	2026-10-09	5
richmond-12-x-veggie-tasty-vegetarian-sausages-456g	g	484	115	1.9	<0.5	15	4.2	6.8	6	1.3	2026-10-09	5
this-6-x-216g-plant-based-vegan-crispy-chicken-goujons	g	871	209	10		16		5.3	11	1.3	2026-10-09	5
quorn-vegetarian-mince-300g	g:as hob cooked	431	103	1.7	<0.5	2.6	<0.5	6.9	16	<0.5	2026-10-09	5
sainsburys-approx-800g-british-small-pork-crackling-leg-joint	g:cooked	889	212	10.8	4.0	<0.5	<0.5	<0.5	28.6	0.15	2026-10-09	5
sainsburys-british-extra-lean-diced-pork-leg-425g	g:cooked	597	141	2.3	0.9	<0.5	<0.5	<0.5	30.0	0.13	2026-10-09	5
sainsburys-british-fresh-outdoor-bred-pork-shoulder-joint-taste-the-difference-approx-1-4kg	g:oven cooked	1183	284	18.3	7.0	<0.5	<0.5	<0.5	29.0	0.15	2026-10-09	5
sainsburys-british-pork-mince-10-fat-500g	g:pan fried	1010	242	14.9	5.1	0.6	<0.5	0.8	26.0	0.20	2026-10-09	5
sainsburys-british-pork-ribs-approx-750g	g:edible portion oven cook	1212	291	19.4	7.3	0.6	<0.5	0.8	28.1	0.18	2026-10-09	5
sainsburys-italian-cubetti-di-pancetta-200g	g:cooked	1360	328	28.4	10.6	0.9	<0.5	<0.5	17.0	4.25	2026-10-09	5
sainsburys-outdoor-bred-british-pork-tenderloin-fillet-taste-the-difference-approx-475g	g:pan fry and oven cooked	645	153	2.2	0.8	1.2	<0.5		31.5	0.10	2026-10-09	5
sokolow-150g-smokehouse-pork-loin	g:of product	654	156	6	2.4	0.55	0.55		25	2.2	2026-10-09	5
sainsburys-discovery-410g-slow-cooked-hot-smoked-bbq-boston-butt-pulled-pork-taste-the-difference	g:cooked	1021	243	10.5	4.0	11.0	10.9	<0.5	26.2	1.23	2026-10-09	5
sainsburys-just-cook-440g-mediterranean-style-pork-loin-steaks	g:cooked	776	185	8.2	2.6	4.0	3.6	<0.5	23.8	0.75	2026-10-09	5
sainsburys-slow-cooked-british-pork-sweet-spicy-ribs-450g	g:edible portion oven cook	1217	292	16.9	6.9	10.2	8.9	0.9	24.2	0.69	2026-10-09	5
sainsburys-slow-cooked-sweet-honey-bbq-pulled-british-pork-569g-serves-x2	g:cooked	956	228	11.1	4.1	8.9	8.6	1.0	22.7	0.36	2026-10-09	5
sainsburys-british-pork-belly-slices-500g	g:oven cooked	1594	384	31.0	11.4	0.6	<0.5	0.8	25.3	0.30	2026-10-09	5
sainsburys-british-pork-loin-medallions-x4-400g	g:grilled	830	198	8.8	2.8	1.0	<0.5	0.6	28.4	0.12	2026-10-09	5
sainsburys-british-pork-loin-steaks-x8-800g	g:pan fried	1036	248	15.5	5.6	0.7	<0.5	0.8	26.2	0.10	2026-10-09	5
sainsburys-british-pork-shoulder-steaks-x6-900g	g:oven cooked	1124	270	17.3	6.1	0.9	<0.5	0.8	27.2	0.10	2026-10-09	5
sainsburys-thick-cut-british-pork-chops-x2-500g	g:edible portion oven cook	1109	266	18.0	6.2	1.5	<0.5	0.8	24.2	0.10	2026-10-09	5
sainsburys-british-turkey-breast-fillets-250g	g:cooked	592	140	1.1	0.3	<0.5	<0.5	<0.5	32.1	0.20	2026-10-09	5
sainsburys-fresh-british-turkey-drumstick-800g-1-2kg	g:cooked	792	189	8.1	2.4	<0.5	<0.5	<0.5	28.6	0.22	2026-10-09	5
simply-592g-hot-honey-slow-cooked-turkey-thigh	g	737	175	5.7		7.2		0.7	23.5	0.5	2026-10-09	5
sainsburys-quick-cook-fresh-british-turkey-steaks-x4-400g	g:cooked	677	160	2.5	0.5	<0.5	<0.5	<0.5	34.0	0.25	2026-10-09	5
schar-gluten-free-crispbread-150g	g	1611	380	1.7	<0.5	84	6	2.3	6	1.4	2026-10-09	5
bfree-high-protein-wraps-4x42g	g	927	222	6.3	1.8	8.2	1.4	15	26	<0.5	2026-10-09	5
sch-r-gluten-free-grissini-3x50g	g	1701	402	6.3	3.5	82	2.7	2	3.4	2	2026-10-09	5
violife-creamy-garlic-herb-vegan-soft-cream-cheese-alternative-150g	ml	874	210	16	16	15	12		0.5	<0.5	2026-10-09	5
heinz-by-nature-apple-banana-apricot-6-months-4x100g	g	358	85	0.5	<0.5	18.3	15.8	2	0.7	<0.5	2026-10-09	5
clearspring-organic-japanese-silken-smooth-tofu-300g	g	257	61	2.7	0.5	2.8	1.1		6.5	<0.1	2026-10-09	5
genius-2-x-gluten-free-brioche-burger-buns	g	993	236	6.2	0.7	35	3.9	11	4.4	1.1	2026-10-09	5
oatly-oat-drink-barista-organic-long-life-1l	ml	248	59	3.2	<0.5	6.3	2.2	0.7	1	<0.5	2026-10-09	5
plenish-1l-long-life-dairy-free-organic-cashew-drink	ml	99	24	1.8	<0.5	1.2	<0.5	<0.1	0.7	<0.5	2026-10-09	5
plenish-1l-long-life-dairy-free-organic-almond-milk	ml	107	26	2.2	<0.5	<0.5	<0.5	<0.5	0.9	<0.5	2026-10-09	5
rude-health-roasted-almond-organic-1l	ml	259	62	2.1	<0.5	9	5.5	0.8	1.3	<0.5	2026-10-09	5
alpro-kids-soya-strawberry-long-life-dairy-free-drink-200ml	ml	214	51	1.9	<0.5	4.8	4.8	0.6	3.3	<0.5	2026-10-09	5
sainsburys-free-from-assorted-jam-tarts-x6	g	1736	413	14.3	4.4	67.2	27.7	2.7	2.5	0.30	2026-10-09	5
sainsburys-long-life-oat-barista-1l	ml	237	57	2.8	0.2	6.9	1.6	<0.5	0.9	0.09	2026-10-09	5
califia-farms-oat-pistachio-flavour-barista-blend-1l	ml	243	58	2.9	<0.5	6.8	3.8	0.8	0.8	<0.5	2026-10-09	5
james-white-organic-carrot-juice-750ml	ml	126	30	<0.1	<0.1	6.9	5.8		0.5	<0.5	2026-10-09	5
little-freddie-organic-banana-greek-style-yoghurt-baby-food-pouch-multipack-6-months-6-x-100g	g:pouch	433	103	4.2	2.7	13.2	11.4	1.9	2.3	<0.51	2026-10-09	5
organix-banana-weaning-wands-organic-baby-puffs-6-months-25g	g	1852	440	12	1.2	73	7.3	4.8	7.6	<0.5	2026-10-09	5
organix-raspberry-apple-orange-mini-oaty-bites-110g	g	1722	41	15	1.9	55	22	13	7.5	<0.5	2026-10-09	5
yeo-valley-organic-half-fat-cr-me-fraiche-200g	g	658	159	14.3	9.3	4	4		3.6		2026-10-09	5
plenish-1l-organic-chilled-dairy-free-oat-zero-sugar-drink	ml	99	23	0.5	<0.5	4.3	<0.1	0.5	0.5	<0.5	2026-10-09	5
barebells-caramel-choco-soft-protein-bar-55g	g	1539	370	17	7.9	31	3.6	13	28	0.8	2026-10-09	5
barebells-protein-bar-caramel-cashew-55g	g	1519	363	15	6.5	28	2.8	5.7	36	<0.5	2026-10-09	5
barebells-salted-peanut-caramel-soft-protein-bar-55g	g	1640	394	20	8.4	29	3.8	11	29	1	2026-10-09	5
bio-me-daily-boost-3-x-40g-fibre-protein-cocoa-flapjack-bars	g	1527	365	11	2.1	34	12.9	19	23	0.6	2026-10-09	5
ehp-labs-96g-oxyshred-ultra-concentration-strawberry-cosmic-blast	g	167	40	2.6	<0.1	18.9	1.7	4.2	<0.1	<0.5	2026-10-09	5
fourfive-plus-everyday-recovery-forest-fruits-flavour-electrolyte-sachets-x7	?	3	1	<0.1	<0.1	<0.1	<0.1	<0.1	<0.1	0.7	2026-10-09	5
grenade-bars-chocolate-chip-cookie-dough-flavour-4x60g	g	1448	346	13	6	31	2.3	4.5	35	0.5	2026-10-09	5
grenade-carb-killa-high-protein-bar-white-chocolate-salted-peanut-60g	g	1677	402	20	9.1	31	2.9	3	34	0.6	2026-10-09	5
grenade-dark-chocolate-mint-flavour-60g	g	1410	337	11	5.7	32	0.7	5.1	36	0.5	2026-10-09	5
grenade-oreo-60g	g	1624	389	17	9.3	34	1.7	2	35	0.6	2026-10-09	5
grenade-oreo-white-60g	g	1616	387	17	9.6	33	2.1	1.5	34	0.7	2026-10-09	5
huel-chocolate-caramel-complete-nutrition-bar-55g	?			1420	5.930	3614	3.24	1240	2652	0.142	2026-10-09	5
huel-dark-chocolate-raspberry-complete-nutrition-bar-55g	?			1521	5.729	3413	3.94	1550	2754	0.142	2026-10-09	5
lift-activ-tangy-orange-energy-boost-chewable-tablets-x18-72g	g	1506	355	1	1	83	76		<0.1	<0.5	2026-10-09	5
mars-hiprotein-low-sugar-white-chocolate-57g	g	1470	352	14	8.1	39	3.2		32	0.5	2026-10-09	5
misfits-cookie-butter-flavour-plant-based-protein-bar-50g	g	1459	350	13	5.4	38	1.6	9.7	29	0.8	2026-10-09	5
muscle-moose-big-protein-flapjack-mixed-berry-100g	g	1853	443	22	6	45	19	3.8	15	0.6	2026-10-09	5
myprotein-65g-white-chocolate-cookie-flavour-whipped-soft-dough-bar	g	1595	380	12	9.1	45	13	2	25	1	2026-10-09	5
myprotein-clear-whey-protein-peach-tea-flavour-10-servings	g	1476	348	0.5	<0.5	2.8	1		83	<0.5	2026-10-09	5
myprotein-clear-whey-protein-watermelon-flavour-10-servings	g	1419	334	0.5	<0.5	3.2	0.6		79	<0.5	2026-10-09	5
myprotein-impact-bcaa-2-1-1-unflavoured-150g	?										2026-10-09	5
myprotein-impact-pre-workout-orange-mango-passion-fruit-flavour-150g	?										2026-10-09	5
myprotein-layered-cookie-crumble-60g	g	1442	344	9.4	5.2	34	3.1	10	33	<0.5	2026-10-09	5
myprotein-white-gold-flavour-layered-protein-bar-60g	g	1614	385	13	4.6	29	4.5	13	34	0.5	2026-10-09	5
optimum-nutrition-100-gold-standard-isolate-chocolate-15-servings-450g	g	1531	366	1.4	<0.5	4.5	4.5		83	0.8	2026-10-09	5
optimum-nutrition-768g-chocolate-peanut-butter-gold-standard-100-whey-protein	g	1524	364	4.1	1.5	6.8	3.2	1.8	74	1.6	2026-10-09	5
optimum-nutrition-780g-vanilla-ice-cream-gold-standard-100-whey-protein	g	1564	374	4	1.8	5.6	4		79	0.7	2026-10-09	5
optimum-nutrition-fruit-punch-micronised-creatine-powder-247-5g	?										2026-10-09	5
optimum-nutrition-gold-standard-bcaa-train-sustain-powder-raspberry-pomegranate-flavour-28-servings-266g	?										2026-10-09	5
optimum-nutrition-gold-standard-pre-workout-energy-shot-mixed-berry-flavour-single-serve-60ml	?										2026-10-09	5
optimum-nutrition-gold-standard-whey-protein-powder-delicious-strawberry-flavour-15-servings-450g	g	1581	378	4.2	1.4	5.5			79	<0.5	2026-10-09	5
optimum-nutrition-micronised-creatine-powder-unflavoured-634g	?										2026-10-09	5
optimum-nutrition-protein-bar-marshmallow-crunch-flavour-single-serve-65g	g	1398	334	9.7	7.7	27	5.9	19	31	1.1	2026-10-09	5
optimum-nutrition-serious-mass-protein-powder-vanilla-flavour-8-servings-2-73kg	g	1572	376	1.8	1	75	3.6		15	0.6	2026-10-09	5
phd-choc-peanut-butter-flavour-smart-bar-64g	g	1536	382	14	5.1	36	3.1		32	<0.5	2026-10-09	5
phd-cookies-cream-flavour-smart-bar-64g	g	1551	384	13		35	5		34	0.6	2026-10-09	5
phd-diet-plant-protein-powder-belgian-chocolate-500g	g	1612	373	5.3	1.2	5.5	<0.1	3.3	76	3.5	2026-10-09	5
phd-diet-whey-protein-powder-vanilla-cr-me-1kg	g	1632	388	8.2	4	12	2.9	3.5	64	0.9	2026-10-09	5
phd-plant-smart-bar-vanilla-fudge-64g	g	1706	413	23	11	28	1		32	<0.5	2026-10-09	5
phd-strawberries-cream-diet-plant-protein-powder-500g	g	1622	375	4.8	0.8	5.7	<0.1	1.5	78	3.6	2026-10-09	5
sainsburys-pro-fit-banoffee-whey-protein-powder-500g	ml	194	46	<0.5	0.2	1.9	0.6	<0.5	8.8	0.23	2026-10-09	5
sainsburys-pro-fit-lean-vanilla-whey-powder-500g	ml	144	34	<0.5	<0.1	0.7	<0.5	1.1	7.1	0.09	2026-10-09	5
sci-mx-nutrition-strawberry-flavour-ultra-whey-800g	g			6.9	3	11	9	1.1	78	1.5	2026-10-09	5
science-in-sport-energy-blueberry-flavour-oat-bar-70g	g	1522	364	7.3	2.5	57	22	6.2	15	0.8	2026-10-09	5
sis-go-hydro-lemon-hydration-tablets-20x4-2g	g	812	194	<0.1	<0.1	20	0.7	4.5	<0.1	19.3	2026-10-09	5
slimfast-meal-replacement-shake-powder-tin-strawberry-flavour-10-meals-365g	ml:as prepared	332	79	1	<0.5	12	7.4	1.4	5.3	<0.5	2026-10-09	5
snickers-milk-chocolate-low-sugar-protein-bar-57g	g	1590	381	18	7.4	26	3.4		35	1	2026-10-09	5
tribe-choc-chip-protein-energy-50g	g	1672	400	15.9	3	44.2	16.6	12.4	14.3	<0.5	2026-10-09	5
tribe-protein-focus-choc-brownie-60g	g	1624	388	14.9	2.8	40.6	16.1	11.7	17	0.5	2026-10-09	5
tribe-protein-superblend-berry-500g	g	1691	403	10	7.4	21	11	6.6	52	1.1	2026-10-09	5
tribe-white-choc-protein-energy-50g	g	1666	398	15.6	2.9	44.7	17	12.6	14	<0.5	2026-10-09	5
alpro-meal-to-go-500ml-vanilla-drink	ml	395	94	3.3	0.5	11	4	1.6	4	<0.5	2026-10-09	5
capri-sun-4-x-200ml-zero-monster-alarm-kids-juice-drink	ml	13	3			0.5	0.5				2026-10-09	5
huel-500ml-high-protein-complete-meal-blueberry-drink-black-edition	ml	336	80	3.4	1.1	4.4	0.8	1.2	7.1	<0.5	2026-10-09	5
james-white-classic-vegetable-juice-1l	ml	82	19	<0.1	<0.1	3.3			0.7	0.6	2026-10-09	5
oddlygood-1l-delight-oat-barista	ml	181	43	1.5	<0.5	6.3	3.1		1.1	<0.5	2026-10-09	5
oddlygood-1l-nutty-vanilla-flavour-oat-barista	ml	237	57	3	<0.5	6.3	3.5		1.1	<0.5	2026-10-09	5
piccolo-organic-cocoa-hazelnut-kids-crispy-sticks-5x25g	g	1978	474	25	3.4	51		9.7	6.6	<0.5	2026-10-09	5
sainsburys-1l-sweetened-chocolate-flavour-high-protein-soya-drink	ml	290	69	2.6	0.5	5.9	4.9	0.9	5.1	0.13	2026-10-09	5
sainsburys-salt-vinegar-fishless-goujons-240g	g:cooked	1298	311	18.1	2.3	30.6	1.7	4.2	4.4	0.78	2026-10-09	5
applied-nutrition-isotonic-energy-gel-vimto-flavour-60g	g	665	159	<0.1	<0.1	38.5	<0.1		<0.1	<0.1	2026-10-09	5
cadbury-double-decker-duo-chocolate-bar-74-6g	g	1948	464	17	9.1	73	55	1.6	3.7	<0.5	2026-10-09	5
cerelac-7g-suitable-from-12-months-carrot-strawberry-wavy-chips	g	1755	420	9.5		71		3.8	11	<0.5	2026-10-09	5
cofresh-bhindi-whole-baby-okra-300g	g	130	31	<0.1	<0.1	6.2	<0.1	4.6	1.5	<0.1	2026-10-09	5
cr-me-caramel-milk-desserts-with-caramel-sauce-4x100g	g	467	110	1.6	1	21.8	20.6	0.55	2.2	<0.5	2026-10-09	5
ella-s-kitchen-organic-jacket-potato-beans-cheese-baby-food-pouch-6-months-100g	g	282	67	2.1	1.2	8.5	2.1	1.9	2.7	<0.5	2026-10-09	5
farley-s-rusks-original-baby-food-snacks-6-months-150g	g	1749	414	7.2	3.1	79.2	29	2.1	7	<0.5	2026-10-09	5
heinz-apple-pear-banana-fruit-puree-pouch-baby-food-6-months-100g	g	265	63	<0.5	<0.5	14	12.5	2	<0.5	<0.5	2026-10-09	5
heinz-baby-food-pear-raspberry-yoghurt-immunity-support-fruit-7-months-pouch-85g	g	310	74	0.7	0.5	13	9.5	2.2	2.7	<0.5	2026-10-09	5
heinz-little-beans-with-hidden-veggies-baby-food-2-x-100g	g	214	51	<0.5	<0.5	7.8		3.4	2.6	<0.5	2026-10-09	5
heinz-strawberry-banana-raspberry-apple-baby-food-fruit-puree-pouch-6-months-100g	g	256	61	<0.5	<0.5	12.9	11.6	2.3	<0.5	<0.5	2026-10-09	5
jakemans-throat-chest-soothing-menthol-lozenges-73g	g	1705	401	0.5	<0.5	99.2	77.1				2026-10-09	5
kendamil-3-toddler-baby-milk-12-36-months-800g	g	1974	471								2026-10-09	5
kendamil-creamy-porridge-6-months-150g	g	1709	405								2026-10-09	5
kendamil-follow-on-baby-milk-6-12-months-250ml	ml	279	67	3.3	0.8	7.2	6.8	0.6	1.3		2026-10-09	5
kiddylicious-apple-broccoli-munchy-sticks-baby-snacks-4x4g	g	1833	434	9.5	2	82	5	1.1	5	<0.5	2026-10-09	5
kiddylicious-apple-prune-pouch-baby-food-100g	g	348	82	<0.1	<0.1	18	13	3.6	0.8	<0.5	2026-10-09	5
kiddylicious-blueberry-banana-oat-bedtime-blend-with-vanilla-pouch-baby-food-4x100g	g	348	82	<0.1	<0.1	19	13	1	1	<0.1	2026-10-09	5
kiddylicious-pear-soft-biscotti-baby-snacks-6x20g	g	1650	392	11	2	65	19	4.5	7.1	0.6	2026-10-09	5
kiddylicious-salt-vinegar-veggie-straws-kids-snacks-4x12g	g	2087	498	24	1.9	63	1.3	2.6	6.3	0.9	2026-10-09	5
kiddylicious-strawberry-banana-yoghurt-pouch-baby-food-4x100g	g	287	68	1.3	0.8	12	11	0.8	1.7	<0.5	2026-10-09	5
kiddylicious-strawberry-spinach-apple-pouch-baby-food-100g	g	218	51	<0.1	<0.1	12	11	<0.1	0.8	<0.5	2026-10-09	5
little-freddie-organic-banana-greek-style-yoghurt-baby-food-pouch-6-months-100g	g	433	103	4.2	2.7	13.2	11.4	1.9	2.3	<0.5	2026-10-09	5
little-freddie-organic-pink-lady-greek-style-yoghurt-baby-food-pouch-multipack-6-months-6-x-100g	g:pouch	341	81	3.4	1.9	10.4	5.3	2.1	1.4	<0.5	2026-10-09	5
pakeeza-exotic-mango-lassi-thick-yogurt-drink-330g	g	380	90	3	1.9	13.5	12.7	0.5	2.4	<0.5	2026-10-09	5
royal-pista-kheer-350g	g	995	239	14.3	8.6	22	17	1.9	4.5	<0.5	2026-10-09	5
sainsburys-albarino-white-wine-taste-the-difference-75cl	ml	318	77								2026-10-09	5
sainsburys-cauliflower-cheese-400g	g:cooked	369	88	4.8	2.6	5.8	2.4	1.0	5.0	0.72	2026-10-09	5
sainsburys-cookies-cream-mini-cupcakes-taste-the-difference-x9-214g	g	2025	485	27.4	8.9	55.8	46.0	1.0	3.1	0.15	2026-10-09	5
sainsburys-free-from-all-butter-chocolate-twists-taste-the-difference-x2-140g	g	1563	374	21.6	12.6	39.7	10.2	2.8	3.9	0.65	2026-10-09	5
sainsburys-parsley-sauce-mix-inspired-to-cook-160g	ml:cooked	307	74	5.0	2.6	6.3	0.8	<0.5	0.9	0.70	2026-10-09	5
solgar-skin-nails-hair-formula-tablets-x60	?										2026-10-09	5
stamford-street-co-strawberry-vanilla-jumbo-swiss-rolls-365g	g	1517	360	9.4	4.8	63.5	36.3		4.8	0.46	2026-10-09	5
terry-s-chocolate-mint-145g	g	2188	524	29	17	59	59	2.4	5.8	<0.5	2026-10-09	5
tilda-220g-3-years-kids-taste-travellers-mexican-rice-bowl-meal-pouch	g	396	94	2.3	0.5	14.4	1.9	2.1	2.9	<0.5	2026-10-09	5
cerelac-infant-baby-cereals-with-milk-wheat-6-months-1kg	g:powder	1818	435								2026-10-09	5
cerelac-banana-chewy-wheels-10-months-baby-food-snack-28g	g	1789	428								2026-10-09	5
dolmio-intensify-smokey-garlic-sundried-tomato-pasta-sauce-400g	g	278	66	2.7	<0.5	7.9	5.7	1.7	1.7	0.7	2026-10-09	5
e-wedel-supreme-jaffa-cakes-cherry-sponge-cake-with-cherry-jelly-in-dark-chocolate-147g	g	1500	355	7.1	3.6	68	50	1.9	3.6	<0.5	2026-10-09	5
freddie-s-farm-fruit-shapes-raspberry-5x20g	g	1053	249	1.2	<0.5	52.4	37.2	11.8	2	<0.5	2026-10-09	5
humza-original-paratha-1-6kg	g	1495	358	17	9.8	39	2.1	12	6.3	0.6	2026-10-09	5
lisner-herrings-snack-with-onion-100g	g	1176	284	26	2.7	4.1	3.3		8.2	2.4	2026-10-09	5
lisner-wiejskie-herring-fillets-with-onion-450g	g:of drained product	837	201	14	2.6	5.6	5.6		13	3.5	2026-10-09	5
lotte-toppo-double-flavour-cocoa-chocolate-40g	g	2103	503	25	18	58			7.6	0.7	2026-10-09	5
lubella-puszysta-tortowa-baking-flour-1kg	g:of product	1494	352	1.1	<0.5	74	2.3	3.1	10	<0.5	2026-10-09	5
nido-instant-full-cream-milk-powder-tin-400g	g	2074	496	26.2	17.1	40	40	<0.1	25	0.7	2026-10-09	5
royal-cottage-pie-400g	g	558	134	8	4.4	10.9	1.6	1.7	3.7	1.6	2026-10-09	5
sokol-w-best-copernicus-sausage-350g	g:of product	1111	268	23	9.2	2.3	<0.5		13	2.8	2026-10-09	5
sokolow-salami-slices-100g	g	1766	426	36	14	3.5	1		22	4	2026-10-09	5
st-marys-banana-chips-30g	?			8	1	18	<0.1	1	1		2026-10-09	5
tarczynski-poultry-kabanos-105g	g	2204	532	45	17	3.4	1.3		27	2.1	2026-10-09	5
tariq-halal-traditional-beef-sausages-with-a-hint-of-pepper	g	1157	278	19.5	7.9	13.1	1.4	<0.1	13.3	1.2	2026-10-09	5
wedel-dark-chocolate-with-coconut-100g	g	2217	532	32	19	52	50	5.8	6	<0.5	2026-10-09	5
zott-monte-maxi-chocolate-hazelnut-milk-dessert-4x100g	g	754	181	11.8	7.8	15.7	13.7		2.6	<0.5	2026-10-09	5
all-things-butter-garlic-herb-butter-115g	g	2816	684	73	46	4	1	1	2	1.8	2026-10-09	5
bertolli-400g-butter-olive-oil-spreadable	g	2622	638	71	32	0.5	0.5		0.5	0.9	2026-10-09	5
castle-dairies-welsh-salted-butter-250g	g	2980	725	80	52.1	0.6	0.6		0.6		2026-10-09	5
clover-spread-alternative-to-butter-1kg	g	2367	575	63.2	19.1	1.1	1.1		0.7	1.4	2026-10-09	5
country-life-spreadable-blend-of-butter-rapeseed-oil-spread-750g	g	2452	596	66	27.8	<0.5			<0.5	1.3	2026-10-09	5
flora-salted-block-butter-alternative-200g	g	2932	713	79	45	0.5	0.5		0.5	1.7	2026-10-09	5
kerrygold-500g-salted-pure-irish-butter	g	3059	744	80	53	0.6	0.6		0.6	1.8	2026-10-09	5
kerrygold-spreadable-400g	g	2214	539	60	27	<0.5	<0.5		<0.5	1.3	2026-10-09	5
president-french-slightly-salted-butter-250g	g:average values	3026	736	81	57	1	1		0.7	1.5	2026-10-09	5
proactiv-olive-oil-alternative-to-spreadable-butter450g	g	1294	313	35		0.55	0.55		0.55	1	2026-10-09	5
sainsburys-british-butter-salted-500g	g	3062	745	82.2	52.1	0.6	0.6	<0.5	0.6	1.50	2026-10-09	5
sainsburys-farmhouse-butter-taste-the-difference-250g	g:typical analysis	3094	753	83.2	53.1	<0.5	<0.5	<0.5	<0.5	2.13	2026-10-09	5
sainsburys-salted-spreadable-taste-the-difference-250g	g	2908	707	77.6	36.5	1.5	<0.5	<0.5	<0.5	1.36	2026-10-09	5
st-helen-s-farm-goats-butter-250g	g	3265	794	88	60.4				0.5	1.5	2026-10-09	5
utterly-butterly-lightly-spread-alternative-to-butter-500g	g	1460	355	38	10.9	2.8	0.5		<0.5	1.5	2026-10-09	5
bertolli-olive-oil-alternative-to-spreadable-butter-450g	g	2184	531	59	17	0.5	0.5		0.5	1.1	2026-10-09	5
sainsburys-british-butter-unsalted-250g	g	3062	745	82.2	52.1	0.6	0.6	<0.5	0.6	0.02	2026-10-09	5
flora-buttery-spread-alternative-to-butter-1kg	g	2784	677	75	28	0.5	0.5		0.5	1.3	2026-10-09	5
flora-original-spread-alternative-to-butter-450g	g	2599	632	70	20	0.5	0.5		0.5	1.3	2026-10-09	5
stork-baking-spread-alternative-to-butter-1kg	g	2593	620	70	23	0.5	0.5		0.5	1.4	2026-10-09	5
vitalite-spreadable-dairy-free-butter-alternative-500g	g	1996	485	53.9	11.4	<0.1	<0.1		<0.1	1.1	2026-10-10	5
lurpak-lighter-spreadable-blend-of-slightly-salted-butter-rapeseed-oil-400g	g	2084	507	56	20	<0.5	<0.5		<0.5	1	2026-10-10	5
sainsburys-500g-baking-spread	g	2590	630	70.0	18.0	<0.5	<0.5	<0.5	<0.5	1.00	2026-10-10	5
anchor-lighter-spreadable-blend-of-butter-rapeseed-oil-spread-400g	g	2050	499	55	20	0.5	0.5		0.5	1.1	2026-10-10	5
lurpak-plant-based-alternative-to-spreadable-or-butter-400g	g	2808	683	75	19	1.6	0.8		<0.5	1.2	2026-10-10	5
yeo-valley-organic-salted-butter-200g	g	3062	745	82	52	0.6	0.6		0.6		2026-10-10	5
proactiv-buttery-taste-alternative-to-spreadable-butter-450g	g	2182	530	59		<0.5	<0.5		<0.5	0.8	2026-10-10	5
anchor-spreadable-blend-of-butter-rapeseed-oil-spread-400g	g	2600	632	70	28	0.5	0.5		0.5	1.1	2026-10-10	5
lurpak-slightly-salted-butter-200g	g	3038	739	82	52	0.7	0.7		0.6	1.2	2026-10-10	5
all-the-aunties-200g-cumin-chilli-turmeric-paneer	g	1224	294	23	14	4	2		20	<0.5	2026-10-10	5
all-things-240g-natural-cottage-cheese	g	431	103	6	5.1	3.6	3.6		10	0.7	2026-10-10	5
alter-ego-cottage-cheese-450g	g	431	103	6	5.1	3.6	3.6	<0.1	10	0.7	2026-10-10	5
apetina-paneer-cheese-225g	g:per	730	174	8	5.1	3.2	3.2		22	<0.5	2026-10-10	5
applewood-creamy-smoky-vegan-block-200g	g	1252	301	22.5	19.5	24.6	<0.5	0.5	<0.5	2	2026-10-10	5
arla-300g-natural-cottage-cheese	g	426	102	5.4	3.2	3.1	2.9		10.3	<0.5	2026-10-10	5
artisan-cheese-celebration-tower-2-7kg	g	1208	291	24	16	<0.1	<0.1		18.3		2026-10-10	5
attis-greek-feta-2x75g	g	1143	276	23	17	0.7	0.7		16.5	2.3	2026-10-10	5
boursin-150g-hot-honey-roasted-garlic-soft-french-cream-cheese	g:p	1599	387	37	25	5.5	5		8	1	2026-10-10	5
boursin-velvety-garlic-herb-cheese-dip-125g	g	1198	290	28	19	3	2.5		6.5	1.1	2026-10-10	5
cathedral-city-12-x-20g-mini-mature-cheddar-cheese	g	1725	416	34.9		<0.5			25.4	1.8	2026-10-10	5
cathedral-city-grated-mature-cheddar-cheese-320g	g	1715	414	34.2		1.6			24.9	1.8	2026-10-10	5
cathedral-city-mini-extra-mature-cheddar-cheese-6x20g	g	1725	416	34.9		<0.5			25.4	1.8	2026-10-10	5
chavroux-150g-pure-goats-cheese-pyramid	g	634	153	12	9	2.5	2.5		8.7	1	2026-10-10	5
cheesegeek-200g-cornish-triple-cream-brie-cheese	g	1868	453	44.5	28.4	1.6	<0.5		11.5	1.2	2026-10-10	5
dairylea-cheese-slices-family-pack-multipack-16-x-18-75g	g	930	223	14	9	8.7	6.8		15		2026-10-10	5
dairylea-dunkers-3-x-41g-jumbo-tubes-multipack-cheese-snacks	g	1009	241	10	6	26	6.7		9.5		2026-10-10	5
dairylea-dunkers-nachos-cheese-snacks-3-x-43g	g	1016	243	11	4	24	6.2		9.5		2026-10-10	5
dairylea-lunchers-65g-ham-n-cheese-snack	g	1215	290	13	6.1	26	2.4		16		2026-10-10	5
dairylea-snackers-64g-cheese-crackers-with-strawberry-fruit-bites	g	1484	353	12	5.9	47	24		11		2026-10-10	5
eatlean-20g-cheese-bites	g	1833	437	18.3	12.1	8.4	<0.5	1	59.5	4.3	2026-10-10	5
family-favourites-ilchester-applewood-10-x-15g	g	1708	412	33.4		<0.5			25.5	1.7	2026-10-10	5
galbani-italian-ricotta-cheese-250g	g	682	164	12	8.3	6	4.5		8	<0.5	2026-10-10	5
graham-s-the-family-dairy-300g-cottage-cheese	g	265	62	<0.5		3.4			12	<0.5	2026-10-10	5
graham-s-the-family-dairy-cottage-cheese-pineapple-300g	g	380	90	1.7		8.4			10.1	0.5	2026-10-10	5
islos-greek-feta-cheese-150g	g	1123	271	23	14	<0.1	<0.1		16	2.3	2026-10-10	5
jarlsberg-original-190g	g	1512	364	28	18	0.55	0.55		28	1.2	2026-10-10	5
kidderton-ash-a-speckled-ash-crusted-goat-s-cheese-150g	g	1372	331	27.8	18.5	<0.5	<0.5	<0.1	20.1	1.2	2026-10-10	5
le-rustique-brie-200g	g	1453	351	31	22	1	0.55		17	1.4	2026-10-10	5
lindahls-500g-protein-plain-quark-cheese	g	283	68	0.5	<0.5	2.8	2.8		13	<0.5	2026-10-10	5
marmite-5-x-20g-cheese-minis	g	1587	383	30.2		3.4			24	2.2	2026-10-10	5
midas-grilling-cheese-400g	g	1235	298	24	14.8	1.4	1.2	<0.1	19	2.8	2026-10-10	5
mini-babybel-light-cheese-snacks-6x20g	g	869	208	12	8	<0.5	<0.5		25	1.8	2026-10-10	5
parlick-original-pure-sheep-s-milk-cheese-150g	g	1502	362	30.2	19.5	0.5	0.5	0.5	22.5	1.8	2026-10-10	5
philadelphia-200g-protein-low-fat-cottage-cheese	g	337	80	2.5	1.7	3	3		11		2026-10-10	5
pilgrims-choice-150g-mixed-peppercorns-cheddar-sandwich-slices	g	1740	420	34.6	21.2	1.7	<0.5	1.1	24	1.5	2026-10-10	5
president-extra-creamy-french-brie-cheese-200g	g	1419	343	31	22	0.55	0.55		16	1.3	2026-10-10	5
primula-cheese-with-chives-140g	g	946	227	16	10	9.6	2.2		11.3	2.9	2026-10-10	5
sainsburys-125g-truffle-burrata-cheese-taste-the-difference	g:as drained	1035	250	22.3	15.1	1.3	1.2	<0.5	11.0	0.34	2026-10-10	5
sainsburys-2-x-nyc-toastie-melts-140g	g	1305	314	24.2	14.5	3.0	1.0	<0.5	21.0	1.80	2026-10-10	5
sainsburys-280g-miso-shallot-camembert-cheese-taste-the-difference	g:cooked	1184	285	22.1	14.5	3.7	2.4	0.6	17.6	1.70	2026-10-10	5
sainsburys-barber-s-truffle-cheddar-taste-the-difference-200g	g	1688	407	34.1	21.5	<0.5	<0.5	<0.5	24.8	1.80	2026-10-10	5
sainsburys-british-cheeseboard-selection-taste-the-difference-950g	g	1524	368	31.2	21.2	1.6	<0.5	<0.5	19.8	1.92	2026-10-10	5
sainsburys-buffalo-mozzarella-taste-the-difference-125g	g:as drained	1207	292	25.9	16.9	0.7	0.7	<0.5	13.9	0.70	2026-10-10	5
sainsburys-cheesy-slices-x10-200g	g	1037	249	17.0	8.8	11.0	6.7	<0.5	13.0	1.50	2026-10-10	5
sainsburys-discovery-170g-gorwydd-caerphilly-cheese-taste-the-difference	g	1609	388	32.0	19.2	2.6	<0.5	<0.5	22.4	1.48	2026-10-10	5
sainsburys-double-gloucester-cheese-chive-200g	g	1682	405	33.0	21.6	3.9	1.0	0.8	22.8	1.52	2026-10-10	5
sainsburys-emmental-cheese-slices-250g	g	1514	364	28.0	20.0	<0.5	<0.5	<0.5	28.0	0.60	2026-10-10	5
sainsburys-extra-mature-farmhouse-cheddar-taste-the-difference-350g	g	1725	416	34.9	21.7	<0.5	<0.5	<0.5	25.4	1.80	2026-10-10	5
sainsburys-grana-padano-cheese-200g	g	1634	393	29.0	18.0	<0.5	<0.5	<0.5	33.0	1.50	2026-10-10	5
sainsburys-greek-style-salad-cheese-be-good-to-yourself-200g	g	817	196	11.5	8.5	1.0	1.0	<0.5	22.0	1.90	2026-10-10	5
sainsburys-light-garlic-herb-soft-cheese-250g	g	679	163	11.0	7.6	6.4	3.6	<0.5	9.6	0.50	2026-10-10	5
sainsburys-mascarpone-cheese-250g	g	1699	412	42.0	30.4	4.9	4.6	<0.5	3.6	0.13	2026-10-10	5
sainsburys-medium-british-cheddar-220g	g	1725	416	34.9	21.7	<0.5	<0.5	<0.5	25.4	1.81	2026-10-10	5
sainsburys-paneer-200g	g	1216	293	22.1	14.4	1.4	1.4	<0.5	22.0	0.06	2026-10-10	5
sainsburys-red-leicester-cheese-250g	g	1670	403	33.6	21.1	<0.5	<0.5	<0.5	25.0	1.66	2026-10-10	5
sainsburys-ricotta-cheese-250g	g	439	105	7.0	5.0	3.0	2.6	<0.5	7.6	0.26	2026-10-10	5
sainsburys-smoked-shropshire-red-taste-the-difference	g	1783	430	36.1	24.5	2.7	<0.5	<0.5	23.6	1.70	2026-10-10	5
sainsburys-vintage-reserve-cheddar-taste-the-difference-350g	g	1725	416	34.9	21.7	<0.5	<0.5	<0.5	25.4	1.80	2026-10-10	5
sainsburys-west-country-farmhouse-mature-cheddar-220g	g	1725	416	34.9	21.7	<0.5	<0.5	<0.5	25.4	1.80	2026-10-10	5
seriously-spreadable-cheese-125g	g:average values	1046	252	20		4			14	1.9	2026-10-10	5
seriously-spreadable-vintage-cheese-125g	g	1046	252	20		4			14	1.9	2026-10-10	5
stamford-street-co-grated-mozzarella-500g	g	1207	290	19.1	11.9	5.7	0.9	<0.5	23.7	1.15	2026-10-10	5
stamford-street-co-red-leicester-600g	g	1670	403	33.6	21.1	<0.5	<0.5	<0.5	25.0	1.66	2026-10-10	5
strings-things-munch-mix-cheddar-cheese-crunchy-pretzels-90g	g	1619	388	22		28		1.7	20	2	2026-10-10	5
wensleydale-creamery-yorkshire-wensleydale-cheese-200g	g	1580	381	31.8		<0.5			23.7	1.3	2026-10-10	5
cathedral-city-extra-mature-cheddar-cheese-550g	g	1725	416	34.9		<0.5			25.4	1.8	2026-10-10	5
cathedral-city-grated-mature-cheddar-cheese-180g	g	1715	414	34.2		1.6			24.9	1.8	2026-10-10	5
cathedral-city-lighter-mature-cheddar-cheese-550g	g	1291	310	21.5		<0.5			29.1	1.8	2026-10-10	5
cathedral-city-mature-cheddar-cheese-550g	g	1725	416	34.9		<0.5			25.4	1.8	2026-10-10	5
cathedral-city-vintage-our-strongest-extra-mature-cheddar-cheese-350g	g	1725	416	34.9		<0.5			25.4	1.8	2026-10-10	5
davidstow-reserve-cornish-vintage-cheddar-cheese-250g	g	1725	416	34.9	21.7	<0.5	<0.5		25.4	1.8	2026-10-10	5
mini-babybel-original-cheese-snacks-6x20g	g	1225	295	23	15.5	<0.5	<0.5		22	1.7	2026-10-10	5
pilgrims-choice-extra-mature-cheddar-sliced-150g	g	1725	416	34.9	21.7	<0.5	<0.5	<0.1	25.4	1.8	2026-10-10	5
pilgrims-choice-mature-cheddar-cheese-550g	g	1725	416	34.9		<0.5			25.4	1.8	2026-10-10	5
sainsburys-british-extra-mature-cheddar-cheese-400g	g	1725	416	34.9	21.7	<0.5	<0.5	<0.5	25.4	1.81	2026-10-10	5
sainsburys-british-mature-cheddar-cheese-400g	g	1725	416	34.9	21.7	<0.5	<0.5	<0.5	25.4	1.81	2026-10-10	5
sainsburys-british-mature-grated-cheddar-cheese-500g	g	1723	415	34.2	21.3	2.0	<0.5	<0.5	24.9	1.77	2026-10-10	5
sainsburys-british-medium-grated-cheddar-cheese-500g	g	1723	415	34.2	21.3	2.0	<0.5	<0.5	24.9	1.77	2026-10-10	5
sainsburys-extra-mature-cumbrian-cheddar-taste-the-difference-350g	g	1725	416	34.9	21.7	<0.5	<0.5	<0.5	25.4	1.81	2026-10-10	5
sainsburys-grated-mild-british-cheddar-250g	g	1723	415	34.2	21.3	2.0	<0.5	<0.5	24.9	1.77	2026-10-10	5
sainsburys-west-country-farmhouse-mature-cheddar-cheese-400g	g	1725	416	34.9	21.7	<0.5	<0.5	<0.5	25.4	1.80	2026-10-10	5
stamford-street-co-mature-cheddar-cheese-900g	g	1725	416	34.9	21.7	<0.5	<0.5	<0.5	25.4	1.81	2026-10-10	5
stamford-street-co-mild-cheddar-slices-x10-200g	g	1725	416	34.9	21.7	<0.5	<0.5	<0.5	25.4	1.81	2026-10-10	5
davidstow-classic-cornish-mature-cheddar-cheese-350g	g	1725	416	34.9	21.7	<0.5	<0.5		25.4	1.8	2026-10-10	5
sainsburys-somerset-goats-cheese-100g	g	1404	339	29.1	20.3	1.6	<0.5	0.8	17.3	1.40	2026-10-10	5
sainsburys-greek-feta-cheese-200g	g	1143	276	23.0	17.0	0.7	0.7	<0.5	16.5	2.25	2026-10-10	5
violife-smoky-cheddar-flavour-slices-vegan-alternative-to-cheese-200g	g	1260	304	24	21	20	<0.5		1.3	2.2	2026-10-10	5
arla-lactofree-soft-cheese-200g	g	789	190	16		3.3			7.8	0.8	2026-10-10	5
cathedral-city-280g-plant-based-mature-cheddar-vegan-cheese-block	g	1392	336	25.6		23.7		4.9	<0.5	2.1	2026-10-10	5
blacksticks-blue-cheese-150g	g	1620	391	33.5	21	<0.5	<0.5	<0.1	22.3	2	2026-10-10	5
castello-pineapple-almond-cream-cheese-ring-125g	g	1330	320	25	13	16	15		8.3	0.6	2026-10-10	5
le-rustique-camembert-cheese-250g	g	1114	268	20	14	1	0.5		21	1.5	2026-10-10	5
philadelphia-280g-family-pack-garlic-herbs-soft-cream-cheese-tub	g	582	140	9.8	6.6	5.3	5.3		6.9		2026-10-10	5
philadelphia-chives-soft-cream-cheese-165g	g	609	146	10	7	5.1	5.1	0.6	7.4	1	2026-10-10	5
philadelphia-light-low-fat-soft-cream-cheese-280g	g	604	145	10	6.9	5.1	5.1		7.2		2026-10-10	5
port-salut-french-cheese-185g	g	1360	327	27	18				21	1.6	2026-10-10	5
sainsburys-abergavenny-goats-cheese-125g	g	1110	268	22.3	14.1	2.9	2.2	<0.5	13.8	0.74	2026-10-10	5
sainsburys-baking-camembert-with-caramelised-onion-chutney-280g	g:cooked	1240	299	22.7	16.7	4.6	2.3	<0.5	18.9	1.54	2026-10-10	5
sainsburys-beacon-fell-creamy-lancashire-cheese-taste-the-difference-240g	g	1584	382	31.7	21.0	<0.5	<0.5	<0.5	24.1	1.60	2026-10-10	5
sainsburys-chaource-cheese-taste-the-difference-250g	g	1120	270	22.0	15.8	1.0	1.0	<0.5	17.0	2.00	2026-10-10	5
sainsburys-emmental-cheese-250g	g	1530	368	28.2	19.4	<0.5	<0.5	<0.5	28.5	0.63	2026-10-10	5
sainsburys-french-goats-cheese-mild-150g	g	657	158	12.0	8.0	3.0	3.0	<0.5	9.5	1.25	2026-10-10	5
sainsburys-mild-buttery-edam-300g	g	1351	325	23.9	16.6	<0.5	<0.5	<0.5	26.3	2.50	2026-10-10	5
sainsburys-roule-cheese-125g	g	1278	309	28.8	19.8	5.0	2.9	1.0	7.0	1.34	2026-10-10	5
sainsburys-stilton-blue-cheese-220g	g	1700	410	35.0	23.0	<0.5	<0.5	<0.5	23.7	1.97	2026-10-10	5
sainsburys-welsh-slate-cavern-aged-cheddar-taste-the-difference-200g	g	1681	405	33.0	20.1	3.0	<0.5	<0.5	23.8	1.86	2026-10-10	5
saint-agur-blue-cheese-150g	g	1493	361	33	23	0.5	0.5		16	2.2	2026-10-10	5
cathedral-city-3-x-cheese-peelers-snacks-81g	g	1137	273	19.8		2.5			21.3	1.8	2026-10-10	5
sainsburys-125g-sundried-tomato-basil-snacking-cheddar-cheese-cubes	g	1567	377	29.2	19.5	5.0	0.6	<0.5	23.4	1.98	2026-10-10	5
strings-things-cheestrings-twin-pack-20g	g	1264	304	22.5		2.5			23	1.8	2026-10-10	5
the-laughing-cow-4-x-original-dip-crunch-cheese-spread-with-breadsticks-140g	g	1101	263	13	7.5	25.5	5.5		10.5	1.3	2026-10-10	5
sainsburys-125g-mature-cheddar-snacking-cheese-cubes	g	1699	410	33.2	22.1	3.5	<0.5	<0.5	24.2	1.81	2026-10-10	5
sainsburys-4-x-50g-mini-cheddar-mango-snack-packs	g	1565	373	15.0	9.7	49.5	39.0	1.9	9.0	0.87	2026-10-10	5
violife-original-grated-vegan-cheese-alternative-175g	g	1267		24	21	22	<0.1		<0.5	2.2	2026-10-10	5
sainsburys-greek-feta-so-organic-200g	g	1143	276	23.0	17.0	0.7	0.7	<0.5	16.5	2.25	2026-10-10	5
sainsburys-parmigiano-reggiano-cheese-so-organic-200g	g	1650	397	29.7	19.6	<0.5	<0.5	<0.5	32.4	1.40	2026-10-10	5
the-laughing-cow-8-x-original-cheese-spread-triangles-120g	g	970	232	18	12	6.5	6.5		11	1.7	2026-10-10	5
sainsburys-160g-montagnolo-affin-blue-cheese-taste-the-difference	g	1760	426	40.5	29.8	<0.5	<0.5	<0.5	14.8	1.70	2026-10-10	5
sainsburys-french-comt-taste-the-difference-180g	g	1754	423	35.0	23.0	<0.5	<0.5	<0.5	27.0	0.90	2026-10-10	5
stamford-street-co-greek-style-salad-cheese-200g	g	1152	278	23.0	17.0	0.7	0.7	<0.5	17.0	2.30	2026-10-10	5
boursin-garlic-herb-soft-french-cream-cheese-150g	g:p	1635	396	39	26	3	2.5		8.5	1.2	2026-10-10	5
mlekovita-gouda-slices-150g	g	1387	334	26	17	<0.1	<0.1		25	1.5	2026-10-10	5
anchor-light-real-cream-spray-250g	g	805	194	17	12	7.7	7.7		2.7	<0.5	2026-10-10	5
elmlea-plant-double-vegan-alternative-to-cream-250ml	ml	1207	288	31	18	2.1	1.3		0.6	<0.5	2026-10-10	5
sainsburys-british-single-cream-150ml	ml	800	194	19.1	12.2	2.2	2.2	<0.5	3.3	0.07	2026-10-10	5
sainsburys-british-whipping-fresh-cream-300ml	ml	1540	374	39.5	24.7	2.6	2.6	<0.5	2.0	0.06	2026-10-10	5
sainsburys-soured-cream-300ml	ml	704	171	16.6	10.9	2.8	2.8	<0.5	2.3	0.06	2026-10-10	5
elmlea-double-alternative-to-cream-270ml	ml	1215	295	31	22	3.2	3		1.8	<0.5	2026-10-10	5
oatly-creamy-oat-250ml	ml	603	146	13	1.6	5.9	2.9	0.8	0.9	<0.5	2026-10-10	5
arla-lactofree-cream-250ml	ml	1420	345	36	23	2.9	2.9	<0.1	2.3	<0.5	2026-10-10	5
alpro-soya-chilled-alternative-to-single-cream-250ml	g	507	122	10.2	1.2	4.5	1.6	<0.5	2	<0.5	2026-10-10	5
yeo-valley-organic-soured-cream-200g	g	520	125	10.4	6.6	3.9	3.9		3.3		2026-10-10	5
sainsburys-british-lighter-cr-me-fra-che-300ml	ml	652	158	14.8	9.8	3.1	3.1	<0.5	2.8	0.06	2026-10-10	5
sainsburys-soured-cream-chive-dip-200g	g	998	242	23.2	6.5	6.1	2.2	<0.5	1.9	0.55	2026-10-10	5
sainsburys-british-free-range-eggs-extra-large-x6	g:cooked	595	143	9.6	2.7	<0.5	<0.5	<0.5	14.1	0.38	2026-10-10	5
sainsburys-british-free-range-eggs-medium-x12	g:cooked	595	143	9.6	2.7	<0.5	<0.5	<0.5	14.1	0.38	2026-10-10	5
sainsburys-woodland-free-range-mixed-weight-eggs-so-organic-x12	g	595	143	9.6	2.7	<0.5	<0.5	<0.5	14.1	0.38	2026-10-10	5
cravendale-filtered-fresh-semi-skimmed-milk-fresher-for-longer-1l	ml	206	49	1.7	1	4.8	4.8		3.6	<0.5	2026-10-10	5
sainsburys-british-semi-skimmed-milk-2-27l-4-pint	ml	209	50	1.8	1.1	4.8	4.8	<0.5	3.6	0.11	2026-10-10	5
sainsburys-british-skimmed-milk-1-13l-2-pint	ml	157	37	<0.5	<0.1	5.0	5.0	<0.5	3.6	0.12	2026-10-10	5
sainsburys-british-whole-milk-2-27l-4-pint	ml	276	66	3.7	2.4	4.7	4.7	<0.5	3.5	0.11	2026-10-10	5
activia-rhubarb-gut-health-fruit-yoghurt-multipack-4-x-115g	g	382	91	2.8	1.9	12			3.9	<0.5	2026-10-10	5
sainsburys-greek-style-natural-yogurt-500g	g	426	103	7.6	5.1	4.2	4.2	<0.5	4.0	0.10	2026-10-10	5
alpro-1l-barista-caramel-flavour-dairy-alternative-drink	ml	208	50	2.8	<0.5	5.2		<0.5	0.8	<0.5	2026-10-10	5
moma-barista-oat-drink-chilled-750ml	ml	244	58	2.3	<0.5	8.4	3.6	0.5	0.8	<0.5	2026-10-10	5
oatly-1l-matcha-latte-longlife-oat-drink	ml	263	63	2.8	<0.5	7.8	4.5	1	1.1	<0.5	2026-10-10	5
oatly-oat-drink-chocolate-deluxe-chilled-1l	ml	296	71	2.5	<0.5	10	6.5	1.2	1.4	<0.5	2026-10-10	5
oato-fresh-oat-drink-barista-whole-1l	ml	247	59	3	<0.5	6.5	3.8	0.9	1	<0.5	2026-10-10	5
sainsburys-oat-barista-1l	ml	237	57	2.8	0.2	6.9	1.6	<0.5	0.9	0.09	2026-10-10	5
sainsburys-2-free-from-lemon-tarts-taste-the-difference-150g	g	1999	478	26.7	13.0	56.1	24.3	1.4	2.7	0.16	2026-10-10	5
oddlygood-dreamy-caramel-plant-based-gluten-free-dessert-130g	g	801	192	12	8.8	18	15		2.9	<0.5	2026-10-10	5
the-coconut-collab-vanilla-custard-400g	g	460	110	4.9	4.2	15	8.3	1.4	<0.5	<0.5	2026-10-10	5
alpro-1l-coconut-original-chilled-dairy-free-drink	ml	85	20	0.8	0.8	2.7	1.9	<0.1	<0.5	<0.5	2026-10-10	5
alpro-1l-soya-no-sugar-chilled-dairy-free-drink	ml	138	33	1.8	<0.5	<0.1	<0.1	0.6	3.3	<0.5	2026-10-10	5
alpro-1l-soya-light-chilled-dairy-free-drink	ml	91	22	1.2	<0.5	<0.1	<0.1	1.3	2	<0.5	2026-10-10	5
arla-lactofree-semi-skimmed-milk-drink-1l	ml	160	38	1.5	1	2.6	2.6		3.4	<0.5	2026-10-10	5
arla-lactofree-whole-milk-drink-2l	ml	234	56	3.6	2.3	2.6	2.6		3.3	<0.5	2026-10-10	5
sainsburys-unsweetened-soya-drink-1l	ml	109	26	1.3	0.2	1.2	<0.5	<0.5	2.2	0.08	2026-10-10	5
petits-filous-kids-dairy-free-raspberry-yoghurt-pots-4x95g	g	402	96	3.8	<0.5	12.9	8.4		1.7	<0.5	2026-10-10	5
the-coconut-collab-gut-health-plain-coconut-yoghurt-350g	g	347	83	5.8	5.3	6.2	1.5	2	0.7	<0.5	2026-10-10	5
alpro-greek-style-strawberry-raspberry-plant-based-yogurt-alternative-150g	g	352	84	2.7	0.5	9.1		1.3	4.9	<0.5	2026-10-10	5
arla-400g-greek-style-lacto-free-yogurt	g	438	105	8	5.1	4.2	4.1		3.5	<0.5	2026-10-10	5
the-coconut-collab-natural-coconut-yoghurt-750g	g	502	120	10	9	5.9	1.6	1	1.2	<0.5	2026-10-10	5
alpro-plain-no-sugars-soya-dairy-free-yoghurt-alternative-500g	g	177	42	2.3	<0.5	<0.1	<0.1	0.9	4	<0.5	2026-10-10	5
biomel-natural-dairy-free-coconut-probiotic-drink-510ml	ml	114	27	2	1.7	2	1.9	0.8	<0.5	<0.5	2026-10-10	5
alpro-1l-no-sugar-long-life-dairy-free-oat-drink	g	185	44	1.5	<0.5	6.4	<0.1	0.7	0.8	<0.5	2026-10-10	5
alpro-750ml-barista-oat-chilled-dairy-free-drink	ml	244	58	3.1	<0.5	6.6	3.1	1	0.7	<0.5	2026-10-10	5
alpro-soya-long-life-alternative-to-single-cream-250ml	g	584	142	14	1.6	1.2	1.2	0.6	2	<0.5	2026-10-10	5
alpro-barista-1l-cinnamon-roll-flavour-dairy-free-drink	ml	208	50	2.8	<0.5	5.3	4.5	<0.5	0.8	<0.5	2026-10-10	5
oatly-1l-chilled-fibre-oat-drink-barista-edition	ml	262	63	3	<0.5	6.8	0.6	2	1	<0.5	2026-10-10	5
rude-health-almond-drink-1l	ml	236	56	1.5	<0.5	10	4.7	0.5	0.5	<0.5	2026-10-10	5
plenish-1l-long-life-dairy-free-organic-oat-drink	ml	138	33	<0.5	<0.5	6.6		0.5	0.6	<0.5	2026-10-10	5
sainsburys-1l-1-years-oat-drink	ml	176	42	1.5	0.2	5.5	3.3	<0.5	1.4	0.09	2026-10-10	5
plenish-1l-chilled-dairy-free-organic-soya-drink	ml	132	32	1.6	<0.5	0.8	<0.1	0.6	3.2	<0.1	2026-10-10	5
plenish-1l-chilled-dairy-free-organic-cashew-drink	ml	99	24	1.8	<0.5	1.2	<0.5	<0.1	0.7	<0.5	2026-10-10	5
violife-original-creamy-cheese-alternative	g	1005	244	24	21	8.1	<0.1		<0.1	1.2	2026-10-10	5
plenish-1l-chilled-dairy-free-organic-almond-drink	ml	107	26	2.2	<0.5	<0.5	<0.5	<0.5	0.9	<0.5	2026-10-10	5
alpro-1l-almond-no-sugar-long-life-dairy-free-drink	ml	61	15	1.1	<0.5	<0.1	<0.1	<0.5	0.5	<0.5	2026-10-10	5
sainsburys-unsweetened-long-life-almond-drink-1l	ml	73	18	1.4	0.1	<0.5	<0.5	<0.5	0.6	0.10	2026-10-10	5
alpro-1l-organic-soya-no-sugars-long-life-dairy-free-drink	ml	132	32	1.9	<0.5	<0.1	<0.1	0.6	3.3	<0.5	2026-10-10	5
alpro-1l-long-life-dairy-free-barista-oat-drink	ml	248	59	3	<0.5	6.7	3.3	1	0.8	<0.5	2026-10-10	5
alpro-soya-vanilla-long-life-drink-1l	ml	240	57	1.8	<0.5	6.8	6.8	0.5	3	<0.5	2026-10-10	5
arla-1l-lactofree-semi-skimmed-long-life-milk-drink	ml	161	38	1.5	1	2.6	2.6		3.5	<0.5	2026-10-10	5
sainsburys-sweetened-long-life-almond-drink-1l	ml	106	25	1.3	0.1	2.7	2.7	<0.5	0.6	0.13	2026-10-10	5
koko-coconut-uht-drink-1l	ml	133	32	2.5	2.3	0.9	0.9	<0.5	1.2	<0.5	2026-10-10	5
holy-moly-3-x-76g-guacamole-chip-dip-snack-pack	g	944	228	15	3.3	18	0.6	6	2.8	0.8	2026-10-10	5
holy-moly-guacamole-xl-283g	g	591	144	13	3.5	2.5	0.5	6	1.6	0.8	2026-10-10	5
holy-moly-smashed-avocado-150g	g	646	157	14	3.8	2.1	0.5	6.4	2.2	0.7	2026-10-10	5
moorish-babaganoush-smoky-aubergine-dip-150g	g	814	196	16	1.7	7.4	2.3	2.2	4.8	1.6	2026-10-10	5
moorish-smoked-humous-with-chilli-harissa-150g	g:g serving	906	218	16.28	1.80	10.05	0.90	3.41	6.43	0.790	2026-10-10	5
odysea-tzatziki-dip-200g	g	468	113	8.9	3.4	3.5	2		4.5	1.2	2026-10-10	5
ramona-s-red-pepper-heavenly-houmous-500g	g	1077	260	20.5	1.7	10.5	1.3	4.7	6	1	2026-10-10	5
sabra-houmous-with-garlic-red-pepper-200g	g	1427	345	31		9			6	1.3	2026-10-10	5
sainsburys-170g-chilli-cheese-caesar-dip-taste-the-difference	g	2073	503	53.1	8.4	2.3	1.6	0.6	3.7	0.79	2026-10-10	5
sainsburys-200g-creamy-spicy-soured-cream-lime-chilli-dip	g	975	236	23.8	5.8	3.8	1.5	<0.5	1.6	0.73	2026-10-10	5
sainsburys-250g-greek-goddess-dip-taste-the-difference	g	1254	304	29.1	7.2	3.6	1.6	1.8	6.0	1.23	2026-10-10	5
sainsburys-300g-potato-salad-taste-the-difference	g	618	148	10.0	1.6	12.2	2.3	1.2	1.8	0.63	2026-10-10	5
sainsburys-600g-rich-potato-salad	g	542	130	7.6	0.6	13.7	2.6	1.4	1.1	0.54	2026-10-10	5
sainsburys-920g-party-size-coleslaw-taste-the-difference	g	826	200	18.5	1.5	6.8	4.9	1.4	1.0	0.87	2026-10-10	5
sainsburys-chicken-bacon-deli-filler-220g	g	913	220	16.8	2.6	3.2	<0.5	0.6	13.7	0.95	2026-10-10	5
sainsburys-coleslaw-taste-the-difference-600g	g	826	200	18.5	1.5	6.8	4.9	1.4	1.0	0.87	2026-10-10	5
sainsburys-crunchy-traditional-coleslaw-180g	g	668	162	14.9	1.1	5.1	4.5	1.5	1.1	0.60	2026-10-10	5
sainsburys-extra-smooth-red-pepper-houmous-summer-edition-taste-the-difference-170g	g	1246	301	25.9	3.0	9.9	1.4	3.6	5.4	0.68	2026-10-10	5
sainsburys-houmous-be-good-to-yourself-200g	g	690	166	8.9	1.0	12.3	0.8	4.9	6.5	0.52	2026-10-10	5
sainsburys-mature-cheddar-coleslaw-taste-the-difference-300g	g	1069	259	23.9	5.4	6.4	3.9	0.9	4.1	1.03	2026-10-10	5
sainsburys-orzo-sunblush-tomato-salad-limited-edition-taste-the-difference-220g	g	530	126	4.2	0.5	18.2	3.8	1.5	3.1	0.56	2026-10-10	5
sainsburys-selection-tex-mex-dips-400g	g	998	242	23.2	6.5	6.1	2.2	<0.5	1.9	0.55	2026-10-10	5
sainsburys-caramelised-onion-houmous-200g	g	884	213	14.7	1.4	11.0	4.0	5.0	6.6	0.92	2026-10-10	5
sainsburys-cheddar-cheese-chive-dip-200g	g	1220	296	28.6	5.9	5.7	1.3	<0.5	3.6	0.80	2026-10-10	5
sainsburys-crunchy-cheese-coleslaw-300g	g	783	189	16.9	5.2	4.5	3.4	1.2	4.2	0.75	2026-10-10	5
sainsburys-moroccan-cous-cous-taste-the-difference-200g	g	878	208	4.6	0.5	34.7	10.4	3.7	5.3	0.61	2026-10-10	5
sainsburys-soured-cream-chive-dip-be-good-to-yourself-200g	g	591	142	11.0	1.7	6.3	4.0	<0.5	4.5	0.35	2026-10-10	5
sainsburys-coronation-chicken-deli-filler-220g	g	796	191	13.3	1.2	6.9	4.3	0.8	10.6	1.03	2026-10-10	5
sainsburys-four-bean-salad-250g	g	443	106	2.3	0.3	12.6	1.2	5.4	5.9	0.30	2026-10-10	5
sainsburys-discovery-166g-italian-antipasti-platter-taste-the-difference	g	1568	377	28.4	10.8	2.0	<0.5	<0.5	28.3	4.21	2026-10-10	5
sainsburys-170g-soured-cream-chive-dip-taste-the-difference	g	924	223	20.4	9.7	4.0	2.3	<0.5	5.7	0.40	2026-10-10	5
bonne-maman-2-x-90g-mango-jelly	g	313	74	<0.1	<0.1	18	17	<0.1	<0.1	<0.1	2026-10-10	5
cadbury-dairy-milk-buttons-chunks-chocolate-desserts-4x75g	g	1207	288	15.5	8.7	32.2	29.2	1.2	4.5	<0.5	2026-10-10	5
cadbury-dairy-milk-mousse-4x45g	g	838	200	5.2	3.3	30.5	23	3.8	6.1	<0.5	2026-10-10	5
english-cheesecake-company-6-x-35g-vanilla-biscoff-cheesecake-bites	g	1835	440	27.5	11.6	43.5	23	0.8	4.2	0.5	2026-10-10	5
english-cheesecake-company-vanilla-biscoff-cheesecake-484g	g	1595	382	23.6	9.9	38.2	22.3	0.7	4	<0.5	2026-10-10	5
g-2-x-74-5g-salted-pistachio-cheesecake	g	1670	401	26	15	36	25	1.8	5.1	0.7	2026-10-10	5
g-2-x-90g-chocolate-melting-middle-hot-puddings	g	1758	421	26	16	40	32	3	6.2	<0.5	2026-10-10	5
g-banoffee-cheesecake-dessert-2-x-86g	g	1483	356	23	13	33	22	1	3.4	<0.5	2026-10-10	5
g-classics-new-york-cheesecake-2-x-70g	g	1497	359	23	14	35	22	0.5	3.6	0.5	2026-10-10	5
g-key-lime-pie-cheesecake-2-x-70g	g	1430	343	21	14	36	25	<0.5	3.1	<0.5	2026-10-10	5
g-speculoos-cheesecake-2-x-82g	g	1503	360	21	12	38	24	0.6	3.6	0.5	2026-10-10	5
g-zillionaire-2-x-84-5g	g	1702	408	23	15	46	34	0.7	3.4	0.7	2026-10-10	5
kinder-maxi-king-3-x-35g-milk-chocolate-hazelnuts-caramel-chilled-snack	g	2165	521	37.5	19	38.2	35.6		6.7	<0.5	2026-10-10	5
nesquik-4-x-26g-choco-cacao-milk-slice	g	1683	403	22		43		2	7.6	0.5	2026-10-10	5
president-squirty-spray-cream-250g	g	1260	305	28	20	11	11		2.2	<0.5	2026-10-10	5
sainsburys-135g-sherry-trifle-taste-the-difference	g	649	155	6.4	3.8	21.0	14.0	1.5	2.6	0.14	2026-10-10	5
sainsburys-2-x-100g-caramelised-biscuit-tiramisu-taste-the-difference	g	1145	273	10.4	8.2	37.5	21.7	1.2	4.6	0.35	2026-10-10	5
sainsburys-2-x-216g-chocolate-salted-caramel-profiteroles-taste-the-difference-24-pieces	g	1620	390	29.0	13.7	26.5	17.9	0.6	5.4	0.44	2026-10-10	5
sainsburys-2-x-lemon-tiramis-92g	g	913	218	7.5	5.2	31.4	19.3	1.3	3.0	0.38	2026-10-10	5
sainsburys-30-piece-belgian-chocolate-profiteroles-tower	g	1501	361	27.5	13.2	22.4	15.0	0.8	5.7	0.17	2026-10-10	5
sainsburys-400g-banana-blonde-sponge-pudding-taste-the-difference-limited-edition	g:cooked	1759	422	28.2	7.5	37.1	23.2	1.1	4.5	0.46	2026-10-10	5
sainsburys-460g-sicilian-lemon-tart-taste-the-difference	g	1736	416	25.0	15.2	44.2	29.1	1.1	2.9	0.08	2026-10-10	5
sainsburys-500g-mixed-berry-cheesecake-taste-the-difference	g	1263	302	15.8	8.5	35.3	18.5	1.0	4.1	0.19	2026-10-10	5
sainsburys-600g-raspberry-trifle-dessert	g	603	144	6.3	3.9	19.4	15.2	0.7	2.1	0.13	2026-10-10	5
sainsburys-90g-chocolate-profiterole-dessert	g	1455	350	26.5	13.1	22.4	18.0	1.3	4.9	0.20	2026-10-10	5
sainsburys-belgian-chocolate-cheesecake-dessert-500g	g	1603	384	23.0	11.1	39.2	23.5	1.4	4.4	0.16	2026-10-10	5
sainsburys-belgian-chocolate-salted-caramel-cheesecake-taste-the-difference-500g	g	1593	381	21.7	11.9	41.2	25.4	1.2	4.8	0.25	2026-10-10	5
sainsburys-caramel-panna-cotta-2x120g	g	1125	269	13.3	9.9	31.8	19.9	<0.5	3.3	0.23	2026-10-10	5
sainsburys-chocolate-caramel-cupcake-selection-taste-the-difference-24-pieces	g	1899	454	22.9	9.0	57.2	42.6		3.8	0.12	2026-10-10	5
sainsburys-chocolate-trifle-500g	g	878	211	13.5	8.5	19.2	13.1	<0.5	2.9	0.12	2026-10-10	5
sainsburys-cream-rice-pudding-500g	g:cooked	820	196	10.8	7.9	21.4	9.5	<0.5	3.3	0.06	2026-10-10	5
sainsburys-discovery-2-x-110g-chocolate-pistachio-melting-puddings-taste-the-difference	g	1869	449	28.1	14.8	39.4	25.7	4.2	7.4	0.23	2026-10-10	5
sainsburys-free-from-200g-sticky-toffee-sponge-pudding	g:per  pudding	1671	398	15.5	6.1	61.0	29.5	2.0	2.6	0.15	2026-10-10	5
sainsburys-jam-roly-poly-dessert-465g	g:cooked	1630	388	13.6	7.2	60.8	32.1	2.7	4.2	0.52	2026-10-10	5
sainsburys-loaded-190g-triple-choc-caramelised-biscuit-waffle	g:cooked	2001	479	28.2	15.4	50.2	29.9	1.6	5.5	0.36	2026-10-10	5
sainsburys-loaded-335g-caramelised-biscuit-cookie-dough	g:cooked	1851	441	19.9	9.6	59.9	43.0	1.0	5.2	0.43	2026-10-10	5
sainsburys-loaded-370g-banana-blonde-chocolate-doughnut-dessert	g:cooked	1489	356	19.7	11.7	39.6	28.9	1.9	4.2	0.26	2026-10-10	5
sainsburys-loaded-550g-raspberry-blondie-cheesecake	g	1600	383	20.8	10.6	44.0	25.2	0.7	4.5	0.18	2026-10-10	5
sainsburys-millionaire-shortbread-squares-12-pieces	g	2070	494	24.1	15.0	65.4	45.8	<0.5	3.6	0.43	2026-10-10	5
sainsburys-new-york-vanilla-cheesecake-slices-taste-the-difference-2x92g	g	1497	359	21.7	11.5	35.5	19.7	<0.5	5.2	0.23	2026-10-10	5
sainsburys-raspberry-trifle-135g	g	577	137	5.0	3.0	21.1	16.2	<0.5	2.0	0.17	2026-10-10	5
sainsburys-sticky-toffee-pudding-taste-the-difference-400g	g:cooked	1642	391	16.6	11.2	57.2	34.5	1.2	2.7	0.42	2026-10-10	5
sainsburys-strawberry-jam-cream-victoria-sponge-340g	g	1497	358	17.9	11.0	44.8	30.5	1.0	3.8	0.61	2026-10-10	5
sainsburys-syrup-sponge-puddings-2-x-105g	g:cooked	1510	358	10.0	5.1	63.1	39.5	1.2	3.4	0.46	2026-10-10	5
sainsburys-toffee-sundae-125g	g	766	184	11.7	7.6	13.8	11.5	1.8	4.9	0.11	2026-10-10	5
sainsburys-vanilla-cr-me-br-l-e-2x90g	g:cooked	942	226	15.4	9.8	18.5	17.2	<0.5	3.4	0.12	2026-10-10	5
stamford-street-co-2-x-95g-toffee-sundaes	g	624	149	5.7	4.7	21.0	17.9	<0.5	3.3	0.23	2026-10-10	5
the-delicious-dessert-company-sticky-toffee-eclairs-2x82g	g	1513	362	20.2	9.9	40.3	25.4	0.6	4.4	<0.5	2026-10-10	5
the-gym-kitchen-maple-pancakes	g	1004	239			28.2		0.6	13.2	1.1	2026-10-10	5
sainsburys-belgian-chocolate-eclairs-4x34g	g	1557	374	24.8	11.9	30.8	19.6	1.3	6.1	0.22	2026-10-10	5
sainsburys-sticky-toffee-sponge-pudding-2x110g	g:cooked	1617	385	15.1	10.0	59.2	40.8	1.0	2.6	0.48	2026-10-10	5
sainsburys-bramley-apple-pie-550g	g:cooked	1153	275	11.1	6.4	39.5	21.2	2.5	3.0	0.13	2026-10-10	5
sainsburys-sticky-toffee-pudding-400g	g:cooked	1581	376	14.6	9.3	56.4	37.8	1.3	4.2	0.38	2026-10-10	5
cadbury-flake-chocolate-dessert-75g	g	995	240	12.6	8	26.6	22.9	0.6	4.4	<0.5	2026-10-10	5
aero-milk-chocolate-mousse-4-x-59g	g	645	152	4.3		22.4		1.4	4.9	<0.5	2026-10-10	5
arla-skyr-coconut-icelandic-style-yogurt-450g	g	303	73	0.5	<0.5	8	7.5	<0.5	8.6	<0.5	2026-10-10	5
bonne-maman-blackcurrant-mousse-dessert-2x70g	g	698	166	7.6	4.7	20.8	19.3	2	2.6	<0.5	2026-10-10	5
bonne-maman-strawberry-mousse-dessert-2x70g	g	727	172	7.7	4.7	23	22	0.5	2.4	<0.5	2026-10-10	5
cadbury-dairy-milk-4-x-60g-caramel-mousse	g	731	174	4.1	2.6	27.5	19.8	2.9	5.2	<0.5	2026-10-10	5
m-ller-rice-170g-raspberry-white-chocolate-dessert-limited-edition	g	433	103	2.1	1.3	17.8	12		3.1	<0.5	2026-10-10	5
muller-corner-originals-apple-crumble-yogurt-4x124g	g	569	132	3.3	1.7	20.8	15.6		4.1	<0.5	2026-10-10	5
muller-myprotein-chocolate-high-protein-pudding-200g	g:per	374	89	2.3	1.5	6.6	4.5		10	<0.5	2026-10-10	5
rolo-delicious-milk-chocolate-toffee-dessert-2-x-65g	g	875	209	9.7		26.9			3.4	<0.5	2026-10-10	5
sainsburys-colombian-coffee-mousse-taste-the-difference-100g	g	1105	265	17.9	12.2	21.3	19.0	<0.5	4.5	0.09	2026-10-10	5
rachel-s-organic-divine-rice-puddings-2x150g	g	574	137	5.4	3.5	18.5	10.4		3.4	<0.5	2026-10-10	5
cadbury-caramilk-350g-golden-caramel-chocolate-dessert-pot	g	923	221	8.1	4.8	32.1	28.6	0.5	4.5	<0.5	2026-10-10	5
cadbury-dairy-milk-caramel-4-x-60g-creamy-milk-chocolate-dessert-pots	g	900	215								2026-10-10	5
sainsburys-discovery-2-x-95g-roasted-pistachio-cheesecake-slices-taste-the-difference	g	1523	365	20.5	11.5	36.0	23.0	2.1	8.1	0.50	2026-10-10	5
quality-street-2-x-65g-smooth-creamy-toffee-dessert-pots	g	881	209	7.8		32			2.7	<0.5	2026-10-10	5
sainsbury-s-cauliflower-cheese-taste-the-difference-400g	g:cooked	459	110	7.1	4.1	5.1	2.0	1.2	5.9	0.65	2026-10-10	5
sainsburys-green-vegetable-selection-with-mint-butter-260g	g:cooked	337	81	3.6	2.1	7.9	3.8	3.2	2.5	0.15	2026-10-10	5
sainsburys-red-cabbage-with-apple-and-redcurrant-jelly-300g	g:cooked	368	87	<0.5	<0.1	18.8	13.6	2.1	1.5	0.04	2026-10-10	5
ginger-7-daily-raw-shots-420ml	ml	135	32	<0.5	<0.1	6.5	4.5	<0.5	<0.5	0.02	2026-10-10	5
innocent-7-x-ginger-turmeric-immunity-shots-420ml	ml	114	27	<0.1	<0.1	6.7	6.7	<0.1	<0.1	<0.1	2026-10-10	5
innocent-kids-juicy-water-apples-strawberries-3-x-200ml	ml	135	32	<0.5	<0.1	6.6	6.6	<0.1	1.1	<0.1	2026-10-10	5
moju-420ml-7-x-shots-ginger-dosing-bottle	ml	201	47	0.5		9.9			0.8	<0.5	2026-10-10	5
moju-ginger-extra-strength-dosing-bottle-shots-x7-420ml	ml	194	46	0.6		9.2			1	<0.1	2026-10-10	5
moju-honey-lemon-dosing-bottle-shots-x7-420ml	ml	239	57	0.5		12.4			0.7	<0.5	2026-10-10	5
moju-turmeric-shot-60ml	ml	169	40	1.6		8.7			1.7	<0.5	2026-10-10	5
plenish-7-x-shots-ultra-ginger-vitamin-c-zinc-dosing-bottle-420ml	ml	183	43	<0.1	<0.1	9.7	7.1	0.9	0.7	<0.5	2026-10-10	5
sainsburys-freshly-squeezed-orange-juice-with-bits-taste-the-difference-1l	ml	226	53	<0.5	<0.1	11.4	9.2	<0.5	0.7	0.03	2026-10-10	5
sainsburys-white-chocolate-raspberry-milk-taste-the-difference-750ml	ml	425	101	3.9	2.5	12.4	11.6	0.6	3.8	0.15	2026-10-10	5
the-turmeric-co-raw-turmeric-ginger-self-shot-420ml	ml	126	30	0.5	<0.5	4.4	3.8		0.9	<0.5	2026-10-10	5
emmi-caffe-latte-cappuccino-iced-coffee-230ml	ml	264	63	1.2	0.7	9.7	9.3		3	<0.5	2026-10-10	5
starbucks-doubleshot-espresso-iced-coffee-200ml	ml	300	71	2.6	1.7	9	8.5		2.9	<0.5	2026-10-10	5
yazoo-strawberry-milk-drink-400ml	ml	240	57	1.1	0.7	8.7	8.7		3	<0.5	2026-10-10	5
emmi-caffe-latte-skinny-iced-coffee-230ml	ml	144	34	0.6	<0.5	4.3	4		2.9	<0.5	2026-10-10	5
huel-berry-500ml	ml	336	80			6.8	0.8	1.2	4	<0.5	2026-10-10	5
sainsburys-strawberry-milkshake-1l	ml	249	59	1.0	0.7	9.1	8.0	<0.5	3.3	0.11	2026-10-10	5
starbucks-skinny-latte-lactose-free-flavoured-milk-iced-coffee-220ml	ml	151	36	0.9	0.5	4.1	3.7		2.8	<0.5	2026-10-10	5
mars-chocolate-milk-shake-drink-no-added-sugar-400ml	ml	263	63	2.2	1.4	7.1	6.5		3.5	<0.5	2026-10-10	5
activia-280ml-strawberry-kefir	g	302	72	3.1	2	7.9			3.1	<0.5	2026-10-10	5
graham-s-the-family-dairy-protein-25g-strawberry-200g	g	348	83	<0.5		7.5			12.4	<0.5	2026-10-10	5
biotiful-gut-health-kefir-chocolate-high-protein-drink-330ml	g	262	62	<0.5	<0.5	9.1	7.5		6.2	<0.5	2026-10-10	5
for-goodness-shakes-strawberry-flavour-protein-330ml	ml	279	66	<0.5	<0.5	5.4			10.6	<0.5	2026-10-10	5
m-ller-myprotein-cookies-cream-high-protein-complete-meal-shake	ml:per	419	100	4.5	1.4	7.1	4.7	1.7	6.9	<0.5	2026-10-10	5
ufit-chocolate-flavour-high-protein-milkshake-330ml	ml	202	48	<0.5	<0.5	3.5			7.6	<0.5	2026-10-10	5
ufit-strawberry-flavour-high-protein-milkshake-500ml	ml	237	56	<0.5	<0.5	3.7			10	<0.5	2026-10-10	5
biotiful-gut-health-kefir-milk-drink-mango-500ml	ml	274	65	2.6	1.8	7.1			3.3	<0.5	2026-10-10	5
biotiful-gut-health-raspberry-kefir-milk-drink-500ml	ml	267	64	2.6	1.8	6.8			3.3	<0.5	2026-10-10	5
james-white-beet-it-organic-beetroot-juice-750ml	ml	132	31	<0.1	<0.1	6.8	5		0.9	<0.5	2026-10-10	5
nescafe-iced-coffee-espresso-concentrated-caramel-flavour-500ml	ml:prepared	240	57	1.5		7.5		0.5	3.1	<0.5	2026-10-10	5
