sainsburys-split-green-peas-500g	g:cooked	496	118	0.7	0.4	16.3	<0.5	7.1	8.0	0.02	2026-10-10	5
sainsburys-sweet-silverskin-onions-in-vinegar-440g-230g	g:as drained	190	45	<0.5	<0.1	9.7	9.7	1.2	0.7	0.07	2026-10-10	5
sainsburys-tomato-basil-soup-400g	g:as consumed	238	57	2.8	0.2	6.5	5.4	0.8	1.0	0.43	2026-10-10	5
sainsburys-tuna-chunks-in-brine-4x145g	g:as drained	446	105	<0.5	<0.1	<0.5	<0.5	0.6	24.8	0.42	2026-10-10	5
sainsburys-tuna-chunks-in-sunflower-oil-145g	g:as drained	744	178	8.5	1.0	<0.5	<0.5	0.6	24.9	0.60	2026-10-10	5
sainsburys-tuna-steak-in-brine-3x120g	g	490	116	<0.5	<0.1	<0.5	<0.5	<0.5	27.0	0.85	2026-10-10	5
sainsburys-whole-button-mushrooms-in-water-290g-156g	g:as drained	77	19	<0.5	0.2	<0.5	<0.5	3.2	2.2	0.02	2026-10-10	5
sainsburys-wild-pacific-pink-salmon-skinless-boneless-170g	g	472	112	3.1	0.9	<0.5	<0.5	<0.5	20.8	0.81	2026-10-10	5
sarson-s-460g-mixed-pickles-244g	g	77	18	0.5	<0.5	2.1	0.7	0.5	0.5	1.4	2026-10-10	5
spam-chopped-pork-ham-200g	g	1140	275	22	8.4	3.2	1.3		16	2.4	2026-10-10	5
stagg-low-fat-vegetable-chili-medium-400g	g	403	96	2.5		12		4.6	4.1	1	2026-10-10	5
stamford-street-co-potatoes-in-water-540g	g:drained	261	62	<0.5	<0.1	13.0	<0.5	1.5	1.4	0.03	2026-10-10	5
tulip-pork-luncheon-meat-250g	g	1254	303	26	9.9	3.2	<0.1		14	2.8	2026-10-10	5
ye-olde-oak-hot-dogs-x8-400g-184g	g:drained	717	165	9.8	3.1	9.4	<0.5		11	1.2	2026-10-10	5
sainsburys-baked-beans-so-organic-400g	g	380	90	<0.5	<0.1	12.8	4.7	6.8	5.3	0.47	2026-10-10	5
sainsburys-passata-so-organic-500g	g	111	26	<0.5	<0.1	4.0	4.0	1.7	1.5	0.02	2026-10-10	5
bold-bean-co-queen-chickpeas-570g	g:beans  stock	401	95	1.9	<0.5	12	<0.1	5.4	5.4	0.8	2026-10-10	5
itsu-5-x-21g-miso-traditional-easy	ml:as a soup	39	9	0.5	<0.5	0.8	0.5	0.5	0.8	0.9	2026-10-10	5
sainsburys-miso-paste-100g	g	348	83	2.9	0.5	8.3	2.7	1.6	5.3	5.32	2026-10-10	5
cirio-toscana-passata-700g	g	147	35	<0.5	<0.1	6.3	4.4	1.1	1.2	0.6	2026-10-10	5
napolina-tomato-passata-500g	g	118	28	<0.5	<0.1	4.3	4.3	1.1	1.7	<0.5	2026-10-10	5
batchelors-super-noodles-chicken-flavour-90g	g:as prepared	652	156	7.3	3.5	18.8	0.5	1.2	3.1	0.5	2026-10-10	5
batchelors-super-noodles-pot-chicken-75g	g:as prepared	543	130	5	2.6	17.6	0.9	1.4	2.8	0.7	2026-10-10	5
dolmio-classics-rigatoni-bolognese-pasta-ready-meal-250g	g	382	91	2.2	0.6	13	2.5	1	4.4	0.6	2026-10-10	5
dolmio-pronto-200g-tomato-chilli-sauce-microwave-fusilli-pasta-ready-meal	g	586	139	4	0.8	20	5.1	3.8	4.4	<0.5	2026-10-10	5
heinz-tomato-cannellini-beans-italian-style-250g	g	402	96	3.7	<0.5	8.8	1.8	3.8	4.9	0.6	2026-10-10	5
leon-brazilian-style-black-beans-250g	g	344	82	1.2	<0.5	10.8	3.9	5.4	4.3	0.6	2026-10-10	5
merchant-gourmet-220g-italian-style-supergrain-bowl	g	641	152	2.6	<0.5	24	3.9	5.8	5.7	0.6	2026-10-10	5
nissin-soba-chilli-instant-wok-style-noodles-big-pot-115g	g	855	204	7.8	3.6	26.7	5.3		5.3	1.2	2026-10-10	5
nissin-soba-pad-thai-instant-wok-style-noodles-pot-89g	g:prepared product	859	205	8.1	3.7	27.1	6.1		4.8	1.3	2026-10-10	5
nongshim-shin-ramyun-noodle-soup-gourmet-spicy-5x120g	g	1808	430	14	6.8	67	3		8.9	3.7	2026-10-10	5
pot-noodle-king-pot-beef-tomato-114g	g:prepared	572	137	5.3	0.6	18	1.4	0.7	3.3	0.6	2026-10-10	5
s-b-japanese-instant-tofu-miso-soup-3x10g	g	1396	331	6.6	1	47	18		18	15.4	2026-10-10	5
batchelors-super-noodles-bacon-90g	g:as prepared	654	156	7.3	3.5	18.7	0.5	1.2	3.3	0.5	2026-10-10	5
batchelors-super-noodles-japanese-katsu-curry-flavour-90g	g:as prepared	659	157	7.4	3.5	19	0.9	1.2	3.1	0.5	2026-10-10	5
indomie-mi-goreng-stir-fry-noodles-5-x-80g	g	1986	475	21		62			9	2.5	2026-10-10	5
lee-kum-kee-knife-cut-noodles-360g	g	1291	304	1.1	<0.5	61	2.9		10	1.6	2026-10-10	5
mug-shot-noodles-sweet-sour-67g	g:as consumed	396	93	<0.5	<0.5	17.3	4.6	1.2	4.8	0.5	2026-10-10	5
nissin-soba-teriyaki-wok-style-stir-fry-noodles-110g	g	831	198	8.3	4.1	25.1	2.6		4.4	1.4	2026-10-10	5
the-spice-tailor-pad-thai-noodle-sauce-meal-kit-200g	g:as prepared	679	161	3.9	0.8	18.6	4.9	1.4	12.2	0.5	2026-10-10	5
ben-s-original-lunch-bowl-mexican-style-beans-corns-wholegrain-rice-220g	g	616	146	2.3	<0.5	24	1.5	5.9	4.1	0.6	2026-10-10	5
ben-s-original-roasted-garlic-microwave-rice-220g	g	645	152	2.1	<0.5	30	0.5	0.9	3.1	0.5	2026-10-10	5
ashoka-280g-delhi-dal-makhani	g	496	119	6.9	1.1	9.8	1.8		5.3	1.4	2026-10-10	5
princes-fruit-filling-apple-395g	g	325	77	<0.5	<0.5	18.3	12.8	0.6	<0.5	<0.5	2026-10-10	5
dole-pineapple-in-juice-fruit-snacks-4x113g	g	225	54	<0.1	<0.1	12	12	1	<0.1	<0.1	2026-10-10	5
del-monte-peach-slices-in-juice-415g-250g-drained	g:net content	211	50	<0.1	<0.1	11	11	1	0.5	<0.5	2026-10-10	5
heinz-baked-beans-in-a-rich-tomato-sauce-4-x-415g	g	339	81	<0.5	<0.5	15.5	4.3	3.9	4.8	0.6	2026-10-10	5
napolina-chick-peas-400g-240g	g:drained	530	126	2.2	<0.1	15.7	<0.1	7.4	7.2	<0.5	2026-10-10	5
napolina-red-kidney-beans-400g-240g	g:drained	461	109	0.5	<0.1	16.2	<0.1	6.2	6.9	<0.5	2026-10-10	5
sainsburys-baby-carrots-in-water-300g-180g	g:drained	112	27	<0.5	<0.1	4.2	3.7	2.6	<0.5	0.08	2026-10-10	5
sainsburys-chopped-tomatoes-227g	g	101	24	<0.5	<0.1	3.5	3.5	0.9	1.2	0.07	2026-10-10	5
sainsburys-passata-500g	g	130	31	0.8	0.4	4.2	3.7	<0.5	1.5	0.03	2026-10-10	5
sainsburys-red-kidney-beans-in-chilli-sauce-400g	g	374	89	0.6	0.1	11.4	4.1	7.2	5.9	0.44	2026-10-10	5
sainsburys-tuna-chunks-in-spring-water-4x145g	g:as drained	469	110	<0.5	<0.1	<0.5	<0.5	0.6	26.1	0.12	2026-10-10	5
heinz-cream-of-tomato-soup-300g	g	215	51	2.1	<0.5	6.8	4.8	0.6	0.8	0.5	2026-10-10	5
baxters-sauerkraut-fermented-cabbage-480g	g	54	13	0.5	<0.5	1	0.5	2	0.7	1.3	2026-10-10	5
ainsley-harriott-smoky-chicken-chorizo-cup-soup-x4-80g	ml:made up as consumed	144	34	0.5	<0.5	6.6	3.4	0.5	0.6	0.5	2026-10-10	5
batchelors-cup-a-soup-cheese-broccoli-sachets-x4-92g	g:as prepared	163	39	1.4	0.8	5.9	0.7	0.5	0.6	0.5	2026-10-10	5
batchelors-cup-a-soup-cream-of-asparagus-with-croutons-x4-117g	g:as prepared	213	51	2	1.2	7.7	1.4	0.5	0.5	0.5	2026-10-10	5
batchelors-cup-a-soup-potato-leek-x4-107g	g:as prepared	179	43	1.3	0.8	6.7	0.9	0.5	0.8	0.5	2026-10-10	5
batchelors-pasta-n-sauce-110g-tomato-onion-herb-pasta-sachet	g:as prepared	414	98	0.6	<0.5	19.1	4.2	1.2	3.4	<0.5	2026-10-10	5
batchelors-slim-a-soup-minestrone-with-croutons-sachets-x4-61g	g:as prepared	114	27	0.6	<0.5	4.5	1.4	0.5	0.7	0.5	2026-10-10	5
crosse-blackwell-ltd-cream-of-tomato-400g	g	263	64	3.2	<0.5	7.4	6.1	0.6	1.1	0.5	2026-10-10	5
heinz-chicken-leek-chunky-big-soup-400g	g	246	58	1.4	<0.5	8.2	1.6	0.7	2.9	0.6	2026-10-10	5
heinz-spaghetti-great-value-pack-4-x-200g	g	234	55	<0.5	<0.5	11.8	7.8	0.5	1.6	<0.5	2026-10-10	5
idahoan-perfect-mash-bacon-cheese-snack-pot-55g	g:as prepared	321	76	2.2	1.5	12	0.7		1.6	0.6	2026-10-10	5
merchant-gourmet-250g-persian-style-rice-lentils	g	663	157	2.5	<0.5	35	3.7	4.6	5.9	1	2026-10-10	5
mug-shot-pasta-tomato-herb-64g	g:as consumed	395	93	0.7	<0.5	16.5	2.7	1.2	4.7	0.7	2026-10-10	5
sacla-creamy-tomato-pasta-pot-80g	g:as consumed	443	104	0.7	<0.5	21	2.9	0.8	3.5	0.8	2026-10-10	5
sainsburys-cream-of-chicken-cup-soup-120g	ml	179	42	0.8	0.4	8.3	<0.5	<0.5	<0.5	0.53	2026-10-10	5
tilda-250g-cannellini-beans	g	525	125	1.9	<0.5	15	2.1	7.3	7.9	0.6	2026-10-10	5
sainsburys-free-from-cous-cous-375g	g:cooked	727	171	<0.5	0.2	37.6	<0.5	1.6	3.4	<0.01	2026-10-10	5
fuel10k-high-protein-roast-chicken-instant-noodles-snack-pot-87g	g:as prepared	600	143	5.2	2.5	15.9	1.2	1.5	7.4	0.6	2026-10-10	5
nissin-soba-protein-classic-instant-wok-style-noodles-pot-92g	g:as prepared	789	189	7.1	2.9	19	5.2	7.1	8.6	1	2026-10-10	5
merchant-gourmet-microwave-ready-to-eat-beluga-lentils-250g	g	602	143	1.7	<0.5	17	0.5	8.1	11	<0.5	2026-10-10	5
merchant-gourmet-tomatoey-french-puy-green-lentils-250g	g	598	142	4.1	0.7	16	3.3	3.3	8.3	0.7	2026-10-10	5
yopokki-sweet-spicy-topokki-rice-cake-140g	g:quality	963	230	<0.1		54	4		4	0.5	2026-10-10	5
nissin-soba-protein-chilli-instant-wok-style-noodles-pot-93g	g:as prepared	751	180	6.8	2.7	18	5.9	6.8	8.2	0.9	2026-10-10	5
nongshim-shin-ramyun-spicy-chicken-flavor-noodle-120g	g	1716	408	13	6.4	62	3		8.3	3.5	2026-10-10	5
sainsburys-white-red-black-quinoa-300g	g:cooked	432	103	2.8	0.9	13.9	0.6	4.1	3.5	0.05	2026-10-10	5
veetee-white-brown-50-50-basmati-280g	g	654	155	2	<0.5	30.4	<0.5	1.5	2.9	<0.5	2026-10-10	5
branston-small-chunk-piccalilli-360g	g	523	123	0.7	<0.5	26	21	0.6	0.8	2.1	2026-10-10	5
sainsburys-220g-fig-balsamic-chutney-with-dark-muscovado-sugar-taste-the-difference	g	981	231	0.8	0.4	53.9	42.6	2.3	1.0	1.28	2026-10-10	5
baxters-baby-beetroot-567g-335g	g:drained	124	30	<0.5		4.9		1.9	1.2	<0.5	2026-10-10	5
bagci-black-olives-with-stone-200g	g	1189	284	20.1	4	25.5	<0.1	2.2	2.4	5.9	2026-10-10	5
baxters-favourites-chicken-broth-soup-400g	g	202	48	0.7	<0.5	7.6	1.7	1.3	2.1	0.7	2026-10-10	5
baxters-favourites-minestrone-soup-400g	g	152	36	0.7	<0.5	5.7	0.7	1.2	1.1	0.5	2026-10-10	5
dunn-s-river-jamaican-callaloo-in-salted-water-540g	g:drained product	86	21	<0.5	<0.5	1.9	<0.1		1.8	0.7	2026-10-10	5
ktc-chilli-beans-in-spicy-sauce-400g	g:drained	339	80	<0.5	<0.5	15	1.5	6	4.7	0.5	2026-10-10	5
laila-red-split-lentils-2kg	g	1512	358	1.8	<0.5	51	1.3	17	26	<0.5	2026-10-10	5
melis-roasted-red-peppers-680g	g	167	40	0.5	<0.5	7.8	6.7		1.3	1.5	2026-10-10	5
peppadew-spicy-onion-crunch-130g	g:of product	2951	706	73	9	10	10	3.3	3.8	2.3	2026-10-10	5
polish-specialities-shredded-beetroot-540ml	g	163	38	<0.1	<0.1	9.3	7.9		1	0.8	2026-10-10	5
vifon-mild-chicken-flavour-instant-noodle-soup-65g	g:of prepared product	293	70	3.1	1.2	9.1	<0.5		1.3	0.7	2026-10-10	5
the-fruit-factory-strawberry-apple-orange-fruit-strings-5x20g	g	1517	357	0.6	<0.5	81.1	47.3	<0.5	6.7	<0.5	2026-10-10	5
whitworths-whole-cranberries-130g	g	1465	344	1.4	<0.5	79.3	67.9	6.2	<0.5	<0.5	2026-10-10	5
bart-80g-baharat-spiced-middle-eastern-tomato-paste	g	403	97	4	0.5	9.8	5.3		2.8	3.3	2026-10-10	5
bisto-best-350g-chicken-gravy-granules	g	1460	345	5.3	2.2	70.3	2.8	1.4	3.3	10.4	2026-10-10	5
bisto-best-onion-gravy-granules-230g	g	1485	351	5.5	0.5	72	6.3	1	2.9	12.5	2026-10-10	5
bisto-chicken-gravy-granules-450g	g	1679	400	15.6	10.5	61.6	16.7	2.1	2.2	11.9	2026-10-10	5
bisto-signature-chicken-ready-to-use-gravy-500ml	ml	160	38	0.5	<0.5	6.8	0.8	0.5	1.5	0.9	2026-10-10	5
bovril-250g-beef-yeast-extract-paste-spread-hot-drink	g:unprepared	1068	252	0.8	<0.5	23	1.4	0.8	38	11.3	2026-10-10	5
goldenfry-original-beef-gravy-granules-300g	ml:made up as directed	128	31	2	1.4	3.2	0.5	0.5	0.5	1	2026-10-10	5
knorr-4-x-28g-vegetable-stock-pots	g:unprepared	424	102	5.3	2.7	6.5	4.1	1.3	6.2	14.6	2026-10-10	5
knorr-8x-28g-vegetable-stock-pots	ml:prepared	23	6	0.5	<0.5	0.5	0.5	0.5	0.5	0.9	2026-10-10	5
knorr-stock-pot-beef-8x28g	ml:prepared	21	5	0.5	<0.5	0.5	0.5	0.5	0.5	0.9	2026-10-10	5
mae-ploy-green-curry-paste-400g	g	498	119	1.1	<0.5	17.3	3	10.9	4.5	15.3	2026-10-10	5
merchant-gourmet-chestnut-puree-200g	g	434	103	2.2	<0.5	17	3.7	2.2	2.7	<0.5	2026-10-10	5
oxo-meat-free-vegan-beef-flavour-stock-cubes-x12-71g	g	1107	262	4.7	2.2	39.1	3.3	2.3	14.7	30.7	2026-10-10	5
oxo-reduced-salt-beef-stock-cubes-x12-71g	g	1258	298	5.1	2.5	41.6	9.6	6.5	18.2	21.3	2026-10-10	5
oxo-vegetable-stock-cubes-x12-71g	g	1146	271	4.6	2.2	49.1	10.9	0.8	7.9	30.5	2026-10-10	5
paxo-sage-onion-low-salt-stuffing-mix-170g	g:cooked on pack	606	144	1.7	0.8	26.9	2.4	2.5	3.9	<0.5	2026-10-10	5
sainsburys-110g-parsnip-apple-honey-stuffing-taste-the-difference	g:cooked	727	172	1.0	0.2	34.2	5.7	5.1	4.0	1.00	2026-10-10	5
sainsburys-beef-gravy-pouch-taste-the-difference-350g	g:as consumed	157	37	0.7	0.5	5.3	0.6		2.4	0.84	2026-10-10	5
sainsburys-chicken-gravy-granules-taste-the-difference-200g	ml:cooked	131	32	2.1	1.1	2.9	<0.5	<0.5	<0.5	0.78	2026-10-10	5
sainsburys-galangal-paste-90g	g:typical analysis	555	134	9.5	0.7	11.0	7.0	1.6	<0.5	1.63	2026-10-10	5
sainsburys-golden-breadcrumbs-230g	g	1549	366	1.8	0.3	73.7	5.6	5.1	11.1	0.93	2026-10-10	5
sainsburys-italian-tomato-puree-so-organic-200g	g	390	92	<0.5	<0.1	16.3	14.1	2.9	4.2	0.07	2026-10-10	5
sainsburys-red-chilli-paste-inspired-to-cook-90g	g	281	68	1.8	0.6	6.7	2.3	7.9	2.2	1.15	2026-10-10	5
sainsburys-sage-roast-onion-shallot-stuffing-taste-the-difference-110g	g	709	168	0.7	0.2	33.3	3.6	5.5	4.3	0.78	2026-10-10	5
sainsburys-tomato-puree-with-garlic-200g	g	363	86	<0.5	<0.1	13.4	12.4	4.7	5.1	0.15	2026-10-10	5
sainsburys-vegetable-stock-inspired-to-cook-500ml	ml	48	11	<0.5	<0.1	1.6	1.5	<0.5	0.5	0.55	2026-10-10	5
sainsburys-harissa-paste-inspired-to-cook-90g	g	706	171	14.0	1.1	7.1	5.1	3.9	2.1	1.67	2026-10-10	5
maggi-air-fryer-crispy-coating-southern-style-70g	g	1650	394	9.8		59.1		5.2	14.9	2.8	2026-10-10	5
sainsburys-sun-dried-tomato-paste-190g	g	1502	364	34.8	3.1	7.9	4.6	4.8	2.5	1.06	2026-10-10	5
yutaka-organic-miso-paste-300g	g	737	176	6.7	1	16	5.6	4.9	11	11.9	2026-10-10	5
istanbul-pomegranate-molasses-250ml	g	1258	269	<0.1	<0.1	74	35		<0.1	<0.1	2026-10-10	5
al-fez-180g-moroccan-harissa-paste	g	578	138	4.5	0.5	20	15		2.7	1.6	2026-10-10	5
aroy-d-coconut-milk-400ml	ml	764	185	19	17	2	2		1.6	<0.5	2026-10-10	5
blue-dragon-hoisin-garlic-stir-fry-sauce-120g	g	590	141	1.5	<0.5	30.2	25.1		1.3	1.6	2026-10-10	5
i-sushi-panko-breadcrumbs-350g	g	1512	356								2026-10-10	5
sainsburys-thai-red-curry-spice-paste-inspired-to-cook-180g	g	285	68	2.1	0.2	9.5	4.6	3.4	1.1	1.26	2026-10-10	5
yutaka-wasabi-paste-43g	g	1072	256	9.2	2.9	39	8.2	1.3	3.8	5.4	2026-10-10	5
oxo-beef-stock-cubes-x12-71g	g	1113	264	5.4	2.6	34.6	1.2	3	17.7	29	2026-10-10	5
sainsburys-free-from-vegetable-gravy-granules-170g	ml	131	31	2.1	1.1	3.0	<0.5		<0.5	0.83	2026-10-10	5
kallo-organic-vegetable-stock-cubes-8x11g	ml	27	7	<0.5	<0.5	0.7	<0.5		<0.1	0.9	2026-10-10	5
knorr-stock-cubes-beef-8x10g	ml:prepared	25	6	0.5	<0.5	0.5	0.5	0.5	0.5	0.9	2026-10-10	5
oxo-beef-with-onion-rosemary-stock-pots-x4-80g	g	647	154	4.5	2.1	21.5	6.3	4.4	4.7	16.4	2026-10-10	5
sainsburys-free-from-apple-onion-herb-stuffing-taste-the-difference-110g	g:cooked	602	143	0.9	0.2	26.2	7.0	4.4	5.2	1.18	2026-10-10	5
sainsburys-hot-chilli-powder-44g	g:typical analysis	1855	443	13.1	2.1	55.8	10.3		14.8	0.10	2026-10-10	5
sainsburys-tamarind-paste-inspired-to-cook-90g	g	712	169	5.1	0.4	28.9	19.7	1.9	1.0	0.09	2026-10-10	5
maggi-authentic-indian-tamarind-sauce-425g	g	779	184			44.2		2.2	0.6	3	2026-10-10	5
sainsburys-411g-mincemeat	g	1205	284	2.5	1.2	63.9	58.1	1.1	1.1	0.08	2026-10-10	5
sainsburys-free-from-100g-batter-mix	g:cooked	1162	277	10.5	2.1	37.6	1.9	0.9	7.4	0.58	2026-10-10	5
blue-dragon-170g-laksa-paste	g	580	140	11	2.2	7.7	4		2	2.7	2026-10-10	5
bodrum-pepper-paste-700g	g	470	112	1.1	<0.5	21.9	14.3		3.6	1.4	2026-10-10	5
cofresh-bombay-mix-325g	g	2116	507	28	1.8	48	2.2	8	12	2.4	2026-10-10	5
itsu-crispy-chilli-oil-100g	g	2684	650	58	9.5	23	9.1	6.3	4.9	3.1	2026-10-10	5
laila-creamed-coconut-200g	g	3086	747	71	65	18	5.9		8	<0.5	2026-10-10	5
natco-madras-curry-powder-400g	g:uncooked	1670	399	10	<0.5	68.4	4.2	30.9	12.5	<0.5	2026-10-10	5
tropical-sun-semolina-fine-500g	g	1455	343	2	<0.5	66	2.7		13.4	<0.5	2026-10-10	5
geeta-s-340g-smoky-tikka-masala-cooking-sauce	g	617	148	11	2.4	9.6	5.6	1.4	1.5	0.8	2026-10-10	5
banhoek-chilli-oil-250ml	?			9	1	<0.1	<0.1		<0.1		2026-10-10	5
borderfields-gold-infusions-fragrant-garlic-premium-british-cold-pressed-rapeseed-oil-250ml	ml	3390	824	92	5.8	<0.1	<0.1		<0.1	<0.1	2026-10-10	5
filippo-berio-100-italian-olive-oil-extra-virgin-500ml	ml	3378	822	91.3	12.1	<0.1	<0.1	<0.1	<0.1	<0.1	2026-10-10	5
filippo-berio-classico-olive-oil-250ml	ml	3378	822	91.3		<0.1			<0.1	<0.1	2026-10-10	5
filippo-berio-mild-light-in-colour-200ml	ml	3378	822	91.3	13.9	<0.1	<0.1		<0.1	<0.1	2026-10-10	5
filippo-berio-olive-oil-extra-virgin-750ml	ml:for	3378	822	91.3		<0.1			<0.1	<0.1	2026-10-10	5
hillfarm-extra-virgin-cold-pressed-rapeseed-oil-500ml	ml	3265	793	86.3	6.3	4.1	<0.5	<0.5	<0.5		2026-10-10	5
karyatis-greek-extra-virgin-olive-oil-250ml	ml	3389	824	91.6	13.3	<0.1	<0.1	<0.1	<0.1	<0.1	2026-10-10	5
karyatis-virgin-olive-oil-500ml	ml	3389	824	91.6	13.3	<0.1	<0.1	<0.1	<0.1	<0.1	2026-10-10	5
napolina-extra-virgin-olive-oil-250ml	ml	3382	823	91.4	13.1	<0.1	<0.1	<0.1	<0.1	<0.1	2026-10-10	5
napolina-olio-da-cucina-500ml	ml	340	828	92	8	<0.1	<0.1	<0.1	<0.1	<0.1	2026-10-10	5
odysea-500ml-spanish-picual-extra-virgin-olive-oil	ml	3367	819	91	14	<0.1	<0.1		<0.1	<0.1	2026-10-10	5
odysea-greek-kalamata-pdo-extra-virgin-olive-oil-750ml	ml	3389	824	91.6	12.8	<0.1	<0.1		<0.1	<0.1	2026-10-10	5
sainsburys-black-truffle-olive-oil-taste-the-difference-250ml	ml	3382	823	91.4	12.8	<0.5	<0.5	<0.5	<0.5	<0.01	2026-10-10	5
sainsburys-grapeseed-oil-500ml	ml	3419	832	92.4	11.6	<0.5	<0.5	<0.5	<0.5	<0.01	2026-10-10	5
sainsburys-olive-oil-250ml	ml	3382	823	91.4	15.4	<0.5	<0.5	<0.5	<0.5	<0.01	2026-10-10	5
sainsburys-olive-oil-extra-virgin-2l	ml	3382	823	91.4	15.4	<0.5	<0.5	<0.5	<0.5	<0.01	2026-10-10	5
sainsburys-sesame-oil-toasted-250ml	ml	3400	827	91.9	13.8	<0.5	<0.5	<0.5	<0.5	<0.01	2026-10-10	5
sainsburys-vegetable-oil-spray-200ml	ml	3409	829	91.9	5.7	<0.5	<0.5	<0.5	<0.5	<0.01	2026-10-10	5
terra-delyssa-extra-virgin-tunisian-olive-oil-500ml	ml:for	3374	821	91	19	<0.1	<0.1	<0.1	<0.1	<0.1	2026-10-10	5
sainsburys-vegetable-oil-1l	ml	3393	825	91.7	7.3	<0.5	<0.5	<0.5	<0.5	<0.01	2026-10-10	5
odysea-duo-gift-box	ml	3389	824	91.6	12.8	<0.1	<0.1		<0.1	<0.1	2026-10-10	5
ktc-sunflower-oil-1l	ml	3696	899	99.9	11.9	<0.1	<0.1	<0.1	<0.5	<0.5	2026-10-10	5
sainsburys-rapeseed-oil-so-organic-1l	ml	3393	825	91.7	6.1	<0.5	<0.5	<0.5	<0.5	<0.01	2026-10-10	5
la-espanola-light-in-colour-olive-oil-750ml	ml	3381	822	91.4	12.8	<0.1	<0.1	<0.1	<0.1	<0.1	2026-10-10	5
sainsburys-pure-sunflower-oil-5l	ml	3404	828	92.0	10.1	<0.5	<0.5	<0.5	<0.5	<0.01	2026-10-10	5
bisto-chip-shop-curry-sauce-mix	g	1805	431	18.4	12.3	59.6	24.1	6.9	3.2	5.9	2026-10-10	5
capsicana-28g-mexican-tasty-taco-seasoning-mix	g	1239	296	5	1.6	43	28	23	8.5	9.9	2026-10-10	5
chicken-tonight-creamy-white-wine-500g	g	318	77	5.9	1	5	2.3	0.6	0.5	0.8	2026-10-10	5
dine-200g-hollandaise-sauce	g	2076	504	52	13	6.6	6	<0.1	1.2	0.9	2026-10-10	5
dolmio-bolognese-onion-and-garlic-pasta-sauce-675g	g	208	49	0.6	<0.5	8.7	5.8	1.3	1.5	0.7	2026-10-10	5
dolmio-bolognese-smooth-tomato-pasta-sauce-675g	g	193	46	0.6	<0.5	7.9	5.6	1.4	1.4	0.7	2026-10-10	5
dolmio-lasagne-light-creamy-white-pasta-sauce-440g	g	302	73	4.8	1.7	6.9	3	0.5	0.5	0.7	2026-10-10	5
dolmio-stir-in-carbonara-pasta-sauce-150g	g	564	136	11	6.9	5.2	0.7	0.5	3	1.3	2026-10-10	5
dolmio-stir-in-tomato-basil-pasta-sauce-150g	g	422	101	6.2	0.7	8.3	5.5	1.8	2.2	1.3	2026-10-10	5
heinz-490g-tomato-garlic-marinara-pasta-sauce	g	173	41	1.3	<0.5	5.1	4.1		1.6	0.7	2026-10-10	5
homepride-curry-sauce-400g	g	264	63	2.3	0.6	9.4	4.8	1.2	0.6	0.8	2026-10-10	5
homepride-tuna-pasta-bake-sauce-485g	g	359	86	5.6	0.7	6.9	4.7	1	1.6	1	2026-10-10	5
lee-kum-kee-satay-sauce-190g	g	1216	291	16	2.7	29	27		6	4.2	2026-10-10	5
loyd-grossman-bolognese-pasta-sauce-660g	g	246	59	2.2	<0.5	7.6	6.4	1	1.6	0.8	2026-10-10	5
loyd-grossman-no-added-sugar-pizza-sauce-350g	g	212	50	0.7	<0.5	7.9	5.3	2	2.1	0.5	2026-10-10	5
loyd-grossman-pasta-sauce-tomato-chilli-350g	g	258	62	3	<0.5	6.9	5.8	0.7	1.4	0.8	2026-10-10	5
loyd-grossman-tomato-mascarpone-350g	g	420	101	5.5	3.6	9.8	6.7	0.7	2.6	0.8	2026-10-10	5
mutti-tomato-pasta-sauce-with-chilli-400g	g	216	52	2.7	<0.5	4.6	4.2		1.5	1	2026-10-10	5
old-el-paso-170g-chipotle-tacos-cooking-sauce	g	355	85	4.8	<0.5	8	4	2	1.5	1.7	2026-10-10	5
old-el-paso-499g-sweet-paprika-garlic-soft-taco-kit	g	934	221	3.9	0.7	38.8	2.9	2.1	6.6	1.8	2026-10-10	5
old-el-paso-mexican-one-pan-chilli-garlic-rice-meal-for-chicken-kit-355g	g	879	208	1.2	<0.5	43.1	3.8	2.8	4.7	2.7	2026-10-10	5
old-el-paso-mexican-roasted-tomato-pepper-fajita-kit-500g	g	960	227	3.8	0.8	40.1	4.2	2.3	7	1.7	2026-10-10	5
old-el-paso-mexican-thick-n-chunky-mild-salsa-226g	g	149	35	0.5	<0.1	5.5	4.2	1.8	1.3	1.2	2026-10-10	5
ottolenghi-350g-kalamata-olive-harissa-sauce	g	696	168	13.8	2	7.6	4.9	2	1.8	2.8	2026-10-10	5
sacla-basil-pesto-190g	g	1905	462	45	6.1	9.3	4.8	1.9	3.9	2.9	2026-10-10	5
sacla-intenso-stir-in-tomato-mascarpone	g	517	125	10	6	5.4	3.3	2	2.3	1	2026-10-10	5
sacla-sun-dried-tomato-pesto-190g	g	1221	296	27	3.8	7.9	3.9	2.3	4.1	1.2	2026-10-10	5
sainsburys-320g-wholewheat-tortilla-wraps	g	1258	299	6.7	1.3	47.0	5.0	7.0	9.2	0.81	2026-10-10	5
sainsburys-bread-sauce-mix-inspired-to-cook-40g	g:cooked	359	85	1.7	1.1	12.7	5.9	<0.5	4.5	0.92	2026-10-10	5
sainsburys-creamy-mushroom-cooking-sauce-460g	g	261	63	4.0	2.2	5.9	1.6	<0.5	<0.5	0.71	2026-10-10	5
sainsburys-fried-aubergine-salted-ricotta-pasta-sauce-taste-the-difference-340g	g	395	95	5.5	0.9	6.3	5.9	4.0	3.1	0.65	2026-10-10	5
sainsburys-lighter-tomato-herb-bolognese-pasta-sauce-500g	g	131	31	<0.5	<0.1	5.4	4.8	1.2	1.3	0.64	2026-10-10	5
sainsburys-no-added-sugar-tomato-hidden-veg-pasta-sauce-500g	g	135	32	0.7	<0.1	4.5	3.9	1.3	1.3	0.61	2026-10-10	5
sainsburys-pesto-red-190g	g	1208	293	28.8	3.6	4.7	4.1	2.1	2.7	1.14	2026-10-10	5
sainsburys-stir-in-chargrilled-vegetable-pasta-sauce-150g	g	248	59	1.8	<0.1	8.6	6.7	1.8	1.2	0.80	2026-10-10	5
sainsburys-tomato-herb-pasta-sauce-700g	g	147	35	<0.5	<0.1	6.2	5.2	1.0	1.3	0.66	2026-10-10	5
schwartz-26g-creamy-parsley-sauce-mix	g	1673	397	11.6	7.2	59.2	5.9	3.7	12.2	7.4	2026-10-10	5
schwartz-40g-chicken-chasseur-recipe-mix	g	1403	331	1	0.5	69.5	4.4	2.7	9.6	10.2	2026-10-10	5
the-spice-tailor-mexican-taco-sauce-salsa-meal-kit-245g	g	487	116	5.5	0.7	13.3	9.7	2.1	2.4	1.4	2026-10-10	5
sacla-vegan-basil-pesto-190g	g	1414	342	32	4.1	9.6	1.2	2.4	2.8	1.2	2026-10-10	5
sainsburys-tomato-herb-bolognese-pasta-sauce-500g	g	150	36	<0.5	<0.1	6.4	5.1	<0.5	1.1	0.65	2026-10-10	5
heinz-tomato-chilli-pasta-sauce-350g	g	223	53	2.6	<0.5	5	4.1		1.7	0.7	2026-10-10	5
old-el-paso-10-small-mexican-gluten-free-white-corn-taco-tortilla-wraps-208g	g	1068	253	4.5	1.2	45.1	3.5	6.2	5	2.1	2026-10-10	5
capsicana-mexican-smoked-cumin-chipotle-for-fajitas-seasoning-mix-28g	g	1216	291	7.2	1	34	18	23	11	12.6	2026-10-10	5
sainsburys-zaatar-inspired-to-cook-35g	g	1765	427	31.6	5.2	9.0	1.7	23.2	15.1	10.25	2026-10-10	5
schwartz-creamy-mild-peppercorn-sauce-mix-25g	g	1545	366	7	2.1	58.2	8.9	3.7	15.8	8.5	2026-10-10	5
schwartz-shepherds-pie-recipe-mix-38g	g:as slod	1314	311	2.3	0.5	60.3	15	8	8.2	12.9	2026-10-10	5
maggi-air-fryer-shawarma-herbs-spices-recipe-mix-for-chicken-25g	g	1298	308	5.7		51.5		9.6	7.8	15.7	2026-10-10	5
leon-250g-red-thai-style-lentil-curry	g	485	116	4.6	3	12	3.1	3.9	4.7	0.5	2026-10-10	5
nissin-yakitori-chicken-big-wok-style-soba-cup-noodles-113g	g	886	212	9.3	3.8	25.7	4.3		5.1	1.5	2026-10-10	5
batchelors-big-super-noodles-pot-curry-flavour-100g	g:as prepared	553	132	5.1	2.6	18	1	1.5	2.8	0.6	2026-10-10	5
sainsburys-golden-vegetable-savoury-rice-105g	g:cooked	428	101	<0.5	0.2	21.3	0.7	1.7	2.0	0.28	2026-10-10	5
naked-noodle-thai-sweet-chilli-egg-noodles-78g	g:as consumed	383	90	<0.5	<0.5	18.7	2.2	1.2	2.6	0.9	2026-10-10	5
mama-instant-rice-noodles-225g	g	1512	356	<0.1	<0.5	82	<0.1	1.1	6.4	<0.5	2026-10-10	5
sainsburys-rice-noodles-250g	g	566	134	<0.5	<0.1	28.9	<0.5	1.9	2.4	<0.01	2026-10-10	5
thai-dragon-pad-thai-rice-noodles-200g	g	1559	367	<0.5	<0.5	84	<0.5	2.2	6.7	<0.5	2026-10-10	5
sainsburys-sushi-rice-taste-the-difference-500g	g:cooked	694	164	<0.5	0.2	36.2	<0.5	1.0	3.3	<0.01	2026-10-10	5
tilda-microwave-rice-lime-coriander-basmati-250g	g	560	133	3	1.9	23.4	0.6	1.1	2.5	<0.5	2026-10-10	5
lee-kum-kee-premium-dark-soy-sauce-500ml	g	631	148	0.5	<0.5	31	17		6.1	19.3	2026-10-10	5
blue-dragon-reduced-sugar-sweet-chilli-dipping-sauce-295g	g	653	156	0.5	<0.5	38	26	<0.1	0.5	2.6	2026-10-10	5
amoy-soy-sauce-light-150ml	ml	231	54	<0.5	<0.5	11.8	9.9		1.7	15.3	2026-10-10	5
gymkhana-classic-tandoori-marinade-190g	g	763	183	12.2	5.1	11.1	6.4	3.8	5.4	2.2	2026-10-10	5
maggi-authentic-malaysian-extra-hot-chilli-sauce-320g	g	453	107	<0.1		25.3		1.4	0.7	2.6	2026-10-10	5
al-fez-450g-shakshuka-eggs-cooking-sauce	g	253	61	2.7	<0.5	6.8	4.2	1.6	1.2	0.7	2026-10-10	5
blue-dragon-satay-paste-170g	g	828	198	11	1.9	18	14	2.1	4.3	1.8	2026-10-10	5
blue-dragon-thai-green-curry-meal-kit-253g	g	804	192	17	15	7.5	3.1	2.7	2.4	1	2026-10-10	5
dunn-s-river-whole-pimento-70g	g	1457	348	8.7	2.6	51	<0.1	22	6.2	<0.5	2026-10-10	5
itsu-150g-heat-eat-udon-noodles	g	526	124	0.5	<0.5	27	<0.5	1.8	3.3	0.5	2026-10-10	5
kohinoor-375g-butter-chicken-meal-kit	g	906	215	4.3		38		1.6	5.2	0.9	2026-10-10	5
loyd-grossman-thai-green-curry-sauce-350g	g	455	110	7.7	7	7.7	5	2.1	1.3	0.8	2026-10-10	5
nissin-demae-ramen-japanese-noodlesoup-beef-flavour-100g	ml:prepared product	387	93	4.1	2.1	11.3	0.6		2	1	2026-10-10	5
patak-s-indian-2-x-70g-tikka-masala-curry-paste-pots	g	1117	270	22.9	1.7	7.8	0.8		3	4.7	2026-10-10	5
patak-s-indian-290g-korma-curry-paste	g	952	229	15.5	2.6	14.9	9.2		3.1	4.8	2026-10-10	5
sainsburys-canned-bamboo-shoots-in-water-225g	g:as drained	53	13	0	0	1.5	0.6	1.6	0.9	0.03	2026-10-10	5
sainsburys-chow-mein-stir-fry-sauce-240g	g	364	86	1.0	0.2	18.3	12.7	0.8	0.6	1.36	2026-10-10	5
sainsburys-hot-madras-curry-paste-inspired-to-cook-200g	g	424	101	3.7	0.4	12.1	5.1	5.7	2.2	0.85	2026-10-10	5
sainsburys-rich-rogan-josh-curry-paste-inspired-to-cook-200g	g	566	136	7.4	0.6	10.4	6.0	8.7	2.7	0.83	2026-10-10	5
sainsburys-sweet-sour-cooking-sauce-500g	g	285	67	<0.5	<0.1	15.5	12.4	<0.5	<0.5	0.37	2026-10-10	5
sainsburys-thai-inspired-green-curry-inspired-to-cook-180g	g	608	146	8.9	0.7	14.3	8.0	2.5	0.9	1.04	2026-10-10	5
sharwood-s-chinese-curry-cooking-sauce-425g	g	213	51	1.5	<0.5	7.8	3.9	1.4	0.8	1	2026-10-10	5
sharwood-s-prawn-crackers-60g	g	2149	514	27.1	2.3	64.6	7	1.7	2	1.7	2026-10-10	5
stamford-street-co-sweet-sour-sauce-500g	g	221	52	<0.5	<0.1	12.4	8.9	<0.5	<0.5	0.43	2026-10-10	5
the-spice-tailor-fiery-goan-curry-paste-120g	g	732	175	4.6	1.2	25.7	7.9	8	3.6	4.5	2026-10-10	5
the-spice-tailor-malaysian-laksa-curry-sauce-kit-275g	g	704	170	14	9.4	7.9	4.4	2.5	2.3	1.7	2026-10-10	5
village-roasted-aubergine-680g	g	80	19	<0.5	<0.1	2.1	2		1	1	2026-10-10	5
itsu-5-x-20g-miso-easy-chilli-soup	g	632	151	7.5	1.2	11	6.9	2.5	8.3	9.1	2026-10-10	5
sensations-lime-coriander-chutney-sharing-poppadoms-82-5g	g	197	471	22	2	59	3	4.4	7		2026-10-10	5
ambrosia-400g-tapioca-pudding-dessert-can	g	328	78	1.6	1.1	13.2	8.6	0.5	2.6	<0.5	2026-10-10	5
ambrosia-light-150g-low-fat-reduced-sugar-rice-pudding-dessert-snack-pot	g	326	77	1.3	0.7	13.1	6	0.5	3.2	<0.5	2026-10-10	5
angel-delight-4-x-lemonade-jelly-strawberry-boba-bubble-dessert-snack-pots	g	280	66	0.5	<0.5	16.1	16	0.6	0.5	<0.5	2026-10-10	5
angel-delight-cake-shop-59g-birthday-cake-flavour-dessert-mix-kit	g:as prepared	445	106	2.9		15.7		1.4	3.5	0.5	2026-10-10	5
askeys-ice-cream-cup-cornets-x21	g	1610	380	2.7	<0.5	78.5	0.5		9.2	0.5	2026-10-10	5
aunty-s-delicious-2-x-95g-caramelised-biscuit-steamed-puds	g	1220	291	4.4	1.3	57.7	37.3	0.7	3.5	0.7	2026-10-10	5
carnation-450g-pistachio-flavour-drizzle-sauce	g	1363	323	8.1		54.8		<0.1	7.5	<0.5	2026-10-10	5
edlers-sweet-pastry-case-195g	g	2030	485	26.7	9.6	55.8	14		5.5		2026-10-10	5
hartley-s-10-cal-mango-and-passionfruit-jelly-pot-175g	g	20	5	0.5	<0.5	0.5	0.5		0.5	<0.5	2026-10-10	5
hartley-s-175g-strawberry-watermelon-flavour-protein-collagen-jelly	g	105	25	0.5	<0.1	0.5	0.5		5.7	<0.5	2026-10-10	5
hartley-s-700g-mango-passion-fruit-flavour-jelly-pot	g	19	5	0.5	<0.5	0.5	0.5		0.5	<0.5	2026-10-10	5
hartley-s-strawberry-flavour-juicy-jelly-pouches-4-x-90g	g	252	59	0.5	<0.5	14	12		0.5	<0.5	2026-10-10	5
mr-kipling-2-x-signature-belgian-chocolate-brownie-sponge-pudding-dessert-cake-pots	g	1447	344	12.2	7.9	54.5	33	1.6	3.3	<0.5	2026-10-10	5
sainsburys-6-x-dipped-waffle-cones-taste-the-difference	g	1917	456	16.2	13.1	70.2	33.0	3.4	5.7	0.19	2026-10-10	5
sainsburys-cup-cones-x21	g	1610	380	2.7	0.4	78.5	<0.5	2.3	9.2	0.49	2026-10-10	5
sainsburys-mango-passionfruit-coulis-taste-the-difference-250g	ml	656	155	1.0	0.3	34.7	27.0	0.9	1.2	<0.01	2026-10-10	5
sainsburys-raspberry-sauce-taste-the-difference-290g	g	978	230	<0.5	0.2	56.2	48.0		0.7	0.03	2026-10-10	5
sainsburys-sponge-fingers-175g	g	1689	399	3.9	0.9	82.7	52.1	2.1	7.2	0.13	2026-10-10	5
sainsburys-waffle-cones-taste-the-difference-x10	g	1714	406	5.9	4.0	79.2	31.0		6.9	0.35	2026-10-10	5
wibble-4-x-125g-cola-jelly-pots	g	84	20	0.5	<0.5	5.4	4.9		0.5	<0.5	2026-10-10	5
sainsburys-free-from-400g-christmas-pudding	g	1361	323	7.6	4.6	59.3	40.2	4.3	2.2	0.19	2026-10-10	5
ambrosia-4-x-120g-rice-pudding-dessert-snack-pots	g	398	94	2	1.1	15.9	8.7	0.5	3.1	<0.5	2026-10-10	5
ambrosia-devon-150g-custard-dessert-snack-pot	g	406	96	2.9	1.5	14.8	10.6	0.5	2.8	<0.5	2026-10-10	5
ambrosia-light-1kg-low-fat-reduced-sugar-custard-dessert-carton	g	329	78	2	1	12.1	7.4	0.5	2.9	<0.5	2026-10-10	5
ambrosia-my-mini-6-x-55g-reduced-sugar-custard-lunchbox-snack-pots	g	369	88	3	1.5	12.3	8	0.5	2.9	<0.5	2026-10-10	5
bird-s-350g-ready-to-make-original-custard-powder-dessert-mix	g:as prepared with semiski	350	83	1.5	1	14.2	9.5	0.5	3.1	<0.5	2026-10-10	5
green-s-carmelle-mix-70g	g	373	88	1.4	0.9	16	15		3.2	<0.5	2026-10-10	5
hartley-s-lime-jelly-135g	g:as prepared	278	66	0.5	<0.5	15	14		1.2	<0.5	2026-10-10	5
hartley-s-sugar-free-orange-jelly-twin-pack-23g	g:as prepared	25	6	0.5	<0.5	0.5	0.5		1.3	<0.5	2026-10-10	5
sainsburys-ready-to-eat-custard-1kg	g	441	105	3.0	1.4	16.7	10.7	<0.5	2.5	0.15	2026-10-10	5
wibble-raspberry-jelly-flavour-57g	g:as prepared	57	14			8.5	3.5			<0.5	2026-10-10	5
buckwud-organic-maple-syrup-250g	g	1150	271	0.5	<0.5	65	61	0.5	0.5	<0.5	2026-10-10	5
sweet-freedom-caramel-syrup-350g	g	1175	277	<0.1	<0.1	70		5.3	<0.1	<0.1	2026-10-10	5
allinson-s-strong-white-bread-flour-1kg	g	1477	348	1.7	<0.5	70	0.5	3.3	12	<0.5	2026-10-10	5
allinson-wholemeal-plain-flour-1kg	g	1478	350	2.6	0.5	65	1.4	10	12	<0.5	2026-10-10	5
doves-farm-organic-self-raising-wholemeal-flour-1kg	g	1395	330	2.1	<0.5	64	0.6	11	9	1	2026-10-10	5
doves-farm-organic-white-spelt-flour-1kg	g	1493	352	2	<0.5	72	<0.5	3.5	10	<0.5	2026-10-10	5
mcdougalls-1-1kg-pre-sifted-plain-flour	g	1614	381	1.4	<0.5	80.9	0.6	4	9.1	<0.1	2026-10-10	5
sainsburys-extra-fine-sponge-flour-taste-the-difference-1kg	g	1458	344	1.0	0.3	73.0	1.0	2.5	9.4	0.84	2026-10-10	5
sainsburys-very-strong-canadian-bread-flour-taste-the-difference-1kg	g	1480	349	1.4	1.3	68.0	0.9	2.6	14.8	0.02	2026-10-10	5
ambrosia-devon-400g-custard-dessert-can	g	406	96	2.9	1.5	14.8	10.6	0.5	2.8	<0.5	2026-10-10	5
sainsburys-plain-flour-1-5kg	g	1461	345	1.6	0.3	70.9	<0.5	4.4	9.5	<0.01	2026-10-10	5
sainsburys-icing-sugar-1kg	g	1700	400	<0.5	<0.1	100.0	97.0	<0.5	<0.5	0.02	2026-10-10	5
sainsburys-fusilli-pasta-1kg	g	696	164	0.7	0.2	33.2	0.7	1.5	5.5	<0.01	2026-10-10	5
sainsburys-fairtrade-golden-caster-sugar-1kg	g	1702	400	<0.5	<0.1	100.0	100.0	<0.5	<0.5	0.08	2026-10-10	5
heinz-tomato-ketchup-910g	g	435	102	<0.5	<0.5	23.2	22.8	<0.1	1.2	1.8	2026-10-10	5
nescafe-cappuccino-instant-coffee-sachets-x7-108-5g	ml	116	27	0.6	0.5	4.7	3.6	<0.5	0.6	<0.5	2026-10-10	5
jacob-s-crispbreads-mixed-seed-crackers-5x38g	g	1898	452	16.8	6.6	63.9	4.5	3.8	9.5	1.1	2026-10-10	5
kitkat-4-finger-milk-chocolate-biscuit-bar-multipack-x4-41-5g	g	2101	502	24.3		62.5		2.3	6.9	<0.5	2026-10-10	5
stamford-street-co-milk-chocolate-100g	g	2214	530	28.8	18.9	60.0	58.1	2.0	6.6	0.21	2026-10-10	5
carr-s-table-water-crackers-125g	g	1759	417	7.7	3.3	74.7	1.5	4.2	10.1	1.5	2026-10-10	5
jacob-s-baked-cheddars-cheese-crackers-150g	g	2225	533	33	16.4	46.8	4.2	2.8	10.6	1.6	2026-10-10	5
jacob-s-cream-cracker-snackpack-x8-185g	g	1848	439	13.6	6.3	67.7	0.6	3	10	1.3	2026-10-10	5
jacob-s-original-cream-crackers-200g	g	1848	439	13.6	6.3	67.7	0.6	3	10	1.3	2026-10-10	5
tuc-crackers-savoury-sandwich-150g	g	2198	526	29.3	15.4	57.1	9.9	1	8	1.4	2026-10-10	5
walkers-cheese-onion-multipack-crisps-6x25g	g	2137	512	29	2.4	53	2.6	4	6.6	1.2	2026-10-10	5
stamford-street-co-salted-peanuts-200g	g	2618	632	52.6	6.5	7.2	3.6	7.3	29.0	0.62	2026-10-10	5
nature-s-path-gluten-free-granola-mixed-berry-300g	g	1954	467	13	1.9	73	27	6.7	10	0.5	2026-10-10	5
sainsburys-free-from-4-x-banoffee-mini-loaf-cakes-255g	g	1894	452	21.8	6.1	61.7	41.3	<0.5	2.1	0.23	2026-10-10	5
sainsburys-free-from-blueberry-muffins-taste-the-difference-x2	g:muffin	1516	361	15.2	2.4	52.1	28.5	0.8	3.6	0.39	2026-10-10	5
sainsburys-free-from-flapjack-bites-240g	g	1869	446	21.1	8.5	56.7	26.1	3.5	5.7	0.24	2026-10-10	5
sch-r-420g-panettone-with-sultanas-cake	g	1235	295	12	7.2	39	21	6.9	4	1	2026-10-10	5
kettle-chips-sea-salt-crushed-black-peppercorns-sharing-crisps-130g	g	2027	485	23.5	2.7	58.4	0.9	4	8.1	0.7	2026-10-10	5
kettle-chips-lightly-salted-multipack-crisps-5x25g	g	2155	516	29.5	2	53.7	<0.5	5	6.5	0.7	2026-10-10	5
kallo-organic-lightly-salted-rice-cakes-130g	g	1671	394	2.7	0.7	82.3	0.5		8.5	<0.5	2026-10-10	5
angus-oink-rub-me-the-general-tex-mex-fajita-meat-vegetable-seasoning-30g	g	1274	303	5.5	0.7	50	34.8	14.5	6.6	18.1	2026-10-10	5
bart-36g-harissa-spice-blend	g	1197	287	10.9	1.2	24.8	2.5		12.6	20.2	2026-10-10	5
brewdog-punk-ipa-bbq-rub-25g	g	1348	320	5.8	0.8	57	43	10.2	5.1	14.2	2026-10-10	5
cape-herb-spice-rub-texan-steakhouse-seasoning-100g	g	912	217	5.1		33.2		8.8	5.2	39.1	2026-10-10	5
colman-s-hot-chilli-con-carne-recipe-mix-37g	g:prepared	364	87	2.8	0.9	6.1	1.7	2.8	8.1	0.5	2026-10-10	5
colman-s-recipe-mix-cottage-pie-45g	g:prepared	425	102	2.3	1.1	11	2.7	1.9	8.2	0.5	2026-10-10	5
colman-s-tuna-pasta-bake-recipe-mix-44g	g:prepared	493	118	2.2	1.1	16	2.6	1.4	7.6	0.5	2026-10-10	5
dunn-s-river-caribbean-seasoning-100g	g	990	238	12	0.8	14	6.8		12	40.5	2026-10-10	5
knorr-aromat-seasoning-90g	g:unprepared	612	146	3.5	1.2	16	7.1	0.6	13	58.1	2026-10-10	5
nando-s-peri-peri-salt-70g	g	733	175	3.6	0.7	26.5	12.9		4.9	51.5	2026-10-10	5
sainsburys-ancho-chilli-flakes-27g	g:typical analysis	1562	376	17.3	3.3	29.4	10.3		12.0	0.08	2026-10-10	5
sainsburys-black-peppercorns-275g	g:typical analysis	1159	277	3.3	1.4	38.7	0.6		10.4	1.50	2026-10-10	5
sainsburys-caraway-seed-43g	g:typical analysis	1383	334	14.6	0.6	11.9	0.6		19.8	0.04	2026-10-10	5
sainsburys-chinese-5-spice	g:typical analysis	1360	327	11.0	0.8	28.7	0.7		12.6	0.09	2026-10-10	5
sainsburys-coarse-sea-salt-350g	g	4.2	1	<0.5	<0.1	<0.5	<0.5		<0.5	97.25	2026-10-10	5
sainsburys-crushed-chillies-85g	g:typical analysis	1562	376	17.3	3.3	29.4	10.3		12.0	0.08	2026-10-10	5
sainsburys-fennel-seed-34g	g:typical analysis	1351	327	14.9	0.5	12.5	<0.5		15.8	0.22	2026-10-10	5
sainsburys-garlic-pepper-50g	g:typical analysis	1250	297	2.5	0.9	45.8	6.4		12.4	0.07	2026-10-10	5
sainsburys-ground-cloves-37g	g:typical analysis	1578	381	20.1	5.4	27.0	2.4		6.0	0.61	2026-10-10	5
sainsburys-ground-ginger-38g	g:typical analysis	1464	348	5.9	1.9	58.3	<0.5		9.1	0.08	2026-10-10	5
sainsburys-ground-turmeric-120g	g	1412	338	9.9	3.1	43.8	3.2		7.8	0.10	2026-10-10	5
sainsburys-italian-style-herb-blend-38g	g:typical analysis	1230	296	7.9	2.5	24.8	2.6		13.7	0.14	2026-10-10	5
sainsburys-makrut-lime-leaves-2g	g:typical analysis	1322	317	1.0	<0.1	35.4	<0.5		15.5	0.69	2026-10-10	5
sainsburys-mixed-herbs-14g	g:typical analysis	1208	291	7.9	2.5	23.1	3.1		13.1	0.25	2026-10-10	5
sainsburys-nigella-seeds-48g	g:typical analysis	1807	438	30.6	4.8	1.4	1.4		21.3	0.07	2026-10-10	5
sainsburys-paprika-44g	g:typical analysis	1342	324	13.0	2.1	18.3	10.3		14.8	0.09	2026-10-10	5
sainsburys-pink-peppercorns-24g	g	1437	345	12.4	4.1	37.2	26.4		6.4	0.28	2026-10-10	5
sainsburys-rosemary-22g	g:typical analysis	1352	328	15.2	7.4	21.5	7.3		4.9	0.13	2026-10-10	5
sainsburys-sesame-seeds-50g	g:typical analysis	2190	531	49.0	6.0	<0.5	<0.5		17.0	0.03	2026-10-10	5
sainsburys-steak-seasoning-inspired-to-cook-54g	g	1295	309	8.7	0.9	36.2	9.5	16.3	13.4	11.59	2026-10-10	5
sainsburys-whole-black-peppercorns-100g	g:typical analysis	1159	277	3.3	1.4	38.7	0.6		10.4	1.50	2026-10-10	5
saxa-so-low-reduced-sodium-salt-350g	g	0.1	0.1	<0.1	<0.1	<0.1	<0.1	<0.1	<0.1	47.3	2026-10-10	5
stamford-street-co-ground-cinnamon-38g	g:typical analysis	1006	243	1.2	0.3	27.5	2.2	53.1	4.0	0.03	2026-10-10	5
tellicherry-pepper-grinder-45g	g	2963	719	64.2	1.0	11.2	0.6	26.5	11.0	0.11	2026-10-10	5
colman-s-original-english-squeezy-mustard-150g	g:unprepared	796	190	10	0.7	16	11	3	6.6	8.4	2026-10-10	5
nando-s-peri-peri-rub-medium-25g	g:average quantity	1285	304	3.3	0.5	59.7	49.3		5.1	16.9	2026-10-10	5
al-fez-25g-turkish-style-chicken-shish-kebab-spice-mix-seasoning	g	910	218	7.8	1.1	18	8.8		10	17.4	2026-10-10	5
fudco-jeera-powder-100g	g	1569	375	22	2	44	2	11	18	?	2026-10-10	5
nando-s-100g-medium-air-fryer-seasoning	g:average quantity	1280	303	3.6	0.6	59.2	36.3		4.4	17.7	2026-10-10	5
nishaan-minced-garlic-283g	g	318	76	<0.5		13.3		2.4	4	1	2026-10-10	5
prymat-20g-minced-meat-stuffing-meatballs-seasoning-sachet	g:of product	983	235	5.6	0.5	29	12		10	32.1	2026-10-10	5
shan-50g-biryani-mix-masala	g	1738	413	12.5		62.5		25	12.5	25	2026-10-10	5
suhana-vegetable-biryani-masala-spice-mix-50g	g	1644	393	10	1.6	70	11	7.2	5.8	32.3	2026-10-10	5
betty-crocker-345g-honeycomb-blondie-brownie-mix	g	1667	393	4	2.1	85.6	54.3	0.9	5.3	0.6	2026-10-10	5
betty-crocker-bake-smart-sugar-free-vanilla-cake-mix-350g	g:cake mix	1704	403	7	3.4	78.3	0.6	1.3	6.2	1.3	2026-10-10	5
betty-crocker-devil-s-food-chocolate-cake-mix-425g	g:cake mix	1565	370	4.9	3	73.2	46.4	3.1	6.8	2	2026-10-10	5
betty-crocker-strawberry-cake-mix-425g	g:cake mix	1654	391	4.5	2.6	80.9	46.4	1.1	6	1.3	2026-10-10	5
cadbury-265g-baking-chocolate-cookie-cake-mix	g:as baked	1965	470	20.6	5.3	62.4	36.9	4.4	6.4	<0.5	2026-10-10	5
cake-d-cor-114g-christmas-sprinkles	g	1633	386	1.5	1.5	93.5	59.6		<0.5	<0.5	2026-10-10	5
cake-decor-chocolate-strands-65g	g	1789	423	5.4	3.4	92.1	82.5		1	<0.5	2026-10-10	5
crazy-jack-organic-pine-nuts-100g	g	2938	712	68	4.8	9.4	3.6	3.7	13.7	<0.5	2026-10-10	5
dr-oetker-4-x-19g-chocolatey-decorating-icing	g	1598	378	7.6	3.1	76	72	1.3	0.9	<0.1	2026-10-10	5
dr-oetker-old-school-cake-mix-vanilla-436g	g:as prepared	1379	327	7.4	1.8	60	44	0.5	4.4	0.6	2026-10-10	5
food-thoughts-400g-velvety-chocolate-flavour-frosting	g	1719	409	16	8	64	60		1.2	0.7	2026-10-10	5
haunted-house-of-cake-12-x-halloween-sugar-decorations	g	1666	398	<0.5		98.7			0.7	<0.5	2026-10-10	5
house-of-cake-blue-ombre-rose-cake-decorations-x16	g	1666	398	<0.5		98.7			0.7	?	2026-10-10	5
house-of-cake-daisies-sugar-piping-x12	g	1666	398	<0.5		98.7			0.7	?	2026-10-10	5
jif-lemon-lemon-juice-100ml	ml:unprepared	129	31	0.5	<0.5	6.9	2.4	0.5	0.5	<0.5	2026-10-10	5
naturya-cacao-powder-250g	g	1302	311	11	6.6	11	0.5	34	23	<0.5	2026-10-10	5
naturya-superfood-breakfast-boost-superberries-150g	g	1890	454	25	3.5	33	31	9.2	19	<0.5	2026-10-10	5
sainsburys-325g-brownie-yule-log-mix	g:cooked	1863	447	29.9	12.0	38.7	23.0	1.5	5.0	0.06	2026-10-10	5
sainsburys-411g-with-brandy-matured-mincemeat	g	1341	317	2.1	1.2	67.6	56.8	2.1	0.9	<0.01	2026-10-10	5
sainsburys-75g-candy-cane-gingerbread-sprinkles	g	1738	410	3.7	2.2	93.7	77.6	<0.5	<0.5	0.05	2026-10-10	5
sainsburys-american-peppermint-extract-taste-the-difference-38ml	?			<1	<1	<1	<1		<1	<1	2026-10-10	5
sainsburys-blanched-hazelnuts-100g	g	2785	675	63.5	4.6	5.7	3.8	7.1	16.6	0.02	2026-10-10	5
sainsburys-cake-decorations-gold-stars-50g	g	1853	439	10.4	6.4	84.9	77.0	0.7	1.1	0.05	2026-10-10	5
sainsburys-cashews-30g	g	2580	622	48.5	8.0	23.3	10.2	3.6	21.4	0.02	2026-10-10	5
sainsburys-chocolate-fudge-cake-mix-502g	g:cooked	1627	388	15.8	7.0	54.6	41.6	3.1	5.3	0.25	2026-10-10	5
sainsburys-cookie-mix-275g	g	1965	470	22.8	13.0	59.4	33.8	3.0	5.1	0.41	2026-10-10	5
sainsburys-diced-stem-ginger-in-sugar-syrup-225g	g	1241	292	<0.5	0.2	71.9	66.2	<0.5	<0.5	0.10	2026-10-10	5
sainsburys-fairtrade-peanuts-100g	g	2480	598	46.0	8.7	12.5	6.2	8.5	29.3	<0.01	2026-10-10	5
sainsburys-free-from-310g-chocolate-chunk-cookie-baking-mix	g:cooked	1677	398	9.4	4.3	72.7	43.3	1.5	4.8	0.83	2026-10-10	5
sainsburys-goji-berries-100g	g	1374	326	3.1	1.2	56.9	51.5	12.3	11.4	0.93	2026-10-10	5
sainsburys-ground-almonds-500g	g	2650	641	55.8	4.4	6.9	4.2	6.2	24.6	0.02	2026-10-10	5
sainsburys-macadamia-nut-halves-100g	g	3130	760	77.6	11.2	4.8	4.0	5.3	7.9	0.07	2026-10-10	5
sainsburys-moroccan-almond-extract-taste-the-difference-38ml	?			<1	<1	<1	<1		<1	<1	2026-10-10	5
sainsburys-pistachio-nuts-100g	g	2503	604	49.5	6.2	11.6	7.4	6.6	24.7	0.06	2026-10-10	5
sainsburys-raisins-seedless-1kg	g	1260	297	<0.5	0.2	69.3	69.3	3.9	2.1	0.02	2026-10-10	5
sainsburys-seed-mix-100g	g	2537	614	53.0	7.5	2.3	2.2	10.3	26.7	0.12	2026-10-10	5
sainsburys-sweet-sponge-cake-mix-600g	g:cooked	1325	314	8.0	3.3	54.4	26.5	1.4	5.5	0.31	2026-10-10	5
sainsburys-vanilla-sponge-400g	g:cooked	1341	318	7.4	3.1	55.9	29.5	1.5	6.2	0.34	2026-10-10	5
sainsburys-whole-almonds-100g	g	2724	658	55.8	4.4	6.9	4.2	6.2	29.0	0.02	2026-10-10	5
silver-spoon-golden-ready-to-roll-marzipan-500g	g	1792	426	12.4	1.3	72	65.4		5.6	<0.5	2026-10-10	5
the-chia-co-chia-seed-shaker-230g	g	1870	447	35	4	4.5	1	38	20	<0.5	2026-10-10	5
wicked-cupcake-kit-319g	g:baked as directed baked	1650	393	15.9	9.5	59.1	52.3	1	3	<0.5	2026-10-10	5
yum-yay-splendid-milled-mixed-seeds-200g	g	2301	557	46	5.6	1.8	1.5	18.4	24.8	<0.5	2026-10-10	5
creative-nature-whole-grain-banana-bread-mix-250g	g	1596	379	6.5	0.7	76	37	4.6	6	<0.5	2026-10-10	5
sainsburys-raisins-so-organic-500g	g	1202	283	<0.5	<0.1	66.0	66.0	3.7	2.1	0.02	2026-10-10	5
allinson-s-vitamin-d-fast-action-yeast-6-x-7g	g:yeast	1361	325	7.6	1	41.2	<0.1		40.4	<0.5	2026-10-10	5
sainsburys-cream-of-tartar-160g	g	1049	247	<0.5	<0.1	61.5	<0.5		<0.5	0.13	2026-10-10	5
sainsburys-oaty-crumble-225g	g	1878	447	16.2	6.7	67.9	30.8	3.0	5.9	0.11	2026-10-10	5
freee-gluten-free-plain-white-flour-1kg	g	1498	353	1.3	<0.5	80	<0.5	0.8	5	<0.5	2026-10-10	5
betty-crocker-tempting-chocolate-icing-400g	g	1708	407	16	8.8	63.8	61.2	1.5	1.1	0.7	2026-10-10	5
cadbury-400g-baking-chocolate-cake-icing	g	1725	410	13.5	5.6	70.4	66.4	1.5	1	0.6	2026-10-10	5
sainsburys-ready-to-roll-blue-icing-250g	g	1728	408	6.2	3.3	87.9	87.9	<0.5	<0.5	0.04	2026-10-10	5
sainsburys-ready-to-roll-white-icing-500g	g	1748	413	6.7	3.7	87.9	81.3	<0.5	<0.5	0.04	2026-10-10	5
silver-spoon-white-ready-to-roll-icing-1kg	g	1697	401	5.2	2.5	87.6	82.3		<0.5	<0.5	2026-10-10	5
food-thoughts-organic-cocoa-powder-125g	g	1615	386	21	13.2	12.4	<0.5	31	22.3		2026-10-10	5
fudco-pistachio-kernels-200g	g:serving	2330		44	5	28	8	41	21		2026-10-10	5
roasted-sunflower-seeds-detelina-75g	g	2653	640	50	5	24	3	9	19	2.5	2026-10-10	5
linwoods-milled-chia-seed-200g	g	1991	482	35		7.1		28	20	<0.5	2026-10-10	5
dr-oetker-dark-cooking-chocolate-bar-100g	g	2109	506	29	18	50	45		6.5	<0.5	2026-10-10	5
dr-oetker-white-chocolate-chip-chunks-100g	g	2324	557	33	20	60	59		4.1	<0.5	2026-10-10	5
menier-swiss-dark-chocolate-100g	g	2509	605	47.3	24.3	30.6	26.5	9.6	9.4	<0.5	2026-10-10	5
sainsburys-belgian-cooking-chocolate-milk-200g	g	2270	544	31.7	19.5	55.9	53.2	2.3	7.7	0.13	2026-10-10	5
sainsburys-milk-chocolate-chips-100g	g	2147	513	25.8	15.8	63.2	62.4	1.3	6.3	0.20	2026-10-10	5
forest-feast-slow-roasted-sea-salt-black-peppercorn-nut-mix-120g	g	2092	500	40.5	4.5	20.6	6.5	6.5	17.9	1.4	2026-10-10	5
sainsburys-milk-chocolate-brazil-nuts-taste-the-difference-150g	g	2517	607	47.1	19.5	32.4	32.4	6.4	10.1	0.11	2026-10-10	5
sainsburys-salted-cashew-200g	g	2679	647	54.3	7.9	18.2	4.9	2.7	20.0	0.93	2026-10-10	5
fudco-walnut-halves-extra-light-175g	g	2837	688	68.5	5.6	3.3	2.6	3.5	14.7		2026-10-10	5
natco-walnut-halves-700g	g	2844	689	65.2	6.1	7	2.6	6.7	15.2		2026-10-10	5
sainsburys-lime-infused-mango-taste-the-difference-100g	g:typical analysis	1402	331	0.7	0.3	75.8	64.3	7.1	1.8	0.27	2026-10-10	5
sainsburys-soft-apricots-so-organic-250g	g	962	228	<0.5	<0.1	49.2	36.4	9.5	2.7	<0.01	2026-10-10	5
fruit-bowl-5-x-10g-strawberry-peelers	g	1312	310	0.5	<0.5	72		6.3	1.6	<0.5	2026-10-10	5
batchelors-pasta-n-sauce-200g-bolognese-instant-microwave-ready-meal-pouch	g	406	97	3.2	<0.5	10.8	1.3	1.7	5.3	<0.5	2026-10-10	5
gran-luchito-430g-mexican-refried-beans-with-smoky-chipotle	g	460	110	0.5		20			7	1.8	2026-10-10	5
pot-noodle-114g-original-curry-instant-block-noodles	g:prepared	459	110	3.7	<0.5	16	1.4	0.5	2.3	0.6	2026-10-10	5
pot-pasta-creamy-carbonara-instant-hot-snack-69g	g:prepared	390	93	2.6	0.9	14	1.9	0.6	3.3	0.7	2026-10-10	5
jamie-oliver-mighty-mushroom-grains-250g	g	555	132	2.1		22		3.8	4.3	0.6	2026-10-10	5
natco-1kg-powa-rice-flakes	g:uncooked	1527	356	0.7	<0.5	80	<0.5	1.3	7.1		2026-10-10	5
bonne-maman-275g-salted-butter-caramel-spread	g	1642	393	15	6	62	46	0.55	2	0.8	2026-10-10	5
bonne-maman-caramelised-apple-spread-275g	g	1452	347	16	10	49	48	1.6	<0.5	<0.5	2026-10-10	5
bonne-maman-hazelnut-chocolate-spread-360g	g	2299	551	34	4.5	53	51	3.3	6.7	<0.5	2026-10-10	5
bonne-maman-peach-conserve-370g	g	1024	241	<0.5	<0.1	59	59	1.3	<0.5	<0.1	2026-10-10	5
bonne-maman-wild-blueberry-conserve-370g	g	1024	241	<0.5	<0.1	59	59	1.5	<0.5	<0.1	2026-10-10	5
hartley-s-300g-seedless-apple-blackcurrant-fruit-jam	g	1020	240	0.5	<0.1	59	59		0.5	<0.5	2026-10-10	5
hartley-s-strawberry-seedless-jam-300g	g	1019	240	0.5	<0.1	59	59		0.5	<0.5	2026-10-10	5
lotus-biscoff-smooth-spread-400g	g	2435	584	38.1	7.6	57	36.8	0.8	2.9	0.6	2026-10-10	5
maltesers-chocolate-spread-350g	g	2314	555	34	7.7	57	55		4.3	<0.5	2026-10-10	5
manilife-original-roast-smooth-peanut-butter-275g	g	2659	642	53.9	6.2	12.2	6.3	5.8	24.3	0.9	2026-10-10	5
marmite-reduced-salt-yeast-extract-spread-250g	g:unprepared	1153	271	0.5	<0.5	29	0.6	0.9	39	6.1	2026-10-10	5
meridian-crunchy-peanut-butter-280g	g	2514	606	47	6.3	16	5.3	8.1	26	<0.5	2026-10-10	5
nutella-hazelnut-chocolate-spread-350g	g			30.9	10.6	57.5	56.3		6.3	<0.5	2026-10-10	5
pip-nut-chocolate-hazelnut-spread-165g	g	2578	623	52	8	19	9.1	8.8	15	0.8	2026-10-10	5
pip-nut-peanut-butter-1kg	g	2469	593	49	6.2	11	6.6	7.5	27	0.5	2026-10-10	5
pip-nut-the-ultimate-crunchy-peanut-butter-1kg	g	2474	594	49	6.5	12	6.4	7.4	26	0.7	2026-10-10	5
princes-sardine-tom-paste-75g	g	645	154	8.1	2	5.6	1.6	0.9	14.3	1.4	2026-10-10	5
rose-s-lemon-lime-marmalade-454g	g	1108	261	0.5	<0.5	65	53		0.5	<0.5	2026-10-10	5
sainsburys-340g-100-crunchy-peanut-butter	g	2580	623	49.8	6.9	11.1	6.2	7.0	29.0	0.04	2026-10-10	5
sainsburys-apricot-conserve-taste-the-difference-340g	g	1034	243	<0.5	0.2	59.7	54.6	0.7	<0.5	0.11	2026-10-10	5
sainsburys-blueberry-conserve-taste-the-difference-340g	g	1057	249	<0.5	<0.1	61.1	55.4	0.8	<0.5	0.12	2026-10-10	5
sainsburys-duo-hazelnut-chocolate-spread-400g	g	2349	563	36.0	9.0	54.0	53.0	1.5	5.1	0.17	2026-10-10	5
sainsburys-hazelnut-chocolate-spread-750g	g	2295	550	34.0	6.9	54.0	53.0	2.8	5.7	0.11	2026-10-10	5
sainsburys-mgo-100-manuka-honey-taste-the-difference-225g	g	1398	329	<0.5	0.2	81.5	80.8	<0.5	<0.5	0.03	2026-10-10	5
sainsburys-peanut-butter-crunchy-340g	g	2616	631	51.1	7.2	12.8	6.0	6.9	26.6	0.48	2026-10-10	5
sainsburys-raspberry-jam-454g	g	1033	243	<0.5	<0.1	59.3	58.9	1.3	0.5	0.11	2026-10-10	5
sainsburys-sardine-tomato-paste-75g	g	443	105	2.9	0.9	4.2	1.7	0.6	15.3	1.34	2026-10-10	5
st-dalfour-orange-jam-284g	g:oz	900	212	<0.1	<0.1	52	48	2	<0.1	<0.5	2026-10-10	5
stamford-street-co-medium-cut-orange-marmalade-454g	g	1094	258	<0.5	<0.1	63.7	63.6	0.8	<0.5	0.13	2026-10-10	5
sun-pat-crunchy-peanut-butter-570g	g	2613	631	51	6.8	14	5.8	6.9	25	0.8	2026-10-10	5
whole-earth-crunchy-peanut-butter-454g	g	2660	643	54.3	7.9	7.4	3.8	6.7	27.7	1	2026-10-10	5
whole-earth-smooth-peanut-butter-454g	g	2673	645	54.5	7.2	9.2	4.2	6.5	26.3	1	2026-10-10	5
jimjams-83-less-sugar-hazelnut-chocolate-spread-350g	g	2069	500	36	12	53	5.6	2.8	5.1	<0.5	2026-10-10	5
odysea-greek-pine-fir-tree-raw-honey-250g	g	1410	331	<0.1	<0.1	83	58		<0.5	<0.5	2026-10-10	5
rowse-energise-honey-250g	g	1548	365	0.9	0.5	88.3	73.4		0.9	<0.5	2026-10-10	5
rowse-manuka-500-mgo-honey-225g	g	1477	348	<0.5	<0.5	86.9	85.9		<0.5	<0.5	2026-10-10	5
rowse-organic-squeezy-honey-340g	g	1398	329	0.5	<0.5	81.5	80.8	0.5	0.5	<0.5	2026-10-10	5
sainsburys-clear-honey-454g	g	1398	329	<0.5	0.2	81.5	80.8	<0.5	<0.5	0.03	2026-10-10	5
hilltop-340g-wildflower-organic-honey	g	1306	307	0.5	<0.5	76	76	0.5	0.5	<0.5	2026-10-10	5
hilltop-225g-manuka-raw-monofloral-250-mgo-honey	g	1306	307	0.5	<0.5	76	76	0.5	0.5	<0.5	2026-10-10	5
sainsburys-quince-jelly-taste-the-difference-215g	g	1207	284	<0.5	0.3	69.4	56.1	<0.5	<0.5	0.06	2026-10-10	5
owicz-280g-sour-cherry-jam	g:of product	611	144	0.55	<0.51	35	35		0.55	<0.1	2026-10-10	5
nongshim-113g-toomba-spicy-creamy-flavour-shin-ramyun-noodles	g:unprepared	1802	428	13	6.8	71	6.8		6.4	2.8	2026-10-10	5
barilla-fusilli-pasta-500g	g	1521	359								2026-10-10	5
de-cecco-500g-casareccia-pasta	g	1490	351	1.5		69		2.9	14	<0.1	2026-10-10	5
de-cecco-linguine-pasta-500g	g	1490	351	1.5	<0.5	69	3.4	2.9	14	<0.1	2026-10-10	5
napolina-linguine-500g	g:uncooked	1508	356	1.5	<0.5	72	3	3	12	<0.5	2026-10-10	5
napolina-wholewheat-spaghetti-pasta-500g	g:uncooked	1471	348	2	0.5	65	3.3	6.8	14	<0.5	2026-10-10	5
sainsburys-farfalle-pasta-500g	g	696	164	0.7	0.2	33.2	0.7	1.5	5.5	<0.01	2026-10-10	5
sainsburys-fusilli-tricolori-pasta-500g	g	730	172	0.7	0.2	34.4	0.7	1.7	6.2	<0.01	2026-10-10	5
sainsburys-lasagne-sheets-pasta-500g	g	1499	354	1.7	0.4	70.9	3.1	3.6	11.9	<0.01	2026-10-10	5
sainsburys-mezzi-rigatoni-pasta-taste-the-difference-500g	g:cooked	753	178	0.9	0.3	34.6	1.2	2.1	6.8	<0.01	2026-10-10	5
sainsburys-pesto-pasta-200g	g:cooked	487	116	2.8	1.0	17.5	<0.5	1.6	4.3	0.53	2026-10-10	5
sainsburys-spaghetti-pasta-1kg	g	696	164	0.7	0.2	33.2	0.7	1.5	5.5	<0.01	2026-10-10	5
sainsburys-tomato-chilli-pasta-200g	g:cooked	444	106	2.9	0.5	14.9	2.7	2.4	3.8	0.38	2026-10-10	5
sainsburys-wholewheat-lasagne-sheets-pasta-500g	g	1460	345	2.4	0.5	63.1	3.4	9.1	13.3	<0.01	2026-10-10	5
sainsburys-free-from-lasagne-sheets-250g	g	1490	351	2.0	0.6	75.4	<0.5	2.4	6.8	<0.01	2026-10-10	5
sainsburys-spaghetti-pasta-so-organic-500g	g:cooked	713	168	0.8	0.2	33.5	<0.5	2.1	5.8	0.02	2026-10-10	5
rummo-spaghetti-no-3-400g	g	1445	341	2		73.2		3.1	6	<0.5	2026-10-10	5
nuh-an-ankara-makarnasi-vermicelli-pasta-500g	g:uncooked pasta	1.6	357	1.7	<0.5	73.3	2.5	2.9	10.7	<0.5	2026-10-10	5
ainsley-harriott-spice-sensation-cous-cous-100g	g:avg quantity as made up	599	142	1.3	0.5	26	1.7	2.5	5.6	0.5	2026-10-10	5
sainsburys-cous-cous-500g	g:cooked	815	192	1.0	0.2	37.5	1.0	2.2	7.2	<0.01	2026-10-10	5
sainsburys-sundried-tomato-garlic-couscous-110g	g	503	119	1.0	0.3	22.5	2.0	1.9	4.1	0.34	2026-10-10	5
ben-s-original-classic-long-grain-microwave-rice-220g	g	568	134	0.9	<0.5	28	0.5	0.7	2.7	<0.5	2026-10-10	5
ben-s-original-mixed-pepper-microwave-rice-220g	g	631	149	1.8	<0.5	30	1.2	1.4	3	0.5	2026-10-10	5
ben-s-original-tomato-basil-microwave-rice-220g	g	696	165	3.3	<0.5	29	1.8	1.3	3.7	0.5	2026-10-10	5
bens-original-long-grain-microwave-rice-family-pack-450g	g	687	162	0.5	<0.5	35	0.5	0.5	4	<0.5	2026-10-10	5
gallo-my-risotto-perfetto-porcini-mushroom-175g	g:for	1463	345	1.1	<0.5	75	2	1.6	7.9	2.2	2026-10-10	5
riso-gallo-nero-500g-black-wholegrain-rice	g	1501	355	2.9	0.6	73	0.9	3.8	7.2	<0.1	2026-10-10	5
sainsburys-basmati-rice-4kg	g:cooked	529	125	0.7	0.2	26.5	<0.5	0.6	2.8	<0.01	2026-10-10	5
sainsburys-boil-in-the-bag-white-rice-4x125g	g:cooked	595	140	<0.5	<0.1	31.1	<0.5	<0.5	2.8	0.03	2026-10-10	5
sainsburys-carnaroli-risotto-taste-the-difference-500g	g:cooked	620	146	<0.5	<0.1	32.2	<0.5	<0.5	3.2	<0.01	2026-10-10	5
sainsburys-easy-cook-white-rice-4kg	g:cooked	595	140	<0.5	<0.1	31.1	<0.5	<0.5	2.8	0.03	2026-10-10	5
sainsburys-long-grain-rice-2kg	g:cooked	595	140	<0.5	<0.1	31.1	<0.5	<0.5	2.8	0.03	2026-10-10	5
sainsburys-microwave-rice-long-grain-white-250g	g:cooked	570	135	0.7	<0.1	28.8	<0.5	2.1	2.2	0.14	2026-10-10	5
tilda-2-x-125g-vegetable-rice	g	550	131	2.3	<0.5	23.8	1.2	2.2	2.5	1	2026-10-10	5
tilda-boil-in-bag-pure-basmati-rice-250g	g:uncooked	1491	351	0.8		77.7		1	7.8	<0.5	2026-10-10	5
tilda-garlic-herbs-rice-250g	g	494	117	1.9	<0.5	22.4	<0.5	1.4	1.9	0.5	2026-10-10	5
tilda-microwave-long-grain-rice-250g	g	557	132	1.9	<0.5	25	<0.5	1.7	2.8	<0.5	2026-10-10	5
tilda-microwave-rice-fragrant-jasmine-250g	g	740	175	2.3	0.5	35.3	<0.5	0.5	3.2	<0.5	2026-10-10	5
tilda-microwave-rice-wholegrain-basmati-wild-250g	g	569	135	2.6	0.6	23.3	<0.5	3	3.1	<0.5	2026-10-10	5
tilda-sticky-rice-500g	g	1456	343	0.6	<0.5	77	<0.5	1.3	6.5	<0.5	2026-10-10	5
veetee-heat-eat-basmati-rice-pots-x2-250g	g	546	129	1.4		26		<0.5	2.9	<0.5	2026-10-10	5
veetee-mega-1kg-premium-extra-long-basmati-rice	g	1500	353	1	<0.5	76	0.7	2	9	<0.5	2026-10-10	5
veetee-the-rice-box-1121-basmati-rice-500g	g:as consumed	517	122	<0.5	<0.5	26.9	<0.5	<0.5	2.8	<0.5	2026-10-10	5
green-dragon-thai-hom-mali-fragrant-rice-5kg	g	1513	356	0.9	<0.5	79.8	<0.5		7.2	<0.5	2026-10-10	5
laila-brown-basmati-rice-2kg	g	1618	382	3.1	0.6	78	0.8	3.3	8.9	<0.5	2026-10-10	5
tilda-pure-basmati-rice-5kg	g:uncooked	1491	351	0.8		77.7		1	7.8	<0.5	2026-10-10	5
billington-s-dark-muscovado-sugar-500g	g	1630	383	<0.1	<0.1	95	95		<0.1	0.6	2026-10-10	5
billington-s-light-muscovado-sugar-500g	g	1670	392	<0.1	<0.1	98	98		<0.1	<0.5	2026-10-10	5
canderel-low-calorie-sweetener-tablets-x100	g	1434	343	<0.5		84			<0.1	<0.5	2026-10-10	5
hermesetas-mini-sweeteners-x400-tablets	g:avg qty								<0.1		2026-10-10	5
monin-hazelnut-syrup-250ml	ml	1318	315	<0.1	<0.1	78.9	78.4		<0.1	<0.5	2026-10-10	5
sainsburys-fairtrade-demerara-cane-sugar-1kg	g	1709	402	<0.5	<0.1	100.0	100.0	<0.5	<0.5	<0.01	2026-10-10	5
sainsburys-fairtrade-light-soft-brown-sugar-500g	g	1702	400	<0.5	<0.1	100.0	100.0	<0.5	<0.5	0.08	2026-10-10	5
sainsburys-white-granulated-sugar-500g	g	1700	400	<0.5	<0.1	100.0	100.0	<0.5	<0.5	0.01	2026-10-10	5
silver-spoon-half-spoon-granulated-sugar-1kg	g	1700	400	<0.1	<0.1	98.9	98.9		0.8	<0.5	2026-10-10	5
tate-lyle-fairtrade-1-1-jam-sugar-1kg	g	1671	393	<0.1	<0.1	98	98		<0.1		2026-10-10	5
truvia-sweetener-granulated-0-calorie-from-stevia-leaf-270g	g	0.1		<0.1		99			<0.1	<0.1	2026-10-10	5
hilltop-maple-flavoured-syrup-230g	g	1289	303	0.5	<0.5	75	73	0.5	0.8	<0.5	2026-10-10	5
pure-via-100-xylitol-225g	g:quantity	1000	240	<0.1	<0.1	100	<0.1		<0.1	<0.1	2026-10-10	5
aspall-organic-cyder-vinegar-350ml	ml	80	19	0.5	<0.5	1.1	0.5		0.5	<0.5	2026-10-10	5
blue-dragon-310g-korean-style-bbq-sauce	g	868	205	0.6	<0.5	48	32	0.9	1.6	2.9	2026-10-10	5
branston-original-pickle-720g	g	465	109	<0.5	<0.1	26.1	23.9	1.1	0.8	4	2026-10-10	5
branston-squeezy-small-chunk-pickle-350g	g	653	159	0.8	<0.5	35	29	1.7	0.6	3.9	2026-10-10	5
brewdog-wingman-buffalo-sauce-240ml	ml	733	177	16	0.9	5.7	1.9	0.8	1.2	3.9	2026-10-10	5
colman-s-mint-sauce-165g	g:unprepared	525	120	0.5	<0.5	25	23	0.5	1.8	2.5	2026-10-10	5
daddies-400g-tomato-ketchup	g	493	116	<0.1	<0.1	27	22	<0.1	1.1	1.6	2026-10-10	5
encona-taste-explorers-carolina-reaper-chilli-142ml	ml	315	75	0.8	<0.5	14	13		1.5	2.9	2026-10-10	5
filippo-berio-balsamic-vinegar-of-modena-250ml	ml	537	126	<0.1	<0.1	27	27	<0.1	<0.1	<0.5	2026-10-10	5
grace-hot-pepper-sauce-85ml	ml	32	8	0.5	<0.5	0.5	0.5		0.5	9.5	2026-10-10	5
heinz-50-less-sugar-salt-tomato-ketchup-665g	g	271	64	<0.5	<0.1	12	11		1.4	0.9	2026-10-10	5
heinz-classic-bbq-sauce-665g	g	586	138	<0.1	<0.1	32	29		0.9	1.2	2026-10-10	5
heinz-salad-cream-425g	g	1272	303	23.7	1.8	20.3	17.2		1.3	1.5	2026-10-10	5
heinz-seriously-good-light-mayonnaise-230g	g	1118	267	26	2.5	8	3	<0.1	0.6	1.7	2026-10-10	5
heinz-seriously-good-mayonnaise-395g	g	2635	641	70	5.4	2.2	1.6		0.8	1	2026-10-10	5
heinz-thai-style-sweet-chilli-dipping-sauce-495g	g	762	179	<0.5	<0.5	44	42		<0.5	1.3	2026-10-10	5
hellmann-s-430ml-blue-cheese-ranch-mayo-sauce	g:unprepared	1410	337	32	4	7.4	4	0.5	2.9	1.9	2026-10-10	5
hellmann-s-430ml-spicy-ranch-mayo-sauce	g:unprepared	1338	320	31	3.1	7.8	4	0.5	1.9	1.5	2026-10-10	5
hellmann-s-light-squeezy-mayonnaise-430ml	g:unprepared	1113	266	26	2.6	6.1	2.3	0.5	0.5	1.7	2026-10-10	5
hellmann-s-mayo-100-plant-based-430ml	g:unprepared	2049	490	52	3.9	4.7	1.7	0.5	0.5	1.4	2026-10-10	5
hellmann-s-real-squeezy-mayonnaise-250ml	g:unprepared	3034	725	79	6.2	1.4	1.3	0.5	1.1	1.2	2026-10-10	5
hellmann-s-sauce-tomato-ketchup-750ml	g:unprepared	363	86	0.5	<0.5	19	18	0.6	1.3	1.8	2026-10-10	5
hp-honey-woodsmoke-bbq-sauce-465g	g	547	129	<0.5	<0.5	30.6	24.2	<0.1	0.5	1.4	2026-10-10	5
lee-kum-kee-black-bean-garlic-sauce-205g	g	606	144	3.4	0.6	17	15		9.8	14.7	2026-10-10	5
lingham-s-chilli-sauce-280ml	g	1166	279	<0.5	<0.5	68.4	64.8		1.1	4.5	2026-10-10	5
mary-berry-s-light-salad-dressing-265g	ml	954	230	19	1.7	14	14	0.6	0.8	1.1	2026-10-10	5
nando-s-garlic-peri-peri-rub-medium-25g	g:average quantity	1241	293	2.1	<0.5	61	48.2		4.9	18.4	2026-10-10	5
nando-s-peri-peri-lemon-herb-extra-mild-sauce-500g	g:average quantity	205	50	4.3	0.5	1.2	0.9		0.6	2.8	2026-10-10	5
nando-s-perinaise-peri-peri-mayonnaise-mild-465g	g:average quantity	1266	306	28	2.2	13	10		0.5	2.7	2026-10-10	5
newman-s-own-french-dressing-250ml	ml	1843	477	45.3	4.2	10.2	8.9	1.2	<0.5	1.4	2026-10-10	5
odysea-balsamic-glaze-with-truffle-250ml	ml	762	179	<0.1	<0.1	42	40		0.5	<0.5	2026-10-10	5
pizza-express-235ml-ranch-dressing-dip-sauce	ml	1600	388	38	2.6	8.4	6.6	1.1	2	1.4	2026-10-10	5
pizza-express-honey-mustard-salad-dressing-235ml	ml	1806	437	39	2.8	18	17	1	1.4	2.2	2026-10-10	5
sainsburys-220g-mulled-wine-cranberry-sauce-taste-the-difference	g	1064	251	<0.5	<0.1	60.4	60.0	1.7	<0.5	<0.01	2026-10-10	5
sainsburys-250ml-thousand-island-sauce	ml	1400	339	31.2	2.4	13.2	11.6	0.7	0.9	1.32	2026-10-10	5
sainsburys-apple-sauce-taste-the-difference-200g	g	738	174	<0.5	0.2	41.5	36.1		0.6	0.10	2026-10-10	5
sainsburys-bbq-sauce-500g	g	692	163	<0.5	<0.1	38.8	32.1	1.3	1.1	0.92	2026-10-10	5
sainsburys-brown-sauce-reduced-salt-sugar-450g	g	307	73	<0.5	<0.1	16.4	11.0	1.3	<0.5	0.69	2026-10-10	5
sainsburys-caesar-dressing-taste-the-difference-250ml	ml	1742	422	41.8	3.7	9.8	6.4	<0.5	1.6	1.10	2026-10-10	5
sainsburys-creamy-garlic-sauce-285g	g	968	234	21.5	1.5	9.4	4.0	<0.5	<0.5	0.67	2026-10-10	5
sainsburys-english-mustard-185g	g	800	191	9.8	0.5	18.4	13.5	2.4	6.2	8.25	2026-10-10	5
sainsburys-horseradish-sauce-160ml	ml	943	226	13.9	1.1	21.9	16.7	1.8	2.4	1.52	2026-10-10	5
sainsburys-mayonnaise-squeezy-500ml	ml	2785	677	73.2	5.2	3.5	1.0	<0.5	1.0	0.90	2026-10-10	5
sainsburys-onion-relish-320g	g	650	153	<0.5	<0.1	36.5	32.4	1.5	0.8	1.01	2026-10-10	5
sainsburys-salad-cream-420g	g	1188	286	22.4	1.6	19.5	18.5	<0.5	1.4	1.22	2026-10-10	5
sainsburys-sriracha-hot-sauce-300g	g	289	69	0.9	<0.1	13.6	10.5	1.6	0.8	2.31	2026-10-10	5
sainsburys-tomato-chilli-chutney-taste-the-difference-220g	g	807	190	<0.5	<0.1	45.0	44.4	1.2	1.7	1.67	2026-10-10	5
sainsburys-ultimate-burger-sauce-taste-the-difference-250ml	ml	1421	344	33.7	2.7	8.5	7.0	0.9	1.3	1.53	2026-10-10	5
sauce-shop-honey-sriracha-drizzle-190g	g	937	220	<0.5	<0.1	58.2	55.7		1.6	1.5	2026-10-10	5
sharwood-s-mango-chutney-green-label-530g	g	1070	252	0.5	<0.5	60.9	50.9	1.2	0.5	2.7	2026-10-10	5
stokes-tomato-ketchup-485g	g	543	128	<0.1	<0.1	29	26		1.7	1.8	2026-10-10	5
tiptree-tomato-ketchup-310g	g	770	182	<0.1	<0.1	41	31		1.5	1.2	2026-10-10	5
willy-s-organic-live-apple-cider-vinegar-honey-turmeric-500ml	ml	309	73	<0.5	<0.5	17.9	14.1		0.5	<0.5	2026-10-10	5
aspall-organic-white-wine-vinegar-350ml	ml	83	19							<0.5	2026-10-10	5
willy-s-organic-apple-cider-vinegar-250ml	ml	93	22	<0.1		1.7			<0.1	3.4	2026-10-10	5
blue-dragon-295g-mango-sweet-chilli-sauce	g	554	130	<0.1	<0.1	32	28	<0.1	<0.1	2.6	2026-10-10	5
dr-will-s-olive-oil-mayo-175g	g	3006	732	80.1	11.7	<0.5	<0.5		1.9	0.6	2026-10-10	5
hellmann-s-430ml-roasted-garlic-mayonnaise-sauce	g:unprepared	1128	270	27	2.6	6.1	2.3	0.5	0.7	1.7	2026-10-10	5
leon-mayo-korean-style-gochujang-240ml	ml	2418	575	59.1	4.6	12.2	9.2	<0.5	1.3	1.1	2026-10-10	5
nando-s-peri-peri-sauce-hot-125g	g:average quantity	183	44	2.7	<0.5	2.3	2.1		0.8	5.3	2026-10-10	5
ocean-spray-mint-sauce-200g	g	400	95	0.5	<0.5	22	20	1.8	0.6	2.5	2026-10-10	5
sweet-baby-ray-s-original-bbq-sauce-510g	g	784	185	0.5	<0.51	44	41		0.9	2	2026-10-10	5
tracklements-recipe-no-54-tomato-chilli-chutney-190g	g	511	121	<0.1	<0.1	28	26		1.5	1.4	2026-10-10	5
amoy-sweet-chilli-sauce-332g	g	431	103	<0.5	<0.1	25.1	20.7		0.5	1.5	2026-10-10	5
blue-dragon-reduced-sugar-thai-sweet-chilli-sauce-250ml	ml	660	155	0.5	<0.5	38	35	0.7	0.5	3.3	2026-10-10	5
datu-puti-vinegar-twin-value-pack-soy-sauce	ml:amount	130	31	<0.5	<0.1	4.6	0.7	<0.5	2.6	12.5	2026-10-10	5
franks-redhot-buffalo-wings-sauce-148ml	ml	131	31	1.4	<0.5	2.3	<0.1	0.8	0.7	5.8	2026-10-10	5
heinz-490g-light-mayonnaise	g	1105	266	26	2.1	7.8	3	<0.1	0.6	1.7	2026-10-10	5
kotlin-mild-ketchup-450g	g:of product	411	97	0.55	<0.51	21	18		1.4	2	2026-10-10	5
mrs-elswood-50g-classic-pickle-bites	g	219	52	0.5	<0.5	11	11		1.4	2.2	2026-10-10	5
podravka-ajvar-mild-350g	g:average contents of of p	325	78	4	<0.5	8	8		1.5	1.5	2026-10-10	5
sainsburys-180g-satay-sauce-inspired-to-cook	g	650	156	10.2	3.0	11.0	7.2	2.2	4.0	0.88	2026-10-10	5
geeta-s-230g-premium-mango-ginger-chutney-medium	g	1019	240	0.5	<0.5	59	54	0.9	0.5	2	2026-10-10	5
nando-s-280g-medium-quick-marinade-sauce	g:average quantity	378	91	5	<0.5	9.8	6		0.9	2	2026-10-10	5
patak-s-indian-210g-mango-chutney	g	970	228	<0.5	<0.5	55.7	43.6		<0.5	3	2026-10-10	5
lipton-green-tea-10-x-3-5g-citrus-mint-pyramid-ice-tea-bags	ml:as prepared	8	2	<0.1	<0.1	<0.5	<0.1		<0.1	<0.1	2026-10-10	5
costa-coffee-5-x-17g-barista-creations-maple-hazel-latte-limited-edition	g:per	1805	428	12	11	70	56	1.2	9.5	0.9	2026-10-10	5
grind-250ml-chocolate-orange-latte-iced-coffee-special-edition	ml	226	54	1.4	0.9	7.2	6.8		2.9	<0.5	2026-10-10	5
kenco-485ml-unsweetened-black-iced-or-hot-coffee-concentrate-espresso-coffee	ml	52	12	<0.1	<0.1	0.6	<0.1	2.2	1.4	<0.5	2026-10-10	5
nescaf-7-x-19-5g-vanilla-cookie-dough-latte-sachets	ml	147	35	0.9		5.8		<0.5	0.7	<0.5	2026-10-10	5
nescaf-caramel-latte-instant-coffee-sachets-12x17g	ml	134	32	0.8		5.3		<0.5	0.7	<0.5	2026-10-10	5
nescaf-dolce-gusto-cafe-au-lait-coffee-pods-x30	ml	99	24	1.2	0.7	1.9	1.6	<0.5	1.2	<0.5	2026-10-10	5
nescafe-latte-instant-coffee-sachets-x7-126g	ml	140	33	1		5.1		<0.5	0.8	<0.5	2026-10-10	5
sainsburys-227g-winter-edition-wholebean-coffee-taste-the-difference	ml	4.2	1	<0.5	<0.1	<0.5	<0.5		<0.5	<0.01	2026-10-10	5
sainsburys-espresso-decaff-pods-taste-the-difference-x10-52g	?	41	10	0.7	<0.1	<0.5	<0.5		0.8	<0.01	2026-10-10	5
sainsburys-ft-americano-microground-coffee-taste-the-difference-100g	ml	1334	316	0.7	0.4	48.0	1.1		20.0	<0.01	2026-10-10	5
sainsburys-ristretto-pods-taste-the-difference-x10-52g	?	41	10	0.7	<0.1	<0.5	<0.5		0.8	<0.01	2026-10-10	5
aero-instant-hot-chocolate-powder-jar-288g	g	1709	406	7.9		72.4	54.6	4	8.6	1.1	2026-10-10	5
clipper-fairtrade-instant-hot-chocolate-350g	g	1585	375	3.7	2.4	70.4	68.6	4.7	12.7	0.8	2026-10-10	5
green-black-s-organic-cocoa-powder-125g	g	1657	399	20	13	19	0.8		22		2026-10-10	5
options-instant-belgian-hot-chocolate-drink-220g	g:of powder	1536	365	7.3	4.8	59	52		8.9	2.6	2026-10-10	5
options-instant-white-hot-chocolate-drink-11g	g	1681	398	8.2	5.8	77	59		3.3	2.7	2026-10-10	5
sainsburys-low-calorie-instant-fairtrade-hot-chocolate-250g	ml:as consumed	82	20	<0.5	0.4	2.9	2.2	0.5	0.8	0.10	2026-10-10	5
drink-me-chai-spiced-latte-250g	g	1815	431	10.7		75.6		1.7	7.1	0.5	2026-10-10	5
horlicks-original-mat-400g	g	1534	362	2.31		77.3		2.1	9.1	1.1	2026-10-10	5
harry-brompton-s-4-x-500ml-peach-iced-tea-london-s-british-brewed-black-tea	ml	61	14			3.6	3.6				2026-10-10	5
twinings-superblends-focus-with-mango-pineapple-20-tea-bags	ml:brewed infusion	3	1	<0.1	<0.1	0.5	0.5		<0.1	<0.1	2026-10-10	5
good-earth-moroccan-mint-tea-bags-x15	ml:infusion	4	1	<0.1	<0.1	<0.5	<0.1		<0.1	<0.1	2026-10-10	5
harry-brompton-s-summer-berries-iced-tea-1-25l	ml	61	14			3.6	3.6				2026-10-10	5
pg-tips-english-breakfast-special-blends-speciality-black-tea-bags-x70	ml	17	4	0.5	<0.5	0.5	0.5		0.5	<0.5	2026-10-10	5
sainsburys-camomile-manuka-honey-cinnamon-infusion-bags-taste-the-difference-x20-30g	g	4.2	1	<0.5	<0.1	<0.5	<0.5		<0.5	<0.01	2026-10-10	5
sainsburys-earl-grey-loose-tea-taste-the-difference-125g	?			<1	<1	<1	<1		<1	<1	2026-10-10	5
sainsburys-green-tea-with-lemon-x20-tea-bags-38g	ml	7	2	<0.5	<0.1	<0.5	<0.5		<0.5	<0.01	2026-10-10	5
sainsburys-infusions-blackberry-blueberry-x20	ml	10	2	<0.5	<0.1	0.6	<0.5	<0.5	<0.5	<0.01	2026-10-10	5
sainsburys-kenya-loose-tea-taste-the-difference-125g	?			<1	<1	<1	<1		<1	<1	2026-10-10	5
sainsburys-peppermint-spearmint-20s-taste-the-difference	g	4.2	1	<0.5	<0.1	<0.5	<0.5		<0.5	<0.01	2026-10-10	5
sainsburys-red-label-fairtrade-tea-bags-x40-125g	ml	5	1	<0.5	<0.1	<0.5	<0.5	<0.5	<0.5	<0.01	2026-10-10	5
stamford-street-co-fairtrade-tea-bags-x160-400g	ml	8	2	<0.5	<0.1	<0.5	<0.5	<0.5	<0.5	<0.01	2026-10-10	5
teapigs-everyday-brew-tea-temples-15x3-3g	ml:quantity	4				1			<0.1		2026-10-10	5
teapigs-peppermint-leaves-tea-temples-40x2g	ml:quantity	4				1			<0.1		2026-10-10	5
tetley-everyday-tea-bags-softpack-x240	ml:infusion	4	1	<0.1	<0.1	<0.5	<0.1		<0.1	<0.1	2026-10-10	5
tetley-original-tea-bags-1-25kg	ml:infusion	4	1	<0.1	<0.1	<0.5	<0.1		<0.1	<0.1	2026-10-10	5
twinings-20-x-happy-within-tea-collection-39g	ml:of brewed infusion typic	3	1								2026-10-10	5
twinings-fennel-tea-20-tea-bags	ml:brewed infusion	10	2								2026-10-10	5
twinings-green-tea-80-tea-bags	ml:brewed tea	3	1								2026-10-10	5
twinings-lemon-ginger-tea-20-tea-bags	ml:brewed infusion	10	2								2026-10-10	5
twinings-mango-lychee-green-tea-20-tea-bags	ml:brewed tea	3	1								2026-10-10	5
twinings-peach-cooler-tea-bags-x20-30g	ml:brewed infusion	8	2								2026-10-10	5
twinings-raspberry-lemon-fruit-tea-20-tea-bags	ml:brewed infusion	10	2	<0.1	<0.1	<0.1	<0.1		<0.1	<0.1	2026-10-10	5
twinings-spiced-ginger-tea-20-tea-bags	ml:brewed infusion	10	2								2026-10-10	5
twinings-superblends-digest-ginger-turmeric-with-fig-tea-bags-x20-40g	ml:brewed infusion	3	1	<0.1	<0.1	0.5	0.5		<0.1	<0.1	2026-10-10	5
twinings-superblends-sleep-plant-based-tea-bags-60g-x40	ml:brewed infusion	3	1	<0.1	<0.1	0.5	0.5		<0.1	<0.1	2026-10-10	5
twinings-superblends-wellbeing-collection-tea-bags-37g-x20	ml:brewed infusion	3	1	<0.1	<0.1	0.55	0.55		<0.1	<0.1	2026-10-10	5
al-fez-25g-turkish-shawarma-kebab-spice-mix-seasoning	g	924	222	8	1	17	9.2		10	16.9	2026-10-10	5
baldwin-s-sarsaparilla-1l-sugar-levy-applied	ml:undiluted	485	114	<0.51	<0.51	27.7	27.7	<0.51	<0.51	<0.5	2026-10-10	5
bebe-jutrzenka-petit-beurre-biscuits-16g	g:of product	1830	438	11	4.9	76	24		6.6	0.9	2026-10-10	5
breadcrumbs-500g	g	1541	364	1.8	<0.5	73	3	4.1	12	1.3	2026-10-10	5
cofresh-bombay-mix-savoury-snack-special-edition-200g	g	2016	484	27.4	2.3	40.1	2	11.5	13.5	1.3	2026-10-10	5
cofresh-cornflake-mix-325g	g	2124	509	28	2.2	50	6.2	8.9	9.8	0.7	2026-10-10	5
cofresh-jeera-para-300g	g	2488	598	42.3	5.4	47.5	2.3	3.7	6.4	2.8	2026-10-10	5
cofresh-sesame-coated-caramel-peanuts-150g	g	2238	537	33	5.8	40	36	8.2	16	<0.5	2026-10-10	5
dega-vegetable-salad-280g	g:of product	537	129	6.9	0.6	14	4.1		1.7	1.2	2026-10-10	5
dunn-s-river-caribbean-mild-curry-powder-100g	g	1540	370	20	1.5	25	3	19	15	10.1	2026-10-10	5
dunn-s-river-fine-cornmeal-500g	g	1425	336	1.4	<0.5	75.6	1.2	1.8	6.8	<0.5	2026-10-10	5
dunn-s-river-original-chicken-fry-mix-300g	g	1334	315	1.5	<0.1	64	<0.1		10	11.5	2026-10-10	5
e-wedel-pawelek-advocat-45g	g	1941	464	21	13	59	55	4.4	4.3	<0.5	2026-10-10	5
east-end-pure-butter-ghee-for-cooking-500g	g	3700	900	99.8	67	<0.5	<0.5	<0.5	<0.5	<0.5	2026-10-10	5
elephant-atta-10kg-medium-chapatti-flour	g	1431	338	2	<0.5	66	1.7	5.8	11	<0.5	2026-10-10	5
excelsior-crackers-220g	g	1583	373	1.1	<0.5	78.3	1.1	3	11.3		2026-10-10	5
fudco-deshi-gor-pure-indian-natural-jaggery-500g	g	1590	380	<0.5	<0.5	90.8	80.1	<0.1	2	1.1	2026-10-10	5
fudco-pappadums-black-pepper-200g	g:serving	1339	320	<0.1	<0.1	56.6	<0.1	6.7	23.3	3.3	2026-10-10	5
fudco-soya-chunks-150g	g	1381	330	1	<0.1	38		17	47	<0.5	2026-10-10	5
gama-rose-turkish-delight-180g	g	1600	364	11	11	88	77	11	11	0.9	2026-10-10	5
gefen-instant-noodle-soup-chicken-65g	g	1933	462	20.2	9.7	62.1	1.5	<0.1	7.7	1.8	2026-10-10	5
goplana-grzeski-milk-chocolate-coated-wafer-bar-with-hazelnut-cream-36g	g:in	2270	544	31	18	55	37		9.3	<0.5	2026-10-10	5
grace-exotic-plantain-chips-tostones-75g	g	1989	475	21	11	64	4	7	4	1	2026-10-10	5
grace-mighty-malt-premium-original-non-alcoholic-drink-6x330ml	ml	285	68	<0.1	<0.1	16.2	14.5	<0.5	0.5	<0.5	2026-10-10	5
humza-classic-hot-dog-350g	g	900	217	17	5.4	2.5	0.55		12	1.7	2026-10-10	5
jacob-s-elite-chocolate-mikado-176g	g	1905	454	19	10	65	50	2.2	5.1	<0.5	2026-10-10	5
jaimin-soya-stick-150g	g	2352	560	36	13	53	6	9	6	1.8	2026-10-10	5
kedem-blush-grape-juice-650ml	ml	226	54	<0.1	<0.1	14	14		<0.5	0.8	2026-10-10	5
klik-la-hit-35g	g	2218	530	28.5	13.4	58.7	46.6		9.6	<0.5	2026-10-10	5
kohinoor-dal-palak-300g	g	345	82	2.7		9.5		1.9	4	0.8	2026-10-10	5
kohinoor-punjabi-karahi-cooking-sauce-375g	g	382	92	6.1		7.2		1.1	1.5	0.9	2026-10-10	5
krasnystaw-kefir-420g	g	208	50	2		4.7			3.2	<0.5	2026-10-10	5
ktc-coconut-oil-500ml	g	3696	899	100	87	<0.1	<0.1	<0.1	<0.1	<0.5	2026-10-10	5
ktc-minced-ginger-paste-210g	g	290	70	3	<0.1	12	3	2	1	2	2026-10-10	5
ktc-thai-sweet-chilli-sauce-700ml	g	789	186	0.6	<0.1	44	45	1.3	0.5	3.5	2026-10-10	5
kucharek-seasoning-200g	g:of product	565	133	0.55	<0.51	25	16		6.5	58.9	2026-10-10	5
laila-basmati-rice-2kg	g	1593	375	0.5	<0.5	84	0.5		8.1	<0.5	2026-10-10	5
lajkonik-pretzels-130g	g	1727	409	7.3	0.7	72	3.1	3.6	12	3	2026-10-10	5
lee-kum-kee-premium-oyster-sauce-255g	g	553	130	0.55	<0.51	31	25		1.5	11.3	2026-10-10	5
loyd-grossman-korma-curry-cooking-sauce-350g	g	531	128	8.3	5.8	11.3	8.9	0.8	1.5	0.8	2026-10-10	5
magija-quark-bar-with-vanilla-40g	g	1562	374	24.3	15.9	24.9	23.8		13.2	<0.5	2026-10-10	5
mcdonnells-spice-bag-chinese-curry-flavour-seasoning-mix-40g	g	1210	290	10.8	4.6	31	13.5		12.2	29.8	2026-10-10	5
milka-hazelnut-chocolate-bar-100g	g	2301	552	34	17	52	51	2.9	7.2	<0.5	2026-10-10	5
mlekpol-semi-fat-curd-cheese-275g	g:of product	483	115	4	3	3.7	3.7		16	<0.5	2026-10-10	5
mrs-elswood-whole-sweet-cucumber-670g	g	153	36	0.5	<0.5	8.6	7.7		0.6	0.6	2026-10-10	5
natco-cornmeal-fine-1-5kg	g:uncooked	1513	356	13	2	67	0.5	<0.5	7	<0.1	2026-10-10	5
old-jamaica-extra-fiery-ginger-beer-330ml	ml	3	1	<0.1	<0.1	<0.1	<0.1		<0.1	<0.5	2026-10-10	5
osem-bissli-barbecue-70g	g	2126	507	23	2.4	65	1.2		10	0.6	2026-10-10	5
osem-chicken-soup-400g	g	1133	268	4.3	2.3	53	20		4.3	35.3	2026-10-10	5
osem-petit-beurre-biscuits-250g	g		463	14	4	76	22	2.5	7	0.8	2026-10-10	5
pakeeza-mango-lassi-1kg	g	380	90	3	1.9	13.5	12.7	0.5	2.4	<0.5	2026-10-10	5
patak-s-indian-2-x-flame-baked-plain-naan-breads	g	1222	290	6.1	0.9	49	2.4	2.5	8.3	0.9	2026-10-10	5
polish-specialities-gherkins-in-brine-610g	g	46	11	<0.5	<0.5	1.2	<0.1		0.6	2	2026-10-10	5
prince-polo-classic-xxl-45g	g	2220	531	29	16	60	38	3.6	4.6	<0.5	2026-10-10	5
rakusen-s-chocolate-digestive-biscuits-200g	g	2181	521	25.5		64.8			6	1	2026-10-10	5
regal-bakery-coconut-sprits-cookie-rings-350g	g	2129	510	28	17	57	30		5.6	0.7	2026-10-10	5
regal-siprus-pink-guava-nectar-2-ltr	ml	109	26	<0.1	<0.1	6	4.9		0.5	<0.1	2026-10-10	5
royal-rassomalai-500g	g	745	178	8.6	6.1	18.4	17.6	<0.5	6.7	<0.5	2026-10-10	5
rubicon-passion-fruit-juice-drink-1l	ml	89	21	0.5	<0.5	4.5	4.4		0.5	<0.5	2026-10-10	5
rubicon-still-lychee-fruit-juice-drink-288ml	ml	85	20	0.5	<0.1	4.5	4.5		0.5	<0.1	2026-10-10	5
sainsburys-butter-chicken-curry-cooking-sauce-500g	g	366	88	6.4	3.2	6.8	2.6	0.6	<0.5	0.40	2026-10-10	5
sainsburys-korma-curry-cooking-sauce-500g	g	438	105	6.1	4.8	10.7	4.1	1.5	1.1	0.37	2026-10-10	5
satonoyuki-tofu-300g	g	330	79	5.1	0.5	1.2	1.1		6.5	<0.5	2026-10-10	5
sharwood-s-420g-indian-balti-curry-cooking-sauce	g	338	81	5.3	0.7	6.4	4.2	1.7	1.1	0.9	2026-10-10	5
sharwood-s-east-asian-korean-bbq-cooking-sauce-420g	g	391	93	1.6	<0.5	18.6	14.7	0.5	0.7	0.7	2026-10-10	5
sharwood-s-tikka-masala-curry-sauce-720g	g	463	111	7	3.3	9.6	6.5	1.7	1.6	0.7	2026-10-10	5
sokolow-grandma-s-ham-140g	g	385	91	1.9	0.7	1.5	0.8		17	2.3	2026-10-10	5
sultan-baci-halva-with-pistachios-350g	g		520	30	5	50	45	<0.1	10	?	2026-10-10	5
supermalt-original-sleek-can-330ml	ml	256	62	<0.1	<0.1	15	12.8		1	<0.5	2026-10-10	5
taj-mogo-chips-1kg	g	702	168	1	<0.5	44	0.5		1.4	<0.5	2026-10-10	5
telma-chicken-flavoured-stock-powder-400g	g:as packed	1063	254	3.7	2.5	49.6	23.9		5.5	29	2026-10-10	5
the-spice-tailor-delicate-korma-indian-curry-sauce-kit-300g	g	780	188	15	8	10	5	0.5	2.9	1.2	2026-10-10	5
the-spice-tailor-southern-madras-indian-curry-sauce-kit-300g	g	629	152	10.8	1.2	7.8	5.4	6.4	2.7	0.9	2026-10-10	5
ulker-albeni-40g	g	516	2159	27.1		62.3	46	1.2	5.6		2026-10-10	5
virtu-pancakes-with-cottage-cheese-raisins-400g	g	689	164	4.2	1.3	21	8.6		9.6	0.6	2026-10-10	5
warburtons-gluten-free-white-loaf-300g	g:of product	991	236	6.5	0.6	37.9	2	4.4	4.1	0.9	2026-10-10	5
yutaka-shelled-edamame-soybeans-500g	g	498	120	5.7	0.8	2.6	1.5	4.9	12	<0.5	2026-10-10	5
patak-s-indian-450g-jalfrezi-curry-sauce	g	279	66	2.9	<0.5	8	4.9		1.1	0.6	2026-10-10	5
warburtons-360g-original-farmhouse-gluten-free-bread	g:of product	991	236	5.5	<0.5	39.8	2.4	3.7	5	0.9	2026-10-10	5
loacker-90g-classic-vanilla-wafers	g	2182	522	27		61	30		7.7	0.5	2026-10-10	5
tunnock-s-caramel-wafers-x8	g	1873	448	17.4	12.7	69.2	34.7	2.5	3.6	0.7	2026-10-10	5
arden-amici-crunchy-amaretti-200g	g	1821	432	9.5	1	78	77		7	<0.5	2026-10-10	5
arnott-s-tim-tam-white-biscuits-165g	g	2230	532	28	18.6	64.9	45.9	1	4.6	<0.5	2026-10-10	5
bahlsen-ohne-gleichen-milk-chocolate-praline-wafers-125g	g	2330	559	36	21	49	38	3.6	8	<0.5	2026-10-10	5
belvita-sandwich-253g-chocolate-hazelnut-breakfast-biscuits	g	1906	453	15	5	68	28		7.5		2026-10-10	5
border-biscuits-butterscotch-150g	g	1874	448	21.4	13.1	58	26.1		5.1	0.9	2026-10-10	5
border-lemon-drizzle-melts-150g	g	2044	489	27.6	14.4	55	22		<0.5	1	2026-10-10	5
cadbury-dairy-milk-fingers-salted-caramel-flavour-biscuits-114g	g	2152	514	26	15	61	35		7.5		2026-10-10	5
caxton-pink-white-wafers-85g	g	1510	356	1.7		80.2		1.1	5.6	<0.5	2026-10-10	5
fox-s-125g-biscuits-party-rings-tray	g	1853	440	11.1	5.2	79.7	43	1.4	4.5	0.5	2026-10-10	5
fox-s-200g-biscuits-ginger-crunch-creams	g	2038	486	21.5	12.3	68.2	40.2	1.2	4.3	0.9	2026-10-10	5
fox-s-6-biscuits-party-rings-minis-snack-bags	g	1829	434	10.8	5.1	78.8	45.5	1.4	4.6	0.5	2026-10-10	5
fox-s-chocolatey-157g-milk-chocolate-half-coated-cookies	g	2116	506	25	14	63	40	2.4	5.7	0.5	2026-10-10	5
fox-s-chocolatey-rounds-117g-salted-caramel-biscuits	g	2081	497	24	14	63	51	1.8	5.6	<0.5	2026-10-10	5
go-ahead-4-x-43-6g-banana-crispy-fruit-slices-multipack-snack-bars	g	1542	366	7.2	0.7	69.3	25.4	6.6	5.1	<0.5	2026-10-10	5
jammie-dodgers-50g-giant-raspberry-flavour-biscuit	g	1862	443	16	1.1	66	27	2.1	5.3	0.7	2026-10-10	5
leibniz-original-keks-200g	g	1833	435	12	7.8	72	21	2.8	8.4	1.5	2026-10-10	5
lotus-biscoff-biscuit-250g	g	2032	484	19	8	72.6	38.1	1.3	4.9	1	2026-10-10	5
lu-le-petit-citron-lemon-flavoured-soft-bakes-biscuits-140g	g	1867	447	25	5.9	53	26		4.9		2026-10-10	5
maryland-200g-cookies-white-chocolate-chip	g	2022	483	22	11	65	31	2.1	5.5	0.6	2026-10-10	5
mcvitie-s-10-x-mango-flavour-original-chocolate-jaffa-biscuit-cakes-110g	g	1592	377	8.1	4	69.4	49.2	2.2	5.1	<0.5	2026-10-10	5
mcvitie-s-5-x-23g-iced-gems-chocolate-flavour-multipack-biscuits	g	1689	399	3.2	1.3	86.2	50.7	1.7	5.4	0.7	2026-10-10	5
mcvitie-s-club-orange-biscuit-bars-multipack-7-x-22g	g	2117	506	26.1	16	61	40.8	2.1	5.7	0.8	2026-10-10	5
mcvitie-s-digestives-2-x-315g-original-twin-pack-biscuits	g	2025	483	21.3	10.1	63.6	15.1	3.7	7	1.3	2026-10-10	5
mcvitie-s-fig-rolls-biscuits-200g	g	1617	383	8.6	3.8	71.7	34.8	3	3.4	0.6	2026-10-10	5
mcvitie-s-hobnobs-232g-white-chocolate-biscuits	g	2135	510	24.7	12.2	61.6	31.8	4.4	8	0.8	2026-10-10	5
mcvitie-s-hobnobs-the-oaty-one-2-x-262g-milk-chocolate-twin-pack-biscuits	g	2066	494	23.3	11.5	61.4	32.3	5.2	7	0.8	2026-10-10	5
mcvitie-s-jaffa-cakes-original-chocolate-biscuits-singles-44g	g	1589	376	8.1	4	69.6	50	2.1	5	<0.5	2026-10-10	5
mcvitie-s-jammys-136-5g-apple-flavour-biscuits	g	1842	438	14.5	7.1	71.5	26.8	0.9	4.7	0.5	2026-10-10	5
mcvitie-s-moments-150g-milk-chocolate-dipped-shortcake-biscuits	g	2241	536	29.9	14.8	61.1	29.2	1.2	5.1	0.7	2026-10-10	5
mcvitie-s-rich-tea-the-classic-one-twin-pack-2x300g	g	1934	460	15.7	7.4	71.1	18.6	3	7.2	0.9	2026-10-10	5
mcvitie-s-thin-arrowroot-200g	g	1926	458	15.3	7.2	71.8	19.4	2.9	6.9	1.1	2026-10-10	5
mikado-milk-chocolate-biscuits-75g	g	1999	476	19	11	68	34		7		2026-10-10	5
nairn-s-wheat-free-ginger-biscuits-200g	g	1839	438	14.4	5.9	65.9	17.2	5.9	8.1	1	2026-10-10	5
oreo-66g-original-vanilla-sandwich-biscuit-snack-pack	g	1982	472	19	5.4	67	35		5.6		2026-10-10	5
oreo-original-396g-open-share-vanilla-sandwich-cookies	g	1982	472	19	5.4	67	35		5.6		2026-10-10	5
sainsburys-125g-bag-o-bats-vanilla-flavour-biscuits	g	2105	503	24.6	8.6	63.1	17.2	2.6	5.9	0.68	2026-10-10	5
sainsburys-200g-cheese-selection-biscuits	g	1928	460	19.3	8.7	59.0	6.3	5.7	9.7	2.10	2026-10-10	5
sainsburys-400g-chocolate-chip-digestives	g	1992	476	20.8	9.9	61.6	22.4	7.4	6.9	0.58	2026-10-10	5
sainsburys-all-butter-toffee-shortbread-175g	g	2119	506	25.5	15.6	63.1	21.6	2.0	5.1	0.86	2026-10-10	5
sainsburys-chocolate-chunk-cookies-200g	g	2027	484	22.2	11.6	63.5	34.0	2.8	6.1	0.52	2026-10-10	5
sainsburys-dark-chocolate-ginger-cookies-taste-the-difference-200g	g	2121	507	25.2	15.1	64.0	40.6	3.0	4.5	0.23	2026-10-10	5
sainsburys-jaffa-cakes-orange-150g	g	1632	387	9.6	5.6	71.2	49.6	1.9	3.0	0.13	2026-10-10	5
sainsburys-nice-biscuits-200g	g	2048	489	22.0	11.5	63.9	18.1	4.7	6.5	0.25	2026-10-10	5
sainsburys-scottish-shortbread-fingers-taste-the-difference-160g	g	2133	510	26.1	16.0	63.4	20.4	1.7	4.5	0.67	2026-10-10	5
siro-oaty-sugar-free-biscuits-300g	g:final product	2025	485	22	10	63	0.5	11	7.8	0.7	2026-10-10	5
thomas-fudge-s-6-milk-chocolate-florentines	g	2251	539	35	15	45	42	2.8	7.6	<0.5	2026-10-10	5
walker-s-shortbread-fingers-x10-160g	g	2226	533	30.3	18.9	58.4	16.2	2.1	5.6	0.7	2026-10-10	5
rhythm108-swiss-chocolate-peanut-butter-soft-baked-filled-cookie-50g	g	1959	469	27	13	42	25	8	10	0.6	2026-10-10	5
sainsburys-free-from-chocolate-chip-cookies-150g	g	2212	530	30.1	14.3	58.5	26.5	1.6	5.4	0.32	2026-10-10	5
sainsburys-free-from-250g-gluten-milk-shortbread-rounds	g	2231	534	31.2	10.8	60.5	21.5	0.9	2.4	0.43	2026-10-10	5
organix-farm-animal-biscuits-toddler-snacks-12-months-100g	g	1833	436	13	1.5	70	18	6.1	6.6	0.5	2026-10-10	5
mcvitie-s-penguin-original-biscuit-bar-multipack-7-x-24-6g	g	2177	520	27	15.2	62.8	40.8	2.5	5.3	<0.5	2026-10-10	5
crave-pink-cheetahs-100g	g	2260	537	33	19	57	33	3.4	1.1	<0.5	2026-10-10	5
nairn-s-45g-mini-choc-chip-bakes-biscuits	g	2074	496	23.1	10	61.7	18.1	5.7	7.5	1	2026-10-10	5
sainsburys-free-from-141g-caramelised-biscuits	g	2014	480	20.2	9.1	65.4	36.2	2.7	7.9	0.66	2026-10-10	5
sainsburys-free-from-bourbon-creams-150g	g	1949	464	17.5	13.3	71.6	24.3	2.9	3.6	0.48	2026-10-10	5
sainsburys-free-from-oat-sultana-cookies-taste-the-difference-150g	g	1949	465	20.1	12.8	63.3	38.1	4.2	5.6	0.55	2026-10-10	5
sch-r-6-x-35g-cinnamon-soft-cookies-multipack-biscuits-210g	g	1912	456	19	13	69	26	0.9	1.7	0.7	2026-10-10	5
britannia-good-day-butter-cookies-216g	g:quantity	1983	474	22	11	62	22		7	0.6	2026-10-10	5
rakusen-s-of-yorkshire-150g-ginger-biscuits	g	1847	439	14.1		72.8		1.6	4.5	1.1	2026-10-10	5
walker-s-350g-shortbread-festive-shapes-biscuits	g	2211	529	30	18.7	58.2	16.5	2	5.6	0.7	2026-10-10	5
cadbury-timeout-5-x-18g-milk-chocolate-wafer-multipack-biscuit-bars	g	2162	517	26	14	64	44		5.3		2026-10-10	5
kitkat-2-finger-caramel-chocolate-biscuit-bar-multipack-8-x-20-7g	g	2095	500	24.2		62.3		2.3	6.9	<0.5	2026-10-10	5
kitkat-2-finger-orange-chocolate-biscuit-bar-multipack-8-x-20-7g	g	2100	501	24.4	13.8	62.2	49.2	2.3	7	<0.5	2026-10-10	5
kitkat-chunky-duo-salted-caramel-chocolate-bar-68g	g	2181	522	28.2		58.5		1.9	7.2	<0.5	2026-10-10	5
reese-s-3-x-21g-milk-chocolate-peanut-butter-trio-cups	g	2230	533	29	10	58	53		11	0.8	2026-10-10	5
sch-r-maxi-break-milk-chocolate-38g	g	2402	576	35		57	45	3.9	5.1	<0.5	2026-10-10	5
sainsburys-biscuits-for-cheese-selection-500g	g	1934	461	18.4	8.4	60.4	5.5	6.1	10.4	1.81	2026-10-10	5
ryvita-125g-salt-vinegar-sticks	g	1874	445	13	1.4	66	3.1	5.6	12.3	1.1	2026-10-10	5
jaimin-methi-khakhra-200g	g	2079	495	23	7	61	3	5	11	1.4	2026-10-10	5
peter-s-yard-original-sourdough-crackers-90g	g	1552	367	2.8	1.2	69	4	8.1	13	1.6	2026-10-10	5
peter-s-yard-sourdough-crackers-selection-box-270g	g	1552	367	2.8	1.2	69	4	8.1	13	1.6	2026-10-10	5
ryvita-crispbread-fruit-crunch-currant-seed-oat-crackers-200g	g	1562	370	4.7	0.7	66.6	17.6	11.2	9.8	<0.5	2026-10-10	5
ryvita-snack-it-thins-smoky-bbq-flatbread-snacks-125g	g	1919	457	17	1.4	62	4.2		11	0.5	2026-10-10	5
ryvita-thins-sweet-chilli-flatbread-crackers-125g	g	1712	405	4.2	0.8	75.5	9.1		12.4	1.3	2026-10-10	5
aero-145g-white-chocolate-sharing-milkybar	g	2260	541	30.1	17.8	63.7	58.1	<0.5	3.5	<0.5	2026-10-10	5
aero-bubbles-peppermint-mint-chocolate-sharing-bag-92g	g	2235	535	29.3	17.1	64	60.4	0.7	3.1	<0.5	2026-10-10	5
aero-peppermint-mint-chocolate-sharing-bar-90g	g	2227	533	29.4	17.2	61.9	59.3	1.1	4.4	<0.5	2026-10-10	5
baileys-3-x-24g-chocolate-caramel-whirls	g	2099	501	25	15	63	56	1.6	5.2	<0.5	2026-10-10	5
bendicks-mint-collection-200g	g	1951	466	20	12.2	65.3	58.3		3.7	<0.5	2026-10-10	5
buttermilk-honeycomb-blast-45g	g	1820	432	12	7.4	79	69		1.1	1.1	2026-10-10	5
cadbury-223g-treatsize-chocolate-bar-sharing-selection-bag	g	1951	465	20	10	69	49	0.7	2	0.5	2026-10-10	5
cadbury-biscoff-3-x-filled-centres-chocolate-100-5g	g	2299	551	33	18	59	48		4.5		2026-10-10	5
cadbury-boost-chocolate-bar-48-5g	g	2145	513	28	18	59	52		5.2		2026-10-10	5
cadbury-caramilk-golden-caramel-chocolate-bar-90g	g	2273	544	30	18	63	63		4.2		2026-10-10	5
cadbury-crunchie-8-x-26-1g-multipack-chocolate-bars	g	1956	465	17	9.8	74	65		3.1		2026-10-10	5
cadbury-dairy-4-x-14-4g-multipack-milk-chocolate-buttons	g	2231	534	30	18	57	56		7.4		2026-10-10	5
cadbury-dairy-milk-110g-mini-snowballs-chocolate-bar	g	2193	525	28	17	59	57		6.8		2026-10-10	5
cadbury-dairy-milk-340g-chocolate-extra-special-day-24-advent-calendar	g	2224	532	30	17	58	57	1.9	7	<0.5	2026-10-10	5
cadbury-dairy-milk-70g-chocolate-coins	g	2230	534	30	18	57	56		7.4		2026-10-10	5
cadbury-dairy-milk-90g-chocolate-advent-calendar	g	2239	536	31	18	56	56		7.3		2026-10-10	5
cadbury-dairy-milk-classic-chocolate-bar-280g	g	2232	534	30	18	57	56		7.3		2026-10-10	5
cadbury-dairy-milk-freddo-4-x-19-5g-caramel-multipack-chocolate-bar	g	2075	496	26	15	59	52		5.7		2026-10-10	5
cadbury-dairy-milk-mega-buttons-chocolate-large-sharing-bag-192g	g	2230	534	30	18	57	56		7.4		2026-10-10	5
cadbury-dairy-milk-oreo-chocolate-tablet-300g	g	2339	561	35	19	56	48		5		2026-10-10	5
cadbury-dairy-milk-smash-bauble-90g-freddo-faces-chocolate-box	g	2232	534	30	18	57	56		7.5		2026-10-10	5
cadbury-delights-oreo-chocolate-nougat-bar-4-pack-multipack-80-g	g	1650	394	14	7.2	55	36		4.5		2026-10-10	5
cadbury-flake-chocolate-bar-32g	g	2195	525	28	17	59	58		7.3		2026-10-10	5
cadbury-heroes-475g-chocolate-assortment-sharing-tub	g	2041	487	23	13	65	58		4.8		2026-10-10	5
cadbury-oreo-bites-chocolate-pouch-100g	g	2345	562	35	19	56	50		4.9		2026-10-10	5
cadbury-roses-270g-chocolate-pouch	g	2044	488	23	13	64	57		4.2		2026-10-10	5
cadbury-starbar-duo-chocolate-bar-74g	g	2127	509	28	12	54	44		10		2026-10-10	5
cadbury-twirl-chocolate-bar-single-43g	g	2218	531	29	17	58	58		7		2026-10-10	5
cadbury-white-chocolate-mega-buttons-pouch-192g	g	2239	535	29	17	63	63		4.8		2026-10-10	5
cadbury-wispa-duo-chocolate-bar-47g	g	2271	544	32	19	56	55		6.6		2026-10-10	5
celebrations-325g-milk-chocolate-pouch	g	2073	495	24	14	62	55		5.6	0.5	2026-10-10	5
elizabeth-shaw-dark-chocolate-mint-crisp	g	2079	495	25	15	59	53	7.1	4.5	<0.5	2026-10-10	5
ferrero-collection-gift-box-of-chocolates-x32-359g	g	2330	559	35	18.8	52.5	44.5		6.2	<0.5	2026-10-10	5
ferrero-rocher-milk-chocolate-bar-with-hazelnut-macadamia-90g	g	2579	621	45.3	22.9	44.4	43.2		7.6	<0.5	2026-10-10	5
barilla-fusilli-pasta-500g	g	1521	359								2026-10-10	7
gefen-instant-noodle-soup-chicken-65g	g	1933	462	20.2	9.7	62.1	1.5	<0.1	7.7	1.8	2026-10-10	7
laila-basmati-rice-2kg	g	1593	375	0.5	<0.5	84	0.5		8.1	<0.5	2026-10-10	7
yutaka-shelled-edamame-soybeans-500g	g	498	120	5.7	0.8	2.6	1.5	4.9	12	<0.5	2026-10-10	7
flipz-milk-chocolate-covered-pretzels-90g	g	2166	518	19.2	10.6	65.8	36.7	0.9	9.1	1.5	2026-10-10	7
galaxy-234g-chocolate-large-christmas-selection-box	?	2273	544	32	20	55	54		7.3	<0.5	2026-10-10	7
galaxy-minstrels-milk-chocolate-buttons-sharing-pouch-bag-195g	g	2086	497	22	13	69	67		5.7	<0.5	2026-10-10	7
galaxy-smooth-milk-chocolate-bar-360g	g	2273	544	32	20	55	54		7.3	<0.5	2026-10-10	7
green-black-s-organic-chocolate-bar-bundle-360g	g	2329	560	37	21	46	42		8.1		2026-10-10	7
kinder-14-x-bueno-mini-small-chocolate-pouch-75-6g	g	2384	572	37.3	17.3	49.5	41.2		8.6	<0.5	2026-10-10	7
kinder-43g-bueno-dark-chocolate-bar	g	2425	582	37.5	16.8	50.7	41.1		8.9	<0.5	2026-10-10	7
kinder-bueno-milk-chocolate-hazelnut-multipack-5-x-43g	g	2384	572	37.3	17.3	49.5	41.2		8.6	<0.5	2026-10-10	7
kinder-chocolate-medium-snack-bars-multipack-6x21g	g	2360	566								2026-10-10	7
kinder-joy-chocolate-egg-with-surprise-20g	g	2296	550	32	15.1	56.5	51		8.2	<0.5	2026-10-10	7
kinder-surprise-36g-chocolate-figure	g	24135799		36.2	24.1	53.9	53.6		8.8	<0.5	2026-10-10	7
kitkat-4-x-166g-4-finger-cookie-dough-flavour-multipack-chocolate-bar	g	2144	512	26.4		61.1		1.9	6.5	<0.5	2026-10-10	7
kitkat-chunky-8-x-milk-giant-carton-320g	g	2122	507	25.1		62		2.3	6.8	<0.5	2026-10-10	7
kitkat-chunky-peanut-butter-milk-chocolate-bar-42g	g	2205	528	29.8		54		3	9.2	0.6	2026-10-10	7
lily-o-brien-s-285g-christmas-desserts-collection-box	g	2309	554	36	19	50	45	3.9	6	<0.5	2026-10-10	7
lily-o-brien-s-luxury-collection-270g	g	2204	528	30	17	56	44	3	5.8	<0.5	2026-10-10	7
lindt-125g-santa-christmas-milk-chocolate	g	2272	544	32	19	56	54		7.2	<0.5	2026-10-10	7
lindt-250g-premium-chocolate-collection	g	2302	552	34	15	52	50		7.9	<0.5	2026-10-10	7
lindt-60g-milk-chocolate-teddy-christmas-tree-decorations	g	2350	564	36	22	52	50		7.1	<0.5	2026-10-10	7
lindt-classic-recipe-milk-hazelnut-chocolate-bar-100g	g	2390	574	37	17	50	47		8.3	<0.5	2026-10-10	7
lindt-excellence-dark-85-cocoa-chocolate-bar-100g	g	2418	584	46	27	22	15		12.5	<0.5	2026-10-10	7
lindt-excellence-dark-sea-salt-chocolate-bar-100g	g	2205	529	32	20	50	48		6.2	<0.5	2026-10-10	7
lindt-lindor-100g-milk-chocolate-christmas-cracker	g	2587	623	47	34	44	42		5	<0.5	2026-10-10	7
lindt-lindor-337g-assorted-chocolate-truffles-festive-edition	g	2619	631	49	35	41	40		4.8	<0.5	2026-10-10	7
lindt-lindor-75g-milk-chocolate-bow-gift-box	g	2584	622	47	35	43	42		5	<0.5	2026-10-10	7
lindt-lindor-blue-assorted-milk-chocolate-truffles-box-337g	g	2569	619	47	34	42	40		5.5	<0.5	2026-10-10	7
lindt-lindor-milk-chocolate-truffles-box-137g	g	2587	623	47	34	44	42		5	<0.5	2026-10-10	7
lindt-lindor-salted-caramel-chocolate-truffles-box-200g	g	2588	623	47	35	43	42		4.9	0.5	2026-10-10	7
lindt-nocciolatte-35g-chocolate-wrap	g	2318	556	35	18	51	49		7.1	<0.5	2026-10-10	7
lotus-biscoff-white-chocolate-with-biscoff-cream-180g	g	2361	566	35	20	60	49	<0.5	3.6	<0.5	2026-10-10	7
m-m-s-55g-christmas-mini-santa-chocolate-bag	g	2210	529	29	17	60	58		7.1	<0.5	2026-10-10	7
m-m-s-friends-137g-medium-christmas-chocolate-selection-box	?	2010	479	19	12	70	65		5.3	<0.5	2026-10-10	7
m-m-s-peanut-chocolate-pouch-bag-112g	g	2191	524	26	10	60	53		9.7	<0.5	2026-10-10	7
maltesers-29g-reindeer-chocolate-christmas-treat	g	2260	542	31	18	57	52		7.4	<0.5	2026-10-10	7
maltesers-88g-white-chocolate-gift-box	g	2102	501	23	14	68	59		6.3	0.5	2026-10-10	7
maltesers-milk-chocolate-honeycomb-snack-bag-37g	g	2108	503	25	15	61	53		8.5	0.5	2026-10-10	7
mars-69g-duo-caramel-milk-chocolate-bar	g	1858	442	16	7.5	70	61		4.5	0.7	2026-10-10	7
mcvitie-s-digestives-nibbles-80g-milk-chocolate-coated-biscuit-balls	g	2119	506	25.7	13.9	60.2	38.4	1.9	7.7	0.9	2026-10-10	7
milky-way-10-x-21-5g-mulitpack-chocolate-bars	g	1879	447	16	7.4	71	64		3.7	0.7	2026-10-10	7
milkybar-85g-white-chocolate-advent-calendar	g	2275	545	31.3		59.4		<0.1	6	<0.5	2026-10-10	7
milkybar-white-chocolate-giant-buttons-bag-176g	g	2275	544	31.3		59.4		<0.5	6	<0.5	2026-10-10	7
monty-bojangles-36g-cocoa-nib-nights-my-truffles	g	2498	602	46	39	39	37		4.3	<0.5	2026-10-10	7
munchies-97g-fudgey-salted-caramel-flavour-small-pouch	g	2230	534	29.8		60		1.1	5.6	<0.5	2026-10-10	7
nestle-mini-mix-296g-multipack-chocolate-bar	?	2148	514	26.8		60.2		2.5	6.5	<0.5	2026-10-10	7
quality-street-110g-matchmakers-mint-chocolate-box	g	2040	486	21		68.5		2.4	4.4	<0.5	2026-10-10	7
quality-street-6-x-350g-small-metal-tin	g	1977	471	20.8	12	66.8	57.7	1.4	3.3	<0.5	2026-10-10	7
raffaello-coconut-almond-pralines-gift-box-400g	g	2600	627	48.3	29.5	38.6	33.6		7.4	<0.5	2026-10-10	7
reese-s-87g-nutrageous-king-size-chocolate-bar	g	2093	513	30.2		54.8			12	<0.5	2026-10-10	7
reese-s-peanut-butter-white-bar-90g	g	2302	550	33	17	54	47		9	<0.5	2026-10-10	7
revels-pouch-101g	g	2027	483	21	13	67	63		5.5	<0.5	2026-10-10	7
ritter-sport-coffee-duo-218g	g	2329	559	36	20	51	50		6.4	<0.5	2026-10-10	7
ritter-sport-praline-100g	g	2287	548	32	14	54	51		7.7	<0.5	2026-10-10	7
sainsburys-100g-almond-slivers-belgian-dark-chocolate-bar-taste-the-difference	g	2326	559	36.4	18.7	44.6	40.0	6.1	10.0	<0.01	2026-10-10	7
sainsburys-100g-butter-caramel-fleur-de-sel-belgian-milk-chocolate-bar-taste-the-difference	g	2254	540	30.7	18.9	59.3	56.7	1.2	5.9	0.75	2026-10-10	7
sainsburys-140g-milk-chocolate-twists-shortcake-brownie-crunchy-caramel-salted-caramel-8253163-p-44	g	2224	532	29.6	18.1	59.2	52.8	1.5	6.4	0.35	2026-10-10	7
sainsburys-70g-white-chocolate-coins	g	2263	541	30.0	18.0	63.0	62.0	<0.5	4.8	0.25	2026-10-10	7
sainsburys-75g-milk-chocolate-sprouts-with-a-cr-me-filling	g	2284	547	31.6	23.0	60.9	58.6	1.0	4.1	0.15	2026-10-10	7
sainsburys-discovery-100g-dominican-republic-dark-chocolate-bar-taste-the-difference	g	2373	572	41.4	25.6	36.8	28.1	9.7	8.1	<0.01	2026-10-10	7
sainsburys-milk-chocolate-180g	g	2268	543	31.2	19.4	58.0	46.2	1.4	6.9	0.19	2026-10-10	7
sainsburys-toffee-biscuit-chocolate-bars-4x42g	g	2160	516	27.6	15.9	61.4	40.3	0.9	5.1	0.52	2026-10-10	7
smarties-120g-orange-milk-chocolate-giant-tube	g	1993	475	18.7		70.3		1.8	5.1	<0.5	2026-10-10	7
snickers-184-5g-large-selection-chocolate-gift-box	?	1836	437	15	6.8	70	66		4.2	0.8	2026-10-10	7
stamford-street-co-dark-chocolate-100g	g	2222	532	29.9	19.3	57.1	52.9	4.8	6.2	<0.01	2026-10-10	7
terry-s-80g-minis-mint-crisp-chocolate-pouch	g	2030	486	26	16	56	55	2.2	5.4	<0.5	2026-10-10	7
terry-s-chocolate-orange-dark-ball-145g	g	2146	514	30	19	53	51	6.9	4.8	<0.5	2026-10-10	7
terry-s-milk-chocolate-mint-bar-90g	g	2181	522	28	17	60	59	2.4	5.8	<0.5	2026-10-10	7
toblerone-100g-dark-chocolate-bar	g	2150	516	30	18	50	47		5.9		2026-10-10	7
toblerone-180g-biscoff-chocolate-pralines	g	2304	552	33	19	58	51		4.9		2026-10-10	7
toblerone-340g-milk-chocolate-with-fruit-almond-gifting-bar	g	2073	495	24	14	62	61		5.3		2026-10-10	7
toblerone-tinies-250g-honey-almond-nougat-milk-chocolate-pouch	g	2204	528	29	17	58	57		5.9		2026-10-10	7
tony-s-chocolonely-127g-filled-creamy-milk-ganache-chocolate-bar	g	2364	567	38	21	48	46		7.1	<0.5	2026-10-10	7
tony-s-chocolonely-42-milk-pretzel-toffee-90g	?	2242	535	33	20	49	41		8.1	0.5	2026-10-10	7
tony-s-chocolonely-dark-almond-sea-salt-90g	?	2246	538	35	18	44	42		6.8	0.6	2026-10-10	7
tony-s-chocolonely-fairtrade-milk-creamy-hazelnut-crunch-180g	?	2335	559	36	17	47	44		8.4	<0.5	2026-10-10	7
tony-s-chocolonely-milk-chocolate-caramel-sea-salt-180g	?	2247	537	32	19	54	51		6.9	0.7	2026-10-10	7
tonys-90g-chocolonely-milk-chocolate-bar-8254661-p-44	g	2335	534	31	18	53	48		7.8	0.5	2026-10-10	7
twix-milk-chocolate-crispy-rolls-snack-bars-mulitpack-5-x-22-5g	g	2140	511	25	17	64	53		7.3	<0.5	2026-10-10	7
wonka-90g-oompa-loompa-milk-chocolate-box	g	2463	591	38.9	24.9	53.6	53.2		6.2	<0.5	2026-10-10	7
yorkie-original-milk-chocolate-bar-46g	g	2206	528	29.4		57.4		2.2	7	<0.5	2026-10-10	7
rhythm-108-creamy-coconut-with-swiss-dark-chocolate-33g	g	2356	568	42	31	35	28	14	6	<0.5	2026-10-10	7
moo-free-moofreesas-choccy-covered-crunchy-balls-35g	g	1985	473	22	13.4	65.4	31.8		3.4	<0.5	2026-10-10	7
nomo-caramel-xl-bar-120g	g	2143	512	27	16	64	41		1.6	<0.5	2026-10-10	7
green-black-s-90g-organic-70-dark-chocolate-bar	g	2406	580	42	25	36	29	10	9.1	<0.5	2026-10-10	7
hu-almond-butter-crispy-quinoa-dark-chocolate-bar-60g	g	2468	595	44	22	95	27	9.4	10	<0.5	2026-10-10	7
ombar-70g-caramelised-blonde-creamy-white-chocolate-bar	g	2530	608	47	30	45	23		1.7	?	2026-10-10	7
montezuma-s-dark-chocolate-absolute-black-100-cocoa-90g	g	2491	604	53		9.2		17	13	<0.5	2026-10-10	7
galaxy-40g-dairy-free-vegan-caramelised-biscuit-chocolate-bar	g	2397	574	40	22	54	44		3.2	<0.5	2026-10-10	7
hu-salty-dark-chocolate-60g	g	2488	600	45	27	35	27	10	8.7	0.9	2026-10-10	7
nomo-140g-mini-bars	g	2207	528	28	17	65	37		2.1	<0.5	2026-10-10	7
nomo-70g-creamy-choc-advent-calendar-chocolate	g	2351	563	34	20	62	33		2.4	<0.5	2026-10-10	7
sainsburys-free-from-choc-coated-raisins-120g	g	1945	464	21.2	12.8	64.8	52.9	2.3	2.4	0.04	2026-10-10	7
sch-r-gluten-free-snack-bar-milk-chocolate-3x35g	g	2309	553	32	17	60	40	2.7	4.9	<0.5	2026-10-10	7
guylian-254g-belgian-chocolates-advent-calendar	g	2295	549	35	16	50	48		7.2	<0.5	2026-10-10	7
maltesers-29g-reindeer-gingerbread-chocolate-christmas-treat	g	2250	539	31	17	57	52		7.1	<0.5	2026-10-10	7
aero-70g-bubbles-peppermint-chocolate-giant-tube	g	2235	535	29.3		64		0.7	3.1	<0.5	2026-10-10	7
cadbury-dairy-milk-twisted-milk-white-chocolate-buttons-pouch-105g	g	2234	535	30	17	60	59		6.1		2026-10-10	7
kinder-surprise-milk-chocolate-egg-20g	g	2338561		34.2	22.6	52.3	52.1		8.1	<0.5	2026-10-10	7
maoam-bloxx-pack-x4-88g	g	1726	409	7.8	4	84	58		1.5	<0.5	2026-10-10	7
rowntree-s-115g-jelly-tots-sweets-giant-tube	g	1488	350	<0.5		86.3		<0.1	<0.5	<0.5	2026-10-10	7
sainsburys-75g-milk-chocolate-pumpkins-chocolate-bag	g	2175	520	27.5	17.0	60.7	59.4	3.1	5.9	0.21	2026-10-10	7
thorntons-251g-continental-desserts-milk-white-dark-chocolate-gift-box	g	2257	542								2026-10-10	7
nomo-76g-kids-selection-box	?	2321	556	33	19	62	33		2.5	<0.5	2026-10-10	7
carr-s-table-water-roasted-garlic-herbs-125g	g	1708	405	7.5	3.2	72.3	1.5	4.3	9.9	1.8	2026-10-10	7
crosta-mollica-parmesan-poppy-seed-torinesi-breadsticks-120g	g	1724	409	9.3	2.4	66.3	4.9	4.7	12.7	1.6	2026-10-10	7
jacob-s-bites-125g-sea-salt-malt-vinegar-cracker	g	1996	476	20.5	2	63	8.6	2.6	7.4	1.7	2026-10-10	7
sainsburys-cream-cracker-300g	g	1888	448	13.2	6.0	70.9	1.1	3.4	9.8	1.34	2026-10-10	7
jacob-s-smoked-paprika-flavour-bites-125g	g	1997	476	20.7	2	63.2	9.1	3	7.7	1.4	2026-10-10	7
mcvitie-s-penguin-125g-cheese-flavour-bites-baked-snack-crackers	g	1911	455	16.4	1.8	65.5	1.8	4.7	8.8	1	2026-10-10	7
ritz-190g-breaks-original-crackers-multipack-snack-lunchbox	g	1955	466	19	1.7	64	9		8.2		2026-10-10	7
sainsburys-breadstick-selection-120g	?	2018	482	22.2	7.5	53.3	3.1	5.7	14.4	1.38	2026-10-10	7
sainsburys-multigrain-crackers-170g	g	1979	471	18.0	1.7	65.3	5.6	5.3	9.5	1.10	2026-10-10	7
ritz-150g-original-crackers-box	g	2044	488	23	2	61	8.5		7.8		2026-10-10	7
sainsburys-free-from-137g-onion-herb-crackers	g:typical analysis	1851	440	13.9	5.7	67.3	2.5	6.2	8.4	1.52	2026-10-10	7
skyflakes-10-x-crackers-250g	g:per	2053	490	21	16	65	0.55		9.6	1.8	2026-10-10	7
cheez-it-cheese-chilli-thin-crispy-baked-snacks-150g	g	2098	501	25	3.3	60	3.4	4.2	7	1.5	2026-10-10	7
doritos-180g-gingerbread-tortilla-chips-sharing-crisps-limited-edition	g	2034	486	22	1.9	63	7.4	5.6	5.8	0.5	2026-10-10	7
doritos-5-x-30g-cool-original-multipack-tortilla-crisps	g	2004	479	22	2	62	1.9	5.6	6.1	1.1	2026-10-10	7
doritos-dip-or-load-zesty-lime-tortilla-chips-sharing-crisps-230g	g	2033	486	23	2	61	2.1	5.7	6.2	0.9	2026-10-10	7
doritos-sweet-bbq-tortilla-chips-sharing-bag-crisps-180g	g	2006	479	22	1.9	60	4.3	5.8	6.4	0.9	2026-10-10	7
goodies-4-x-12g-cheese-onion-multipack-kids-snack-dino-puffs	g	1958	468	21	3.4	52	4.2	6.6	13	1	2026-10-10	7
hula-hoops-salt-vinegar-flavour-big-hoops-sharp-45g	g	2136	511	27	2.5	62	1	2.8	3.2	2	2026-10-10	7
itsu-19g-thai-sweet-chilli-prawn-cracker-crisps	g:per	2144	513	28	2	65	9.1	0.6	1.1	2.1	2026-10-10	7
jacob-s-mini-cheddars-original-baked-snacks-multipack-6x23g	g	2134	511	28.6	14.4	51.5	4.6	2.6	10.3	2.4	2026-10-10	7
jacob-s-twiglets-200g-mini-caddy-snack-sticks	g	1766	421	13.4	1.9	57	0.5	11.3	12.4	1.1	2026-10-10	7
marmite-yeast-extract-crisps-6x25g	g	2145	514	29.2	2.7	54.1	1.3	3.8	6.9	1.3	2026-10-10	7
mccoy-s-salt-vinegar-variety-pack-crisps-6x25g	g	2210	529	31	2.5	54	1.9	3.9	6.5	2.1	2026-10-10	7
mini-cheddars-cheeselets-6-x-24-5g-cheese-onion-baked-multipack-snacks	g	2093	500	25.3	8.9	58.3	2.3	3.1	8.1	2.1	2026-10-10	7
odysea-60g-tzatziki-tortilla-chips	g	995	239	16	3.5	18	1.5	1.8	4.8	1	2026-10-10	7
pringles-165g-paprika-sharing-crisps	g	2164	518	29	2.7	56	3.7	3.8	6.4	1.4	2026-10-10	7
pringles-165g-texas-bbq-sauce-sharing-crisps	g	2174	520	29	6.3	57	4.6	3.5	6.1	1.2	2026-10-10	7
pringles-40g-salt-vinegar-crisps	g	2135	511	29	2.8	55	2	3.3	5.9	1.8	2026-10-10	7
pringles-hot-smokin-bbq-ribs-sharing-crisps-160g	g	2179	522	30	2.9	55	4	3.8	6.1	0.7	2026-10-10	7
properchips-sea-salt-lentil-chips-85g	g	2023	482	20.8	3	63.6	1	0.7	9.7	1.9	2026-10-10	7
sainsburys-100g-prawn-cocktail-santa-hats-maize-sharing-crisps	g	2197	526	30.4	2.6	57.5	3.9	3.2	4.1	2.01	2026-10-10	7
sainsburys-150g-beef-wellington-flavour-hand-cooked-ridge-cut-potato-crisps-taste-the-difference	g	2103	504	28.5	3.3	51.7	1.1	5.6	7.4	1.05	2026-10-10	7
sainsburys-150g-porchetta-with-rosemary-sage-crisps-taste-the-difference	g	2132	511	30.0	2.8	50.2	1.1	5.7	7.4	1.23	2026-10-10	7
sainsburys-80g-cheese-alpha-crunch-chips	g	2148	513	27.1	2.3	63.9	5.1	1.4	2.8	0.89	2026-10-10	7
sainsburys-beef-potato-sticks-150g	g	2189	525	31.5	2.9	50.9	0.6	4.0	7.3	1.14	2026-10-10	7
sainsburys-lightly-salted-lentil-triangles-85g	g	2020	482	21.9	1.7	60.8	0.8	2.3	9.3	1.58	2026-10-10	7
sainsburys-cheesy-curls-6x16g	g	2172	520	29.0	2.9	60.4	4.6	1.8	3.6	2.03	2026-10-10	7
sainsburys-prawn-cocktail-combo-mix-150g	g	1988	474	19.9	1.9	69.6	1.7	2.8	2.8	1.99	2026-10-10	7
sainsburys-ready-salted-potato-sticks-150g	g	2096	502	27.3	2.6	56.7	<0.5	3.8	5.5	0.84	2026-10-10	7
sainsburys-sea-salt-cider-vinegar-crisps-taste-the-difference-150g	g	2146	514	29.3	3.0	53.8	1.1	2.7	7.4	1.53	2026-10-10	7
sainsburys-tortilla-chips-salted-200g	g:typical analysis	2056	491	23.0	1.9	62.7	<0.5	5.6	5.6	0.80	2026-10-10	7
skips-prawn-cocktail-14x13-1g	g	2249	539	32	2.9	56	6.5	1.2	5.2	2.2	2026-10-10	7
snack-a-jacks-5-x-19g-salt-vinegar-multipack-rice-cakes-crisps	g	1784	423	9.9	1.2	74	2	2.9	6.5	1.1	2026-10-10	7
sun-bites-95g-lightly-salted-wholegrain-sharing-bag-crisps	g	1993	476	21	2	61	3.7	6.6	7.3	0.9	2026-10-10	7
tyrrells-cider-vinegar-salt-sharing-crisps-150g	g	2098	502	27.2	2.3	54.4	2.3	6.3	6.4	1.8	2026-10-10	7
walkers-140g-max-sizzling-flame-grilled-steak-sharing-crisps	g	2113	506	29	2.2	53	1.2	4.6	6.2	0.7	2026-10-10	7
walkers-6-x-25g-sticky-teriyaki-flavour-multipack-sharing-crisps	g	2122	508	29	2.2	54	4.2	4.5	5.9	0.7	2026-10-10	7
walkers-classic-variety-multipack-crisps-6x25g	?	2137	512	29	2.4	53	2.6	4	6.6	1.2	2026-10-10	7
walkers-crisps-smoky-bacon-45g	g	2141	513	29	2.2	54	0.8	4.3	6.6	0.7	2026-10-10	7
walkers-heinz-tomato-ketchup-multipack-crisps-6-x-25g	g	2133	511	29	2.3	53	2.6	4.2	6.4	0.7	2026-10-10	7
walkers-max-140g-punchy-paprika-sharing-crisps	g	2121	508	29	2.2	54	3.1	4.7	6.2	0.7	2026-10-10	7
walkers-max-strong-jalape-o-cheese-sharing-crisps-140g	g	2215	531	33	2.8	51	2.6	3.1	6.5	1.4	2026-10-10	7
walkers-monster-munch-roast-beef-multipack-crisps-snacks-6x20g	g	2061	492	25	2.2	59	3	1.7	6	1.8	2026-10-10	7
walkers-quavers-cheese-multipack-snacks-crisps-20-x-16g	g	2245	536	30.8	2.7	62.1	2.7	1.2	2.5	2.2	2026-10-10	7
walkers-salt-shake-multipack-crisps-6x24g	g	2191	525	31	2.5		<0.5	4	6.5	<0.5	2026-10-10	7
walkers-sensations-thai-sweet-chilli-multipack-crisps-5x25g	g	2041	489	26	2.1	54	3.7	5.9	6.6	0.7	2026-10-10	7
walkers-wotsits-120g-bag-of-bones-cheese-corn-puffs-sharing-snacks	g	2270	544	33	3.1	57	7.6	1.2	5.4	1.7	2026-10-10	7
walkers-wotsits-giants-really-cheesy-sharing-crisps-snacks-130g	g	2059	494	32	2.9	46	7.2	<0.5	5.4	1.6	2026-10-10	7
sch-r-gluten-free-curvies-original-170g	g	2072	495	25	1.8	61	5.1	4.4	4.7	1.3	2026-10-10	7
kettle-5-x-25g-sea-salt-balsamic-vinegar-of-modena-potato-chips	g	2132	511	29.4	2.5	52.5	2.5	4.5	6.9	0.6	2026-10-10	7
popchips-5-x-17g-barbeque-multipack-crisps	g	1824	434	14	1.7	68	5.5	4.2	5.5	0.7	2026-10-10	7
sainsburys-150g-padron-pepper-garlic-aioli-tortilla-chips-taste-the-difference	g	2079	497	24.7	2.0	60.9	4.2	5.4	5.1	0.65	2026-10-10	7
tyrrells-sweet-chilli-red-pepper-sharing-crisps-150g	g	2100	503	27.3	2.3	54.1	4.9	6.6	7	1.1	2026-10-10	7
organix-4-x-15g-12-months-saucy-tomato-noughts-crosses-organic-multipack-toddler-puffs	g	1840437		13	1.1	70	6.2	5.3	7.9	<0.5	2026-10-10	7
pringles-minis-6-x-20g-original-multipack-crisps	g	2226	534	32	2.8	54	1	4.9	5	0.7	2026-10-10	7
walkers-sensations-thai-sweet-chilli-sharing-bag-crisps-150g	g	2041	489	26	2.1	54	3.7	5.9	6.6	0.7	2026-10-10	7
kettle-140g-chilli-sour-cream-tortilla-chips	g	2045	490	26.3	2.5	51.2	4	8.2	8	0.5	2026-10-10	7
kettle-mature-140g-cheddar-red-onion-tortillas-chips	g	2014	482	24.3	2.2	55.2	2.9	8	6.6	0.5	2026-10-10	7
mister-free-d-avocado-guacamole-flavour-tortilla-chips-135g	g	2185	522	24	3.7	67	1.6	4.7	7.1	1	2026-10-10	7
pipers-lye-cross-cheddar-onion-sharing-crisps-150g	g	2227	533	31	3.5		1.5	3.3	6.2	1.6	2026-10-10	7
popchips-sour-cream-onion-sharing-crisps-85g	g	1793	426	13	1.6	68	2.2	4.7	6.2	0.9	2026-10-10	7
sainsburys-150g-maple-cinnamon-tortilla-rolls-crisps-taste-the-difference	g	2144	513	26.0	2.2	61.4	5.9	6.0	5.3	0.50	2026-10-10	7
sainsburys-free-from-salted-pretzel-thins-100g	g	1889	450	17.4	1.4	65.6	<0.5	3.3	6.1	1.58	2026-10-10	7
tyrrells-roasted-chicken-sage-sharing-crisps-150g	g	2105	504	27.7	2.4	53.1	1.5	6.6	7.4	1.2	2026-10-10	7
kingston-s-paprika-cassava-chips-80g	g	1908	456	16	7.5	75	1.6		2.4	0.5	2026-10-10	7
blanco-nino-white-corn-tortilla-chips-with-celestun-salt-170g	g	1970	470	20.5	1.8	69.7	0.7	8.1	5.7	0.9	2026-10-10	7
mallow-marsh-raspberry-marshmallows-coated-in-70-dark-chocolate-100g	g	1810	431	15.9	9.5	63.5	42.7		6.5	<0.5	2026-10-10	7
sainsburys-marshmallows-400g	g	1412	332	<0.5	<0.1	79.3	63.6	<0.5	3.1	0.02	2026-10-10	7
airwaves-menthol-eucalyptus-sugarfree-chewing-gum-pieces-bottle-x46-64g	g	591	142	<0.1	<0.1	59.1			<0.1	<0.1	2026-10-10	7
extra-plus-30-x-hydro-sugarfree-chewing-gum-bottle	g	740	178	0.5	<0.5	71	<0.1		0.5	<0.5	2026-10-10	7
extra-refreshers-tropical-flavour-sugarfree-chewing-gum-bottle-30-pieces	g	710	170	<0.1	<0.1	69	<0.1		<0.1	<0.1	2026-10-10	7
extra-strawberry-flavour-sugarfree-chewing-gum-multipack-5-x-10	g	697	167	<0.1	<0.1	68	<0.1		<0.1	<0.1	2026-10-10	7
extra-white-sugarfree-chewing-gum-pieces-bottle-x46	g	614	147	<0.1	<0.1	61			<0.1	<0.5	2026-10-10	7
mentos-pure-fresh-68g-cherry-flavour-gum	g	819	196	1		71			<0.1	<0.5	2026-10-10	7
polo-4-x-sugar-free-multipack-berry-mint-flavour-tube-133-6g	g	998	240	0.5	<0.5	98	<0.5	<0.5	<0.5	<0.5	2026-10-10	7
ricola-27-5g-sugar-free-raspberry-pocket-box-mint	g	994	239						<0.1	<0.1	2026-10-10	7
smint-xxl-sugarfree-strawberry-flavour-mints-pieces-x50-35g	g	1037	249	1.4		94			<0.1	<0.5	2026-10-10	7
trebor-extra-strong-peppermint-mints-145-6g	g	1677	395	<0.5	<0.1	98	94		<0.5		2026-10-10	7
smint-xxl-peppermint-x50-35g	g	991	238	<0.5		98			<0.1	<0.5	2026-10-10	7
extra-spearmint-mints-sugarfree-chewing-gum-pieces-bottle-x46	g	624	150	<0.1	<0.1	62	<0.1		<0.1	<0.1	2026-10-10	7
mentos-150g-mint-chewy-dragees	g	1653	390	1.9		93			<0.1	<0.5	2026-10-10	7
sainsburys-mint-assortment-200g	g	1742	411	3.4	2.0	94.5	57.9	<0.5	<0.5	0.25	2026-10-10	7
tic-tac-lime-orange-sweets-x100-49g	g			0.5	0.5	95.8	91.4		<0.5	<0.5	2026-10-10	7
trebor-spearmint-mints-rolls-multipack-x4-38g	g	1589	374	<0.5	<0.1	93	73		<0.5		2026-10-10	7
mentos-mint-chewy-dragees-38g	g	1653	390	1.9		93			<0.1	<0.5	2026-10-10	7
forest-feast-120g-butter-praline-caramelised-mix-nuts	g	2299	549	42	5.5	31	21	4	14	0.9	2026-10-10	7
graze-38g-smoky-barbecue-crunch-snack	g	1902	454	16	1.9	68	5.7	7.3	9.9	0.9	2026-10-10	7
itsu-4-x-5g-sweet-soy-sea-salt-multipack-crispy-seaweed-thins	g	2014	475	33	5.3	9.2	3.9	26	23	2.9	2026-10-10	7
kp-honey-roast-peanuts-225g	g	2468	595	46	7.3	15	14	7.6	27	0.8	2026-10-10	7
kp-peanuts-salt-and-vinegar-flavour-225g	g	2547	615	50	7.9	7.4	5.5	8.4	29	1.2	2026-10-10	7
love-corn-salt-vinegar-crunchy-corn-snack-115g	g	1793	426	12.7		67	0.5	9.4	7.9	1.1	2026-10-10	7
raise-dark-chocolate-sea-salt-clusters-of-nuts-seeds-35g	g	2125	508	34.6	9.6	32.3	10.2	15.1	12.5	0.8	2026-10-10	7
sainsburys-190g-chocolate-orange-mix	g	2017	482	23.2	10.9	59.4	49.2	4.1	6.8	0.06	2026-10-10	7
sainsburys-300g-dry-roasted-nut-mix	g	2452	592	46.8	5.5	13.9	5.3	8.7	24.3	1.84	2026-10-10	7
sainsburys-honey-roast-cashews-150g	g	2454	591	44.1	6.9	28.0	13.7	4.3	18.4	0.31	2026-10-10	7
sainsburys-roasted-nut-mix-with-sea-salt-taste-the-difference-175g	g	2674	646	55.6	5.6	12.6	4.2	6.0	21.0	0.38	2026-10-10	7
sainsburys-salted-cashew-nuts-350g	g	2679	647	54.3	7.9	18.2	4.9	2.7	20.0	0.93	2026-10-10	7
sainsburys-sweet-salty-peanuts-cashews-200g	g	2473	596	45.6	4.3	21.7	12.1	5.0	22.1	0.64	2026-10-10	7
that-s-nuts-doritos-chilli-heatwave-sharing-coated-peanuts-160g	g	2219	532	34	4.9	41	6.8	2.9	15	1.3	2026-10-10	7
that-s-nuts-walkers-smoky-bacon-coated-peanuts-grab-bag-40g	g	2217	532	34	4.8	41	6.4	2.9	15	1.6	2026-10-10	7
the-temples-of-our-gods-jerky-55g	g	1057	251	8.4	3.3	7.3	7.3	<0.5	36.5	6	2026-10-10	7
whitworths-wonder-mix-immunity-boosting-nut-mix-110g	g	2749	665	58.8	6	12.3	4	8.3	17.4	<0.5	2026-10-10	7
wonderful-roasted-salted-xxl-pistachios-450g	g	2444	590	46	5.6	17.4	7.8		21.4	1.3	2026-10-10	7
forest-feast-belgian-milk-chocolate-brazils-120g	g	1857	444	44	22	39	38	2.9	9.5	<0.5	2026-10-10	7
cofresh-roasted-salted-cashews-nuts-60g	g	2571	619	48.3	8	27.5	5	3	18.7	0.8	2026-10-10	7
gama-turkish-pistachios-150g	g:oz	2357	564	44.8	5.5	28.7	7.7	9.9	21	1.1	2026-10-10	7
love-corn-smoked-bbq-roasted-corn-snack-45g	g	1848	440	13		71	2.8	7	7.3	1.1	2026-10-10	7
jack-link-s-biltong-60g	g	1200	285	9	3.6	1	0.7		50	5	2026-10-10	7
cruga-chilli-biltong-60g	g:average per	1008	238	4.3	1.8	3.3	0.9	1.4	50.5	6.6	2026-10-10	7
nairn-s-fine-oatcakes-218g	g	1952	466	20.4	8.1	55	0.7	9	11.2	1.7	2026-10-10	7
north-staffordshire-oatcakes-x6	g:of product	771	183	3.5	<0.5	31.2	<0.5	3.9	4.7	1	2026-10-10	7
nairn-s-gluten-free-oaties-choc-chip-160g	g	2061	493	23.5	8	59.8	20.3	5.9	7.5	1	2026-10-10	7
propercorn-lightly-sea-salted-popcorn-multipack-6x10g	g	1839	439	17.4		56.6		10.9	8.6	1.1	2026-10-10	7
sainsburys-simply-salty-butterfly-popcorn-90g	g	2042	490	26.8	2.2	47.1	0.5	14.4	8.0	1.38	2026-10-10	7
butterkist-microwave-popcorn-sweet-salted-3x60g	g:as prepared	1778	425	20	9.2	49	1.1	8.4	8.2	1.6	2026-10-10	7
propercorn-sweet-salty-popcorn-90g	g	1944	465	20.4		56.5		12.6	7.6	0.7	2026-10-10	7
proper-sea-salt-crunch-corn-125g	g	1909	455	15		68		7.1	7.3	1.7	2026-10-10	7
regal-snacks-225g-sweet-salted-popcorn	g	1955	467	20.3	1.6	61.3	19.2		6	2	2026-10-10	7
kallo-protein-packed-lentil-cakes-100g	g	1580	373	1.9	<0.5	59	1.4	6.9	26	<0.1	2026-10-10	7
sainsburys-mini-yogurt-coated-rice-cakes-4x30g	g	1990	474	19.4	15.0	66.9	31.1	2.2	6.9	0.12	2026-10-10	7
kallo-milk-chocolate-rice-cake-minis-4-x-21g	g	2071	495	24	14	63	30		6.7	<0.5	2026-10-10	7
organix-4-x-18g-12-months-apple-rice-cake-organic-multipack-toddler-snacks	g	1618	381	0.7	<0.5	86	5.7	3.2	6.5	<0.5	2026-10-10	7
kallo-122g-lentil-pea-sweet-chilli-veggie-cakes	g	1705	406	12	1.2	45	4.3	11	24	1.1	2026-10-10	7
bear-fruit-splits-pineapple-raspberry-multipack-5x20g	g	1128	267	0.5	<0.5	61		10	1.7	<0.5	2026-10-10	7
bluey-apple-strawberry-fruit-rolls-10-x-10g	g	1186	281	2.3	<0.5	56	52	6.7	2.5	<0.5	2026-10-10	7
forest-feast-williams-pear-120g	g	1288	304	0.6	<0.5	68.5	57	9.1	1.7	<0.5	2026-10-10	7
kellogg-s-fruit-winders-doubles-apple-strawberry-rolls-5x17g	g	1564	370	6	3.3	78	37	1.6	<0.5	<0.5	2026-10-10	7
rowntree-s-130g-mango-flavour-sweets-sharing-bag-lollies	g	1421	334	<0.5	<0.5	78.3	56.5	<0.5	3.9	<0.5	2026-10-10	7
sainsburys-mini-snack-raisins-12x14g	g	1260	297	<0.5	0.2	69.3	69.3		2.1	0.02	2026-10-10	7
sainsburys-tropical-fruit-mix-200g	g	1302	307	<0.5	<0.1	71.0	65.3	6.2	2.0	0.24	2026-10-10	7
scrapples-5-x-12g-crunchy-apple-multipack-crisps	g	1514	358	<0.5	<0.5	80.4		13.2	1.7	<0.5	2026-10-10	7
whitworths-golden-apricots-140g	g	778	184	0.5	<0.5	39.4		6.5	2.2	<0.5	2026-10-10	7
whitworths-sunny-fruit-mix-ups-apricots-mango-4x18g	g	1288	304	0.5	<0.5	70.9		5.3	1.3	<0.5	2026-10-10	7
bear-fruit-yoyos-blackcurrant-multipack-5x20g	g	1125	266	0.5	<0.5	61		12	2	<0.5	2026-10-10	7
sainsburys-almonds-so-organic-200g	g	2724	658	55.8	4.4	6.9	4.2	6.2	29.0	0.02	2026-10-10	7
bear-fruit-bites-berry-5x20g	g	1129	268	0.7	<0.5	61		11	1.9	<0.5	2026-10-10	7
ember-45g-garlic-rosemary-biltong-pouch	g	1190	283	9.4	3.7	1.3	1.3		48.6	4.8	2026-10-10	7
the-curators-original-beef-biltong-28g	g	1006	238	3.6	1.6	2.1	1.9	<0.5	52	3.5	2026-10-10	7
barratt-sweet-shop-120g-squishy-sunburst-fruit-salad-sweets	g	1418	334	0.5	<0.5	77	51	0.5	4.1	<0.5	2026-10-10	7
candy-kittens-eton-mess-gourmet-sweets-140g	g	1462	344	<0.5	<0.5	84	61		<0.5	<0.5	2026-10-10	7
chewits-34g-extremely-sour-cherry-chews	g	1645	391	3	1.9	85	49		<0.1	<0.5	2026-10-10	7
fox-s-glacier-fruits-200g	g	1542	363	<0.51	<0.51	95.6	70.3	<0.51	<0.51	<0.5	2026-10-10	7
fruittella-41g	g	1631	385	3.9	3.6	86	55		<0.1	<0.5	2026-10-10	7
haribo-175g-goldbears-jelly-fruit-flavour-sweets-sharing-bag	g	1459	343	0.5	<0.5	77	46		6.9	<0.5	2026-10-10	7
haribo-400g-tangfastics-sweets-big-sharing-bag	g	1472	346	0.5	<0.5	80	50		6.6	<0.5	2026-10-10	7
haribo-alienauts-sweet-sour-fruit-flavour-jelly-sweets-sharing-bag-150g	g	1195	284	0.5	<0.5	54	34	19	6.4	<0.5	2026-10-10	7
haribo-jelly-babies-double-trouble-sweets-sharing-bag-175g	g	1482	349	0.5	<0.5	82	55		4.5	<0.5	2026-10-10	7
haribo-share-the-happy-mini-bag-multipack-sweets-352g	g	1450	341	0.5	<0.5	79	46		5.1	<0.5	2026-10-10	7
haribo-fruitilicious-150g	g	1195	284	0.5	<0.5	54	34	19	6.4	<0.5	2026-10-10	7
haribo-starmix-sweets-bag-175g	g	1452	342	0.5	<0.5	77	47		6.6	<0.5	2026-10-10	7
haribo-zingfest-150g	g	1231	292	0.5	<0.5	58	32	20	7	<0.5	2026-10-10	7
jelly-belly-100g-tropical-paradise-collection-jelly-beans	g	1543	363	<0.1	<0.1	91	67		<0.1	<0.5	2026-10-10	7
maoam-pinballs-chewy-sweets-bag-140g	g	1727	408	5.1	2.5	90	70		0.7	<0.5	2026-10-10	7
maynards-bassetts-130g-wine-gums-sweets-bag	g	1400	329	<0.5	<0.5	76	57		4.8		2026-10-10	7
maynards-bassetts-liquorice-allsorts-350g-sweets-carton	g	1454	344	3.8	3.7	73	58		3.1		2026-10-10	7
mentos-160g-fruit-mix-chewy-dragees	g	1644	387	1.9		92			<0.1	<0.5	2026-10-10	7
riesen-chewy-toffee-bag-135g	g	1877	448	18.1	10.7	66.6	44.7		3.8	<0.5	2026-10-10	7
rowntree-s-fruit-pastilles-sweets-tube-multipack-4x41g	g	1488	350	0.5		86.3		0.5	0.5	<0.5	2026-10-10	7
rowntree-s-randoms-sweets-sharing-bag-150g	g	1382	325	<0.5	<0.5	76.4	54.6	<0.5	4.7	<0.5	2026-10-10	7
sainsburys-130g-sour-spiders-sweets	g	1504	354	<0.5	<0.1	83.3	57.0	1.0	4.7	0.13	2026-10-10	7
sainsburys-6-x-11g-gruesome-gummies-sweets	g	1432	337	<0.5	<0.1	76.0	46.7	<0.5	6.8	0.03	2026-10-10	7
sainsburys-dairy-toffee-200g	g	1980	471	18.5	9.8	74.5	48.3	<0.5	1.7	0.98	2026-10-10	7
sainsburys-fizzy-cola-straw-sweets-70g	g	1472	348	2.0	1.2	77.3	53.9	4.8	2.7	0.03	2026-10-10	7
sainsburys-flying-saucers-17-5g	g	1636	385	1.1	0.3	93.1	55.2	<0.5	<0.5	0.95	2026-10-10	7
sainsburys-jelly-bots-70g	g	1459	343	<0.5	<0.1	84.7	58.0	1.1	<0.5	0.46	2026-10-10	7
sainsburys-milk-bottle-sweets-70g	g	1537	362	<0.5	0.2	85.0	52.5	<0.5	4.9	0.04	2026-10-10	7
sainsburys-monster-islands-original-foamies-170g	g	1428	336	<0.5	0.4	82.7	55.2	<0.5	<0.5	0.33	2026-10-10	7
sainsburys-rainbow-ribbons-70g	g	1484	350	1.7	1.0	79.3	57.5	4.3	2.3	0.09	2026-10-10	7
sainsburys-sparkles-70g	g	1508	355	<0.5	<0.1	82.0	63.7	<0.5	5.8	0.27	2026-10-10	7
sainsburys-transport-traffic-70g	g	1353	318	<0.5	<0.1	73.7	55.0	<0.5	5.8	0.07	2026-10-10	7
shades-by-niko-the-originals-150g	g	1478	348	<0.5	<0.51	85	64		0.8	<0.5	2026-10-10	7
skittles-tropical-sweets-bag-45g	g	1689	399	4.2	2.3	90	74		<0.1	<0.5	2026-10-10	7
sour-patch-kids-120g-cola-sweets-bag	g	1389	327	<0.5	<0.5	77	63		2.8	<0.5	2026-10-10	7
sour-patch-kids-120g-strawberry-sweets-bag	g	1544	363	<0.5	<0.5	90	77		<0.5		2026-10-10	7
surprise-egg-with-jelly-beans-collectable-toy-10g	?	1601	378	4.5	2.2	84	75		<0.1	<0.5	2026-10-10	7
swizzels-650g-sweet-shop-favourites-tub	g	1661	392	3	2.4	89	74		0.8	0.5	2026-10-10	7
swizzels-drumstick-squashies-bubblegum-flavour-140g	g	1506	355	<0.5	<0.1	83	62		3.4	<0.5	2026-10-10	7
swizzels-rainbow-drops-bags-96g-x3	g	1503	354	<0.5	<0.5	84	64		2.1	<0.5	2026-10-10	7
the-natural-confectionery-co-110g-jelly-snakes-sweet	g	1384	326	<0.5	<0.5	77	61		3.1		2026-10-10	7
werther-s-original-sugar-free-butter-candies-80g	g	1203	290	8.8	5.7	87	0.55		<0.5	1.2	2026-10-10	7
walker-s-nonsuch-liquorice-toffees-150g	g	1896	459	17.1	10.9	73.8	51		2.1	0.6	2026-10-10	7
bikano-200g-besan-laddu	g	2030	484	24.6	10.8	57.3	37.5	7.2	8.4	<0.5	2026-10-10	7
haribo-halal-goldbears-sweets-bag-100g	g	1459	343	0.5	<0.5	77	46		6.9	<0.5	2026-10-10	7
nerds-26g-candy-sweets-gummy-clusters-rope-fruits	g	1494	357	0.5		86			0.5	<0.5	2026-10-10	7
pimlico-confectioners-200g-fruit-jellies	g	1379	330	<0.1	<0.1	82	56		<0.1	<0.5	2026-10-10	7
sainsburys-240g-orange-kiwi	g	182	43	<0.5	<0.1	8.3	8.2	1.6	0.8	<0.01	2026-10-10	7
sainsburys-4-x-british-royal-gala-apples	g	226	54	<0.5	0.1	11.1	11.1	1.2	0.6	<0.01	2026-10-10	7
sainsburys-coconut-single	g	1483	360	36.0	31.4	3.5	3.5	3.3	3.8	<0.01	2026-10-10	7
sainsburys-fairtrade-bananas-so-organic-x6	g	362	85	<0.5		19.3	18.1	1.4	1.1	<0.01	2026-10-10	7
sainsburys-golden-delicious-apples-x6	g	227	54	<0.5		11.1	11.1		0.6		2026-10-10	7
sainsburys-large-kiwi-fruit-single	g										2026-10-10	7
sainsburys-mango-berries-220g	g	200	47	0.6	0.1	8.9	8.7	2.1	0.7	<0.01	2026-10-10	7
sainsburys-melon-medley-160g	g	131	31	<0.5	<0.1	6.6	6.6	0.6	0.6	0.08	2026-10-10	7
sainsburys-physalis-100g	g	218	51	<0.5	<0.1	10.6	10.6	<0.5	1.8	<0.01	2026-10-10	7
sainsburys-pink-lady-apple-slices-120g	g	234	55	<0.5	<0.1	11.5	11.5	1.2	0.6	<0.01	2026-10-10	7
sainsburys-rainbow-fruit-salad-450g	g	192	46	<0.5	<0.1	9.4	9.3	1.4	0.6	<0.01	2026-10-10	7
sainsburys-ripe-mangoes-x2	g	257	61	<0.5	<0.1	12.8	12.5	2.6	0.7	<0.01	2026-10-10	7
sainsburys-royal-gala-single-apple	g	227	54	<0.5		11.1	11.1	1.3	0.6	<0.01	2026-10-10	7
sainsburys-strawberries-400g	g	135	32	<0.5	<0.1	5.8	5.8	1.0	0.6	<0.01	2026-10-10	7
sainsburys-watermelon	g	127	30	<0.5		6.8	6.8		<0.5		2026-10-10	7
stamford-street-co-easy-peelers	g	247	58	<0.5	<0.1	9.1	9.1	1.2	4.4	<0.01	2026-10-10	7
the-toffee-apple-co-toffee-apple	g	664	152	<0.1		38	33		<0.5	<0.5	2026-10-10	7
sainsburys-220g-melon-kiwi-strawberry	g	135	32	<0.5	<0.1	5.7	5.6	1.3	0.7	<0.01	2026-10-10	7
sainsburys-80g-watermelon	g	139	33	<0.5	<0.1	6.9	6.9	<0.5	<0.5	<0.01	2026-10-10	7
sainsburys-melon-160g	g	100	24	<0.5	<0.1	4.2	4.2	1.8	0.6	0.02	2026-10-10	7
sainsburys-watermelon-300g	g	139	33	<0.5	<0.1	6.9	6.9	<0.5	<0.5	0.02	2026-10-10	7
sainsburys-4-x-kiwi-so-organic	g	208	50	0.9		8.6	8.3		0.8		2026-10-10	7
sainsburys-ripe-ready-pears-so-organic	g	198	47	<0.5	<0.1	10.4	10.4	1.6	<0.5	<0.01	2026-10-10	7
sainsburys-70g-peppers	g	112	27	<0.5	<0.1	4.3	4.2	2.2	0.8	<0.01	2026-10-10	7
sainsburys-6-x-pink-lady-apples	g	226	54	<0.5	<0.1	11.1	11.1	1.2	0.6	<0.01	2026-10-10	7
sainsburys-conference-pears-x4	g	198	47	<0.5	<0.1	10.4	10.4	1.6	<0.5	<0.01	2026-10-10	7
sainsburys-honeydew-melon	g	127	30	<0.5		6.8	6.8		<0.5	<0.01	2026-10-10	7
sainsburys-medjool-dates-taste-the-difference-200g	g	901	213	<0.5	0.3	46.9	46.4	6.3	2.0	0.02	2026-10-10	7
sainsburys-pears-ripe-ready-x4	g	198	47	<0.5	<0.1	10.4	10.4	1.6	<0.5	<0.01	2026-10-10	7
sainsburys-red-seedless-grapes-500g	g	293	69	<0.5		16.2	16.2		0.6		2026-10-10	7
sainsburys-white-grapefruit	g:as consumed	138	33	<0.5	<0.1	6.5	6.5	1.3	0.8	<0.01	2026-10-10	7
sainsburys-basil-100g	g	169	40	0.8	<0.1	5.1	<0.5	<0.5	3.1	0.02	2026-10-10	7
sainsburys-fresh-living-flat-leaf-parsley-pot	g	214	51	0.8	0.1	6.3	0.9	3.3	3.0	0.14	2026-10-10	7
sainsburys-fresh-packed-bay-leaves	g	138	33	<0.5	<0.1	0.9	<0.5	5.0	4.0	<0.01	2026-10-10	7
sainsburys-british-fresh-salad-cress-20g	g	65	16	0.6	<0.1	<0.5	<0.5	1.1	1.6	0.05	2026-10-10	7
little-leaves-wild-rocket-60g	g	91	25								2026-10-10	7
sainsburys-butterhead-salad-90g	g	64	15	0.6	<0.1	1.1	1.0	1.0	0.9	<0.01	2026-10-10	7
sainsburys-cocktail-beetroot-taste-the-difference-200g	g	372	88	<0.5	<0.1	19.4	18.9	2.1	1.3	0.40	2026-10-10	7
sainsburys-iceberg-lettuce-200g	g	58	14	<0.5	<0.1	1.8	1.8	0.6	0.7	<0.01	2026-10-10	7
sainsburys-mixed-leaf-salad-180g	g	68	16	<0.5	<0.1	1.2	1.2	1.9	1.6	0.02	2026-10-10	7
sainsburys-romaine-lettuce-hearts-twin-pack-x2	g	57	14	<0.5	<0.1	1.3	1.3	1.3	1.2	0.02	2026-10-10	7
sainsburys-sweet-crispy-salad-bowl-175g	g	100	24	<0.5	<0.1	2.7	2.2	1.9	1.2	0.15	2026-10-10	7
stamford-street-co-600g-crunchy-coleslaw	g	463	112	9.8	0.7	4.3	3.9	1.7	0.9	0.47	2026-10-10	7
vadasz-400g-smacked-cucumbers	g:as drained	148	35	0.5	<0.5	8.3	8.3	3.4	0.7	1.7	2026-10-10	7
good4u-protein-salad-topper-super-seeds-150g	g	2407	575	45	5.5	7	5	10	30	0.5	2026-10-10	7
sainsburys-caesar-dressing-150ml	ml	1681	408	43.1	4.1	2.8	2.8	<0.5	2.0	1.02	2026-10-10	7
sainsburys-mediterranean-style-herb-croutons-inspired-to-cook-150g	g	1766	419	9.4	0.9	68.1	6.6	4.5	13.2	1.74	2026-10-10	7
sainsburys-beef-tomato-single-taste-the-difference	g	70	17	<0.5	<0.1	2.9	2.9	1.0	<0.5	<0.01	2026-10-10	7
sainsburys-large-ripe-ready-avocado	g	813	197	19.5	4.1	1.9	<0.5	3.4	1.9	0.02	2026-10-10	7
sainsburys-mixed-sweet-pointed-peppers-taste-the-difference-x2	g	117	28	<0.5	<0.1	4.6	4.2	2.2	0.8	<0.01	2026-10-10	7
sainsburys-pomodorino-on-the-vine-tomatoes-taste-the-difference-250g	g	106	25	<0.5	<0.1	3.4	3.4	1.3	1.1	<0.01	2026-10-10	7
sainsburys-spinach-so-organic-100g	g	74	18	0.6	<0.1	<0.5	<0.5	1.0	2.6	0.08	2026-10-10	7
stamford-street-co-peppers-600g	g	80	19	<0.5	<0.1	2.5	2.3	1.6	0.8	<0.01	2026-10-10	7
sainsburys-young-spinach-so-organic-200g	g	79	19	0.6	<0.1	<0.5	<0.5	1.2	2.6	0.08	2026-10-10	7
sainsburys-sliced-mixed-peppers-500g	g:cooked	425	101	2.0	0.3	15.7	9.7	4.3	2.9	0.04	2026-10-10	7
sainsburys-baby-leaf-spinach-120g	g	78	19	0.6	<0.1	<0.5	<0.5	1.0	2.6	0.07	2026-10-10	7
sainsburys-pomodorino-baby-plum-tomatoes-taste-the-difference-250g	g	105	25	<0.5	<0.1	3.4	3.4	1.3	1.1	<0.01	2026-10-10	7
sainsburys-beetroot-vacuum-pack-250g	g	175	42	<0.5	0.2	7.2	7.1	2.2	1.4	0.18	2026-10-10	7
sainsburys-italian-style-salad-100g	g	77	18	<0.5	<0.1	1.0	0.8	1.4	2.2	0.04	2026-10-10	7
sainsburys-whole-cucumber	g	60	14	<0.5	<0.1	1.1	1.1	0.7	1.0	<0.01	2026-10-10	7
itsu-500ml-miso-ramen-brilliant-broth-serves-2	ml	126	30	2	<0.5	2	0.6	0.5	1.1	1.1	2026-10-10	7
sainsburys-225g-broccoli-peas-kale	g:cooked	376	90	3.4	1.9	7.1	1.7	5.4	5.0	0.20	2026-10-10	7
sainsburys-asparagus-so-organic-200g	g	117	28	0.6	<0.1	1.9	1.8	1.7	2.9	<0.01	2026-10-10	7
sainsburys-baking-sweet-potatoes-x2	g	328	78	<0.5	<0.1	15.7	11.4	2.4	1.4	0.13	2026-10-10	7
sainsburys-british-heritage-baby-parsnips-taste-the-difference-230g	g	302	72	1.1	0.2	11.4	5.4	4.6	1.8	0.03	2026-10-10	7
sainsburys-celeriac	g	102	25	<0.5	<0.1	2.2	1.7	3.7	1.2	0.23	2026-10-10	7
sainsburys-closed-cup-mushrooms-vitamin-d-625g	g	35	8	<0.5	<0.1	<0.5	<0.5	0.7	1.0	<0.01	2026-10-10	7
sainsburys-fine-beans-petits-pois-cavolo-nero-leeks-taste-the-difference-220g	g:cooked	324	78	2.7	1.4	6.1	3.8		4.5	0.10	2026-10-10	7
sainsburys-green-beans-300g	g	128	31	<0.5	<0.1	3.0	2.1	3.4	2.1	<0.01	2026-10-10	7
sainsburys-mixed-vegetable-stir-fry-300g	g:cooked	262	63	3.3	0.3	4.2	2.3	3.1	2.7	0.04	2026-10-10	7
sainsburys-pak-choi-250g	g:steamed	76	18	<0.5	<0.1	1.8	1.4	2.0	1.5	0.17	2026-10-10	7
sainsburys-rainbow-stir-fry-300g	g:cooked	274	66	3.7	0.3	4.9	3.4	3.1	1.7	0.05	2026-10-10	7
sainsburys-salad-potatoes-taste-the-difference-750g	g:boiled in unsalted water	280	66	<0.5	<0.1	13.6	1.1	1.8	1.8	<0.01	2026-10-10	7
sainsburys-sliced-white-mushrooms-250g	g	35	8	<0.5	<0.1	<0.5	<0.5	0.7	1.0	<0.01	2026-10-10	7
sainsburys-sweet-onions-taste-the-difference-x3	g	159	38	<0.5	<0.1	7.6	5.9	1.1	1.0	<0.01	2026-10-10	7
sainsburys-sweetcorn-x2	g:boiled in unsalted water	306	73	1.9	0.3	8.6	2.4	3.5	3.6	<0.01	2026-10-10	7
sainsburys-trimmed-mange-tout-200g	g	159	38	<0.5	<0.1	4.1	3.4	2.6	3.6	<0.01	2026-10-10	7
sainsburys-white-potatoes-so-organic-1-5kg	g:boiled in unsalted water	317	75	<0.5	<0.1	15.9	0.8	1.6	1.8	<0.01	2026-10-10	7
sainsburys-beansprouts-300g	g	201	48	3.2	0.4	2.0	1.7	1.4	2.3	0.03	2026-10-10	7
sainsburys-broccoli-baby-corn-carrots-sugar-snap-peas-240g	g:cooked	133	32	<0.5	<0.1	3.3	2.4	2.8	2.6	<0.01	2026-10-10	7
sainsburys-mashed-potato-400g	g:cooked	372	88	2.0	1.0	15.2	<0.5	1.7	1.5	0.26	2026-10-10	7
sainsburys-tender-green-medley-160g	g:microwaved	162	39	<0.5	<0.1	4.3	2.7	3.6	2.9	<0.01	2026-10-10	7
itsu-restaurant-ramen-udon-noodles-200g	g:as prepared per	636	150	0.5	<0.5	31	0.6	1	5.5	0.5	2026-10-10	7
sainsburys-220g-psb-cabbage-with-garlic-butter-taste-the-difference	g:cooked	419	100	3.6	1.8	8.2	3.3	6.1	5.8	0.08	2026-10-10	7
sainsburys-275g-sriracha-noodles-taste-the-difference	g:cooked	844	200	5.4	0.5	34.0	2.3	1.3	3.2	0.42	2026-10-10	7
sainsburys-600g-swede-carrot	g:microwaved	143	34	<0.5	<0.1	5.8	5.5	2.9	0.6	0.04	2026-10-10	7
sainsburys-protein-noodles-300g	g:cooked	590	140	1.8	0.3	22.1	1.2	1.7	7.8	0.32	2026-10-10	7
sainsburys-300g-red-cabbage-taste-the-difference	g:cooked	484	115	2.1	1.1	20.5	19.0	3.6	1.7	0.10	2026-10-10	7
sainsburys-cauliflower-so-organic	g	143	34	<0.5	0.2	4.2	2.8	1.8	2.5	0.02	2026-10-10	7
sainsburys-onions-so-organic-750g	g	159	38	<0.5	<0.1	7.6	5.9	1.1	1.0	<0.01	2026-10-10	7
sainsburys-200g-extra-fine-green-beans-taste-the-difference	g	129	31	<0.5	<0.1	3.0	2.2	3.4	2.1	<0.01	2026-10-10	7
itsu-500ml-classic-ramen-brilliant-broth-serves-2	ml:per	54	13	0.5	<0.5	1.8	1.3	0.5	1.1	1.2	2026-10-10	7
albert-bartlett-rooster-potatoes-2kg	g:for peeled potatoes boil	317	75	<0.5	<0.5	16	0.8	1.6	1.8	<0.5	2026-10-10	7
sainsburys-baking-potatoes-2kg	g:oven baked eaten with sk	420	99	<0.5	<0.1	20.5	1.4	2.6	2.5	<0.01	2026-10-10	7
sainsburys-brown-onions-x3	g	159	38	<0.5	<0.1	7.6	5.9	1.1	1.0	<0.01	2026-10-10	7
sainsburys-fine-green-beans-200g	g	128	31	<0.5	<0.1	3.0	2.1	3.4	2.1	<0.01	2026-10-10	7
sainsburys-loose-carrots	g	164	39	<0.5	<0.1	7.3	6.9	2.1	<0.5	0.07	2026-10-10	7
sainsburys-purple-sprouting-broccoli-spears-200g	g	178	43	1.1	0.2	2.5	2.0	3.5	3.9	0.03	2026-10-10	7
sainsburys-sugar-snap-peas-200g	g	157	37	<0.5	<0.1	4.7	3.5	1.5	3.4	<0.01	2026-10-10	7
sainsburys-white-vivaldi-potatoes-taste-the-difference-2kg	g:boiled in unsalted water	317	75	<0.5	<0.1	15.9	0.8	1.6	1.8	<0.01	2026-10-10	7
sainsburys-freeze-dried-raspberries-6g	g:typical analysis	1340	320	3.7	1.0	48.8	35.7		8.5	0.02	2026-10-10	7
birds-eye-potato-waffles-x18-1-02kg	g	704	168	7.6	0.5	22	0.9	1.4	2.2	0.6	2026-10-10	7
sainsburys-450g-tropical-twist-smoothie-mix	g	215	51	<0.5	<0.1	10.4	10.2	1.4	0.7	0.02	2026-10-10	7
sainsburys-frozen-peach-nectarine-slices-450g	g	176	42	<0.5	<0.1	8.1	8.1	1.8	1.2	<0.01	2026-10-10	7
sainsburys-frozen-whole-strawberries-350g	g	163	39	<0.5	<0.1	6.1	6.1	3.8	0.6	<0.01	2026-10-10	7
pack-d-organic-blueberries-300g	g	189	45	<0.5	<0.1	9.1	9.1	1.5	0.9	<0.5	2026-10-10	7
aunt-bessie-s-maple-thyme-glazed-carrots-500g	g	257	61	1.2	<0.5	9.5	7.4	4.1	1.1	0.6	2026-10-10	7
birds-eye-steamfresh-family-favourites-steam-bags-x4-540g	g	197	47	0.5	<0.5	7.2	3.5	2.7	2	<0.5	2026-10-10	7
pack-d-organic-cauliflower-rice-450g	g	145	34	<0.5	<0.5	4.3	2.9	1.8	2.5	<0.5	2026-10-10	7
sainsburys-button-sprouts-1kg	g:cooked	165	39	<0.5	<0.1	4.2	3.7	3.2	3.1	<0.01	2026-10-10	7
sainsburys-chopped-coriander-50g	g	142	34	0.8	0.2	<0.5	<0.5	5.7	3.4	0.08	2026-10-10	7
sainsburys-chopped-spinach-900g	g:cooked	113	27	0.8	<0.1	<0.5	<0.5	2.8	3.1	0.04	2026-10-10	7
sainsburys-greens-grains-mix-taste-the-difference-600g	g	490	117	3.3	0.4	14.8	2.8	3.8	5.1	0.62	2026-10-10	7
sainsburys-pea-bean-medley-taste-the-difference-4-x-150g	g:cooked	320	77	3.0	1.7	6.2	3.7	4.1	4.2	0.08	2026-10-10	7
sainsburys-sliced-green-beans-900g	g:cooked	144	34	<0.5	<0.1	3.8	2.9	4.1	2.1	<0.01	2026-10-10	7
sainsburys-sweetcorn-super-sweet-1kg	g:cooked	334	80	1.9	0.3	9.5	2.5	5.1	3.6	<0.01	2026-10-10	7
stamford-street-co-sweetcorn-950g	g:cooked	334	80	1.9	0.3	9.5	2.5	5.1	3.6	<0.01	2026-10-10	7
pack-d-organic-broccoli-florets-450g	g	180	43	0.6	<0.5	3.1	1.9	4	4.3	<0.1	2026-10-10	7
sainsburys-multiseed-loaf--taste-the-difference-800g	g	1199	285	7.6	1.3	40.8	4.6	5.3	10.7	0.86	2026-10-10	7
sainsburys-white-tin-loaf-so-organic-400g	g	1071	253	1.7	0.8	48.9	2.1	2.8	9.1	0.82	2026-10-10	7
sainsburys-6-x-iced-finger-buns	g	1352	321	7.3	3.5	55.8	22.0	1.8	7.0	0.51	2026-10-10	7
sainsburys-400g-bombay-potato-boule-taste-the-difference	g	1008	238	1.2	0.3	46.8	4.6		8.8	0.80	2026-10-10	7
sainsburys-400g-stonebaked-ciabatta-bread-taste-the-difference	g	1080	255	2.9	0.7	47.4	2.6	2.6	8.6	0.82	2026-10-10	7
kingsmill-400g-no-crusts-50-50-crustless-bread	g	899	213	2		38.5		4.1	8.1	0.9	2026-10-10	7
allinson-s-batch-baked-scandalous-seeds-wholemeal-bread-650g	g	1126	269	9		29.4		8.2	13.4	0.8	2026-10-10	7
ernest-100-450g-seeds-fibre-protein-sourdough-bread	g	1035	245	2.3	<0.5	35	1.5	6.8	18.8	0.6	2026-10-10	7
hovis-seed-sensations-seven-seeds-medium-sliced-seeded-bread-800g	g	1171	278	6.6	0.6	42	3.8	5.3	10	0.9	2026-10-10	7
warburtons-12-pulses-seeds-grains-protein-power-bread-500g	g:of product	1033	246	4.4	0.8	32.2	2.1	6.9	15.9	0.9	2026-10-10	7
sainsburys-seeded-sourdough-loaf-bread-taste-the-difference-400g	g	1156	274	5.2	0.6	44.5	1.6	4.1	10.2	1.00	2026-10-10	7
sainsburys-soft-multiseed-wholemeal-bread-taste-the-difference-430g	g	1142	272	8.1	1.1	33.4	4.2	7.3	12.7	0.81	2026-10-10	7
warburtons-gluten-free-seeded-tiger-bloomer-400g	g:of product	1159	276	9.8	1	37.5	1.6	6.5	6.3	0.8	2026-10-10	7
kelderman-german-style-rye-bread-400g	g	805	191	1.1	<0.5	35	3.2	8.2	6.1	1	2026-10-10	7
black-sheep-craft-tiger-bloomer-bread-800g	g	1243	295	7.1		48.2		3.2	8	0.9	2026-10-10	7
hovis-450g-white-sourdough-bread	g	1034	244	1.4	<0.5	48.3	2.4	1.4	8.9	0.9	2026-10-10	7
kingsmill-soft-medium-sliced-white-bread-800g	g	1007	238	2		45.6		2.7	8	1	2026-10-10	7
sainsburys-bake-at-home-stonebaked-white-baguettes-taste-the-difference-x2-250g	g	1223	288	1.2	0.3	58.0	3.5	3.4	9.8	1.09	2026-10-10	7
sainsburys-sourdough-medium-sliced-white-bread-taste-the-difference-400g	g	1125	266	3.3	0.4	48.9	1.5	2.0	9.2	0.95	2026-10-10	7
sainsburys-white-loaf-with-sourdough-bread-taste-the-difference-800g	g	1050	248	2.2	0.4	47.1	2.6	2.9	8.5	0.80	2026-10-10	7
warburtons-medium-sliced-white-bread-800g	g:of product	1025	244	2	0.5	46.4	3	2.3	9.1	1	2026-10-10	7
warburtons-soft-tiger-bloomer-bread-600g	g:of product	1054	251	2.4	0.5	46.2	3	2	10.1	1	2026-10-10	7
warburtons-soft-sliced-white-rolls-x12	g:of product	1113	265	3.9	0.8	46.6	3	2.4	9.7	1	2026-10-10	7
sainsburys-giraffe-bloomer-bread-400g	g	1189	281	3.3	0.4	51.0	3.2	3.1	10.3	1.46	2026-10-10	7
promise-gluten-free-soft-white-loaf-480g	g	945	225	3	<0.5	41	1.6	12.7	2.1	1	2026-10-10	7
jason-s-sourdough-the-great-white-bread-450g	g	1004	237	0.7	<0.5	46.4	2.1	3	9.7	0.8	2026-10-10	7
allinson-s-the-champion-medium-sliced-wholemeal-bread-650g	g	963	228	2.6		37.1		6.1	11	1	2026-10-10	7
sainsburys-bake-at-home-brown-baguettes-x2	g:cooked	1273	300	1.5	0.2	61.3	3.4	4.0	8.5	1.05	2026-10-10	7
stamford-street-co-medium-wholemeal-bread-800g	g	975	231	2.5	0.4	39.0	3.4	7.0	9.6	0.85	2026-10-10	7
promise-gluten-free-chia-and-quinoa-loaf-480g	g	928	221	4.4	<0.5	35.1	1.3	12.8	4	0.9	2026-10-10	7
new-york-bakery-co-onion-chive-bagels-x5	g	1131	267	3.2		47.6		3.6	10.2	0.6	2026-10-10	7
warburtons-4-x-our-dough-bagels-with-sourdough	g:of product	1042	248	0.7	<0.5	49.1	4.9	2	10.2	1	2026-10-10	7
warburtons-sliced-cinnamon-raisin-bagels-x5	g:of product	1113	265	1.5	0.5	51	9.1	3.6	10.1	0.8	2026-10-10	7
sainsburys-4-x-linseed-topped-milk-rolls	g	1135	269	4.3	1.9	46.5	4.8	3.3	9.4	0.76	2026-10-10	7
sainsburys-stonebaked-ciabatta-rolls-x4	g:cooked	1027	243	2.9	0.5	42.2	4.5	3.7	10.2	0.83	2026-10-10	7
st-pierre-burger-buns-rolls-x4	g	1309	310	6.9	0.8	52	11	2.5	8.8	1.4	2026-10-10	7
sainsburys-4-x-brioche-hot-dog-rolls-taste-the-difference	g:typical analysis	1238	294	7.9	3.7	45.6	12.1	3.5	8.4	0.57	2026-10-10	7
sainsburys-brioche-hot-dog-rolls-x6	g	1140	270	4.6	1.3	46.5	18.7	3.2	9.0	0.71	2026-10-10	7
st-pierre-4-brioche-pre-cut-hot-dog-rolls	g	1312	311	7.4	1.7	49	11	2.3	11	0.9	2026-10-10	7
st-pierre-seeded-brioche-burger-buns-pre-sliced-rolls-x4	g	1316	313	8.5	2	48	14	2.2	9.9	1	2026-10-10	7
sainsburys-large-soft-white-rolls-x4	g	1063	251	2.5	0.6	47.5	2.9	2.3	8.5	0.80	2026-10-10	7
sainsburys-soft-wholemeal-rolls-x6	g	1013	240	2.9	0.7	40.8	2.4	6.8	9.3	0.77	2026-10-10	7
sainsburys-free-from-4-x-white-rolls	g	1183	281	8.8	0.9	47.2	2.6	4.2	1.2	0.78	2026-10-10	7
fiona-cairns-4-x-golden-sponge-confetti-cupcakes	g	1888	451	23.2		56.3		<0.5	3.6	0.6	2026-10-10	7
sainsburys-2-3kg-two-tier-lemon-drizzle-naked-celebration-cake-taste-the-difference	g	1686	402	16.7	8.3	58.7	44.0	0.9	3.8	0.50	2026-10-10	7
sainsburys-chocolate-birthday-celebration-cake-cubes-739g	g	1842	439	18.8	12.2	60.7	49.6		5.6	0.45	2026-10-10	7
sainsburys-sweet-salty-pretzel-cake-taste-the-difference-965g	g	1814	433	22.1	9.5	55.5	41.2	<0.5	3.0	0.84	2026-10-10	7
marvel-birthday-celebration-spiderman-cake-800g-serves-14	g	1610	383	13	2.1	64	43		2.7	<0.5	2026-10-10	7
sainsburys-1-36kg-blue-iced-madeira-traybake-celebration-cake-taste-the-difference	g	1786	426	20.5	7.0	56.4	41.2	0.9	3.7	0.41	2026-10-10	7
sainsburys-1-6kg-triple-layer-victoria-sponge-cake	g	1688	403	18.6	5.0	53.2	32.2	0.6	5.3	0.51	2026-10-10	7
sainsburys-2-2kg-two-tier-naked-celebration-cake	g	1780	425	20.6	11.3	55.7	41.4	0.6	3.9	0.46	2026-10-10	7
sainsburys-birthday-celebration-chocolate-tray-bake-cake-705g-serves-15	g	1881	450	22.7	9.6	56.3	41.4	1.3	4.3	0.37	2026-10-10	7
sainsburys-birthday-celebration-loaded-chocolate-cake-taste-the-difference-940g-serves-14	g	1795	429	20.9	9.4	55.5	39.7	1.5	3.9	0.58	2026-10-10	7
sainsburys-birthday-celebration-princess-madeira-cake-951g-serves-14	g	1638	389	10.8	2.4	70.3	59.7	<0.5	2.4	0.39	2026-10-10	7
sainsburys-large-chocolate-birthday-celebration-cake-1-28kg-serves-20	g	1845	441	23.4	11.0	51.2	36.8	3.5	4.8	0.52	2026-10-10	7
stamford-street-co-birthday-celebration-chocolate-cake-897g-serves-14	g	1732	413	19.6	4.1	53.0	32.2	2.3	5.1	0.54	2026-10-10	7
sainsburys-baked-beans-so-organic-400g	g	380	90	<0.5	<0.1	12.8	4.7	6.8	5.3	0.47	2026-10-10	7
dolmio-classics-rigatoni-bolognese-pasta-ready-meal-250g	g	382	91	2.2	0.6	13	2.5	1	4.4	0.6	2026-10-10	7
dolmio-pronto-200g-tomato-chilli-sauce-microwave-fusilli-pasta-ready-meal	g	586	139	4	0.8	20	5.1	3.8	4.4	<0.5	2026-10-10	7
heinz-tomato-cannellini-beans-italian-style-250g	g	402	96	3.7	<0.5	8.8	1.8	3.8	4.9	0.6	2026-10-10	7
leon-brazilian-style-black-beans-250g	g	344	82	1.2	<0.5	10.8	3.9	5.4	4.3	0.6	2026-10-10	7
nissin-soba-chilli-instant-wok-style-noodles-big-pot-115g	g	855	204	7.8	3.6	26.7	5.3		5.3	1.2	2026-10-10	7
nongshim-shin-ramyun-noodle-soup-gourmet-spicy-5x120g	g	1808	430	14	6.8	67	3		8.9	3.7	2026-10-10	7
indomie-mi-goreng-stir-fry-noodles-5-x-80g	g	1986	475	21		62			9	2.5	2026-10-10	7
lee-kum-kee-knife-cut-noodles-360g	g	1291	304	1.1	<0.5	61	2.9		10	1.6	2026-10-10	7
nissin-soba-teriyaki-wok-style-stir-fry-noodles-110g	g	831	198	8.3	4.1	25.1	2.6		4.4	1.4	2026-10-10	7
ben-s-original-lunch-bowl-mexican-style-beans-corns-wholegrain-rice-220g	g	616	146	2.3	<0.5	24	1.5	5.9	4.1	0.6	2026-10-10	7
ben-s-original-roasted-garlic-microwave-rice-220g	g	645	152	2.1	<0.5	30	0.5	0.9	3.1	0.5	2026-10-10	7
heinz-baked-beans-in-a-rich-tomato-sauce-4-x-415g	g	339	81	<0.5	<0.5	15.5	4.3	3.9	4.8	0.6	2026-10-10	7
sainsburys-red-kidney-beans-in-chilli-sauce-400g	g	374	89	0.6	0.1	11.4	4.1	7.2	5.9	0.44	2026-10-10	7
heinz-spaghetti-great-value-pack-4-x-200g	g	234	55	<0.5	<0.5	11.8	7.8	0.5	1.6	<0.5	2026-10-10	7
merchant-gourmet-250g-persian-style-rice-lentils	g	663	157	2.5	<0.5	35	3.7	4.6	5.9	1	2026-10-10	7
tilda-250g-cannellini-beans	g	525	125	1.9	<0.5	15	2.1	7.3	7.9	0.6	2026-10-10	7
merchant-gourmet-microwave-ready-to-eat-beluga-lentils-250g	g	602	143	1.7	<0.5	17	0.5	8.1	11	<0.5	2026-10-10	7
merchant-gourmet-tomatoey-french-puy-green-lentils-250g	g	598	142	4.1	0.7	16	3.3	3.3	8.3	0.7	2026-10-10	7
nongshim-shin-ramyun-spicy-chicken-flavor-noodle-120g	g	1716	408	13	6.4	62	3		8.3	3.5	2026-10-10	7
laila-red-split-lentils-2kg	g	1512	358	1.8	<0.5	51	1.3	17	26	<0.5	2026-10-10	7
tropical-sun-semolina-fine-500g	g	1455	343	2	<0.5	66	2.7		13.4	<0.5	2026-10-10	7
dolmio-bolognese-onion-and-garlic-pasta-sauce-675g	g	208	49	0.6	<0.5	8.7	5.8	1.3	1.5	0.7	2026-10-10	7
dolmio-bolognese-smooth-tomato-pasta-sauce-675g	g	193	46	0.6	<0.5	7.9	5.6	1.4	1.4	0.7	2026-10-10	7
dolmio-lasagne-light-creamy-white-pasta-sauce-440g	g	302	73	4.8	1.7	6.9	3	0.5	0.5	0.7	2026-10-10	7
dolmio-stir-in-carbonara-pasta-sauce-150g	g	564	136	11	6.9	5.2	0.7	0.5	3	1.3	2026-10-10	7
dolmio-stir-in-tomato-basil-pasta-sauce-150g	g	422	101	6.2	0.7	8.3	5.5	1.8	2.2	1.3	2026-10-10	7
heinz-490g-tomato-garlic-marinara-pasta-sauce	g	173	41	1.3	<0.5	5.1	4.1		1.6	0.7	2026-10-10	7
homepride-tuna-pasta-bake-sauce-485g	g	359	86	5.6	0.7	6.9	4.7	1	1.6	1	2026-10-10	7
loyd-grossman-bolognese-pasta-sauce-660g	g	246	59	2.2	<0.5	7.6	6.4	1	1.6	0.8	2026-10-10	7
mutti-tomato-pasta-sauce-with-chilli-400g	g	216	52	2.7	<0.5	4.6	4.2		1.5	1	2026-10-10	7
old-el-paso-mexican-one-pan-chilli-garlic-rice-meal-for-chicken-kit-355g	g	879	208	1.2	<0.5	43.1	3.8	2.8	4.7	2.7	2026-10-10	7
sainsburys-fried-aubergine-salted-ricotta-pasta-sauce-taste-the-difference-340g	g	395	95	5.5	0.9	6.3	5.9	4.0	3.1	0.65	2026-10-10	7
sainsburys-lighter-tomato-herb-bolognese-pasta-sauce-500g	g	131	31	<0.5	<0.1	5.4	4.8	1.2	1.3	0.64	2026-10-10	7
sainsburys-no-added-sugar-tomato-hidden-veg-pasta-sauce-500g	g	135	32	0.7	<0.1	4.5	3.9	1.3	1.3	0.61	2026-10-10	7
sainsburys-stir-in-chargrilled-vegetable-pasta-sauce-150g	g	248	59	1.8	<0.1	8.6	6.7	1.8	1.2	0.80	2026-10-10	7
sainsburys-tomato-herb-pasta-sauce-700g	g	147	35	<0.5	<0.1	6.2	5.2	1.0	1.3	0.66	2026-10-10	7
sainsburys-tomato-herb-bolognese-pasta-sauce-500g	g	150	36	<0.5	<0.1	6.4	5.1	<0.5	1.1	0.65	2026-10-10	7
heinz-tomato-chilli-pasta-sauce-350g	g	223	53	2.6	<0.5	5	4.1		1.7	0.7	2026-10-10	7
leon-250g-red-thai-style-lentil-curry	g	485	116	4.6	3	12	3.1	3.9	4.7	0.5	2026-10-10	7
nissin-yakitori-chicken-big-wok-style-soba-cup-noodles-113g	g	886	212	9.3	3.8	25.7	4.3		5.1	1.5	2026-10-10	7
mama-instant-rice-noodles-225g	g	1512	356	<0.1	<0.5	82	<0.1	1.1	6.4	<0.5	2026-10-10	7
sainsburys-rice-noodles-250g	g:boiled	566	134	<0.5	<0.1	28.9	<0.5	1.9	2.4	<0.01	2026-10-10	7
thai-dragon-pad-thai-rice-noodles-200g	g	1559	367	<0.5	<0.5	84	<0.5	2.2	6.7	<0.5	2026-10-10	7
tilda-microwave-rice-lime-coriander-basmati-250g	g	560	133	3	1.9	23.4	0.6	1.1	2.5	<0.5	2026-10-10	7
itsu-150g-heat-eat-udon-noodles	g	526	124	0.5	<0.5	27	<0.5	1.8	3.3	0.5	2026-10-10	7
ambrosia-light-150g-low-fat-reduced-sugar-rice-pudding-dessert-snack-pot	g	326	77	1.3	0.7	13.1	6	0.5	3.2	<0.5	2026-10-10	7
ambrosia-4-x-120g-rice-pudding-dessert-snack-pots	g	398	94	2	1.1	15.9	8.7	0.5	3.1	<0.5	2026-10-10	7
sainsburys-fusilli-pasta-1kg	g:cooked	696	164	0.7	0.2	33.2	0.7	1.5	5.5	<0.01	2026-10-10	7
kallo-organic-lightly-salted-rice-cakes-130g	g	1671	394	2.7	0.7	82.3	0.5		8.5	<0.5	2026-10-10	7
batchelors-pasta-n-sauce-200g-bolognese-instant-microwave-ready-meal-pouch	g	406	97	3.2	<0.5	10.8	1.3	1.7	5.3	<0.5	2026-10-10	7
gran-luchito-430g-mexican-refried-beans-with-smoky-chipotle	g	460	110	0.5		20			7	1.8	2026-10-10	7
de-cecco-500g-casareccia-pasta	g	1490	351	1.5		69		2.9	14	<0.1	2026-10-10	7
de-cecco-linguine-pasta-500g	g	1490	351	1.5	<0.5	69	3.4	2.9	14	<0.1	2026-10-10	7
sainsburys-farfalle-pasta-500g	g:cooked	696	164	0.7	0.2	33.2	0.7	1.5	5.5	<0.01	2026-10-10	7
sainsburys-fusilli-tricolori-pasta-500g	g:cooked	730	172	0.7	0.2	34.4	0.7	1.7	6.2	<0.01	2026-10-10	7
sainsburys-lasagne-sheets-pasta-500g	g	1499	354	1.7	0.4	70.9	3.1	3.6	11.9	<0.01	2026-10-10	7
sainsburys-spaghetti-pasta-1kg	g:cooked	696	164	0.7	0.2	33.2	0.7	1.5	5.5	<0.01	2026-10-10	7
sainsburys-wholewheat-lasagne-sheets-pasta-500g	g	1460	345	2.4	0.5	63.1	3.4	9.1	13.3	<0.01	2026-10-10	7
sainsburys-free-from-lasagne-sheets-250g	g	1490	351	2.0	0.6	75.4	<0.5	2.4	6.8	<0.01	2026-10-10	7
rummo-spaghetti-no-3-400g	g	1445	341	2		73.2		3.1	6	<0.5	2026-10-10	7
sainsburys-sundried-tomato-garlic-couscous-110g	g:cooked	503	119	1.0	0.3	22.5	2.0	1.9	4.1	0.34	2026-10-10	7
ben-s-original-classic-long-grain-microwave-rice-220g	g	568	134	0.9	<0.5	28	0.5	0.7	2.7	<0.5	2026-10-10	7
ben-s-original-mixed-pepper-microwave-rice-220g	g	631	149	1.8	<0.5	30	1.2	1.4	3	0.5	2026-10-10	7
ben-s-original-tomato-basil-microwave-rice-220g	g	696	165	3.3	<0.5	29	1.8	1.3	3.7	0.5	2026-10-10	7
bens-original-long-grain-microwave-rice-family-pack-450g	g	687	162	0.5	<0.5	35	0.5	0.5	4	<0.5	2026-10-10	7
riso-gallo-nero-500g-black-wholegrain-rice	g	1501	355	2.9	0.6	73	0.9	3.8	7.2	<0.1	2026-10-10	7
tilda-2-x-125g-vegetable-rice	g	550	131	2.3	<0.5	23.8	1.2	2.2	2.5	1	2026-10-10	7
tilda-garlic-herbs-rice-250g	g	494	117	1.9	<0.5	22.4	<0.5	1.4	1.9	0.5	2026-10-10	7
tilda-microwave-long-grain-rice-250g	g	557	132	1.9	<0.5	25	<0.5	1.7	2.8	<0.5	2026-10-10	7
tilda-microwave-rice-fragrant-jasmine-250g	g	740	175	2.3	0.5	35.3	<0.5	0.5	3.2	<0.5	2026-10-10	7
tilda-sticky-rice-500g	g	1456	343	0.6	<0.5	77	<0.5	1.3	6.5	<0.5	2026-10-10	7
veetee-heat-eat-basmati-rice-pots-x2-250g	g	546	129	1.4		26		<0.5	2.9	<0.5	2026-10-10	7
tilda-microwave-rice-wholegrain-basmati-wild-250g	g	569	135	2.6	0.6	23.3	<0.5	3	3.1	<0.5	2026-10-10	7
veetee-mega-1kg-premium-extra-long-basmati-rice	g	1500	353	1	<0.5	76	0.7	2	9	<0.5	2026-10-10	7
green-dragon-thai-hom-mali-fragrant-rice-5kg	g	1513	356	0.9	<0.5	79.8	<0.5		7.2	<0.5	2026-10-10	7
laila-brown-basmati-rice-2kg	g	1618	382	3.1	0.6	78	0.8	3.3	8.9	<0.5	2026-10-10	7
cadbury-14-x-cornflake-cluster-mini-bites	g	1981	472	18		70	38	2.1	6.1	0.5	2026-10-10	7
cadbury-5-x-mini-bonfire-logs-honeycomb-flavour-halloween-cakes	g	1955	465	23.5	11	58.2	43.6	2	4.6	0.6	2026-10-10	7
galaxy-cake-bar-multipack-5-x-28-8g	g	2023	484	27	13	57	45		5	0.5	2026-10-10	7
mcvitie-s-jaffaween-5-x-24-4g-cherry-multipack-cake-bars	g	1667	397	14.5	7.5	63.6	47.9	2.3	3.2	0.5	2026-10-10	7
mr-kipling-almond-cake-slices-x6	g	1772	423	18.6	5.7	57	30	2	5.8	<0.5	2026-10-10	7
mr-kipling-chocolate-cake-slices-x8	g	1722	411	18.7	5.9	56.4	35.9	1.7	3.4	0.6	2026-10-10	7
sainsburys-14-x-chocolate-mini-roll-bites	g	1945	464	22.6	12.4	58.7	44.3	1.7	5.7	0.14	2026-10-10	7
sainsburys-20-x-brownie-mini-bites	g	1962	469	26.3	9.6	53.6	38.1	1.3	4.0	0.30	2026-10-10	7
sainsburys-22-x-millionaire-mini-bites	g	2056	491	25.5	13.6	59.6	35.9	1.3	5.3	0.59	2026-10-10	7
sainsburys-268g-raspberry-sponge-roll-taste-the-difference	g	1487	353	8.9	4.6	64.3	39.3	1.1	3.2	0.24	2026-10-10	7
sainsburys-chocolate-mini-rolls-cakes-x10	g	1854	442	19.9	9.8	60.0	45.6		4.9	0.40	2026-10-10	7
sainsburys-millionaires-slice-50g	g	2132	510	27.3	14.6	61.4	39.9	<0.5	4.4	0.48	2026-10-10	7
we-love-cake-raspberry-ripple-cake-slices-x4-150g	g	1807	432	21.4	3.6	56	32.3	2	2.7	0.5	2026-10-10	7
sainsburys-brownie-cake-slices-x4	g	1842	439	19.2	6.9	62.2	45.4	0.8	4.1	0.13	2026-10-10	7
soreen-5-x-30g-gingerbread-festive-snack-bars-mini-loaves-limited-edition	g	1421	335	2.3	0.5	69	22	2.5	8.6	0.6	2026-10-10	7
sainsburys-2-x-caramelised-biscuit-cheesecake-slices-taste-the-difference-190g	g	1516	363	18.5	10.0	41.5	21.9	2.4	6.3	0.53	2026-10-10	7
lazyday-rocky-road-slices-x5-150g	g	2070	499	29.6	11.9	54.2	33.1	1.9	2.5	<0.5	2026-10-10	7
sainsburys-free-from-flapjack-slices-x4	g	1838	438	17.9	6.7	61.8	30.5	3.9	5.5	0.13	2026-10-10	7
sainsburys-free-from-2-celebration-cupcakes-with-vanilla-flavour-frosting	g	1958	468	24.7	8.6	58.8	45.9	0.9	2.2	0.75	2026-10-10	7
sainsburys-free-from-5-x-140g-stollen-slices-multipack-cakes-taste-the-difference	g	1695	404	15.3	3.9	60.5	40.7	1.9	5.1	0.15	2026-10-10	7
regal-bakery-fruit-cake-slices-with-glazed-fruit-pieces-210g	g	1753	419	20	2.6	54	31		4.3	0.5	2026-10-10	7
emma-s-country-cakes-2-handmade-cupcakes	g	925	221	7.4	2.1	31.2	18.8	<0.5	6.7	<0.5	2026-10-10	7
sainsburys-270g-cherry-bakewell-loaf-taste-the-difference	g	1715	409	19.5	3.4	52.0	36.2	<0.5	6.4	0.37	2026-10-10	7
sainsburys-306g-walnut-loaf-cake	g	1598	381	14.7	4.9	56.3	30.9	1.3	5.1	0.33	2026-10-10	7
sainsburys-800g-rich-fruit-cake-taste-the-difference	g	1366	324	8.6	4.1	56.4	39.7	3.1	3.7	0.36	2026-10-10	7
sainsburys-coffee-walnut-cake-taste-the-difference-400g	g	1757	420	20.9	7.6	52.8	33.0	0.9	4.6	0.36	2026-10-10	7
sainsburys-mini-rainbow-cupcakes-taste-the-difference-x9	g	2022	483	24.0	9.5	64.0	47.0	<0.5	2.5	0.13	2026-10-10	7
sainsburys-100g-classic-panettone	g	1665	397	15.6	9.8	55.1	32.2	2.3	7.8	0.24	2026-10-10	7
sainsburys-free-from-2-x-vanilla-flavour-frosting-wreath-cupcakes	g	1861	444	21.2	7.6	59.8	41.0	<0.5	3.5	0.55	2026-10-10	7
sainsburys-cake-decorations-sugar-stars-43g	g:typical analysis	1845	437	10.3	6.4	84.2	79.0	1.7	1.1	0.07	2026-10-10	7
sainsburys-wholemeal-muffins-x6	g	949	225	2.3	0.5	37.1	5.0	5.5	11.1	0.76	2026-10-10	7
sainsburys-brioche-loaf-taste-the-difference-400g	g	1548	369	14.2	8.9	51.4	12.0	2.2	7.7	0.87	2026-10-10	7
warburtons-gluten-free-soft-sliced-brioche-rolls-x4	g:of product	1058	252	8.4	0.7	36.4	7.5	3	6.1	0.8	2026-10-10	7
house-of-cinn-340g-salted-caramel-pecan-cinnamon-buns	g	1836	439	21.9	12.1	52.8	22.7	2.2	6.5	1.10	2026-10-10	7
sainsburys-butter-croissants-taste-the-difference-x4	g	1802	432	24.6	15.4	43.3	7.3	2.5	8.0	0.69	2026-10-10	7
st-pierre-380g-croissant-loaf	g	1649	395	22	12	40	7.4	3.6	7.4	1.3	2026-10-10	7
sainsburys-all-butter-croissants-x2	g	1649	394	20.3	13.6	43.4	7.2	1.6	8.6	0.86	2026-10-10	7
sainsburys-crumpets-x6	g:cooked	862	204	0.7	0.1	41.4	3.0	3.2	6.4	1.07	2026-10-10	7
warburtons-crumpets-x6	g:of product	739	176	0.8	<0.5	35.3	2	2	6	1.5	2026-10-10	7
sainsburys-400g-fruit-loaf	g	1214	287	4.3	0.9	53.1	17.0	2.5	7.8	0.37	2026-10-10	7
soreen-sliced-malt-loaf-290g	g	1262	298	2.5	0.6	58.2	20.4	4.7	8.7	0.5	2026-10-10	7
brioche-pasquier-pancakes-choc-chip-x8	g	1573	375	18	3.3	50	26	2.1	5.8	1.4	2026-10-10	7
sainsburys-buttermilk-pancakes-taste-the-difference-x4	g	1078	256	7.2	0.9	40.1	9.6	1.4	7.0	0.83	2026-10-10	7
st-pierre-chocolate-filled-crepes-x6	g	1769	421	16	3.9	62	43	2.2	6.2	0.9	2026-10-10	7
sainsburys-sweet-pancakes-x6-375g	g	1055	251	8.9	1.2	36.9	14.5	1.2	5.2	0.32	2026-10-10	7
sainsburys-danish-maple-pecan-plait-x2	g	1987	477	33.1	13.7	38.5	11.5	1.8	5.4	0.40	2026-10-10	7
sainsburys-vanilla-flavoured-danish-crown-x2	g	1660	398	23.9	8.7	39.6	13.3	1.6	5.3	0.31	2026-10-10	7
waffle-amour-choco-sugar-waffles-x5	g	2017	482	26	13	55	31	1.8	5.5	0.7	2026-10-10	7
sainsburys-milk-chocolate-chip-cookies-x20-220g	g	1979	472	21.1	8.1	64.2	34.7	0.5	6.0	0.33	2026-10-10	7
sainsburys-belgian-milk-chocolate-cookies-taste-the-difference-x4	g	1904	454	21.3	10.7	59.6	39.4	<0.5	5.9	0.39	2026-10-10	7
sainsburys-triple-belgian-chocolate-cookies-taste-the-difference-x4	g	1978	472	22.5	11.1	61.9	43.8	0.8	5.1	0.43	2026-10-10	7
sainsburys-30-x-christmas-gingerbread-shapes-300g	g	1787	424	11.8	4.7	71.7	27.9	2.6	6.6	0.48	2026-10-10	7
sainsburys-bakery-pink-iced-doughnuts-x4	g	1699	406	20.9	10.0	47.8	14.6	1.1	6.0	0.32	2026-10-10	7
sainsburys-mini-sugared-doughnuts-x10	g	1712	409	20.8	9.2	49.4	21.3	1.3	5.5	0.38	2026-10-10	7
sainsburys-apple-crumble-muffins-taste-the-difference-x2	g	1721	410	17.6	1.8	58.0	31.1	2.0	4.0	0.46	2026-10-10	7
sainsburys-triple-chocolate-muffins-taste-the-difference-x2	g	1797	430	22.1	4.9	51.4	30.5	1.9	5.3	0.36	2026-10-10	7
sainsburys-crusty-white-baguette	g	1079	255	1.4	0.5	51.5	2.9	2.2	7.9	0.78	2026-10-10	7
sainsburys-small-giraffe-baguette-baton	g:typical analysis	1147	271	1.6	0.5	54.7	4.5	1.9	8.4	0.93	2026-10-10	7
sainsburys-800g-handcrafted-brown-sourdough-bread-taste-the-difference	g	989	234	1.7	0.3	43.1	2.1	4.2	9.4	1.20	2026-10-10	7
sainsburys-4-x-short-crust-mince-pies	g	1833	437	17.7	6.3	63.6	26.8	2.4	4.6	0.03	2026-10-10	7
sainsburys-large-apple-pie-serves-6	g	1303	311	12.5	5.0	46.3	23.3	1.4	2.5	0.07	2026-10-10	7
sainsburys-6-x-hot-cross-buns	g	1200	284	3.7	0.9	54.0	18.8	2.0	7.6	0.44	2026-10-10	7
sainsburys-sultana-scones-taste-the-difference-x4	g	1494	355	12.6	8.0	52.1	27.8	1.8	7.5	0.85	2026-10-10	7
sainsburys-6-x-fruited-teacakes	g	1129	267	2.5	0.8	52.2	16.6	1.8	7.9	0.46	2026-10-10	7
