id,name,category,serving,calories,protein_g,carbs_g,fat_g,sat_fat_g,sodium_mg,salt_g,sugar_g,fiber_g,energy_kj,weight_g,mono_fat_g,poly_fat_g,trans_fat_g,caffeine_mg,tags,limited_time,rankable,components,added_on,notes
smoked-salmon-and-avocado-on-toast,Smoked Salmon & Avocado on Toast,Breakfast,,400,,,,4.9,,2.9,1.6,,1673,,,,,,,false,false,,,Menus: 1 of 36 (Audley End House & Gardens Servants Hall Tearoom); portal id R04362; fat 18 g printed (blank: calories-only chain)
smashed-avocado-with-feta-on-toast,Smashed Avocado with Feta on Toast,Breakfast,,569,,,,14,,2.0,14,,2382,,,,,,,false,false,,,Menus: 1 of 36 (Audley End House & Gardens Servants Hall Tearoom); portal id R03710; fat 31 g printed (blank: calories-only chain)
mushrooms-avocado-and-spinach-on-toast,"Mushrooms, Avocado & Spinach on Toast",Breakfast,,348,,,,3.9,,1.1,2.8,,1458,,,,,,,false,false,,,Menus: 1 of 36 (Audley End House & Gardens Servants Hall Tearoom); portal id R03741; fat 15 g printed (blank: calories-only chain)
red-tractor-sausage-brioche,Red Tractor Sausage Brioche,Breakfast,,682,,,,1.4,,3.0,5.1,,2854,,,,,,contains_pork,false,false,,,Menus: 1 of 36 (Audley End House & Gardens Servants Hall Tearoom); portal id R03922; fat 36 g printed (blank: calories-only chain)
hot-red-tractor-sausage-on-sourdough-roll,Hot Red Tractor Sausage on Sourdough Roll,Breakfast,,628,,,,2.6,,3.1,3.3,,2626,,,,,,contains_pork,false,false,,,"Menus: 9 of 36; portal id R01801; fat 30 g printed (blank: calories-only chain); listed under: Breakfast (7), Light Bites (2)"
hot-red-tractor-bacon-on-sourdough-roll,Hot Red Tractor Bacon on Sourdough Roll,Breakfast,,463,,,,5.0,,4.1,3.3,,1936,,,,,,contains_pork,false,false,,,"Menus: 13 of 36; portal id R02914; fat 15 g printed (blank: calories-only chain); listed under: Breakfast (11), Light Bites (2)"
hot-cumberland-sausage-on-sourdough-roll,Hot Cumberland Sausage on Sourdough Roll,Breakfast,,604,,,,9.7,,3.0,4.9,,2526,,,,,,contains_pork,false,false,,,Menus: 1 of 36 (Birdoswold Roman Fort); portal id R03788; fat 28 g printed (blank: calories-only chain)
hot-this-isnt-sausage-on-sourdough-roll,Hot This Isn't Sausage on Sourdough Roll,Breakfast,,491,,,,2.7,,2.8,3.9,,2056,,,,,,vegetarian,false,false,,,Menus: 3 of 36; portal id R03995; fat 18 g printed (blank: calories-only chain); portal line under the name: 'Suitable for vegans'
trio-of-morning-pastries-with-butter-and-jam,Trio of Morning Pastries with Butter & Jam,Breakfast,,1078,,,,35,,2.3,47,,4508,,,,,,,false,false,,,"Menus: 1 of 36 (Dover Castle NAAFI Restaurant); portal id R02195; fat 53 g printed (blank: calories-only chain); may-contain only (not in allergens.csv): Barley, Oats, Rye"
red-tractor-sausage-and-bacon-brioche,Red Tractor Sausage & Bacon Brioche,Breakfast,,595,,,,2.5,,3.6,5.1,,2490,,,,,,contains_pork,false,false,,,Menus: 1 of 36 (Dover Castle The Great Tower Cafe); portal id R03402; fat 28 g printed (blank: calories-only chain)
this-isnt-sausage-brioche,This Isn't Sausage Brioche,Breakfast,,529,,,,1.9,,2.8,6.3,,2212,,,,,,vegetarian,false,false,,,Menus: 1 of 36 (Dover Castle The Great Tower Cafe); portal id R01901; fat 22 g printed (blank: calories-only chain); portal line under the name: 'Suitable for vegans'
red-tractor-bacon-and-free-range-egg-breakfast-muffin,Red Tractor Bacon & Free-Range Egg Breakfast Muffin,Breakfast,,324,,,,3.7,,4.3,1.3,,1355,,,,,,contains_pork,false,false,,,Menus: 3 of 36; portal id R03797; fat 11 g printed (blank: calories-only chain)
red-tractor-sausage-and-free-range-egg-breakfast-muffin,Red Tractor Sausage & Free-Range Egg Breakfast Muffin,Breakfast,,398,,,,2.3,,3.6,1.3,,1666,,,,,,contains_pork,false,false,,,Menus: 3 of 36; portal id R03796; fat 18 g printed (blank: calories-only chain)
vegan-sausage-and-free-range-egg-breakfast-muffin,Vegan Sausage & Free-range Egg Breakfast Muffin,Breakfast,,308,,,,2.2,,3.3,1.0,,1288,,,,,,,false,false,,,Menus: 1 of 36 (Eltham Palace & Gardens Orchid House Cafe); portal id R03937; fat 11 g printed (blank: calories-only chain)
avocado-and-free-range-egg-breakfast-muffin,Avocado & Free-Range Egg Breakfast Muffin,Breakfast,,359,,,,4.7,,1.9,1.5,,1504,,,,,,,false,false,,,Menus: 3 of 36; portal id R03939; fat 18 g printed (blank: calories-only chain)
toast-and-jam,Toast & Jam,Breakfast,,286,,,,6.7,,0.50,20,,1198,,,,,,,false,false,,,Menus: 1 of 36 (Eltham Palace & Gardens Orchid House Cafe); portal id R01667; fat 11 g printed (blank: calories-only chain); may-contain only (not in allergens.csv): Barley
toast-and-marmalade,Toast & Marmalade,Breakfast,,407,,,,6.9,,0.77,22,,1704,,,,,,,false,false,,,Menus: 1 of 36 (Eltham Palace & Gardens Orchid House Cafe); portal id R01668; fat 11 g printed (blank: calories-only chain); may-contain only (not in allergens.csv): Barley
full-english-breakfast,Full English Breakfast,Breakfast,,500,,,,10,,2.6,9.6,,2091,,,,,,,false,false,,,Menus: 1 of 36 (Kenilworth Castle and Elizabethan Garden); portal id R03069; fat 25 g printed (blank: calories-only chain); may-contain only (not in allergens.csv): Barley
free-range-egg-on-sourdough-roll,Free Range Egg on Sourdough Roll,Breakfast,,399,,,,3.4,,1.9,3.5,,1669,,,,,,,false,false,,,Menus: 3 of 36; portal id R04211; fat 12 g printed (blank: calories-only chain)
avocado-and-mushrooms-breakfast-muffin,Avocado and Mushrooms Breakfast Muffin,Breakfast,,336,,,,4.0,,0.81,1.1,,1404,,,,,,,false,false,,,"Menus: 1 of 36 (Tintagel Castle); portal id R04271; fat 16 g printed (blank: calories-only chain); listed under: Breakfast (1), Light Bites (1)"
hot-red-tractor-bacon-sourdough-roll,Hot Red Tractor Bacon Sourdough Roll,Breakfast,,471,,,,5.0,,4.5,3.4,,1970,,,,,,contains_pork,false,false,,,Menus: 1 of 36 (Walmer Castle and Gardens); portal id R01289; fat 15 g printed (blank: calories-only chain)
premium-sausage-roll,Premium Sausage Roll,Light Bites,,583,,,,18,,1.8,0.5,,2439,,,,,,contains_pork,false,false,,,Menus: 20 of 36; portal id 02659; fat 40 g printed (blank: calories-only chain); portal line under the name: 'Red Tractor'
jacket-potato-and-mature-cheddar-with-salad-and-slaw,Jacket Potato & Mature Cheddar with Salad & Slaw,Light Bites,,710,,,,23,,1.8,4.5,,2970,,,,,,,false,false,,,"Menus: 16 of 36; portal id R02399; fat 41 g printed (blank: calories-only chain); listed under: Light Bites (9), Main Meals (7)"
jacket-potato-and-tuna-mayonnaise-with-salad-and-slaw,Jacket Potato & Tuna Mayonnaise with Salad & Slaw,Light Bites,,560,,,,8.1,,1.1,4.5,,2342,,,,,,,false,false,,,"Menus: 16 of 36; portal id R00156; fat 29 g printed (blank: calories-only chain); listed under: Light Bites (9), Main Meals (7)"
jacket-potato-and-baked-beans-with-salad-and-slaw,Jacket Potato & Baked Beans with Salad & Slaw,Light Bites,,527,,,,7.1,,1.5,13,,2207,,,,,,vegetarian,false,false,,,"Menus: 16 of 36; portal id R00155; fat 16 g printed (blank: calories-only chain); portal diet flags: Vegetarian; listed under: Light Bites (9), Main Meals (7)"
msc-fish-finger-sandwich,MSC Fish Finger Sandwich,Light Bites,,722,,,,3.7,,2.7,3.5,,3022,,,,,,,false,false,,,Menus: 1 of 36 (Audley End House & Gardens Servants Hall Tearoom); portal id R03188; fat 35 g printed (blank: calories-only chain)
door-stop-msc-tuna-crunch-melt-toastie-with-crisps,Door Stop MSC Tuna Crunch Melt Toastie with Crisps,Light Bites,,644,,,,9.9,,2.9,2.9,,2693,,,,,,,false,false,,,Menus: 4 of 36; portal id R03195; fat 26 g printed (blank: calories-only chain)
red-tractor-bacon-brie-and-chilli-jam-toastie-with-crisps,"Red Tractor Bacon, Brie & Chilli Jam Toastie with Crisps",Light Bites,,606,,,,13,,4.3,7.8,,2536,,,,,,contains_pork,false,false,,,Menus: 3 of 36; portal id R04273; fat 26 g printed (blank: calories-only chain)
red-tractor-ham-and-mature-cheddar-toastie-with-crisps,Red Tractor Ham & Mature Cheddar Toastie with Crisps,Light Bites,,614,,,,14,,3.4,2.3,,2567,,,,,,contains_pork,false,false,,,Menus: 3 of 36; portal id R03189; fat 25 g printed (blank: calories-only chain)
red-tractor-chicken-pesto-and-mozzarella-toastie-with-crisps,"Red Tractor Chicken, Pesto & Mozzarella Toastie with Crisps",Light Bites,,565,,,,4.6,,2.2,2.4,,2365,,,,,,,false,false,,,Menus: 1 of 36 (Audley End House & Gardens Servants Hall Tearoom); portal id R02015; fat 23 g printed (blank: calories-only chain)
tomato-pesto-and-mozzarella-toastie-with-crisps,"Tomato, Pesto & Mozzarella Toastie with Crisps",Light Bites,,472,,,,4.5,,2.1,4.2,,1975,,,,,,,false,false,,,Menus: 4 of 36; portal id R02014; fat 22 g printed (blank: calories-only chain)
red-tractor-chicken-and-chorizo-toastie,Red Tractor Chicken & Chorizo Toastie,Light Bites,,643,,,,12,,3.4,2.0,,2691,,,,,,contains_pork,false,false,,,Menus: 1 of 36 (Audley End House & Gardens Servants Hall Tearoom); portal id R04351; fat 24 g printed (blank: calories-only chain)
cheese-and-onion-pasty,Cheese & Onion Pasty,Light Bites,,733,,,,22,,2.6,3.1,,3067,,,,,,vegetarian,false,false,,,Menus: 22 of 36; portal id 02661; fat 39 g printed (blank: calories-only chain); portal line under the name: 'Suitable for vegetarians'; portal diet flags: Vegetarian
traditional-cornish-pasty,Traditional Cornish Pasty,Light Bites,,685,,,,18,,2.5,3.1,,2865,283,,,,,,false,false,,,Menus: 22 of 36; portal id 00653; fat 35 g printed (blank: calories-only chain); portal line under the name: 'Red Tractor'
sri-lankan-curry-pasty,Sri-Lankan Curry Pasty,Light Bites,,702,,,,20,,2.1,8.5,,2936,,,,,,vegetarian,false,false,,,Menus: 22 of 36; portal id 02660; fat 35 g printed (blank: calories-only chain); portal line under the name: 'Suitable for vegans'; portal diet flags: Vegan/Vegetarian
toastie-special-with-crisps,Toastie Special with Crisps,Light Bites,,987,,,,12,,4.2,4.2,,4130,,,,,,,false,false,,,Menus: 1 of 36 (Audley End House & Gardens Servants Hall Tearoom); portal id R03957; fat 32 g printed (blank: calories-only chain)
mature-cheddar-and-onion-ciabatta-with-crisps,Mature Cheddar & Onion Ciabatta with Crisps,Light Bites,,606,,,,12,,2.9,6.7,,2535,,,,,,,false,false,,,"Menus: 1 of 36 (Battle Abbey); portal id R01897; fat 25 g printed (blank: calories-only chain); may-contain only (not in allergens.csv): Barley, Oats, Rye"
mature-cheddar-and-chorizo-ciabatta-with-crisps,Mature Cheddar & Chorizo Ciabatta with Crisps,Light Bites,,700,,,,17,,4.4,6.2,,2929,,,,,,contains_pork,false,false,,,"Menus: 1 of 36 (Battle Abbey); portal id R04294; fat 33 g printed (blank: calories-only chain); may-contain only (not in allergens.csv): Barley, Oats, Rye"
red-tractor-ham-and-mozzarella-ciabatta-with-crisps,Red Tractor Ham & Mozzarella Ciabatta with Crisps,Light Bites,,347,,,,12,,2.0,1.1,,1453,,,,,,contains_pork,false,false,,,"Menus: 5 of 36; portal id R04025; fat 22 g printed (blank: calories-only chain); listed under: Light Bites (3), Sandwiches & Wraps (2); may-contain only (not in allergens.csv): Barley, Oats, Rye"
tomato-mozzarella-and-pesto-ciabatta-with-crisps,"Tomato, Mozzarella & Pesto Ciabatta with Crisps",Light Bites,,634,,,,9.9,,3.0,7.6,,2653,,,,,,,false,false,,,"Menus: 7 of 36; portal id R02238; fat 26 g printed (blank: calories-only chain); listed under: Light Bites (5), Sandwiches & Wraps (2); may-contain only (not in allergens.csv): Barley, Oats, Rye"
tuna-melt-ciabatta-with-crisps,Tuna Melt Ciabatta with Crisps,Light Bites,,750,,,,9.6,,3.4,6.8,,3137,,,,,,,false,false,,,"Menus: 7 of 36; portal id R04275; fat 29 g printed (blank: calories-only chain); listed under: Light Bites (6), Sandwiches & Wraps (1); may-contain only (not in allergens.csv): Barley, Oats, Rye"
mature-cheddar-and-leek-quiche,Mature Cheddar & Leek Quiche,Light Bites,,503,,,,20,,1.1,3.7,,2105,,,,,,,false,false,,,Menus: 1 of 36 (Birdoswold Roman Fort); portal id R04348; fat 36 g printed (blank: calories-only chain)
quiche-lorraine,Quiche Lorraine,Light Bites,,464,,,,19,,1.4,2.8,,1940,,,,,,,false,false,,,Menus: 2 of 36; portal id R03077; fat 34 g printed (blank: calories-only chain)
chunky-pork-roll,Chunky Pork Roll,Light Bites,,444,,,,11,,2.0,0.7,,1858,,,,,,contains_pork,false,false,,,Menus: 13 of 36; portal id 02662; fat 24 g printed (blank: calories-only chain); portal line under the name: 'Red Tractor'
vegan-cheese-and-tomato-ciabatta-with-crisps,Vegan Cheese & Tomato Ciabatta with Crisps,Light Bites,,575,,,,14,,3.2,6.6,,2406,,,,,,,false,false,,,"Menus: 1 of 36 (Bolsover Castle); portal id R04394; fat 21 g printed (blank: calories-only chain); may-contain only (not in allergens.csv): Barley, Oats, Rye"
red-tractor-braised-beef-brisket-and-onion-ciabatta-with-crisps,Red Tractor Braised Beef Brisket & Onion Ciabatta with Crisps,Light Bites,,644,,,,7.7,,3.0,6.4,,2695,,,,,,contains_beef,false,false,,,"Menus: 1 of 36 (Bolsover Castle); portal id R02257; fat 23 g printed (blank: calories-only chain); may-contain only (not in allergens.csv): Barley, Oats, Rye"
three-bean-chilli-and-nachos,Three Bean Chilli & Nachos,Light Bites,,851,,,,8.1,,1.6,15,,3562,,,,,,,false,false,,,Menus: 1 of 36 (Carisbrooke Castle); portal id R04521; fat 39 g printed (blank: calories-only chain)
jacket-potato-with-three-bean-chilli-and-slaw,Jacket Potato with Three Bean Chilli & Slaw,Light Bites,,558,,,,4.2,,1.3,13,,2333,,,,,,,false,false,,,Menus: 1 of 36 (Carisbrooke Castle); portal id R04343; fat 17 g printed (blank: calories-only chain)
red-pepper-houmous-and-vegan-feta-ciabatta,"Red Pepper, Houmous & Vegan Feta Ciabatta",Light Bites,,497,,,,11,,2.4,2.9,,2081,,,,,,,false,false,,,Menus: 1 of 36 (Carisbrooke Castle); portal id R04337; fat 23 g printed (blank: calories-only chain)
cornish-brie-and-chilli-jam-ciabatta-with-crisps,Cornish Brie & Chilli Jam Ciabatta with Crisps,Light Bites,,642,,,,11,,3.0,23,,2687,,,,,,,false,false,,,"Menus: 4 of 36; portal id R03660; fat 22 g printed (blank: calories-only chain); listed under: Light Bites (2), Sandwiches & Wraps (2); may-contain only (not in allergens.csv): Barley, Oats, Rye"
jacket-potato-houmous-and-sun-dried-tomatoes-with-salad-and-slaw,Jacket Potato Houmous & Sun Dried Tomatoes with Salad & Slaw,Light Bites,,606,,,,8.1,,0.98,7.9,,2536,,,,,,,false,false,,,Menus: 1 of 36 (Eltham Palace & Gardens Orchid House Cafe); portal id R01970; fat 33 g printed (blank: calories-only chain)
red-tractor-chicken-and-mushroom-pie,Red Tractor Chicken & Mushroom Pie,Light Bites,,449,,,,8.4,,2.6,2.4,,1879,,,,,,,false,false,,,Menus: 1 of 36 (Eltham Palace & Gardens Orchid House Cafe); portal id R01230; fat 17 g printed (blank: calories-only chain)
red-tractor-ham-and-mature-cheddar-ciabatta-with-salad-and-crisps,Red Tractor Ham & Mature Cheddar Ciabatta with Salad & Crisps,Light Bites,,350,,,,14,,1.7,1.7,,1466,,,,,,contains_pork,false,false,,,"Menus: 2 of 36; portal id R03199; fat 25 g printed (blank: calories-only chain); may-contain only (not in allergens.csv): Barley, Oats, Rye"
tuna-melt-ciabatta-with-salad-and-crisps,Tuna Melt Ciabatta with Salad & Crisps,Light Bites,,885,,,,19,,4.5,8.8,,3702,,,,,,,false,false,,,"Menus: 2 of 36; portal id R04421; fat 45 g printed (blank: calories-only chain); may-contain only (not in allergens.csv): Barley, Oats, Rye"
garden-vegetable-quiche,Garden Vegetable Quiche,Light Bites,,455,,,,18,,0.81,5.4,,1902,,,,,,,false,false,,,Menus: 1 of 36 (Kenilworth Castle and Elizabethan Garden); portal id R03210; fat 32 g printed (blank: calories-only chain)
msc-fish-finger-ciabatta-with-homemade-tartare-sauce-and-crisps,MSC Fish Finger Ciabatta with Homemade Tartare Sauce & Crisps,Light Bites,,428,,,,2.4,,2.5,2.5,,1789,,,,,,,false,false,,,"Menus: 1 of 36 (Kenilworth Castle and Elizabethan Garden); portal id R03293; fat 28 g printed (blank: calories-only chain); may-contain only (not in allergens.csv): Barley, Oats, Rye"
philly-cheese-steak-ciabatta-with-crisps,Philly Cheese Steak Ciabatta with Crisps,Light Bites,,769,,,,13,,2.9,5.7,,3216,,,,,,contains_beef,false,false,,,"Menus: 1 of 36 (Kenilworth Castle and Elizabethan Garden); portal id R03749; fat 30 g printed (blank: calories-only chain); may-contain only (not in allergens.csv): Barley, Oats, Rye"
tomato-mozzerella-and-pesto-panini-with-crisps-and-mixed-leaves,"Tomato, Mozzerella & Pesto Panini with Crisps & Mixed Leaves",Light Bites,,499,,,,6.6,,1.8,4.4,,2089,,,,,,,false,false,,,Menus: 1 of 36 (Mount Grace Priory); portal id R03325; fat 24 g printed (blank: calories-only chain)
ham-and-cheese-panini-with-crisps-and-mixed-leaves,Ham & Cheese Panini with Crisps & Mixed Leaves,Light Bites,,419,,,,6.9,,1.2,3.4,,1752,,,,,,contains_pork,false,false,,,Menus: 1 of 36 (Mount Grace Priory); portal id R03308; fat 16 g printed (blank: calories-only chain)
british-rspca-assured-hot-pulled-pork-and-stuffing-bap,British RSPCA Assured Hot Pulled Pork & Stuffing Bap,Light Bites,,863,,,,9.5,,3.9,11,,3610,,,,,,contains_pork,false,false,,,Menus: 1 of 36 (Osborne House Petty Officer's Cafe); portal id R02744; fat 44 g printed (blank: calories-only chain)
smoked-pork-frankfurter-hot-dog,Smoked Pork Frankfurter Hot Dog,Light Bites,,449,,,,3.1,,2.2,3.3,,1877,,,,,,contains_pork,false,false,,,Menus: 1 of 36 (Osborne House Petty Officer's Cafe); portal id R02214; fat 21 g printed (blank: calories-only chain)
phat-vegan-sausage-roll,Phat Vegan Sausage Roll,Light Bites,,522,,,,13,,2.7,1.8,,2182,,,,,,vegetarian,false,false,,,Menus: 1 of 36 (Pendennis Castle); portal id 00216; fat 26 g printed (blank: calories-only chain); portal diet flags: Vegan/Vegetarian
jacket-potato-with-vegetable-pottage-salad-and-slaw,"Jacket Potato with Vegetable Pottage, Salad & Slaw",Light Bites,,447,,,,0.6,,1.7,12,,1872,,,,,,,false,false,,,Menus: 1 of 36 (Rievaulx Abbey); portal id R04371; fat 3.2 g printed (blank: calories-only chain)
cornish-brie-and-chilli-jam-ciabatta-with-salad-and-crisps,Cornish Brie & Chilli Jam Ciabatta with Salad & Crisps,Light Bites,,652,,,,11,,3.0,25,,2727,,,,,,,false,false,,,"Menus: 1 of 36 (Stokesay Castle); portal id R04420; fat 22 g printed (blank: calories-only chain); may-contain only (not in allergens.csv): Barley, Oats, Rye"
mature-cheddar-ciabatta-with-salad-and-crisps,Mature Cheddar Ciabatta with Salad & Crisps,Light Bites,,315,,,,13,,1.3,1.5,,1319,,,,,,,false,false,,,"Menus: 1 of 36 (Stokesay Castle); portal id R04480; fat 24 g printed (blank: calories-only chain); may-contain only (not in allergens.csv): Barley, Oats, Rye"
extra-cheddar,Extra Cheddar,Light Bites,,250,,,,13,,1.1,<0.5,,1044,,,,,,,false,false,,,Menus: 1 of 36 (Stokesay Castle); portal id R04464; fat 21 g printed (blank: calories-only chain)
red-tractor-bacon-bap,Red Tractor Bacon Bap,Light Bites,,326,,,,4.5,,3.7,2.4,,1364,,,,,,contains_pork,false,false,,,Menus: 1 of 36 (Stonehenge); portal id R01619; fat 13 g printed (blank: calories-only chain)
red-tractor-sausage-bap,Red Tractor Sausage Bap,Light Bites,,707,,,,9.4,,2.4,2.3,,2958,,,,,,contains_pork,false,false,,,Menus: 1 of 36 (Stonehenge); portal id R01620; fat 54 g printed (blank: calories-only chain)
this-isnt-sausage-bap,THIS Isn't Sausage Bap,Light Bites,,236,,,,3.7,,0.75,1.8,,988,,,,,,vegetarian,false,false,,,Menus: 1 of 36 (Stonehenge); portal id R01621; fat 13 g printed (blank: calories-only chain); portal line under the name: 'Suitable for vegans'
jacket-potato-with-houmous-and-olives-salad-and-slaw,"Jacket Potato with Houmous & Olives, Salad & Slaw",Light Bites,,730,,,,9.0,,1.6,4.8,,3055,,,,,,,false,false,,,Menus: 1 of 36 (Walmer Castle and Gardens); portal id R01185; fat 45 g printed (blank: calories-only chain)
red-tractor-chicken-and-bacon-club-baguette,Red Tractor Chicken & Bacon Club Baguette,Sandwiches & Wraps,,616,,,,3.3,,3.0,7.2,,2577,,,,,,contains_pork,false,false,,,Menus: 3 of 36; portal id R03818; fat 18 g printed (blank: calories-only chain)
tuna-mayonnaise-and-cucumber-baguette,Tuna Mayonnaise & Cucumber Baguette,Sandwiches & Wraps,,519,,,,2.8,,1.6,6.2,,2172,,,,,,,false,false,,,Menus: 9 of 36; portal id R03157; fat 18 g printed (blank: calories-only chain)
red-tractor-blt-baguette,Red Tractor BLT Baguette,Sandwiches & Wraps,,544,,,,3.9,,3.6,8.1,,2277,,,,,,,false,false,,,Menus: 4 of 36; portal id R01395; fat 17 g printed (blank: calories-only chain)
red-tractor-ham-and-mature-cheddar-baguette,Red Tractor Ham & Mature Cheddar Baguette,Sandwiches & Wraps,,773,,,,20,,3.5,5.8,,3236,,,,,,contains_pork,false,false,,,Menus: 7 of 36; portal id R03158; fat 38 g printed (blank: calories-only chain)
red-tractor-ham-salad-baguette,Red Tractor Ham Salad Baguette,Sandwiches & Wraps,,447,,,,2.7,,1.9,6.8,,1872,,,,,,contains_pork,false,false,,,Menus: 8 of 36; portal id R01136; fat 9.7 g printed (blank: calories-only chain)
mature-cheddar-and-salad-baguette,Mature Cheddar & Salad Baguette,Sandwiches & Wraps,,721,,,,19,,2.7,6.5,,3015,,,,,,,false,false,,,Menus: 6 of 36; portal id R04200; fat 36 g printed (blank: calories-only chain)
red-tractor-coronation-chicken-sandwich,Red Tractor Coronation Chicken Sandwich,Sandwiches & Wraps,,500,,,,3.1,,1.3,4.5,,2092,,,,,,,false,false,,,Menus: 1 of 36 (Battle Abbey); portal id R03806; fat 16 g printed (blank: calories-only chain); may-contain only (not in allergens.csv): Barley
mature-cheddar-salad-sandwich,Mature Cheddar Salad Sandwich,Sandwiches & Wraps,,594,,,,18,,2.0,5.3,,2487,,,,,,,false,false,,,Menus: 2 of 36; portal id R02363; fat 34 g printed (blank: calories-only chain); may-contain only (not in allergens.csv): Barley
cornish-brie-and-tomato-sandwich,Cornish Brie & Tomato Sandwich,Sandwiches & Wraps,,619,,,,15,,2.1,6.2,,2589,,,,,,,false,false,,,Menus: 1 of 36 (Battle Abbey); portal id R03825; fat 32 g printed (blank: calories-only chain); may-contain only (not in allergens.csv): Barley
red-tractor-ham-and-mature-cheddar-sandwich,Red Tractor Ham & Mature Cheddar Sandwich,Sandwiches & Wraps,,543,,,,14,,2.3,4.5,,2272,,,,,,contains_pork,false,false,,,Menus: 1 of 36 (Battle Abbey); portal id R04278; fat 27 g printed (blank: calories-only chain); may-contain only (not in allergens.csv): Barley
tuna-mayonnaise-and-cucumber-sandwich,Tuna Mayonnaise & Cucumber Sandwich,Sandwiches & Wraps,,435,,,,2.9,,1.2,4.8,,1818,,,,,,,false,false,,,Menus: 2 of 36; portal id R02365; fat 18 g printed (blank: calories-only chain); may-contain only (not in allergens.csv): Barley
vegan-sausage-and-onion-baguette,Vegan Sausage & Onion Baguette,Sandwiches & Wraps,,563,,,,2.9,,2.3,7.6,,2355,,,,,,vegetarian,false,false,,,Menus: 2 of 36; portal id R03668; fat 19 g printed (blank: calories-only chain); portal line under the name: 'Suitable for vegans'
vegan-cheese-and-tomato-baguette,Vegan Cheese & Tomato Baguette,Sandwiches & Wraps,,514,,,,10.0,,2.1,6.5,,2151,,,,,,,false,false,,,Menus: 5 of 36; portal id R03155; fat 18 g printed (blank: calories-only chain)
foragers-sandwich,Forager's Sandwich,Sandwiches & Wraps,,316,,,,2.9,,1.8,3.1,,1321,,,,,,,false,false,,,"Menus: 1 of 36 (Carisbrooke Castle); portal id R04339; fat 4.5 g printed (blank: calories-only chain); portal line under the name: 'Mushrooms, Feta, Beetroot with a Hint of Garlic on Bloomer Bread'"
mature-cheddar-and-red-onion-chutney-baguette,Mature Cheddar & Red Onion Chutney Baguette,Sandwiches & Wraps,,784,,,,19,,2.8,22,,3281,,,,,,,false,false,,,Menus: 3 of 36; portal id R03759; fat 35 g printed (blank: calories-only chain); may-contain only (not in allergens.csv): Oats
free-range-egg-and-watercress-baguette,Free Range Egg & Watercress Baguette,Sandwiches & Wraps,,482,,,,2.2,,1.4,6.3,,2017,,,,,,,false,false,,,Menus: 2 of 36; portal id R04280; fat 16 g printed (blank: calories-only chain)
red-tractor-chicken-coronation-baguette,Red Tractor Chicken Coronation Baguette,Sandwiches & Wraps,,542,,,,1.3,,2.5,10,,2267,,,,,,,false,false,,,Menus: 4 of 36; portal id R04283; fat 14 g printed (blank: calories-only chain)
coronation-chicken-and-spring-onion-baguette-with-salad-and-crisps,Coronation Chicken & Spring Onion Baguette with Salad & Crisps,Sandwiches & Wraps,,756,,,,4.0,,3.1,19,,3163,,,,,,,false,false,,,Menus: 3 of 36; portal id R04413; fat 32 g printed (blank: calories-only chain); may-contain only (not in allergens.csv): Barley
tuna-mayo-and-cucumber-baguette-with-salad-and-crisps,Tuna Mayo & Cucumber Baguette with Salad & Crisps,Sandwiches & Wraps,,667,,,,3.5,,3.2,7.1,,2790,,,,,,,false,false,,,Menus: 3 of 36; portal id R04412; fat 27 g printed (blank: calories-only chain); may-contain only (not in allergens.csv): Barley
free-range-egg-mayo-and-cress-baguette-with-salad-and-crisps,Free-range Egg Mayo & Cress Baguette with Salad & Crisps,Sandwiches & Wraps,,648,,,,6.1,,3.4,5.7,,2713,,,,,,,false,false,,,Menus: 3 of 36; portal id R04414; fat 29 g printed (blank: calories-only chain); may-contain only (not in allergens.csv): Barley
cheese-and-chilli-jam-baguette-with-salad-and-crisps,Cheese & Chilli Jam Baguette with Salad & Crisps,Sandwiches & Wraps,,743,,,,18,,3.6,23,,3109,,,,,,vegetarian,false,false,,,Menus: 3 of 36; portal id R04415; fat 30 g printed (blank: calories-only chain); portal line under the name: 'Suitable for vegans'
open-caprese-sandwich-with-crisps,Open Caprese Sandwich with Crisps,Sandwiches & Wraps,,514,,,,15,,1.9,4.1,,2150,,,,,,vegetarian,false,false,,,Menus: 1 of 36 (Eltham Palace & Gardens Orchid House Cafe); portal id R01938; fat 28 g printed (blank: calories-only chain); portal line under the name: 'Suitable for vegetarians'
red-tractor-chicken-club-open-sandwich-with-crisps,Red Tractor Chicken Club Open Sandwich with Crisps,Sandwiches & Wraps,,482,,,,4.0,,2.7,2.4,,2018,,,,,,,false,false,,,Menus: 2 of 36; portal id R03183; fat 20 g printed (blank: calories-only chain)
mature-cheddar-salad-and-chutney-baguette-with-salad,Mature Cheddar Salad & Chutney Baguette with Salad,Sandwiches & Wraps,,541,,,,9.1,,1.9,13,,2262,,,,,,,false,false,,,Menus: 1 of 36 (Framlingham Castle); portal id R03026; fat 16 g printed (blank: calories-only chain)
red-tractor-sausage-and-red-onion-baguette,Red Tractor Sausage & Red Onion Baguette,Sandwiches & Wraps,,699,,,,2.8,,2.7,7.0,,2925,,,,,,contains_pork,false,false,,,Menus: 1 of 36 (Framlingham Castle); portal id R04304; fat 31 g printed (blank: calories-only chain)
caprese-baguette,Caprese Baguette,Sandwiches & Wraps,,542,,,,9.2,,1.8,8.3,,2268,,,,,,vegetarian,false,false,,,Menus: 2 of 36; portal id R04282; fat 18 g printed (blank: calories-only chain); portal line under the name: 'Suitable for vegetarians'
coronation-chicken-sourdough-with-salad-and-crisps,Coronation Chicken Sourdough with Salad & Crisps,Sandwiches & Wraps,,703,,,,3.9,,2.9,14,,2943,,,,,,,false,false,,,Menus: 1 of 36 (Gainsborough Old Hall); portal id R04540; fat 27 g printed (blank: calories-only chain); may-contain only (not in allergens.csv): Barley
tuna-mayonnaise-sourdough-with-salad-and-crisps,Tuna Mayonnaise Sourdough with Salad & Crisps,Sandwiches & Wraps,,643,,,,3.6,,3.0,5.3,,2691,,,,,,,false,false,,,Menus: 1 of 36 (Gainsborough Old Hall); portal id R04541; fat 23 g printed (blank: calories-only chain); may-contain only (not in allergens.csv): Barley
free-range-egg-mayo-sourdough-with-salad-and-crisps,Free-range Egg Mayo Sourdough with Salad & Crisps,Sandwiches & Wraps,,630,,,,5.3,,3.1,4.3,,2637,,,,,,,false,false,,,Menus: 1 of 36 (Gainsborough Old Hall); portal id R04542; fat 25 g printed (blank: calories-only chain); may-contain only (not in allergens.csv): Barley
chicken-and-bacon-sourdough-with-salad-and-crisps,Chicken & Bacon Sourdough with Salad & Crisps,Sandwiches & Wraps,,679,,,,5.9,,3.3,5.4,,2839,,,,,,contains_pork,false,false,,,Menus: 1 of 36 (Gainsborough Old Hall); portal id R04544; fat 28 g printed (blank: calories-only chain); may-contain only (not in allergens.csv): Barley
cheese-and-chilli-jam-sourdough-with-salad-and-crisps,Cheese & Chilli Jam Sourdough with Salad & Crisps,Sandwiches & Wraps,,729,,,,15,,3.5,19,,3051,,,,,,vegetarian,false,false,,,Menus: 1 of 36 (Gainsborough Old Hall); portal id R04543; fat 28 g printed (blank: calories-only chain); portal line under the name: 'Suitable for vegans'
cornish-brie-and-red-onion-chutney-baguette,Cornish Brie & Red Onion Chutney Baguette,Sandwiches & Wraps,,743,,,,18,,2.6,22,,3110,,,,,,,false,false,,,Menus: 4 of 36; portal id R04204; fat 32 g printed (blank: calories-only chain)
smoked-salmon-gherkins-and-horseradish-sauce-open-sandwich-with-crisps,"Smoked Salmon, Gherkins & Horseradish Sauce Open Sandwich with Crisps",Sandwiches & Wraps,,541,,,,8.6,,4.1,10,,2262,,,,,,,false,false,,,Menus: 1 of 36 (Kenilworth Castle and Elizabethan Garden); portal id R03740; fat 28 g printed (blank: calories-only chain)
avocado-and-prawn-open-sandwich-with-crisps,Avocado & Prawn Open Sandwich with Crisps,Sandwiches & Wraps,,382,,,,4.1,,1.6,2.0,,1598,,,,,,,false,false,,,Menus: 1 of 36 (Kenilworth Castle and Elizabethan Garden); portal id R03123; fat 23 g printed (blank: calories-only chain)
roasted-red-peppers-pesto-and-rocket-baguette,"Roasted Red Peppers, Pesto & Rocket Baguette",Sandwiches & Wraps,,682,,,,4.7,,4.1,11,,2852,,,,,,,false,false,,,Menus: 1 of 36 (Osborne House Petty Officer's Cafe); portal id R03711; fat 32 g printed (blank: calories-only chain)
red-tractor-roast-beef-red-onion-marmalade-and-rocket-baguette,"Red Tractor Roast Beef, Red Onion Marmalade & Rocket Baguette",Sandwiches & Wraps,,519,,,,1.5,,2.4,15,,2172,,,,,,contains_beef,false,false,,,Menus: 1 of 36 (Osborne House Petty Officer's Cafe); portal id R03154; fat 12 g printed (blank: calories-only chain)
red-tractor-bacon-lettuce-and-tomato-sandwich,"Red Tractor Bacon, Lettuce & Tomato Sandwich",Sandwiches & Wraps,,439,,,,3.5,,2.7,6.2,,1835,,,,,,contains_pork,false,false,,,Menus: 1 of 36 (Pendennis Castle); portal id R04027; fat 15 g printed (blank: calories-only chain); may-contain only (not in allergens.csv): Barley
vegan-cheese-and-salad-with-vegan-mayonnaise-sandwich,Vegan Cheese & Salad with Vegan Mayonnaise Sandwich,Sandwiches & Wraps,,517,,,,17,,2.4,5.7,,2162,,,,,,,false,false,,,Menus: 1 of 36 (Pendennis Castle); portal id R02371; fat 26 g printed (blank: calories-only chain); may-contain only (not in allergens.csv): Barley
red-tractor-ham-and-mozzarella-toasted-ciabatta-with-salad-and-slaw,Red Tractor Ham & Mozzarella Toasted Ciabatta with Salad & Slaw,Sandwiches & Wraps,,240,,,,6.4,,1.4,2.3,,1006,,,,,,contains_pork,false,false,,,"Menus: 1 of 36 (Rievaulx Abbey); portal id R03448; fat 15 g printed (blank: calories-only chain); may-contain only (not in allergens.csv): Barley, Oats, Rye"
tomato-pesto-and-mozzerella-ciabatta-with-salad-and-slaw,"Tomato, Pesto & Mozzerella Ciabatta with Salad & Slaw",Sandwiches & Wraps,,644,,,,10.0,,3.0,9.2,,2693,,,,,,,false,false,,,"Menus: 1 of 36 (Rievaulx Abbey); portal id R04461; fat 28 g printed (blank: calories-only chain); may-contain only (not in allergens.csv): Barley, Oats, Rye"
yorkshire-rarebit-toastie,Yorkshire Rarebit Toastie,Sandwiches & Wraps,,729,,,,20,,4.3,8.6,,3050,,,,,,,false,false,,,Menus: 1 of 36 (Rievaulx Abbey); portal id R04194; fat 38 g printed (blank: calories-only chain)
chicken-and-bacon-mayo-baguette-with-salad-and-crisps,Chicken & Bacon Mayo Baguette with Salad & Crisps,Sandwiches & Wraps,,721,,,,7.0,,3.7,7.3,,3018,,,,,,contains_pork,false,false,,,Menus: 1 of 36 (Stokesay Castle); portal id R04482; fat 33 g printed (blank: calories-only chain); may-contain only (not in allergens.csv): Barley
cheddar-spring-onion-and-mayo-baguette-with-salad-and-crisps,"Cheddar, Spring Onion & Mayo Baguette with Salad & Crisps",Sandwiches & Wraps,,822,,,,16,,3.8,8.2,,3438,,,,,,,false,false,,,Menus: 1 of 36 (Stokesay Castle); portal id R04481; fat 46 g printed (blank: calories-only chain); may-contain only (not in allergens.csv): Barley
mature-cheddar-and-chilli-jam-with-salad-and-crisps,Mature Cheddar & Chilli Jam with Salad & Crisps,Sandwiches & Wraps,,829,,,,20,,3.3,22,,3470,,,,,,,false,false,,,Menus: 1 of 36 (Stokesay Castle); portal id R04463; fat 39 g printed (blank: calories-only chain)
red-tractor-ham-baguette-with-salad-and-crisps,Red Tractor Ham Baguette with Salad & Crisps,Sandwiches & Wraps,,475,,,,2.9,,2.2,4.4,,1988,,,,,,contains_pork,false,false,,,Menus: 1 of 36 (Stokesay Castle); portal id R04465; fat 12 g printed (blank: calories-only chain)
red-tractor-assured-bacon-lettuce-and-tomato-baguette,"Red Tractor Assured Bacon, Lettuce & Tomato Baguette",Sandwiches & Wraps,,480,,,,3.8,,4.1,5.1,,2007,,,,,,contains_pork,false,false,,,Menus: 2 of 36; portal id R04151; fat 11 g printed (blank: calories-only chain)
coronation-chicken-baguette,Coronation Chicken Baguette,Sandwiches & Wraps,,622,,,,1.9,,2.8,17,,2602,,,,,,,false,false,,,Menus: 1 of 36 (Stonehenge); portal id R04401; fat 22 g printed (blank: calories-only chain); may-contain only (not in allergens.csv): Barley
free-range-egg-and-cress-baguette,Free Range Egg & Cress Baguette,Sandwiches & Wraps,,520,,,,3.8,,3.1,4.2,,2178,,,,,,,false,false,,,Menus: 1 of 36 (Stonehenge); portal id R04403; fat 19 g printed (blank: calories-only chain); may-contain only (not in allergens.csv): Barley
mature-cheddar-ploughmans-baguette,Mature Cheddar Ploughman's Baguette,Sandwiches & Wraps,,793,,,,20,,3.0,21,,3317,,,,,,,false,false,,,Menus: 1 of 36 (Stonehenge); portal id R04402; fat 39 g printed (blank: calories-only chain)
humous-and-black-olives-baguette,Humous & Black Olives Baguette,Sandwiches & Wraps,,865,,,,6.3,,2.6,13,,3620,,,,,,vegetarian,false,false,,,Menus: 1 of 36 (Walmer Castle and Gardens); portal id R01214; fat 53 g printed (blank: calories-only chain); portal line under the name: 'Suitable for vegans'
prawn-mayonnaise-and-watercress-baguette,Prawn Mayonnaise & Watercress Baguette,Sandwiches & Wraps,,508,,,,2.7,,2.0,6.2,,2126,,,,,,,false,false,,,Menus: 2 of 36; portal id R04281; fat 18 g printed (blank: calories-only chain)
curried-carrot-soup-audley,Curried Carrot Soup - Audley,Soups,,85,,,,0.2,,0.64,14,,357,,,,,,,false,false,,,Menus: 1 of 36 (Audley End House & Gardens Servants Hall Tearoom); portal id R03968; fat 1.0 g printed (blank: calories-only chain)
root-vegetable-and-lentil-soup-with-roll-and-butter,Root Vegetable & Lentil Soup with Roll & Butter,Soups,,554,,,,7.1,,3.5,7.2,,2320,,,,,,,false,false,,,Menus: 2 of 36; portal id R02965; fat 19 g printed (blank: calories-only chain)
childrens-root-vegetable-and-lentil-soup-with-roll-and-butter,Children's Root Vegetable & Lentil Soup with Roll & Butter,Soups,,277,,,,3.6,,1.7,3.6,,1160,,,,,,,false,false,,,"Menus: 1 of 36 (Belsay Hall, Castle & Gardens); portal id R04539; fat 9.3 g printed (blank: calories-only chain)"
roasted-red-pepper-and-tomato-soup-with-roll-and-butter,Roasted Red Pepper & Tomato Soup with Roll & Butter,Soups,,483,,,,7.2,,2.6,11,,2019,,,,,,,false,false,,,Menus: 2 of 36; portal id R04545; fat 16 g printed (blank: calories-only chain)
cauliflower-soup-with-roll-and-butter,Cauliflower Soup with Roll & Butter,Soups,,380,,,,6.5,,2.8,3.3,,1591,,,,,,,false,false,,,Menus: 1 of 36 (Birdoswold Roman Fort); portal id R03783; fat 12 g printed (blank: calories-only chain)
carrot-and-coriander-soup-with-roll-and-butter,Carrot & Coriander Soup with Roll & Butter,Soups,,383,,,,3.5,,3.6,14,,1604,,,,,,,false,false,,,Menus: 1 of 36 (Bolsover Castle); portal id R01727; fat 6.2 g printed (blank: calories-only chain)
roast-butternut-squash-soup-with-roll-and-butter,Roast Butternut Squash Soup with Roll & Butter,Soups,,473,,,,6.6,,2.4,13,,1978,,,,,,,false,false,,,Menus: 1 of 36 (Carisbrooke Castle); portal id R03670; fat 12 g printed (blank: calories-only chain)
vegetable-soup-with-roll-and-butter,Vegetable Soup with Roll & Butter,Soups,,379,,,,6.5,,1.8,4.7,,1585,,,,,,,false,false,,,Menus: 1 of 36 (Dover Castle The Great Tower Cafe); portal id R01649; fat 11 g printed (blank: calories-only chain)
pea-and-mint-soup-with-roll-and-butter,Pea & Mint Soup with Roll & Butter,Soups,,409,,,,6.9,,1.6,7.3,,1712,,,,,,,false,false,,,Menus: 1 of 36 (Home of Charles Darwin - Down House); portal id R03153; fat 14 g printed (blank: calories-only chain)
parsnip-and-apple-soup-with-bread-roll,Parsnip and Apple soup with bread roll,Soups,,513,,,,7.4,,3.9,18,,2144,,,,,,,false,false,,,"Menus: 1 of 36 (Eltham Palace & Gardens Orchid House Cafe); portal id R03505; fat 17 g printed (blank: calories-only chain); may-contain only (not in allergens.csv): Barley, Oats"
lentil-soup-with-roll-and-butter,Lentil Soup with Roll & Butter,Soups,,426,,,,6.5,,3.1,6.6,,1784,,,,,,vegetarian,false,false,,,"Menus: 3 of 36; portal id R04243; fat 11 g printed (blank: calories-only chain); portal line under the name: 'Suitable for vegans'; may-contain only (not in allergens.csv): Barley, Oats"
samba-dahl-with-roll-and-butter,Samba Dahl with Roll & Butter,Soups,,479,,,,7.0,,4.1,7.1,,2004,,,,,,vegetarian,false,false,,,"Menus: 3 of 36; portal id R04245; fat 17 g printed (blank: calories-only chain); portal line under the name: 'Suitable for vegans'; may-contain only (not in allergens.csv): Barley, Oats"
tomato-and-lentil-soup-with-roll-and-butter,Tomato & Lentil Soup with Roll & Butter,Soups,,565,,,,4.0,,1.8,6.4,,2364,,,,,,,false,false,,,Menus: 1 of 36 (Pendennis Castle); portal id R01832; fat 12 g printed (blank: calories-only chain); portal line under the name: 'Soup is suitable for vegans'
mushroom-soup-with-roll-and-butter,Mushroom Soup with Roll & Butter,Soups,,427,,,,6.7,,2.5,3.9,,1786,,,,,,,false,false,,,Menus: 1 of 36 (Pendennis Castle); portal id R00011; fat 12 g printed (blank: calories-only chain)
summer-tomato-and-courgette-soup-with-roll-and-butter,Summer Tomato & Courgette Soup with Roll & Butter,Soups,,391,,,,6.7,,3.5,6.1,,1636,,,,,,,false,false,,,Menus: 1 of 36 (Pendennis Castle); portal id R00010; fat 11 g printed (blank: calories-only chain)
spring-vegetable-soup-with-roll-and-butter,Spring Vegetable Soup with Roll & Butter,Soups,,462.4,,,,6.5,,2.0,8.2,,1934.8,,,,,,,false,false,,,Menus: 1 of 36 (Pendennis Castle); portal id R02988; fat 11.4 g printed (blank: calories-only chain)
roast-mushroom-and-cauliflower-soup-with-roll-and-butter,Roast Mushroom & Cauliflower Soup with Roll & Butter,Soups,,438,,,,6.7,,2.2,4.7,,1831,,,,,,,false,false,,,Menus: 1 of 36 (Rievaulx Abbey); portal id R04195; fat 13 g printed (blank: calories-only chain)
vegetable-and-pearl-barely-soup-with-roll-and-butter,Vegetable & Pearl Barely Soup with Roll & Butter,Soups,,614,,,,4.5,,3.5,10,,2571,,,,,,,false,false,,,Menus: 1 of 36 (Stonehenge); portal id R04188; fat 15 g printed (blank: calories-only chain); may-contain only (not in allergens.csv): Oats
tomato-soup-with-roll-and-butter,Tomato Soup with Roll & Butter,Soups,,450,,,,6.7,,2.7,15,,1884,,,,,,,false,false,,,Menus: 1 of 36 (Stonehenge); portal id R04226; fat 13 g printed (blank: calories-only chain)
minted-pea-soup-with-sourdough-roll-and-butter,Minted Pea Soup with Sourdough Roll & Butter,Soups,,420,,,,3.5,,1.9,7.9,,1758,,,,,,,false,false,,,Menus: 1 of 36 (Tintagel Castle); portal id R03820; fat 6.4 g printed (blank: calories-only chain)
curried-parsnip-soup-with-roll-and-butter,Curried Parsnip Soup with Roll & Butter,Soups,,29059,,,,20,,170.9,321,,121584,,,,,,,false,false,,,Menus: 1 of 36 (Tintagel Castle); portal id R03798; fat 91 g printed (blank: calories-only chain)
carrot-and-sweet-potato-soup-with-roll-and-butter,Carrot & Sweet Potato Soup with Roll & Butter,Soups,,29551,,,,20,,170.3,358,,123643,,,,,,,false,false,,,Menus: 1 of 36 (Tintagel Castle); portal id R03799; fat 90 g printed (blank: calories-only chain)
garden-vegetable-soup-with-roll-and-butter,Garden Vegetable Soup with Roll & Butter,Soups,,7198.4,,,,26.9,,17.8,1432.4,,30118.0,,,,,,,false,false,,,"Menus: 1 of 36 (Walmer Castle and Gardens); portal id R01224; fat 93.5 g printed (blank: calories-only chain); may-contain only (not in allergens.csv): Barley, Oats, Rye"
curried-cauliflower-soup-with-roll-and-butter,Curried Cauliflower Soup with Roll & Butter,Soups,,166,,,,7.1,,1.9,2.2,,693,,,,,,,false,false,,,"Menus: 1 of 36 (Walmer Castle and Gardens); portal id R02523; fat 15 g printed (blank: calories-only chain); may-contain only (not in allergens.csv): Barley, Oats, Rye"
carrot-soup-with-roll-and-butter,Carrot Soup with Roll & Butter,Soups,,557,,,,7.8,,3.2,21,,2330,,,,,,,false,false,,,"Menus: 1 of 36 (Walmer Castle and Gardens); portal id R04425; fat 19 g printed (blank: calories-only chain); may-contain only (not in allergens.csv): Barley, Oats, Rye"
spicy-tomato-and-red-pepper-soup-with-roll-and-butter,Spicy Tomato & Red Pepper Soup with Roll & Butter,Soups,,545,,,,6.8,,4.7,14,,2279,,,,,,,false,false,,,Menus: 1 of 36 (Wrest Park Cafe); portal id R04038; fat 30 g printed (blank: calories-only chain)
roast-butternut-squash-and-chick-pea-salad,Roast Butternut Squash & Chick Pea Salad,Salads,,407,,,,2.6,,1.6,12,,1703,,,,,,,false,false,,,Menus: 1 of 36 (Carisbrooke Castle); portal id R04341; fat 25 g printed (blank: calories-only chain)
mature-cheddar-ploughmans,Mature Cheddar Ploughman's,Salads,,925,,,,25,,4.5,23,,3871,,,,,,,false,false,,,"Menus: 1 of 36 (Kenilworth Castle and Elizabethan Garden); portal id R03884; fat 48 g printed (blank: calories-only chain); may-contain only (not in allergens.csv): Oats, Rye"
red-tractor-chicken-caesar-salad,Red Tractor Chicken Caesar Salad,Salads,,587,,,,6.8,,2.0,5.4,,2457,,,,,,,false,false,,,"Menus: 2 of 36; portal id R03839; fat 36 g printed (blank: calories-only chain); may-contain only (not in allergens.csv): Barley, Oats, Rye"
halloumi-ceaser-salad,Halloumi Ceaser Salad,Salads,,768,,,,25,,3.8,6.0,,3212,,,,,,,false,false,,,"Menus: 2 of 36; portal id R01821; fat 63 g printed (blank: calories-only chain); may-contain only (not in allergens.csv): Barley, Oats, Rye"
traditional-ploughmans,Traditional Ploughman's,Salads,,1073,,,,29,,6.8,22,,4488,,,,,,,false,false,,,Menus: 1 of 36 (Osborne House Victoria Hall Restaurant); portal id R04367; fat 57 g printed (blank: calories-only chain)
homemade-salmon-fishcakes-with-salad,Homemade Salmon Fishcakes with Salad,Salads,,715,,,,4.7,,3.3,6.7,,2994,,,,,,,false,false,,,Menus: 1 of 36 (Osborne House Victoria Hall Restaurant); portal id R04368; fat 31 g printed (blank: calories-only chain)
kings-coronation-quiche,King's Coronation Quiche,Salads,,511,,,,19,,1.1,4.4,,2136,,,,,,,false,false,,,Menus: 1 of 36 (Osborne House Petty Officer's Cafe); portal id R02730; fat 37 g printed (blank: calories-only chain)
salmon-and-spinach-quiche,Salmon & Spinach Quiche,Salads,,479,,,,19,,1.7,2.9,,2004,,,,,,,false,false,,,Menus: 1 of 36 (Osborne House Petty Officer's Cafe); portal id R03775; fat 34 g printed (blank: calories-only chain)
pasta-pesto-and-peas-salad-side,"Pasta, Pesto & Peas Salad Side",Salads,,466,,,,1.3,,0.29,5.0,,1948,,,,,,,false,false,,,Menus: 1 of 36 (Osborne House Petty Officer's Cafe); portal id R02675; fat 7.6 g printed (blank: calories-only chain)
greek-salad-side,Greek Salad Side,Salads,,67,,,,2.0,,1.1,1.4,,280,,,,,,,false,false,,,Menus: 1 of 36 (Osborne House Petty Officer's Cafe); portal id R02822; fat 5.8 g printed (blank: calories-only chain)
beetroot-and-feta-salad,Beetroot & Feta Salad,Salads,,178,,,,12,,0.92,5.3,,743,,,,,,,false,false,,,Menus: 2 of 36; portal id R02549; fat 14 g printed (blank: calories-only chain)
wensleydale-cheese-and-beetroot-salad,Wensleydale Cheese & Beetroot Salad,Salads,,889,,,,23,,5.4,15,,3718,,,,,,,false,false,,,Menus: 2 of 36; portal id R04193; fat 60 g printed (blank: calories-only chain)
pork-pie-and-wensleydale-platter,Pork Pie & Wensleydale Platter,Salads,,1088,,,,22,,2.8,39,,4551,,,,,,contains_pork,false,false,,,"Menus: 1 of 36 (Rievaulx Abbey); portal id R04377; fat 66 g printed (blank: calories-only chain); may-contain only (not in allergens.csv): Brazil Nuts, Cashew Nuts, Hazelnuts, Macadamia Nuts, Pecan Nuts, Pistachio Nuts, Walnuts"
greek-feta-olive-and-rice-salad,"Greek Feta, Olive & Rice Salad",Salads,,377,,,,5.8,,1.7,2.0,,1577,,,,,,,false,false,,,Menus: 1 of 36 (Stokesay Castle); portal id R04500; fat 22 g printed (blank: calories-only chain)
three-cheese-ploughmans,Three Cheese Ploughmans,Salads,,1037,,,,40,,4.3,20,,4338,,,,,,,false,false,,,Menus: 1 of 36 (Tintagel Castle); portal id R03919; fat 67 g printed (blank: calories-only chain); may-contain only (not in allergens.csv): Oats
feta-salad-with-roll-and-butter,Feta Salad with Roll & Butter,Salads,,579,,,,16,,2.8,6.9,,2421,,,,,,,false,false,,,Menus: 1 of 36 (Walmer Castle and Gardens); portal id R03519; fat 29 g printed (blank: calories-only chain)
mozzarella-salad-with-roll-and-butter,Mozzarella Salad with Roll & Butter,Salads,,742,,,,18,,3.1,18,,3105,,,,,,,false,false,,,Menus: 1 of 36 (Walmer Castle and Gardens); portal id R03520; fat 37 g printed (blank: calories-only chain)
walmer-kitchen-garden-quiche-with-salad-and-slaw,Walmer Kitchen Garden Quiche with Salad & Slaw,Salads,,942,,,,37,,1.7,15,,3943,,,,,,,false,false,,,Menus: 1 of 36 (Walmer Castle and Gardens); portal id R02946; fat 78 g printed (blank: calories-only chain)
halloumi-salad,Halloumi Salad,Salads,,1182,,,,32,,8.9,21,,4945,,,,,,,false,false,,,"Menus: 1 of 36 (Walmer Castle and Gardens); portal id R04252; fat 73 g printed (blank: calories-only chain); may-contain only (not in allergens.csv): Barley, Oats, Rye"
pork-pie-and-stilton-salad,Pork Pie & Stilton Salad,Salads,,982,,,,32,,3.8,12,,4109,,,,,,contains_pork,false,false,,,Menus: 1 of 36 (Walmer Castle and Gardens); portal id R04177; fat 72 g printed (blank: calories-only chain)
tuna-ni-oise-salad,Tuna Niçoise Salad,Salads,,472,,,,3.0,,4.5,8.4,,1976,,,,,,,false,false,,,Menus: 1 of 36 (Walmer Castle and Gardens); portal id R04257; fat 16 g printed (blank: calories-only chain)
red-tractor-assured-bacon-beetroot-and-cornish-brie-salad,"Red Tractor Assured Bacon, Beetroot & Cornish Brie Salad",Salads,,1006,,,,26,,5.1,21,,4207,,,,,,contains_pork,false,false,,,"Menus: 1 of 36 (Walmer Castle and Gardens); portal id R04258; fat 57 g printed (blank: calories-only chain); may-contain only (not in allergens.csv): Barley, Oats, Rye"
red-tractor-assured-chicken-coronation-salad,Red Tractor Assured Chicken Coronation Salad,Salads,,852,,,,9.3,,2.0,19,,3565,,,,,,,false,false,,,Menus: 1 of 36 (Walmer Castle and Gardens); portal id R03518; fat 41 g printed (blank: calories-only chain)
british-gammon-ham-hock-terrine,British Gammon Ham Hock Terrine,Starters,,384,,,,3.3,,5.5,10,,1605,,,,,,contains_pork,false,false,,,Menus: 1 of 36 (Osborne House Victoria Hall Restaurant); portal id R00006; fat 11 g printed (blank: calories-only chain)
lightly-dusted-salt-and-pepper-squid,Lightly Dusted Salt & Pepper Squid,Starters,,426,,,,3.3,,1.3,1.5,,1784,,,,,,,false,false,,,Menus: 1 of 36 (Osborne House Victoria Hall Restaurant); portal id R03853; fat 36 g printed (blank: calories-only chain)
charcuterie-sharing-board-for-two,Charcuterie Sharing Board for Two,Starters,,608,,,,16,,4.2,2.4,,2545,,,,,,,false,false,,,Menus: 1 of 36 (Osborne House Victoria Hall Restaurant); portal id R04361; fat 34 g printed (blank: calories-only chain)
roasted-heritage-beetroot-and-goats-cheese-salad,Roasted Heritage Beetroot & Goat's Cheese Salad,Starters,,460,,,,15,,1.3,13,,1926,,,,,,,false,false,,,Menus: 1 of 36 (Osborne House Victoria Hall Restaurant); portal id R04358; fat 36 g printed (blank: calories-only chain); portal line under the name: 'Contains Walnuts'
heritage-tomato-and-goats-cheese-salad,Heritage Tomato & Goats Cheese Salad,Starters,,373,,,,14,,1.1,6.0,,1560,,,,,,,false,false,,,Menus: 1 of 36 (Osborne House Victoria Hall Restaurant); portal id R04360; fat 32 g printed (blank: calories-only chain)
chunky-red-tractor-beef-chilli-with-wedges,Chunky Red Tractor Beef Chilli with Wedges,Main Meals,,411,,,,3.9,,0.02,4.8,,1718,,,,,,contains_beef,false,false,,,Menus: 1 of 36 (Audley End House & Gardens Servants Hall Tearoom); portal id R03985; fat 11 g printed (blank: calories-only chain)
vegetable-and-red-kidney-bean-chilli-with-naan-bread,Vegetable & Red Kidney Bean Chilli with Naan Bread,Main Meals,,521,,,,0.8,,0.75,18,,2181,,,,,,,false,false,,,Menus: 1 of 36 (Audley End House & Gardens Servants Hall Tearoom); portal id R03976; fat 7.1 g printed (blank: calories-only chain)
roast-mushroom-and-spinach-frittata,Roast Mushroom & Spinach Frittata,Main Meals,,212,,,,5.2,,0.57,1.3,,887,,,,,,,false,false,,,Menus: 1 of 36 (Audley End House & Gardens Servants Hall Tearoom); portal id R03907; fat 12 g printed (blank: calories-only chain)
creamy-basil-chicken-and-spinach-penne,Creamy Basil Chicken & Spinach Penne,Main Meals,,1268,,,,21,,0.55,11,,5305,,,,,,,false,false,,,Menus: 1 of 36 (Audley End House & Gardens Servants Hall Tearoom); portal id R04349; fat 36 g printed (blank: calories-only chain)
cottage-pie,Cottage Pie,Main Meals,,879,,,,19,,6.7,18,,3679,,,,,,,false,false,,,Menus: 1 of 36 (Audley End House & Gardens Servants Hall Tearoom); portal id R04357; fat 40 g printed (blank: calories-only chain)
rspca-assured-roast-pork-bap-with-stuffing-apple-sauce-and-salad,"RSPCA Assured Roast Pork Bap with Stuffing, Apple Sauce & Salad",Main Meals,,399,,,,1.5,,1.5,8.3,,1668,,,,,,contains_pork,false,false,,,Menus: 1 of 36 (Battle Abbey); portal id R01163; fat 5.8 g printed (blank: calories-only chain)
traditional-nachos,Traditional Nachos,Main Meals,,909,,,,17,,2.4,7.2,,3801,,,,,,,false,false,,,Menus: 1 of 36 (Battle Abbey); portal id R01172; fat 53 g printed (blank: calories-only chain)
jumbo-hot-dog-and-onions-with-salad,Jumbo Hot Dog & Onions with Salad,Main Meals,,526,,,,1.3,,2.3,4.7,,2203,,,,,,,false,false,,,Menus: 1 of 36 (Battle Abbey); portal id R01171; fat 26 g printed (blank: calories-only chain)
jumbo-vegan-hot-dog-and-onions-with-salad,Jumbo Vegan Hot Dog & Onions with Salad,Main Meals,,329,,,,7.4,,1.9,6.8,,1378,,,,,,,false,false,,,Menus: 1 of 36 (Battle Abbey); portal id R01303; fat 10 g printed (blank: calories-only chain)
jacket-potato-and-vegan-cheese-with-salad-and-slaw,Jacket Potato & Vegan Cheese with Salad & Slaw,Main Meals,,595,,,,18,,1.9,4.2,,2489,,,,,,,false,false,,,"Menus: 9 of 36; portal id R00154; fat 30 g printed (blank: calories-only chain); listed under: Main Meals (5), Light Bites (4)"
jacket-potato-with-vegan-sausage-baked-beans-and-salad,"Jacket Potato with Vegan Sausage, Baked Beans & Salad",Main Meals,,566,,,,1.5,,2.0,11,,2370,,,,,,,false,false,,,Menus: 1 of 36 (Battle Abbey); portal id R01655; fat 17 g printed (blank: calories-only chain)
red-tractor-beef-burger-with-slaw,Red Tractor Beef Burger with Slaw,Main Meals,,1110,,,,22,,2.7,12,,4646,,,,,,contains_beef,false,false,,,Menus: 1 of 36 (Battle Abbey); portal id R03455; fat 80 g printed (blank: calories-only chain)
falafel-and-spinach-burger-with-houmous,Falafel & Spinach Burger with Houmous,Main Meals,,708,,,,6.0,,3.1,8.7,,2961,,,,,,,false,false,,,Menus: 1 of 36 (Battle Abbey); portal id R03457; fat 28 g printed (blank: calories-only chain)
three-bean-chilli-with-naan,Three Bean Chilli with Naan,Main Meals,,379,,,,0.6,,1.5,5.1,,1584,,,,,,,false,false,,,Menus: 5 of 36; portal id R02216; fat 5.6 g printed (blank: calories-only chain)
cauliflower-and-chickpea-curry-with-naan-bread,Cauliflower & Chickpea Curry with Naan Bread,Main Meals,,365,,,,1.0,,3.7,3.5,,1526,,,,,,,false,false,,,Menus: 1 of 36 (Battle Abbey); portal id R03252; fat 8.3 g printed (blank: calories-only chain)
mac-and-cheese-with-salad,Mac & Cheese with Salad,Main Meals,,1068,,,,28,,3.8,15,,4469,,,,,,,false,false,,,Menus: 1 of 36 (Battle Abbey); portal id R03230; fat 52 g printed (blank: calories-only chain)
jacket-potato-and-coleslaw-with-salad-and-slaw,Jacket Potato & Coleslaw with Salad & Slaw,Main Meals,,504,,,,7.6,,0.47,4.9,,2111,,,,,,,false,false,,,"Menus: 8 of 36; portal id R02807; fat 25 g printed (blank: calories-only chain); listed under: Main Meals (4), Light Bites (4)"
monks-vegetable-pottage-with-roll-and-butter,Monk's Vegetable Pottage with Roll & Butter,Main Meals,,780,,,,7.2,,4.3,20,,3265,,,,,,,false,false,,,Menus: 2 of 36; portal id R01283; fat 16 g printed (blank: calories-only chain)
macaroni-cheese,Macaroni Cheese,Main Meals,,696,,,,21,,1.5,7.5,,2912,,,,,,,false,false,,,Menus: 1 of 36 (Birdoswold Roman Fort); portal id R03594; fat 34 g printed (blank: calories-only chain)
red-tractor-assured-beef-cavendish-stew-and-sourdough,Red Tractor Assured Beef Cavendish Stew & Sourdough,Main Meals,,696,,,,5.3,,3.9,20,,2912,,,,,,contains_beef,false,false,,,Menus: 1 of 36 (Bolsover Castle); portal id R02424; fat 14 g printed (blank: calories-only chain)
red-tractor-beef-stew-with-dumplings,Red Tractor Beef Stew with Dumplings,Main Meals,,570,,,,7.5,,3.3,5.3,,2384,,,,,,contains_beef,false,false,,,Menus: 1 of 36 (Brodsworth Hall and Gardens); portal id R02228; fat 18 g printed (blank: calories-only chain)
red-tractor-assured-chicken-stew-with-herb-dumplings,Red Tractor Assured Chicken Stew with Herb Dumplings,Main Meals,,705.9,,,,5.2,,2.9,9.0,,2953.6,,,,,,,false,false,,,Menus: 1 of 36 (Brodsworth Hall and Gardens); portal id R02307; fat 12.5 g printed (blank: calories-only chain)
red-tractor-beef-steak-and-ale-pie,Red Tractor Beef Steak & Ale Pie,Main Meals,,335,,,,7.2,,0.93,2.8,,1400,,,,,,contains_beef,false,false,,,Menus: 1 of 36 (Brodsworth Hall and Gardens); portal id R03983; fat 15 g printed (blank: calories-only chain)
jacket-potato-and-pulled-pork-with-salad-and-slaw,Jacket Potato & Pulled Pork with Salad & Slaw,Main Meals,,685,,,,7.1,,2.2,27,,2867,,,,,,contains_pork,false,false,,,Menus: 1 of 36 (Dover Castle NAAFI Restaurant); portal id R03418; fat 26 g printed (blank: calories-only chain)
jacket-potato-and-coronation-chicken-with-salad-and-slaw,Jacket Potato & Coronation Chicken with Salad & Slaw,Main Meals,,583,,,,3.0,,1.8,10.0,,2441,,,,,,,false,false,,,"Menus: 2 of 36; portal id R00157; fat 22 g printed (blank: calories-only chain); listed under: Main Meals (1), Light Bites (1)"
red-tractor-chilli-beef-with-flatbread,Red Tractor Chilli Beef with Flatbread,Main Meals,,624,,,,13,,4.3,3.1,,2612,,,,,,contains_beef,false,false,,,Menus: 1 of 36 (Dover Castle The Great Tower Cafe); portal id R02441; fat 29 g printed (blank: calories-only chain)
vegan-chilli-with-flatbread,Vegan Chilli with Flatbread,Main Meals,,406,,,,1.0,,3.9,5.0,,1697,,,,,,vegetarian,false,false,,,Menus: 1 of 36 (Dover Castle The Great Tower Cafe); portal id R02194; fat 7.4 g printed (blank: calories-only chain); portal line under the name: 'Suitable for vegans'
sweet-potato-stew,Sweet Potato Stew,Main Meals,,792,,,,5.4,,1.5,18,,3313,,,,,,,false,false,,,Menus: 1 of 36 (Eltham Palace & Gardens Orchid House Cafe); portal id R03927; fat 13 g printed (blank: calories-only chain)
macaroni-cheese-with-salad,Macaroni Cheese with Salad,Main Meals,,546,,,,12,,0.84,8.6,,2285,,,,,,,false,false,,,Menus: 1 of 36 (Framlingham Castle); portal id R01149; fat 20 g printed (blank: calories-only chain); may-contain only (not in allergens.csv): Barley
jacket-potato-with-rta-chicken-mayonnaise-salad-and-slaw,"Jacket Potato with RTA Chicken Mayonnaise, Salad & Slaw",Main Meals,,725,,,,9.0,,2.7,7.6,,3032,,,,,,,false,false,,,Menus: 1 of 36 (Framlingham Castle); portal id R03677; fat 41 g printed (blank: calories-only chain)
jacket-potato-with-three-bean-chilli-salad-and-slaw,"Jacket Potato with Three Bean Chilli, Salad & Slaw",Main Meals,,464,,,,0.6,,0.15,11,,1943,,,,,,,false,false,,,Menus: 1 of 36 (Framlingham Castle); portal id R01147; fat 7.2 g printed (blank: calories-only chain); portal line under the name: 'Vegan available'
indian-spiced-chicken-with-naan-bread,Indian Spiced Chicken with Naan Bread,Main Meals,,564,,,,1.7,,3.2,19,,2360,,,,,,,false,false,,,Menus: 2 of 36; portal id R04003; fat 12 g printed (blank: calories-only chain)
red-tractor-assured-beef-lasagne,Red Tractor Assured Beef Lasagne,Main Meals,,698,,,,18,,0.67,10,,2920,,,,,,contains_beef,false,false,,,Menus: 1 of 36 (Kenilworth Castle and Elizabethan Garden); portal id R04347; fat 35 g printed (blank: calories-only chain)
red-tractor-assured-chicken-stew-with-roll-and-butter,Red Tractor Assured Chicken Stew with Roll & Butter,Main Meals,,501,,,,6.0,,2.5,4.2,,2098,,,,,,,false,false,,,Menus: 1 of 36 (Kenilworth Castle and Elizabethan Garden); portal id R01287; fat 13 g printed (blank: calories-only chain)
red-tractor-assured-beef-in-red-wine-stew-with-roll-and-butter,Red Tractor Assured Beef in Red Wine Stew with Roll & Butter,Main Meals,,631,,,,11,,2.0,14,,2639,,,,,,contains_beef,false,false,,,Menus: 2 of 36; portal id R02291; fat 24 g printed (blank: calories-only chain)
red-tractor-assured-beef-chilli-with-naan-bread,Red Tractor Assured Beef Chilli with Naan Bread,Main Meals,,437,,,,4.5,,1.6,5.1,,1829,,,,,,contains_beef,false,false,,,Menus: 2 of 36; portal id R02215; fat 14 g printed (blank: calories-only chain)
durbar-curry-with-naan-bread,Durbar Curry with Naan Bread,Main Meals,,623,,,,2.1,,2.7,30,,2606,,,,,,,false,false,,,Menus: 1 of 36 (Osborne House Victoria Hall Restaurant); portal id R03160; fat 17 g printed (blank: calories-only chain)
slow-cooked-brisket-goulash-with-dumplings-and-braised-red-cabbage,Slow Cooked Brisket Goulash with Dumplings & Braised Red Cabbage,Main Meals,,838,,,,21,,1.4,9.0,,3505,,,,,,,false,false,,,Menus: 1 of 36 (Osborne House Victoria Hall Restaurant); portal id R04364; fat 48 g printed (blank: calories-only chain)
slow-cooked-brisket-goulash-with-polenta,Slow Cooked Brisket Goulash with Polenta,Main Meals,,710,,,,18,,1.9,9.7,,2970,,,,,,,false,false,,,Menus: 1 of 36 (Osborne House Victoria Hall Restaurant); portal id R04363; fat 42 g printed (blank: calories-only chain)
red-tractor-assured-chicken-curry-pie-with-vegetables,Red Tractor Assured Chicken Curry Pie with Vegetables,Main Meals,,866,,,,14,,3.2,12,,3623,,,,,,,false,false,,,Menus: 1 of 36 (Osborne House Victoria Hall Restaurant); portal id R04365; fat 46 g printed (blank: calories-only chain); may-contain only (not in allergens.csv): Barley
msc-hake-gratin-with-seasonal-vegetables,MSC Hake Gratin with Seasonal Vegetables,Main Meals,,457,,,,12,,2.4,2.3,,1911,,,,,,,false,false,,,Menus: 1 of 36 (Osborne House Victoria Hall Restaurant); portal id R03099; fat 25 g printed (blank: calories-only chain)
jacket-potato-and-vegan-chilli-with-salad-and-slaw,Jacket Potato & Vegan Chilli with Salad & Slaw,Main Meals,,601,,,,1.8,,0.26,14,,2515,,,,,,,false,false,,,Menus: 1 of 36 (Osborne House Petty Officer's Cafe); portal id R01751; fat 16 g printed (blank: calories-only chain)
rspca-assured-bbq-pulled-pork-loaded-chips,RSPCA Assured BBQ Pulled Pork Loaded Chips,Main Meals,,761,,,,13,,0.98,4.9,,3183,,,,,,contains_pork,false,false,,,Menus: 1 of 36 (Pendennis Castle); portal id R03300; fat 37 g printed (blank: calories-only chain)
msc-fish-in-cider-batter-with-chips-and-garden-peas,MSC Fish in Cider Batter with Chips & Garden Peas,Main Meals,,731,,,,3.0,,0.80,3.4,,3060,,,,,,,false,false,,,Menus: 1 of 36 (Pendennis Castle); portal id R00012; fat 28 g printed (blank: calories-only chain)
vegan-bean-chilli-with-roll-and-butter,Vegan Bean Chilli with Roll & Butter,Main Meals,,510,,,,3.4,,1.8,8.4,,2133,,,,,,,false,false,,,Menus: 1 of 36 (Pendennis Castle); portal id R03292; fat 8.2 g printed (blank: calories-only chain)
red-tractor-chicken-texas-tots,Red Tractor Chicken Texas Tots,Main Meals,,611,,,,11,,4.2,15,,2556,,,,,,,false,false,,,Menus: 1 of 36 (Stonehenge); portal id R04404; fat 30 g printed (blank: calories-only chain); may-contain only (not in allergens.csv): Wheat
mambonito-salad,Mambonito Salad,Main Meals,,364,,,,2.5,,2.8,5.9,,1523,,,,,,,false,false,,,"Menus: 1 of 36 (Stonehenge); portal id R04406; fat 19 g printed (blank: calories-only chain); portal line under the name: 'Mix of avocado, black rice, azuki beans, soybeans and tomatoes with a fresh, spicy sauce'"
greek-inspired-rice-salad-with-feta-and-olives,Greek-Inspired Rice Salad with Feta & Olives,Main Meals,,379,,,,5.8,,1.7,2.6,,1586,,,,,,,false,false,,,Menus: 1 of 36 (Stonehenge); portal id R04407; fat 22 g printed (blank: calories-only chain)
battered-pollock-with-chips,Battered Pollock with Chips,Main Meals,,1414,,,,6.3,,7.2,6.0,,5915,,,,,,,false,false,,,Menus: 1 of 36 (Tintagel Castle); portal id R02394; fat 72 g printed (blank: calories-only chain)
red-tractor-assured-beef-chilli-loaded-chips,Red Tractor Assured Beef Chilli Loaded Chips,Main Meals,,698,,,,13,,1.7,6.7,,2919,,,,,,contains_beef,false,false,,,Menus: 1 of 36 (Tintagel Castle); portal id R04173; fat 32 g printed (blank: calories-only chain)
root-vegetable-stew-with-roll-and-butter,Root Vegetable Stew with Roll & Butter,Main Meals,,657,,,,11,,2.3,22,,2748,,,,,,,false,false,,,Menus: 1 of 36 (Tintagel Castle); portal id R01369; fat 18 g printed (blank: calories-only chain)
red-tractor-roast-chicken-dinner-with-all-the-trimmings,Red Tractor Roast Chicken Dinner with All the Trimmings,Main Meals,,842,,,,3.4,,2.5,20,,3523,,,,,,,false,false,,,Menus: 1 of 36 (Walmer Castle and Gardens); portal id R03521; fat 18 g printed (blank: calories-only chain)
red-tractor-roast-beef-dinner,Red Tractor Roast Beef Dinner,Main Meals,,947,,,,12,,2.7,20,,3963,,,,,,contains_beef,false,false,,,Menus: 1 of 36 (Walmer Castle and Gardens); portal id R02950; fat 36 g printed (blank: calories-only chain)
smoked-salmon-quiche-with-salad,Smoked Salmon Quiche with Salad,Main Meals,,927,,,,35,,2.2,13,,3878,,,,,,,false,false,,,Menus: 1 of 36 (Walmer Castle and Gardens); portal id R03513; fat 76 g printed (blank: calories-only chain)
tomato-and-basil-penne-pasta,Tomato & Basil Penne Pasta,Main Meals,,571,,,,6.8,,1.7,9.8,,2387,,,,,,,false,false,,,Menus: 1 of 36 (Walmer Castle and Gardens); portal id R04179; fat 15 g printed (blank: calories-only chain)
falafel-burger-with-potato-wedges,Falafel Burger with Potato Wedges,Main Meals,,848,,,,2.9,,3.1,15,,3547,,,,,,,false,false,,,Menus: 1 of 36 (Walmer Castle and Gardens); portal id R04250; fat 33 g printed (blank: calories-only chain)
extra-beef-patty,Extra Beef Patty,Specials,,338,,,,10,,0.30,<0.5,,1412,,,,,,contains_beef,false,false,,,Menus: 1 of 36 (Dover Castle NAAFI Restaurant); portal id R03093; fat 24 g printed (blank: calories-only chain)
red-tractor-beef-smash-burger-with-salad,Red Tractor Beef Smash Burger with Salad,Specials,,881,,,,16,,6.1,15,,3685,,,,,,contains_beef,false,false,,,Menus: 1 of 36 (Dover Castle NAAFI Restaurant); portal id R02382; fat 43 g printed (blank: calories-only chain)
falafel-and-houmous-burger,Falafel & Houmous Burger,Specials,,605,,,,2.1,,1.7,9.2,,2533,,,,,,,false,false,,,Menus: 1 of 36 (Dover Castle NAAFI Restaurant); portal id R03062; fat 22 g printed (blank: calories-only chain)
red-tractor-beef-lasagne-with-salad,Red Tractor Beef Lasagne with Salad,Specials,,684,,,,9.1,,0.80,9.5,,2861,,,,,,contains_beef,false,false,,,Menus: 1 of 36 (Dover Castle NAAFI Restaurant); portal id R01806; fat 23 g printed (blank: calories-only chain)
pulled-ham-and-cheddar-quiche,Pulled Ham & Cheddar Quiche,Specials,,609,,,,35,,1.3,4.0,,2549,,,,,,contains_pork,false,false,,,Menus: 1 of 36 (Dover Castle NAAFI Restaurant); portal id R02443; fat 47 g printed (blank: calories-only chain)
margherita-pizza,Margherita Pizza,Specials,,1239,,,,27,,5.3,13,,5185,,,,,,,false,false,,,"Menus: 1 of 36 (Dover Castle The Great Tower Cafe); portal id R02042; fat 52 g printed (blank: calories-only chain); may-contain only (not in allergens.csv): Barley, Oats, Rye"
the-veggie-supreme-pizza,The Veggie Supreme Pizza,Specials,,1264,,,,27,,5.3,16,,5288,,,,,,,false,false,,,"Menus: 1 of 36 (Dover Castle The Great Tower Cafe); portal id R01887; fat 52 g printed (blank: calories-only chain); may-contain only (not in allergens.csv): Barley, Oats, Rye"
vegan-cheese-and-tomato-pizza,Vegan Cheese & Tomato Pizza,Specials,,1253,,,,43,,7.3,12,,5243,,,,,,vegetarian,false,false,,,"Menus: 1 of 36 (Dover Castle The Great Tower Cafe); portal id R02697; fat 56 g printed (blank: calories-only chain); portal line under the name: 'Suitable for vegans'; may-contain only (not in allergens.csv): Barley, Oats, Rye"
red-tractor-jumbo-hot-dog,Red Tractor Jumbo Hot Dog,Specials,,457,,,,2.1,,2.4,2.9,,1910,,,,,,,false,false,,,Menus: 1 of 36 (Dover Castle The Great Tower Cafe); portal id R01989; fat 22 g printed (blank: calories-only chain)
plant-based-hot-dog,Plant Based Hot Dog,Specials,,389,,,,2.4,,2.1,3.6,,1628,,,,,,vegetarian,false,false,,,Menus: 1 of 36 (Dover Castle The Great Tower Cafe); portal id R01384; fat 15 g printed (blank: calories-only chain); portal line under the name: 'Suitable for vegans'
focaccia-flatbread,Focaccia Flatbread,Specials,,1116,,,,1.6,,6.2,4.4,,4669,,,,,,,false,false,,,Menus: 1 of 36 (Eltham Palace & Gardens Orangery); portal id R04419; fat 12 g printed (blank: calories-only chain)
gingerbread-hot-chocolate-and-apple-crumble-muffin,Gingerbread Hot Chocolate & Apple Crumble Muffin,Specials,,811,,,,12,,1.0,85,,3393,,,,,,,false,false,,,"Menus: 1 of 36 (Seasonal Menu); portal id R04547; fat 30 g printed (blank: calories-only chain); may-contain only (not in allergens.csv): Barley, Oats, Rye"
black-forest-hot-chocolate-and-dark-chocolate-cherry-muffin,Black Forest Hot Chocolate & Dark Chocolate Cherry Muffin,Specials,,797,,,,13,,0.86,88,,3336,,,,,,,false,false,,,Menus: 1 of 36 (Seasonal Menu); portal id R04548; fat 31 g printed (blank: calories-only chain)
seasoned-potato-wedges-side,Seasoned Potato Wedges Side,Extra Portion,,203,,,,0.6,,0.89,0.8,,847,,,,,,,false,false,,,Menus: 3 of 36; portal id R01973; fat 5.1 g printed (blank: calories-only chain)
yorkshire-pudding,Yorkshire Pudding,Extra Portion,,324,,,,0.9,,0.67,1.8,,1357,,,,,,vegetarian,false,false,,,Menus: 2 of 36; portal id 00848; fat 10 g printed (blank: calories-only chain); portal diet flags: Vegetarian
salad-and-slaw-side,Salad & Slaw Side,Extra Portion,,63,,,,0.4,,0.08,1.6,,263,,,,,,,false,false,,,Menus: 3 of 36; portal id R03762; fat 5.2 g printed (blank: calories-only chain)
coleslaw-side,Coleslaw Side,Extra Portion,,106,,,,0.7,,0.14,<0.5,,443,,,,,,,false,false,,,Menus: 1 of 36 (Brodsworth Hall and Gardens); portal id R01376; fat 10.0 g printed (blank: calories-only chain)
cabbage-and-green-beans-side,Cabbage & Green Beans Side,Extra Portion,,74,,,,0.1,,0.54,6.0,,308,,,,,,,false,false,,,Menus: 2 of 36; portal id R03237; fat 1.3 g printed (blank: calories-only chain)
mashed-potato-side,Mashed Potato Side,Extra Portion,,252,,,,5.2,,3.6,3.1,,1053,,,,,,,false,false,,,Menus: 2 of 36; portal id R02376; fat 12 g printed (blank: calories-only chain)
homemade-garlic-bread,Homemade Garlic Bread,Extra Portion,,262,,,,6.6,,0.76,2.8,,1094,,,,,,,false,false,,,Menus: 1 of 36 (Dover Castle NAAFI Restaurant); portal id R02380; fat 11 g printed (blank: calories-only chain)
roast-glazed-carrots-side,Roast Glazed Carrots Side,Extra Portion,,141,,,,0.9,,2.1,10,,589,,,,,,,false,false,,,Menus: 1 of 36 (Eltham Palace & Gardens Orchid House Cafe); portal id R02485; fat 9.9 g printed (blank: calories-only chain)
homemade-potato-wedges-side,Homemade Potato Wedges Side,Extra Portion,,232,,,,0.8,,5.0,1.8,,969,,,,,,,false,false,,,Menus: 1 of 36 (Framlingham Castle); portal id R01371; fat 9.6 g printed (blank: calories-only chain)
chips-side,Chips Side,Extra Portion,,189,,,,0.6,,1.1,0.8,,791,,,,,,,false,false,,,Menus: 4 of 36; portal id R02378; fat 5.1 g printed (blank: calories-only chain)
soughdough-roll-with-butter,Soughdough Roll with Butter,Extra Portion,,248,,,,5.7,,1.1,<0.5,,1036,,,,,,,false,false,,,Menus: 1 of 36 (Osborne House Victoria Hall Restaurant); portal id R03923; fat 9.0 g printed (blank: calories-only chain)
buttered-new-potatoes-portion,Buttered New Potatoes Portion,Extra Portion,,46,,,,0.9,,0.04,0.7,,194,,,,,,,false,false,,,Menus: 1 of 36 (Osborne House Victoria Hall Restaurant); portal id R04398; fat 1.4 g printed (blank: calories-only chain)
greens-side-portion,Greens Side Portion,Extra Portion,,34,,,,0.9,,0.38,2.3,,140,,,,,,,false,false,,,Menus: 1 of 36 (Osborne House Victoria Hall Restaurant); portal id R04397; fat 1.6 g printed (blank: calories-only chain)
homemade-tartar-sauce,Homemade Tartar Sauce,Extra Portion,,204,,,,1.5,,1.6,1.7,,854,,,,,,,false,false,,,Menus: 1 of 36 (Tintagel Castle); portal id R03095; fat 21 g printed (blank: calories-only chain)
homemade-mushy-peas,Homemade Mushy Peas,Extra Portion,,162,,,,4.1,,0.89,4.8,,677,,,,,,,false,false,,,Menus: 1 of 36 (Tintagel Castle); portal id R03096; fat 6.8 g printed (blank: calories-only chain)
portion-of-chips,Portion of Chips,Extra Portion,,315,,,,1.0,,0.13,1.3,,1318,,,,,,,false,false,,,Menus: 1 of 36 (Wrest Park Cafe); portal id R02600; fat 8.5 g printed (blank: calories-only chain)
sweet-potato-fries,Sweet Potato Fries,Extra Portion,,158,,,,0.9,,0.58,9.2,,661,,,,,,,false,false,,,Menus: 1 of 36 (Wrest Park Cafe); portal id R03127; fat 6.8 g printed (blank: calories-only chain)
cheesey-sweet-potato-fries,Cheesey Sweet Potato Fries,Extra Portion,,366,,,,12,,1.5,9.3,,1531,,,,,,,false,false,,,Menus: 1 of 36 (Wrest Park Cafe); portal id R03128; fat 24 g printed (blank: calories-only chain)
childrens-jacket-potato-with-cheddar-salad-and-slaw,"Children's Jacket Potato with Cheddar, Salad & Slaw",Children's,,365,,,,12,,0.92,2.3,,1529,,,,,,,false,false,,,Menus: 14 of 36; portal id R01783; fat 21 g printed (blank: calories-only chain)
childrens-jacket-potato-with-tuna-mayonnaise-salad-and-slaw,"Children's Jacket Potato with Tuna Mayonnaise, Salad & Slaw",Children's,,349,,,,3.1,,0.45,2.9,,1462,,,,,,,false,false,,,Menus: 13 of 36; portal id R01611; fat 22 g printed (blank: calories-only chain)
childrens-jacket-with-baked-beans-salad-and-slaw,"Children's Jacket with Baked Beans, Salad & Slaw",Children's,,264,,,,3.5,,0.73,6.5,,1103,,,,,,,false,false,,,Menus: 14 of 36; portal id R01784; fat 8.1 g printed (blank: calories-only chain)
babycino,Babycino,Children's,,89,,,,2.1,,0.18,8.4,,372,,,,,,,false,false,,,"Menus: 28 of 36; portal id R01010; fat 3.0 g printed (blank: calories-only chain); listed under: Childrens (23), Hot Beverages (5)"
childrens-deluxe-hot-chocolate,Children's Deluxe Hot Chocolate,Children's,,257,,,,4.2,,0.32,37,,1075,,,,,,,false,false,,,"Menus: 23 of 36; portal id R01631; fat 6.3 g printed (blank: calories-only chain); listed under: Childrens (18), Hot Beverages (5)"
childrens-hot-chocolate,Children's Hot Chocolate,Children's,,156,,,,2.6,,0.29,22,,654,,,,,,,false,false,,,"Menus: 21 of 36; portal id R01632; fat 3.6 g printed (blank: calories-only chain); listed under: Childrens (17), Hot Beverages (4)"
glass-of-squash,Glass of Squash,Children's,,2,,,,<0.1,,0.05,<0.5,,9,,,,,,,false,false,,,"Menus: 20 of 36; portal id R01011; fat <0.5 g printed (blank: calories-only chain); listed under: Childrens (15), Cold Beverages (5)"
childrens-leek-and-potato-soup-with-bread-and-butter,Children's Leek & Potato Soup with Bread & Butter,Children's,,195,,,,3.3,,2.0,4.2,,817,,,,,,,false,false,,,Menus: 1 of 36 (Battle Abbey); portal id R01894; fat 5.7 g printed (blank: calories-only chain)
childrens-cheddar-sandwich,Children's Cheddar Sandwich,Children's,,245,,,,6.4,,0.95,1.2,,1023,,,,,,,false,false,,,Menus: 1 of 36 (Battle Abbey); portal id R03831; fat 13 g printed (blank: calories-only chain); may-contain only (not in allergens.csv): Barley
childrens-red-tractor-ham-sandwich,Children's Red Tractor Ham Sandwich,Children's,,170,,,,1.4,,0.85,1.3,,710,,,,,,contains_pork,false,false,,,Menus: 1 of 36 (Battle Abbey); portal id R03830; fat 5.1 g printed (blank: calories-only chain); may-contain only (not in allergens.csv): Barley
childrens-jacket-potato-with-vegan-cheese,Children's Jacket Potato with Vegan Cheese,Children's,,382,,,,16,,1.7,2.1,,1598,,,,,,,false,false,,,Menus: 8 of 36; portal id R02818; fat 21 g printed (blank: calories-only chain)
childrens-lunch-bag-with-jam-sandwich,Children's Lunch Bag with Jam Sandwich,Children's,,490,,,,2.4,,0.72,42,,2050,,,,,,,false,false,,,Menus: 3 of 36; portal id R01624; fat 12 g printed (blank: calories-only chain)
childrens-sausage-peas-and-wedges,"Children's Sausage, Peas & Wedges",Children's,,565,,,,1.5,,2.4,3.5,,2364,,,,,,contains_pork,false,false,,,Menus: 4 of 36; portal id R01373; fat 28 g printed (blank: calories-only chain)
childrens-vegan-sausage-baked-beans-and-wedges,"Children's Vegan Sausage, Baked Beans & Wedges",Children's,,437,,,,1.6,,2.6,6.3,,1829,,,,,,,false,false,,,Menus: 4 of 36; portal id R02609; fat 16 g printed (blank: calories-only chain)
childrens-vegetable-soup-with-roll-and-butter,Children's Vegetable Soup with Roll & Butter,Children's,,120,,,,3.6,,0.97,2.0,,503,,,,,,,false,false,,,Menus: 2 of 36; portal id R01888; fat 9.0 g printed (blank: calories-only chain)
pesto-pasta-salad-side,Pesto Pasta Salad Side,Children's,,305,,,,1.7,,0.39,2.6,,1278,,,,,,,false,false,,,Menus: 1 of 36 (Dover Castle NAAFI Restaurant); portal id R01399; fat 10 g printed (blank: calories-only chain)
childrens-sausage-wedges-and-baked-beans,"Children's Sausage, Wedges & Baked Beans",Children's,,515,,,,1.3,,2.7,5.5,,2154,,,,,,contains_pork,false,false,,,Menus: 1 of 36 (Eltham Palace & Gardens Orchid House Cafe); portal id R03603; fat 27 g printed (blank: calories-only chain)
childrens-mac-and-cheese,Children's Mac & Cheese,Children's,,535,,,,10,,2.9,8.6,,2239,,,,,,,false,false,,,Menus: 3 of 36; portal id R02114; fat 22 g printed (blank: calories-only chain)
childrens-tomato-and-red-pepper-soup-with-roll-and-butter,Children's Tomato & Red Pepper Soup with Roll & Butter,Children's,,284,,,,3.9,,1.6,6.8,,1189,,,,,,vegetarian,false,false,,,"Menus: 3 of 36; portal id R04242; fat 13 g printed (blank: calories-only chain); portal line under the name: 'Suitable for vegans'; listed under: Childrens (2), Soups (1)"
childrens-lentil-soup-with-roll-and-butter,Children's Lentil Soup with Roll & Butter,Children's,,226,,,,3.2,,1.8,3.8,,945,,,,,,,false,false,,,"Menus: 3 of 36; portal id R04244; fat 5.7 g printed (blank: calories-only chain); listed under: Childrens (2), Soups (1); may-contain only (not in allergens.csv): Barley, Oats"
childrens-samba-dahl-with-roll-and-butter,Children's Samba Dahl with Roll & Butter,Children's,,261,,,,3.6,,2.4,4.1,,1091,,,,,,,false,false,,,"Menus: 3 of 36; portal id R04246; fat 9.8 g printed (blank: calories-only chain); listed under: Childrens (2), Soups (1); may-contain only (not in allergens.csv): Barley, Oats"
childrens-msc-fish-fingers-with-wedges-and-peas,Children's MSC Fish Fingers with Wedges & Peas,Children's,,276,,,,0.9,,0.98,2.6,,1155,,,,,,,false,false,,,Menus: 3 of 36; portal id R03602; fat 7.7 g printed (blank: calories-only chain)
childrens-red-tractor-sausage-chips-and-peas,"Children's Red Tractor Sausage, Chips & Peas",Children's,,463,,,,1.2,,1.5,2.4,,1939,,,,,,contains_pork,false,false,,,Menus: 1 of 36 (Osborne House Petty Officer's Cafe); portal id R03863; fat 26 g printed (blank: calories-only chain)
childrens-msc-fish-fingers-chips-and-peas,"Children's MSC Fish Fingers, Chips & Peas",Children's,,320,,,,1.1,,0.62,2.8,,1340,,,,,,,false,false,,,Menus: 1 of 36 (Osborne House Petty Officer's Cafe); portal id R04399; fat 9.8 g printed (blank: calories-only chain)
childrens-tomato-and-mozzarella-pizza,Children's Tomato & Mozzarella Pizza,Children's,,116,,,,4.6,,0.50,1.7,,487,,,,,,,false,false,,,"Menus: 1 of 36 (Osborne House Petty Officer's Cafe); portal id R03862; fat 7.7 g printed (blank: calories-only chain); may-contain only (not in allergens.csv): Barley, Oats, Rye"
witchs-brew-hot-chocolate,Witch's Brew Hot Chocolate,Children's,,225,,,,4.1,,0.32,31,,943,,,,,,,false,false,,,Menus: 1 of 36 (Seasonal Menu); portal id R02050; fat 6.1 g printed (blank: calories-only chain)
witchs-brew-hot-chocolate-and-biscuit,Witch's Brew Hot Chocolate & Biscuit,Children's,,490,,,,7.8,,0.57,49,,2052,,,,,,,false,false,,,Menus: 1 of 36 (Seasonal Menu); portal id R02064; fat 17 g printed (blank: calories-only chain)
childrens-lunch-bag-with-ham-bap,Children's Lunch Bag with Ham Bap,Children's,,558,,,,3.8,,1.6,37,,2335,,,,,,contains_pork,false,false,,,Menus: 1 of 36 (Stokesay Castle); portal id R04455; fat 16 g printed (blank: calories-only chain)
childrens-lunch-bag-with-cheddar-bap,Children's Lunch Bag with Cheddar Bap,Children's,,595,,,,7.5,,1.4,37,,2488,,,,,,,false,false,,,Menus: 1 of 36 (Stokesay Castle); portal id R04456; fat 22 g printed (blank: calories-only chain)
childrens-lunch-bag-with-jam-bap,Children's Lunch Bag with Jam Bap,Children's,,587,,,,3.2,,0.98,55,,2456,,,,,,,false,false,,,Menus: 1 of 36 (Stokesay Castle); portal id R04457; fat 15 g printed (blank: calories-only chain)
childrens-cheddar-bap-with-crisps,Children's Cheddar Bap with Crisps,Children's,,317,,,,6.5,,1.0,1.8,,1325,,,,,,,false,false,,,Menus: 1 of 36 (Stokesay Castle); portal id R04432; fat 17 g printed (blank: calories-only chain)
childrens-ham-bap-with-crisps,Children's Ham Bap with Crisps,Children's,,263,,,,2.5,,1.0,2.0,,1099,,,,,,contains_pork,false,false,,,Menus: 1 of 36 (Stokesay Castle); portal id R04433; fat 11 g printed (blank: calories-only chain)
childrens-roast-chicken-dinner,Children's Roast Chicken Dinner,Children's,,235,,,,0.9,,5.7,5.4,,984,,,,,,,false,false,,,Menus: 1 of 36 (Walmer Castle and Gardens); portal id R02945; fat 5.0 g printed (blank: calories-only chain)
childrens-roast-beef-dinner,Children's Roast Beef Dinner,Children's,,413,,,,6.3,,2.1,4.9,,1727,,,,,,contains_beef,false,false,,,Menus: 1 of 36 (Walmer Castle and Gardens); portal id R02949; fat 21 g printed (blank: calories-only chain)
carrot-traycake,Carrot Traycake,Cakes & Desserts,,458,,,,4.3,,1.2,48,,1917,,,,,,,false,false,,,"Menus: 28 of 36; portal id 02663; fat 18 g printed (blank: calories-only chain); may-contain only (not in allergens.csv): Almonds, Barley, Hazelnuts, Oats, Pistachio Nuts"
coffee-pecan-and-walnut-traycake,"Coffee, Pecan & Walnut Traycake",Cakes & Desserts,,665,,,,11,,1.1,44,,2781,,,,,,,false,false,,,"Menus: 30 of 36; portal id 02666; fat 40 g printed (blank: calories-only chain); may-contain only (not in allergens.csv): Almonds, Barley, Brazil Nuts, Cashew Nuts, Hazelnuts, Macadamia Nuts, Oats, Pistachio Nuts, Rye"
summer-berry-eton-mess,Summer Berry Eton Mess,Cakes & Desserts,,515,,,,11,,0.93,41,,2154,,,,,,,false,false,,,"Menus: 29 of 36; portal id 02665; fat 26 g printed (blank: calories-only chain); may-contain only (not in allergens.csv): Barley, Oats, Rye"
strawberry-and-rhubarb-slice,Strawberry & Rhubarb Slice,Cakes & Desserts,,481,,,,3.6,,1.1,47,,2012,,,,,,,false,false,,,"Menus: 30 of 36; portal id 02667; fat 18 g printed (blank: calories-only chain); may-contain only (not in allergens.csv): Barley, Oats, Rye"
chocolatey-fudge-traycake,Chocolatey Fudge Traycake,Cakes & Desserts,,542,,,,6.2,,0.71,29,,2267,,,,,,,false,false,,,"Menus: 30 of 36; portal id 02664; fat 28 g printed (blank: calories-only chain); may-contain only (not in allergens.csv): Barley, Oats"
chocolate-brownie,Chocolate Brownie,Cakes & Desserts,,300,,,,11,,0.21,27,,1257,,,,,,vegetarian,false,false,,,Menus: 27 of 36; portal id 00487; fat 17 g printed (blank: calories-only chain); portal line under the name: 'Gluten Free'; portal diet flags: Vegetarian
blueberry-bakewell,Blueberry Bakewell,Cakes & Desserts,,380,,,,8.8,,0.36,21,,1589,,,,,,vegetarian,false,false,,,"Menus: 24 of 36; portal id 02059; fat 23 g printed (blank: calories-only chain); portal line under the name: 'Suitable for vegans'; portal diet flags: Vegan/Vegetarian; may-contain only (not in allergens.csv): Barley, Brazil Nuts, Cashew Nuts, Hazelnuts, Macadamia Nuts, Oats, Pecan Nuts, Pistachio Nuts, Rye, Walnuts"
apple-and-blackcurrant-crumblejack,Apple & Blackcurrant Crumblejack,Cakes & Desserts,,393,,,,8.2,,0.18,32,,1643,,,,,,vegetarian,false,false,,,"Menus: 17 of 36; portal id 02105; fat 17 g printed (blank: calories-only chain); portal line under the name: 'Suitable for vegans'; portal diet flags: Vegan/Vegetarian; may-contain only (not in allergens.csv): Barley, Brazil Nuts, Cashew Nuts, Hazelnuts, Macadamia Nuts, Pecan Nuts, Pistachio Nuts, Rye, Walnuts"
honeycomb-tiffin,Honeycomb Tiffin,Cakes & Desserts,,426,,,,12,,0.70,31,,1782,,,,,,vegetarian,false,false,,,Menus: 23 of 36; portal id 00490; fat 23 g printed (blank: calories-only chain); portal diet flags: Vegetarian
lemon-drizzle-loaf,Lemon Drizzle Loaf,Cakes & Desserts,,263,,,,4.2,,0.23,20,,1099,,,,,,vegetarian,false,false,,,Menus: 22 of 36; portal id 00488; fat 13 g printed (blank: calories-only chain); portal line under the name: 'Gluten Free'; portal diet flags: Vegetarian
double-chocolate-muffin,Double Chocolate Muffin,Cakes & Desserts,,448,,,,4.1,,0.10,28,,1873,,,,,,,false,false,,,"Menus: 27 of 36; portal id 00163; fat 25 g printed (blank: calories-only chain); may-contain only (not in allergens.csv): Barley, Oats"
blueberry-muffin,Blueberry Muffin,Cakes & Desserts,,381,,,,2.6,,0.85,23,,1592,,,,,,,false,false,,,"Menus: 26 of 36; portal id 00162; fat 21 g printed (blank: calories-only chain); may-contain only (not in allergens.csv): Barley, Oats"
sticky-toffee-muffin,Sticky Toffee Muffin,Cakes & Desserts,,6670,,,,53,,8.8,387,,27909,,,,,,vegetarian,false,false,,,"Menus: 5 of 36; portal id 00337; fat 352 g printed (blank: calories-only chain); portal diet flags: Vegetarian; may-contain only (not in allergens.csv): Barley, Oats"
bakewell-scone-and-butter,Bakewell Scone & Butter,Cakes & Desserts,,567,,,,11,,1.1,11,,2371,,,,,,,false,false,,,"Menus: 1 of 36 (Audley End House & Gardens Servants Hall Tearoom); portal id R03960; fat 30 g printed (blank: calories-only chain); may-contain only (not in allergens.csv): Brazil Nuts, Cashew Nuts, Hazelnuts, Macadamia Nuts, Pecan Nuts, Pistachio Nuts, Walnuts"
homemade-apple-and-cinnamon-cake,Homemade Apple & Cinnamon Cake,Cakes & Desserts,,292,,,,6.3,,0.48,33,,1222,,,,,,,false,false,,,Menus: 1 of 36 (Audley End House & Gardens Servants Hall Tearoom); portal id R03962; fat 10 g printed (blank: calories-only chain)
homemade-devils-food-cake,Homemade Devil's Food Cake,Cakes & Desserts,,755,,,,29,,1.1,52,,3160,,,,,,,false,false,,,Menus: 1 of 36 (Audley End House & Gardens Servants Hall Tearoom); portal id R03964; fat 46 g printed (blank: calories-only chain)
passion-fruit-and-lime-cake,Passion Fruit & Lime Cake,Cakes & Desserts,,609,,,,8.1,,0.58,53,,2548,,,,,,vegetarian,false,false,,,Menus: 24 of 36; portal id 00494; fat 30 g printed (blank: calories-only chain); portal diet flags: Vegetarian
blackberry-and-mascapone-cake,Blackberry & Mascapone Cake,Cakes & Desserts,,444,,,,8.9,,0.50,38,,1859,,,,,,vegetarian,false,false,,,"Menus: 17 of 36; portal id 00178; fat 24 g printed (blank: calories-only chain); portal diet flags: Vegetarian; may-contain only (not in allergens.csv): Oats, Rye"
all-butter-shortbread,All Butter Shortbread,Cakes & Desserts,,274,,,,9.9,,0.33,11,,1145,,,,,,vegetarian,false,false,,,Menus: 28 of 36; portal id 02658; fat 15 g printed (blank: calories-only chain); portal diet flags: Vegetarian
iced-ring-doughnut,Iced Ring Doughnut,Cakes & Desserts,,210,,,,6.0,,0.53,7.1,,877,,,,,,vegetarian,false,false,,,Menus: 6 of 36; portal id 02657; fat 11 g printed (blank: calories-only chain); portal diet flags: Vegetarian
homemade-1066-saxon-cake,Homemade 1066 Saxon Cake,Cakes & Desserts,,523,,,,6.3,,0.36,43,,2189,,,,,,,false,false,,,"Menus: 1 of 36 (Battle Abbey); portal id R01162; fat 24 g printed (blank: calories-only chain); may-contain only (not in allergens.csv): Barley, Wheat"
homemade-spiced-norman-cake,Homemade Spiced Norman Cake,Cakes & Desserts,,616,,,,6.6,,0.72,61,,2576,,,,,,,false,false,,,Menus: 1 of 36 (Battle Abbey); portal id R01726; fat 28 g printed (blank: calories-only chain); may-contain only (not in allergens.csv): Barley
toasted-teacake-and-butter,Toasted Teacake & Butter,Cakes & Desserts,,338,,,,7.4,,0.97,15,,1414,,,,,,,false,false,,,"Menus: 5 of 36; portal id R00146; fat 13 g printed (blank: calories-only chain); listed under: Cakes & Desserts (4), Breakfast (1)"
butter-croissant,Butter Croissant,Cakes & Desserts,,299,,,,9.3,,0.90,5.7,,1250,,,,,,vegetarian,false,false,,,"Menus: 9 of 36; portal id 00717; fat 14 g printed (blank: calories-only chain); portal diet flags: Vegetarian; listed under: Cakes & Desserts (8), Breakfast (1); may-contain only (not in allergens.csv): Barley, Oats, Rye"
pain-au-chocolat,Pain Au Chocolat,Cakes & Desserts,,282,,,,9.8,,0.68,7.5,,1180,,,,,,vegetarian,false,false,,,"Menus: 13 of 36; portal id 00146; fat 15 g printed (blank: calories-only chain); portal diet flags: Halal/Vegetarian; listed under: Cakes & Desserts (10), Breakfast (3); may-contain only (not in allergens.csv): Barley, Oats, Rye"
pain-au-raisin,Pain Au Raisin,Cakes & Desserts,,331,,,,9.3,,0.54,15,,1386,,,,,,vegetarian,false,false,,,"Menus: 11 of 36; portal id 00718; fat 14 g printed (blank: calories-only chain); portal diet flags: Vegetarian; listed under: Cakes & Desserts (9), Breakfast (2); may-contain only (not in allergens.csv): Barley, Oats"
double-chocolate-chip-cookie,Double Chocolate Chip Cookie,Cakes & Desserts,,369,,,,10,,0.44,30,,1545,,,,,,vegetarian,false,false,,,Menus: 7 of 36; portal id 02085; fat 18 g printed (blank: calories-only chain); portal diet flags: Halal/Vegetarian
triple-chocolate-chip-cookie,Triple Chocolate Chip Cookie,Cakes & Desserts,,361,,,,9.9,,0.61,31,,1510,,,,,,vegetarian,false,false,,,Menus: 5 of 36; portal id 00836; fat 17 g printed (blank: calories-only chain); portal diet flags: Halal/Vegetarian
savoury-cheddar-tea,Savoury Cheddar Tea,Cakes & Desserts,,819,,,,27,,4.5,17,,3425,,,,,,,false,false,,,Menus: 1 of 36 (Birdoswold Roman Fort); portal id R03687; fat 50 g printed (blank: calories-only chain)
homemade-old-fashioned-school-cake,Homemade Old Fashioned School Cake,Cakes & Desserts,,587,,,,6.3,,0.72,54,,2456,,,,,,,false,false,,,Menus: 1 of 36 (Brodsworth Hall and Gardens); portal id R04259; fat 27 g printed (blank: calories-only chain)
homemade-yorkshire-tea-loaf,Homemade Yorkshire Tea Loaf,Cakes & Desserts,,374,,,,1.3,,0.38,54,,1565,,,,,,,false,false,,,Menus: 1 of 36 (Brodsworth Hall and Gardens); portal id R02325; fat 3.2 g printed (blank: calories-only chain)
homemade-tudor-honey-cake,Homemade Tudor Honey Cake,Cakes & Desserts,,452,,,,13,,0.78,37,,1890,,,,,,,false,false,,,Menus: 1 of 36 (Carisbrooke Castle); portal id R02432; fat 21 g printed (blank: calories-only chain)
homemade-coffee-cake,Homemade Coffee Cake,Cakes & Desserts,,540,,,,18,,0.88,49,,2261,,,,,,,false,false,,,Menus: 1 of 36 (Carisbrooke Castle); portal id R03085; fat 29 g printed (blank: calories-only chain)
iced-cherry-scone-and-butter,Iced Cherry Scone & Butter,Cakes & Desserts,,513,,,,9.8,,1.6,17,,2146,,,,,,,false,false,,,Menus: 1 of 36 (Dover Castle NAAFI Restaurant); portal id R02446; fat 23 g printed (blank: calories-only chain)
sugared-scone-and-butter,Sugared Scone & Butter,Cakes & Desserts,,498,,,,9.8,,1.6,15,,2085,,,,,,,false,false,,,Menus: 1 of 36 (Dover Castle NAAFI Restaurant); portal id R03064; fat 23 g printed (blank: calories-only chain)
homemade-white-cliffs-chocolate-tiffin,Homemade White Cliffs Chocolate Tiffin,Cakes & Desserts,,538,,,,13,,0.67,30,,2249,,,,,,,false,false,,,Menus: 1 of 36 (Dover Castle The Great Tower Cafe); portal id R03536; fat 35 g printed (blank: calories-only chain)
homemade-castle-sugar-biscuits,Homemade Castle Sugar Biscuits,Cakes & Desserts,,170,,,,1.6,,0.32,10,,711,,,,,,,false,false,,,Menus: 1 of 36 (Dover Castle The Great Tower Cafe); portal id R02885; fat 6.7 g printed (blank: calories-only chain)
darwins-gingerbread-cake,Darwin's Gingerbread Cake,Cakes & Desserts,,454,,,,12,,0.98,39,,1900,,,,,,,false,false,,,Menus: 1 of 36 (Home of Charles Darwin - Down House); portal id R01112; fat 19 g printed (blank: calories-only chain)
mature-cheddar-onion-and-chive-scone-with-butter,"Mature Cheddar, Onion & Chive Scone with Butter",Cakes & Desserts,,675,,,,16,,1.7,1.9,,2824,,,,,,,false,false,,,Menus: 2 of 36; portal id R04068; fat 37 g printed (blank: calories-only chain)
homemade-earl-grey-fruit-loaf,Homemade Earl Grey Fruit Loaf,Cakes & Desserts,,343.5,,,,0.4,,0.3,50.9,,1437.1,,,,,,,false,false,,,Menus: 1 of 36 (Eltham Palace & Gardens Orangery); portal id R02932; fat 1.5 g printed (blank: calories-only chain)
homemade-apricot-fruit-loaf,Homemade Apricot Fruit Loaf,Cakes & Desserts,,323,,,,2.6,,0.39,38,,1353,,,,,,,false,false,,,Menus: 1 of 36 (Eltham Palace & Gardens Orangery); portal id R02933; fat 9.1 g printed (blank: calories-only chain)
homemade-honey-and-ginger-cake,Homemade Honey & Ginger Cake,Cakes & Desserts,,318,,,,2.4,,0.95,32,,1332,,,,,,,false,false,,,Menus: 1 of 36 (Eltham Palace & Gardens Orangery); portal id R02759; fat 9.0 g printed (blank: calories-only chain)
homemade-apple-cinnamon-and-walnut-cake,"Homemade Apple, Cinnamon & Walnut Cake",Cakes & Desserts,,351,,,,4.0,,0.73,28,,1467,,,,,,,false,false,,,"Menus: 1 of 36 (Eltham Palace & Gardens Orangery); portal id R03866; fat 18 g printed (blank: calories-only chain); may-contain only (not in allergens.csv): Almonds, Barley, Brazil Nuts, Cashew Nuts, Hazelnuts, Macadamia Nuts, Oats, Pecan Nuts, Pistachio Nuts, Rye"
homemade-chocolate-chip-brownie,Homemade Chocolate Chip Brownie,Cakes & Desserts,,609,,,,22,,0.24,54,,2547,,,,,,,false,false,,,Menus: 1 of 36 (Eltham Palace & Gardens Orangery); portal id R03303; fat 35 g printed (blank: calories-only chain)
homemade-bread-pudding,Homemade Bread Pudding,Cakes & Desserts,,574,,,,3.8,,0.81,76,,2403,,,,,,,false,false,,,Menus: 1 of 36 (Eltham Palace & Gardens Orangery); portal id R02991; fat 12 g printed (blank: calories-only chain); may-contain only (not in allergens.csv): Barley
homemade-cherry-shortbread,Homemade Cherry Shortbread,Cakes & Desserts,,421,,,,15,,0.43,16,,1762,,,,,,,false,false,,,Menus: 1 of 36 (Eltham Palace & Gardens Orangery); portal id R03329; fat 24 g printed (blank: calories-only chain)
chocolate-chip-shortbread,Chocolate Chip Shortbread,Cakes & Desserts,,433,,,,16,,0.43,16,,1812,,,,,,,false,false,,,Menus: 1 of 36 (Eltham Palace & Gardens Orangery); portal id R04418; fat 25 g printed (blank: calories-only chain)
homemade-chocolate-chip-cookie,Homemade Chocolate Chip Cookie,Cakes & Desserts,,584,,,,15,,0.48,47,,2443,,,,,,,false,false,,,Menus: 1 of 36 (Eltham Palace & Gardens Orangery); portal id R03330; fat 25 g printed (blank: calories-only chain)
homemade-iced-cup-cake,Homemade Iced Cup Cake,Cakes & Desserts,,249,,,,3.3,,0.30,26,,1043,,,,,,,false,false,,,Menus: 1 of 36 (Eltham Palace & Gardens Orangery); portal id R02508; fat 12 g printed (blank: calories-only chain)
apple-scone-and-butter,Apple Scone & Butter,Cakes & Desserts,,438,,,,9.0,,0.90,15,,1831,,,,,,,false,false,,,"Menus: 1 of 36 (Eltham Palace & Gardens Orchid House Cafe); portal id R02090; fat 19 g printed (blank: calories-only chain); may-contain only (not in allergens.csv): Barley, Oats, Rye"
homemade-chocolate-and-sultana-flapjack,Homemade Chocolate & Sultana Flapjack,Cakes & Desserts,,368,,,,10,,0.37,28,,1540,,,,,,,false,false,,,"Menus: 1 of 36 (Framlingham Castle); portal id R01153; fat 18 g printed (blank: calories-only chain); may-contain only (not in allergens.csv): Barley, Wheat"
homemade-chocolate-cornflake-cake,Homemade Chocolate Cornflake Cake,Cakes & Desserts,,204,,,,6.5,,0.28,14,,854,,,,,,,false,false,,,Menus: 1 of 36 (Framlingham Castle); portal id R01780; fat 11 g printed (blank: calories-only chain)
homemade-cherry-cake,Homemade Cherry Cake,Cakes & Desserts,,385,,,,8.2,,0.49,41,,1609,,,,,,,false,false,,,"Menus: 1 of 36 (Framlingham Castle); portal id R03708; fat 15 g printed (blank: calories-only chain); may-contain only (not in allergens.csv): Brazil Nuts, Cashew Nuts, Hazelnuts, Macadamia Nuts, Pecan Nuts, Pistachio Nuts, Walnuts"
homemade-cupcakes-with-buttercream-icing,Homemade Cupcakes with Buttercream Icing,Cakes & Desserts,,253,,,,8.7,,0.39,25,,1058,,,,,,,false,false,,,Menus: 1 of 36 (Framlingham Castle); portal id R01155; fat 14 g printed (blank: calories-only chain)
homemade-ginger-cake,Homemade Ginger Cake,Cakes & Desserts,,305,,,,8.2,,0.83,27,,1276,,,,,,,false,false,,,Menus: 1 of 36 (Framlingham Castle); portal id R03709; fat 13 g printed (blank: calories-only chain)
homemade-chocolate-and-sultana-tiffin,Homemade Chocolate & Sultana Tiffin,Cakes & Desserts,,444,,,,16,,0.82,28,,1860,,,,,,,false,false,,,Menus: 1 of 36 (Framlingham Castle); portal id R01152; fat 26 g printed (blank: calories-only chain)
mini-homemade-butter-shortbread,Mini Homemade Butter Shortbread,Cakes & Desserts,,73,,,,2.7,,0.10,2.6,,307,,,,,,,false,false,,,Menus: 1 of 36 (Framlingham Castle); portal id R02644; fat 4.2 g printed (blank: calories-only chain)
apricot-and-honey-scone-with-butter,Apricot & Honey Scone with Butter,Cakes & Desserts,,610,,,,11,,1.2,20,,2550,,,,,,,false,false,,,Menus: 1 of 36 (Gainsborough Old Hall); portal id R03897; fat 27 g printed (blank: calories-only chain)
daily-danish-pastry-selection,Daily Danish Pastry Selection,Cakes & Desserts,,410,,,,10,,0.33,15,,1716,,,,,,,false,false,,,"Menus: 2 of 36; portal id 02406; fat 24 g printed (blank: calories-only chain); portal line under the name: 'Either Cinnamon Swirl, Vanilla Crown or Apricot Crown'; may-contain only (not in allergens.csv): Pecan Nuts, Walnuts"
savoury-cream-tea,Savoury Cream Tea,Cakes & Desserts,,748,,,,22,,2.8,23,,3128,,,,,,,false,false,,,Menus: 1 of 36 (Goodrich Castle); portal id R02836; fat 41 g printed (blank: calories-only chain)
spiced-toffee-apple-scone-and-butter,Spiced Toffee Apple Scone & Butter,Cakes & Desserts,,468,,,,9.8,,1.2,15,,1956,,,,,,,false,false,,,"Menus: 1 of 36 (Goodrich Castle); portal id R02987; fat 21 g printed (blank: calories-only chain); may-contain only (not in allergens.csv): Barley, Oats, Rye"
fruit-scone-jam-and-clotted-cream,"Fruit Scone, Jam & Clotted Cream",Cakes & Desserts,,677,,,,16,,1.2,40,,2832,,,,,,,false,false,,,Menus: 1 of 36 (Jewel Tower); portal id R01775; fat 33 g printed (blank: calories-only chain)
fruit-scone-butter-and-jam,"Fruit Scone, Butter & Jam",Cakes & Desserts,,622,,,,13,,1.4,39,,2600,,,,,,,false,false,,,Menus: 1 of 36 (Jewel Tower); portal id R00164; fat 28 g printed (blank: calories-only chain)
vegan-sugar-belgian-waffle,Vegan Sugar Belgian Waffle,Cakes & Desserts,,377,,,,7.7,,0.70,24,,1578,,,,,,vegetarian,false,false,,,Menus: 1 of 36 (Jewel Tower); portal id 02431; fat 16 g printed (blank: calories-only chain); portal diet flags: Halal/Vegan/Vegetarian
terrace-cream-tea,Terrace Cream Tea,Cakes & Desserts,,877,,,,27,,0.91,53,,3670,,,,,,,false,false,,,Menus: 1 of 36 (Osborne House Victoria Hall Restaurant); portal id R04156; fat 50 g printed (blank: calories-only chain)
terrace-savoury-tea,Terrace Savoury Tea,Cakes & Desserts,,807,,,,25,,3.3,21,,3376,,,,,,,false,false,,,Menus: 1 of 36 (Osborne House Victoria Hall Restaurant); portal id R04162; fat 48 g printed (blank: calories-only chain)
rhubarb-with-ginger-scone-and-butter,Rhubarb with Ginger Scone & Butter,Cakes & Desserts,,440,,,,9.1,,0.90,14,,1840,,,,,,,false,false,,,Menus: 1 of 36 (Osborne House Petty Officer's Cafe); portal id R04007; fat 19 g printed (blank: calories-only chain)
homemade-battenberg-cake,Homemade Battenberg Cake,Cakes & Desserts,,813,,,,8.1,,0.83,85,,3401,,,,,,,false,false,,,"Menus: 1 of 36 (Osborne House Petty Officer's Cafe); portal id R04323; fat 35 g printed (blank: calories-only chain); may-contain only (not in allergens.csv): Hazelnuts, Pistachio Nuts, Walnuts"
homemade-lemon-drizzle-cake,Homemade Lemon Drizzle Cake,Cakes & Desserts,,456,,,,1.2,,0.46,50,,1907,,,,,,vegetarian,false,false,,,Menus: 1 of 36 (Osborne House Petty Officer's Cafe); portal id R03774; fat 14 g printed (blank: calories-only chain); portal line under the name: 'Suitable for vegans'
homemade-cranberry-and-pumpkin-seed-flapjack,Homemade Cranberry & Pumpkin Seed Flapjack,Cakes & Desserts,,504,,,,7.7,,0.36,36,,2108,,,,,,,false,false,,,"Menus: 1 of 36 (Osborne House Petty Officer's Cafe); portal id R02414; fat 24 g printed (blank: calories-only chain); may-contain only (not in allergens.csv): Barley, Wheat"
croissant-and-butter,Croissant & Butter,Cakes & Desserts,,389,,,,16,,1.1,5.8,,1626,,,,,,,false,false,,,"Menus: 1 of 36 (Osborne House Petty Officer's Cafe); portal id R02333; fat 24 g printed (blank: calories-only chain); may-contain only (not in allergens.csv): Barley, Oats, Rye"
cream-tea-with-fruit-scone,Cream Tea with Fruit Scone,Cakes & Desserts,,825,,,,15,,4.8,53,,3450,,,,,,,false,false,,,Menus: 1 of 36 (Portland Castle); portal id R01331; fat 33 g printed (blank: calories-only chain)
cream-tea-with-plain-scone,Cream Tea with Plain Scone,Cakes & Desserts,,780,,,,23,,1.6,37,,3263,,,,,,,false,false,,,Menus: 1 of 36 (Portland Castle); portal id R01330; fat 36 g printed (blank: calories-only chain)
dorset-apple-cake,Dorset Apple Cake,Cakes & Desserts,,493,,,,4.1,,0.97,46,,2064,,,,,,,false,false,,,Menus: 1 of 36 (Portland Castle); portal id R01333; fat 17 g printed (blank: calories-only chain)
dorset-apple-cake-and-clotted-cream,Dorset Apple Cake & Clotted Cream,Cakes & Desserts,,639,,,,14,,1.0,46,,2672,,,,,,,false,false,,,Menus: 1 of 36 (Portland Castle); portal id R04017; fat 33 g printed (blank: calories-only chain)
cheese-scone-and-butter,Cheese Scone & Butter,Cakes & Desserts,,529,,,,16,,1.4,1.9,,2212,,,,,,,false,false,,,Menus: 1 of 36 (Rievaulx Abbey); portal id R02161; fat 30 g printed (blank: calories-only chain)
homemade-seed-cake,Homemade Seed Cake,Cakes & Desserts,,443,,,,4.9,,0.55,33,,1853,,,,,,,false,false,,,"Menus: 1 of 36 (Rievaulx Abbey); portal id R04378; fat 22 g printed (blank: calories-only chain); portal line under the name: 'Contains Nuts'; may-contain only (not in allergens.csv): Brazil Nuts, Cashew Nuts, Hazelnuts, Macadamia Nuts, Pecan Nuts, Pistachio Nuts, Walnuts"
homemade-abbey-fruit-loaf-and-cheese,Homemade Abbey Fruit Loaf & Cheese,Cakes & Desserts,,353,,,,4.0,,0.58,36,,1476,,,,,,,false,false,,,"Menus: 1 of 36 (Rievaulx Abbey); portal id R02154; fat 7.4 g printed (blank: calories-only chain); portal line under the name: '*Contains Nuts'; may-contain only (not in allergens.csv): Almonds, Brazil Nuts, Cashew Nuts, Hazelnuts, Macadamia Nuts, Pecan Nuts, Pistachio Nuts"
pumpkin-maple-and-chai-slice,"Pumpkin, Maple & Chai Slice",Cakes & Desserts,,473,,,,3.9,,1.0,49,,1979,131,,,,,,false,false,,,"Menus: 1 of 36 (Seasonal Menu); portal id 02786; fat 18 g printed (blank: calories-only chain); may-contain only (not in allergens.csv): Almonds, Barley, Brazil Nuts, Cashew Nuts, Hazelnuts, Macadamia Nuts, Oats, Pistachio Nuts, Rye, Walnuts"
smores-brownie,S'mores Brownie,Cakes & Desserts,,481,,,,17,,0.26,36,,2013,100,,,,,,false,false,,,"Menus: 1 of 36 (Seasonal Menu); portal id 02784; fat 27 g printed (blank: calories-only chain); may-contain only (not in allergens.csv): Barley, Oats, Rye"
apple-and-butter-crumble-slice,Apple & Butter Crumble Slice,Cakes & Desserts,,312,,,,4.9,,0.49,28,,1304,145,,,,,,false,false,,,Menus: 1 of 36 (Seasonal Menu); portal id 02787; fat 9.1 g printed (blank: calories-only chain)
sweet-apple-and-cinnamon-pasty,Sweet Apple & Cinnamon Pasty,Cakes & Desserts,,334,,,,7.7,,0.38,14,,1396,,,,,,,false,false,,,Menus: 1 of 36 (Seasonal Menu); portal id 02783; fat 14 g printed (blank: calories-only chain)
halloween-caramel-crispy-slice,Halloween Caramel Crispy Slice,Cakes & Desserts,,256,,,,8.7,,0.28,26,,1073,,,,,,vegetarian,false,false,,,"Menus: 1 of 36 (Seasonal Menu); portal id 02346; fat 12 g printed (blank: calories-only chain); portal diet flags: Vegetarian; may-contain only (not in allergens.csv): Barley, Oats"
cinnamon-bun,Cinnamon Bun,Cakes & Desserts,,402,,,,1.7,,0.75,26,,1681,,,,,,vegetarian,false,false,,,Menus: 1 of 36 (Seasonal Menu); portal id 02283; fat 10 g printed (blank: calories-only chain); portal line under the name: 'Suitable for vegans'; portal diet flags: Vegetarian
halloween-ghost-shortcake-biscuit,Halloween Ghost Shortcake Biscuit,Cakes & Desserts,,265,,,,3.7,,0.26,17,,1109,,,,,,vegetarian,false,false,,,Menus: 1 of 36 (Seasonal Menu); portal id 02288; fat 10 g printed (blank: calories-only chain); portal diet flags: Vegan/Vegetarian
spiced-apple-crumble-muffin,Spiced Apple Crumble Muffin,Cakes & Desserts,,356,,,,1.6,,0.41,29,,1491,,,,,,,false,false,,,Menus: 1 of 36 (Seasonal Menu); portal id 02772; fat 14 g printed (blank: calories-only chain)
dark-chocolate-and-cherry-muffin,Dark Chocolate & Cherry Muffin,Cakes & Desserts,,403,,,,3.8,,0.39,37,,1684,,,,,,,false,false,,,Menus: 1 of 36 (Seasonal Menu); portal id 02773; fat 17 g printed (blank: calories-only chain)
gardeners-tea,Gardener's Tea,Cakes & Desserts,,655,,,,20,,2.1,22,,2741,,,,,,,false,false,,,Menus: 1 of 36 (Stokesay Castle); portal id R02617; fat 36 g printed (blank: calories-only chain)
homemade-sultana-rock-cake,Homemade Sultana Rock Cake,Cakes & Desserts,,706,,,,12,,1.1,43,,2952,,,,,,,false,false,,,Menus: 1 of 36 (Stonehenge); portal id R00184; fat 30 g printed (blank: calories-only chain)
homemade-chocolate-rock-cake,Homemade Chocolate Rock Cake,Cakes & Desserts,,766,,,,17,,1.1,36,,3204,,,,,,,false,false,,,Menus: 1 of 36 (Stonehenge); portal id R00183; fat 39 g printed (blank: calories-only chain)
queen-vic-traycake,Queen Vic Traycake,Cakes & Desserts,,605,,,,11,,0.74,62,,2531,,,,,,vegetarian,false,false,,,"Menus: 1 of 36 (Stonehenge); portal id 02694; fat 27 g printed (blank: calories-only chain); portal diet flags: Vegetarian; may-contain only (not in allergens.csv): Barley, Oats, Rye"
swabian-pretzel,Swabian Pretzel,Cakes & Desserts,,250,,,,0.7,,1.8,3.3,,1045,,,,,,vegetarian,false,false,,,Menus: 1 of 36 (Stonehenge); portal id 02132; fat 4.6 g printed (blank: calories-only chain); portal diet flags: Vegan/Vegetarian
croissant-butter-and-jam,"Croissant, Butter & Jam",Cakes & Desserts,,464,,,,16,,1.1,24,,1943,,,,,,,false,false,,,"Menus: 1 of 36 (Stonehenge); portal id R01622; fat 24 g printed (blank: calories-only chain); may-contain only (not in allergens.csv): Barley, Oats, Rye"
cornish-cream-tea,Cornish Cream Tea,Cakes & Desserts,,506,,,,22,,0.56,42,,2117,,,,,,,false,false,,,Menus: 1 of 36 (Tintagel Castle); portal id R03914; fat 35 g printed (blank: calories-only chain)
cornish-savoury-tea,Cornish Savoury Tea,Cakes & Desserts,,1024,,,,38,,3.3,21,,4286,,,,,,,false,false,,,Menus: 1 of 36 (Tintagel Castle); portal id R02112; fat 60 g printed (blank: calories-only chain)
chilli-cheddar-cheese-savoury-tea,Chilli Cheddar Cheese Savoury Tea,Cakes & Desserts,,810,,,,31,,2.7,19,,3389,,,,,,,false,false,,,Menus: 1 of 36 (Tintagel Castle); portal id R01056; fat 49 g printed (blank: calories-only chain)
mature-cheddar-chives-and-onion-scone-and-butter,"Mature Cheddar, Chives & Onion Scone & Butter",Cakes & Desserts,,736,,,,27,,2.0,2.0,,3081,,,,,,,false,false,,,Menus: 1 of 36 (Tintagel Castle); portal id R01061; fat 44 g printed (blank: calories-only chain)
homemade-lemon-drizzle,Homemade Lemon Drizzle,Cakes & Desserts,,392,,,,12,,0.85,35,,1639,,,,,,,false,false,,,Menus: 1 of 36 (Walmer Castle and Gardens); portal id R02516; fat 19 g printed (blank: calories-only chain)
homemade-banana-bread,Homemade Banana Bread,Cakes & Desserts,,305,,,,8.5,,0.52,24,,1277,,,,,,,false,false,,,Menus: 1 of 36 (Walmer Castle and Gardens); portal id R02519; fat 14 g printed (blank: calories-only chain)
homemade-garden-apple-flapjack,Homemade Garden Apple Flapjack,Cakes & Desserts,,356,,,,5.1,,0.18,33,,1489,,,,,,,false,false,,,"Menus: 1 of 36 (Walmer Castle and Gardens); portal id R02879; fat 15 g printed (blank: calories-only chain); may-contain only (not in allergens.csv): Barley, Wheat"
homemade-chocolate-brownie,Homemade Chocolate Brownie,Cakes & Desserts,,341.6,,,,8.0,,0.4,30.0,,1429.1,,,,,,,false,false,,,Menus: 1 of 36 (Walmer Castle and Gardens); portal id R01247; fat 16.2 g printed (blank: calories-only chain)
homemade-cream-sponge,Homemade Cream Sponge,Cakes & Desserts,,472,,,,25,,0.21,29,,1974,,,,,,,false,false,,,Menus: 1 of 36 (Walmer Castle and Gardens); portal id R03268; fat 28 g printed (blank: calories-only chain)
homemade-carrot-traybake,Homemade Carrot Traybake,Cakes & Desserts,,427,,,,6.5,,0.93,41,,1787,,,,,,,false,false,,,Menus: 1 of 36 (Walmer Castle and Gardens); portal id R03104; fat 22 g printed (blank: calories-only chain)
homemade-chocolate-traybake,Homemade Chocolate Traybake,Cakes & Desserts,,401.0,,,,13.9,,0.3,31.4,,1677.9,,,,,,,false,false,,,Menus: 1 of 36 (Walmer Castle and Gardens); portal id R04370; fat 22.5 g printed (blank: calories-only chain)
cherry-and-almond-scone-cream-tea,Cherry & Almond Scone Cream Tea,Cakes & Desserts,,832,,,,20,,1.4,43,,3482,,,,,,,false,false,,,Menus: 1 of 36 (Wrest Park Orangery); portal id R02587; fat 40 g printed (blank: calories-only chain)
apple-and-cinnamon-scone-cream-tea,Apple & Cinnamon Scone Cream Tea,Cakes & Desserts,,796,,,,20,,1.3,37,,3329,,,,,,,false,false,,,Menus: 2 of 36; portal id R04082; fat 38 g printed (blank: calories-only chain)
earl-grey-and-lavender-scone-cream-tea,Earl Grey & Lavender Scone Cream Tea,Cakes & Desserts,,788,,,,20,,1.3,36,,3295,,,,,,,false,false,,,Menus: 2 of 36; portal id R04084; fat 38 g printed (blank: calories-only chain)
chocolate-and-salted-caramel-scone-cream-tea,Chocolate & Salted Caramel Scone Cream Tea,Cakes & Desserts,,793,,,,20,,1.4,37,,3319,,,,,,,false,false,,,Menus: 2 of 36; portal id R04083; fat 38 g printed (blank: calories-only chain)
rhubarb-and-ginger-scone-cream-tea,Rhubarb & Ginger Scone Cream Tea,Cakes & Desserts,,710,,,,14,,1.1,36,,2971,,,,,,,false,false,,,Menus: 1 of 36 (Wrest Park Orangery); portal id R04319; fat 29 g printed (blank: calories-only chain)
deluxe-cream-tea,Deluxe Cream Tea,Cakes & Desserts,,841,,,,21,,1.3,46,,3519,,,,,,,false,false,,,Menus: 1 of 36 (Wrest Park Orangery); portal id R04478; fat 39 g printed (blank: calories-only chain)
homemade-carrot-cake,Homemade Carrot Cake,Cakes & Desserts,,728,,,,9.8,,0.84,37,,3046,,,,,,,false,false,,,"Menus: 2 of 36; portal id R04086; fat 55 g printed (blank: calories-only chain); may-contain only (not in allergens.csv): Almonds, Brazil Nuts, Cashew Nuts, Hazelnuts, Macadamia Nuts, Pecan Nuts, Pistachio Nuts"
orange-and-cranberry-scone-cream-tea,Orange & Cranberry Scone Cream Tea,Cakes & Desserts,,591,,,,19,,0.93,39,,2472,,,,,,,false,false,,,Menus: 1 of 36 (Wrest Park Cafe); portal id R04093; fat 30 g printed (blank: calories-only chain)
homemade-ginger-and-caramel-cake,Homemade Ginger & Caramel Cake,Cakes & Desserts,,402.7,,,,5.3,,0.6,37.6,,1684.8,,,,,,,false,false,,,Menus: 1 of 36 (Wrest Park Cafe); portal id R04087; fat 20.1 g printed (blank: calories-only chain)
ice-cream-and-waffle,Ice Cream & Waffle,Desserts,,548,,,,12,,0.80,45,,2295,,,,,,,false,false,,,Menus: 1 of 36 (Dover Castle NAAFI Restaurant); portal id R03944; fat 23 g printed (blank: calories-only chain)
double-ice-cream-and-waffle,Double Ice Cream & Waffle,Desserts,,611,,,,14,,0.84,51,,2556,,,,,,,false,false,,,Menus: 1 of 36 (Dover Castle NAAFI Restaurant); portal id R03945; fat 26 g printed (blank: calories-only chain)
chocolate-brownie-and-ice-cream,Chocolate Brownie & Ice Cream,Desserts,,602,,,,19,,0.40,60,,2521,,,,,,,false,false,,,Menus: 1 of 36 (Dover Castle NAAFI Restaurant); portal id R03946; fat 31 g printed (blank: calories-only chain)
egg-custard-tart-with-apple-and-plum-compote,Egg Custard Tart with Apple & Plum Compote,Desserts,,571.9,,,,20.9,,0.5,29.8,,2392.9,,,,,,,false,false,,,Menus: 1 of 36 (Osborne House Victoria Hall Restaurant); portal id R02148; fat 34.3 g printed (blank: calories-only chain)
blueberry-bakewell-with-vanilla-ice-cream,Blueberry Bakewell with Vanilla Ice Cream,Desserts,,462,,,,11,,0.41,30,,1934,,,,,,,false,false,,,"Menus: 1 of 36 (Osborne House Victoria Hall Restaurant); portal id R04400; fat 27 g printed (blank: calories-only chain); may-contain only (not in allergens.csv): Barley, Brazil Nuts, Cashew Nuts, Hazelnuts, Macadamia Nuts, Oats, Pecan Nuts, Pistachio Nuts, Rye, Walnuts"
lemon-posset,Lemon Posset,Desserts,,618,,,,36,,0.39,36,,2586,,,,,,,false,false,,,Menus: 1 of 36 (Osborne House Victoria Hall Restaurant); portal id R04391; fat 42 g printed (blank: calories-only chain)
apple-and-blackberry-crumble-with-custard,Apple & Blackberry Crumble with Custard,Desserts,,444,,,,11,,0.37,41,,1859,,,,,,,false,false,,,"Menus: 1 of 36 (Osborne House Victoria Hall Restaurant); portal id R04390; fat 19 g printed (blank: calories-only chain); may-contain only (not in allergens.csv): Barley, Rye"
victorian-trifle,Victorian Trifle,Desserts,,596,,,,32,,0.38,33,,2494,,,,,,,false,false,,,"Menus: 1 of 36 (Osborne House Victoria Hall Restaurant); portal id R04386; fat 41 g printed (blank: calories-only chain); may-contain only (not in allergens.csv): Brazil Nuts, Cashew Nuts, Hazelnuts, Macadamia Nuts, Pecan Nuts, Pistachio Nuts, Walnuts"
rich-chocolate-pot-with-cherry-compote,Rich Chocolate Pot with Cherry Compote,Desserts,,512,,,,26,,0.17,34,,2141,,,,,,,false,false,,,Menus: 1 of 36 (Osborne House Victoria Hall Restaurant); portal id R04369; fat 36 g printed (blank: calories-only chain)
madagascan-vanilla-single-scoop-with-waffle-cone,Madagascan Vanilla Single Scoop with Waffle Cone,Ice Cream,,172,,,,3.1,,0.06,16,,720,,,,,,,false,false,,,Menus: 1 of 36 (Soft Scoop Ice Cream); portal id R04109; fat 6.0 g printed (blank: calories-only chain)
madagascan-vanilla-double-scoop-with-waffle-cone,Madagascan Vanilla Double Scoop with Waffle Cone,Ice Cream,,272,,,,6.0,,0.13,26,,1137,,,,,,,false,false,,,Menus: 1 of 36 (Soft Scoop Ice Cream); portal id R04110; fat 11 g printed (blank: calories-only chain)
madagascan-vanilla-triple-scoop-with-waffle-cone,Madagascan Vanilla Triple Scoop with Waffle Cone,Ice Cream,,368,,,,9.0,,0.18,36,,1539,,,,,,,false,false,,,Menus: 1 of 36 (Soft Scoop Ice Cream); portal id R04572; fat 15 g printed (blank: calories-only chain)
mango-and-passionfruit-sorbet-single-scoop-with-waffle-cone,Mango & Passionfruit Sorbet Single Scoop with Waffle Cone,Ice Cream,,130,,,,0.1,,<0.01,18,,545,,,,,,,false,false,,,Menus: 1 of 36 (Soft Scoop Ice Cream); portal id R04111; fat 1.3 g printed (blank: calories-only chain)
mango-and-passionfruit-sorbet-double-scoop-with-waffle-cone,Mango & Passionfruit Sorbet Double Scoop with Waffle Cone,Ice Cream,,188,,,,0.2,,0.03,29,,787,,,,,,,false,false,,,Menus: 1 of 36 (Soft Scoop Ice Cream); portal id R04112; fat 1.4 g printed (blank: calories-only chain)
mango-and-passionfruit-sorbet-triple-scoop-with-waffle-cone,Mango & Passionfruit Sorbet Triple Scoop with Waffle Cone,Ice Cream,,242,,,,0.2,,0.03,39,,1013,,,,,,,false,false,,,Menus: 1 of 36 (Soft Scoop Ice Cream); portal id R04575; fat 1.5 g printed (blank: calories-only chain)
clotted-cream-and-honeycomb-single-scoop-with-waffle-cone,Clotted Cream & Honeycomb Single Scoop with Waffle Cone,Ice Cream,,186,,,,3.7,,0.05,19,,780,,,,,,,false,false,,,Menus: 1 of 36 (Soft Scoop Ice Cream); portal id R04113; fat 6.5 g printed (blank: calories-only chain)
clotted-cream-and-honeycomb-double-scoop-with-waffle-cone,Clotted Cream & Honeycomb Double Scoop with Waffle Cone,Ice Cream,,301,,,,7.4,,0.12,32,,1257,,,,,,,false,false,,,Menus: 1 of 36 (Soft Scoop Ice Cream); portal id R04114; fat 12 g printed (blank: calories-only chain)
clotted-cream-and-honeycomb-triple-scoop-with-waffle-cone,Clotted Cream & Honeycomb Triple Scoop with Waffle Cone,Ice Cream,,411,,,,11,,0.17,44,,1719,,,,,,,false,false,,,Menus: 1 of 36 (Soft Scoop Ice Cream); portal id R04576; fat 17 g printed (blank: calories-only chain)
chocolate-and-sea-salt-single-scoop-with-waffle-cone,Chocolate & Sea Salt Single Scoop with Waffle Cone,Ice Cream,,159,,,,2.1,,0.10,17,,664,,,,,,,false,false,,,Menus: 1 of 36 (Soft Scoop Ice Cream); portal id R04115; fat 4.3 g printed (blank: calories-only chain)
chocolate-and-sea-salt-double-scoop-with-waffle-cone,Chocolate & Sea Salt Double Scoop with Waffle Cone,Ice Cream,,245,,,,4.1,,0.21,28,,1026,,,,,,,false,false,,,Menus: 1 of 36 (Soft Scoop Ice Cream); portal id R04116; fat 7.5 g printed (blank: calories-only chain)
chocolate-and-sea-salt-triple-scoop-with-waffle-cone,Chocolate & Sea Salt Triple Scoop with Waffle Cone,Ice Cream,,328,,,,6.0,,0.31,38,,1372,,,,,,,false,false,,,Menus: 1 of 36 (Soft Scoop Ice Cream); portal id R04577; fat 11 g printed (blank: calories-only chain)
greek-style-yoghurt-and-british-blossom-honey-single-scoop-with-waffle-cone,Greek Style Yoghurt & British Blossom Honey Single Scoop with Waffle Cone,Ice Cream,,160.9,,,,2.5,,0.1,17.2,,673.2,,,,,,,false,false,,,Menus: 1 of 36 (Soft Scoop Ice Cream); portal id R04468; fat 4.6 g printed (blank: calories-only chain)
greek-style-yoghurt-and-british-blossom-honey-double-scoop-with-waffle-cone,Greek Style Yoghurt & British Blossom Honey Double Scoop with Waffle Cone,Ice Cream,,245.6,,,,4.9,,0.1,27.4,,1027.6,,,,,,,false,false,,,Menus: 1 of 36 (Soft Scoop Ice Cream); portal id R04469; fat 8.0 g printed (blank: calories-only chain)
greek-style-yoghurt-and-british-blossom-honey-triple-scoop-with-waffle-cone,Greek Style Yoghurt & British Blossom Honey Triple Scoop with Waffle Cone,Ice Cream,,249,,,,4.9,,0.14,28,,1044,,,,,,,false,false,,,Menus: 1 of 36 (Soft Scoop Ice Cream); portal id R04583; fat 8.0 g printed (blank: calories-only chain)
salted-caramel-fudge-single-scoop-with-waffle-cone,Salted Caramel Fudge Single Scoop with Waffle Cone,Ice Cream,,185,,,,3.3,,0.25,19,,774,,,,,,,false,false,,,Menus: 1 of 36 (Soft Scoop Ice Cream); portal id R04119; fat 6.2 g printed (blank: calories-only chain)
salted-caramel-fudge-double-scoop-with-waffle-cone,Salted Caramel Fudge Double Scoop with Waffle Cone,Ice Cream,,298,,,,6.5,,0.51,30,,1245,,,,,,,false,false,,,Menus: 1 of 36 (Soft Scoop Ice Cream); portal id R04120; fat 11 g printed (blank: calories-only chain)
salted-caramel-fudge-triple-scoop-with-waffle-cone,Salted Caramel Fudge Triple Scoop with Waffle Cone,Ice Cream,,406,,,,9.6,,0.76,42,,1700,,,,,,,false,false,,,Menus: 1 of 36 (Soft Scoop Ice Cream); portal id R04578; fat 16 g printed (blank: calories-only chain)
strawberry-single-scoop-with-waffle-cone,Strawberry Single Scoop with Waffle Cone,Ice Cream,,169,,,,2.4,,0.05,17,,708,,,,,,,false,false,,,Menus: 1 of 36 (Soft Scoop Ice Cream); portal id R04121; fat 4.8 g printed (blank: calories-only chain)
strawberry-double-scoop-with-waffle-cone,Strawberry Double Scoop with Waffle Cone,Ice Cream,,266,,,,4.6,,0.11,28,,1114,,,,,,,false,false,,,Menus: 1 of 36 (Soft Scoop Ice Cream); portal id R04122; fat 8.3 g printed (blank: calories-only chain)
strawberry-triple-scoop-with-waffle-cone,Strawberry Triple Scoop with Waffle Cone,Ice Cream,,359,,,,6.9,,0.16,39,,1503,,,,,,,false,false,,,Menus: 1 of 36 (Soft Scoop Ice Cream); portal id R04579; fat 12 g printed (blank: calories-only chain)
raspberry-and-rhubarb-swirl-single-scoop-with-waffle-cone,Raspberry & Rhubarb Swirl Single Scoop with Waffle Cone,Ice Cream,,169,,,,3.9,,<0.01,15,,705,,,,,,vegetarian,false,false,,,Menus: 1 of 36 (Soft Scoop Ice Cream); portal id R04127; fat 5.4 g printed (blank: calories-only chain); portal line under the name: 'Suitable for vegans'
raspberry-and-rhubarb-swirl-double-scoop-with-waffle-cone,Raspberry & Rhubarb Swirl Double Scoop with Waffle Cone,Ice Cream,,265,,,,7.7,,0.03,24,,1108,,,,,,vegetarian,false,false,,,Menus: 1 of 36 (Soft Scoop Ice Cream); portal id R04128; fat 9.6 g printed (blank: calories-only chain); portal line under the name: 'Suitable for vegans'
raspberry-and-rhubarb-swirl-triple-scoop-with-waffle-cone,Raspberry & Rhubarb Swirl Triple Scoop with Waffle Cone,Ice Cream,,357,,,,11,,0.04,33,,1495,,,,,,vegetarian,false,false,,,Menus: 1 of 36 (Soft Scoop Ice Cream); portal id R04582; fat 14 g printed (blank: calories-only chain); portal line under the name: 'Suitable for vegans'
apple-crumble-and-custard-single-scoop-with-waffle-cone,Apple Crumble & Custard Single Scoop with Waffle Cone,Ice Cream,,180.5,,,,3.1,,0.1,19.2,,755.2,,,,,,,false,false,,,Menus: 1 of 36 (Soft Scoop Ice Cream); portal id R04139; fat 5.6 g printed (blank: calories-only chain)
apple-crumble-and-custard-double-scoop-with-waffle-cone,Apple Crumble & Custard Double Scoop with Waffle Cone,Ice Cream,,285,,,,6.0,,0.13,31,,1192,,,,,,,false,false,,,Menus: 1 of 36 (Soft Scoop Ice Cream); portal id R04140; fat 9.9 g printed (blank: calories-only chain)
bramley-apple-crumble-and-custard-triple-scoop-with-waffle-cone,Bramley Apple Crumble & Custard Triple Scoop with Waffle Cone,Ice Cream,,393,,,,9.0,,0.20,44,,1644,,,,,,,false,false,,,Menus: 1 of 36 (Soft Scoop Ice Cream); portal id R04581; fat 14 g printed (blank: calories-only chain)
sticky-toffee-pudding-single-scoop-with-waffle-cone,Sticky Toffee Pudding Single Scoop with Waffle Cone,Ice Cream,,164.4,,,,2.4,,0.1,17.0,,687.9,,,,,,,false,false,,,Menus: 1 of 36 (Soft Scoop Ice Cream); portal id R04141; fat 4.8 g printed (blank: calories-only chain)
sticky-toffee-pudding-double-scoop-with-waffle-cone,Sticky Toffee Pudding Double Scoop with Waffle Cone,Ice Cream,,252.6,,,,4.6,,0.1,27.1,,1056.9,,,,,,,false,false,,,Menus: 1 of 36 (Soft Scoop Ice Cream); portal id R04142; fat 8.4 g printed (blank: calories-only chain)
sticky-toffee-pudding-triple-scoop-with-waffle-cone,Sticky Toffee Pudding Triple Scoop with Waffle Cone,Ice Cream,,345,,,,6.9,,0.22,38,,1442,,,,,,,false,false,,,Menus: 1 of 36 (Soft Scoop Ice Cream); portal id R04580; fat 12 g printed (blank: calories-only chain)
melon-parisienne,Melon Parisienne,Ice Cream,,100.5,,,,0.3,,0.1,23.0,,420.5,,,,,,,false,false,,,Menus: 1 of 36 (Walmer Castle and Gardens); portal id R04043; fat 0.3 g printed (blank: calories-only chain)
house-tea,House Tea,Hot Beverages,,35,,,,0.8,,0.08,3.6,,147,,,,,,,false,false,,,Menus: 3 of 36; portal id R00149; fat 1.2 g printed (blank: calories-only chain); portal line under the name: 'With milk'
speciality-tea,Speciality Tea,Hot Beverages,,35,,,,0.8,,0.08,3.6,,147,,,,,,,false,false,,,Menus: 3 of 36; portal id R00153; fat 1.2 g printed (blank: calories-only chain); portal line under the name: 'With milk'
fruit-tea,Fruit Tea,Hot Beverages,,0,,,,<0.1,,<0.01,<0.5,,0,,,,,,,false,false,,,Menus: 3 of 36; portal id R00151; fat <0.5 g printed (blank: calories-only chain); portal line under the name: 'No milk'
double-espresso,Double Espresso,Hot Beverages,,0,,,,<0.1,,<0.01,<0.5,,1,,,,,,,false,false,,,Menus: 32 of 36; portal id R01030; fat <0.5 g printed (blank: calories-only chain)
macchiato,Macchiato,Hot Beverages,,5,,,,0.1,,<0.01,<0.5,,21,,,,,,,false,false,,,Menus: 31 of 36; portal id R01032; fat <0.5 g printed (blank: calories-only chain)
regular-americano,Regular Americano,Hot Beverages,,36,,,,0.8,,0.08,3.6,,149,,,,,,,false,false,,,Menus: 32 of 36; portal id R01033; fat 1.2 g printed (blank: calories-only chain)
large-americano,Large Americano,Hot Beverages,,43,,,,1.0,,0.09,4.3,,179,,,,,,,false,false,,,Menus: 31 of 36; portal id R01034; fat 1.4 g printed (blank: calories-only chain)
regular-cappucino,Regular Cappucino,Hot Beverages,,87,,,,2.0,,0.17,8.2,,363,,,,,,,false,false,,,Menus: 32 of 36; portal id R01039; fat 3.0 g printed (blank: calories-only chain)
large-cappucino,Large Cappucino,Hot Beverages,,104,,,,2.4,,0.21,9.7,,436,,,,,,,false,false,,,Menus: 31 of 36; portal id R01040; fat 3.6 g printed (blank: calories-only chain)
regular-latte,Regular Latte,Hot Beverages,,137,,,,3.2,,0.29,14,,572,,,,,,,false,false,,,Menus: 32 of 36; portal id R01037; fat 4.6 g printed (blank: calories-only chain)
large-latte,Large Latte,Hot Beverages,,151,,,,3.5,,0.32,15,,631,,,,,,,false,false,,,Menus: 31 of 36; portal id R01038; fat 5.1 g printed (blank: calories-only chain)
flat-white,Flat White,Hot Beverages,,71,,,,1.7,,0.15,7.2,,296,,,,,,,false,false,,,Menus: 32 of 36; portal id R01688; fat 2.4 g printed (blank: calories-only chain)
regular-mocha,Regular Mocha,Hot Beverages,,176,,,,3.0,,0.32,24,,737,,,,,,,false,false,,,Menus: 32 of 36; portal id R01035; fat 4.2 g printed (blank: calories-only chain)
large-mocha,Large Mocha,Hot Beverages,,237,,,,3.8,,0.43,34,,994,,,,,,,false,false,,,Menus: 31 of 36; portal id R01036; fat 5.3 g printed (blank: calories-only chain)
regular-hot-chocolate-deluxe,Regular Hot Chocolate Deluxe,Hot Beverages,,407,,,,11,,0.51,49,,1701,,,,,,,false,false,,,Menus: 32 of 36; portal id R01026; fat 15 g printed (blank: calories-only chain)
large-hot-chocolate-deluxe,Large Hot Chocolate Deluxe,Hot Beverages,,489,,,,12,,0.60,61,,2046,,,,,,,false,false,,,Menus: 31 of 36; portal id R01027; fat 18 g printed (blank: calories-only chain)
regular-hot-chocolate,Regular Hot Chocolate,Hot Beverages,,256,,,,4.3,,0.47,36,,1071,,,,,,,false,false,,,Menus: 32 of 36; portal id R01028; fat 6.0 g printed (blank: calories-only chain)
large-hot-chocolate,Large Hot Chocolate,Hot Beverages,,308,,,,4.9,,0.55,44,,1288,,,,,,,false,false,,,Menus: 31 of 36; portal id R01029; fat 6.8 g printed (blank: calories-only chain)
coffee-syrup,Coffee Syrup,Hot Beverages,,53,,,,<0.1,,<0.01,13,,223,,,,,,,false,false,,,Menus: 31 of 36; portal id R01819; fat <0.5 g printed (blank: calories-only chain)
coffee-syrup-sugar-free,Coffee Syrup Sugar Free,Hot Beverages,,2,,,,<0.1,,0.02,<0.5,,6,,,,,,,false,false,,,Menus: 30 of 36; portal id R01009; fat <0.5 g printed (blank: calories-only chain)
oat-milk-portion-100ml,Oat Milk Portion 100ml,Hot Beverages,,58,,,,0.5,,0.10,4.5,,243,,,,,,,false,false,,,Menus: 31 of 36; portal id R01004; fat 2.8 g printed (blank: calories-only chain)
soya-milk-portion-100ml,Soya Milk Portion 100ml,Hot Beverages,,43,,,,0.3,,0.10,2.0,,180,,,,,,,false,false,,,Menus: 31 of 36; portal id R01002; fat 1.6 g printed (blank: calories-only chain)
pot-of-house-tea-with-milk,Pot of House Tea with Milk,Hot Beverages,,35,,,,0.8,,0.08,3.6,,147,,,,,,,false,false,,,Menus: 29 of 36; portal id R01001; fat 1.2 g printed (blank: calories-only chain)
pot-of-fruit-tea,Pot of Fruit Tea,Hot Beverages,,0,,,,<0.1,,<0.01,<0.5,,0,,,,,,,false,false,,,Menus: 30 of 36; portal id R01020; fat <0.5 g printed (blank: calories-only chain)
pot-of-speciality-tea-no-milk,"Pot of Speciality Tea, no Milk",Hot Beverages,,0,,,,<0.1,,<0.01,<0.5,,0,,,,,,,false,false,,,Menus: 25 of 36; portal id R01021; fat <0.5 g printed (blank: calories-only chain)
pot-of-speciality-tea-with-milk,Pot of Speciality Tea with Milk,Hot Beverages,,35,,,,0.8,,0.08,3.6,,147,,,,,,,false,false,,,Menus: 28 of 36; portal id R01022; fat 1.2 g printed (blank: calories-only chain)
chai-latte,Chai Latte,Hot Beverages,,200,,,,3.1,,0.29,30,,837,,,,,,,false,false,,,Menus: 11 of 36; portal id R01606; fat 4.5 g printed (blank: calories-only chain)
gingerbread-deluxe-hot-chocolate,Gingerbread Deluxe Hot Chocolate,Hot Beverages,,455,,,,10,,0.63,56,,1902,,,,,,,false,false,,,"Menus: 1 of 36 (Seasonal Menu); portal id R02049; fat 16 g printed (blank: calories-only chain); may-contain only (not in allergens.csv): Barley, Oats, Rye"
black-forest-deluxe-hot-chocolate,Black Forest Deluxe Hot Chocolate,Hot Beverages,,395,,,,9.5,,0.48,51,,1651,,,,,,,false,false,,,Menus: 1 of 36 (Seasonal Menu); portal id R02232; fat 14 g printed (blank: calories-only chain)
pumpkin-pie-latte,Pumpkin Pie Latte,Hot Beverages,,152,,,,2.2,,0.21,23,,637,,,,,,,false,false,,,Menus: 1 of 36 (Seasonal Menu); portal id R02048; fat 3.2 g printed (blank: calories-only chain)
spiced-apple-steamer,Spiced Apple Steamer,Hot Beverages,,188,,,,<0.1,,0.02,47,,786,,,,,,,false,false,,,Menus: 1 of 36 (Seasonal Menu); portal id R02930; fat <0.5 g printed (blank: calories-only chain)
pot-of-english-breakfast-loose-tea-with-milk,Pot of English Breakfast Loose Tea with Milk,Hot Beverages,,35,,,,0.8,,0.08,3.6,,147,,,,,,,false,false,,,Menus: 1 of 36 (Wrest Park Orangery); portal id R01013; fat 1.2 g printed (blank: calories-only chain)
pot-of-earl-grey-loose-tea,Pot of Earl Grey Loose Tea,Hot Beverages,,0,,,,<0.1,,<0.01,<0.5,,0,,,,,,,false,false,,,Menus: 1 of 36 (Wrest Park Orangery); portal id R01014; fat <0.5 g printed (blank: calories-only chain)
pot-of-darjeeling-loose-tea,Pot of Darjeeling Loose Tea,Hot Beverages,,0,,,,<0.1,,<0.01,<0.5,,0,,,,,,,false,false,,,Menus: 1 of 36 (Wrest Park Orangery); portal id R01016; fat <0.5 g printed (blank: calories-only chain)
cafetiere-coffee-with-milk,Cafetiere Coffee with Milk,Hot Beverages,,28,,,,0.7,,0.06,2.9,,119,,,,,,,false,false,,,Menus: 1 of 36 (Wrest Park Orangery); portal id R01015; fat 1.0 g printed (blank: calories-only chain)
glass-of-milk,Glass of Milk,Cold Beverages,,118,,,,2.8,,0.25,12,,492,,,,,,,false,false,,,Menus: 27 of 36; portal id R01012; fat 4.0 g printed (blank: calories-only chain)
iced-peach-tea,Iced Peach Tea,Cold Beverages,,200,,,,0.1,,0.04,49,,836,,,,,,,false,false,,,Menus: 1 of 36 (Audley End House & Gardens Servants Hall Tearoom); portal id R02831; fat 0.6 g printed (blank: calories-only chain)
vanilla-milkshake,Vanilla Milkshake,Cold Beverages,,143,,,,3.8,,0.21,17,,599,,,,,,,false,false,,,Menus: 5 of 36; portal id R02865; fat 5.5 g printed (blank: calories-only chain)
strawberry-milkshake,Strawberry Milkshake,Cold Beverages,,143,,,,3.8,,0.21,17,,600,,,,,,,false,false,,,Menus: 5 of 36; portal id R02866; fat 5.6 g printed (blank: calories-only chain)
peach-tea-cooler,Peach Tea Cooler,Cold Beverages,,164,,,,0.2,,0.04,41,,686,,,,,,,false,false,,,Menus: 1 of 36 (Battle Abbey); portal id R02805; fat 0.9 g printed (blank: calories-only chain)
vanilla-ice-cream-milkshake,Vanilla Ice Cream Milkshake,Cold Beverages,,343,,,,8.5,,0.65,36,,1433,,,,,,,false,false,,,Menus: 1 of 36 (Battle Abbey); portal id R02001; fat 17 g printed (blank: calories-only chain)
caramel-ice-cream-milkshake,Caramel Ice Cream Milkshake,Cold Beverages,,488.5,,,,14.6,,0.8,47.1,,2043.8,,,,,,,false,false,,,Menus: 1 of 36 (Battle Abbey); portal id R03893; fat 26.1 g printed (blank: calories-only chain)
deluxe-chocolate-milkshake,Deluxe Chocolate Milkshake,Cold Beverages,,300,,,,8.0,,0.23,34,,1254,,,,,,,false,false,,,Menus: 2 of 36; portal id R03179; fat 12 g printed (blank: calories-only chain)
deluxe-banana-milkshake,Deluxe Banana Milkshake,Cold Beverages,,313,,,,8.3,,0.29,36,,1309,,,,,,,false,false,,,Menus: 2 of 36; portal id R03180; fat 13 g printed (blank: calories-only chain)
deluxe-strawberry-milkshake,Deluxe Strawberry Milkshake,Cold Beverages,,313,,,,8.3,,0.29,36,,1311,,,,,,,false,false,,,Menus: 2 of 36; portal id R03181; fat 13 g printed (blank: calories-only chain)
homemade-victorian-lemonade,Homemade Victorian Lemonade,Cold Beverages,,97,,,,0.1,,<0.01,23,,408,,,,,,,false,false,,,Menus: 1 of 36 (Carisbrooke Castle); portal id R02543; fat <0.5 g printed (blank: calories-only chain)
large-chocolate-milkshake,Large Chocolate Milkshake,Cold Beverages,,244,,,,3.5,,0.40,37,,1020,,,,,,,false,false,,,Menus: 1 of 36 (Goodrich Castle); portal id R04519; fat 5.2 g printed (blank: calories-only chain)
large-banana-milkshake,Large Banana Milkshake,Cold Beverages,,183,,,,3.3,,0.37,23,,766,,,,,,,false,false,,,Menus: 1 of 36 (Goodrich Castle); portal id R04520; fat 4.8 g printed (blank: calories-only chain)
apple-and-blackcurrant-fruit-slushy,Apple & Blackcurrant Fruit Slushy,Cold Beverages,,169,,,,<0.1,,0.08,40,,705,,,,,,,false,false,,,Menus: 1 of 36 (Stonehenge); portal id R04135; fat <0.5 g printed (blank: calories-only chain)
mango-and-orange-fruit-slushy,Mango & Orange Fruit Slushy,Cold Beverages,,169,,,,<0.1,,0.07,41,,705,,,,,,,false,false,,,Menus: 1 of 36 (Stonehenge); portal id R04136; fat <0.5 g printed (blank: calories-only chain)
strawberry-fruit-slushy,Strawberry Fruit Slushy,Cold Beverages,,178,,,,<0.1,,0.05,49,,746,,,,,,,false,false,,,Menus: 1 of 36 (Stonehenge); portal id R04137; fat <0.5 g printed (blank: calories-only chain)
coffee-frappe,Coffee Frappe,Cold Beverages,,83,,,,2.0,,0.19,8.9,,345,,,,,,,false,false,,,Menus: 1 of 36 (Wrest Park Cafe); portal id R02895; fat 3.3 g printed (blank: calories-only chain)
chocolate-frappe,Chocolate Frappe,Cold Beverages,,223,,,,3.1,,0.36,35,,935,,,,,,,false,false,,,Menus: 1 of 36 (Wrest Park Cafe); portal id R02897; fat 4.6 g printed (blank: calories-only chain)
mocha-frappe,Mocha Frappe,Cold Beverages,,235,,,,3.3,,0.38,36,,985,,,,,,,false,false,,,Menus: 1 of 36 (Wrest Park Cafe); portal id R02894; fat 5.0 g printed (blank: calories-only chain)
